Date,Volume_Ratio_lag_5,RSI_14_lag_5,volume_change,Volume_Ratio_lag_3,ADX_14,daily_return,rolling_std_5d,Volume_lag_1,Volume_Ratio_lag_1,momentum_10d,MACD_diff,momentum_3d,rolling_return_5d,Volume_Ratio,RSI_14_lag_3,Volume_lag_5,Volume,MACD_diff_lag_5,Volatility_10d,Price_Change,Stoch_Oscillator,momentum_7d,day,ATR_14,Volume_lag_3,return_1d,Volume_SMA_5,weekday,momentum_5d,RSI_14,MACD,return_3d,Open,month,MACD_diff_lag_3,target
2016-03-04,0.5890113835726318,55.04096459504032,0.2426259882392658,0.6412103553743627,20.572456849802848,0.0003042596348885,1.0728699828031745,25474600.0,0.8432249001354477,4.040000000000006,-1.107042150306707,2.3900000000000006,0.0216571594314995,1.0077929057115078,34.919740555850325,25656900.0,31655400.0,-0.2364979438965802,1.606976456994199,0.0003786802991574,25.47923322683705,3.1200000000000045,4,2.3211730265624837,23979100.0,0.00037868029915744117,31410620.0,4,-6.939999999999998,41.31948925430924,0.6596111537947564,-0.001214174117652,105.75,3,-1.130143291516256,0
2016-03-07,1.1051827537931818,38.52654090683005,-0.183039860497735,0.8528468520655327,20.735866333733384,-0.006083341782419,1.0555235667667877,31655400.0,1.0077929057115078,1.7399999999999949,-1.0528190519217187,-0.8100000000000023,0.0245853658536585,0.9495219933015177,41.56691842960104,46734200.0,25861200.0,-0.7119801523276008,1.6166920960200266,-0.0061512255133907,20.684039087947816,1.4599999999999935,7,2.260374953236592,29209800.0,-0.006151225513390757,27236020.0,0,-0.5200000000000102,40.03128471013383,0.7044449619250628,-0.0076013133684255,105.13,3,-1.1809203576918044,0
2016-03-08,0.6412103553743627,34.919740555850325,0.1174462128594187,0.8432249001354477,20.978215862865333,-0.0082627767010099,0.692748150484776,25861200.0,0.9495219933015177,2.5700000000000074,-1.0195388838313553,-1.4799999999999898,-0.0155024104357689,1.0240468605487616,41.21138557519042,23979100.0,28898500.0,-1.130143291516256,1.342758768770996,-0.0082841363549799,13.91666666666668,0.7199999999999989,8,2.1874910280054065,25474600.0,-0.008284136354979932,28219900.0,1,0.8700000000000045,38.30969690554852,0.666927917446813,-0.0140418588485404,104.3,3,-1.1715721521674374,1
2016-03-09,0.8528468520655327,41.56691842960104,0.0743602609131961,1.0077929057115078,21.206452076090763,0.00637728862374,0.6293409250955128,28898500.0,1.0240468605487616,2.269999999999996,-0.9005270024948769,-0.8500000000000085,-0.0095436076726826,1.086051137178521,41.31948925430924,29209800.0,31047400.0,-1.1809203576918044,1.1741001282307195,0.0064330292846854,19.49999999999991,2.319999999999993,9,2.0940988117193067,31655400.0,0.006433029284685476,28587420.0,2,-1.0100000000000051,40.43424484406128,0.6793925929416815,-0.0079688298596889,104.54,3,-1.107042150306707,0
2016-03-10,0.8432249001354477,41.21138557519042,0.4247924141796093,0.9495219933015177,20.878554982677972,-0.0015331152902698,0.5539223772335562,31047400.0,1.086051137178521,1.0999999999999943,-0.7849351214445912,-0.35999999999999943,-0.0091829972545678,1.3678566171877802,40.03128471013383,25474600.0,44236100.0,-1.1715721521674374,1.1115354745177453,-0.0015264262545315,18.166666666666604,-1.1300000000000097,10,2.1266631823107844,25861200.0,-0.0015264262545315876,32339720.0,3,-0.9699999999999989,40.079268606500705,0.669450186643445,-0.0034186033675397,105.26,3,-1.0528190519217187,1
2016-03-11,1.0077929057115078,41.31948925430924,-0.2889517837241528,1.0240468605487616,20.249981330224415,0.0175043504964684,0.8785044109166847,44236100.0,1.3678566171877802,3.059999999999988,-0.5487601708134782,2.339999999999989,0.0077600075707391,0.9738249331876961,38.30969690554852,31655400.0,31454000.0,-1.107042150306707,1.128836175497305,0.0174851901394992,33.41666666666659,0.6599999999999966,11,2.1054729550028712,28898500.0,0.01748519013949923,32299440.0,4,0.8199999999999932,45.92649922453832,0.790441746533503,0.0223485238299386,105.79,3,-1.0195388838313553,1
2016-03-14,0.9495219933015177,40.03128471013383,-0.1932695364659502,1.086051137178521,19.443715111876806,0.0017102615694164,1.14440814397665,31454000.0,0.9738249331876961,0.8400000000000034,-0.3534351792911461,1.8500000000000085,-0.4437897590989675,0.7879870244809513,40.43424484406128,25861200.0,25374900.0,-1.0528190519217187,121.96386894851,-0.2995600499047869,34.91666666666665,-65.58,14,2.0165106010740947,31047400.0,0.0016902995586440817,32202180.0,0,1.6500000000000057,46.47971888011017,0.8897890741221914,0.017681496775615,106.09,3,-0.9005270024948769,0
2016-03-15,1.0240468605487616,38.30969690554852,0.04530855294011,1.3678566171877802,18.744470523120214,-0.00040172742794,1.0207007396882297,25374900.0,0.7879870244809513,0.8399999999999892,-0.20718774533151485,1.9699999999999989,0.0238118098895823,0.8360155575307148,40.079268606500705,28898500.0,26524600.0,-1.0195388838313553,0.8799627517370825,-0.0003749882816163,34.583333333333265,0.9599999999999936,15,1.9296169867116593,44236100.0,-0.0003749882816163064,31727400.0,1,2.4799999999999898,46.366195126371075,0.9542943698213548,0.0188128846379448,106.29,3,-0.7849351214445912,1
2016-03-16,1.086051137178521,40.43424484406128,0.1948568498676699,0.9738249331876961,17.497519294412694,0.0089420275293881,1.066972352031725,26524600.0,0.8360155575307148,1.75,-0.035715995851607674,1.0900000000000034,0.0263308528906698,0.9948694993241576,45.92649922453832,31047400.0,31693100.0,-0.9005270024948769,1.089381067905698,0.008909312576198,49.95102840352593,2.5600000000000023,16,1.900358630517969,31454000.0,0.008909312576198092,31856540.0,2,2.760000000000005,49.519699783218535,1.0649547083910846,0.0102505616708644,106.37,3,-0.5487601708134782,0
2016-03-17,1.3678566171877802,40.079268606500705,-0.0652949695675083,0.7879870244809513,16.339636010612853,-0.0005974905397331,0.5268491245130048,31693100.0,0.9948694993241576,1.8900000000000008,0.07820259699214727,0.8499999999999943,0.0273265813109115,1.0238348852528818,46.47971888011017,44236100.0,29623700.0,-0.7849351214445912,1.225202477597621,-0.0005577244841048,93.68029739776945,3.3699999999999903,17,1.8289044426238277,25374900.0,-0.000557724484104849,28934060.0,3,2.8599999999999994,49.32245212428922,1.1347318430723303,0.0079428095617148,107.27,3,-0.3534351792911461,1
2016-05-27,0.9738249331876961,45.92649922453832,-0.0921095317076291,0.8360155575307148,16.230344118027602,0.005167202885834,1.4280511195332348,29623700.0,1.0238348852528818,4.629999999999996,0.3202911082237093,3.5,0.0343758805297267,0.7465080928690632,46.366195126371075,31454000.0,19870000.0,-0.5487601708134782,1.8070368624415445,0.0052026286966044,99.86945169712786,4.269999999999996,27,1.8854112681506974,26524600.0,0.024274553571428603,26617260.0,4,3.6400000000000006,57.2917424345419,0.3380651491563498,0.0152898994543086,109.63,5,-0.20718774533151485,1
2016-05-31,0.7879870244809513,46.47971888011017,0.2262757926522396,0.9948694993241576,16.287213829697027,0.0019398642095054,1.6828695730804994,19870000.0,0.7465080928690632,3.5200000000000102,0.4761309600595006,2.760000000000005,0.0377127809649204,0.9224167628854271,49.519699783218535,25374900.0,24366100.0,-0.3534351792911461,2.019239680892096,0.0019068373740125,97.63888888888887,5.030000000000001,31,1.8028818918542193,31693100.0,0.0019068373740125377,26415500.0,1,3.6700000000000017,57.86586107651388,0.5044019000561093,0.010040478652981,110.28,5,-0.035715995851607674,1
2016-06-01,0.8360155575307148,46.366195126371075,-0.1967733859747764,1.0238348852528818,16.380150129436352,9.680542110368506e-05,1.4943660863389994,24366100.0,0.9224167628854271,4.86999999999999,0.5558937090209447,2.8299999999999983,0.017425779089065,0.7820816723197074,49.32245212428922,26524600.0,19571500.0,-0.20718774533151485,2.0067400318815176,9.062896501710328e-05,96.57064471879286,3.879999999999996,1,1.7233903281503464,29623700.0,9.062896501710327e-05,25024880.0,2,3.719999999999999,57.89488726551633,0.6297722672846078,0.0072038725164431,110.0,6,0.07820259699214727,1
2016-06-02,0.9948694993241576,49.519699783218535,-0.1979868686610633,0.7465080928690632,16.21558497919208,0.0020327170651437,1.2755900595411296,19571500.0,0.7820816723197074,4.719999999999999,0.5965644004881898,0.45000000000000284,0.0122665690223362,0.71918363681515,57.2917424345419,31693100.0,15696600.0,-0.035715995851607674,1.948127591075941,0.0020842772995015,99.72565157750347,4.25,2,1.6760053047110361,19870000.0,0.002084277299501558,21825580.0,3,3.0,58.60129456137445,0.7375721587908828,0.0040693866957528,110.13,6,0.3202911082237093,0
2016-06-03,1.0238348852528818,49.32245212428922,0.2913560898538536,0.9224167628854271,15.933803044071693,-0.0046367851622873,0.20535335400266974,15696600.0,0.71918363681515,4.75,0.5613779840006933,-0.28000000000000114,0.0045637093829864,1.0157896688619592,57.86586107651388,29623700.0,20269900.0,0.07820259699214727,1.580315017822635,-0.0047024778440947,92.5925925925927,1.6000000000000083,3,1.6448620686602475,24366100.0,-0.004702477844094721,19954820.0,4,2.5400000000000063,56.301441717564764,0.7753347842297984,-0.0025072626760399,110.37,6,0.4761309600595006,1
2016-06-06,0.7465080928690632,57.2917424345419,-0.3832036665203084,0.7820816723197074,15.852332928417084,0.0035908385093166,0.19292485583808047,20269900.0,1.0157896688619592,3.989999999999995,0.5379230886702606,0.10999999999999943,0.002996458730591,0.676489208010259,57.89488726551633,19870000.0,12502400.0,0.3202911082237093,1.3081917120803497,0.0036343812465926,96.10215053763432,1.2199999999999989,6,1.5766576351845154,19571500.0,0.003634381246592655,18481300.0,0,0.3299999999999983,57.6774038127663,0.8256008322605339,0.0009867704121729,110.26,6,0.5558937090209447,0
2016-06-07,0.9224167628854271,57.86586107651388,-0.0254431149219349,0.71918363681515,15.776682106737804,-0.0025142636108692,0.209236708060857,12502400.0,0.676489208010259,3.850000000000009,0.4784287809685842,-0.3999999999999915,-0.0014500634402754,0.7593858250638519,58.60129456137445,24366100.0,12184300.0,0.4761309600595006,0.6617183019315938,-0.0025348542458807,92.33870967741944,0.6200000000000045,7,1.4997535183856214,15696600.0,-0.0025348542458807355,16044940.0,1,-0.1599999999999966,56.340071077823765,0.8348337663898917,-0.00356021026384,110.52,6,0.5965644004881898,1
2016-06-08,0.7820816723197074,57.89488726551633,0.1956944592631502,1.0157896688619592,15.5679521785831,0.0017450315075131,0.21000000000034372,12184300.0,0.7593858250638519,1.9100000000000108,0.42836832373776523,0.3100000000000023,0.0001812415043045,0.9683815484586271,56.301441717564764,19571500.0,14568700.0,0.5558937090209447,0.419763160736158,0.0017244508985296,94.89247311827963,0.2400000000000091,8,1.4383425527866485,20269900.0,0.0017244508985296836,15044380.0,2,0.020000000000010232,57.06751587602855,0.846912745934091,0.0028216064059605,110.37,6,0.5613779840006933,0
2016-06-09,0.71918363681515,58.60129456137445,0.206119969523705,0.676489208010259,15.164135904927344,-0.0016452143617535,0.16053037095872796,14568700.0,0.9683815484586271,0.9500000000000028,0.3622561994346888,-0.269999999999996,-0.003526858383071,1.1395788935741904,57.6774038127663,15696600.0,17571600.0,0.5965644004881898,0.281417049155949,-0.0016308779559663,89.41398865784495,-0.1500000000000056,9,1.3827466561590316,12502400.0,-0.0016308779559663922,15419380.0,3,-0.39000000000000057,56.113646085855436,0.8331636530307378,-0.0024144464651096,109.92,6,0.5379230886702606,0
2016-06-10,1.0157896688619592,56.301441717564764,0.8760386077534204,0.7593858250638519,14.270181140336751,-0.0113416052733618,0.6198144883754755,17571600.0,1.1395788935741904,-0.6200000000000045,0.22043835254395894,-1.240000000000009,-0.0101762674904597,1.8356312366357805,56.340071077823765,20269900.0,32965000.0,0.5613779840006933,0.4569950157764731,-0.0113440421090843,62.2916666666666,-1.4099999999999966,10,1.4004076092905289,12184300.0,-0.011344042109084351,17958400.0,4,-1.1200000000000045,49.87863949964607,0.7195634958781767,-0.0112417881276022,109.19,6,0.4784287809685842,0
2016-06-13,0.676489208010259,57.6774038127663,-0.2369270438343698,0.9683815484586271,13.905392194106783,-0.0083341504069025,1.0199362725191063,32965000.0,1.8356312366357805,-2.0999999999999943,0.05979953337823138,-2.3400000000000034,-0.0219989136338946,1.2277257006978426,57.06751587602855,12502400.0,25154700.0,0.5379230886702606,0.8147664968839636,-0.0083532219570405,43.33333333333332,-2.549999999999997,13,1.3753784943412053,14568700.0,-0.00835322195704058,20488860.0,0,-2.4299999999999926,45.88173033328109,0.5545541021446638,-0.0213209700420179,108.32,6,0.42836832373776523,0
2016-06-14,0.7593858250638519,56.340071077823765,-0.0225087160649898,1.1395788935741904,13.990634243711487,0.0,1.1308934520989082,25154700.0,1.2277257006978426,-2.3100000000000023,-0.046277175401639364,-2.1599999999999966,-0.0195135233254675,1.0704754524438718,56.113646085855436,12184300.0,24588500.0,0.4784287809685842,0.9986262786671488,0.0,38.321995464852584,-2.030000000000001,14,1.3614228876025483,17571600.0,0.0,22969700.0,1,-2.1500000000000057,45.88173033328109,0.4189535332406819,-0.0196757556802643,107.74,6,0.3622561994346888,0
2016-06-15,0.9683815484586271,57.06751587602855,0.0006995140004473,1.8356312366357805,14.052024815064536,-0.0028673126359501,1.0082509608228565,24588500.0,1.0704754524438718,-2.6299999999999955,-0.13227269481749143,-1.2199999999999989,-0.0240101476850593,0.9851303794275557,49.87863949964607,14568700.0,24605700.0,0.42836832373776523,1.1489821582601671,-0.0028695732666852,21.90721649484524,-2.739999999999995,15,1.3284641099166514,32965000.0,-0.0028695732666852436,24977100.0,2,-2.6500000000000057,44.47372954326257,0.2848054689057591,-0.0112014630428527,108.29,6,0.22043835254395894,1
2016-06-16,1.1395788935741904,56.113646085855436,0.3037588851363708,1.2277257006978426,14.765492164614413,0.0029747149231533,0.46094468214769774,24605700.0,0.9851303794275557,-2.539999999999992,-0.1606670821160069,0.010000000000005116,-0.0195117524276249,1.1506932159106071,45.88173033328109,17571600.0,32079900.0,0.3622561994346888,1.1536396510369569,0.0029706646862235,36.23529411764721,-2.140000000000001,16,1.3507166734940337,25154700.0,0.002970664686223534,27878760.0,3,-2.1499999999999915,46.30547891578811,0.2003896866615377,0.0001074022872031,107.19,6,0.05979953337823138,0
2016-06-17,1.8356312366357805,49.87863949964607,-0.0894984086608748,1.0704754524438718,15.581209122991,-0.011764705882353,0.6690814599137286,32079900.0,1.1506932159106071,-3.5700000000000074,-0.27044255358032415,-1.5400000000000063,-0.0224894437304938,1.076722088860316,45.88173033328109,32965000.0,29208800.0,0.22043835254395894,1.387333573602516,-0.0143465383191411,5.543237250554317,-3.8800000000000097,17,1.382808339673032,24588500.0,-0.014346538319141122,27127520.0,4,-2.450000000000003,39.50705011163278,0.0370395474484013,-0.0116573035951498,107.53,6,-0.046277175401639364,1
2016-08-29,1.2277257006978426,45.88173033328109,-0.5319342149313693,0.9851303794275557,17.358260167610958,0.0013683634373289,4.238482039598621,29208800.0,1.076722088860316,-0.7600000000000051,0.34095685871982345,9.219999999999999,-0.0034938219002982,0.45964914299428444,44.47372954326257,25154700.0,11184900.0,0.05979953337823138,0.3020301677345922,0.0013700976194552,97.18437783832877,-0.3500000000000085,29,2.0526077439821013,24605700.0,0.09813127993238813,24333560.0,0,8.909999999999997,70.71936362242035,0.958704442916286,0.00118834802153,116.81,8,-0.13227269481749143,0
2016-08-30,1.0704754524438718,45.88173033328109,0.7741151016102066,1.1506932159106071,18.646274193152042,-0.0032795845859524,5.146474521456401,11184900.0,0.45964914299428444,-0.4899999999999949,0.680401740407094,8.519999999999996,-0.0085062946580469,0.8485656323071844,46.30547891578811,24588500.0,19843300.0,-0.046277175401639364,0.3458146581296794,-0.0032495296733366,93.73297002724797,-0.7000000000000028,30,1.972421476554809,32079900.0,-0.003249529673336693,23384520.0,1,8.530000000000001,69.31873241225394,0.8643907588067776,-0.0004494999719378,116.75,8,-0.1606670821160069,0
2016-08-31,0.9851303794275557,44.47372954326257,-0.1851254579631411,1.076722088860316,19.71859489979812,-0.001005392560095,5.17098443238806,19843300.0,0.8485656323071844,-0.8200000000000074,0.8466383487319734,9.950000000000003,-0.0030821917808219,0.7452434261526989,39.50705011163278,24605700.0,16169800.0,-0.13227269481749143,0.3833028973418925,-0.0010295126973233,92.64305177111714,-0.9099999999999966,31,1.875105656800894,29208800.0,-0.0010295126973233204,21697340.0,2,8.719999999999999,68.85496200710489,0.7718727355436812,-0.0029166137087185,116.38,8,-0.27044255358032415,1
2016-09-01,1.1506932159106071,46.30547891578811,0.295297406275897,0.45964914299428444,20.811737743809594,0.0025617566331199,4.556553522126068,16169800.0,0.7452434261526989,-0.5500000000000114,0.9204707279631534,-0.20000000000000284,0.0011148272017835,1.0757255923123938,70.71936362242035,32079900.0,20944700.0,-0.1606670821160069,0.3697506667406285,0.0025764342150462,95.3678474114441,-0.8200000000000074,1,1.810455252743687,11184900.0,0.002576434215046275,19470300.0,3,8.699999999999989,69.40603967275106,0.7129270166276456,-0.0017232205129275,116.48,9,0.34095685871982345,1
2016-09-02,1.076722088860316,39.50705011163278,-0.1363829512955544,0.8485656323071844,22.035338858455507,0.0032852710348603,0.2760434748354221,20944700.0,1.0757255923123938,-0.1400000000000005,0.9355229853685874,0.5600000000000023,0.0029114574413426,1.0488235655664038,69.31873241225394,29208800.0,18088200.0,-0.27044255358032415,0.3572114219892542,0.0032550967962996,96.11307420494701,0.3200000000000074,2,1.7439941632619949,19843300.0,0.00325509679629965,17246180.0,4,10.63000000000001,70.1270623153577,0.6873378976292912,0.0048416351078852,117.32,9,0.680401740407094,1
2016-09-06,0.45964914299428444,70.71936362242035,0.0241593967337823,0.7452434261526989,23.26116430690765,0.006185191922867,0.5689639707390874,18088200.0,1.0488235655664038,0.5,0.9331478731836411,1.4099999999999966,0.0077817684282537,0.9898986012790261,68.85496200710489,11184900.0,18525200.0,0.34095685871982345,0.4513436729485499,0.0062329234972675,100.0,1.2399999999999949,6,1.6758517230289947,16169800.0,0.006232923497267562,18714240.0,1,0.9099999999999966,71.51586389943427,0.7137015463043213,0.0120322195908473,117.32,9,0.8466383487319734,1
2016-09-07,0.8485656323071844,69.31873241225394,-0.0528091464599572,1.0757255923123938,24.485726589720336,0.0006327969625745,0.6586956808717925,18525200.0,0.9898986012790261,0.3599999999999994,0.8757276397900668,1.1800000000000068,0.0116678105696637,0.9612127334160141,69.40603967275106,19843300.0,17546900.0,0.680401740407094,0.5160146423413602,0.0005939753924479,98.3164983164983,1.1400000000000006,7,1.6025765999554955,20944700.0,0.0005939753924479874,18254960.0,2,1.3599999999999994,71.65195984046655,0.7318075212342734,0.0101032599203019,117.96,9,0.9204707279631534,0
2016-09-08,0.7452434261526989,68.85496200710489,0.146943334720093,1.0488235655664038,25.203929420275156,-0.0058722558496702,0.5029612311094476,17546900.0,0.9612127334160141,0.4300000000000068,0.7363188694070879,0.10999999999999943,0.0067846100996222,1.0566647380088061,70.1270623153577,16169800.0,20125300.0,0.8466383487319734,0.5176324307198082,-0.0058514246947082,92.50841750841751,0.2900000000000062,8,1.5595354142443887,18088200.0,-0.005851424694708229,19046060.0,3,0.7900000000000063,68.19321123759414,0.6858015754246054,0.0009457330357713,117.57,9,0.9355229853685874,0
2016-09-09,1.0757255923123938,69.40603967275106,1.5248468345813475,0.9898986012790261,24.153754926818866,-0.0251726644856417,1.4968800887175948,20125300.0,1.0566647380088061,-2.3299999999999983,0.4069231706532963,-3.569999999999993,-0.0210724687339386,2.0309251320355335,71.51586389943427,20944700.0,50813300.0,0.9204707279631534,1.0112390639428694,-0.0251642071142199,67.67676767676768,-2.280000000000001,9,1.6602828846555036,18525200.0,-0.02516420711421996,25019780.0,4,-2.4599999999999937,55.79301957104196,0.4209729674492166,-0.0304121233727373,116.25,9,0.9331478731836411,1
2016-09-12,1.0488235655664038,70.1270623153577,-0.2197712016342178,0.9612127334160141,22.834564824220788,0.0179919828470216,1.5068742482367978,50813300.0,2.0309251320355335,-0.4500000000000028,0.29387567155468686,-1.5900000000000034,-0.006745218579235,1.351660033261351,71.65195984046655,18088200.0,39646000.0,0.9355229853685874,1.021496179358523,0.0179383969198458,84.93265993265989,-0.1099999999999994,12,1.7459769643229675,17546900.0,0.01793839691984589,29331340.0,0,-0.7900000000000063,61.088246605644315,0.3626488675545545,-0.0130529374882902,113.64,9,0.8757276397900668,0
2016-09-13,0.9898986012790261,71.51586389943427,0.1568354941229883,1.0566647380088061,21.609602586094002,-0.008974358974359,1.462036251260304,39646000.0,1.351660033261351,-1.6499999999999917,0.1244907860467146,-1.9399999999999977,-0.0217225286380992,1.317963003619636,68.19321123759414,18525200.0,45863900.0,0.9331478731836411,1.1147814932879994,-0.0089400842431014,76.17845117845121,-1.4499999999999886,13,1.735550038299898,20125300.0,-0.008940084243101443,34799080.0,1,-2.559999999999988,57.336049354345164,0.2346439588900324,-0.0161550406129791,115.75,9,0.7363188694070879,1
2016-09-14,0.9612127334160141,71.65195984046655,-0.3846620108625738,2.0309251320355335,20.671468479805505,0.0048050267972648,1.1065396513452788,45863900.0,1.317963003619636,-0.7199999999999989,0.029860499554269504,1.5600000000000023,-0.0176390773405699,0.7641131248500707,55.79301957104196,17546900.0,28221800.0,0.8757276397900668,1.138919565982354,0.0047705785410703,80.80808080808082,-1.2800000000000011,14,1.6958678927070476,50813300.0,0.004770578541070325,36934060.0,2,-2.0799999999999983,58.7780663998355,0.1731626890372979,0.0138226506699273,115.41,9,0.4069231706532963,1
2016-09-15,1.0566647380088061,68.19321123759414,0.3649519166034767,1.351660033261351,20.46514395336076,0.0155416590031267,1.2459654890884115,28221800.0,0.7641131248500707,1.2000000000000028,0.06674964512800008,1.3100000000000023,0.0034973982768915,0.9484927097737489,61.088246605644315,20125300.0,38521400.0,0.7363188694070879,1.1933445064652322,0.0155386740331491,95.95959595959592,-0.2099999999999937,15,1.7161630432279722,39646000.0,0.015538674033149125,40613280.0,3,0.4099999999999966,63.16593374729987,0.2578350538075398,0.0113723268260325,115.87,9,0.29387567155468686,0
2016-09-16,2.0309251320355335,55.79301957104196,-0.2836059956284039,1.317963003619636,20.273556893090642,-0.0005433306166802,0.9810555539821816,38521400.0,0.9484927097737489,0.5500000000000114,0.046778719647341926,2.0,0.0263388169408471,0.7672104914328417,57.336049354345164,50813300.0,27596500.0,0.4069231706532963,1.2118163593913551,-0.0029751785107106,81.5144766146994,-0.6299999999999955,16,1.6600085401402604,45863900.0,-0.0029751785107106077,35969920.0,4,3.010000000000005,61.78867904580718,0.3164491851368467,0.0198033551837113,117.22,9,0.1244907860467146,1
2016-11-28,1.351660033261351,61.088246605644315,0.8818059976545485,0.7641131248500707,20.843349994657814,-0.0023255813953487,1.3295375135735215,27596500.0,0.7672104914328417,2.730000000000004,0.09357937941213601,2.6899999999999977,0.0103136720081828,0.438533705181979,58.7780663998355,39646000.0,13479000.0,0.29387567155468686,1.3685438327732449,-0.0022727272727272,89.908256880734,1.6200000000000043,28,1.6692936444159554,28221800.0,0.010572086281865456,30736520.0,0,2.200000000000003,64.72333496477039,0.3640822761962852,-0.0031169506235485,118.65,11,0.029860499554269504,1
2016-11-29,1.317963003619636,57.336049354345164,0.3764374211736776,0.9484927097737489,21.547206486821256,0.0034965034965035,1.2087472854154582,13479000.0,0.438533705181979,4.310000000000002,0.126595860005422,1.2999999999999972,0.0033743883921038,0.7340646679596777,63.16593374729987,45863900.0,18553000.0,0.1244907860467146,0.9397068100680293,0.0034590399055092,90.30612244897948,1.1799999999999926,29,1.6364869555291022,38521400.0,0.0034590399055092202,25274340.0,1,3.6499999999999915,65.66237107927202,0.426463971870973,0.0044013600049596,118.64,11,0.06674964512800008,0
2016-11-30,0.7641131248500707,58.7780663998355,0.6388346898075783,0.7672104914328417,21.575896055808602,-0.0121504511748415,0.7152272366173107,18553000.0,0.7340646679596777,1.2800000000000011,0.030890690032741697,0.20999999999999375,-0.0117746005046257,1.18257760090607,61.78867904580718,28221800.0,30405300.0,0.029860499554269504,0.7286334240658837,-0.0121069446779888,65.81632653061222,0.1800000000000068,30,1.6388807444198807,27596500.0,-0.012106944677988896,25711040.0,2,1.6599999999999966,59.65599921011861,0.3619885029907834,-0.0109795290736868,119.09,11,0.046778719647341926,0
2016-12-01,0.9484927097737489,63.16593374729987,0.3088704929732646,0.438533705181979,20.235076034891282,-0.0172741249886949,1.3498999962957365,30405300.0,1.18257760090607,-1.4399999999999975,-0.1782005213902096,-3.0600000000000023,-0.0249113325451781,1.5326379646061323,64.72333496477039,38521400.0,39796600.0,0.06674964512800008,1.0671957021399634,-0.0172765957446808,31.29251700680273,-3.0700000000000074,1,1.6796749769613173,13479000.0,-0.017276595744680878,25966080.0,3,-2.1700000000000017,52.38166597852423,0.1549836370249551,-0.025928072667033,117.46,12,0.09357937941213601,1
2016-12-02,0.7672104914328417,61.78867904580718,-0.1738791756079665,0.7340646679596777,18.95019892903053,0.0020246640898213,1.5910279695841996,39796600.0,1.5326379646061323,-2.0600000000000023,-0.3027649248694617,-3.239999999999995,-0.026094276094276,1.2166615967499244,65.66237107927202,27596500.0,32876800.0,0.046778719647341926,1.2966778062929614,0.0019918593574088,35.20408163265313,-3.200000000000003,2,1.6268410500355088,18553000.0,0.001991859357408865,27022140.0,4,-1.5900000000000034,53.07976293839272,0.0085839997351797,-0.0273999120737151,115.54,12,0.126595860005422,1
2016-12-05,0.438533705181979,64.72333496477039,-0.3484858623710336,1.18257760090607,18.244860971095452,0.0077149155033064,1.4212388961744655,32876800.0,1.2166615967499244,-0.7199999999999989,-0.32437179355803014,-0.9000000000000057,-0.0162827976039822,0.7486714565533787,59.65599921011861,13479000.0,21419700.0,0.09357937941213601,1.3460807306149007,0.0077787381158167,50.51020408163255,-1.8200000000000076,5,1.6077809750329723,30405300.0,0.007778738115816752,28610280.0,0,-1.9300000000000068,55.80979011722047,-0.0392058471412468,-0.007534545395567,116.3,12,0.030890690032741697,1
2016-12-06,0.7340646679596777,65.66237107927202,0.2742148582846631,1.5326379646061323,17.60074368889156,0.0024608093328473,0.8412490713214489,21419700.0,0.7486714565533787,-1.6600000000000108,-0.3191418489341695,1.4099999999999966,-0.0173196569699007,0.8990379579384117,52.38166597852423,18553000.0,27293300.0,0.126595860005422,1.3387987982597214,0.0024013722126929,55.272108843537325,-1.9200000000000017,6,1.5422251911020457,39796600.0,0.002401372212692987,30358340.0,1,-2.0600000000000023,56.65477366536347,-0.0546627830456714,0.0122003889259751,116.93,12,-0.1782005213902096,1
2016-12-07,1.18257760090607,59.65599921011861,-0.0245811243052324,1.2166615967499244,17.74098803143722,0.0126375125011364,1.1470483860758498,27293300.0,0.8990379579384117,-0.5400000000000063,-0.2200566865701179,2.6599999999999966,0.0073191489361701,0.8993519304257585,53.07976293839272,30405300.0,26622400.0,0.030890690032741697,1.2893495345412298,0.0126625598904859,80.44217687074824,-0.1700000000000017,7,1.5906376774518995,32876800.0,0.012662559890485925,29601760.0,2,0.8599999999999994,60.9095896832797,0.0447332105681823,0.0228132373372902,116.64,12,-0.3027649248694617,1
2016-12-08,1.5326379646061323,52.38166597852423,-0.3021515716088707,0.7486714565533787,18.043284398818752,0.0017956545160711,1.2178341430585908,26622400.0,0.8993519304257585,0.1499999999999914,-0.1478859792926872,1.9699999999999989,0.0268468000346409,0.7326410632964905,55.80979011722047,39796600.0,18578400.0,-0.1782005213902096,1.3017957682454189,0.0017742480567759,84.0136054421767,-0.3700000000000045,8,1.5263064147767638,21419700.0,0.001774248056775951,25358120.0,3,3.0999999999999943,61.48726804484314,0.138052200316153,0.0168939763500548,118.41,12,-0.32437179355803014,1
2016-12-09,1.2166615967499244,53.07976293839272,0.1768020927528744,0.8990379579384117,18.63958954148297,0.0077970962538089,1.2162729956713305,18578400.0,0.7326410632964905,0.7000000000000028,-0.050082258766047216,2.6200000000000045,0.0328435609334485,0.9441909396434004,56.65477366536347,32876800.0,21863100.0,-0.3027649248694617,1.3930003589372977,0.0078434679935903,99.16839916839903,2.0,9,1.4865702422927103,27293300.0,0.00784346799359037,23155380.0,4,3.799999999999997,64.02292260929414,0.2789938338757736,0.0222302632710165,119.01,12,-0.3191418489341695,0
2016-12-12,0.7486714565533787,55.80979011722047,0.063861026112491,0.8993519304257585,18.777833281431153,-0.0044464206313917,0.9810606505203152,21863100.0,0.9441909396434004,0.4299999999999926,-0.03503711298543011,0.5999999999999943,0.0202401372212692,0.9887770848477893,60.9095896832797,21419700.0,23259300.0,-0.32437179355803014,1.4308490098149118,-0.0045188284518828,86.5740740740738,3.489999999999995,12,1.4539580821289453,26622400.0,-0.004518828451882895,23523300.0,0,2.3599999999999994,61.49132258862098,0.3463527338569463,0.0051463301384883,118.97,12,-0.2200566865701179,1
2016-12-13,0.8990379579384117,56.65477366536347,1.3421986044291965,0.7326410632964905,19.762089242661744,0.0125949084412684,0.8416056083459771,23259300.0,0.9887770848477893,1.519999999999996,0.057615760897492097,1.8900000000000006,0.0306297056810402,1.8811286654590331,61.48726804484314,27293300.0,54477900.0,-0.3191418489341695,1.647658270933981,0.0126092804303967,88.96434634974524,4.759999999999991,13,1.5036753619768781,18578400.0,0.012609280430396774,28960220.0,1,3.5799999999999983,65.56462449754306,0.507658393570324,0.0159455840636856,119.32,12,-0.1478859792926872,0
2016-12-14,0.8993519304257585,60.9095896832797,-0.472336488741306,0.9441909396434004,20.676041206661584,-0.0021171489061396,0.8022156817212193,54477900.0,1.8811286654590331,2.7099999999999937,0.08224240883835221,0.7099999999999937,0.0156302805001689,0.9782562087926673,64.02292260929414,26622400.0,28746000.0,-0.2200566865701179,1.8079051720459265,-0.0020753777187447,84.71986417657037,3.61,14,1.4776985504071012,21863100.0,-0.0020753777187447753,29384940.0,2,1.8499999999999943,64.34304139635468,0.6091068917096436,0.0060313389037369,120.61,12,-0.050082258766047216,1
2016-12-15,0.7326410632964905,61.48726804484314,-0.2081576567174563,0.9887770848477893,21.5730195061818,0.0015912305516265,0.6525181989795249,28746000.0,0.9782562087926673,4.930000000000007,0.09083289166116915,1.440000000000012,0.0154339208906133,0.7531768542624311,61.49132258862098,18578400.0,22762300.0,-0.1478859792926872,1.6880376509753188,0.0015805673404876,87.94567062818346,3.5200000000000102,15,1.4457200825208798,23259300.0,0.0015805673404876153,30221720.0,3,1.8300000000000125,64.87862008141926,0.696006918551447,0.0120689900867553,120.37,12,-0.03503711298543011,0
2016-12-16,0.9441909396434004,64.02292260929414,0.1547119579304376,1.8811286654590331,21.777628919613527,-0.0037069726390115,0.6383416013385671,22762300.0,0.7531768542624311,3.899999999999992,0.025535375842267394,-0.8599999999999994,0.0008368200836819,0.8449817204978608,65.56462449754306,21863100.0,26283900.0,-0.050082258766047216,1.3741680311289537,-0.0066445182724252,74.36332767402368,1.2399999999999949,16,1.429597219483674,54477900.0,-0.006644518272425293,31105880.0,4,0.09999999999999432,60.7416119885322,0.7226550088856101,-0.0042328909935246,120.34,12,0.057615760897492097,1
2017-01-13,0.9887770848477893,61.49132258862098,-0.1371741623136705,0.9782562087926673,23.13344169810933,0.003453038674033,1.3808982583809677,26283900.0,0.8449817204978608,17.61999999999999,0.19553611155960193,2.950000000000003,-0.6025558280624759,0.5673826364318177,64.34304139635468,23259300.0,16930800.0,-0.03503711298543011,142.59317422108572,0.1640831758034027,97.42331288343549,-256.85,13,1.5967688466634122,28746000.0,0.02976588628762533,29840180.0,4,4.200000000000003,69.93038183765617,1.1097776094089795,0.0045806936006606,122.8,1,0.08224240883835221,1
2017-03-02,1.8811286654590331,65.56462449754306,-0.2271033323261201,0.7531768542624311,26.093107027904406,-0.0050781879735611,4.650634365331231,16930800.0,0.5673826364318177,1.490000000000009,0.7627595621245948,10.379999999999995,0.0059226213368204,0.8699151685118911,64.87862008141926,54477900.0,19951400.0,0.057615760897492097,0.5881458624783624,-0.0050213024954351,95.99012954966067,0.3300000000000125,2,2.0734282147588834,22762300.0,0.06187073725235459,22934880.0,3,10.320000000000007,80.46829670776721,1.710563412256178,0.0028350469867497,131.41,3,0.09083289166116915,1
2017-03-03,0.9782562087926673,64.34304139635468,-0.3121936305221688,0.8449817204978608,28.667235948343464,0.0018634043587457,5.553244096922094,19951400.0,0.8699151685118911,1.7700000000000102,1.0765068819955288,11.420000000000016,0.0058344848764011,0.688537306662947,60.7416119885322,28746000.0,13722700.0,0.08224240883835221,0.4985634919951107,0.0018351429882246,97.47069710055524,0.5200000000000102,3,1.9767547708475346,26283900.0,0.001835142988224625,19930220.0,4,10.810000000000016,80.69774027249504,1.674648953752751,0.0077043819653671,130.69,3,0.025535375842267394,0
2017-03-06,0.7531768542624311,64.87862008141926,-0.123627274515948,0.5673826364318177,30.97235305135937,-0.002183406113537,5.335037019552934,13722700.0,0.688537306662947,0.9199999999999876,1.1786561820832397,7.569999999999993,0.0023769360527525,0.6762750941910813,69.93038183765617,22762300.0,12026200.0,0.09083289166116915,0.4450480623174903,-0.0022134025339644,95.53001277139197,0.7199999999999989,6,1.893415144358425,16930800.0,-0.0022134025339644037,17783000.0,0,10.329999999999984,79.48272992174871,1.6058880651389131,-0.0053981897283524,130.59,3,0.19553611155960193,0
2017-03-07,0.8449817204978608,60.7416119885322,0.2889275082736027,0.8699151685118911,33.134736885252366,-0.0017019207391197,3.4036524499426233,12026200.0,0.6762750941910813,0.0600000000000022,1.1446059482120026,-0.27000000000001023,0.0037686509767727,0.9919687196027236,80.46829670776721,26283900.0,15500900.0,0.025535375842267394,0.4437579420200659,-0.001682857798516,93.9233817701452,0.25,7,1.8153140626185384,19951400.0,-0.0016828577985160686,15626400.0,1,10.909999999999997,78.51692096019727,1.5169627186165116,-0.002021922493911,130.47,3,0.7627595621245948,1
2017-03-08,0.5673826364318177,69.93038183765617,0.0177473566051002,0.688537306662947,35.15521752300219,0.001704822211398,0.1814662503073268,15500900.0,0.9919687196027236,0.2400000000000091,1.0530826148356134,-0.28000000000000114,-0.0053256238587947,1.0247190077061779,80.69774027249504,16930800.0,15776000.0,0.19553611155960193,0.4460954058336369,0.0017623170638265,95.44253632760899,0.3200000000000216,8,1.7349344867172143,13722700.0,0.0017623170638265684,15395440.0,2,7.5800000000000125,78.806857961711,1.446756675402483,-0.0021805046412588,130.59,3,1.0765068819955288,1
2017-03-09,0.8699151685118911,80.46829670776721,0.3219637423935091,0.6762750941910813,36.77959314927948,0.0008104384471998,0.18539147769140582,15776000.0,1.0247190077061779,0.8300000000000125,0.9196375759068669,0.11000000000001364,0.0004587857470561,1.33891919862457,79.48272992174871,19951400.0,20855300.0,0.7627595621245948,0.4004497471527971,0.0007648768548262,95.54716981132071,0.8199999999999932,9,1.6738677376659865,12026200.0,0.0007648768548262908,15576220.0,3,0.060000000000002274,78.93994125594664,1.3832418931076944,0.000813339919478,130.71,3,1.1786561820832397,1
2017-03-10,0.688537306662947,80.69774027249504,0.0511764395621257,0.9919687196027236,38.410890018366736,0.0042108672767027,0.32919599025597307,20855300.0,1.33891919862457,1.1299999999999957,0.79353414220332,0.8799999999999955,0.0028239963364369,1.2733704301762294,78.51692096019727,13722700.0,21922600.0,1.0765068819955288,0.4284714433570506,0.0042036074594924,98.40060929169833,-0.0500000000000113,10,1.610020042118416,15500900.0,0.004203607459492442,17216200.0,4,0.3699999999999761,79.69516398671483,1.3591976403911872,0.0067261279353005,131.44,3,1.1446059482120026,1
2017-03-13,0.6762750941910813,79.48272992174871,-0.5104777717971408,1.0247190077061779,39.93439728235757,0.0016934118216271,0.4625689137854399,21922600.0,1.2733704301762294,1.190000000000026,0.6557743809098318,0.8700000000000045,0.0067314311940642,0.6328609305265939,78.806857961711,12026200.0,10731600.0,1.1786561820832397,0.4770930493860005,0.0016744044447829,99.77220956719837,0.8300000000000125,13,1.521447181967099,15776000.0,0.001674404444782951,16957280.0,0,0.8800000000000239,80.00405276533023,1.34162225560884,0.0067147175455297,131.34,3,1.0530826148356134,0
2017-03-14,0.9919687196027236,78.51692096019727,0.3063942003056394,1.33891919862457,40.8937533859755,-0.0024955723715988,0.3708503741411906,10731600.0,0.6328609305265939,1.2699999999999818,0.48197407270262094,0.44999999999998863,0.0059765535208029,0.841466078948253,78.93994125594664,15500900.0,14019700.0,1.1446059482120026,0.3718796101415867,-0.0024314261834208,97.15909090909096,0.2699999999999818,14,1.4734866689694506,20855300.0,-0.0024314261834208484,16661040.0,1,0.7800000000000011,78.14196999465861,1.2878338800031912,0.0034087067267311,131.31,3,0.9196375759068669,1
2017-03-15,1.0247190077061779,78.806857961711,0.6197992824382832,1.2733704301762294,42.0553560466454,0.0062141877168913,0.46079279508331705,14019700.0,0.841466078948253,0.6599999999999966,0.36571059096785996,0.710000000000008,0.0104023252256386,1.258285007585471,79.69516398671483,15776000.0,22709100.0,1.0530826148356134,0.4911765919086912,0.0061695483281285,97.62452107279692,1.3700000000000043,15,1.4589519069002048,21922600.0,0.006169548328128549,18047660.0,2,1.3599999999999852,79.4460437247512,1.2924403221354908,0.0054120271669196,131.56,3,0.79353414220332,0
2017-03-16,1.33891919862457,78.93994125594664,-0.1872289082350247,0.6328609305265939,43.13398708869602,-0.0007218479307026,0.3627671429453545,22709100.0,1.258285007585471,1.2299999999999898,0.2333353753729357,0.39999999999997726,0.0089422195047386,1.0506168580936086,80.00405276533023,20855300.0,18457300.0,0.9196375759068669,0.552090974784951,-0.0006813020439061,96.93486590038309,1.5,16,1.4004553421216177,10731600.0,-0.0006813020439061512,17568060.0,3,1.1699999999999875,78.88290396313838,1.274141206174917,0.0029967674145898,132.35,3,0.6557743809098318,0
2017-03-17,1.2733704301762294,79.69516398671483,0.1504662112009882,0.841466078948253,44.04559137174778,-0.0003210530540171,0.3257299494991891,18457300.0,1.0506168580936086,0.6699999999999875,0.08259108347437305,0.4000000000000057,0.0022832787883402,1.2182423392639543,78.14196999465861,21922600.0,21234500.0,0.79353414220332,0.5650850476748119,-0.0024240587834254,94.48275862068965,0.9499999999999886,17,1.3304228176843584,14019700.0,-0.0024240587834254423,17430440.0,4,0.30000000000001137,76.79846767712945,1.2420932810642284,0.0051712867321714,131.9,3,0.48197407270262094,0
2017-04-12,0.6328609305265939,80.00405276533023,-0.5276508064325132,1.258285007585471,44.06179549284156,-0.004021879021879,0.49615521764939774,21234500.0,1.2182423392639543,-17.940000000000026,-0.10067051521238835,-1.1800000000000068,-0.6464965573106521,0.8636028050636638,79.4460437247512,10731600.0,15955200.0,0.6557743809098318,134.44559701480412,-0.5775138763392281,84.49531737773144,-161.53,12,1.3003926164211899,22709100.0,-0.005847065077074998,18475160.0,2,-0.6900000000000261,71.87671925458808,0.4692847723443805,-0.0079461139213963,131.43,4,0.36571059096785996,1
2017-05-30,0.841466078948253,78.14196999465861,0.465996707961535,1.0506168580936086,46.01927668578959,0.0008984725965859,4.344982163369739,15955200.0,0.8636028050636638,2.300000000000012,0.4196426505868862,9.330000000000013,0.0168345323741008,1.0290839984796656,78.88290396313838,14019700.0,20306400.0,0.48197407270262094,1.7560574528669912,0.0008497379974508,98.5048372911171,4.0800000000000125,30,1.9639360009625337,18457300.0,0.07959058967308286,19732500.0,1,10.050000000000011,85.45819317808656,1.5745673471539303,0.0111711707907427,141.15,5,0.2333353753729357,0
2017-05-31,1.258285007585471,79.4460437247512,0.6364003466887287,1.2182423392639543,47.528571524508756,-0.0003740275284261,5.368654393793808,20306400.0,1.0290839984796656,1.6699999999999875,0.6845397816732364,9.599999999999994,0.0154520626706913,1.5217323607747741,76.79846767712945,22709100.0,33229400.0,0.36571059096785996,1.8733893823147505,-0.0003537568982595,95.2991452991452,3.4499999999999886,31,1.914369143750925,21234500.0,-0.0003537568982595607,21836560.0,2,9.189999999999998,85.24545808412307,1.5989417468684337,0.0022494881942377,141.84,5,0.08259108347437305,1
2017-06-01,1.0506168580936086,78.88290396313838,-0.3944910230097443,0.8636028050636638,48.93782440337645,0.0038913417645738,5.589331802639918,33229400.0,1.5217323607747741,5.77000000000001,0.812191138759089,10.920000000000016,0.0147374445557304,0.907595388926278,71.87671925458808,18457300.0,20120700.0,0.2333353753729357,1.6064301347302423,0.0038927029513766,99.48979591836734,2.8400000000000034,1,1.8433427763401458,15955200.0,0.0038927029513766698,22169240.0,3,9.830000000000013,85.66809433247452,1.6412984218941349,0.0044157868327335,141.58,6,-0.10067051521238835,1
2017-06-02,1.2182423392639543,76.79846767712945,0.8499803684762459,1.0290839984796656,50.44822092166953,0.0114051434960864,5.024907959356326,20120700.0,0.907595388926278,6.200000000000017,0.9135615609118979,2.1200000000000045,0.0176633326239625,1.4673795636206524,85.45819317808656,21234500.0,37222900.0,0.08259108347437305,1.6412177051040402,0.0114213197969543,99.7752808988764,4.320000000000022,2,1.8295325780301357,20306400.0,0.011421319796954377,25366920.0,4,11.77000000000001,86.86184191144538,1.7778308775764629,0.0149224577322341,142.34,6,0.4196426505868862,0
2017-06-05,0.8636028050636638,71.87671925458808,-0.5774778429407703,1.5217323607747741,51.8742004556576,-0.000221108490566,1.0922316604105256,37222900.0,1.4673795636206524,5.590000000000003,0.8857642602681235,2.140000000000015,0.015649341453052,0.6211154368363809,85.24545808412307,15955200.0,15727500.0,-0.10067051521238835,1.550734951202206,-0.0002091175240485,98.1536189069424,3.6500000000000057,5,1.7309945367422699,33229400.0,-0.0002091175240485077,25321380.0,0,12.51000000000002,86.71779375431797,1.8621474069278177,0.0150753767700942,143.45,6,0.6845397816732364,0
2017-06-06,1.0290839984796656,85.45819317808656,0.4238117946272453,0.907595388926278,52.77416599482509,-0.0039808330261702,0.973000513876128,15727500.0,0.6211154368363809,3.8600000000000136,0.7419839394202583,1.0200000000000102,0.0107542097070894,0.8700128600123549,85.66809433247452,20306400.0,22393000.0,0.4196426505868862,1.4328607748106894,-0.0039740640033465,93.59823399558516,1.8900000000000148,6,1.6844949269749636,20120700.0,-0.003974064003346545,25738700.0,1,1.5200000000000102,83.87180648087136,1.8639093896740064,0.0072032019793502,143.26,6,0.812191138759089,1
2017-06-07,1.5217323607747741,85.24545808412307,-0.1585584780958335,1.4673795636206524,53.57196492219908,0.0039227296277104,0.696074708636431,22393000.0,0.8700128600123549,4.280000000000001,0.6034677391056622,-0.040000000000020464,0.015075376884422,0.8242050976978562,86.86184191144538,33229400.0,18842400.0,0.6845397816732364,1.268432541013531,0.0039199216015677,97.60986892829604,2.1999999999999886,7,1.6313167179053232,37222900.0,0.003919921601567733,22861300.0,2,2.1299999999999955,84.41303918593215,1.886327930119876,-0.0002792118890257,143.26,6,0.9135615609118979,1
2017-06-08,0.907595388926278,85.66809433247452,0.3489470555767842,0.6211154368363809,54.35846102787132,0.0011058684753759,0.27923108710055755,18842400.0,0.8242050976978562,3.789999999999992,0.44797156845438124,0.13999999999998636,0.0121968415115623,1.0625719044306507,86.71779375431797,20120700.0,25417400.0,0.812191138759089,1.0992927018930116,0.001045879235811,98.23619631901826,2.2299999999999898,8,1.5869369523406587,15727500.0,0.0010458792358110092,23920640.0,3,1.7299999999999898,84.56247813583097,1.8943615110376584,0.0010477650769161,143.74,6,0.8857642602681235,0
2017-06-09,1.4673795636206524,86.86184191144538,3.319234068000661,0.8700128600123549,52.08088291290547,-0.0250386626408425,1.5182786305560811,25417400.0,1.0625719044306507,-0.9900000000000092,0.050284967065604036,-2.880000000000024,-0.0242576327896278,2.8565105847088943,83.87180648087136,37222900.0,109783700.0,0.9135615609118979,1.2680120048466716,-0.0250052239325764,70.16742770167419,-1.3100000000000025,9,1.8871557414591824,22393000.0,-0.025005223932576426,38432800.0,4,-3.480000000000018,67.80675432547591,1.6078423905483137,-0.0200100645377561,143.74,6,0.7419839394202583,0
2017-06-12,0.6211154368363809,86.71779375431797,-0.0485472797874365,0.8242050976978562,49.64832273300844,-0.0053629428204545,2.0492364431668495,109783700.0,2.8565105847088943,-1.990000000000009,-0.29722695987971104,-4.189999999999998,-0.0292825768667643,1.8593366454187663,84.41303918593215,15727500.0,104454000.0,0.8857642602681235,1.5669630925214055,-0.0053579082726104,64.40548780487794,-2.6100000000000136,12,1.9316446170692403,18842400.0,-0.005357908272610401,56178100.0,0,-4.200000000000017,64.91295526567157,1.308400431298253,-0.0292957369859211,138.8,6,0.6034677391056622,1
2017-06-13,0.8700128600123549,83.87180648087136,-0.5098990943381776,1.0625719044306507,47.75200078655384,0.0081257594167678,2.034544174994244,104454000.0,1.8593366454187663,-0.9799999999999898,-0.47441857514050056,-3.2099999999999795,-0.0174996500069998,0.8265187340263909,84.56247813583097,22393000.0,51193000.0,0.7419839394202583,1.644473573312835,0.0081160669395965,73.0182926829269,-3.0999999999999943,13,1.8886700015642954,25417400.0,0.008116066939596545,61938100.0,1,-2.5,67.18525839603639,1.144240486799788,-0.0222758460445292,140.01,6,0.44797156845438124,0
2017-06-14,0.8242050976978562,84.41303918593215,0.1738675209501299,2.8565105847088943,45.64691777063092,-0.0043691148775895,1.721908824532498,51193000.0,0.8265187340263909,-1.539999999999992,-0.6455294805679586,-0.22999999999998977,-0.0255891786361733,0.8561787577943814,67.80675432547591,18842400.0,60093800.0,0.6034677391056622,1.7791196324749163,-0.0043459675121118,68.36890243902435,-3.680000000000007,14,1.9187650014525601,109783700.0,-0.0043459675121118035,70188380.0,2,-3.6699999999999875,64.7475654835533,0.9563175617733748,-0.0016062982812762,140.93,6,0.050284967065604036,0
2017-06-15,1.0625719044306507,84.56247813583097,-0.0823479294036988,1.8593366454187663,43.123429624204284,-0.0043882878111521,0.5152184002951754,60093800.0,0.8561787577943814,-2.710000000000008,-0.8030260828396996,-0.09999999999999432,-0.0309256808525457,0.7243182212821246,64.91295526567157,25417400.0,55145200.0,0.44797156845438124,1.9671211339281305,-0.0044364937388193,63.64329268292676,-3.730000000000018,15,1.9431389299202337,104454000.0,-0.00443649373881938,76133940.0,3,-4.439999999999998,62.2743566430851,0.7519184887552797,-0.0006316432719738,138.34,6,-0.29722695987971104,0
2017-06-16,2.8565105847088943,67.80675432547591,-0.1279857539731472,0.8265187340263909,40.78019063109384,-0.0043316361425639,0.8184619722397881,55145200.0,0.7243182212821246,-5.310000000000002,-0.964877371600533,-2.210000000000008,-0.0130732961851691,0.7537838578389295,67.18525839603639,109783700.0,48087400.0,0.050284967065604036,2.097330578508533,-0.0070437720117874,10.575427682737264,-5.269999999999982,16,1.9107718634973607,51193000.0,-0.007043772011787408,63794680.0,4,-1.829999999999984,58.472398552197525,0.5377378077438664,-0.0130890388313056,138.68,6,-0.47441857514050056,1
2017-08-28,1.8593366454187663,64.91295526567157,-0.4176699367712392,0.8561787577943814,39.980504382148744,0.0031194295900178,1.5946472964272558,48087400.0,0.7537838578389295,-1.5200000000000102,-0.7843698723759731,2.6599999999999966,0.0096419709322934,0.3341308456748368,64.7475654835533,104454000.0,15362100.0,-0.29722695987971104,1.1270630466402378,0.003099246319645,76.82737169517873,1.079999999999984,28,2.102145301818978,60093800.0,0.030836047774158493,45976300.0,0,3.180000000000007,67.70297464892036,-0.0228873775629665,-0.0019118305456126,142.4,8,-0.6455294805679586,1
2017-08-29,0.8265187340263909,67.18525839603639,0.5947233776632102,0.7243182212821246,38.780441549153764,0.0039241818451059,2.1041197684549378,15362100.0,0.3341308456748368,-1.0600000000000025,-0.6330786373424173,3.8400000000000034,-0.0016061452513965,0.6028516616236882,62.2743566430851,51193000.0,24498300.0,-0.47441857514050056,1.0047443013533377,0.0039323081244295,85.5365474339035,1.740000000000009,29,2.1055634945461943,55145200.0,0.003932308124429573,40637360.0,1,2.609999999999985,68.6882605424826,0.0137155147744181,0.0049683075513408,141.19,8,-0.8030260828396996,1
2017-08-30,0.8561787577943814,64.7475654835533,0.3732667164660406,0.7537838578389295,38.167093573321274,0.011726528505052,2.7268883365482806,24498300.0,0.6028516616236882,0.3700000000000045,-0.43511182947910054,6.5,0.0137360712033078,0.9517799742779756,58.472398552197525,60093800.0,33642700.0,-0.6455294805679586,1.0875257340463749,0.0117507169336223,96.76549865229136,3.5999999999999943,30,2.0923089592214654,48087400.0,0.011750716933622396,35347140.0,2,4.900000000000006,71.49749925400721,0.1690742992008722,0.0187701399401758,143.09,8,-0.964877371600533,1
2017-08-31,0.7243182212821246,62.2743566430851,0.1438053426151884,0.3341308456748368,37.955144653703194,0.0107158477912232,3.031382522876863,33642700.0,0.9517799742779756,4.869999999999976,-0.2255720124379219,3.789999999999992,0.0276235327194769,1.2019869907890988,67.70297464892036,55145200.0,38480700.0,-0.8030260828396996,1.556057696727942,0.0107155202212234,99.88558352402724,3.0,31,2.0542868907056464,15362100.0,0.010715520221223462,32014240.0,3,7.069999999999993,73.83034758367756,0.4061323291737153,0.0263665581413812,145.06,8,-0.7843698723759731,0
2017-09-01,0.7537838578389295,58.472398552197525,-0.4206550296642213,0.6028516616236882,37.85900691285634,-0.0013703570140641,1.7216939333120858,38480700.0,1.2019869907890988,4.77000000000001,-0.13092966834393538,3.030000000000001,0.0283862787912938,0.8301322486136907,68.6882605424826,48087400.0,22293600.0,-0.964877371600533,1.7217913797978273,-0.0013679890560874,93.53070175438593,3.3100000000000023,1,1.9775521127980995,24498300.0,-0.001367989056087482,26855480.0,4,7.849999999999994,73.00009555060547,0.572076571127667,0.0210720192822111,146.39,9,-0.6330786373424173,0
2017-09-05,0.3341308456748368,67.70297464892036,1.0092896616069185,0.9517799742779756,36.69405569411555,-0.0089556550628341,1.2972547937871473,22293600.0,0.8301322486136907,3.6399999999999855,-0.18380333406488258,0.03999999999999204,0.0160101116494628,1.3681024203834107,71.49749925400721,15362100.0,44794300.0,-0.7843698723759731,1.560884720631713,-0.0089726027397259,79.16666666666661,2.4199999999999875,5,2.0077269618839497,33642700.0,-0.008972602739725999,32741920.0,1,2.280000000000001,67.6350566394416,0.5966530960645002,0.0003898357143249,145.57,9,-0.43511182947910054,1
2017-09-06,0.6028516616236882,68.6882605424826,-0.31413818275986,1.2019869907890988,35.61231527671338,0.0030607783121991,0.7276194060110075,44794300.0,1.3681024203834107,1.9300000000000068,-0.21426561529228216,-1.0699999999999932,0.0151080646289432,0.9039597726176045,73.83034758367756,24498300.0,30722700.0,-0.6330786373424173,1.6100503787809184,0.0030409841730596,83.99122807017535,3.1599999999999966,6,1.9628893217493815,38480700.0,0.0030409841730596465,33986800.0,2,2.1599999999999966,68.47315694039958,0.6426130162165293,-0.0072652337646991,145.06,9,-0.2255720124379219,1
2017-09-07,0.9517799742779756,71.49749925400721,-0.2604458592506518,0.8301322486136907,34.74008802651489,0.0023249055507121,0.6192495458245001,30722700.0,0.9039597726176045,2.780000000000001,-0.23497740348437235,-0.5300000000000011,0.0056688558589699,0.7144442823326986,73.00009555060547,33642700.0,22721100.0,-0.43511182947910054,1.6182789211557205,0.0023427272100875,87.71929824561398,3.0600000000000023,7,1.8869686559101402,22293600.0,0.0023427272100875474,31802480.0,3,0.8199999999999932,69.13820533079009,0.6968253409371812,-0.0035699711999227,145.4,9,-0.13092966834393538,0
2017-09-08,1.2019869907890988,73.83034758367756,0.2274977883993292,1.3681024203834107,33.44021090469404,-0.0086981733835895,0.6906518659959989,22721100.0,0.7144442823326986,1.9399999999999975,-0.3500647264534056,-0.47999999999998977,-0.013611491108071,0.9395553752885358,67.6350566394416,38480700.0,27890100.0,-0.2255720124379219,1.4742757167094225,-0.008661579707156,73.90350877192989,1.240000000000009,8,1.8528994662022726,44794300.0,-0.008661579707156086,29684360.0,4,-1.9899999999999807,63.76958531630597,0.6356318592688979,-0.0033124895206781,145.28,9,-0.18380333406488258,1
2017-09-11,0.8301322486136907,73.00009555060547,-0.0273860617208256,0.9039597726176045,32.52988646696557,0.0115530856975725,0.649522901831609,27890100.0,0.9395553752885358,3.9000000000000057,-0.3311262919499045,0.7400000000000091,-0.000890410958904,0.8850082705564927,68.47315694039958,22293600.0,27126300.0,-0.13092966834393538,1.270625392819982,0.0115109909160251,92.0879120879121,1.2199999999999989,11,1.8569780757592529,30722700.0,0.011510990916025143,30650900.0,0,-0.12999999999999545,67.36501058649532,0.706484466403225,0.0051798178646951,145.34,9,-0.21426561529228216,1
2017-09-12,1.3681024203834107,67.6350566394416,0.1154009208775248,0.7144442823326986,31.796674440447994,0.0023854272083272,0.7722046360931972,27126300.0,0.8850082705564927,3.8100000000000014,-0.3120223290057691,0.75,0.0105743313290482,1.090591701515821,69.13820533079009,44794300.0,30256700.0,-0.18380333406488258,1.0375125166532362,0.0023993967231095,95.93406593406588,0.0200000000000102,12,1.7871939274907345,22721100.0,0.002399396723109515,27743380.0,1,1.5300000000000011,68.08417416985245,0.780269449583642,0.0052403395223101,146.28,9,-0.23497740348437235,1
2017-09-13,0.9039597726176045,68.47315694039958,-0.059682648801753,0.9395553752885358,31.12804807603791,0.0013701593711692,0.8762819181084848,30256700.0,1.090591701515821,3.4499999999999886,-0.30267756491641506,2.2099999999999795,0.0088885826500377,1.0425768312676673,63.76958531630597,30722700.0,28450900.0,-0.21426561529228216,0.7760469630625928,0.0013678019422787,98.13186813186796,0.4199999999999875,13,1.7102515040985398,27890100.0,0.0013678019422787013,27289020.0,2,1.289999999999992,68.51119302606011,0.8443429327069509,0.015308672277069,145.97,9,-0.3500647264534056,0
2017-09-14,0.7144442823326986,69.13820533079009,0.2406075027503522,0.8850082705564927,30.331251296848965,-0.0059052282874839,0.8728860177617063,28450900.0,1.0425768312676673,0.9099999999999966,-0.3668964058281232,-0.3100000000000023,0.0006186842647968,1.184280809875695,67.36501058649532,22721100.0,35296400.0,-0.23497740348437235,0.7183321732324575,-0.0058735145471928,88.49162011173185,0.8700000000000045,14,1.6559478252343574,27126300.0,-0.005873514547192871,29804080.0,3,0.09000000000000341,64.51406106348092,0.8195077080006286,-0.0021496417079874,145.85,9,-0.3311262919499045,1
2017-09-15,0.9395553752885358,63.76958531630597,0.3152162826803866,1.090591701515821,29.730773068346227,0.0034772529701536,0.3299696955842978,35296400.0,1.184280809875695,-0.1399999999999863,-0.386228777517017,-0.1599999999999966,0.0128285139726787,1.3853074286478224,68.08417416985245,27890100.0,46422400.0,-0.3500647264534056,0.706101188838151,0.0034350096180268,90.41591320072331,0.9300000000000068,15,1.6305229805747612,30256700.0,0.0034350096180268963,33510540.0,4,1.8499999999999943,65.76465939705778,0.8290013899771509,-0.001057815946161,145.53,9,-0.3120223290057691,0
2017-09-18,0.8850082705564927,67.36501058649532,-0.4645214379265182,1.0425768312676673,29.03807956605718,-0.0012994513427664,0.3928358435835217,46422400.0,1.3853074286478224,-0.4499999999999886,-0.4399892919691286,-0.8699999999999761,-0.0021937341468429,0.7519817333254277,68.51119302606011,27126300.0,24858200.0,-0.3311262919499045,0.6892959370826607,-0.0034917157332602,81.1934900542497,0.0800000000000125,18,1.604057053390849,28450900.0,-0.0034917157332602367,33056920.0,0,-0.3199999999999932,63.31365665757867,0.8126331762553036,-0.0037274266600967,145.91,9,-0.30267756491641506,1
2017-10-18,1.090591701515821,68.08417416985245,0.3105448234918024,1.184280809875695,29.58642710168508,-0.0012001411930816,1.374336203410263,24858200.0,0.7519817333254277,-365.69999999999993,-0.26772418393808417,3.3000000000000114,-0.6682785515320334,0.5654726130915668,64.51406106348092,30256700.0,17218200.0,-0.3120223290057691,152.30966610093395,-0.1361921894040503,94.36392914653794,-314.52,18,1.750910121005788,35296400.0,0.02274132600480927,30449220.0,2,2.640000000000015,70.89520996737838,1.1247257035336702,0.0034767101425438,149.19,10,-0.3668964058281232,1
2017-11-09,1.0425768312676673,68.51119302606011,1.3365758194952084,1.3853074286478224,31.293922776705806,-0.0052438027785345,3.4935554954808548,17218200.0,0.5654726130915668,-128.56,0.13479203037692367,7.6299999999999955,-0.7099969809042193,1.2347032691220923,65.76465939705778,28450900.0,40594500.0,-0.30267756491641506,127.89668365086447,-0.1986129940556887,99.21337266469997,-16.03,9,1.976559398076803,46422400.0,0.03244659411527606,32877940.0,3,7.27000000000001,78.03007995258902,1.874750078819062,-0.0006623068152228,153.23,11,-0.386228777517017,1
2017-11-28,1.184280809875695,64.51406106348092,0.1136209134169705,0.7519817333254277,33.39289633647565,0.0025597844392053,4.8362537154294385,40594500.0,1.2347032691220923,-285.64,0.5370493028536845,11.039999999999992,0.5145565335138795,0.817366573224832,63.31365665757867,35296400.0,25227300.0,-0.3668964058281232,134.6259177787779,-0.5771837451059809,99.23605805958752,-15.740000000000007,28,2.0496622982141743,24858200.0,0.018869152189472382,30864120.0,1,11.030000000000001,81.03605774518725,1.7086922550237773,0.0058051596309791,156.54,11,-0.4399892919691286,0
2017-11-29,1.3853074286478224,65.76465939705778,1.8535079061175788,0.5654726130915668,33.87047094227021,-0.0174695961835652,4.427905825557437,25227300.0,0.817366573224832,0.5500000000000114,0.5575397933923534,5.0,-0.0105466237942121,2.00090335743213,70.89520996737838,46422400.0,71986300.0,-0.386228777517017,1.3311899438673778,-0.0174340634778721,78.38044308632556,-0.0899999999999749,29,2.151114991198876,17218200.0,-0.01743406347787213,35976900.0,2,7.800000000000011,71.16481266989655,1.503989398075106,-0.0153138249421244,156.41,11,-0.26772418393808417,1
2017-11-30,0.7519817333254277,63.31365665757867,-0.2138017928411378,1.2347032691220923,34.31393307622229,0.0084114066880942,2.9103865722625337,71986300.0,2.00090335743213,2.5600000000000023,0.5929483782700364,1.460000000000008,-0.0034684308561885,1.3371850159104592,78.03007995258902,24858200.0,56595500.0,-0.4399892919691286,1.0551271645257814,0.0083842454179123,87.80680918448147,1.3199999999999932,30,2.111035348970383,40594500.0,0.008384245417912384,42324360.0,3,9.599999999999994,72.84790784397333,1.4245898446472154,-0.0064984050562656,154.51,11,0.13479203037692367,0
2017-12-01,0.5654726130915668,70.89520996737838,0.0427648841338976,0.817366573224832,33.74290095300677,-0.0042723450427234,1.1756615159162238,56595500.0,1.3371850159104592,-17.75999999999999,0.5100552653990338,-2.0999999999999943,-0.4168648322198316,1.1643899401545423,81.03605774518725,17218200.0,59015800.0,-0.26772418393808417,72.63849072251548,0.4958365608055772,82.58115597783065,0.8000000000000114,1,2.173104252615357,25227300.0,-0.004253947792458912,50683880.0,4,5.6299999999999955,70.57807125687879,1.2958911649570268,-0.0133305345381944,154.2,12,0.5370493028536845,0
2017-12-04,1.2347032691220923,78.03007995258902,-0.1304176169771485,2.00090335743213,33.32508179609797,-0.0115099094190562,1.4479640879546603,59015800.0,1.1643899401545423,-1.239999999999981,0.28472003161581494,-1.1500000000000057,-0.0222805557334015,0.9714227845417651,71.16481266989655,40594500.0,51319100.0,0.13479203037692367,1.2669214655956051,-0.0115217813450708,68.48772763262082,-2.9799999999999898,4,2.2371682345714023,71986300.0,-0.01152178134507087,52828800.0,0,-0.9799999999999898,64.72096327090392,1.0454760607557887,-0.0073708477736854,155.46,12,0.5575397933923534,1
2017-12-05,0.817366573224832,81.03605774518725,-0.2087897098741015,1.3371850159104592,32.69577811733405,0.0006889899407469,1.057156563620621,51319100.0,0.9714227845417651,-1.0200000000000102,0.10124555474319141,-2.3400000000000034,-0.024139472507823,0.7263177816041663,72.84790784397333,25227300.0,40604200.0,0.5370493028536845,1.4072846193954345,0.0006548359635911,66.49395509499136,-3.4499999999999886,5,2.252370503530589,56595500.0,0.0006548359635911716,55904180.0,1,-3.780000000000001,64.89720947360792,0.8453448416721301,-0.0150932645210327,152.68,12,0.5929483782700364,1
2017-12-06,2.00090335743213,71.16481266989655,-0.2944621492357934,1.1643899401545423,32.08947666452803,0.0044753511429356,1.0646219986484116,40604200.0,0.7263177816041663,-2.0,-0.008951712867345751,-0.9900000000000091,-0.0023397894189524,0.6064761811210319,70.57807125687879,71986300.0,28647800.0,0.5575397933923534,1.4577017680003916,0.0045154112950722,72.45250431778928,-2.6899999999999977,6,2.211486896135548,59015800.0,0.004515411295072269,47236480.0,2,-0.36000000000001364,66.15366877170375,0.7307651704051921,-0.0063455683353736,152.24,12,0.5100552653990338,1
2017-12-07,1.3371850159104592,72.84790784397333,0.1402690608004804,0.9714227845417651,31.77363446837675,0.0034272397011447,0.7665702838005605,28647800.0,0.6064761811210319,-1.6699999999999875,-0.07827212255197269,1.3100000000000023,-0.007283274250725,0.769510551318214,64.72096327090392,56595500.0,32666200.0,0.5929483782700364,1.4302664864315695,0.0033876221498372,76.94300518134723,-2.569999999999993,7,2.1342378321258653,51319100.0,0.0033876221498372328,42450620.0,3,-1.1299999999999955,67.10914712727384,0.672553004365227,0.0085915807848273,153.49,12,0.28472003161581494,1
2017-12-08,1.1643899401545423,70.57807125687879,-0.1403438416467174,0.7263177816041663,31.832140433256136,0.0043718833253638,0.836522563955134,32666200.0,0.769510551318214,-1.5600000000000025,-0.10794859497182818,1.8899999999999864,0.0013593112822836,0.7743727904963076,64.89720947360792,59015800.0,28081700.0,0.5100552653990338,1.3034552372608357,0.0044150110375273,82.81519861830732,0.839999999999975,8,2.0896494155454457,40604200.0,0.004415011037527394,36263800.0,4,0.20999999999997954,68.366749438859,0.6703348913212039,0.0122744741694442,155.15,12,0.10124555474319141,1
2017-12-11,0.9714227845417651,64.72096327090392,-0.2585384787957994,0.6064761811210319,32.021171916650964,0.007753519689859,1.1825311835238266,28081700.0,0.7743727904963076,-0.289999999999992,-0.07779010395366726,2.4000000000000057,0.0208892672385567,0.6902700810362455,66.15366877170375,51319100.0,20821500.0,0.28472003161581494,1.2618157111385353,0.0077569489334197,93.1778929188256,0.75,11,2.0296744572921996,28647800.0,0.007756948933419716,30164280.0,0,3.1899999999999977,70.50966433798237,0.7518980803457396,0.0155526427163676,154.77,12,-0.008951712867345751,0
2017-12-12,0.7263177816041663,64.89720947360792,-0.0245515452777177,0.769510551318214,32.262898007346806,-0.0013498009043665,1.0372174314030893,20821500.0,0.6902700810362455,-0.9000000000000057,-0.10151478158274507,1.6699999999999875,0.0188469341011714,0.7780084656490012,67.10914712727384,40604200.0,20310300.0,0.10124555474319141,1.1089539615674209,-0.0013470173187941,91.36442141623488,1.1999999999999886,12,1.9411262817713275,32666200.0,-0.0013470173187941636,26105500.0,1,2.8799999999999955,69.6208255391239,0.7912778087228673,0.0107756021108563,155.83,12,-0.07827212255197269,1
2017-12-13,0.6064761811210319,66.15366877170375,0.2022717537407128,0.7743727904963076,32.60381918692498,0.001959856727715,0.8629310517107122,20310300.0,0.7780084656490012,2.1299999999999955,-0.12499031735651034,1.2900000000000205,0.0162214983713355,0.9667002380081426,68.366749438859,28647800.0,24418500.0,-0.008951712867345751,1.217887059162715,0.0019269060312159,91.30434782608711,3.280000000000001,13,1.859617261644805,28081700.0,0.0019269060312159247,25259640.0,2,2.490000000000009,70.19878185817068,0.8362473644744739,0.0083635755132075,156.32,12,-0.10794859497182818,0
2017-12-14,0.769510551318214,67.10914712727384,0.00721584044884,0.6902700810362455,32.98069620039377,-0.0007419398354241,0.5323250886503962,24418500.0,0.9667002380081426,0.7299999999999898,-0.172959433414273,-0.020000000000010232,0.0120763537202959,1.0401499830410559,70.50966433798237,32666200.0,24594700.0,-0.07827212255197269,1.2816521455563976,-0.0007051734085519,82.50539956803449,3.069999999999993,14,1.7946446000987468,20821500.0,-0.0007051734085519179,23645340.0,3,1.8599999999999852,69.67535697504677,0.8531751091291255,-0.0001318840120756,156.26,12,-0.07779010395366726,1
2017-12-15,0.7743727904963076,68.366749438859,1.0254851655031367,0.7780084656490012,33.72865649277786,0.0114073574080324,0.8057108662583667,24594700.0,1.0401499830410559,3.1599999999999966,-0.11339461323358035,1.960000000000008,0.0190691661279898,1.7796432154054123,69.6208255391239,28081700.0,49816200.0,-0.10794859497182818,1.6080163763636466,0.0113548883756735,97.04861111111133,4.150000000000006,15,1.8050271286631219,20310300.0,0.011354888375673555,27992240.0,4,2.950000000000017,73.1452151967791,0.9915296086833224,0.0126252743003233,156.49,12,-0.10151478158274507,1
2018-03-01,0.6902700810362455,70.50966433798237,0.7889268521041637,0.9667002380081426,36.28320261873092,-0.0163265306122448,3.7404638749769004,49816200.0,1.7796432154054123,1.799999999999983,0.3336237367810897,8.48999999999998,-0.0019417475728156,1.959940209114997,70.19878185817068,20821500.0,76809900.0,-0.07779010395366726,1.9971691076193152,-0.0163267747144311,77.576514678326,-0.8100000000000023,1,2.4203823337586123,24418500.0,0.04332381858547407,39189920.0,3,8.579999999999984,81.79950390530442,1.0794489907287073,-0.0351380209730272,167.3,3,-0.12499031735651034,1
2018-03-02,0.7780084656490012,69.6208255391239,-0.2521133343488274,1.0401499830410559,38.075287989369464,0.0091924672837535,4.8612621817803365,76809900.0,1.959940209114997,0.2900000000000204,0.6597866450116818,10.110000000000014,-0.0129630730808109,1.232281096461196,69.67535697504677,20310300.0,57445100.0,-0.10151478158274507,1.9877650766588293,0.0091804474708172,87.00811992504694,1.170000000000016,2,2.556069309918711,24594700.0,0.009180447470817255,46616880.0,4,10.300000000000011,83.09646837877962,1.0255075807705794,-0.0135603173838944,162.5,3,-0.172959433414273,1
2018-03-05,0.9667002380081426,70.19878185817068,-0.3290950838278634,1.7796432154054123,39.98613948376686,0.0110696438737427,5.2859842981235134,57445100.0,1.232281096461196,2.8700000000000045,0.9126577469176054,10.180000000000007,-0.015082159624413,0.7795155540255682,73.1452151967791,24418500.0,38540200.0,-0.12499031735651034,1.957128281716756,0.0110850051207904,97.3456790123458,3.030000000000001,5,2.635635787781659,49816200.0,0.01108500512079047,49441220.0,0,11.840000000000003,84.54198818974044,1.1111602358658388,0.0039355805452514,165.21,3,-0.11339461323358035,1
2018-03-06,1.0401499830410559,69.67535697504677,-0.23506105313413,1.959940209114997,41.86025952499811,0.0042542542542542,4.3520535382746575,38540200.0,0.7795155540255682,3.25,1.0321409517750242,4.060000000000002,0.001485530928754,0.5847243251777227,81.79950390530442,24594700.0,29480900.0,-0.172959433414273,1.96164358524682,0.0042304713102543,96.65689149560106,0.3700000000000045,6,2.563804660082971,76809900.0,0.004230471310254336,50418460.0,1,12.659999999999997,85.07245733463543,1.2198492364576907,0.0245163654117506,168.65,3,0.3336237367810897,1
2018-03-07,1.7796432154054123,73.1452151967791,0.1739600894138238,1.232281096461196,43.29783092950249,0.0023050087216545,1.8733205812165807,29480900.0,0.5847243251777227,4.110000000000014,1.0389815894487953,2.9399999999999977,0.0102864661204473,0.730509043398604,83.09646837877962,49816200.0,34609400.0,-0.11339461323358035,1.8702358734145377,0.002313990744037,98.94428152492665,-1.4699999999999989,7,2.5313900415056154,57445100.0,0.002313990744037042,47377100.0,2,11.280000000000001,85.36945828672901,1.3206186900671355,0.0176289068496515,167.25,3,0.6597866450116818,1
2018-03-08,1.959940209114997,81.79950390530442,-0.2537171982178252,0.7795155540255682,44.75719253260718,0.0055317297532475,1.4509135053510076,34609400.0,0.730509043398604,5.060000000000002,1.006954939985337,2.030000000000001,0.0327091439688718,0.6946703675015061,84.54198818974044,76809900.0,25828400.0,0.3336237367810897,1.750034920282057,0.005505238856331,99.33035714285728,1.5700000000000216,8,2.4255764671123563,38540200.0,0.0055052388563310295,37180800.0,3,5.380000000000024,86.08065749842055,1.4555164820396271,0.0120909927291563,169.63,3,0.9126577469176054,1
2018-03-09,1.232281096461196,83.09646837877962,0.4832703535642935,0.5847243251777227,46.49351064460724,0.0194090740511805,2.0872302220910837,25828400.0,0.6946703675015061,4.990000000000009,1.1011987270687449,4.6200000000000045,0.0431953732152539,1.1486069986460345,85.07245733463543,57445100.0,38310500.0,0.6597866450116818,2.403000208069981,0.0194277640409747,100.0,5.949999999999989,9,2.488035290890044,29480900.0,0.019427764040974793,33353880.0,4,7.1699999999999875,88.26122405924238,1.7951028833623184,0.0272458125260826,171.07,3,1.0321409517750242,1
2018-03-12,0.7795155540255682,84.54198818974044,-0.017632241813602,0.730509043398604,48.242168882056966,0.005335920446277,2.537278069114782,38310500.0,1.1486069986460345,3.680000000000007,1.1152500679308304,5.150000000000006,0.0372400643508312,1.134512450546893,85.36945828672901,38540200.0,37635000.0,0.9126577469176054,2.950894591284694,0.0053130053130054,98.00199800199812,9.600000000000025,12,2.4046041986836117,34609400.0,0.005313005313005492,33172840.0,0,6.25,88.78854054382276,2.110903022479988,0.0302767242507051,173.67,3,1.0389815894487953,0
2018-03-13,0.5847243251777227,85.07245733463543,0.4783818254284575,0.6946703675015061,48.743577182408266,-0.0136308805790109,2.1644329511470253,37635000.0,1.134512450546893,3.420000000000016,0.8657997481236972,1.8499999999999943,0.018808591432301,1.4487621743735881,86.08065749842055,29480900.0,55638900.0,1.0321409517750242,3.075987465656069,-0.0136144301470588,82.88508557457214,5.719999999999999,13,2.514275327349068,25828400.0,-0.013614430147058876,38404440.0,1,3.170000000000016,78.94969397935338,2.153984008712001,0.0111141139184466,174.48,3,1.006954939985337,0
2018-03-14,0.730509043398604,85.36945828672901,-0.2714377890288988,1.1486069986460345,49.02656391839257,-0.0001834413599119,1.6116823508406295,55638900.0,1.4487621743735881,4.469999999999999,0.6116282908200716,-1.4799999999999898,0.016278932102054,1.023909164573537,88.26122405924238,34609400.0,40536400.0,1.0389815894487953,3.0828421230319094,-0.0001747131791974,82.21662468513853,3.8499999999999934,14,2.4639699468241347,38310500.0,-0.0001747131791974832,39589840.0,2,2.75,78.83061372043461,2.16079692944976,-0.0084784014926458,172.61,3,1.1011987270687449,0
2018-03-15,0.6946703675015061,86.08065749842055,-0.2892708775322919,1.134512450546893,49.27229791838688,-0.0008562167451531,1.1342706908014846,40536400.0,1.023909164573537,7.050000000000011,0.35876965953495343,-2.5500000000000114,0.0098316260449782,0.7169220111162428,88.78854054382276,25828400.0,28810400.0,1.006954939985337,2.532212251939627,-0.0008737185461323,81.1282051282051,2.990000000000009,15,2.404400664908125,37635000.0,-0.0008737185461323849,40186240.0,3,1.6699999999999875,78.19553731899158,2.1303421302619654,-0.014670538684076,171.8,3,1.1152500679308304,0
2018-03-16,1.1486069986460345,88.26122405924238,0.0821335351123204,1.4487621743735881,49.50047948981018,-0.0029993266817653,1.193117764519133,28810400.0,0.7169220111162428,5.030000000000001,0.09619708184555709,-0.6899999999999977,-0.0123585123585122,0.8043632164311801,78.94969397935338,38310500.0,31176700.0,1.1011987270687449,2.022353963958777,-0.0029732408325073,78.51282051282053,2.0900000000000034,16,2.32265776027183,55638900.0,-0.0029732408325073845,38759480.0,4,-2.1399999999999864,75.95500574273794,2.043115810325532,-0.0040389847868305,171.82,3,0.8657997481236972,0
2018-03-19,1.134512450546893,88.78854054382276,1.2900146583827024,1.023909164573537,47.07177458489342,-0.0213040275049115,1.9804974122706345,31176700.0,0.8043632164311801,-0.7300000000000182,-0.3765370070830185,-4.5800000000000125,-0.0400965073529412,1.568726585588258,78.83061372043461,37635000.0,71395100.0,1.1152500679308304,2.1518645661600906,-0.0229212957548825,57.27081138040039,-2.7600000000000198,19,2.541039348823844,40536400.0,-0.022921295754882554,45511500.0,0,-6.980000000000018,61.39388531973417,1.6746836131066516,-0.02515957093183,169.1,3,0.6116282908200716,0
2018-04-05,1.4487621743735881,78.94969397935338,-0.3453588104980029,0.7169220111162428,44.52327029038723,0.005643414922239,4.721549533787591,71395100.0,1.568726585588258,48.040000000000006,-1.116815243107455,-10.879999999999995,-0.4506753291160882,1.001400172579411,78.19553731899158,55638900.0,43054900.0,0.8657997481236972,133.1204535749502,-0.5772479671587589,7.438016528925712,57.260000000000005,5,2.903822252479284,28810400.0,-0.0385996409335726,42994700.0,3,-11.060000000000002,45.82656052688304,-2.084651662111156,0.0326984706530399,161.33,4,0.35876965953495343,1
2018-05-30,1.023909164573537,78.83061372043461,-0.4501328222607683,0.8043632164311801,42.64517443601575,0.0071964762082015,4.503335430545862,43054900.0,1.001400172579411,2.3100000000000023,-0.9636266433021792,-0.8400000000000034,0.0118920204542751,0.5749737827297315,75.95500574273794,40536400.0,22665800.0,0.6116282908200716,0.8424705731666082,0.0071610345031662,68.02288620470442,2.719999999999999,30,3.3985492344450483,31176700.0,0.05932150638032985,39420580.0,2,-1.5,61.400242799220216,1.5452621734529828,0.0037387420900714,169.58,5,0.09619708184555709,0
2018-05-31,0.7169220111162428,78.19553731899158,0.5737763502722162,1.568726585588258,41.03348369779231,-0.0006775485063134,4.26609071633616,22665800.0,0.5749737827297315,1.0900000000000034,-0.8714667188223091,2.969999999999999,0.0027712264150943,0.8744436501842978,61.39388531973417,28810400.0,35670900.0,0.35876965953495343,0.9159597273937397,-0.0006463744270772,67.32358550540364,1.6699999999999875,31,3.2679385748418297,71395100.0,-0.0006463744270772676,40792680.0,3,-1.460000000000008,61.181612531048145,1.5354167056001984,0.0020720127491365,170.18,5,-0.3765370070830185,1
2018-06-01,0.8043632164311801,75.95500574273794,0.2767634121931321,1.001400172579411,39.83730392313631,0.0157174556213017,4.642948416686288,35670900.0,0.8744436501842978,4.409999999999997,-0.6429902068979265,12.090000000000003,0.0188145089943969,1.042992259423808,45.82656052688304,31176700.0,45543300.0,0.09619708184555709,1.4429526056690736,0.0156994178867526,84.29752066115704,4.560000000000002,1,3.2323715337816994,43054900.0,0.015699417886752665,43666000.0,4,1.7199999999999989,64.48705879218605,1.713624197104707,0.0222363833231898,170.92,6,-1.116815243107455,1
2018-06-04,1.568726585588258,61.39388531973417,-0.5507659743584676,0.5749737827297315,38.993064069564056,0.0090418107894896,5.3058618527068955,45543300.0,1.042992259423808,6.840000000000003,-0.4104223172416077,4.1200000000000045,0.0269856233796843,0.6111192422690113,61.400242799220216,71395100.0,20459600.0,-0.3765370070830185,1.918236748216214,0.0090309135116359,94.21487603305789,4.700000000000017,4,3.1157735670830062,22665800.0,0.009030913511635985,33478900.0,0,7.200000000000017,66.29302811718522,1.9525773691141808,0.0240817179044779,173.18,6,-0.9636266433021792,1
2018-06-05,1.001400172579411,45.82656052688304,0.2111331599835773,0.8744436501842978,38.348923835546586,0.0030671157084434,2.2379186759154863,20459600.0,0.6111192422690113,6.439999999999998,-0.2516402059752272,4.77000000000001,0.0347398946558561,0.8308571213977571,61.181612531048145,43054900.0,24779300.0,-1.116815243107455,2.300542206617664,0.0030981067125646,97.6478067387158,5.289999999999992,5,2.9689325980056487,35670900.0,0.003098106712564608,29823780.0,1,14.189999999999998,66.92013462159721,2.158223559502062,0.0278263821192348,174.71,6,-0.8714667188223091,1
2018-06-06,0.5749737827297315,61.400242799220216,0.0103836670123853,1.042992259423808,37.88782879457457,0.0058156963846753,2.2543557838131463,24779300.0,0.8308571213977571,7.680000000000007,-0.11622319421966765,3.1200000000000045,0.0333764249618051,0.826346609703498,64.48705879218605,22665800.0,25036600.0,-0.9636266433021792,2.58721235652633,0.0058339052848319,99.81718464351022,6.140000000000015,6,2.881865983862388,45543300.0,0.005833905284831964,30297940.0,2,5.680000000000007,68.12640245387342,2.372126146734672,0.0179246228826084,175.02,6,-0.6429902068979265,0
2018-06-07,0.8744436501842978,61.181612531048145,0.5816963964755597,0.6111192422690113,37.24871351163425,-0.0081068192656175,1.1275992195865148,25036600.0,0.826346609703498,4.8300000000000125,-0.15863813788665482,0.12999999999999545,0.0256365026165696,1.273984342979724,66.29302811718522,35670900.0,39600300.0,-0.8714667188223091,2.626430615447982,-0.0081314682133515,90.88145896656536,5.460000000000008,7,2.8460184135865028,20459600.0,-0.008131468213351534,31083820.0,3,4.360000000000014,64.57139332792806,2.40419083876327,0.0007759928275012,175.89,6,-0.4104223172416077,1
2018-06-08,1.042992259423808,64.48705879218605,-0.1974732514652667,0.8308571213977571,36.51804379481223,6.009615384616751e-05,0.6399843748188312,39600300.0,1.273984342979724,4.889999999999986,-0.21803224029771417,-0.4000000000000057,0.0098413801088339,1.1217413157640228,66.92013462159721,45543300.0,31780300.0,-0.6429902068979265,2.560330924788644,5.732958780013675e-05,90.94224924012154,4.259999999999991,8,2.7641599554731804,24779300.0,5.732958780013675e-05,28331220.0,4,1.6999999999999886,64.58531070346199,2.402712283073299,-0.0022310267270959,173.61,6,-0.2516402059752272,1
2018-06-11,0.6111192422690113,66.29302811718522,-0.2976875611621036,0.826346609703498,35.94150713580402,0.0027041644131964,0.5826062135029951,31780300.0,1.1217413157640228,5.189999999999998,-0.2551019485409691,-0.950000000000017,0.0034997131382672,0.7776021104237709,68.12640245387342,20459600.0,22319700.0,-0.4104223172416077,2.4452411832841765,0.0026943361614308,93.79939209726439,4.840000000000003,11,2.6424342443679536,25036600.0,0.002694336161430888,28703240.0,0,0.6099999999999852,65.27573938055856,2.4100699698338417,-0.0053425586985749,174.31,6,-0.11622319421966765,1
2018-06-12,0.8308571213977571,66.92013462159721,0.0086067465064494,1.273984342979724,35.556057949224474,0.0052738822965359,0.7125517525151276,22319700.0,0.7776021104237709,6.860000000000014,-0.2469365259938403,1.4000000000000057,0.005662319835278,0.7968852102709618,64.57139332792806,24779300.0,22511800.0,-0.2516402059752272,2.1044819895710423,0.0052598479217884,98.97094430992743,3.0900000000000034,12,2.5315460840559574,39600300.0,0.005259847921788463,28249740.0,1,0.9900000000000091,66.64646917801281,2.458568784591193,0.0080381428635785,175.15,6,-0.15863813788665482,0
2018-06-13,0.826346609703498,68.12640245387342,0.6817224744356294,1.1217413157640228,35.45480557629908,-5.961607249327372e-05,0.7019472914773375,22511800.0,0.7968852102709618,5.639999999999986,-0.26963425381759,1.3799999999999955,-0.0002274536563175,1.228611280405684,64.58531070346199,25036600.0,37858600.0,-0.11622319421966765,1.7671647096678549,-5.687311607815992e-05,92.52548131370332,1.5199999999999818,13,2.472864220909102,31780300.0,-5.6873116078159924e-05,30814140.0,2,-0.040000000000020464,66.61568750524256,2.467750832796014,0.007918430637239,176.1,6,-0.21803224029771417,1
2018-06-14,1.273984342979724,64.57139332792806,-0.0513119872367177,0.7776021104237709,35.527127679848306,0.0100757169260119,1.2094420201120126,37858600.0,1.228611280405684,7.530000000000001,-0.1956383847370411,2.6899999999999977,0.0181734793326835,1.1941239367389604,65.27573938055856,39600300.0,35916000.0,-0.15863813788665482,1.2940637971504172,0.0101239904447729,98.42476914720265,2.759999999999991,14,2.44408820512988,22319700.0,0.010123990444772968,30077280.0,3,3.1699999999999875,69.3309974383928,2.581637043408989,0.0152899831500545,176.63,6,-0.2551019485409691,0
2018-06-15,1.1217413157640228,64.58531070346199,0.3814372424546164,0.7968852102709618,35.40501812242919,-0.003482469602172,1.0618239025435583,35916000.0,1.1941239367389604,4.239999999999981,-0.21763232182270542,1.1499999999999773,0.0145608805319881,1.4747107687588648,66.64646917801281,31780300.0,49615700.0,-0.21803224029771417,1.1271148023879245,-0.003490990990991,95.05703422053233,1.119999999999976,15,2.3759390476206015,22511800.0,-0.0034909909909910386,33644360.0,4,2.539999999999992,67.27837608657529,2.5943782392634773,0.0065336312513466,176.93,6,-0.2469365259938403,0
2018-06-18,0.7776021104237709,65.27573938055856,-0.3624356806414098,1.228611280405684,34.727422240129734,-0.0005330806136349,0.7650359468763254,49615700.0,1.4747107687588648,2.1999999999999886,-0.28920735023810984,0.6800000000000068,0.0090903893430906,0.8908988803916742,66.61568750524256,22319700.0,31633200.0,-0.2551019485409691,1.080385219357609,-0.0027121708667645,83.96770472895054,2.069999999999993,18,2.3519434013619867,37858600.0,-0.0027121708667645628,35507060.0,0,1.5900000000000034,65.65768154886473,2.567615606508326,0.0060601667102049,175.49,6,-0.26963425381759,1
2018-08-28,0.7968852102709618,66.64646917801281,-0.3089804931910195,1.1941239367389604,35.7523541825759,0.0014753447199682,3.586045175400569,31633200.0,0.8908988803916742,3.160000000000025,0.160746129353587,7.010000000000019,0.0235639831448215,0.5783497480041414,69.3309974383928,22511800.0,20277000.0,-0.2469365259938403,1.93894129186929,0.0014646848215253,97.33593242365174,4.75,28,2.792518872693274,35916000.0,0.04594900849858363,35060100.0,1,8.780000000000001,76.1232895057924,1.2613392992181218,0.0209354222743431,184.83,8,-0.1956383847370411,1
2018-08-29,1.228611280405684,66.61568750524256,0.4388519011688119,1.4747107687588648,36.952177588629866,0.0115587285398606,4.812201159554174,20277000.0,0.5783497480041414,7.510000000000019,0.5320002665908561,9.76000000000002,0.0313708163039876,0.8755262802526745,67.27837608657529,37858600.0,29175600.0,-0.26963425381759,2.463412493086236,0.0115378365202318,99.3738259236068,7.0400000000000205,29,2.7523389532151823,49615700.0,0.011537836520231881,33323500.0,2,10.920000000000016,78.01801054950279,1.5493021997590688,0.0232375699637554,184.93,8,-0.21763232182270542,0
2018-08-30,1.1941239367389604,69.3309974383928,0.0047951027570984,0.8908988803916742,38.156833137684394,-0.0017924158404749,5.0958483101457395,29175600.0,0.8755262802526745,6.590000000000003,0.6762614361460351,9.909999999999997,0.0310287610619468,0.9160120487198236,65.65768154886473,35916000.0,29315500.0,-0.1956383847370411,2.6930288606746275,-0.0017671629002892,92.31833910034594,6.049999999999983,30,2.679314742271242,31633200.0,-0.0017671629002892209,32003400.0,3,8.810000000000002,76.99854553500833,1.7317312278209729,0.0112416574193539,186.38,8,-0.28920735023810984,1
2018-08-31,1.4747107687588648,67.27837608657529,-0.0225921440875986,0.5783497480041414,39.27544186180646,0.0012906121990909,4.3816286926228525,29315500.0,0.9160120487198236,6.789999999999992,0.7055201340237316,2.039999999999992,0.022851819377466,1.0302866861554283,76.1232895057924,49615700.0,28653200.0,-0.21763232182270542,2.7702236171238472,0.0012874845770076,93.93305439330541,5.590000000000003,31,2.573649403537583,20277000.0,0.0012874845770076693,27810900.0,4,9.670000000000016,77.23156522275244,1.8732727030509864,0.0110569248984766,186.18,8,0.160746129353587,0
2018-09-04,0.8908988803916742,65.65768154886473,0.0143195175407981,0.8755262802526745,39.77623125332054,-0.0043151759695135,0.8773938682350261,28653200.0,1.0302866861554283,6.150000000000006,0.5931853278637984,-0.8900000000000148,0.0081913854833459,1.064715631337702,78.01801054950279,31633200.0,29063500.0,-0.28920735023810984,2.55262392233375,-0.004286096972944,88.35425383542527,5.049999999999983,4,2.518388731856328,29175600.0,-0.00428609697294402,27296960.0,1,9.349999999999994,74.52148440159444,1.9013946827548125,-0.0048169796108975,186.08,9,0.5320002665908561,0
2018-09-05,0.5783497480041414,76.1232895057924,0.466557709842242,0.9160120487198236,39.337153510467495,-0.0128890639950469,1.3694159338989669,29063500.0,1.064715631337702,3.089999999999975,0.29453098119892474,-2.960000000000008,-0.0062835166025677,1.3417806714176255,76.99854553500833,20277000.0,42623300.0,0.160746129353587,2.240379184171838,-0.0129136400322841,71.61785216178507,0.9699999999999988,5,2.55493239386659,29315500.0,-0.012913640032284124,31766220.0,2,-1.160000000000025,66.9333360076946,1.7190811946851454,-0.0159136277654695,185.52,9,0.6762614361460351,0
2018-09-06,0.8755262802526745,78.01801054950279,0.0813662949607374,1.0302866861554283,38.03953279362446,-0.0089519899646481,2.1138779529613565,42623300.0,1.3417806714176255,0.75,-0.057418760672209856,-4.840000000000003,-0.0264003427225019,1.3113005122707713,77.23156522275244,29175600.0,46091400.0,0.5320002665908561,2.132068374967631,-0.0089397656037066,60.181311018131055,-2.530000000000001,6,2.59886579430469,28653200.0,-0.008939765603706684,35149380.0,3,-4.930000000000007,62.26746434868128,1.4314101576541134,-0.0261562299292087,183.53,9,0.7055201340237316,0
2018-09-07,0.9160120487198236,76.99854553500833,0.0116746291065144,1.064715631337702,36.78062491824678,-0.0038547839594961,2.4310656099776033,46091400.0,1.3113005122707713,0.3100000000000023,-0.3642037637582378,-4.739999999999981,-0.0284319510755859,1.207637072032711,74.52148440159444,29315500.0,46629500.0,0.6762614361460351,2.0768365366541377,-0.0038501732577965,51.58610271903329,-3.5,7,2.57251823756864,29063500.0,-0.003850173257796574,38612180.0,4,-5.299999999999983,60.33419348948508,1.1362672066166226,-0.0256958379191912,180.5,9,0.5931853278637984,1
2018-09-10,1.0302866861554283,77.23156522275244,-0.4395822387115452,1.3417806714176255,35.611639033967506,0.0034076469908743,1.9187808629480072,46629500.0,1.207637072032711,-0.7599999999999909,-0.5421669731105778,-1.7299999999999898,-0.0264130725957675,0.6857363583547156,66.9333360076946,28653200.0,26132000.0,0.7055201340237316,2.164714248523197,0.0033681188228147,53.895071542130324,-5.02000000000001,10,2.497338363456595,42623300.0,0.0033681188228147363,38107940.0,0,-4.930000000000007,61.45722258789419,0.9391464648452086,-0.0093991269332699,182.15,9,0.29453098119892474,1
2018-09-11,1.064715631337702,74.52148440159444,0.1524758916271238,1.3113005122707713,34.8501653622322,0.0076555574742416,0.9963282591673116,26132000.0,0.6857363583547156,-1.2199999999999989,-0.5784063897222573,1.3100000000000023,-0.0146892655367231,0.7859511348814439,62.26746434868128,29063500.0,30116500.0,0.5931853278637984,2.194442728546473,0.007704160246533,65.02384737678854,-3.289999999999992,11,2.5260999089239795,46091400.0,0.007704160246533087,38318540.0,1,-2.7299999999999898,63.9779507850106,0.8801014795274398,0.0072084205056198,180.99,9,-0.057418760672209856,0
2018-09-12,1.3417806714176255,66.9333360076946,0.2021317218136238,1.207637072032711,34.143082667049406,-0.002913286873072,0.786492212304316,30116500.0,0.7859511348814439,-2.030000000000001,-0.6464043112331384,1.4699999999999989,-0.0047424366312345,0.9775702125683279,60.33419348948508,42623300.0,36204000.0,0.29453098119892474,2.240268833070283,-0.0029488859764088,60.73131955484902,-4.069999999999993,12,2.496378486857982,46629500.0,-0.002948885976408855,37034680.0,2,-0.8699999999999761,62.285862939737505,0.7831277562211767,0.0081499175920439,182.85,9,-0.3642037637582378,1
2018-09-13,1.3113005122707713,62.26746434868128,-0.1400618716163959,0.6857363583547156,34.00617656629865,0.010655972500716,1.321881235215731,36204000.0,0.9775702125683279,-2.210000000000008,-0.5703640158580567,2.8100000000000023,0.0149606732302953,0.9145246722971861,61.45722258789419,46091400.0,31133200.0,-0.057418760672209856,2.033240708268321,0.0106802497535325,76.23211446740854,-1.3199999999999932,13,2.4823514520824106,26132000.0,0.010680249753532545,34043040.0,3,2.719999999999999,65.8031235949816,0.8466027279188779,0.0153982431018856,183.72,9,-0.5421669731105778,0
2018-09-14,1.207637072032711,60.33419348948508,0.0029197127182558,0.7859511348814439,33.68587862131597,-0.002890992574117,1.1150650205327046,31133200.0,0.9145246722971861,-2.4199999999999875,-0.5656355224981411,0.8700000000000045,0.0159019380486995,1.0084665182695152,63.9779507850106,46629500.0,31224100.0,-0.3642037637582378,1.8096129113350825,-0.0029263534384652,71.93958664546902,0.5400000000000205,14,2.4257549197908097,30116500.0,-0.0029263534384652568,30961960.0,4,2.8799999999999955,64.02248118869437,0.8460021760818677,0.0048516930535269,184.66,9,-0.5784063897222573,0
2018-09-17,0.6857363583547156,61.45722258789419,0.0591562286823319,0.9775702125683279,32.38879684104294,-0.0144400227401932,1.245459754474462,31224100.0,1.0084665182695152,-5.310000000000002,-0.7392178334206738,-1.240000000000009,-0.0020911292097732,1.0222999833074702,62.285862939737505,26132000.0,33071200.0,-0.5421669731105778,1.5345647229331034,-0.0144029566824284,12.71186440677972,-0.4699999999999988,17,2.4539152826628965,36204000.0,-0.014402956682428414,32349800.0,0,-0.37999999999999545,56.012169837912474,0.6332695252000349,-0.0066750428135943,183.68,9,-0.6464043112331384,1
2018-09-18,0.7859511348814439,63.9779507850106,-0.0361008974576065,0.9145246722971861,31.18436375936083,0.0083064143977849,1.2512913329898758,33071200.0,1.0222999833074702,-3.009999999999991,-0.7489342986293477,-1.6899999999999977,-0.0015290519877675,0.9747825512599245,65.8031235949816,30116500.0,31877300.0,-0.5784063897222573,1.1494003267326158,0.0082717547149002,33.898305084745786,1.7299999999999898,18,2.4493499053298313,31133200.0,0.00827175471490027,32701960.0,1,-0.28000000000000114,59.129327360361174,0.5742536930254403,-0.0090246009165254,181.49,9,-0.5703640158580567,0
2018-09-19,0.9775702125683279,62.285862939737505,-0.0010634526763558,1.0084665182695152,30.06596161208459,-0.0008009153318078,1.2409875100159502,31877300.0,0.9747825512599245,-0.75,-0.7583874690921766,-1.2900000000000205,0.0006572461386789,1.000426015336552,64.02248118869437,36204000.0,31843400.0,-0.6464043112331384,1.115289698281599,-0.0007656967840735,31.920903954802075,0.9799999999999898,19,2.4022534835205596,31224100.0,-0.0007656967840735662,31829840.0,2,0.11999999999997613,58.71114259973745,0.5103039248769505,-0.0069345236742162,182.87,9,-0.5656355224981411,1
2018-09-20,0.9145246722971861,65.8031235949816,0.0456107073993354,1.0222999833074702,29.614769615153733,0.0110500400778656,1.2980832022700182,31843400.0,1.000426015336552,2.9099999999999966,-0.6276053883986545,3.3799999999999955,0.001029642876497,1.0320323745690023,56.012169837912474,31133200.0,33295800.0,-0.5703640158580567,1.2635773730799733,0.011056376573618,63.50148367952515,1.5999999999999943,20,2.392806806126235,33071200.0,0.01105637657361802,32262360.0,3,0.18999999999999773,62.79927272790256,0.6083455147904715,0.0185555391438427,183.96,9,-0.7392178334206738,0
2018-09-21,1.0084665182695152,64.02248118869437,0.1594675604730926,0.9747825512599245,29.36475473050791,-0.0054363214225041,1.2564314545631132,33295800.0,1.0320323745690023,2.5999999999999943,-0.6077194636015566,0.8700000000000045,-0.0015218218381434,1.1442495276925968,59.129327360361174,31224100.0,38605400.0,-0.5656355224981411,1.1218858131555365,-0.0054677349501948,54.86577181208064,1.1299999999999957,21,2.3647491771172184,31877300.0,-0.005467734950194814,33738620.0,4,-0.28000000000000114,59.620620423653875,0.6016448172607056,0.0048128033235537,185.22,9,-0.7489342986293477,1
2018-09-24,1.0222999833074702,56.012169837912474,-0.0948002092971449,1.000426015336552,28.007008413616614,0.0027899561578319,0.8267829219424144,38605400.0,1.1442495276925968,2.1699999999999875,-0.5810554184130199,1.1899999999999977,0.0140619830153301,1.0243921028331893,58.71114259973745,33071200.0,34945600.0,-0.7392178334206738,1.025668345781132,0.0009798051276466,67.5146771037178,-0.6400000000000148,24,2.3858385216088456,31843400.0,0.0009798051276466158,34113500.0,0,2.549999999999983,60.00911524884203,0.6286269509082558,0.0084036748131934,182.05,9,-0.7583874690921766,0
2018-11-09,0.9747825512599245,59.129327360361174,0.2557591850408844,1.0320323745690023,28.4785647467479,-0.0168771320845053,5.518620298590522,34945600.0,1.0243921028331893,-307.97,-1.3511280900638591,-13.199999999999989,-0.548643456751138,1.3366243530528614,62.79927272790256,31877300.0,50602700.0,-0.7489342986293477,136.71870913180493,-0.6720772392696682,8.877284595300354,-198.83,9,3.196135770065356,33295800.0,-0.06726847571917982,37858580.0,4,-11.319999999999993,35.05113086241164,-1.5078690816343112,0.0081632168891812,172.83,11,-0.6276053883986545,1
2018-12-03,1.000426015336552,58.71114259973745,0.3825661441937977,1.1442495276925968,29.033039756355272,0.0175081684236484,6.689172594575138,50602700.0,1.3366243530528614,-340.99,-1.736015115202525,-11.379999999999995,-0.4409951991695859,1.2191770098337729,59.620620423653875,31843400.0,50771700.0,-0.7583874690921766,143.24239870854544,0.5303259035609627,17.65810895428943,-335.84000000000003,3,3.2392689293464025,38605400.0,0.004722481343283569,41644240.0,0,-10.369999999999976,36.901719171435,-1.0485529338814388,0.0214931321924496,173.11,12,-0.6077194636015566,0
2018-12-04,1.0320323745690023,62.79927272790256,0.3904340410110356,1.0243921028331893,30.19301685275438,-0.0384126022417449,8.051585558137896,50771700.0,1.2191770098337729,3.6599999999999966,-2.3288691614597425,-18.169999999999987,0.013950073421439,1.4376562244801954,60.00911524884203,33295800.0,70594700.0,-0.6276053883986545,4.629200074885147,-0.0383566413276853,1.0020040080159762,6.509999999999991,4,3.494321148678803,34945600.0,-0.03835664132768535,49104020.0,1,-19.0,29.511863206930954,-1.0665529486256276,-0.0136391581101976,171.43,12,-0.5810554184130199,1
2018-12-06,1.1442495276925968,59.620620423653875,0.0158765459729979,1.3366243530528614,31.76031388377504,0.0071199042278369,7.197871213075047,70594700.0,1.4376562244801954,7.72999999999999,-2.5191851304115005,-4.630000000000024,-0.0107291049199762,1.2869297728674063,35.05113086241164,38605400.0,71715500.0,-0.6077194636015566,4.181666467382067,0.0070601013758144,21.594264023618646,4.0,6,3.6118696380588875,50602700.0,0.007060101375814476,55726040.0,3,-16.82000000000002,32.103682278680125,-0.9783586245804656,-0.0137845295902595,162.38,12,-1.3511280900638591,0
2018-12-07,1.0243921028331893,60.00911524884203,0.121545551519546,1.2191770098337729,33.324142589576866,-0.033033033033033,4.485005016721177,71715500.0,1.2869297728674063,1.009999999999991,-2.8677816152030347,-10.950000000000017,-0.0402616711269699,1.2407903570564685,36.901719171435,34945600.0,80432200.0,-0.5810554184130199,4.048516326313581,-0.0330157588830966,2.112103980503584,-2.0600000000000023,7,3.8010218067689663,50771700.0,-0.0330157588830966,64823360.0,4,-22.50999999999999,27.057854456473592,-1.319307702612548,-0.064325731046941,166.16,12,-1.736015115202525,1
2018-12-10,1.3366243530528614,35.05113086241164,-0.0804578265918376,1.4376562244801954,34.94720716494202,0.0104813664596272,4.20696684085029,80432200.0,1.2407903570564685,3.859999999999985,-2.8312878232778576,-2.6500000000000057,-0.0371966700123989,1.064261044466809,29.511863206930954,50602700.0,73960800.0,-1.3511280900638591,3.495829896698319,0.010472177469327,14.039125431530485,-5.629999999999996,10,3.841663106285469,70594700.0,0.010472177469327049,69494980.0,0,-8.450000000000017,30.657792534501354,-1.4421674338044852,-0.0154317623455688,161.08,12,-2.3288691614597425,1
2018-12-11,1.2191770098337729,36.901719171435,-0.2014918713696986,1.2869297728674063,35.66400513614714,0.0032654629273913,2.1852986066012803,73960800.0,1.064261044466809,0.7200000000000273,-2.622277206951261,-3.2799999999999727,-0.0506005918876574,0.8300265767937227,32.103682278680125,50771700.0,59058300.0,-1.736015115202525,3.4269558892185565,0.0033114613356228,16.110471806674408,-4.539999999999992,11,3.820115741550794,71715500.0,0.0033114613356228784,71152300.0,1,-8.719999999999999,31.81574920378405,-1.4813063407633251,-0.0192862036460144,165.73,12,-2.5191851304115005,1
2018-12-12,1.4376562244801954,29.511863206930954,-0.0893743978407777,1.2407903570564685,35.65011908754057,0.0088071989278193,2.081826121464875,59058300.0,0.8300265767937227,1.6100000000000136,-2.252680471555011,3.670000000000016,-0.0040429640357227,0.7933398397624642,27.057854456473592,70594700.0,53780000.0,-2.3288691614597425,3.3154421525114435,0.0088014180062343,21.63406214039132,-4.319999999999993,12,3.832250331440022,80432200.0,0.008801418006234352,67789360.0,2,-0.6699999999999875,34.93599532173228,-1.3850042725315177,0.0225540283148379,166.0,12,-2.8677816152030347,1
2018-12-13,1.2869297728674063,32.103682278680125,-0.1376255113425065,1.064261044466809,35.79700519588955,0.0003163155563992,1.5454028601026422,53780000.0,0.7933398397624642,-3.5999999999999943,-1.8853785776365846,2.030000000000001,-0.010725627658937,0.7394300178119434,30.657792534501354,71715500.0,46378500.0,-2.5191851304115005,3.235700336349116,0.0003029385034836,21.825853471423088,-7.230000000000018,13,3.7578038791943054,73960800.0,0.0003029385034836185,62721960.0,3,-1.789999999999992,35.04714168106803,-1.2897818057113568,0.0123889774116099,166.13,12,-2.8312878232778576,0
2018-12-14,1.2407903570564685,27.057854456473592,0.2192589238548035,0.8300265767937227,36.458038800348845,-0.0243485960030356,1.656976161570645,46378500.0,0.7394300178119434,-7.069999999999993,-1.7942103507013694,-2.530000000000001,-0.0018589664146733,0.9758805764086634,31.81574920378405,80432200.0,56547400.0,-2.8677816152030347,3.492223106017917,-0.0243488794669896,6.4058304564634305,-4.639999999999986,14,3.803675030680427,59058300.0,-0.024348879466989604,57945000.0,4,-0.29999999999998295,30.531283947314876,-1.5076014478812283,-0.015225081518817,163.21,12,-2.622277206951261,0
2018-12-17,1.064261044466809,30.657792534501354,0.3233871053311028,0.7933398397624642,37.64996830269941,-0.0226226745316653,3.2482810838985503,56547400.0,0.9758805764086634,-11.939999999999998,-1.853194641804219,-7.6200000000000045,-0.0345863739498374,1.2875866789310193,34.93599532173228,73960800.0,74834100.0,-2.8312878232778576,3.976445090220524,-0.022659548050658,4.2988741044012935,-9.45999999999998,17,3.9248410999175394,53780000.0,-0.022659548050658063,58119660.0,0,-5.639999999999986,27.11503639330681,-1.939481777810528,-0.0466549549783017,160.39,12,-2.252680471555011,1
2018-12-18,0.8300265767937227,31.81574920378405,-0.1495574878297461,0.7394300178119434,38.756759983453506,0.0062342485740813,3.5970446202421433,74834100.0,1.2875866789310193,-13.910000000000023,-1.702861802703759,-6.680000000000007,-0.0317217773974697,1.078014215631639,35.04714168106803,59058300.0,63642100.0,-2.622277206951261,3.1504117896598776,0.0062885091786824,7.676560900716479,-2.960000000000008,18,3.8523524499234294,46378500.0,0.0062885091786824,59036420.0,1,-5.190000000000026,29.421793653223006,-2.180761446241661,-0.0407370219606195,158.65,12,-1.8853785776365846,0
2018-12-19,0.7933398397624642,34.93599532173228,0.2862004867846912,0.9758805764086634,40.194284057877276,-0.0245188505141049,3.9947427952262977,63642100.0,1.078014215631639,-11.189999999999998,-1.7367627703057282,-6.550000000000011,-0.06373826113299,1.266114807154396,30.531283947314876,53780000.0,81856500.0,-2.252680471555011,3.8888907301561937,-0.0245549804317636,3.8863487916394432,-8.539999999999992,19,4.104327274928898,56547400.0,-0.02455498043176363,64651720.0,2,-10.52000000000001,25.946850569596037,-2.641698377961262,-0.0409072764716889,158.18,12,-1.7942103507013694,0
2018-12-20,0.7394300178119434,35.04714168106803,0.2094592365908631,1.2875866789310193,41.8085277628205,-0.014527027027027,3.421264386160732,81856500.0,1.266114807154396,-14.599999999999994,-1.7751031950427745,-5.140000000000015,-0.0775893397940642,1.316929878563018,27.11503639330681,46378500.0,99002100.0,-1.8853785776365846,4.411127847713413,-0.0144955672037793,8.289703315881345,-11.320000000000022,20,4.202589612433978,74834100.0,-0.014495567203779314,75176440.0,3,-12.810000000000002,24.176136075592623,-3.144236448363074,-0.0328116289670505,154.15,12,-1.853194641804219,0
2018-12-21,0.9758805764086634,30.531283947314876,0.4255192566622323,1.078014215631639,43.607897385558026,-0.030990743914981,4.354299025102775,99002100.0,1.316929878563018,-13.810000000000002,-1.96843830410611,-10.849999999999994,-0.0838713682642167,1.5324687565287378,29.421793653223006,56547400.0,141129400.0,-1.7942103507013694,5.907291633602368,-0.0309934992448617,3.1966904851447695,-17.480000000000018,21,4.428833211545837,63642100.0,-0.030993499244861722,92092840.0,4,-13.51000000000002,20.934235699826658,-3.86270090297009,-0.070036621456113,153.05,12,-1.702861802703759,1
2019-02-20,1.2875866789310193,27.11503639330681,0.6724908532048419,1.266114807154396,40.668603012583326,-0.0001813017465401,9.378007251010834,141129400.0,1.5324687565287378,-309.7,-0.36806034736241156,17.72,-0.4374224312495918,0.38966044678067757,25.946850569596037,74834100.0,32593000.0,-1.853194641804219,134.56739874295286,-0.4400923156936679,96.85128983308037,-110.0,20,5.934630839292565,81856500.0,0.16724266449820435,83644620.0,2,14.819999999999993,54.950677231327674,2.664028775575815,0.0060128069181994,172.4,2,-1.7367627703057282,0
2019-03-07,1.078014215631639,29.421793653223006,0.4490891574062496,1.316929878563018,38.01926204985159,-0.0122975404919015,11.443691712031242,32593000.0,0.38966044678067757,-0.1899999999999977,0.6461762086729133,19.140000000000015,-0.0101622495525145,0.5001086326399458,24.176136075592623,63642100.0,39407400.0,-1.702861802703759,0.9153287205438128,-0.0122724129983866,93.3862433862434,-2.269999999999982,7,5.681442922200239,99002100.0,-0.004760522496371489,78797680.0,3,13.01000000000002,54.11758668093673,1.9702151982701537,-0.0171880810020322,173.12,3,-1.7751031950427745,0
2019-03-08,1.266114807154396,25.946850569596037,-0.0026441734293558,1.5324687565287378,35.78454313152697,-0.0015183723048891,12.001546567005995,39407400.0,0.5001086326399458,-1.7199999999999989,1.2741278594266205,23.599999999999994,-0.0184643614886174,0.5591814818724709,20.934235699826658,81856500.0,39303200.0,-1.7367627703057282,1.1730283694528598,-0.0015166540278832,92.40362811791377,-2.420000000000016,8,5.424911284900223,141129400.0,-0.0015166540278832574,70287020.0,4,16.639999999999986,53.83887235424886,1.6959565710378683,-0.0194824800499968,169.51,3,-1.96843830410611,1
2019-03-11,1.316929878563018,24.176136075592623,-0.2235136070345417,0.38966044678067757,33.35938321255931,0.020802919708029,11.190728305164702,39303200.0,0.5591814818724709,1.2099999999999795,1.8679248326209348,2.4799999999999898,0.0017773191147805,0.53928695882049,54.950677231327674,99002100.0,30518400.0,-1.7751031950427745,1.2520299073403125,0.0207980370392009,99.57340917170279,1.539999999999992,11,5.300274764550208,32593000.0,0.020798037039200912,56590280.0,0,22.439999999999998,57.09701235263735,1.734574950601882,0.0069870069112383,171.88,3,-0.36806034736241156,1
2019-03-12,1.5324687565287378,20.934235699826658,0.112558325469225,0.5001086326399458,31.31864802152386,0.0054820641163151,2.0365853775414995,30518400.0,0.53928695882049,1.990000000000009,2.239003192607429,4.259999999999991,0.0065310799197937,0.9658200374910042,54.11758668093673,141129400.0,33953500.0,-1.96843830410611,1.4366535188830587,0.0054941910376009,98.47042828008162,1.3000000000000114,12,5.022397995653764,39407400.0,0.0054941910376009595,35155100.0,1,28.120000000000005,57.958749619091115,1.818454593273401,0.024766611519455,175.19,3,0.6461762086729133,1
2019-03-13,0.38966044678067757,54.950677231327674,0.249535393994728,0.5591814818724709,29.71659218572164,0.0075263719331515,2.601092078342501,33953500.0,0.9658200374910042,3.4199999999999875,2.4689045175980158,5.840000000000003,0.0198778520396403,1.1428915470511603,53.83887235424886,32593000.0,42426100.0,-0.36806034736241156,1.7808125486190645,0.0075132335363423,97.05222685036841,2.5900000000000034,13,4.823655281678496,39303200.0,0.0075132335363423675,37121720.0,2,4.759999999999991,59.17303785090748,1.964759674075566,0.0338113557574957,176.6,3,1.2741278594266205,0
2019-03-14,0.5001086326399458,54.11758668093673,-0.4401677269416704,0.53928695882049,28.228968909619578,-0.0017057820128226,2.3538734035662188,42426100.0,1.1428915470511603,3.5200000000000102,2.4892552565686596,1.9800000000000182,0.0307997433354723,0.6987679513182197,57.09701235263735,39407400.0,23751500.0,0.6461762086729133,1.9405623469005264,-0.001694819501723,96.09099647548862,2.1599999999999966,14,4.527679904415747,30518400.0,-0.0016948195017230105,33990540.0,3,5.280000000000001,58.75766064051391,2.03386183511347,0.0113026540366439,177.13,3,1.8679248326209348,1
2019-03-15,0.5591814818724709,53.83887235424886,0.6079826537271331,0.9658200374910042,27.115756473745485,0.0093094508602404,1.3707370280315365,23751500.0,0.6987679513182197,3.960000000000008,2.495329680078605,2.6599999999999966,0.0419466027925454,1.1310015606352704,57.958749619091115,39303200.0,38192000.0,1.2741278594266205,2.3141007372645057,0.0092807424593965,98.35199004975124,4.789999999999992,15,4.359274196957478,33953500.0,0.009280742459396585,33768300.0,4,7.180000000000007,60.39441138931801,2.190863678261508,0.0151300407805693,177.4,3,2.239003192607429,1
2019-03-18,0.53928695882049,57.09701235263735,-0.1376440092165898,1.1428915470511603,26.10177388042364,0.0023934617629888,1.165384056874336,38192000.0,1.1310015606352704,4.030000000000001,2.3881709909446895,1.4399999999999977,0.0212899902707033,0.9615627164129951,59.17303785090748,30518400.0,32935100.0,1.8679248326209348,2.5831903186192418,0.000560695262125,98.3266191509141,7.019999999999982,18,4.1478974686033725,42426100.0,0.0005606952621250993,34251640.0,0,3.719999999999999,60.497356624510545,2.3216102655910618,0.0099971306104066,177.95,3,2.4689045175980158,0
2019-05-29,0.9658200374910042,57.958749619091115,0.7032442516899668,0.6987679513182197,24.581256414729012,-0.00819768122731,1.0570714261661338,32935100.0,0.9615627164129951,-4.509999999999991,2.049393778465051,-0.6800000000000068,-0.0318979266347687,1.1750049447442243,58.75766064051391,33953500.0,42178800.0,2.239003192607429,2.878253521377194,-0.0082258155389036,90.82739386427019,-7.009999999999991,29,4.091619077988844,23751500.0,-0.01356122163070883,35896700.0,2,0.3400000000000034,56.65922009217426,-1.9738532746009407,-0.0125140364462715,176.39,5,2.4892552565686596,1
2019-05-30,1.1428915470511603,59.17303785090748,-0.2803304029512456,1.1310015606352704,23.225639474766616,0.0041917581768804,1.0793145973333678,42178800.0,1.1750049447442243,-6.319999999999993,1.7801946587227275,-1.579999999999984,-0.0234780687216882,0.9065886476612816,60.39441138931801,42426100.0,30354800.0,2.4689045175980158,2.910521335505236,0.0042038288928023,93.12054539820267,-3.1799999999999784,30,3.9065034295610697,38192000.0,0.004203828892802353,33482440.0,3,-0.23999999999998067,57.54617568413668,-2.099117086952816,-0.0077975581201373,176.5,5,2.495329680078605,0
2019-05-31,0.6987679513182197,58.75766064051391,0.4971668401702531,0.9615627164129951,21.61182374340843,-0.0159327414897996,1.8574713995151577,30354800.0,0.9065886476612816,-10.980000000000018,1.3374692953293956,-4.5,-0.0241234221598878,1.201600787702617,60.497356624510545,23751500.0,45446200.0,2.4892552565686596,2.8072503351911706,-0.015952933190021,84.38177874186546,-7.880000000000024,31,3.834610327449565,32935100.0,-0.015952933190021,37821380.0,4,-2.7600000000000193,53.087560459859844,-2.389519024414227,-0.0199386645402291,174.69,5,2.3881709909446895,0
2019-06-03,1.1310015606352704,60.39441138931801,0.6688369984729197,1.1750049447442243,21.060117881873055,-0.0220456446409367,3.2012778698539184,45446200.0,1.201600787702617,-12.919999999999987,0.7416852357735341,-5.909999999999997,-0.0451279748540637,1.6723239658983264,56.65922009217426,38192000.0,75842300.0,2.495329680078605,3.459226149811793,-0.0220178212129921,72.51317012705299,-10.900000000000006,3,3.8949953040603087,42178800.0,-0.022017821212992117,45351440.0,0,-8.22999999999999,47.683882200068325,-2.884169898215447,-0.0337866279538559,173.48,6,2.049393778465051,1
2019-06-04,0.9615627164129951,60.497356624510545,-0.3697738597062588,0.9065886476612816,20.29667972224442,0.0281629910196103,2.600246142198138,75842300.0,1.6723239658983264,-5.039999999999992,0.6296167470194884,-1.8600000000000136,-0.0145360301988844,0.9891114101115016,57.54617568413668,32935100.0,47797800.0,2.3881709909446895,3.4062069161373025,0.0281565953444626,58.024691358024555,-3.3400000000000034,4,3.9632099251988575,30354800.0,0.028156595344462687,48323980.0,1,-3.539999999999992,53.99138301918147,-2.8710995583364536,-0.0098153951111259,172.03,6,1.7801946587227275,1
2019-06-05,1.1750049447442243,56.65922009217426,-0.280035901233948,1.201600787702617,19.18772788489181,0.0074272133095663,2.630288957513283,47797800.0,0.9891114101115016,-5.6200000000000045,0.6024479516326138,2.2600000000000193,0.0010225529739249,0.7357738039749622,53.087560459859844,42178800.0,34412700.0,2.049393778465051,2.9231773048416687,0.0074323938025271,71.3991769547325,-1.9499999999999889,5,3.839409216256083,45446200.0,0.0074323938025271374,46770760.0,2,0.18000000000000682,55.557460330015275,-2.728425080558452,0.0135445596882399,176.58,6,1.3374692953293956,1
2019-06-06,0.9065886476612816,57.54617568413668,-0.1307511471055744,1.6723239658983264,17.81761511103431,0.007962253022707,2.838714497799374,34412700.0,0.7357738039749622,-3.4099999999999966,0.6349255380536656,7.490000000000009,0.0047519375459637,0.6407805590281913,47.683882200068325,30354800.0,29913200.0,1.7801946587227275,2.474721084168916,0.0079450655467907,85.80246913580251,0.1200000000000045,6,3.7301657008092204,75842300.0,0.007945065546790753,46682440.0,3,0.8400000000000034,57.24528526596988,-2.477857611295832,0.0435524573518837,176.51,6,0.7416852357735341,1
2019-06-07,1.201600787702617,53.087560459859844,0.5340485136996376,0.9891114101115016,17.3537308960291,0.0193095377413692,3.993678755235155,29913200.0,0.6407805590281913,2.789999999999992,0.8311885261190362,6.1299999999999955,0.0407588387467663,0.9811301310260278,53.99138301918147,45446200.0,45888300.0,1.3374692953293956,2.8859408248316942,0.019311975677045,94.15999999999985,5.009999999999991,7,3.7608681507514183,47797800.0,0.019311975677045012,46770860.0,4,7.090000000000003,61.13923746569566,-1.9900585101778745,0.0346990040736425,178.56,6,0.6296167470194884,1
2019-06-10,1.6723239658983264,47.683882200068325,-0.0981295885879407,0.7357738039749622,17.502680689300462,0.0116532721010333,3.4264821610533938,45888300.0,0.9811301310260278,4.990000000000009,1.0336868377184607,6.939999999999998,0.0765929931812838,1.0377597891245267,55.557460330015275,75842300.0,41385300.0,0.7416852357735341,3.5999901234412905,0.011654882898807,89.08857509627734,6.379999999999996,10,3.7643775685548886,34412700.0,0.011654882898807006,39879460.0,0,13.030000000000001,63.35053538026342,-1.4232636758526669,0.0389250628651096,182.25,6,0.6024479516326138,1
2019-06-11,0.9891114101115016,53.99138301918147,-0.0030203961309933,0.6407805590281913,17.7405173604139,0.0013618566645861,3.2497184493456555,41385300.0,1.0377597891245267,5.909999999999997,1.1084211971067002,5.789999999999992,0.0485392487565035,1.0696967434374607,57.24528526596988,47797800.0,41260300.0,0.6296167470194884,4.1777384897663286,0.0013650013650012,87.60074395536267,9.450000000000015,11,3.682636313658111,29913200.0,0.0013650013650012838,38571960.0,1,8.490000000000009,63.61471780532563,-0.9438288207448408,0.0323246665069887,185.06,6,0.6349255380536656,0
2019-06-12,0.7357738039749622,55.557460330015275,-0.3272443486838438,0.9811301310260278,17.73924485098868,-0.0057800192667309,2.3654534449060436,41260300.0,1.0696967434374607,6.310000000000002,1.0130304321163912,1.3000000000000114,0.0347880370013051,0.7453631799756398,61.13923746569566,34412700.0,27758100.0,0.6024479516326138,4.430309745879042,-0.0057797164667393,81.02913825170488,12.22,12,3.519590862682532,45888300.0,-0.00577971646673936,37241040.0,2,6.1299999999999955,61.58759493988307,-0.6388148593840697,0.0072351094988885,182.9,6,0.8311885261190362,1
2019-06-13,0.6407805590281913,57.24528526596988,-0.1456259614310777,1.0377597891245267,17.858738311982513,0.0059276147050442,1.011385188747685,27758100.0,0.7453631799756398,6.649999999999977,0.9502699758634972,0.2699999999999818,0.0327121220651989,0.6587436766629001,63.35053538026342,29913200.0,23715800.0,0.6349255380536656,4.722935174936585,0.0059230009871666,87.72473651580894,8.509999999999991,13,3.37747722963378,41385300.0,0.005923000987166693,36001560.0,3,5.809999999999974,62.88528555696682,-0.3096009026554611,0.0015094521028993,183.1,6,1.0336868377184607,0
2019-06-14,0.9811301310260278,61.13923746569566,-0.0367560866595265,1.0696967434374607,17.72139561482961,-0.0042495325514193,0.4805205510883637,23715800.0,0.6587436766629001,8.689999999999998,0.7903848596009468,-0.7600000000000193,0.0088378258948298,0.7276878206157351,63.61471780532563,45888300.0,22844100.0,0.8311885261190362,4.566080740998808,-0.0042525351651946,82.88902665840038,6.429999999999978,14,3.241943141802795,41260300.0,-0.0042525351651946375,31392720.0,4,1.5999999999999943,61.27523258965239,-0.1079705843905287,-0.0041019371131061,182.48,6,1.1084211971067002,1
2019-06-17,1.0377597891245267,63.35053538026342,-0.107887813483569,0.7453631799756398,17.850641691502503,0.0060316376465232,0.5896778781829098,22844100.0,0.7276878206157351,13.620000000000005,0.6961810910574959,1.4000000000000057,0.0032214032214032,0.7494788824179267,61.58759493988307,41385300.0,20379500.0,1.0336868377184607,3.325331061210907,0.0060227770477443,89.70861748295104,6.129999999999996,17,3.1253757745311677,27758100.0,0.006022777047744343,27191560.0,0,0.5900000000000034,62.724656901612974,0.1357907257531394,0.0077097198001481,183.04,6,1.0130304321163912,1
2019-06-18,1.0696967434374607,63.61471780532563,1.3640079491646016,0.6587436766629001,18.67732129753673,0.0145361990950225,1.6122034611110532,20379500.0,0.7494788824179267,11.5,0.7466904306809043,2.990000000000009,0.0164122137404578,1.6859971107571103,62.88528555696682,41260300.0,48177300.0,1.1084211971067002,3.0187826832809144,0.0145314030695546,92.89972899728996,5.3700000000000045,18,3.186420362064655,23715800.0,0.014531403069554694,28574960.0,1,3.009999999999991,66.0466074133607,0.5302385815550963,0.0163183041901264,185.91,6,0.9502699758634972,1
2019-06-19,0.7453631799756398,61.58759493988307,-0.342576275548858,0.7276878206157351,19.444952360282795,0.0037352957573728,1.9703629107397267,48177300.0,1.6859971107571103,10.900000000000006,0.757832703646458,4.470000000000027,0.0261599210266536,1.078853679007232,61.27523258965239,27758100.0,31672900.0,1.0130304321163912,2.6417931620585686,0.0037551633496057,96.69376693766947,3.960000000000008,19,3.098818907631466,22844100.0,0.0037551633496057946,29357920.0,2,4.77000000000001,66.87996942558937,0.8866836129491844,0.0243031324989186,186.66,6,0.7903848596009468,1
2019-06-20,0.6587436766629001,62.88528555696682,0.2920193603995844,0.7494788824179267,20.58091603194824,0.0092757165074428,2.530187740073641,31672900.0,1.078853679007232,11.23999999999998,0.8083594818820647,5.109999999999985,0.0296041871115473,1.2476539033316707,62.724656901612974,23715800.0,40922000.0,0.9502699758634972,2.4361855430136656,0.0092993426326759,95.55880917520743,5.449999999999989,20,3.066760414229217,20379500.0,0.009299342632675955,32799160.0,3,5.430000000000007,68.92189957733173,1.28906437984827,0.0275472113598382,189.72,6,0.6961810910574959,0
2019-06-21,0.7276878206157351,61.27523258965239,-0.0230096280729191,1.6859971107571103,21.637610704236057,-0.0014308513565572,2.0527250181208347,40922000.0,1.2476539033316707,7.530000000000001,0.7501689121244226,2.1599999999999966,0.0324682435392027,1.1036254755507169,66.0466074133607,22844100.0,39980400.0,0.7903848596009468,2.510104247500976,-0.0014826581943341,93.47826086956513,6.22999999999999,21,2.961991813212846,48177300.0,-0.00148265819433413,36226420.0,4,5.930000000000007,68.19330595611554,1.5688890333464087,0.0115801609082584,188.63,6,0.7466904306809043,0
2019-06-24,0.7494788824179267,62.724656901612974,-0.5153825374433472,1.078853679007232,22.572632630808442,0.0,1.0284940447175055,39980400.0,1.1036254755507169,5.009999999999991,0.6168807776811036,1.049999999999983,0.0240557309241318,0.537818149114129,66.87996942558937,20379500.0,19375200.0,0.6961810910574959,2.6061772771608087,-0.0021742588959007,89.53866146848594,4.740000000000009,24,2.7975638265547857,31672900.0,-0.002174258895900727,36025560.0,0,4.4199999999999875,67.07515530330485,1.770245795678619,0.0078448651508855,188.53,6,0.757832703646458,1
2019-09-04,1.6859971107571103,66.0466074133607,-0.2278663433961993,1.2476539033316707,22.945627170260714,0.0144109925710775,0.6644396135236479,19375200.0,0.537818149114129,1.3600000000000136,0.4791183777698733,-0.5199999999999818,0.0211462343436534,0.703130596980903,68.92189957733173,48177300.0,21592100.0,0.7466904306809043,2.1585954795730924,0.0144357662267708,89.74358974358978,6.260000000000019,4,2.7113092675151584,40922000.0,0.0009034863945578397,30708520.0,2,1.920000000000016,67.3144669835854,-0.403572237493961,0.00230313432012,187.44,9,0.8083594818820647,1
2019-09-05,1.078853679007232,66.87996942558937,0.5715284756924985,1.1036254755507169,24.091504259437233,0.0183359947139474,1.4995899439578955,21592100.0,0.703130596980903,29.72,0.5540032572125435,3.210000000000008,0.812151563828782,1.088963385007795,68.19330595611554,31672900.0,33932600.0,0.757832703646458,122.33922231057362,-0.3359878124783602,96.07142857142848,-114.4,5,2.80335860554979,39980400.0,0.01831890829926186,31160460.0,3,4.6699999999999875,71.79492379609482,0.0330072663658143,0.0230119355675627,190.41,9,0.7501689121244226,0
2019-09-06,1.2476539033316707,68.92189957733173,-0.425690928487649,0.537818149114129,25.15553298510114,-0.0009732886341516,1.8318651697163082,33932600.0,1.088963385007795,3.569999999999993,0.5246867607872225,3.430000000000007,0.0195295870583227,0.7251646782234772,67.07515530330485,40922000.0,19487800.0,0.8083594818820647,3.123624141564903,-0.0009907185316508,92.87776708373428,7.159999999999997,6,2.674547276581948,19375200.0,-0.0009907185316508915,26873620.0,4,2.740000000000009,71.21594434434505,0.3603216096591666,0.0317736986508733,192.1,9,0.6168807776811036,0
2019-09-09,1.1036254755507169,68.19330595611554,0.2524553823417728,0.703130596980903,25.72079244846006,-0.0021108465035721,1.8073876175352777,19487800.0,0.7251646782234772,9.120000000000005,0.41699810320698383,2.859999999999985,0.0198431749079852,1.027296534458855,67.3144669835854,39980400.0,24407600.0,0.7501689121244226,2.8731981793408456,-0.0020877916383945,89.02791145332037,6.099999999999994,9,2.6299367568260954,21592100.0,-0.002087791638394565,23759060.0,0,2.6200000000000045,69.93724337081507,0.5815471309327904,0.0152518595762235,192.19,9,0.4791183777698733,0
2019-09-10,0.537818149114129,67.07515530330485,-0.0271595732476769,1.088963385007795,25.680344703345337,-0.0028746542279112,1.3981165902813455,24407600.0,1.027296534458855,5.819999999999993,0.2553094381134926,-1.1400000000000148,0.0268785348774573,0.9639401842084752,71.79492379609482,19375200.0,23744700.0,0.6168807776811036,2.7845025488288724,-0.0028767194936973,83.73435996150121,2.719999999999999,10,2.60494127419566,33932600.0,-0.0028767194936973883,24632960.0,1,2.4799999999999898,68.12593816286348,0.7059654495268433,-0.005958789365635,190.16,9,0.5540032572125435,1
2019-09-11,0.703130596980903,67.3144669835854,0.0555450268902113,0.7251646782234772,26.073034674495773,0.0094103568320278,0.6677799038756044,23744700.0,0.9639401842084752,8.0,0.217002032946783,0.8400000000000034,0.0217702968194126,0.989589872730015,71.21594434434505,21592100.0,25063600.0,0.4791183777698733,2.6607661803805884,0.0093894250944188,99.05571293673282,4.960000000000008,11,2.5595883260388272,19487800.0,0.009389425094418868,25327260.0,2,4.099999999999994,70.77847277977236,0.9334046968637892,0.0044248561005444,191.0,9,0.5246867607872225,1
2019-09-12,1.088963385007795,71.79492379609482,0.1446839240970969,1.027296534458855,26.907017763185053,0.0041493775933609,1.0249780485552578,25063600.0,0.989589872730015,8.139999999999986,0.19436166998126758,2.039999999999992,0.0075607466889142,1.1816891500046132,69.93724337081507,33932600.0,28689900.0,0.5540032572125435,2.5009644806202576,0.0041573559216336,88.41033672670306,7.579999999999984,12,2.5396177313217683,24407600.0,0.0041573559216336875,24278720.0,3,1.4499999999999886,71.90383500582453,1.1623852502261514,0.0106850801974776,193.61,9,0.41699810320698383,0
2019-09-13,0.7251646782234772,71.21594434434505,-0.0355560667691418,0.9639401842084752,27.37567293146918,-0.0035955779757433,1.0600613189906356,28689900.0,1.1816891500046132,4.6200000000000045,0.08719664213491995,1.9000000000000057,0.0049585051411868,1.0677087352865817,68.12593816286348,19487800.0,27669800.0,0.5246867607872225,2.4960335200722685,-0.0035708740878744,81.7186183656275,4.20999999999998,13,2.4375021790845,23744700.0,-0.003570874087874487,25915120.0,4,0.9499999999999886,69.42057928843693,1.2750921196670504,0.0099641564496454,192.95,9,0.2553094381134926,0
2019-09-16,1.027296534458855,69.93724337081507,-0.2656614793023441,0.989589872730015,27.287602486456414,-0.0044164377659288,0.9858143841617326,27669800.0,1.0677087352865817,4.210000000000008,-0.07837678193680553,-0.75,0.0025628955489305,0.8096057758971049,70.77847277977236,24407600.0,20319000.0,0.41699810320698383,2.276377238799527,-0.0044666043419548,67.34913793103448,-0.0999999999999943,16,2.3655377377213194,25063600.0,-0.004466604341954894,25097400.0,0,0.4900000000000091,66.34510351844469,1.283451152765565,-0.0038626381483112,191.3,9,0.217002032946783,1
2019-09-17,0.9639401842084752,68.12593816286348,0.0312220089571337,1.1816891500046132,27.339748428923176,0.0047606167162563,0.5526572174686889,20319000.0,0.8096057758971049,6.949999999999989,-0.1581057465815512,-0.6299999999999955,0.0102811582039445,0.8538767047255935,71.90383500582453,23744700.0,20953400.0,0.2553094381134926,1.37642411099374,0.0047996661101836,76.91466083150974,1.009999999999991,17,2.2901421850269394,28689900.0,0.004799666110183676,24539140.0,1,1.960000000000008,67.97938838396641,1.3455734590077952,-0.0032513990254158,191.7,9,0.19436166998126758,0
2019-09-18,0.989589872730015,70.77847277977236,0.4213110998692335,1.0677087352865817,26.85401978365648,-0.0003768911861303,0.5514344929547275,20953400.0,0.8538767047255935,4.189999999999998,-0.24330685190811607,-0.01999999999998181,0.0004677025411838,1.1686879088070798,69.42057928843693,25063600.0,29781300.0,0.217002032946783,0.7774888352128866,-0.0004153686396676,71.95902688860438,1.3300000000000125,18,2.3044177432392994,27669800.0,-0.0004153686396676237,25482680.0,2,0.09000000000000341,67.67165603819343,1.3733265655052094,-3.271223580281202e-05,192.2,9,0.08719664213491995,1
2019-09-19,1.1816891500046132,71.90383500582453,-0.1256459590414118,0.8096057758971049,26.807642906041384,0.0016158569427986,0.44145214918519277,29781300.0,1.1686879088070798,1.0600000000000025,-0.3013897952132423,1.1599999999999966,-0.0020183201366247,1.0435554159129037,66.34510351844469,28689900.0,26039400.0,0.19436166998126758,0.8125980282694614,0.0016621649698731,76.05633802816897,2.200000000000017,19,2.25195933300792,20319000.0,0.0016621649698731478,24952580.0,3,-0.38999999999998636,68.29000933885388,1.4033516311028222,0.0059995824729246,192.86,9,-0.07837678193680553,0
2019-09-20,1.0677087352865817,69.42057928843693,0.1170034639815049,0.8538767047255935,25.77602332752017,-0.0105399010539901,0.8425675047259902,26039400.0,1.0435554159129037,-0.789999999999992,-0.4893535543653478,-1.799999999999983,-0.00903708320349,1.1525711052217797,67.97938838396641,27669800.0,29086100.0,0.08719664213491995,0.9037827910096244,-0.0105787181082762,49.93597951344436,-1.6299999999999957,20,2.3161050949359265,20953400.0,-0.010578718108276264,25235840.0,4,-1.7399999999999807,60.36333003597503,1.254529655361921,-0.0093009352973219,193.11,9,-0.1581057465815512,0
2019-09-23,0.8096057758971049,66.34510351844469,-0.2269193876112645,1.1686879088070798,24.641519369089583,0.0004347826086956,1.1086568450247134,29086100.0,1.1525711052217797,-0.6899999999999977,-0.6367126510514907,-2.0200000000000102,-0.0061560934891485,0.8759868823439123,67.67165603819343,20319000.0,22485900.0,-0.07837678193680553,0.9979178322846876,-0.0015723270440252,46.09475032010235,-2.7299999999999898,23,2.2470975881547885,29781300.0,-0.0015723270440252124,25669220.0,0,-1.1800000000000068,59.27371759544743,1.1300163734524915,-0.0084892615024958,190.36,9,-0.24330685190811607,1
2019-12-03,0.8538767047255935,67.97938838396641,0.1105830685185846,1.0435554159129037,25.90131730036639,-0.0078507340946165,4.477418899323624,22485900.0,0.8759868823439123,-1.6599999999999966,-0.034049516277884884,8.569999999999993,-0.0137596709431006,1.1229176414184299,68.29000933885388,20953400.0,31104100.0,-0.1581057465815512,1.598680358573351,-0.0078325123152709,99.36406995230514,-0.289999999999992,3,2.8715906175723043,26039400.0,0.057270341207348974,27699360.0,1,8.810000000000002,76.14086719007486,2.001774160727706,-0.0226139990841298,200.21,12,-0.3013897952132423,1
2019-12-04,1.1686879088070798,67.67165603819343,-0.5081002182991953,1.1525711052217797,27.27770773659226,0.0050868358853151,5.853898700867711,31104100.0,1.1229176414184299,-0.9399999999999976,0.3760413360294512,11.629999999999995,-0.0106544157177068,0.6168619109208842,60.36333003597503,29781300.0,15300100.0,-0.24330685190811607,1.624345680231936,0.0050642967082072,96.57142857142864,0.5999999999999943,4,2.7736198591742824,29086100.0,0.005064296708207294,24803120.0,2,9.909999999999997,77.0959463845586,1.8181696110563903,-0.0130065946117435,202.44,12,-0.4893535543653478,1
2019-12-05,1.0435554159129037,68.29000933885388,-0.0220782870700191,0.8759868823439123,28.438909459939442,0.0019426409692755,6.3609692657661006,15300100.0,0.6168619109208842,0.6800000000000068,0.6035099464739391,12.330000000000013,-0.0155794991263831,0.6624091873010532,59.27371759544743,26039400.0,14962300.0,-0.3013897952132423,1.5870311206076233,0.0019759917008348,97.75280898876409,-1.3899999999999864,5,2.669075583518977,22485900.0,0.001975991700834845,22587700.0,3,9.990000000000009,77.47671484497988,1.683913401358808,-0.0008212572400259,203.15,12,-0.6367126510514907,1
2019-12-06,1.1525711052217797,60.36333003597503,0.1064675885391952,1.1229176414184299,29.819111219419458,0.0107148323894075,5.7054824511185025,14962300.0,0.6624091873010532,3.300000000000012,0.8161719369777103,3.5900000000000034,-0.000487567040468,0.8244039052781809,76.14086719007486,29086100.0,16555300.0,-0.4893535543653478,1.5562351293353154,0.0106986146033623,99.07635467980293,0.3899999999999863,6,2.644141613267621,31104100.0,0.0106986146033623,20081540.0,4,14.199999999999989,79.47063832762956,1.7270583834891229,0.0177443092439981,204.31,12,-0.034049516277884884,0
2019-12-09,0.8759868823439123,59.27371759544743,-0.1553097799496233,0.6168619109208842,31.165755477130176,-0.0045433893684688,1.406883079726743,16555300.0,0.8244039052781809,2.2399999999999807,0.8087103532313336,1.6399999999999864,0.0052709359605911,0.7607835840789329,77.0959463845586,22485900.0,13984100.0,-0.6367126510514907,1.4209734535012388,-0.0045365853658536,90.42218021424065,-1.9699999999999989,9,2.5702743551770775,15300100.0,-0.0045365853658536626,18381180.0,0,13.569999999999993,76.35103358736686,1.6693849833520176,0.0081140839902141,204.63,12,0.3760413360294512,0
2019-12-10,1.1229176414184299,76.14086719007486,0.5588990353329852,0.6624091873010532,32.17711106282966,-0.0008114001724225,1.027389896787703,13984100.0,0.7607835840789329,-0.3199999999999932,0.7103289362180476,1.0699999999999932,0.0123628419641528,1.3195749234881649,77.47671484497988,31104100.0,21799800.0,-0.034049516277884884,1.4158346576410106,-0.0008330474837064,89.35097668557027,-1.1999999999999886,10,2.4895404726644292,14962300.0,-0.000833047483706495,16520320.0,1,2.490000000000009,75.76554922215198,1.5924114079357423,0.0053600428485161,204.17,12,0.6035099464739391,1
2019-12-11,0.6168619109208842,77.0959463845586,-0.1384875090597161,0.8244039052781809,33.16984236970954,0.0052783840024361,0.8975689388684921,21799800.0,1.3195749234881649,0.3699999999999761,0.6382711420120133,-0.020000000000010232,0.0125969470928222,1.0908630461779019,79.47063832762956,15300100.0,18780800.0,0.3760413360294512,1.4427997474046044,0.0052967140755271,96.15626969124125,1.9799999999999895,11,2.403859010331255,16555300.0,0.00529671407552712,17216460.0,2,2.549999999999983,76.97360199384018,1.5969203000405514,-7.640553845522646e-05,204.36,12,0.8161719369777103,1
2019-12-12,0.6624091873010532,77.47671484497988,0.7364542511501107,0.7607835840789329,34.44686239817133,0.0074721058211744,1.0364699706318645,18780800.0,1.0908630461779019,0.4699999999999988,0.6137530729267473,2.4399999999999977,0.0181432726914163,1.5719353719199476,76.35103358736686,14962300.0,32612000.0,0.6035099464739391,1.5263613231763309,0.0074641428432042,95.39772727272725,5.099999999999994,12,2.43429765245045,13984100.0,0.007464142843204291,20746400.0,3,3.6799999999999784,78.60101665339103,1.7003170639398777,0.011939089651188,204.77,12,0.8087103532313336,1
2019-12-13,0.8244039052781809,79.47063832762956,-0.0028394456028455,1.3195749234881649,35.72627714750056,0.0033074417439238,1.4668844535346637,32612000.0,1.5719353719199476,2.0900000000000034,0.5646733785975293,3.289999999999992,0.0106829268292683,1.3584151864597092,75.76554922215198,16555300.0,32519400.0,0.8161719369777103,1.820230754602244,0.0032928187496974,96.04178119846071,4.759999999999991,13,2.399704962989703,21799800.0,0.003292818749697446,23939220.0,4,2.1899999999999977,79.30121212196266,1.8145986645568253,0.0160579315675344,206.4,12,0.7103289362180476,1
2019-12-16,0.7607835840789329,76.35103358736686,-0.3451109184056287,1.0908630461779019,37.16393631099695,0.010039458568503,2.0697222035872,32519400.0,1.3584151864597092,6.27000000000001,0.5908294965735505,4.2900000000000205,0.0254814524427893,0.8383920458929552,76.97360199384018,13984100.0,21296600.0,0.8087103532313336,2.380604265027463,0.0100390945508954,98.68753154972241,6.439999999999998,16,2.395440322776153,18780800.0,0.010039094550895467,25401720.0,0,5.200000000000017,81.31518686392417,2.0437982244184525,0.0208190061336013,208.55,12,0.6382711420120133,1
2019-12-17,1.3195749234881649,75.76554922215198,-0.2488894940976493,1.5719353719199476,38.52634387418267,0.0005439620215608,1.8792604928593615,21296600.0,0.8383920458929552,7.97999999999999,0.5363415761994723,2.8799999999999955,0.0269249632172632,0.6598784372578996,78.60101665339103,21799800.0,15996100.0,0.7103289362180476,2.469093625874508,0.0005734218951591,98.39919959979979,4.389999999999986,17,2.2721945854350003,32612000.0,0.0005734218951591874,24240980.0,1,5.489999999999981,81.42746183699495,2.208854310071672,0.0138908623339877,209.54,12,0.6137530729267473,1
2019-12-18,1.0908630461779019,76.97360199384018,-0.0345584236157563,1.3584151864597092,39.858321842244514,0.0007907873276331,1.422504833039997,15996100.0,0.6598784372578996,7.1200000000000045,0.43549415735505725,2.3600000000000136,0.0222948580349302,0.6551132883223012,79.30121212196266,18780800.0,15443300.0,0.6382711420120133,2.4936428061063003,0.0007641243612399,97.15825575698196,5.480000000000018,18,2.167037829332499,32519400.0,0.0007641243612399595,23573480.0,2,4.570000000000022,81.58633765361249,2.32576315997008,0.011374207917697,209.57,12,0.5646733785975293,1
2019-12-19,1.5719353719199476,78.60101665339103,0.1568706170313338,0.8383920458929552,41.223777957888295,0.0062225295076299,1.3177329016239447,15443300.0,0.6551132883223012,8.030000000000001,0.3832738254547321,1.5900000000000034,0.0210643552370346,0.8662565347799145,81.31518686392417,32612000.0,17865900.0,0.6137530729267473,2.555316027422398,0.0062514912908613,99.6699669966997,6.960000000000008,19,2.1108208415230347,21296600.0,0.006251491290861333,20624260.0,3,4.350000000000023,82.87780096758006,2.4913668097768777,0.0075572788568238,209.64,12,0.5908294965735505,1
2019-12-20,1.3584151864597092,79.30121212196266,0.5489060164895136,0.6598784372578996,42.733647444183816,0.0040245398773006,1.078137282549113,17865900.0,0.8662565347799145,6.710000000000008,0.33403980174326353,2.3200000000000216,0.0218157246971379,1.40792372385512,81.42746183699495,32519400.0,27672600.0,0.5646733785975293,2.8182384174835176,0.0040311106895569,93.90519187358916,6.730000000000018,20,2.078619352842818,15996100.0,0.0040311106895569715,19654900.0,4,4.52000000000001,83.67773581273009,2.658134719912937,0.0110378567125637,211.86,12,0.5363415761994723,1
2019-12-23,0.8383920458929552,81.31518686392417,-0.1408577437609766,0.6551132883223012,44.13566911002966,0.0026396832380115,1.152163182896612,27672600.0,1.40792372385512,7.740000000000009,0.24063387488783228,2.259999999999991,0.0121374301142065,1.1798554081979027,81.58633765361249,21296600.0,23774700.0,0.5908294965735505,2.7596499375428927,0.0004723442444853,93.35205992509356,5.300000000000011,23,1.9672893990683316,15443300.0,0.0004723442444853898,20150520.0,0,2.539999999999992,83.77378156219886,2.801578128482077,0.0128867526229421,212.0,12,0.43549415735505725,0
2020-03-06,0.6598784372578996,81.42746183699495,0.1413230333331216,0.8662565347799145,41.44429106218534,-0.0168862859931674,1.6048520181070907,23774700.0,1.1798554081979027,-22.25,-0.12436081760138418,-2.8400000000000034,0.0107871720116619,2.572627987872949,82.87780096758006,15996100.0,89828400.0,0.5363415761994723,5.497473055868923,-0.0168722529420104,57.86516853932587,-8.45999999999998,6,2.462483013420594,17865900.0,-0.01789339502384213,34916980.0,4,-1.3699999999999761,67.55015352475147,-3.5412506107568618,-0.0055631136607577,204.67,3,0.3832738254547321,0
2020-03-09,0.6551132883223012,81.58633765361249,0.2960711757083505,1.40792372385512,40.41597877930154,-0.0694499602859413,7.7691202848213194,89828400.0,2.572627987872949,-27.819999999999997,-1.3204613147730573,-18.140000000000015,-0.1055817392107938,2.1124552556632614,83.67773581273009,15443300.0,116424000.0,0.43549415735505725,7.400380545770963,-0.069464474569753,7.153356197942086,-12.069999999999991,9,3.4230199410334086,27672600.0,-0.06946447456975302,55113120.0,0,-15.980000000000018,37.6290949649273,-4.992716586145434,-0.1167167119236288,193.48,3,0.33403980174326353,1
2020-03-10,0.8662565347799145,82.87780096758006,-0.135923864495293,1.1798554081979027,38.64708360694818,0.0544678580954922,7.556386702652394,116424000.0,2.1124552556632614,-11.259999999999993,-1.3769682473588443,-7.699999999999989,-0.0256349054802366,1.4038446671201057,83.77378156219886,17865900.0,100599200.0,0.3832738254547321,7.359014200285413,0.0544505863511908,58.79470847623715,-1.6899999999999975,10,3.944947088102452,23774700.0,0.05445058635119082,71659780.0,1,-6.75,53.72882486718252,-5.258535038815751,-0.0318683881836164,201.11,3,0.24063387488783228,0
2020-03-11,1.40792372385512,83.67773581273009,-0.1136231699655663,2.572627987872949,37.17562628712869,-0.0435596478801982,7.944673058095063,100599200.0,1.4038446671201057,-21.25999999999999,-1.953076643288397,-12.800000000000011,-0.1053982219778205,1.0620514627255058,67.55015352475147,27672600.0,89168800.0,0.33403980174326353,7.981131985989129,-0.0435549458625251,15.237628613424722,-21.19999999999999,11,4.4760222960951355,89828400.0,-0.043554945862525174,83959020.0,2,-16.49000000000001,43.52389296007181,-6.093708640892885,-0.0585417500706473,199.35,3,-0.12436081760138418,0
2020-03-12,1.1798554081979027,83.77378156219886,0.5456157310628831,2.1124552556632614,37.781998336997674,-0.0917217667283787,11.885796986320313,89168800.0,1.0620514627255058,-28.319999999999997,-3.395206310260346,-16.25,-0.1619641760007562,1.2908401020453464,37.6290949649273,23774700.0,137820700.0,0.24063387488783228,12.298171725007618,-0.0916914250589079,1.068015739179301,-32.16,12,5.462020703516911,116424000.0,-0.09169142505890793,106768220.0,3,-34.49000000000001,30.827568881268263,-8.061850823250808,-0.0808135565130847,182.09,3,-1.3204613147730573,1
2020-03-13,2.572627987872949,67.55015352475147,-0.0213226315060074,1.4038446671201057,37.52957944289698,0.0847358919107796,9.66685936589649,137820700.0,1.2908401020453464,-13.460000000000008,-3.19592665731444,-11.77000000000001,-0.0753773675608114,1.1649959828618228,53.72882486718252,89828400.0,134882000.0,-0.12436081760138418,12.80247671351126,0.0847056169636815,43.282743114109046,-25.879999999999995,13,6.297590653265702,100599200.0,0.08470561696368151,115778940.0,4,-15.680000000000007,45.257821325939545,-8.351285857026937,-0.0505455226977973,187.07,3,-1.3769682473588443,0
2020-03-16,2.1124552556632614,37.6290949649273,-0.3175190166219361,1.0620514627255058,38.09298130892084,-0.1197788038226135,14.08601860001684,134882000.0,1.1649959828618228,-47.119999999999976,-4.399906132307099,-25.919999999999987,-0.1253809991217646,0.8300291546766774,43.52389296007181,116424000.0,92054400.0,-1.3204613147730573,15.541098952991112,-0.1197878756368929,0.3228782287823218,-42.28999999999999,16,7.503477035175296,89168800.0,-0.11978787563689297,110905020.0,0,-24.269999999999982,33.65849418420282,-10.262594947797112,-0.1267646786402125,174.15,3,-1.953076643288397,1
2020-03-17,1.4038446671201057,53.72882486718252,0.3172330708798276,1.2908401020453464,38.61614018451443,0.0758157974992377,10.687697600513411,92054400.0,0.8300291546766774,-27.340000000000003,-4.1205005956210625,4.819999999999993,-0.1076380383126747,1.0540740946794325,30.827568881268263,100599200.0,121257100.0,-1.3769682473588443,15.685077869675071,0.075841701122268,29.935424354243512,-25.880000000000024,17,8.045371532662774,137820700.0,0.07584170112226807,115036600.0,1,-21.970000000000027,42.502611693629945,-10.65153973460798,0.0407728855874038,175.47,3,-3.395206310260346,0
2020-03-18,1.0620514627255058,43.52389296007181,-0.0585598698962782,1.1649959828618228,39.341426037385745,-0.0303889329855991,8.500435282973454,121257100.0,1.0540740946794325,-41.620000000000005,-4.089562178106515,-15.740000000000009,-0.0953795717651879,0.9510322483360978,45.257821325939545,89168800.0,114156300.0,-1.953076643288397,14.358880682157466,-0.0304161633907982,21.434820647419034,-16.97,18,8.56641642318686,134882000.0,-0.030416163390798223,120034100.0,2,-18.620000000000005,40.0234055291616,-11.262461835561112,-0.0743519393089749,171.61,3,-3.19592665731444,1
2020-03-19,1.2908401020453464,30.827568881268263,0.0590436095073159,0.8300291546766774,39.09483231509796,0.0059642147117295,8.479570743853724,114156300.0,0.9510322483360978,-33.93000000000001,-3.7854624596162205,8.359999999999985,0.0019174374013084,1.0364103467094434,33.65849418420282,137820700.0,120896500.0,-3.395206310260346,12.89231105909382,0.0060022650056625,23.753280839894984,-26.450000000000017,19,8.801672392959228,92054400.0,0.006002265005662588,116649260.0,3,0.3400000000000034,40.735718468422384,-11.531389842455326,0.0513910792253681,175.69,3,-4.399906132307099,0
2020-03-20,1.1649959828618228,45.257821325939545,-0.0158201436766159,1.0540740946794325,39.01390428928072,-0.0391769355963728,5.272646394365932,120896500.0,1.0364103467094434,-37.32000000000002,-3.8292817685842757,-11.439999999999998,-0.1125090984714568,1.0485967876517455,42.502611693629945,134882000.0,118983900.0,-3.19592665731444,11.677853874368235,-0.039175954069571,8.530183727034071,-24.52000000000001,20,9.085124364890712,121257100.0,-0.039175954069571084,113469640.0,4,-21.640000000000015,37.57976126366152,-12.148340390962687,-0.0636016538702424,181.74,3,-4.1205005956210625,0
2020-03-23,0.8300291546766774,33.65849418420282,0.0475350026348102,0.9510322483360978,39.40522151019248,0.0007259528130669,4.959991935479339,118983900.0,1.0485967876517455,-23.109999999999985,-3.6512904944780713,-6.139999999999986,0.00685174246899,1.038779958315387,40.0234055291616,92054400.0,124639800.0,-4.399906132307099,11.836305025921368,-0.0014059753954304,11.62008825383484,-6.859999999999985,23,9.099044053112804,114156300.0,-0.0014059753954304144,119986720.0,0,1.1599999999999966,37.471953819878934,-12.483690930209605,-0.0324867680715762,170.92,3,-4.089562178106515,1
2020-05-11,1.0540740946794325,42.502611693629945,0.1212408523089385,1.0364103467094434,38.99456221338826,0.0089821731359698,23.937237100384408,124639800.0,1.038779958315387,-61.94999999999999,0.27998944409635396,49.21000000000001,0.4897235537461424,0.34714961743080064,40.735718468422384,121257100.0,35714100.0,-4.1205005956210625,64.9300460838045,0.4685092886270956,98.31746031746032,-65.57999999999998,11,12.554112335033318,120896500.0,0.3309280769682037,102878120.0,0,44.73000000000002,63.775934036889154,5.951772482844717,0.0355317760342304,223.49,5,-3.7854624596162205,1
2020-06-03,0.9510322483360978,40.0234055291616,0.1151859906420555,1.0485967876517455,39.05745607874815,0.0045043075173831,32.54319176110448,35714100.0,0.34714961743080064,9.829999999999984,3.383770703918557,65.99000000000001,0.0277910460723436,0.4255068428644251,37.57976126366152,114156300.0,37228700.0,-4.089562178106515,2.8388683191288595,0.0044985782795059,98.9247311827957,7.030000000000001,3,12.414532882530938,118983900.0,0.043284700489266914,87492600.0,2,60.09,66.4239256209707,5.748272334496193,0.0142429790930518,236.26,6,-3.8292817685842757,0
2020-06-04,1.0364103467094434,40.735718468422384,0.0399530469771975,1.038779958315387,38.94236443669542,-0.0070526774053111,34.315969314591975,37228700.0,0.4255068428644251,3.640000000000015,5.065847402289625,64.57,0.0219139962607068,0.5448634411029417,37.471953819878934,120896500.0,38716100.0,-3.7854624596162205,2.9955329705743825,-0.0070133930457559,96.2119132583036,5.990000000000009,4,11.821351962350155,124639800.0,-0.007013393045755989,71056520.0,3,57.370000000000005,65.55158938244927,5.635947124721156,0.0041875638974026,236.33,6,-3.6512904944780713,1
2020-06-05,1.0485967876517455,37.57976126366152,0.2234083494980123,0.34714961743080064,38.95764529843398,0.0198614521220623,29.061504090463334,38716100.0,0.5448634411029417,10.819999999999991,6.160431528891131,12.819999999999993,0.0271254713747,0.8348882816766157,63.775934036889154,118983900.0,47365600.0,-3.8292817685842757,3.5390086496423425,0.0198272560949666,99.19065941355976,9.400000000000006,5,11.353398250753715,35714100.0,0.019827256094966605,56732860.0,4,68.99000000000001,66.86706206738288,5.845083246695509,0.0173130822341344,236.22,6,0.27998944409635396,1
2020-06-08,1.038779958315387,37.471953819878934,-0.3046155859948992,0.4255068428644251,39.041062007938365,0.0077382743648166,5.683016804481296,47365600.0,0.8348882816766157,11.890000000000017,6.636676456228013,4.860000000000014,0.0320003417927028,0.857912876416037,66.4239256209707,124639800.0,32937300.0,-3.6512904944780713,4.114346309631386,0.0077600233635113,99.83061889250814,11.560000000000002,8,10.81172694712845,37228700.0,0.007760023363511337,38392360.0,0,71.09,67.40213564366289,6.085915442012208,0.0205470490815679,239.54,6,3.383770703918557,1
2020-06-09,0.34714961743080064,63.775934036889154,0.0640307493328233,0.5448634411029417,39.247422082815056,0.0072522503306173,3.4002970458500803,32937300.0,0.857912876416037,14.26000000000002,6.678246535513049,8.27000000000001,0.0325510333998217,0.9160323899338192,65.55158938244927,35714100.0,35046300.0,0.27998944409635396,4.455995835827455,0.0072448768370938,98.88958990536278,9.939999999999998,9,10.304460736619276,38716100.0,0.00724487683709385,38258800.0,1,16.430000000000007,67.92694750328913,6.34085900880433,0.0348519768174964,240.66,6,5.065847402289625,1
2020-06-10,0.4255068428644251,66.4239256209707,0.6573618327754998,0.8348882816766157,39.62622210566038,0.0119859387573588,4.1854832456977675,35046300.0,0.9160323899338192,15.930000000000009,6.504637260784813,6.530000000000001,0.0402636359795514,1.3689484359393391,66.86706206738288,37228700.0,58084400.0,3.383770703918557,5.016386038664943,0.0120016440608301,98.06973096875377,12.159999999999997,10,9.891284969717898,47365600.0,0.012001644060830152,42429940.0,2,9.530000000000001,68.82872328772686,6.6940956037690285,0.0269764634527929,245.05,6,6.160431528891131,0
2020-06-11,0.5448634411029417,65.55158938244927,0.2554042049156055,0.857912876416037,38.703189864674876,-0.0495521888340169,4.562557396901073,58084400.0,1.3689484359393391,4.030000000000001,5.225510159741607,-7.530000000000001,-0.0042973237459047,1.4799779178658268,67.40213564366289,38716100.0,72919400.0,5.065847402289625,4.473927556163788,-0.0495491836568922,83.35142960550128,-1.6099999999999852,11,10.060478900452333,32937300.0,-0.049549183656892204,49270600.0,3,-1.009999999999991,61.09915654737024,5.950060507473353,-0.0303139997460406,242.16,6,6.636676456228013,1
2020-06-12,0.8348882816766157,66.86706206738288,-0.0121312023960701,0.9160323899338192,37.599765902001174,0.007970057243505,5.111935054362169,72919400.0,1.4799779178658268,2.519999999999982,4.2058862175078415,-7.420000000000016,-0.0158955317284826,1.3289464848267043,67.92694750328913,47365600.0,72034800.0,6.160431528891131,4.251807589461435,0.007948038629177,85.595367354325,-0.8100000000000023,12,9.960444693277166,35046300.0,0.007948038629177034,54204440.0,4,-3.8100000000000023,61.803440002819265,5.443707534506956,-0.0295961928331529,239.09,6,6.678246535513049,1
2020-06-15,0.857912876416037,67.40213564366289,-0.3710345555203873,1.3689484359393391,36.543884889641184,0.0121445109431654,5.07951572495024,72034800.0,1.3289464848267043,4.689999999999998,3.4572339747076075,-7.469999999999999,-0.01159180293935,0.7993759886912947,68.82872328772686,32937300.0,45307400.0,6.636676456228013,3.9944188841740895,0.0121672036628794,89.05778742912294,3.719999999999999,15,9.818984358043082,58084400.0,0.012167203662879489,56678460.0,0,-2.8000000000000114,62.919001520004805,5.206722070963423,-0.0294376206473463,232.44,6,6.504637260784813,1
2020-06-16,0.9160323899338192,67.92694750328913,0.0790753828292949,1.4799779178658268,35.924045623807864,0.0171781259441494,5.001712706665262,45307400.0,0.7993759886912947,7.219999999999999,2.9882831221157407,8.829999999999984,-0.0018495684340321,0.8224118806564882,61.09915654737024,35046300.0,48890100.0,6.678246535513049,4.034982582920184,0.0171727748691099,94.0041018216914,3.1599999999999966,16,9.520485475325717,72919400.0,0.017172774869109952,59447220.0,1,-0.45000000000001705,64.51348233930526,5.27920671267762,0.03729269413082,243.78,6,5.225510159741607,1
2020-06-17,1.3689484359393391,68.82872328772686,-0.2892364711874183,1.3289464848267043,35.4287651632639,0.0031824160902957,4.205987398936993,48890100.0,0.8224118806564882,6.930000000000007,2.4999031385718524,7.740000000000009,-0.010559662090813,0.6343405098922603,61.803440002819265,58084400.0,34749300.0,6.504637260784813,4.112572728167817,0.003170681490632,94.93304379297867,2.069999999999993,17,9.038307941373882,72034800.0,0.0031706814906320435,54780200.0,2,-2.5999999999999943,64.81944059208726,5.335663834104082,0.0325050529776107,244.4,6,4.2058862175078415,1
2020-06-18,1.4799779178658268,61.09915654737024,-0.1200225616055575,0.7993759886912947,34.93555381221535,0.0027070467811523,3.615706016812871,34749300.0,0.6343405098922603,9.25,2.01222930994793,5.530000000000001,0.0438424066319118,0.660273224846066,62.919001520004805,72919400.0,30578600.0,5.225510159741607,3.881538068575855,0.0027091371808554,95.72927976836772,0.9799999999999898,18,8.538428802704319,45307400.0,0.0027091371808554143,46312040.0,3,10.259999999999991,65.09721787695412,5.37014546674186,0.0230675888155975,243.29,6,3.4572339747076075,0
2020-06-19,1.3289464848267043,61.803440002819265,0.6162316129580818,0.8224118806564882,34.67425324510476,-0.0001687336539272,2.309105887571379,30578600.0,0.660273224846066,4.550000000000011,1.5013041111846999,1.3900000000000148,0.0354417500423944,1.1826439655894423,64.51348233930526,72034800.0,49422100.0,4.2058862175078415,3.974399884821672,-0.0001637465203864,85.42938542938549,-1.9799999999999895,19,8.253541031082582,48890100.0,-0.0001637465203864208,41789500.0,4,8.360000000000014,65.0636878885829,5.332771868760148,0.0057207292175208,246.73,6,2.9882831221157407,1
2020-06-22,0.7993759886912947,62.919001520004805,-0.5129972218906117,0.6343405098922603,34.43161700421634,0.0119821112142435,1.458759747188283,49422100.0,1.1826439655894423,5.189999999999998,1.1612640375999863,3.1200000000000045,0.0334659685863873,0.641118050938475,64.81944059208726,45307400.0,24068700.0,3.4572339747076075,4.3105194324819065,0.0102358336062888,93.39449541284412,12.72,22,7.91328810029097,34749300.0,0.01023583360628888,37541760.0,0,7.990000000000009,66.2342958835664,5.469270937364144,0.0145204243414686,243.68,6,2.4999031385718524,1
2020-07-22,0.8224118806564882,64.51348233930526,-0.3093692043714937,0.660273224846066,35.462838084546306,0.0035458229426434,9.116875561288357,24068700.0,0.641118050938475,-41.25,1.944809302086906,20.650000000000006,0.538055152394775,0.8852488851949383,65.09721787695412,48890100.0,29865500.0,2.9882831221157407,120.70137935785706,-0.0941015558215079,97.21092388146432,-265.03000000000003,22,8.715910378841613,30578600.0,0.07372132609224291,33736840.0,2,22.080000000000013,73.25594415944462,6.264495341323084,0.0214879152993897,264.51,7,2.01222930994793,1
2020-09-01,0.6343405098922603,64.81944059208726,-0.0028853831116985,1.1826439655894423,37.629593157755174,0.0170934207772273,23.922962191167237,29865500.0,0.8852488851949383,21.94999999999999,4.45922548984316,55.68000000000001,0.0491849156929966,1.0642364345572848,65.0636878885829,34749300.0,36216200.0,2.4999031385718524,7.471418205404574,0.0170916983179598,99.8249963540907,18.05000000000001,1,10.601202494638642,49422100.0,0.1320726229570075,34030220.0,1,56.30000000000001,81.30810602426672,8.49511530215284,0.0302002804800256,297.62,9,1.5013041111846999,1
2020-09-02,0.660273224846066,65.09721787695412,0.4037033150910365,0.641118050938475,39.72675767544867,0.0094663191109891,28.213367753602505,36216200.0,1.0642364345572848,26.659999999999968,5.864806819686779,56.01999999999998,0.0369913686806411,1.3349347957268893,66.2342958835664,30578600.0,50836800.0,2.01222930994793,7.598790035265668,0.0094691917844758,98.97265028460362,19.129999999999995,2,10.316116602164454,24068700.0,0.009469191784475806,38081860.0,2,58.47999999999999,81.78741536228985,9.068055325591729,0.0345771813397954,303.28,9,1.1612640375999863,0
2020-09-03,1.1826439655894423,65.0636878885829,1.1654254398388568,0.8852488851949383,40.2514049897906,-0.0506931231312857,23.991900091489597,50836800.0,1.3349347957268893,7.480000000000018,5.3274986604544665,22.480000000000018,-0.0125064421920632,2.192278662766036,73.25594415944462,49422100.0,110083300.0,1.5013041111846999,6.772618154504211,-0.0507002246003434,77.6620852422602,1.5500000000000114,3,10.889965416295563,29865500.0,-0.0507002246003434,50214100.0,3,43.170000000000016,71.16541545378692,8.223400867310602,-0.0241333832430692,298.1,9,1.944809302086906,0
2020-09-04,0.641118050938475,66.2342958835664,0.1260472751089403,1.0642364345572848,39.53174789327217,-0.0133142448103077,15.096865568720515,110083300.0,2.192278662766036,1.7099999999999795,4.323628631150356,-16.340000000000032,-0.0305951526339178,1.7659949487236182,81.30810602426672,24068700.0,123959000.0,1.1612640375999863,6.528422984666372,-0.0133259107198776,72.34485630987086,-8.379999999999995,4,11.335682172274451,36216200.0,-0.013325910719877654,70192160.0,4,36.839999999999975,68.76566258811239,7.171168447092498,-0.0545410488306042,285.56,9,4.45922548984316,0
2020-09-08,0.8852488851949383,73.25594415944462,-0.1967618325414047,1.3349347957268893,38.67228619480699,-0.0480629715612304,13.257169003977411,123959000.0,1.7659949487236182,-13.680000000000009,2.4446836565997856,-32.81,-0.0845428648941942,1.183469748652071,81.78741536228985,29865500.0,99568600.0,1.944809302086906,9.210193628079663,-0.0480640383665984,53.42218520061084,-21.100000000000023,8,11.520276302826273,50836800.0,-0.04806403836659845,84132780.0,1,5.019999999999982,60.89580824843774,5.208067052937679,-0.1120703395028238,272.22,9,5.864806819686779,1
2020-09-09,1.0642364345572848,81.30810602426672,-0.3488117739930058,2.192278662766036,37.970462832059354,0.029379263041573,12.228038681653695,99568600.0,1.183469748652071,-7.980000000000018,1.4860929631096553,-9.53000000000003,-0.0734862630034676,0.7215666382363468,71.16541545378692,36216200.0,64837900.0,4.45922548984316,9.92570266194718,0.0293758103352472,64.43148688046647,-14.649999999999975,9,11.418827995481541,110083300.0,0.029375810335247277,89857120.0,2,-22.04000000000002,63.51221115598204,4.225716193666017,-0.0319979533299651,275.64,9,5.3274986604544665,0
2020-09-10,1.3349347957268893,81.78741536228985,0.0744872983239741,1.7659949487236182,37.07954326354148,-0.0199526171614717,7.353024547763929,64837900.0,0.7215666382363468,-19.620000000000005,0.29160237281905665,-11.240000000000009,-0.1004756242568372,0.7441259789501028,68.76566258811239,50836800.0,69667500.0,5.864806819686779,11.177903798717535,-0.0199366633079027,56.740247119255834,-22.54000000000002,10,11.434625995804286,123959000.0,-0.01993666330790278,93623260.0,3,-30.420000000000016,60.468310965292325,2.977940264679262,-0.0386363256811291,280.94,9,4.323628631150356,0
2020-09-11,2.192278662766036,71.16541545378692,0.030738866759967,1.183469748652071,35.891030889004305,-0.0069499527856466,5.810839009989738,69667500.0,0.7441259789501028,-20.600000000000023,-0.7558586799587594,0.5,-0.0590097769736613,0.8352952945500906,60.89580824843774,110083300.0,71809000.0,5.3274986604544665,12.243137760487356,-0.0069398545935227,48.680124223602476,-29.470000000000027,11,11.212152710389699,99568600.0,-0.006939854593522754,85968400.0,4,-16.960000000000036,59.422008555941915,1.8196207731405707,0.0024766930944545,274.15,9,2.4446836565997856,1
2020-09-14,1.7659949487236182,68.76566258811239,-0.4635045746354913,0.7215666382363468,34.91905469359961,0.0174204100262447,3.3391211418603106,71809000.0,0.8352952945500906,-17.369999999999948,-1.2333354918024142,-2.7199999999999704,-0.0296917977290357,0.5592956265268946,63.51221115598204,123959000.0,38525200.0,4.323628631150356,12.314889858308526,0.0174154187465336,53.57903357903363,-27.59999999999997,14,10.89485608821901,64837900.0,0.01741541874653363,68881640.0,0,-8.419999999999959,61.222745326464995,1.2567252082810114,-0.0094821599208737,274.36,9,1.4860929631096553,1
2020-09-15,1.183469748652071,60.89580824843774,0.0862993573037906,0.7441259789501028,34.231496371733826,0.0141687539721109,3.625578574520004,38525200.0,0.5592956265268946,-15.819999999999991,-1.377408387016743,6.720000000000027,0.0337469901833673,0.7298819803306364,60.468310965292325,99568600.0,41849900.0,2.4446836565997856,11.6808042436223,0.0141735717400783,59.967239967239976,-8.350000000000023,15,10.49665208191765,69667500.0,0.014173571740078383,57337900.0,1,9.110000000000014,62.69882755838708,1.103724692128594,0.0246392112127089,279.03,9,0.29160237281905665,0
2020-09-16,0.7215666382363468,63.51221115598204,0.0112568966711987,0.8352952945500906,33.492497146698206,-0.0159245060454142,3.246325615217691,41849900.0,0.7298819803306364,-25.31,-1.834695727701181,4.160000000000025,-0.0117676694976247,0.8010104000187757,59.422008555941915,64837900.0,42321000.0,1.4860929631096553,9.943475806334344,-0.0159463914570342,52.67813267813271,-8.96999999999997,16,10.183319790352105,71809000.0,-0.015946391457034248,52834520.0,2,-3.269999999999982,59.897140213560114,0.6266590490789667,0.0156646579529413,279.88,9,-0.7558586799587594,0
2020-09-17,0.7441259789501028,60.468310965292325,0.9274308263037264,0.5592956265268946,31.972065282220573,-0.0156203176505842,3.654935019944751,42321000.0,0.8010104000187757,-32.44,-2.449935587908902,-4.840000000000032,-0.0074171990893735,1.477325619512605,61.222745326464995,69667500.0,81570800.0,0.29160237281905665,5.927201325718469,-0.0156221550562616,44.81037924151696,0.3700000000000045,17,10.022368376755526,38525200.0,-0.015622155056261633,55215180.0,3,-2.019999999999982,57.241593599584874,-0.0869013156930123,-0.0173760697238876,267.55,9,-1.2333354918024142,0
2020-09-18,0.8352952945500906,59.422008555941915,0.0573771496663022,0.7298819803306364,30.14733092849018,-0.0127858746527645,4.704586060432789,81570800.0,1.477325619512605,-20.54000000000002,-3.0727344008144932,-12.189999999999998,-0.0132371972638195,1.4844364204627596,62.69882755838708,71809000.0,86251100.0,-0.7558586799587594,5.058405106578946,-0.0127626516720923,10.549450549450535,-11.009999999999993,18,9.982199206987273,41849900.0,-0.01276265167209234,58103600.0,4,-3.579999999999984,55.124974411816616,-0.9130024411902014,-0.0443306983487631,271.79,9,-1.377408387016743,1
2020-09-21,0.5592956265268946,61.222745326464995,-0.3371841054780751,0.8010104000187757,28.199264463822733,0.0024284007246655,5.13380268417268,86251100.0,1.4844364204627596,-16.069999999999993,-3.399605247667191,-7.100000000000023,-0.0278020061055387,0.924575318911093,59.897140213560114,38525200.0,57168600.0,-1.2333354918024142,4.156834399186838,0.0023981713943117,17.054620880387137,-4.829999999999984,21,9.80775640648818,42321000.0,0.0023981713943117544,61832280.0,0,-7.650000000000034,55.45404182717303,-1.4995716712385845,-0.0259777915786832,262.47,9,-1.834695727701181,1
2020-09-22,0.7298819803306364,62.69882755838708,-0.2805683539565425,1.477325619512605,26.888942438817278,0.0185726370837497,3.2734187022161887,57168600.0,0.924575318911093,2.5300000000000296,-3.239780196195497,2.160000000000025,-0.0235791586038843,0.666723619863027,57.241593599584874,41849900.0,41128900.0,-1.377408387016743,4.066138763555097,0.0185787447198235,28.508873012214817,2.0300000000000296,22,9.574345234596164,81570800.0,0.01857874471982357,61688080.0,1,-6.579999999999984,58.027996916780594,-1.5567461771597664,0.0082151631556507,269.99,9,-2.449935587908902,0
2020-09-23,0.8010104000187757,59.897140213560114,0.1874205242542348,1.4844364204627596,25.320725322880012,-0.0305409792744156,3.2154424267927686,41128900.0,0.666723619863027,-13.71999999999997,-3.6240345155464535,-2.7099999999999795,-0.0380539674447397,0.7753018113283509,55.124974411816616,42321000.0,48837300.0,-1.834695727701181,4.412087437437699,-0.0305343511450381,10.51674889639058,-11.0,23,9.549749146410724,86251100.0,-0.030534351145038108,62991340.0,2,-10.449999999999989,52.55348047410802,-2.229156446161767,-0.0095399414660003,272.15,9,-3.0727344008144932,1
2020-09-24,1.477325619512605,57.241593599584874,0.4462654569355799,0.924575318911093,23.647875045717992,0.0046339563862929,3.1846302768169514,48837300.0,0.7753018113283509,-6.949999999999989,-3.711445400403102,-2.1200000000000045,-0.0182376442734537,1.1616383393593002,55.45404182717303,81570800.0,70631700.0,-2.449935587908902,4.76281067811803,0.0046562689279223,18.32061068702281,-13.670000000000016,24,9.401909921667098,57168600.0,0.004656268927922369,60803520.0,3,-4.930000000000007,53.25558915729243,-2.635641341292569,-0.0073343858043729,261.39,9,-3.399605247667191,1
2020-09-25,1.4844364204627596,55.124974411816616,-0.2178809231549007,0.666723619863027,22.470723301647457,0.023256715376565,3.684419900068262,70631700.0,1.1616383393593002,1.1100000000000136,-3.2844999542328175,-0.9200000000000159,0.0175740997489415,1.0117325845421157,58.027996916780594,86251100.0,55242400.0,-3.0727344008144932,4.771826577834586,0.0232488036474622,51.83340878225442,-3.050000000000012,25,9.30891635583373,41128900.0,0.02324880364746229,54601780.0,4,4.689999999999998,56.715737678158156,-2.4454441355825907,-0.0026503075115577,265.91,9,-3.239780196195497,1
2020-09-28,0.924575318911093,55.45404182717303,0.0578523018550967,0.7753018113283509,21.84032755195156,0.0207962422819045,5.377194435764678,55242400.0,1.0117325845421157,2.039999999999964,-2.5838844323367347,13.039999999999964,0.0362229449366378,1.065309141872534,52.55348047410802,57168600.0,58438300.0,-3.399605247667191,5.020250547093769,0.02076889085285,77.36532367587141,6.879999999999996,28,9.046850901845605,48837300.0,0.020768890852850053,54855720.0,0,9.689999999999998,59.65559963580072,-1.830612203637884,0.0486869140447625,276.58,9,-3.6240345155464535,0
2020-09-29,0.666723619863027,58.027996916780594,-0.5371186362368515,1.1616383393593002,21.30381659136121,-0.0045272376428678,5.945676580509438,58438300.0,1.065309141872534,-3.1100000000000136,-2.1822797406324774,10.560000000000002,0.0127348796241923,0.5197930666330515,53.25558915729243,41128900.0,27050000.0,-3.239780196195497,4.532297062936873,-0.0045093795093794,71.70665459483926,9.079999999999984,29,8.567790123142347,70631700.0,-0.004509379509379463,52039940.0,1,3.4699999999999704,58.70394407186901,-1.425366533839167,0.0395257200156017,276.62,9,-3.711445400403102,1
2020-09-30,0.7753018113283509,52.55348047410802,0.8255378927911274,1.0117325845421157,21.133057060405076,0.006859017371207,5.196755718717005,27050000.0,0.5197930666330515,3.2299999999999613,-1.783780704703279,6.279999999999973,0.0517867958812838,0.9469240233302345,56.715737678158156,48837300.0,49380800.0,-3.6240345155464535,4.94567555210675,0.0068490668599383,84.50905624404191,10.329999999999984,30,8.328662257203606,55242400.0,0.0068490668599383575,52148640.0,2,13.67999999999995,59.74947433182461,-0.9448422451497436,0.0231280220102437,276.15,9,-3.2844999542328175,1
2020-10-01,1.1616383393593002,53.25558915729243,0.0129483523960729,1.065309141872534,21.14600913385304,0.0158830062939649,3.8404491924795887,49380800.0,0.9469240233302345,11.930000000000009,-1.2432321017309995,5.050000000000011,0.0635291457854478,1.0415159681124984,59.65559963580072,70631700.0,50020200.0,-3.711445400403102,6.089361305683189,0.0158724445724158,97.23320158102769,9.769999999999982,1,8.093757810260493,58438300.0,0.015872444572415878,48026340.0,3,16.860000000000014,62.15702153432907,-0.215373446374258,0.0182147860223041,281.79,10,-2.5838844323367347,0
2020-10-02,1.0117325845421157,56.715737678158156,0.5093382273561482,0.5197930666330515,20.27112396202225,-0.0281351361201208,2.9726335125637355,50020200.0,1.0415159681124984,7.439999999999998,-1.4273006037837632,-1.6399999999999864,0.0101266755044926,1.4497169018233267,58.70394407186901,55242400.0,75497400.0,-3.2844999542328175,5.82529207661031,-0.0281310894596988,62.36275801493193,10.149999999999975,2,8.144917966670459,27050000.0,-0.028131089459698888,52077340.0,4,2.75,55.69743066535606,-0.2572383653237011,-0.0053931124549487,276.02,10,-2.1822797406324774,1
2020-10-05,1.065309141872534,59.65559963580072,-0.6266811837228832,0.9469240233302345,19.458730588179378,0.021299733753328,3.1827770892754725,75497400.0,1.4497169018233267,12.650000000000034,-1.172597203228964,2.32000000000005,0.0106782106782108,0.6123545949516149,59.74947433182461,58438300.0,28184600.0,-2.5838844323367347,5.906164387978024,0.0213262367394555,88.05445761967513,14.77000000000004,5,8.004566683336856,49380800.0,0.02132623673945555,46026600.0,0,2.9600000000000364,59.0722658282497,0.1659983889504133,0.0090476039271721,276.34,10,-1.783780704703279,0
2020-10-06,0.5197930666330515,58.70394407186901,0.7635233425345755,1.0415159681124984,18.428829504294573,-0.0178446851477878,3.3324060376876186,28184600.0,0.6123545949516149,2.680000000000007,-1.3459811138819457,-7.089999999999975,-0.0028628374705561,0.9831233543470556,62.15702153432907,27050000.0,49704200.0,-2.1822797406324774,5.883736152408041,-0.017846944603084,66.0957400087836,3.6000000000000227,6,7.928526205955651,50020200.0,-0.017846944603084003,50557440.0,1,-0.7899999999999636,55.20169610575219,0.1080101093765506,-0.0246800875145806,279.45,10,-1.2432321017309995,1
2020-10-07,0.9469240233302345,59.74947433182461,-0.4459281107029185,1.4497169018233267,17.472492783544396,0.0173090582825525,3.444132691987448,49704200.0,0.9831233543470556,15.759999999999993,-1.1526646245879633,5.610000000000014,0.0074863230636339,0.5962365244531084,55.69743066535606,49380800.0,27539700.0,-1.783780704703279,4.858020172873267,0.017299026021224,87.0004391743523,2.7200000000000277,7,7.760774334101675,75497400.0,0.017299026021224018,46189220.0,2,2.080000000000041,58.02162720708627,0.430691541512374,0.0207641068880928,277.89,10,-1.4273006037837632,1
2020-10-08,1.0415159681124984,62.15702153432907,-0.0761228335820651,0.6123545949516149,16.8195017559093,0.0053285315302071,3.220150617598008,27539700.0,0.5962365244531084,16.02000000000004,-0.9456980034278502,1.25,-0.0029760850310007,0.616451001409125,59.0722658282497,50020200.0,25443300.0,-1.2432321017309995,3.403727368642322,0.0053229494141182,93.544137022398,5.460000000000036,8,7.388576167380128,28184600.0,0.005322949414118261,41273840.0,3,-0.839999999999975,58.89388991618862,0.794265979322347,0.0047929046649719,282.4,10,-1.172597203228964,1
2020-10-09,1.4497169018233267,55.69743066535606,0.1869961836711433,0.9831233543470556,16.65073207962323,0.0152794531564133,3.772793394822416,25443300.0,0.616451001409125,14.149999999999975,-0.5595422039659077,10.549999999999955,0.0415588203127847,0.9374978658731543,55.20169610575219,75497400.0,30201100.0,-1.4273006037837632,3.562391362872423,0.0152801961550761,99.67439967439952,7.870000000000003,9,7.173677869710119,49704200.0,0.015280196155076142,32214580.0,4,11.399999999999977,61.38743502215731,1.4035135761328092,0.037917042969173,283.11,10,-1.3459811138819457,1
2020-10-12,0.6123545949516149,59.0722658282497,1.6280731496534893,0.5962365244531084,17.72767084219678,0.0308550855085507,7.300111642982878,30201100.0,0.9374978658731543,17.329999999999984,0.2084141262067618,14.609999999999957,0.0512921187892629,1.869666303902308,58.02162720708627,28184600.0,79370700.0,-1.172597203228964,5.985497658697171,0.0308704630569458,91.91501103752756,12.279999999999973,12,7.500558021873681,27539700.0,0.03087046305694585,42451800.0,0,14.369999999999948,65.95003441062374,2.548496581313259,0.0514630701951712,290.55,10,-1.1526646245879633,0
2020-10-13,0.9831233543470556,55.20169610575219,-0.1906333193483237,0.616451001409125,18.727685407443648,-3.4925956971187944e-05,7.0009335091837945,79370700.0,1.869666303902308,18.569999999999997,0.6114331030467266,13.109999999999957,0.0703590638174151,1.4162582210879615,58.89388991618862,49704200.0,64240000.0,-1.3459811138819457,7.114068143868456,-3.395239873693612e-05,91.88741721854304,20.20999999999998,13,7.2462324488827035,25443300.0,-3.395239873693612e-05,45358960.0,1,19.359999999999957,65.9405206514015,3.4157226214824163,0.0460996127079929,296.39,10,-0.9456980034278502,0
2020-10-14,0.5962365244531084,58.02162720708627,-0.4248272104607721,0.9374978658731543,19.147317496639296,-0.0083475952638747,5.8472326787987,64240000.0,1.4162582210879615,14.220000000000027,0.6068426400305986,6.350000000000023,0.043369534152615,0.7821431625686588,61.38743502215731,27539700.0,36949100.0,-1.1526646245879633,7.473235280359168,-0.0083525736792067,83.71531966224372,11.899999999999975,14,7.163644416819656,30201100.0,-0.00835257367920672,47240840.0,2,12.139999999999986,63.51323357299534,3.865592338179283,0.0224725642877048,295.35,10,-0.5595422039659077,0
2020-10-15,0.616451001409125,58.89388991618862,0.1506153059208479,1.869666303902308,18.908073362502485,-0.0066920259227952,3.6753135920640503,36949100.0,0.7821431625686588,7.850000000000023,0.3775368312570597,-4.42999999999995,0.030880210369212,0.8392889786639113,65.95003441062374,25443300.0,42514200.0,-0.9456980034278502,7.678117246076305,-0.0067109498048345,71.46180690190009,14.939999999999998,15,7.046241244189679,79370700.0,-0.006710949804834554,50655020.0,3,8.689999999999998,61.5686177152946,4.022435081025151,-0.0150745471436412,287.2,10,0.2084141262067618,0
2020-10-16,0.9374978658731543,61.38743502215731,-0.0457141378645252,1.4162582210879615,18.985208942583846,-0.0054960641089283,2.670642244856178,42514200.0,0.8392889786639113,14.199999999999989,0.042156439434414494,-6.009999999999991,0.0098001470022051,0.7694199807544017,65.9405206514015,30201100.0,40570700.0,-0.5595422039659077,6.786278312402473,-0.0054808686659774,62.739383846794354,8.589999999999975,16,6.908652583890417,64240000.0,-0.005480868665977412,52728940.0,4,2.8000000000000114,59.96466792806317,3.975831132189001,-0.0205356852955983,291.8,10,0.6114331030467266,0
2020-10-19,1.869666303902308,65.95003441062374,-0.0940062656054738,0.7821431625686588,18.192198853675876,-0.0163297322351768,4.035470232824353,40570700.0,0.7694199807544017,3.6399999999999855,-0.5413354458719661,-8.259999999999991,-0.0364309238447695,0.8314859286579065,63.51323357299534,79370700.0,36756800.0,0.2084141262067618,6.51815720379498,-0.016325257356764,43.130724396336475,2.3899999999999864,19,7.0358916850411015,36949100.0,-0.016325257356764045,44206160.0,0,-10.729999999999961,55.36354612022307,3.528653324614368,-0.0285178222669004,290.49,10,0.6068426400305986,1
2020-10-20,1.4162582210879615,65.9405206514015,-0.1240967657685108,0.8392889786639113,17.455832342547044,0.0021747798035449,3.585767700229946,36756800.0,0.8314859286579065,9.25,-0.9090074152811907,-5.689999999999998,-0.0343270406084474,0.851792353092448,61.5686177152946,64240000.0,32195400.0,0.6114331030467266,5.252106561503205,0.0021494009866103,45.670274771024296,-1.2999999999999543,20,6.866899421823881,42514200.0,0.002149400986610317,37797240.0,1,-10.109999999999957,55.83618397347646,3.1859510158352577,-0.0196510165405602,284.56,10,0.3775368312570597,0
2020-10-21,0.7821431625686588,63.51323357299534,-0.0897426340408877,0.7694199807544017,16.772063439355986,-0.0007956888133386,2.89613017663451,32195400.0,0.851792353092448,4.269999999999982,-1.1730305195429729,-4.319999999999993,-0.0269465178388003,0.8080286440296631,59.96466792806317,36949100.0,29306100.0,0.6068426400305986,4.713616681729031,-0.0007735311697901,44.754371357202366,-10.339999999999977,21,6.635692320265032,40570700.0,-0.0007735311697901759,36268640.0,2,-7.8700000000000045,55.60749266546272,2.8635950643321166,-0.0149506412449705,284.67,10,0.042156439434414494,0
2020-10-22,0.8392889786639113,61.5686177152946,0.0986176939272027,0.8314859286579065,15.650094346162243,-3.619647446340135e-05,1.9643752187434693,29306100.0,0.8080286440296631,2.769999999999982,-1.342172712504314,0.37999999999999545,-0.0204067562909342,0.941270643156681,55.36354612022307,42514200.0,32196200.0,0.3775368312570597,4.356115624427974,-3.5187726521002105e-05,42.783283067643325,-10.339999999999977,22,6.530285725960389,36756800.0,-3.5187726521002105e-05,34205040.0,3,-5.920000000000016,55.59634607150648,2.57760569988568,0.0013428945157428,285.05,10,-0.5413354458719661,1
2020-10-23,0.7694199807544017,59.96466792806317,-0.2341176909076227,0.851792353092448,14.608265902482339,0.0019908781582567,0.34486229137694924,32196200.0,0.941270643156681,-0.9699999999999704,-1.4035435236804634,0.3299999999999841,-0.0130671380541401,0.7948560082004732,55.83618397347646,40570700.0,24658500.0,0.042156439434414494,4.427954631912384,0.0019705820254767,45.19603619129693,-7.319999999999993,23,6.287408174106079,32195400.0,0.0019705820254767303,31022600.0,4,-3.769999999999982,56.126719414389015,2.368040178454578,0.0011589928704546,284.77,10,-0.9090074152811907,0
2020-10-26,0.8314859286579065,55.36354612022307,0.5581280288744246,0.8080286440296631,14.309154974994915,-0.0150283588020665,1.7633122242002455,24658500.0,0.7948560082004732,-14.059999999999944,-1.6991885179410886,-3.7199999999999704,-0.0117336152219872,1.2253400205259308,55.60749266546272,36756800.0,38421100.0,-0.5413354458719661,4.39288768605269,-0.0149961368265785,17.922705314009846,-9.629999999999995,26,6.4483075902413605,29306100.0,-0.014996136826578521,31355460.0,0,-3.329999999999984,51.11343253698624,1.8450126026501152,-0.0130736771182732,282.38,10,-1.1730305195429729,1
2020-10-27,0.851792353092448,55.83618397347646,-0.2046271449802322,0.941270643156681,14.031409113756592,0.0078122134604805,1.7353011266100609,38421100.0,1.2253400205259308,-11.859999999999957,-1.710038929779655,-1.5199999999999818,-0.0061530888506029,0.9848814948981894,55.59634607150648,32195400.0,30559100.0,-0.9090074152811907,3.570449084739488,0.0078083217456412,28.502415458937378,-5.849999999999966,27,6.224142762366978,32196200.0,0.007808321745641278,31028200.0,1,-1.75,53.41185188684424,1.584121908186205,-0.0052252671833292,281.5,10,-1.342172712504314,0
2020-10-28,0.8080286440296631,55.60749266546272,0.7478754282685027,0.7948560082004732,14.976587625306806,-0.0389766358541378,5.347964098609422,30559100.0,0.9848814948981894,-20.420000000000016,-2.38095063263098,-13.100000000000023,-0.0441605967838418,1.4899296172239194,56.126719414389015,29306100.0,53413500.0,-1.1730305195429729,4.973165770193769,-0.0389867685558622,0.996932515337389,-12.160000000000023,28,6.585275422197911,24658500.0,-0.03898676855586225,35849680.0,2,-12.550000000000011,42.566774997174186,0.5073087212622909,-0.0461927811957237,278.01,10,-1.4035435236804634,1
2020-10-29,0.941270643156681,55.59634607150648,-0.1903488818369887,1.2253400205259308,15.680258763004902,0.017495361078502,5.2279011084770906,53413500.0,1.4899296172239194,-13.710000000000036,-2.418574438571394,-4.080000000000041,-0.0274122035329721,1.136275377893152,51.11343253698624,32196200.0,43246300.0,-1.342172712504314,4.830050494335046,0.0174863790310706,19.21012269938648,-8.020000000000039,29,6.675612892040919,38421100.0,0.017486379031070642,38059700.0,3,-7.7900000000000205,47.51372425420995,0.0264173785581647,-0.0136690613151552,273.0,10,-1.6991885179410886,0
2020-10-30,0.7948560082004732,56.126719414389015,0.5224030726328033,0.9848814948981894,16.960481826638144,-0.0253824109568647,5.640573552398483,43246300.0,1.136275377893152,-19.129999999999995,-2.8022766635984655,-13.28000000000003,-0.0539439488656318,1.4221268257110926,53.41185188684424,24658500.0,65838300.0,-1.4035435236804634,5.71587302557466,-0.0253627121096999,7.705136757838562,-14.810000000000002,30,6.864497685466567,30559100.0,-0.02536271210969998,46295660.0,4,-15.360000000000014,41.79258431092373,-0.8946959797263503,-0.0468636857325005,274.34,10,-1.710038929779655,1
2020-11-02,1.2253400205259308,51.11343253698624,-0.3926422766079925,1.4899296172239194,18.160175193275048,0.0022530263107647,5.562858977182328,65838300.0,1.4221268257110926,-13.819999999999991,-2.890740455371022,-1.6599999999999682,-0.0374015046172496,0.857934489792941,42.566774997174186,38421100.0,39987400.0,-1.6991885179410886,6.377417101690604,0.002227336847576,10.245064669843401,-14.199999999999989,2,6.842033565076095,53413500.0,0.0022273368475760336,46608920.0,0,-10.490000000000009,42.43153313850802,-1.559104497131898,-0.005634023567598,271.85,11,-2.38095063263098,1
2020-11-03,0.9848814948981894,53.41185188684424,0.0904459904870034,1.136275377893152,18.551839065747117,0.0172978739617466,3.022278941464293,39987400.0,0.857934489792941,-9.760000000000048,-2.52319062478213,-1.740000000000009,-0.0283379324984081,0.8859395114624917,47.51372425420995,30559100.0,43604100.0,-1.710038929779655,6.1675293090365,0.0172975775983403,29.201520912547387,-10.090000000000032,3,6.841888310427801,43246300.0,0.017297577598340386,49217920.0,1,-8.010000000000048,47.28213763763978,-1.699719666072042,-0.0058315106843533,271.96,11,-2.418574438571394,1
2020-11-04,1.4899296172239194,42.566774997174186,0.7367220054994827,1.4221268257110926,17.548917427062218,0.0446441947565543,7.064352058045937,43604100.0,0.8859395114624917,2.7200000000000277,-1.3989609294168295,17.53000000000003,0.0562141069061994,1.410711378319945,41.79258431092373,53413500.0,75728200.0,-2.38095063263098,6.528685421536252,0.04463863098489,75.8174904942967,6.439999999999998,4,7.36175343111153,65838300.0,0.04463863098489007,53680860.0,2,15.270000000000039,57.424313445607915,-0.8396350301582061,0.0641950950290657,283.59,11,-2.8022766635984655,1
2020-11-05,1.136275377893152,47.51372425420995,-0.3126180207637313,0.857934489792941,17.43338049662415,0.0260648214541803,11.093109122334312,75728200.0,1.410711378319945,10.20999999999998,-0.16125285057682914,24.409999999999968,0.0651253663301856,0.938887249551066,42.43153313850802,43246300.0,52054200.0,-2.418574438571394,8.175756098234887,0.0260708933114912,96.48135116115411,11.72999999999996,5,7.4416281860321325,39987400.0,0.02607089331149126,55442440.0,3,18.0,62.202198463232,0.4237319641350154,0.0880068901724813,293.53,11,-2.890740455371022,1
2020-11-06,1.4221268257110926,41.79258431092373,-0.2131316973462276,0.8859395114624917,16.990644298721637,0.0007337782591982,11.323834156327745,52054200.0,0.938887249551066,9.870000000000005,0.6197498664234447,19.960000000000036,0.0936595144405672,0.8116196924945023,47.28213763763978,65838300.0,40959800.0,-2.8022766635984655,9.42915785093375,0.0007473079927986,97.2554539057003,22.970000000000027,6,7.305083315601268,43604100.0,0.0007473079927986515,50466740.0,4,25.230000000000018,62.33607527880434,1.4254726922663965,0.0714427944699329,293.71,11,-2.52319062478213,0
2020-11-09,0.857934489792941,42.43153313850802,1.112732484045332,1.410711378319945,17.027325686365824,-0.0204259776536311,8.126167608412555,40959800.0,0.8116196924945023,8.119999999999948,0.6739222999744561,1.67999999999995,0.0689310319282907,1.4476732397985301,57.424313445607915,39987400.0,86537100.0,-2.890740455371022,9.805899584776244,-0.0204337938291301,67.20547093565425,12.199999999999989,9,7.570434507344033,75728200.0,-0.02043379382913013,59776680.0,0,18.609999999999957,56.44465322358742,1.7274009243662931,0.0063726220597474,297.65,11,-1.3989609294168295,0
2020-11-10,0.8859395114624917,47.28213763763978,-0.2023663838977732,0.938887249551066,15.960855444702558,-0.0179290679023348,4.860337436846592,86537100.0,1.4476732397985301,0.7599999999999909,0.3224007934224282,-10.96999999999997,0.0319315492444931,1.064199908604329,62.202198463232,43604100.0,69024900.0,-2.52319062478213,9.823812566075436,-0.0179146886586505,51.13459745104137,14.04000000000002,10,7.5989748996766,52054200.0,-0.017914688658650535,64860840.0,1,8.770000000000039,51.90744156023737,1.5430153406911131,-0.0376212672967677,285.17,11,-0.16125285057682914,1
2020-11-11,1.410711378319945,57.424313445607915,-0.4769583150428323,0.8116196924945023,15.413311960268787,0.0223940185830431,4.630003239741014,69024900.0,1.064199908604329,18.120000000000005,0.4688320169648561,-4.850000000000023,0.0099334286013035,0.6340986283142165,62.33607527880434,75728200.0,36102900.0,-1.3989609294168295,9.574301018875971,0.0223696281137533,70.84239975132108,19.779999999999973,11,7.546905263985415,40959800.0,0.022369628113753315,56935780.0,2,2.849999999999966,56.52285534635452,1.8731632128465208,-0.0159610269729228,286.03,11,0.6197498664234447,0
2020-11-12,0.938887249551066,62.202198463232,-0.0467635563902069,1.4476732397985301,15.123733952377233,-0.004721502360751,3.9907555675602087,36102900.0,0.6340986283142165,12.009999999999993,0.42722962368118456,-0.18999999999999773,-0.0203471585312001,0.6443733188335949,56.44465322358742,52054200.0,34414600.0,-0.16125285057682914,9.431983943538144,-0.0046935394809497,66.61485856387932,13.75,12,7.352126316557885,86537100.0,-0.004693539480949749,53407860.0,3,-5.990000000000009,55.296918700321406,2.0043826202292507,-0.0002565516800427,290.76,11,0.6739222999744561,1
2020-11-13,0.8116196924945023,62.33607527880434,-0.2791751175373242,1.064199908604329,14.854840087906505,0.0087744328720216,2.8690155105912254,34414600.0,0.6443733188335949,21.55000000000001,0.5172292379066326,7.509999999999991,-0.0124910899154815,0.4943851081605061,51.90744156023737,40959800.0,24806900.0,0.6197498664234447,8.083682054336837,0.0087725381414702,74.47932856698792,4.019999999999982,13,7.091260151089464,69024900.0,0.008772538141470276,50177280.0,4,-3.680000000000007,57.15847079791112,2.2805871972929594,0.0264469490943136,290.17,11,0.3224007934224282,1
2020-11-16,1.4476732397985301,56.44465322358742,0.2161293833570499,0.6340986283142165,14.856295762397012,0.00781415741461,3.6516462041129856,24806900.0,0.4943851081605061,23.21999999999997,0.6672250497388168,3.4399999999999977,0.0159742194809244,0.7754667056005701,56.52285534635452,86537100.0,30168400.0,0.6739222999744561,5.979407625811213,0.0078025641906986,81.53559216661485,-1.1899999999999975,16,6.836170140297358,36102900.0,0.007802564190698691,38903540.0,0,4.610000000000014,58.81561514115884,2.647293493313896,0.0118670879258805,290.62,11,0.4688320169648561,0
2020-11-17,1.064199908604329,51.90744156023737,-0.2759476803542779,0.6443733188335949,14.888285440644507,-0.0031575623618566,1.9181162634241948,30168400.0,0.7754667056005701,17.620000000000005,0.6412250225282143,3.8700000000000045,0.0312257427139932,0.7412803226360374,55.296918700321406,69024900.0,21843500.0,0.3224007934224282,3.553045016453332,-0.0031718963165074,78.64470003108482,-2.340000000000032,17,6.500015130276117,34414600.0,-0.0031718963165074943,29467260.0,1,8.849999999999966,57.82869828724123,2.832635537281078,0.013431027924775,293.4,11,0.42722962368118456,0
2020-11-18,0.6340986283142165,56.52285534635452,0.2850321605969739,0.4943851081605061,14.62020066861504,-0.0073909830007391,1.8713818423860924,21843500.0,0.7412803226360374,3.1999999999999886,0.42631996937239736,-0.8199999999999932,0.0012078961899504,1.0075016331306577,57.15847079791112,36102900.0,28069600.0,0.4688320169648561,3.357743289778902,-0.0073904266602797,71.93036990985395,1.5200000000000389,18,6.2750140495421105,24806900.0,-0.007390426660279781,27860600.0,2,0.35000000000002274,55.49936608528357,2.778044426004272,-0.0027343879479857,291.7,11,0.5172292379066326,1
2020-11-19,0.6443733188335949,55.296918700321406,-0.1906404081283665,0.7754667056005701,14.150148752789415,0.0078005885898664,1.2377277568238336,28069600.0,1.0075016331306577,-2.009999999999991,0.3860191649192046,-0.8199999999999932,0.0138002773925105,0.8901719971036026,58.81561514115884,34414600.0,22718400.0,0.42722962368118456,3.1577349477204537,0.0078246182482506,78.98663350948088,8.95999999999998,19,6.1017987602891,30168400.0,0.007824618248250648,25521360.0,3,3.980000000000018,57.43958467305392,2.879113561887096,-0.0027479567727293,289.54,11,0.6672250497388168,0
2020-11-20,0.4943851081605061,57.15847079791112,0.1403663990421861,0.7412803226360374,13.775398323766941,-0.006825458255638,1.3511735639851037,22718400.0,0.8901719971036026,-4.230000000000018,0.18388831540786432,-1.8899999999999864,-0.0018904891210944,1.0064433069789414,57.82869828724123,24806900.0,25907300.0,0.5172292379066326,2.78785939388175,-0.0068404131609549,69.04593639575977,0.6200000000000045,20,5.864527420268447,21843500.0,-0.006840413160954961,25741440.0,4,-0.5500000000000114,55.1577719362463,2.770730536588701,-0.0064158526665107,292.3,11,0.6412250225282143,1
2020-11-23,0.7754667056005701,58.81561514115884,0.0373755659601733,1.0075016331306577,12.982121975999389,3.542456339222788e-05,1.119120190154919,25907300.0,1.0064433069789414,1.8000000000000114,0.018775947565627504,0.2799999999999727,-0.0095839017735334,1.0714718565013268,55.49936608528357,30168400.0,26875600.0,0.6672250497388168,2.7485559845225747,3.443763344579409e-05,52.75377969762415,1.990000000000009,23,5.779918318820701,28069600.0,3.443763344579409e-05,25082880.0,0,-2.8100000000000023,55.167361916025904,2.655037504954976,0.0010105548976205,291.41,11,0.42631996937239736,1
2020-11-24,0.7412803226360374,57.82869828724123,-0.0877673428686243,0.8901719971036026,12.65091932142292,0.0140276301806587,1.87105050707143,26875600.0,1.0714718565013268,11.050000000000011,0.14521660757949206,2.090000000000032,0.0075272864132482,0.9570317836919549,57.43958467305392,21843500.0,24516800.0,0.6412250225282143,1.8173512471757811,0.0140500705947175,74.78401727861791,3.5400000000000205,24,5.749209867476367,22718400.0,0.014050070594717523,25617540.0,1,2.2000000000000455,59.018290180943886,2.8500354145871825,0.0072375964884129,291.49,11,0.3860191649192046,1
2020-11-25,1.0075016331306577,55.49936608528357,-0.0485381452718136,1.0064433069789414,12.685829552447393,0.0061482568294557,2.585449670755889,24516800.0,0.9570317836919549,6.519999999999982,0.30257175391245106,5.899999999999977,0.0212677949743198,0.9455923998479061,55.1577719362463,28069600.0,23326800.0,0.42631996937239736,2.3292461823160875,0.0061466363296769,84.55723542116621,3.079999999999984,25,5.514980591228053,25907300.0,0.0061466363296769355,24668980.0,2,6.169999999999959,60.63375755654555,3.110731378947605,0.0202113115735067,295.57,11,0.18388831540786432,1
2020-11-27,0.8901719971036026,57.43958467305392,-0.2642325565444038,1.0714718565013268,13.245291224028763,0.0092354697590446,3.7616392703196975,23326800.0,0.9455923998479061,10.610000000000014,0.5290773130503608,8.620000000000005,0.0226759696285654,0.7285490399831565,55.167361916025904,22718400.0,17163100.0,0.3860191649192046,2.9112150956929344,0.0092142567841231,94.06649616368274,6.740000000000009,27,5.39891054899748,26875600.0,0.009214256784123132,23557920.0,4,6.6299999999999955,63.00266101667507,3.491724155823192,0.0294113567691591,298.31,11,0.018775947565627504,1
2020-11-30,1.0064433069789414,55.1577719362463,0.6218631832244759,0.9570317836919549,13.06585037794962,0.0020297234071831,3.7431711155129936,17163100.0,0.7285490399831565,8.689999999999998,0.6505518940644226,5.149999999999977,0.0318203733039466,1.1625688594494585,59.018290180943886,25907300.0,27836200.0,0.18388831540786432,3.48444942248206,0.0020400655496473,97.18670076726337,9.509999999999993,30,5.383988366926235,24516800.0,0.0020400655496473075,23943700.0,0,9.240000000000009,63.53074400125865,3.7974965689783744,0.0174134499956835,299.34,11,0.14521660757949206,1
2020-12-01,1.0714718565013268,55.167361916025904,-0.0113126073242756,0.9455923998479061,13.706155201450118,0.012805987571669,3.4373783614856777,27836200.0,1.1625688594494585,10.259999999999993,0.9044755092859544,7.180000000000007,0.0450084369296464,1.1432510663469704,60.63375755654555,26875600.0,27521300.0,0.018775947565627504,4.612490409511586,0.0128162338962685,92.27941176470584,11.079999999999984,1,5.393703483574359,23326800.0,0.012816233896268514,24072840.0,1,13.069999999999993,66.748337137318,4.291335393313943,0.0240711807378968,301.97,12,0.30257175391245106,1
2020-12-02,0.9570317836919549,59.018290180943886,-0.1417556583446276,0.7285490399831565,14.191809328643666,0.0012881355932203,3.192621180160544,27521300.0,1.1432510663469704,11.58000000000004,1.0058720948725934,4.840000000000032,0.0318538391007572,0.9885541997231044,63.00266101667507,24516800.0,23620000.0,0.14521660757949206,5.29895849305981,0.0012851776181377,92.78926774734508,13.470000000000027,2,5.2834389490333304,17163100.0,0.001285177618137734,23893480.0,2,9.379999999999995,67.06614516005561,4.659655436388107,0.0161238465720725,302.25,12,0.5290773130503608,1
2020-12-03,0.9455923998479061,60.63375755654555,-0.0335012701100762,1.1625688594494585,14.898175015962417,0.001421897217144,2.517306099783902,23620000.0,0.9885541997231044,14.16999999999996,1.0066124372388057,4.659999999999968,0.0270014850816795,0.9594365941465571,63.53074400125865,23326800.0,22828700.0,0.30257175391245106,5.443035917579528,0.0014151719598485,91.116046640755,13.889999999999986,3,5.073907595530952,27836200.0,0.0014151719598485268,23793860.0,3,8.0,67.43570241668715,4.928628057755134,0.0155160203820334,304.17,12,0.6505518940644226,1
2020-12-04,0.7285490399831565,63.00266101667507,-0.1531668469952296,1.1432510663469704,15.55408601132983,0.0040906017579445,2.221976597538523,22828700.0,0.9594365941465571,13.139999999999986,0.9936226207507879,2.0600000000000023,0.0217718470954149,0.7979350874166139,66.748337137318,17163100.0,19332100.0,0.5290773130503608,5.674430367892621,0.0040751939003549,97.97866367209426,11.049999999999956,4,4.857199910135885,27521300.0,0.004075193900354934,24227660.0,4,6.509999999999991,68.5322873053129,5.179719108025552,0.0068006345683089,304.33,12,0.9044755092859544,1
2020-12-07,1.1625688594494585,63.53074400125865,0.0785688052513695,0.9885541997231044,16.474241821987125,0.0056563752062219,1.5381384853154239,19332100.0,0.7979350874166139,16.870000000000005,1.0017139426641304,3.3999999999999773,0.0254655897470128,0.9132910100557935,67.06614516005561,27836200.0,20851000.0,0.6505518940644226,5.419467070976331,0.0056624770882429,98.05725971370146,10.970000000000027,7,4.66097134512618,23620000.0,0.005662477088242968,22830620.0,0,7.6299999999999955,70.04772955764838,5.45143182139384,0.0111688741813105,305.71,12,1.0058720948725934,1
2020-12-08,1.1432510663469704,66.748337137318,-0.1203539398589995,0.9594365941465571,17.480327159371676,0.0033814322541765,1.9030685746993319,20851000.0,0.9132910100557935,17.900000000000034,0.9762770565174765,4.010000000000048,0.0159164305015488,0.8736269127482893,67.43570241668715,27521300.0,18341500.0,0.9044755092859544,4.641374437247183,0.0033848657445076,98.4900146127618,9.28000000000003,8,4.588759106188598,22828700.0,0.0033848657445076924,20994660.0,1,4.830000000000041,70.95334184936428,5.682757373789002,0.013128409218343,306.76,12,1.0066124372388057,0
2020-12-09,0.9885541997231044,67.06614516005561,1.662775672654908,0.7979350874166139,17.155168842719508,-0.0226559893226558,2.727040520419211,18341500.0,0.8736269127482893,6.839999999999975,0.41711598600242183,-4.2099999999999795,-0.0083593878558499,1.8756557592367,68.5322873053129,23620000.0,48839300.0,1.0058720948725934,3.8035189846683055,-0.0226410198190016,64.49098879688256,1.6899999999999975,9,4.843133455746558,19332100.0,-0.022641019819001684,26038520.0,2,-2.5400000000000205,58.22843902158207,5.257582152744874,-0.0136181818622573,308.07,12,0.9936226207507879,1
2020-12-10,0.9594365941465571,67.43570241668715,-0.4365295980900627,0.9132910100557935,16.36060179258072,0.0040285411901264,2.9967098625006066,48839300.0,1.8756557592367,6.240000000000009,0.0744550589278612,-4.730000000000018,-0.0057841461811488,1.0201218237381324,70.04772955764838,22828700.0,27519500.0,1.0066124372388057,3.032954005596863,0.0040157976834489,70.38480272771538,-0.9399999999999976,10,4.896481066050377,20851000.0,0.004015797683448952,26976680.0,3,-1.759999999999991,59.58167809425296,4.958683251325738,-0.0152460158783529,299.21,12,1.0017139426641304,0
2020-12-11,0.7979350874166139,68.5322873053129,-0.0275840767455803,0.8736269127482893,15.622789531737562,-0.0022102077595292,3.267947367998544,27519500.0,1.0201218237381324,2.840000000000032,-0.23469182664257993,-6.439999999999998,-0.0120123068866193,0.9402037920986117,70.95334184936428,19332100.0,26760400.0,0.9936226207507879,2.67670298855797,-0.002214729604654,67.12128592303951,-2.0,11,4.836018132761061,18341500.0,-0.0022147296046540754,28462340.0,4,-3.669999999999959,58.452478099168324,4.616142137663132,-0.0208376558920587,300.81,12,0.9762770565174765,1
2020-12-14,0.9132910100557935,70.04772955764838,0.0763964664205318,1.8756557592367,15.741135737273607,0.0072587241003272,2.813480051468082,26760400.0,0.9402037920986117,4.420000000000016,-0.32357334102576285,2.730000000000018,-0.010447518307567,0.9584635195703605,58.22843902158207,20851000.0,28804800.0,1.0017139426641304,2.2400002480307264,0.0072552592347192,75.96204533473909,-0.2399999999999522,14,4.790588266135269,48839300.0,0.007255259234719258,30053100.0,0,-3.2099999999999795,61.050899389339186,4.465078391771783,0.0090770575309243,303.08,12,0.41711598600242183,1
2020-12-15,0.8736269127482893,70.95334184936428,-0.1074751430317169,1.0201218237381324,16.07432066548072,0.0106912068207194,2.4024300197943105,28804800.0,0.9584635195703605,3.830000000000041,-0.20135325940138937,4.770000000000039,-0.00324369911447,0.8154701109539246,59.58167809425296,18341500.0,25709000.0,0.9762770565174765,2.4131261421327865,0.0106893829759242,90.64953604568167,1.7700000000000389,15,4.680546247125607,27519500.0,0.010689382975924255,31526600.0,1,-1.0,64.59015845672484,4.547919292947768,0.0157397231615173,306.37,12,0.0744550589278612,1
2020-12-16,1.8756557592367,58.22843902158207,-0.0096114201252479,0.9402037920986117,16.814825786930435,0.005489907274127,3.0845793878596095,25709000.0,0.8154701109539246,5.129999999999996,-0.05232239650266912,7.1299999999999955,0.0254555109355814,0.9482621209096679,58.452478099168324,48839300.0,25461900.0,0.41711598600242183,2.752647412554881,0.0054996908457809,94.60359760159893,1.7300000000000182,16,4.572650086616635,26760400.0,0.005499690845780947,26851120.0,2,7.670000000000016,66.30479114636448,4.691821203636152,0.0234398381951737,307.7,12,-0.23469182664257993,1
2020-12-17,1.0201218237381324,59.58167809425296,-0.0679996386758254,0.9584635195703605,17.7400470924926,0.0065252854812396,3.694979025651927,25461900.0,0.9482621209096679,6.720000000000027,0.1268795829779421,6.9599999999999795,0.0280312045484596,0.9094473221498836,61.050899389339186,27519500.0,23730500.0,0.0744550589278612,3.2892391893129806,0.0065376399766974,98.54191980558926,2.7099999999999795,17,4.407460794715446,28804800.0,0.006537639976697429,26093320.0,3,8.480000000000018,68.28178450174518,4.907450094304977,0.0227063995760861,310.63,12,-0.32357334102576285,0
2020-12-18,0.9402037920986117,58.452478099168324,0.7350414024146141,0.8154701109539246,18.076284035403905,-0.0030099560083352,2.7392663251328844,23730500.0,0.9094473221498836,4.5400000000000205,0.1264087008037622,2.769999999999982,0.0271989398707965,1.4209522941808232,64.59015845672484,26760400.0,41173400.0,-0.23469182664257993,3.548622424431678,-0.0030225080385851,86.17710583153341,8.75,18,4.404785023664343,25709000.0,-0.00302250803858517,28975920.0,4,8.20999999999998,66.33141242922983,4.947872158569112,0.0090052367470314,311.66,12,-0.20135325940138937,0
2021-03-04,0.9584635195703605,61.050899389339186,0.6121648507377078,0.9482621209096679,16.964289707889257,-0.0163738417084591,2.7161148723879496,41173400.0,1.4209522941808232,-28.370000000000005,-0.3073057491558897,-4.8799999999999955,-0.0279065307035768,2.7258642416491123,66.30479114636448,28804800.0,139131600.0,-0.32357334102576285,8.04947955529977,-0.0163669297451157,43.08243727598587,-17.379999999999995,4,4.942300379116891,25461900.0,-0.019222086047861686,51041280.0,3,0.060000000000002274,55.505766870415805,-2.836378205465394,-0.0614222974758749,308.78,3,-0.05232239650266912,1
2021-03-05,0.8154701109539246,64.59015845672484,-0.1265557213458337,0.9094473221498836,16.43465548910423,0.0150594273365747,2.6592254511430404,139131600.0,2.7258642416491123,-22.33999999999997,-0.3164942573325815,-2.319999999999993,-0.017380785636977,1.731002780174753,68.28178450174518,25709000.0,121523700.0,-0.20135325940138937,7.120746293602547,0.0150608352515619,76.97052775873883,-15.449999999999989,5,5.457850352037115,23730500.0,0.015060835251561988,70204220.0,4,1.3899999999999864,60.800230547721966,-3.375714402154074,-0.0303382461626547,306.8,3,0.1268795829779421,0
2021-03-08,0.9482621209096679,66.30479114636448,-0.2724892346102036,1.4209522941808232,15.841229676055903,-0.0283081631295322,4.640633577433959,121523700.0,1.731002780174753,-22.5,-0.9084463804706981,-10.120000000000005,-0.0730863129268518,1.0678311661018096,66.33141242922983,25461900.0,88409800.0,-0.05232239650266912,8.28281520848155,-0.0283141117014383,17.066483893077475,-12.889999999999986,8,5.821575326891607,41173400.0,-0.028314111701438383,82793800.0,0,-9.04000000000002,48.85359946633427,-4.43866197047538,-0.0296225775014166,308.12,3,0.1264087008037622,1
2021-03-09,0.9094473221498836,68.28178450174518,-0.0906992211270696,2.7258642416491123,14.91998935203507,0.0394371983157029,4.825764188188997,88409800.0,1.0678311661018096,-9.710000000000036,-0.5198324612196235,7.669999999999959,-0.020822864321608,0.8540803638360188,55.505766870415805,23730500.0,80391100.0,0.1268795829779421,7.81839170731192,0.0394412215776487,87.96068796068776,-2.3700000000000045,9,6.390748517827922,139131600.0,0.03944122157764873,94125920.0,1,0.7699999999999818,60.24118503663343,-4.301898247986628,0.0261884625227454,307.47,3,-0.3073057491558897,0
2021-03-10,1.4209522941808232,66.33141242922983,-0.0446940021967605,1.731002780174753,14.591836469482741,-0.0028323946909067,4.971315721215799,80391100.0,0.8540803638360188,-13.25,-0.347566407551553,2.1999999999999886,0.005563462284901,0.7584933105753373,60.800230547721966,41173400.0,76798100.0,0.1264087008037622,6.704621043236338,-0.002854668505629,70.6098843322817,-12.70999999999998,10,6.384266480840215,121523700.0,-0.002854668505629099,101250860.0,2,0.8199999999999932,59.17376409361781,-4.214326690504208,0.0082966404952639,316.16,3,-0.3164942573325815,1
2021-03-11,2.7258642416491123,55.505766870415805,-0.3035661038489233,1.0678311661018096,14.876511317291556,0.0230207748455923,6.54598502900874,76798100.0,0.7584933105753373,5.210000000000036,0.19459089201485646,18.100000000000023,0.0458401841499507,0.6358041642148559,48.85359946633427,139131600.0,53484800.0,-0.3073057491558897,7.027163170319635,0.0230313947503861,91.87862561356542,-0.3599999999999568,11,6.569676017923058,88409800.0,0.02303139475038618,84121500.0,3,13.939999999999998,64.60709463887278,-3.5416785848925656,0.0596255784703885,315.77,3,-0.9084463804706981,0
2021-03-12,1.731002780174753,60.800230547721966,0.2959868972119182,0.8540803638360188,14.362897736957901,-0.0081035707367469,6.930845547262332,53484800.0,0.6358041642148559,1.3199999999999932,0.3181405194216591,3.6899999999999977,0.0219644939743421,0.940767004506522,60.24118503663343,121523700.0,69315600.0,-0.3164942573325815,7.086686735630652,-0.008112187146271,80.36590807675132,6.2999999999999545,12,6.588984873785699,80391100.0,-0.008112187146271044,73679880.0,4,6.779999999999973,61.434389583618874,-3.1745419940584725,0.0120848094179386,313.86,3,-0.5198324612196235,1
2021-03-15,1.0678311661018096,48.85359946633427,-0.380288131387451,0.7584933105753373,14.027995421580302,0.0106760407512285,3.589196288865371,69315600.0,0.940767004506522,-4.759999999999991,0.5518282851904575,7.949999999999989,0.0629792625191705,0.6650615444782754,59.17376409361781,88409800.0,42955700.0,-0.9084463804706981,6.342661901762883,0.0106828124009383,95.40383757251215,14.72999999999996,15,6.468343097086718,76798100.0,0.01068281240093838,64589060.0,0,18.889999999999986,63.92631412204286,-2.5890698275182444,0.0255932448600739,315.79,3,-0.347566407551553,1
2021-03-16,0.8540803638360188,60.24118503663343,0.2786638327393105,0.6358041642148559,14.590797924372806,0.0054748639335286,3.7676279009483484,42955700.0,0.6650615444782754,2.180000000000007,0.7376558598520013,2.5399999999999636,0.0282580107130256,0.9231861223658322,64.60709463887278,80391100.0,54925900.0,-0.5198324612196235,6.635862499418264,0.0054888184926136,86.46728971962615,11.899999999999975,16,6.389890018723382,53484800.0,0.005488818492613623,59496020.0,1,8.810000000000002,65.18437513071578,-1.9652489582628616,0.0080473339480102,321.09,3,0.19459089201485646,1
2021-03-17,0.7584933105753373,59.17376409361781,0.4248050555384619,0.940767004506522,14.351235886710372,0.0041318343422696,2.468870186948646,54925900.0,0.9231861223658322,12.739999999999952,0.8546213430455758,6.439999999999998,0.0354477611940298,1.3089335108936322,61.434389583618874,76798100.0,78258700.0,-0.347566407551553,7.276664070855216,0.0041175369642523,91.40186915887847,21.95999999999998,17,6.517040731671713,69315600.0,0.004117536964252322,59788140.0,2,11.019999999999982,66.14349711544617,-1.3511984315441057,0.0202827390270268,317.45,3,0.3181405194216591,0
2021-03-18,0.6358041642148559,64.60709463887278,0.0569828019121196,0.6650615444782754,13.331981323097695,-0.0306539074960128,4.00765767001176,78258700.0,1.3089335108936322,7.939999999999998,0.20686454108774477,-6.789999999999964,-0.0188655515029555,1.2602780841870471,63.92631412204286,53484800.0,82718100.0,0.19459089201485646,6.596884449838436,-0.0306306306306305,54.54205607476647,0.2700000000000386,18,6.789394965123733,42955700.0,-0.03063063063063054,65634800.0,3,-6.0,54.14457424257247,-1.6213161279150086,-0.0210472092202145,316.87,3,0.5518282851904575,1
2021-03-19,0.940767004506522,61.434389583618874,-0.0516440778983076,0.9231861223658322,12.73136326197226,0.0035539175359506,4.450631415878451,82718100.0,1.2602780841870471,4.45999999999998,-0.18727878283633181,-7.439999999999998,-0.0073543396944144,1.1628391667353484,65.18437513071578,69315600.0,78446200.0,0.3181405194216591,6.3578032544502525,0.0035251890783232,58.65420560747663,2.259999999999991,19,6.666581039043465,54925900.0,0.003525189078323221,67460920.0,4,-2.319999999999993,55.122672639707105,-1.728316418485747,-0.0229681556177925,311.87,3,0.7376558598520013,1
2021-06-01,0.6650615444782754,63.92631412204286,0.0406984903466389,1.3089335108936322,14.207572449986813,-0.0033167495854062,8.346764642662654,78446200.0,1.1628391667353484,8.409999999999968,0.784358592253577,10.920000000000016,0.000932302787886,0.4784323412115051,66.14349711544617,42955700.0,31145400.0,0.5518282851904575,4.590011982564142,-0.0033240499505884,92.2535211267605,3.990000000000009,1,7.808253821968934,78258700.0,0.06284728875263457,65098860.0,1,13.990000000000009,68.19396315374328,0.5716364972811903,-0.0039188193128483,335.3,6,0.8546213430455758,1
2021-06-02,0.9231861223658322,65.18437513071578,-0.2920977094530813,1.2602780841870471,15.578338124571754,0.001972021938744,10.29651785799466,31145400.0,0.4784323412115051,11.25,1.3448681588181053,21.430000000000007,0.0015016367840947,0.37673738612647345,54.14457424257247,54925900.0,22047900.0,0.7376558598520013,3.7817932254530464,0.0019530076317531,93.94887845592072,6.460000000000036,2,7.439092834685439,82718100.0,0.0019530076317531009,58523260.0,2,12.890000000000043,68.5200984428585,0.7401968871914164,0.0017976013736704,333.25,6,0.20686454108774477,0
2021-06-03,1.3089335108936322,66.14349711544617,0.6807859251901542,1.1628391667353484,16.23793877295981,-0.0104249953871701,10.770588656150718,22047900.0,0.37673738612647345,7.410000000000025,1.3523139406891138,16.860000000000014,-0.0123604585041749,0.73698349424896,55.122672639707105,78258700.0,37057800.0,0.8546213430455758,2.3992880888746737,-0.0104057336492039,84.89827856025035,-2.509999999999991,3,7.278443346493625,78446200.0,-0.010405733649203941,50283080.0,3,8.100000000000023,64.705654208916,0.593397228150252,-0.0117697230338323,330.55,6,-0.18727878283633181,1
2021-06-04,1.2602780841870471,54.14457424257247,0.0452995050974422,0.4784323412115051,17.271698790953092,0.0169675875571024,9.092204353180893,37057800.0,0.73698349424896,6.770000000000039,1.588463750561469,2.7800000000000296,0.0081711127132901,0.9337075250031577,68.19396315374328,82718100.0,38736500.0,0.20686454108774477,2.406019303532599,0.016969696969697,98.74145006839952,2.6299999999999955,4,7.191411678886937,31145400.0,0.01696969696969708,41486760.0,4,23.560000000000002,67.81918762151827,0.9071764442501832,0.0085146141086763,331.85,6,0.784358592253577,1
2021-06-07,1.1628391667353484,55.122672639707105,-0.1581092767802976,0.37673738612647345,18.29063402623114,0.0029946524064172,2.5757173758005028,38736500.0,0.9337075250031577,9.590000000000032,1.658399767437194,3.1299999999999955,0.007995687718983,1.0090346814191875,68.5200984428585,78446200.0,32611900.0,-0.18727878283633181,1.793806938724454,0.0029797377830751,99.79825151311366,2.4700000000000277,7,6.843453701823589,22047900.0,0.0029797377830751426,32319900.0,0,23.460000000000036,68.35601690066977,1.2208533065023062,0.0095372445763496,335.05,6,1.3448681588181053,1
2021-06-08,0.4784323412115051,68.19396315374328,-0.1634096756092101,0.73698349424896,19.49738027496351,0.0004569966182248,2.8300848043831492,32611900.0,1.0090346814191875,4.25,1.5631033712538436,6.759999999999991,0.0118382308755482,0.8648198360687955,64.705654208916,31145400.0,27282800.0,0.784358592253577,2.024226601301353,0.0004753416518121,91.46135673304073,3.879999999999996,8,6.658921294550479,37057800.0,0.0004753416518121778,31547380.0,1,3.9399999999999977,68.44671296996248,1.4646644856854891,0.0204192365817446,338.4,6,1.3523139406891138,1
2021-06-09,0.37673738612647345,68.5200984428585,-0.2124965179527028,0.9337075250031577,20.61793036307214,0.0002436201961142,2.9272512703900637,27282800.0,0.8648198360687955,3.869999999999948,1.3605700523348547,1.2399999999999523,0.0101058565987943,0.6834864223985728,67.81918762151827,22047900.0,21485300.0,1.3448681588181053,2.186692327104128,0.0002375579047393,91.73135335808287,2.909999999999968,9,6.3489983449397345,38736500.0,0.00023755790473933835,31434860.0,2,3.3699999999999477,68.49533430559683,1.6453750735278163,0.0036952692207563,338.17,6,1.588463750561469,1
2021-06-10,0.73698349424896,64.705654208916,0.568612027758514,1.0090346814191875,21.81505602295369,0.0104122267551605,1.813918410513512,21485300.0,0.6834864223985728,6.220000000000027,1.317233411548048,3.75,0.0313636363636364,1.0955144566391841,68.35601690066977,37057800.0,33702100.0,1.3523139406891138,2.9002308337392275,0.0104203776273603,99.6428571428573,7.53000000000003,10,6.161927034586894,32611900.0,0.010420377627360367,30763720.0,3,10.350000000000023,70.63347669251358,2.041027242651808,0.0111128435694995,337.19,6,1.658399767437194,1
2021-06-11,0.9337075250031577,67.81918762151827,-0.3702825639945285,0.8648198360687955,23.011435226479023,0.002621429432325,2.2484705913130583,33702100.0,1.0955144566391841,8.360000000000014,1.2057454221866486,4.480000000000018,0.0168057210965435,0.7785046612410852,68.44671296996248,38736500.0,21222800.0,1.588463750561469,3.4060451161745133,0.0026149551931835,99.96834441278888,7.769999999999982,11,5.83321796068783,27282800.0,0.0026149551931835546,27260980.0,4,5.639999999999986,71.16780360479952,2.397153275525,0.0132772763835997,340.36,6,1.5631033712538436,1
2021-06-14,1.0090346814191875,68.35601690066977,0.3112171815217597,0.6834864223985728,24.46416697798349,0.0095867768595041,3.2582740830076693,21222800.0,0.7785046612410852,10.579999999999984,1.2065237746488222,7.670000000000016,0.0234997029114674,1.0579209204330573,68.49533430559683,32611900.0,27827700.0,1.658399767437194,4.299988242887637,0.009582698394092,99.97131382673554,14.509999999999993,14,5.7065595349244145,21485300.0,0.009582698394092093,26304140.0,0,7.909999999999968,73.10414653611353,2.903324346573527,0.0226204330469896,341.68,6,1.3605700523348547,0
2021-06-15,0.8648198360687955,68.44671296996248,0.2923741451862711,1.0955144566391841,25.813132175809056,-0.0065190212537953,2.814489296479787,27827700.0,1.0579209204330573,9.439999999999998,0.9226042766727964,1.9099999999999682,0.0163321059508254,1.28257360645413,70.63347669251358,27282800.0,35963800.0,1.5631033712538436,4.360303378853207,-0.0065310150648747,93.51692484222606,6.659999999999968,15,5.5125195681441,33702100.0,-0.006531015064874746,28040340.0,1,5.5,69.63858257562518,3.0921099509953365,0.0056891850380338,344.15,6,1.317233411548048,0
2021-06-16,0.6834864223985728,68.49533430559683,0.5404239818929035,0.7785046612410852,26.030839430480437,-0.0036554307116105,1.625463010959978,35963800.0,1.28257360645413,7.539999999999964,0.5368400728420823,-0.2300000000000182,0.0123797648735304,1.5908799828160438,71.16780360479952,21485300.0,55399500.0,1.3605700523348547,4.183807542853623,-0.0036521942382983,89.93115318416524,4.409999999999968,16,5.575196741848091,21222800.0,-0.003652194238298323,34823180.0,2,4.170000000000016,67.71793452944013,3.1074592427674474,-0.0005876751059017,342.74,6,1.2057454221866486,1
2021-06-17,1.0955144566391841,70.63347669251358,0.0780368053863302,1.0579209204330573,26.556211689359436,0.0126905843081828,1.9544231885645598,55399500.0,1.5908799828160438,15.339999999999977,0.46234297443637473,0.8299999999999841,0.014661377993242,1.4920491764370818,73.10414653611353,33702100.0,59722700.0,1.317233411548048,3.464433415289229,0.0126975748511772,97.16775599128535,8.579999999999984,17,5.638396974573226,27827700.0,0.012697574851177285,40027300.0,3,4.989999999999952,70.72948908941687,3.420710576859392,0.0025161323427769,339.97,6,1.2065237746488222,0
2021-06-18,0.7785046612410852,71.16780360479952,-0.0721300276109419,1.28257360645413,27.044057358318508,-0.0078396436525611,1.7526979203498887,59722700.0,1.4920491764370818,7.029999999999973,0.1365172020267611,0.37000000000000455,0.0040733794396905,1.1824186206890666,69.63858257562518,21222800.0,55414900.0,1.2057454221866486,3.1608444722671307,-0.0078473388544622,79.28176795580113,5.7900000000000205,18,5.484225762103707,35963800.0,-0.007847338854462205,46865720.0,4,1.3899999999999864,66.54528564019122,3.416554663947238,0.001195509944011,343.63,6,0.9226042766727964,1
2021-06-21,1.0579209204330573,73.10414653611353,-0.404625831680649,1.5908799828160438,27.046264698490763,0.0061955643350992,1.7246593866612727,55414900.0,1.1824186206890666,7.759999999999991,-0.0467169117793258,3.3500000000000227,-0.0004354010043249,0.6887994872512198,67.71793452944013,27827700.0,32992600.0,1.2065237746488222,2.974786640355849,0.0050491784140327,88.83977900552497,4.009999999999991,21,5.4167810648105865,55399500.0,0.00504917841403274,47898700.0,0,-0.14999999999997726,67.8527145224549,3.539491716065129,0.0110465049907209,342.43,6,0.5368400728420823,1
2021-07-15,1.28257360645413,69.63858257562518,0.5109518796481816,1.4920491764370818,28.899368573586173,-0.0070249682606855,7.861817219956062,32992600.0,0.6887994872512198,-9.83000000000004,0.7900234647742543,15.180000000000007,1.7537427436602506,1.0390652701819585,70.72948908941687,35963800.0,53391600.0,0.9226042766727964,141.64995171980354,1.9272491068528743,92.35176167287307,199.87,15,6.374868131609829,59722700.0,0.04692763387152965,51384260.0,3,18.25999999999999,76.92448550793974,6.060288999957038,-0.0052444018709958,362.98,7,0.46234297443637473,1
2021-08-31,1.5908799828160438,67.71793452944013,0.0854530200727587,1.1824186206890666,31.50847705715429,-0.000808124343399,15.902413338861344,53391600.0,1.0390652701819585,14.21999999999997,2.429083915911079,37.31999999999999,0.0149050404679862,0.640886869997837,66.54528564019122,55399500.0,29628200.0,0.5368400728420823,6.138642720059638,-0.0008152316835848,98.70901639344264,12.21999999999997,31,7.352377550780555,55414900.0,0.053894374791967126,46230000.0,1,38.94,83.0997652475558,4.083239855532554,0.0201236748102116,380.51,8,0.1365172020267611,1
2021-09-01,1.4920491764370818,70.72948908941687,-0.0502865513261014,0.6887994872512198,34.01449409014649,0.0016445151376269,18.406571380895276,29628200.0,0.640886869997837,18.370000000000005,3.2797923356366585,36.21999999999997,0.0154215581643541,0.7049887355335789,67.8527145224549,59722700.0,28138300.0,0.46234297443637473,5.425385188587319,0.0016581129095933,95.59644407690719,7.349999999999966,1,7.024350582867657,32992600.0,0.00165811290959339,39913120.0,2,35.24000000000001,83.25622800388733,4.337818321127884,0.0120591850520797,381.04,9,-0.0467169117793258,0
2021-09-02,1.1824186206890666,66.54528564019122,-0.0954179890043108,1.0390652701819585,36.0990453095843,-0.0004575550411799,16.300825745955045,28138300.0,0.7049887355335789,16.439999999999998,3.5326138160406018,19.879999999999995,0.0214274206541,0.7503769071620321,76.92448550793974,55414900.0,25453400.0,0.1365172020267611,4.308420179664935,-0.0004729623206685,95.15520134228187,6.029999999999973,2,6.748325541234254,53391600.0,-0.00047296232066851296,33920820.0,3,37.76999999999998,83.01973612743733,4.47427930333356,0.0003788357530479,381.97,9,0.7900234647742543,1
2021-09-03,0.6887994872512198,67.8527145224549,-0.0333157849246072,0.640886869997837,38.03470001334797,0.0030697148396476,9.010689762720121,25453400.0,0.7503769071620321,13.839999999999977,3.4755403307948036,1.6200000000000045,0.0147058823529411,0.7631147851124789,83.0997652475558,32992600.0,24605400.0,-0.0467169117793258,3.514237075429472,0.0030757097791798,97.52496743378205,6.769999999999982,3,6.464873716860381,29628200.0,0.003075709779179814,32243380.0,4,37.20999999999998,83.3507843906948,4.621144411291482,0.0042566749360947,379.22,9,2.429083915911079,1
2021-09-07,1.0390652701819585,76.92448550793974,-0.0258154714005868,0.7049887355335789,39.87220642805083,0.0014227805964941,0.8895897931001714,24605400.0,0.7631147851124789,8.879999999999995,3.1790959835004884,1.5300000000000296,0.0048650923052648,0.909370957278511,83.25622800388733,53391600.0,23970200.0,0.7900234647742543,3.4758436226318734,0.0014152055979244,98.54505971769825,9.689999999999998,7,6.1666684513703505,28138300.0,0.0014152055979244071,26359100.0,1,21.590000000000032,83.51057271133364,4.725826254719664,0.0040349403949618,381.68,9,3.2797923356366585,0
2021-09-08,0.640886869997837,83.0997652475558,0.3745901160607754,0.7503769071620321,41.10800789706391,-0.0034848809779112,0.7250999930961067,23970200.0,0.909370957278511,6.409999999999968,2.6215738856441586,0.37999999999999545,0.0021844979602578,1.2192885398896507,83.01973612743733,29628200.0,32949200.0,2.429083915911079,3.2654945176109003,-0.0034806731046035,95.58791087579968,4.739999999999952,8,5.9876207048438985,25453400.0,-0.0034806731046035377,27023300.0,2,0.8299999999999841,81.43748269495984,4.650282670457045,0.0010076144582306,381.93,9,3.5326138160406018,0
2021-09-09,0.7049887355335789,83.25622800388733,-0.1077476843140349,0.7631147851124789,42.26976036624062,-0.003443266799376,1.0267083324820143,32949200.0,1.2192885398896507,4.670000000000016,1.9249407973843322,-2.099999999999966,-0.0029166009774553,1.0778561225776744,83.3507843906948,28138300.0,29399000.0,3.2797923356366585,2.9323702964766287,-0.0034403067387991,92.6979924994486,-0.7899999999999636,9,5.769219225926473,24605400.0,-0.003440306738799137,27275440.0,3,-1.1099999999999568,79.34810199344311,4.435993165174921,-0.005505367180793,381.01,9,3.4755403307948036,0
2021-09-10,0.7503769071620321,83.01973612743733,0.3690737780196604,0.909370957278511,42.63681766157708,-0.0075851643902176,2.201154242661844,29399000.0,1.0778561225776744,4.169999999999959,1.0730532313390384,-5.520000000000039,-0.0100157728706624,1.3312346368271626,83.51057271133364,25453400.0,40249400.0,3.5326138160406018,1.976985640394376,-0.007589532769389,86.34458416060005,-3.3600000000000136,10,5.765703566931727,23970200.0,-0.007589532769389007,30234640.0,4,-3.8100000000000023,74.80423806476793,3.993390354310861,-0.0145133121675048,381.23,9,3.1790959835004884,0
2021-09-13,0.7631147851124789,83.3507843906948,0.2109944496067022,1.2192885398896507,42.508799777172726,-0.0006799945600435,2.5486623942744013,40249400.0,1.3312346368271626,0.2899999999999636,0.3332690941182648,-4.449999999999989,-0.0137327358020808,1.3901634593884191,81.43748269495984,24605400.0,48741800.0,3.4755403307948036,1.9173372740145689,-0.0006904060118431,85.77101257445402,-4.25,13,5.726010455008031,32949200.0,-0.0006904060118431143,35061920.0,0,-5.240000000000009,74.39007694511983,3.5811700283711048,-0.0117084257496371,378.99,9,2.6215738856441586,0
2021-09-14,0.909370957278511,83.51057271133364,-0.1418741203648613,1.0778561225776744,42.38992602736868,-0.002857920522591,2.3281387415677908,48741800.0,1.3901634593884191,-5.0,-0.34992197418248594,-4.210000000000036,-0.017926775012431,1.082659474234596,79.34810199344311,23970200.0,41826600.0,3.1790959835004884,2.381074454035089,-0.0028432492759014,82.45450303313115,-5.139999999999986,14,5.62629542250746,29399000.0,-0.002843249275901405,38633200.0,1,-6.850000000000023,72.60841544848856,3.13363364732578,-0.0111230794728521,377.86,9,1.9249407973843322,1
2021-09-15,1.2192885398896507,81.43748269495984,-0.1847795422051995,1.3312346368271626,42.05191152285266,0.0074245939675172,1.6393596310721588,41826600.0,1.082659474234596,-1.8999999999999773,-0.7146938732567207,1.4600000000000364,-0.0071694941961236,0.8773885866586522,74.80423806476793,32949200.0,34097900.0,2.6215738856441586,2.399533287975552,0.0074348451740127,88.90452732817275,-3.519999999999982,15,5.584417178042643,40249400.0,0.007434845174012716,38862940.0,2,-2.7299999999999613,74.33451102065271,2.964268862776521,0.0038866788848826,375.73,9,1.0730532313390384,1
2021-09-16,1.0778561225776744,79.34810199344311,0.0321192800729663,1.3901634593884191,41.795711384703225,0.000704473406129,1.2669727700266802,34097900.0,0.8773885866586522,-2.269999999999982,-1.0205946177116179,1.9800000000000182,-0.0030568951432261,0.8793491340710653,74.39007694511983,29399000.0,35193100.0,1.9249407973843322,2.3523465825738783,0.0006877397169686,89.51442646023933,-3.8000000000000114,16,5.485530236753882,48741800.0,0.0006877397169686716,40021760.0,3,-1.160000000000025,74.49580314512893,2.818535554508344,0.0052711468510552,376.68,9,0.3332690941182648,0
2021-09-17,1.3312346368271626,74.80423806476793,0.7308023447778116,1.082659474234596,41.04025340314892,-0.0118593128096823,1.8888038542922259,35193100.0,0.8793491340710653,-6.569999999999993,-1.5737298253905205,-1.4300000000000068,-0.0073289253564884,1.3795314345090426,72.60841544848856,40249400.0,60912300.0,1.0730532313390384,2.764243919147957,-0.0118421400438794,63.199013157894775,-6.949999999999989,17,5.490135219842891,41826600.0,-0.011842140043879401,44154340.0,4,-2.759999999999991,66.71576960804526,2.3228352639333707,-0.003730245436036,377.82,9,-0.34992197418248594,0
2021-09-20,1.3901634593884191,74.39007694511983,0.2510314008829086,0.8773885866586522,38.27602399952492,-0.0206603644334839,5.1288546479686445,60912300.0,1.3795314345090426,-15.870000000000005,-2.4821781676211394,-12.350000000000023,-0.0282464857970398,1.534912145076543,74.33451102065271,48741800.0,76203200.0,0.3332690941182648,4.587773727842136,-0.0217478533023032,21.830663615560592,-13.77000000000004,20,6.019411275568397,34097900.0,-0.02174785330230322,49646620.0,0,-10.629999999999995,55.407083105548516,1.306513551785713,-0.0318152038370372,367.46,9,-0.7146938732567207,1
2021-09-27,1.082659474234596,72.60841544848856,0.2019397173348716,0.8793491340710653,35.700052710741645,-0.0079754433085756,5.3477210099246655,76203200.0,1.534912145076543,-78.39999999999998,-2.744460406063249,-7.9599999999999795,1.4879081015719469,0.86764838959481,74.49580314512893,41826600.0,43338100.0,-0.34992197418248594,147.03306081740175,2.509096077316657,43.11212814645323,257.74,27,5.985881898742084,35193100.0,0.012715340442986056,49948920.0,0,-4.909999999999968,59.62276058885579,-0.0971273600453628,0.0021765336648229,370.2,9,-1.0205946177116179,1
2021-11-30,0.8773885866586522,74.33451102065271,0.493793057848811,1.3795314345090426,36.225568051034934,-0.0146686122417633,10.779632182963814,43338100.0,0.86764838959481,-0.7900000000000205,-1.3806853671673327,19.99000000000001,-0.0137240170298021,1.3693323509980826,66.71576960804526,34097900.0,81332700.0,-0.7146938732567207,3.642560759821887,-0.0146863819460081,81.69398907103823,-7.930000000000007,30,7.761176048831934,60912300.0,0.06337248548670171,59395880.0,1,15.769999999999982,73.3283183835803,4.366802035232468,-0.0119230124015083,398.78,11,-1.5737298253905205,0
2021-12-01,0.8793491340710653,74.49580314512893,-0.0438470627435213,1.534912145076543,35.98498687673689,-0.017017407118732,11.837585480155528,81332700.0,1.3693323509980826,-10.300000000000011,-0.9914525260138163,21.420000000000016,-0.0260642044882761,1.145131184310658,55.407083105548516,35193100.0,77766500.0,-1.0205946177116179,5.0440904917530816,-0.0170128485094712,65.05216095380031,-16.870000000000005,1,8.195377759629656,76203200.0,-0.017012848509471268,67910560.0,2,8.810000000000002,66.39932490325859,3.3411684928738623,-0.0100037470374321,398.28,12,-2.4821781676211394,1
2021-12-02,1.3795314345090426,66.71576960804526,0.0855136851986395,0.86764838959481,35.444577144562835,0.0072155411655874,12.529818434438253,77766500.0,1.145131184310658,-7.71999999999997,-0.6255587326088179,19.560000000000002,-0.0221938007824253,1.1625802112119554,59.62276058885579,60912300.0,84416600.0,-1.5737298253905205,5.518046755882429,0.0072070675759454,71.98211624441139,-9.389999999999986,2,8.138565062513255,43338100.0,0.007207067575945469,72611420.0,3,16.08000000000004,67.76527997067942,2.7173112332724827,-0.0244704781949078,385.8,12,-2.744460406063249,0
2021-12-03,1.534912145076543,55.407083105548516,0.2479666321552869,1.3693323509980826,34.22346568758007,-0.0173979216962317,9.005894181034337,84416600.0,1.1625802112119554,-18.620000000000005,-0.9027834272871775,-10.689999999999998,-0.0206288343558281,1.3430430159891689,73.3283183835803,76203200.0,105349100.0,-2.4821781676211394,6.525079820720232,-0.0173886281449565,55.141579731743654,-14.350000000000025,3,8.51723898661945,81332700.0,-0.017388628144956564,78440600.0,4,17.430000000000007,61.24902913793323,1.6686787793594815,-0.0271997876493763,391.31,12,-1.3806853671673327,1
2021-12-06,0.86764838959481,59.62276058885579,-0.3584302096553269,1.145131184310658,33.08957647752464,0.008011750567499,4.038728760388343,105349100.0,1.3430430159891689,-17.79000000000002,-0.9379081397844189,-0.9200000000000159,-0.0337511571467887,0.8114803638435677,66.39932490325859,43338100.0,67588800.0,-2.744460406063249,6.039101202450258,0.008012945997442,62.76701440635864,-12.560000000000002,6,8.501721916146632,77766500.0,0.008012945997442067,83290740.0,0,15.849999999999966,62.98469168674321,1.0674006028822305,-0.0021706299631453,383.63,12,-0.9914525260138163,1
2021-12-07,1.3693323509980826,73.3283183835803,-0.1713819449376228,1.1625802112119554,32.93284631308985,0.0301231951251821,5.57891297655625,67588800.0,0.8114803638435677,-1.4700000000000273,-0.27103109358752775,7.919999999999959,0.0101823167944745,0.7159490425471261,67.76527997067942,81332700.0,56005300.0,-1.3806853671673327,5.875210067175133,0.0301139306059037,91.65424739195227,6.629999999999996,7,8.770170350707586,84416600.0,0.030113930605903727,78225260.0,1,4.009999999999991,68.7034884121892,1.4911581500537636,0.0207370239964493,393.03,12,-0.6255587326088179,1
2021-12-08,1.145131184310658,66.39932490325859,-0.2999948219186398,1.3430430159891689,32.887523381362364,0.0044750784424669,7.182992412636068,56005300.0,0.7159490425471261,2.1299999999999955,0.17290200428327296,16.480000000000018,0.0322638974994833,0.5559844771357695,61.24902913793323,77766500.0,39204000.0,-0.9914525260138163,6.109202621191205,0.0044742729306488,96.07550919026333,-0.079999999999984,8,8.400872468514184,105349100.0,0.004474272930648837,70512760.0,2,12.490000000000009,69.48067131171375,1.9449720898598457,0.0426100241351481,398.17,12,-0.9027834272871775,0
2021-12-09,1.1625802112119554,67.76527997067942,0.2747092133455771,0.8114803638435677,32.453714523068236,-0.0147224498156492,7.196540835706221,39204000.0,0.5559844771357695,-5.029999999999973,-0.035410935555241,7.53000000000003,0.0097971326716421,0.785451380277121,62.98469168674321,84416600.0,49973700.0,-0.6255587326088179,5.754032788700105,-0.0147143464878256,81.47044212617988,-0.0899999999999749,9,8.27723872076317,67588800.0,-0.014714346487825658,63624180.0,3,3.819999999999993,63.84081864964918,1.819669939111293,0.0198758237519998,398.35,12,-0.9379081397844189,1
2021-12-10,1.3430430159891689,61.24902913793323,0.051469072732257,0.7159490425471261,32.02540900116865,0.0108625035731919,5.416297628453094,49973700.0,0.785451380277121,6.810000000000002,0.006849225875173559,0.18000000000000682,0.0388379923263644,0.990243391316671,68.7034884121892,105349100.0,52545800.0,-0.9027834272871775,6.01638180305264,0.0108703934168084,92.10134128166912,10.889999999999986,10,8.03743595499437,56005300.0,0.0108703934168084,53063520.0,4,14.879999999999995,66.00395209118874,2.034209052466565,0.0006151322000096,396.62,12,-0.27103109358752775,0
2021-12-13,0.8114803638435677,62.98469168674321,-0.0452824012575695,0.5559844771357695,31.395573700756078,-0.0144476721766626,3.128373379247809,52545800.0,0.990243391316671,-7.430000000000007,-0.4361583735828276,-7.350000000000023,0.0156913516312791,1.0118469417721683,69.48067131171375,67588800.0,50166400.0,-0.9379081397844189,5.523997747212939,-0.0144468731941408,77.81917536015894,2.349999999999966,13,7.924047672494772,39204000.0,-0.014446873194140841,49579040.0,0,6.060000000000002,60.74628365416931,1.7307942945259356,-0.0183076184191199,398.0,12,0.17290200428327296,0
2021-12-14,0.7159490425471261,68.7034884121892,0.4989953434968426,0.785451380277121,29.63452542328676,-0.0103555312100582,4.5726764591414915,50166400.0,1.0118469417721683,-5.6200000000000045,-1.0512532689569536,-5.53000000000003,-0.0242063192821053,1.4077549402053473,63.84081864964918,56005300.0,75199200.0,-0.27103109358752775,5.621595265886324,-0.0103502778769183,67.7347242921013,5.069999999999993,14,7.974472838745145,49973700.0,-0.010350277876918335,53417820.0,1,-9.629999999999995,57.2769504412231,1.1566568711306218,-0.0139406998135289,387.3,12,-0.035410935555241,1
2021-12-15,0.5559844771357695,69.48067131171375,-0.0178352961201715,0.990243391316671,28.754543429455303,0.0227991565629943,3.937340472957201,75199200.0,1.4077549402053473,9.930000000000009,-0.9156827979820825,-0.9599999999999795,-0.0064062460899376,1.223855657345603,66.00395209118874,39204000.0,73858000.0,0.17290200428327296,5.619337742721064,0.0227975270479134,89.7168405365127,10.850000000000025,15,8.372010493120493,52545800.0,0.02279752704791349,60348620.0,2,-2.5600000000000023,62.32764382241834,1.3836813186569543,-0.0020040468237265,387.94,12,0.006849225875173559,0
2021-12-16,0.785451380277121,63.84081864964918,0.1182458230658831,1.0118469417721683,28.039894651726673,-0.025718335266074,5.040879883511134,73858000.0,1.223855657345603,-3.07000000000005,-1.5309942923370805,-5.420000000000016,-0.0174993015518249,1.2350640386073966,60.74628365416931,49973700.0,82591400.0,-0.035410935555241,5.860874413344099,-0.025714645510641,57.112970711296974,-10.990000000000007,16,8.721866886469032,50166400.0,-0.025714645510641065,66872160.0,3,-6.890000000000043,54.345500736941325,0.7496556713495579,-0.0132747099131379,398.04,12,-0.4361583735828276,0
2021-12-17,0.990243391316671,66.00395209118874,-0.0254130575338352,1.4077549402053473,26.891338176360403,-0.0049726241172269,4.843404794149228,82591400.0,1.2350640386073966,1.7800000000000296,-2.052788708180877,-3.2899999999999636,-0.0329137458857816,1.1108312690187203,57.2769504412231,52545800.0,80492500.0,0.006849225875173559,5.571802421328752,-0.0049891427980559,26.962763571108308,-14.699999999999989,17,8.628876394578388,75199200.0,-0.004989142798055957,72461500.0,4,-13.099999999999966,52.964667290886354,0.0943973360363656,-0.0078918028203066,383.33,12,-1.0512532689569536,0
2021-12-20,1.0118469417721683,60.74628365416931,-0.188287107494487,1.223855657345603,25.253309322262787,-0.0097025439272707,6.025053526732209,80492500.0,1.1108312690187203,-5.509999999999991,-2.630078834877777,-16.360000000000014,-0.029495742619691,0.8654387448907604,62.32764382241834,50166400.0,65336800.0,-0.4361583735828276,6.4614945811572575,-0.0109636018809592,13.99391568883082,-13.04000000000002,20,8.543956652108502,73858000.0,-0.01096360188095924,75495580.0,0,-11.569999999999993,49.974691640603815,-0.711225545887487,-0.0403935033105717,379.57,12,-0.9156827979820825,0
2022-01-14,1.4077549402053473,57.2769504412231,0.0272738928635536,1.2350640386073966,23.49812063468151,0.0062234488730146,6.856063010211358,65336800.0,0.8654387448907604,20.879999999999995,-2.979981084049257,-6.829999999999984,-0.2074704373396734,1.0476101065926011,54.345500736941325,75199200.0,80121200.0,-1.0512532689569536,136.99107641659825,1.4267833194967747,20.323599052880752,231.15,14,8.350102605529322,82591400.0,-0.0017862302660958118,76479980.0,4,-8.189999999999998,49.48987346654873,-2.912685286633689,-0.0148392870586998,375.07,1,-1.5309942923370805,0
2022-03-03,1.223855657345603,62.32764382241834,0.0068036652551375,1.1108312690187203,24.62485440967684,-0.0143029518231849,18.491624320215628,80121200.0,1.0476101065926011,-13.78000000000003,-5.527947380777505,-42.650000000000034,0.0051983905547885,0.9362952949348486,52.964667290886354,73858000.0,71089400.0,-0.9156827979820825,5.298285781485029,-0.0142848914233052,3.1913116123641925,4.180000000000007,3,10.586523847991511,80492500.0,-0.09933949106602458,75926260.0,3,-54.79000000000002,31.32287677512747,-6.064903962096253,-0.0128086347092777,349.93,3,-2.052788708180877,0
2022-03-04,1.2350640386073966,54.345500736941325,0.0822471423306427,0.8654387448907604,25.939064412540493,-0.0144806377452005,23.196315009069686,71089400.0,0.9362952949348486,-8.149999999999977,-7.2148685284973455,-43.389999999999986,-0.0244960522890937,1.028625618421707,49.974691640603815,82591400.0,76936300.0,-1.5309942923370805,5.30963945208852,-0.0144919067375678,3.6458333333333277,7.8799999999999955,4,10.354629287420687,65336800.0,-0.014491906737567839,74795240.0,4,-49.539999999999964,29.77624771387265,-6.232740008278483,-0.011996229463053,339.84,3,-2.630078834877777,0
2022-03-07,1.1108312690187203,52.964667290886354,0.1689384594788157,1.0476101065926011,27.614241277243483,-0.0369001454192923,25.738932184533073,76936300.0,1.028625618421707,-16.649999999999977,-8.734584044528592,-55.14999999999998,-0.0632641291810841,1.172792060873591,49.48987346654873,80492500.0,89933800.0,-2.052788708180877,7.358894014128349,-0.0368811147346576,0.2779616148246676,-15.629999999999995,7,10.602870052604928,80121200.0,-0.036881114734657605,76683500.0,0,-60.05000000000001,26.272382652682296,-7.264831041517709,-0.0656837349876778,337.29,3,-2.979981084049257,0
2022-03-08,0.8654387448907604,49.974691640603815,0.2915488948537701,0.9362952949348486,29.35886123375788,-0.0046240956275557,22.95394366987934,89933800.0,1.172792060873591,-14.72999999999996,-9.352397361978436,-18.909999999999968,-0.0531201499311838,1.3374556057946556,31.32287677512747,65336800.0,116153900.0,-2.630078834877777,8.948180696534916,-0.0046481561287938,4.2486917518066605,-22.41999999999996,8,10.793379334561719,71089400.0,-0.004648156128793879,86846920.0,1,-57.339999999999975,25.874377617739626,-8.107924232328855,-0.0560048787920486,324.05,3,-5.527947380777505,1
2022-03-09,1.0476101065926011,49.48987346654873,-0.4427789338110902,1.028625618421707,30.582148312055278,0.035995322820213,8.16358193442039,116153900.0,1.3374556057946556,5.569999999999993,-8.51201077453202,-2.3100000000000023,-0.0352226254248028,0.7726565573989678,29.77624771387265,80121200.0,64723400.0,-2.979981084049257,8.525316611915118,0.035998144425545,18.75155743832546,-11.810000000000002,9,10.953137953521594,76936300.0,0.03599814442554505,83767360.0,2,-45.01999999999998,34.15516333159297,-7.767465344989148,-0.005528918226635,331.75,3,-7.2148685284973455,0
2022-03-10,0.9362952949348486,31.32287677512747,0.0716788673030155,1.172792060873591,31.82772157352948,-0.0111036544445122,6.120018790820423,64723400.0,0.7726565573989678,-9.220000000000027,-7.762545912191619,6.409999999999968,-0.0321100917431192,0.8314675190075714,26.272382652682296,71089400.0,69362700.0,-5.527947380777505,8.775435981575441,-0.0111048090987792,14.425770308123225,-10.220000000000027,10,10.762199528270054,89933800.0,-0.0111048090987792,83422020.0,3,-10.990000000000009,32.89057462948449,-7.702576298270117,0.020267572748145,330.82,3,-8.734584044528592,0
2022-03-11,1.028625618421707,29.77624771387265,-0.0451871106516903,1.3374556057946556,33.11499527860031,-0.0207600715651798,5.092634877938419,69362700.0,0.8314675190075714,-21.370000000000005,-7.292690440907238,1.0499999999999545,-0.0382448858582864,0.814813502485961,25.874377617739626,76936300.0,66228400.0,-7.2148685284973455,9.14056185970932,-0.0207383705134784,5.678635090399768,-22.82000000000005,11,10.760613847679338,116153900.0,-0.020738370513478488,81280440.0,4,-12.900000000000034,30.634747977503324,-8.100824751145296,0.0041315968105208,334.32,3,-9.352397361978436,0
2022-03-14,1.172792060873591,26.272382652682296,0.2049604097335886,0.7726565573989678,34.59701925484625,-0.0191841234840131,6.6808292898407995,66228400.0,0.814813502485961,-28.629999999999995,-6.965254497688978,-16.819999999999993,-0.0205934864249215,1.0069195071049863,34.15516333159297,89933800.0,79802600.0,-8.734584044528592,9.641060856799156,-0.019204685573366,0.8885597926694151,-24.08999999999997,14,10.64485571570224,64723400.0,-0.019204685573366076,79254200.0,0,-6.689999999999998,28.71162096796445,-8.806337644410519,-0.0510478494937052,323.13,3,-8.51201077453202,1
2022-03-15,1.3374556057946556,25.874377617739626,-0.0417480132226267,0.8314675190075714,35.63718544433381,0.0313463514902363,6.468004329002478,79802600.0,1.0069195071049863,-13.340000000000032,-5.693889534332847,-3.1200000000000045,0.0148445956393998,1.0722595622231925,32.89057462948449,116153900.0,76471000.0,-9.352397361978436,9.175355942236065,0.0313668793412325,13.204985807725516,-9.150000000000034,15,10.654508878866364,69362700.0,0.0313668793412325,71317620.0,1,4.7999999999999545,35.67761318588923,-8.48015728848543,-0.0085978435589566,320.88,3,-7.762545912191619,1
2022-03-16,0.7726565573989678,34.15516333159297,0.3762472048227432,0.814813502485961,35.13115835023699,0.0370889387144992,8.231334642692818,76471000.0,1.0722595622231925,-6.900000000000034,-3.7447969905435734,15.920000000000016,0.0159109227141107,1.3251191049682491,30.634747977503324,64723400.0,105243000.0,-8.51201077453202,8.023687223884433,0.0370866981563309,28.224114525484385,15.45999999999998,16,10.771329673233055,66228400.0,0.03708669815633092,79421540.0,2,5.329999999999984,42.99299786743599,-7.177877439387601,0.0492511667207224,332.17,3,-7.292690440907238,1
2022-03-17,0.8314675190075714,32.89057462948449,-0.355681613028895,1.0069195071049863,34.20266188582911,0.0121310392457136,10.997060061670814,105243000.0,1.3251191049682491,2.180000000000007,-1.978289624868225,26.269999999999982,0.0397560901983276,0.8571500802669667,28.71162096796445,69362700.0,67810000.0,-7.762545912191619,8.39931379472644,0.0121062529384108,37.621968218567055,21.08999999999997,17,10.534806125144978,79802600.0,0.012106252938410833,79111000.0,3,13.170000000000016,45.262603874982574,-5.753494338933308,0.0805663294504492,338.37,3,-6.965254497688978,1
2022-03-18,0.814813502485961,30.634747977503324,0.2600840583984662,1.0722595622231925,32.57216579703462,0.0204408579820214,13.304571770635686,67810000.0,0.8571500802669667,14.189999999999998,-0.22733166948804673,23.340000000000032,0.0835080147965476,1.030037160094114,35.67761318588923,66228400.0,85446300.0,-7.292690440907238,10.555436935008846,0.0204680060387876,53.14597970335677,16.5,18,10.513748544777481,76471000.0,0.020468006038787623,82954580.0,4,27.090000000000032,49.00401022491586,-4.022328156652236,0.0696608359422343,342.74,3,-5.693889534332847,0
2022-03-21,1.0069195071049863,28.71162096796445,-0.1363101737582551,1.3251191049682491,30.987350914932694,-0.0027619490638446,9.379910980387669,85446300.0,1.030037160094114,25.21999999999997,0.8827128063812602,9.759999999999991,0.1002922965710153,0.902698440734556,42.99299786743599,79802600.0,73799100.0,-6.965254497688978,11.584442824565029,-0.0040114939258585,51.87599364069949,18.81,21,10.255623648721949,105243000.0,-0.004011493925858534,81753880.0,0,31.909999999999968,48.29304233028164,-2.6959463539345165,0.0298099481638904,350.2,3,-3.7447969905435734,0
2022-05-18,1.0722595622231925,35.67761318588923,0.2672681147981433,0.8571500802669667,32.30836072456028,-0.0491016367212241,25.195346395713546,73799100.0,0.902698440734556,134.54999999999998,-2.1405873163064513,-53.30000000000001,-0.443380173979543,0.9650537732332303,45.262603874982574,76471000.0,79477100.0,-5.693889534332847,138.97856335501044,-0.192444247198491,2.059715791154341,-18.74000000000001,18,13.825221959527521,67810000.0,-0.16836151736745886,82355100.0,2,-37.00999999999999,29.213241975825497,-11.482915346055904,-0.0347732355725595,301.54,5,-1.978289624868225,1
2022-06-01,1.3251191049682491,42.99299786743599,0.0717323592752299,1.030037160094114,32.674322562788866,-0.0073828836285383,28.063567128930607,79477100.0,0.9650537732332303,-0.1700000000000159,-2.8814789477464373,-45.49000000000001,0.065311237989138,0.8785457555270035,49.00401022491586,105243000.0,65341700.0,-3.7447969905435734,8.5361876085838,-0.0073958738808874,25.786364362126744,17.319999999999993,1,14.374134676704127,85446300.0,0.051040736415470356,74374840.0,2,-34.31999999999999,36.07097683806017,-6.000243898011149,0.0226076433061914,310.47,6,-0.22733166948804673,1
2022-06-02,0.8571500802669667,45.262603874982574,-0.0925963052690701,0.902698440734556,32.8600941419916,0.0273830965245813,27.030727330206883,65341700.0,0.8785457555270035,23.24000000000001,-2.5599333790405296,-35.69999999999999,0.0793792487811577,0.8158855445975085,48.29304233028164,67810000.0,59291300.0,-1.978289624868225,9.983225987182836,0.0273856209150327,39.16653361009097,20.899999999999977,2,14.144553628368119,73799100.0,0.027385620915032716,72671100.0,3,-30.060000000000002,39.6232649665128,-4.506693377827673,0.0173257098253172,304.85,6,0.8827128063812602,0
2022-06-03,1.030037160094114,49.00401022491586,0.0273800709378948,0.9650537732332303,33.03259632267985,-0.0260364250235366,22.07012913419384,59291300.0,0.8158855445975085,16.620000000000005,-2.640314612980932,15.060000000000002,0.0229512578091071,0.898913860562965,29.213241975825497,85446300.0,60914700.0,-0.22733166948804673,9.668617331923071,-0.0260194668872065,26.10570014370105,18.95999999999998,3,13.809942654913252,79477100.0,-0.026019466887206577,67764780.0,4,-45.29000000000002,37.43651324485114,-3.924946464546281,-0.0060362121274936,309.03,6,-2.1405873163064513,1
2022-06-06,0.902698440734556,48.29304233028164,-0.1498767949279894,0.8785457555270035,33.02272741206327,0.0033332222259256,8.477200009436558,60914700.0,0.898913860562965,18.54000000000002,-2.3752617448909294,1.2200000000000273,-0.0060821740537042,0.8172884803437267,36.07097683806017,73799100.0,51785000.0,0.8827128063812602,8.921295932271486,0.0033311561071196,27.73431262973017,15.960000000000036,6,13.304232465276593,65341700.0,0.0033311561071196483,63361960.0,0,-42.85999999999996,37.89676451615709,-3.3446610314677514,0.0046798937269704,310.75,6,-2.8814789477464373,1
2022-06-07,0.9650537732332303,29.213241975825497,-0.1329477647967558,0.8158855445975085,33.15108413194286,0.0086375867911365,3.5126884291083402,51785000.0,0.8172884803437267,16.389999999999986,-1.798155489137816,-4.509999999999991,0.005157648890619,0.7954473785843611,39.6232649665128,79477100.0,44900300.0,-2.1405873163064513,8.632154102221381,0.0086257405116854,31.965511735589946,10.54000000000002,7,12.923930146328265,59291300.0,0.008625740511685409,56446600.0,1,18.730000000000018,39.1492434214906,-2.6444982445091227,-0.0140656160064743,303.81,6,-2.5599333790405296,0
2022-06-08,0.8785457555270035,36.07097683806017,-0.1460613848905241,0.898913860562965,33.16481268885978,-0.0071802641546721,3.261137838238623,44900300.0,0.7954473785843611,137.17999999999998,-1.3630449183665991,1.4399999999999977,-0.1825259745436186,0.7511183881106469,37.43651324485114,65341700.0,38342100.0,-2.8814789477464373,149.02829330179162,-0.4195033587440562,28.40491777103619,145.57999999999998,8,12.354363707304822,60914700.0,-0.00719656630199772,51046680.0,2,1.6399999999999864,38.44656374059039,-2.239704058208133,0.0047905448623901,309.05,6,-2.640314612980932,0
2022-06-09,0.8158855445975085,39.6232649665128,0.4579404883926545,0.8172884803437267,33.549300317316124,-0.0268055601632218,3.9602121155300325,38342100.0,0.7511183881106469,8.139999999999986,-1.4201812115939916,-7.82000000000005,-0.047649341561168,1.1098301081707385,37.89676451615709,59291300.0,55900500.0,-2.5599333790405296,4.5554724111712455,-0.0267845533740735,15.248283570173966,-8.879999999999995,9,12.17333772821162,51785000.0,-0.026784553374073594,50368520.0,3,-14.980000000000018,35.88362975026773,-2.541592327536818,-0.0253482375267574,305.91,6,-2.3752617448909294,0
2022-06-10,0.898913860562965,37.43651324485114,0.5377948318888024,0.7954473785843611,34.38010061320938,-0.0352479972728823,8.648357069408593,55900500.0,1.1098301081707385,-10.490000000000007,-1.9276732236677443,-21.03000000000003,-0.0566949706074462,1.5522963154507508,39.1492434214906,60914700.0,85963500.0,-2.640314612980932,7.00246631155751,-0.0352705410821643,0.7176287051481738,-17.160000000000025,10,12.090956461910789,44900300.0,-0.03527054108216432,55378280.0,4,-17.360000000000014,32.86038104101307,-3.5739937655860103,-0.0692338215907762,293.65,6,-1.798155489137816,0
2022-06-13,0.8172884803437267,37.89676451615709,0.0986290693143019,0.7511183881106469,35.657487207422534,-0.0465001236705415,14.268593834011332,85963500.0,1.5522963154507508,-33.69,-2.869599043562225,-32.22999999999996,-0.1035414361044202,1.4777417129924606,38.44656374059039,51785000.0,94442000.0,-2.3752617448909294,11.70594170116884,-0.0464963301481787,1.1289288005132159,-38.96999999999997,13,12.249459571774304,38342100.0,-0.04649633014817878,63909680.0,0,-31.810000000000002,29.46084614821335,-5.391926587241755,-0.1085536811066457,279.75,6,-1.3630449183665991,1
2022-06-14,0.7954473785843611,39.1492434214906,-0.3149499163507762,1.1098301081707385,36.88391525767037,0.0018158236057066,14.236426869126355,94442000.0,1.4777417129924606,-32.36999999999995,-3.1389217962192966,-23.489999999999952,-0.1095943460160712,0.9532685851827754,35.88362975026773,44900300.0,64697500.0,-1.798155489137816,14.105575769100296,0.0018154751098362,3.2474096537781763,-30.289999999999964,14,11.754498173790429,55900500.0,0.001815475109836262,67869120.0,1,-33.95999999999998,29.752225085931627,-6.715698153071912,-0.0799322973377172,277.66,6,-1.4201812115939916,1
2022-06-15,0.7511183881106469,38.44656374059039,0.3300575756404806,1.5522963154507508,37.14580702182884,0.0249685581120071,10.001848329182994,64697500.0,0.9532685851827754,-23.19999999999999,-2.5576025235826485,-6.039999999999964,-0.0807437264334935,1.1116174992229784,32.86038104101307,38342100.0,86051400.0,-1.3630449183665991,14.736041266984603,0.0249719111304409,11.953500126358392,-24.420000000000016,15,11.694891161376825,85963500.0,0.02497191113044095,77410980.0,2,-24.839999999999975,33.809702789318735,-7.137847406607534,-0.0197157419528277,279.42,6,-1.9276732236677443,0
2022-06-16,1.1098301081707385,35.88362975026773,-0.0481235633586437,1.4777417129924606,37.69484784645208,-0.0403479014038757,6.919707363753066,86051400.0,1.1116174992229784,-42.99000000000001,-2.6356249803847653,-4.020000000000039,-0.0935537742150968,0.9914947948832229,29.46084614821335,55900500.0,81910300.0,-1.4201812115939916,15.287317038063687,-0.0403465346534653,2.536057692307707,-38.48000000000002,16,11.825256078421342,94442000.0,-0.04034653465346538,82612940.0,3,-28.00999999999999,30.652248888519253,-8.279099985228243,-0.0135635196861619,275.59,6,-2.869599043562225,1
2022-06-17,1.5522963154507508,32.86038104101307,0.0096825429768905,0.9532685851827754,38.082426810330894,0.012146967018916,4.170023980743693,81910300.0,0.9914947948832229,-31.50999999999999,-2.178055036295337,-1.2200000000000273,-0.0489890596870238,1.0090589515100612,29.752225085931627,85963500.0,82703400.0,-1.9276732236677443,15.3894625203974,0.0121596226832234,11.947879858657291,-32.94999999999999,17,11.457737787105533,64697500.0,0.012159622683223459,81960920.0,4,-14.149999999999977,32.61239596705221,-8.821231207962626,-0.0032323762729525,272.18,6,-3.1389217962192966,1
2022-06-27,1.4777417129924606,29.46084614821335,-0.0731022229525369,1.1116174992229784,36.610111395754714,-0.0073303136129456,8.37220520531948,82703400.0,1.0090589515100612,-170.93,-0.48100507723751207,9.649999999999977,1.5970162507770178,0.7327392919512409,33.809702789318735,94442000.0,54151500.0,-2.869599043562225,145.0489767706845,-0.3900811278650232,51.17049469964665,-149.78000000000003,27,12.20289937374085,86051400.0,0.06465470166369358,73902820.0,0,17.039999999999964,42.09797290463705,-5.492832739671087,0.0418096559554657,296.0,6,-2.5576025235826485,1
2022-07-29,0.9532685851827754,29.752225085931627,0.0428201719625898,0.9914947948832229,34.129303497543376,0.0182152955875585,17.69096859982464,54151500.0,0.7327392919512409,161.76999999999998,2.2401038222994885,44.06999999999999,1.413065095999388,0.7935165170005543,30.652248888519253,64697500.0,57501000.0,-3.1389217962192966,96.16030564751082,-0.1591993390015725,98.02589683718955,163.17,29,13.041263704187932,81910300.0,0.07868011625918947,72463520.0,4,39.549999999999955,51.60313095862073,4.57195600755972,0.0702618364420857,311.39,7,-2.6356249803847653,0
2022-08-30,1.1116174992229784,33.809702789318735,0.0592402202727955,1.0090589515100612,32.236145557513545,-0.0111099956497005,18.38044259532351,57501000.0,0.7935165170005543,-31.25999999999999,3.065350841768442,26.329999999999984,-0.041642788920726,0.7815603997792645,32.61239596705221,86051400.0,51184500.0,-2.5576025235826485,9.65560315165592,-0.0111362964422984,67.37423052430482,-21.840000000000032,30,13.325459153888792,82703400.0,-0.045774424649717815,65490140.0,1,18.21999999999997,46.449835822214354,0.0759922699030539,-0.0619738751741251,306.1,8,-2.178055036295337,0
2022-08-31,0.9914947948832229,30.652248888519253,-0.0222821361935742,0.7327392919512409,30.478213184628704,-0.0058204460085952,14.829304434125863,51184500.0,0.7815603997792645,-29.220000000000027,3.4619071505632135,6.819999999999993,-0.0499666677248341,0.846526406670988,42.09797290463705,81910300.0,50044000.0,-2.6356249803847653,9.793820103630043,-0.0058135672048368,63.65952027170452,-15.090000000000032,31,12.784354928611021,54151500.0,-0.005813567204836834,59116880.0,2,27.879999999999995,45.8522162206763,-1.0827953858824912,-0.0268042032964124,303.99,8,-0.48100507723751207,1
2022-09-01,1.0090589515100612,32.61239596705221,0.1587942610502757,0.7935165170005543,29.210353404472077,0.000442492937132,8.461610366826555,50044000.0,0.846526406670988,-29.879999999999995,3.6810671113506093,-16.060000000000002,-0.066067752199139,1.070445897448866,51.60313095862073,82703400.0,57990700.0,-2.178055036295337,8.717354657364146,0.0004343903498513,63.935470176183394,-14.700000000000044,1,12.359043862281663,57501000.0,0.0004343903498513768,54174340.0,3,24.70999999999998,45.907891774472134,-1.9679675334537023,-0.0164879487211636,296.72,9,2.2401038222994885,0
2022-09-02,0.7327392919512409,42.09797290463705,0.1151236318927,0.7815603997792645,27.738032287706055,-0.0141535111594992,7.793800741614246,57990700.0,1.070445897448866,-27.69,3.490914839861075,-5.849999999999966,-0.0399102263856361,1.1490722741278026,46.449835822214354,54151500.0,64666800.0,-0.48100507723751207,8.519404256691606,-0.0141282565130259,54.956484822755336,-19.83999999999997,2,12.206969300690117,51184500.0,-0.01412825651302596,56277400.0,4,2.7200000000000273,44.311349102491135,-2.970903346696673,-0.0195314642309624,302.34,9,3.065350841768442,0
2022-09-06,0.7935165170005543,51.60313095862073,-0.1184750134535804,0.846526406670988,26.53842094502412,-0.007178354500276,3.3290794523390463,64666800.0,1.1490722741278026,-21.31,3.180880456755027,-6.21999999999997,-0.0373180907328931,1.0147231278707713,45.8522162206763,57501000.0,57005400.0,2.2401038222994885,9.137727957335375,-0.00718230172443,50.45637868817667,-27.529999999999973,6,11.74432863635511,50044000.0,-0.007182301724430018,56178280.0,1,-22.409999999999968,43.494932145978844,-3.8887487462836248,-0.0208893727226432,295.66,9,3.4619071505632135,1
2022-09-07,0.7815603997792645,46.449835822214354,-0.1358643216256705,1.070445897448866,25.153898589859445,0.0201960511679644,2.898158035716143,57005400.0,1.0147231278707713,-15.129999999999995,3.317802950367259,-0.42999999999995,-0.0068101787256659,0.8829063478049219,45.907891774472134,51184500.0,49260400.0,3.065350841768442,8.69532160289797,0.0202013308309163,63.02271279983028,-8.46999999999997,7,11.401162305186888,57990700.0,0.020201330830916353,55793460.0,2,-2.0499999999999545,46.46136723001931,-4.100066381330009,-0.0011358144918108,293.54,9,3.6810671113506093,1
2022-09-08,0.846526406670988,45.8522162206763,0.12970662032789,1.1490722741278026,23.715299343409693,0.0052131248083409,3.1659232460667917,49260400.0,0.8829063478049219,-14.490000000000007,3.4412465170144575,5.349999999999966,0.0041768302870317,0.9777768875554295,44.311349102491135,50044000.0,55649800.0,3.4619071505632135,7.702172925728439,0.0051844666688964,66.3128847378476,-3.890000000000043,8,11.045364997673541,64666800.0,0.0051844666688964924,56914620.0,3,1.25,47.24232539149847,-4.096852945752914,0.0182308214760292,296.85,9,3.490914839861075,1
2022-09-09,1.070445897448866,45.907891774472134,0.0085427081498945,1.0147231278707713,22.12501556322433,0.0218290285404378,5.427310567858292,55649800.0,0.9777768875554295,-13.490000000000007,3.862292013085421,14.039999999999964,0.0256847027388109,0.9926369153146218,43.494932145978844,57990700.0,56125200.0,3.6810671113506093,4.666026622779912,0.021862105683482,80.25896837189553,6.069999999999993,9,10.762124640696863,57005400.0,0.021862105683482014,56541520.0,4,7.689999999999998,50.53591032419203,-3.533915320206688,0.0472382045167432,302.83,9,3.180880456755027,1
2022-09-12,1.1490722741278026,44.311349102491135,-0.1820839836650916,0.8829063478049219,20.920782139663363,0.0119087109400917,6.959563923119527,56125200.0,0.9926369153146218,3.300000000000012,4.252646209256305,11.769999999999982,0.0527492631364976,0.8696023625999966,46.46136723001931,64666800.0,45905700.0,3.490914839861075,5.277487196683437,0.0118857663877041,88.00679261303338,11.470000000000027,12,10.27840145207566,49260400.0,0.011885766387704111,52789300.0,0,15.569999999999993,52.31689399440726,-2.766213017340533,0.0389508642888705,308.5,9,3.317802950367259,0
2022-09-13,1.0147231278707713,43.494932145978844,0.7331660338476484,0.9777768875554295,20.2206345947909,-0.0548434682838879,6.751831603349344,45905700.0,0.8696023625999966,-10.710000000000036,3.2732205759258868,-6.819999999999993,0.0022180515270431,1.3885040765673555,47.24232539149847,57005400.0,79562200.0,3.180880456755027,5.578602074996712,-0.0548368410890134,51.836128210571026,-5.699999999999989,13,10.826372776927398,55649800.0,-0.05483684108901343,57300660.0,1,0.6499999999999773,44.297984797598325,-3.467799953643805,-0.0211057288033583,301.8,9,3.4412465170144575,1
2022-09-14,0.8829063478049219,46.46136723001931,-0.3098833365593209,0.9926369153146218,19.5704975888379,0.0079425638179801,7.215949694945703,79562200.0,1.3885040765673555,-4.990000000000009,2.715274408983655,-11.060000000000002,-0.0098337625848748,0.9397087319155462,50.53591032419203,49260400.0,54907200.0,3.317802950367259,5.688681159405925,0.0079332652366359,55.62336530078462,0.8599999999999568,14,10.32948900714687,56125200.0,0.007933265236635956,58430020.0,2,-2.9400000000000546,45.52746611823993,-3.795279177771477,-0.034992193525816,294.87,9,3.862292013085421,0
2022-09-15,0.9777768875554295,47.24232539149847,0.1892684383833085,0.8696023625999966,19.22401545642074,-0.0166546230343072,8.659062882320852,54907200.0,0.9397087319155462,-8.169999999999959,1.9812469672549087,-19.639999999999986,-0.0313456675096498,1.0818334146786759,52.31689399440726,55649800.0,65299400.0,3.4412465170144575,6.265868832194692,-0.0166537175286286,6.089862606758421,-1.9499999999999889,15,10.096668363779235,45905700.0,-0.016653717528628653,60359940.0,3,-9.419999999999959,43.34730394537661,-4.394697040802839,-0.0635555275002149,294.07,9,4.252646209256305,0
2022-09-16,0.9926369153146218,50.53591032419203,0.2239071109382322,1.3885040765673555,19.173172953343194,-0.0061238058578577,8.529837044163664,65299400.0,1.0818334146786759,-10.079999999999984,1.3718441035916085,-4.3799999999999955,-0.0578657722491776,1.2272980934283675,44.297984797598325,56125200.0,79920400.0,3.862292013085421,6.897697602988189,-0.0061147372037101,12.024699382515408,-9.650000000000034,16,9.766906337795005,79562200.0,-0.006114737203710141,65118980.0,4,-17.769999999999982,42.554942931364806,-4.953845542712884,-0.0148358650741847,287.72,9,3.2732205759258868,1
2022-09-19,0.8696023625999966,52.31689399440726,-0.3416724641017813,0.9397087319155462,18.971524677328578,0.0077811421730864,2.6333343881829143,79920400.0,1.2272980934283675,-4.1200000000000045,1.093372705976602,-4.979999999999961,-0.0633648709532084,0.7916540025217949,45.52746611823993,45905700.0,52613800.0,4.252646209256305,7.174405201830102,0.0059795382275682,21.32757266300083,-9.46999999999997,19,9.438555885095358,54907200.0,0.0059795382275682485,66460600.0,0,-19.689999999999998,43.6333775106542,-5.159174476771113,-0.0149972867190785,286.1,9,2.715274408983655,0
2022-11-23,1.3885040765673555,44.297984797598325,0.1078632258187775,1.0818334146786759,18.803911818165794,0.010027736291871,2.852179868098559,52613800.0,0.7916540025217949,180.78,0.7817107046064375,-2.2800000000000296,0.7017440490219184,0.7754132974605089,43.34730394537661,79562200.0,46390000.0,3.2732205759258868,124.86844305552752,0.6767489114658927,12.56873527101332,-87.50999999999999,23,9.140087607588546,65299400.0,-0.0076619137605222765,59826160.0,2,-4.8799999999999955,42.525146244307166,2.940521842751025,0.0141393343535753,285.97,11,1.9812469672549087,0
2022-11-29,0.9397087319155462,45.52746611823993,-0.0799525755407576,1.2272980934283675,19.158470647959525,-0.0075531417472933,4.3699050332915395,46390000.0,0.7754132974605089,-4.8700000000000045,0.07961929991829386,-8.75,-0.0046826776402142,0.6364097662077776,42.554942931364806,54907200.0,35618900.0,2.715274408983655,2.8496073803718835,-0.0075695942838951,4.387339392040046,-4.240000000000009,29,9.17650992133222,79920400.0,-0.028564503843224176,55968500.0,1,-15.45999999999998,38.61738355764721,2.360831516966698,-0.0288087277621642,282.94,11,1.3718441035916085,1
2022-11-30,1.0818334146786759,43.34730394537661,1.097709362164469,0.7916540025217949,18.394961059913925,0.0455550320733519,4.84006508220569,35618900.0,0.6364097662077776,3.9700000000000273,0.5121612789235677,2.3100000000000023,0.0259136212624586,1.2915333961139621,43.6333775106542,65299400.0,74718100.0,1.9812469672549087,3.66781330556672,0.0455857718216488,44.468818552178035,8.54000000000002,30,9.485330641237061,52613800.0,0.0455857718216488,57852240.0,2,2.259999999999991,46.78210443099992,3.010812122314178,0.0233298840886838,280.84,11,1.093372705976602,1
2022-12-01,1.2272980934283675,42.554942931364806,-0.3101095986113137,0.7754132974605089,17.460395990303386,0.0012478336221837,5.369304424223583,74718100.0,1.2915333961139621,8.28000000000003,0.8387740356374458,4.900000000000034,0.0169655841008242,0.9879197249702075,42.525146244307166,79920400.0,51547300.0,1.3718441035916085,4.488310867630771,0.0012271611671665,45.59699153870268,11.83000000000004,1,9.155664166862985,46390000.0,0.0012271611671665905,52177620.0,3,4.400000000000034,46.99581340516263,3.514462885793762,0.0392497239482423,293.69,12,0.7817107046064375,0
2022-12-02,0.7916540025217949,43.6333775106542,0.0394957640846367,0.6364097662077776,16.81913846926172,-0.003981167347504,5.517148720125911,51547300.0,0.9879197249702075,7.740000000000009,0.9823180662653419,11.980000000000018,0.0196221943398857,1.0231366296554423,38.61738355764721,52613800.0,53583200.0,1.093372705976602,4.845085597230729,-0.0039833855372464,41.930429332497674,6.600000000000023,2,8.884545297801344,35618900.0,-0.00398338553724642,52371500.0,4,1.5,46.34443893072175,3.77727231147378,0.0428216983480316,288.54,12,0.07961929991829386,0
2022-12-05,0.7754132974605089,42.525146244307166,-0.2258375759566431,1.2915333961139621,16.42414298199881,-0.0167877376524973,5.594458865698002,53583200.0,1.0231366296554423,2.819999999999993,0.7626763864787733,-5.720000000000027,0.0174383644016837,0.8072030468231902,46.78210443099992,46390000.0,41482100.0,0.7817107046064375,4.777223856783984,-0.0167834558195181,26.543403321842618,-1.1800000000000068,5,8.707077776529822,74718100.0,-0.016783455819518123,51389920.0,0,-1.1800000000000068,43.61254810189137,3.554832148556727,-0.0195210713778176,290.38,12,0.5121612789235677,0
2022-12-06,0.6364097662077776,38.61738355764721,0.3002620407356426,0.9879197249702075,16.569951082846025,-0.0207154977375566,5.1527177295080895,41482100.0,0.8072030468231902,-0.2099999999999795,0.2581640785090942,-12.04000000000002,0.0039562319563746,0.9797277783166459,46.99581340516263,35618900.0,53937600.0,0.07961929991829386,4.804582997287693,-0.0207203448755387,7.86587276715761,-5.240000000000009,6,8.612286506777691,51547300.0,-0.020720344875538754,55053660.0,1,1.1100000000000136,40.49231013558493,2.872580372498589,-0.041484402737558,287.48,12,0.8387740356374458,0
2022-12-07,1.2915333961139621,46.78210443099992,-0.1543135030108866,1.0231366296554423,16.83010041637017,-0.0040791278608042,6.047373810174735,53937600.0,0.9797277783166459,-5.420000000000016,-0.09207769668691057,-12.020000000000039,-0.0437346604854105,0.9265003686559191,46.34443893072175,74718100.0,45614300.0,0.5121612789235677,5.268630435579516,-0.0040826469752912,5.417956656346747,-2.180000000000007,7,8.267837470579286,53583200.0,-0.00408264697529126,49232900.0,2,-12.830000000000041,39.899144337692434,2.2151742189202537,-0.0415823632508581,280.47,12,0.9823180662653419,1
2022-12-08,0.9879197249702075,46.99581340516263,-0.0661941540262592,0.8072030468231902,16.778230013045697,0.0118163035992604,4.898606944835166,45614300.0,0.9265003686559191,-4.96999999999997,-0.041790617093393934,-3.7899999999999636,-0.0336034318398474,0.8978230874394687,43.61254810189137,51547300.0,42594900.0,0.8387740356374458,5.296489508264803,0.0118347413823836,20.915841584158613,3.2800000000000296,8,8.037991936966476,41482100.0,0.011834741382383607,47442420.0,3,-9.870000000000005,42.51712800176118,1.9349252470977376,-0.0129783219991004,281.91,12,0.7626763864787733,0
2022-12-09,1.0231366296554423,46.34443893072175,0.1236204334321715,0.9797277783166459,16.62387873113588,-0.0063765000895574,2.7797248065208344,42594900.0,0.8978230874394687,-4.879999999999996,-0.07038530877375404,0.36000000000001364,-0.0359254828234489,1.0337514374308283,40.49231013558493,53583200.0,47860500.0,0.9823180662653419,5.460710678213872,-0.0063766073630439,17.96143250688728,-11.319999999999991,9,7.753135370040299,53937600.0,-0.006376607363043907,46297880.0,4,-10.509999999999991,41.45687856341253,1.551312232170119,0.0013606756488987,282.81,12,0.2581640785090942,1
2022-12-12,0.8072030468231902,43.61254810189137,-0.2534031194826631,0.9265003686559191,16.52542150583738,0.0125464181418322,1.9871663241881157,47860500.0,1.0337514374308283,2.8700000000000045,0.19466233827435886,5.050000000000011,-0.007161729940203,0.7914532572457316,39.899144337692434,41482100.0,35732500.0,0.7626763864787733,5.350781459027286,0.0125514111473548,38.30985915492964,-8.140000000000043,12,7.519339986465989,45614300.0,0.012551411147354807,45147960.0,0,-2.0600000000000023,44.37832267372371,1.5106887904784685,0.0179862216515351,282.22,12,-0.09207769668691057,1
2022-12-13,0.9797277783166459,40.49231013558493,1.25754425243126,0.8978230874394687,15.668408321933176,0.0107530710343599,3.1598813268835086,35732500.0,0.7914532572457316,8.079999999999984,0.5994271019719033,4.7999999999999545,0.0247443907980686,1.5975706410942454,42.51712800176118,53937600.0,80667700.0,0.2581640785090942,5.013652472116429,0.0107500525246866,54.53038674033145,-3.900000000000034,13,7.789387130289848,42594900.0,0.010750052524686637,50493980.0,1,6.96999999999997,46.85518792387921,1.7025571619112156,0.0169229890866347,296.65,12,-0.041790617093393934,0
2022-12-14,0.9265003686559191,39.899144337692434,-0.1944185838941732,1.0337514374308283,14.553063698084985,-0.007397752492338,2.5244662802237685,80667700.0,1.5975706410942454,-6.850000000000023,0.7366891657527894,4.46999999999997,0.021316793212847,1.195269276044732,41.45687856341253,45614300.0,64984400.0,-0.09207769668691057,4.4818231657370005,-0.0074138229689935,42.70718232044204,-1.1299999999999957,14,7.820145192412004,47860500.0,-0.007413822968993511,54368000.0,2,5.980000000000018,45.33954958822208,1.6659576562028064,0.015901736683854,288.05,12,-0.07038530877375404,0
2022-12-15,0.8978230874394687,42.51712800176118,-0.0681748234961006,0.7914532572457316,14.317491281331241,-0.0335734819178762,4.60409926044033,64984400.0,1.195269276044732,-16.83000000000004,0.2200550264344976,-8.689999999999998,-0.0245199929540251,1.0447596128629755,44.37832267372371,42594900.0,60554100.0,-0.041790617093393934,4.535121706077632,-0.0335764894768071,5.752003771805618,-4.7900000000000205,15,8.035849107239716,35732500.0,-0.033576489476807136,57959840.0,3,-6.960000000000036,39.200813545902605,0.8636536827138457,-0.0302181633758543,282.33,12,0.19466233827435886,0
2022-12-16,1.0337514374308283,41.45687856341253,0.1279236253201683,1.5975706410942454,14.397893826392147,-0.0095479416841101,6.380570507406648,60554100.0,1.0447596128629755,-18.30000000000001,-0.23440002610184063,-14.399999999999977,-0.0276201957169196,1.1007703413270604,46.85518792387921,47860500.0,68300400.0,-0.07038530877375404,4.657659879768263,-0.009534472173065,6.7573135558301916,-6.279999999999973,16,7.830431313865448,80667700.0,-0.009534472173065023,62047820.0,4,-7.7900000000000205,37.69257143276117,0.0178183338809958,-0.0505191760943244,276.2,12,0.5994271019719033,1
2023-02-07,0.7914532572457316,44.37832267372371,0.6563772140296014,1.195269276044732,15.200607220100292,0.0207163859930501,14.061944389023388,68300400.0,1.1007703413270604,137.54999999999998,1.8167770925287847,23.370000000000005,1.936137957172636,0.9878084928378622,45.33954958822208,35732500.0,67584000.0,0.19466233827435886,132.80567888209364,0.928913787737317,97.00676730869344,-169.61,7,9.898257648589341,64984400.0,0.12991795806745676,68418120.0,1,24.30000000000001,60.03902593134541,8.299748813950828,-0.0055003103376011,303.46,2,0.7366891657527894,0
2023-03-02,1.5975706410942454,46.85518792387921,-0.0809974779968089,1.0447596128629755,14.703347380903637,0.008255826105131,14.358458134492926,67584000.0,0.9878084928378622,-15.490000000000007,2.014632265290155,16.720000000000027,-0.0108146351324034,0.8502826132230733,39.200813545902605,80667700.0,53565900.0,0.5994271019719033,3.9406620989140304,0.008276098901099,54.659031754294695,-0.4199999999999591,2,10.727667816547244,60554100.0,-0.05250419517232474,62997760.0,3,4.960000000000036,51.03752697107289,0.739984926246791,-0.0010724218431091,288.66,3,0.2200550264344976,1
2023-03-03,1.195269276044732,45.33954958822208,0.1296645813847989,1.1007703413270604,14.604938389377983,0.0206605859590935,15.150645860820102,53565900.0,0.8502826132230733,-3.620000000000005,2.461584107332813,25.430000000000007,0.0268288504368681,0.9743703945595057,37.69257143276117,64984400.0,60511500.0,0.7366891657527894,3.2344431085214658,0.0206736827764721,70.45809474232176,5.430000000000007,3,10.412120115365298,68300400.0,0.02067368277647219,62103180.0,4,13.170000000000016,53.8193352760366,0.992491577568046,0.02089954900745,295.39,3,-0.23440002610184063,1
2023-03-06,1.0447596128629755,39.200813545902605,-0.0623881410971468,0.9878084928378622,14.776559003487595,0.0011509037979824,13.227065812189165,60511500.0,0.9743703945595057,-1.1400000000000432,2.669949299980614,-9.860000000000014,0.020684493434034,0.9249535618251303,60.03902593134541,60554100.0,56736300.0,0.2200550264344976,3.005591825624695,0.0011345435130805,71.34305049453408,3.1999999999999886,6,9.97696867855349,67584000.0,0.0011345435130805104,61339620.0,0,23.129999999999995,53.977064830383924,1.206136485838897,0.0300673158622071,300.94,3,1.8167770925287847,0
2023-03-07,1.1007703413270604,37.69257143276117,0.1624973782217029,0.8502826132230733,14.568581386076639,-0.0122734649715985,6.162400506294726,56736300.0,0.9249535618251303,2.3100000000000023,2.4552177921966285,2.7299999999999613,0.0094699550347456,1.0835393711588663,51.03752697107289,68300400.0,65955800.0,-0.23440002610184063,3.0203717578462537,-0.0122658489434037,61.764705882352914,4.489999999999952,7,9.642185201513952,53565900.0,-0.012265848943403768,60870700.0,1,22.089999999999975,51.91044206703241,1.0702043030216828,0.0095380247854774,300.07,3,2.014632265290155,1
2023-03-08,0.9878084928378622,60.03902593134541,-0.2286303858038262,0.9743703945595057,14.298716777799518,0.0049977749632013,2.630718533021474,65955800.0,1.0835393711588663,3.569999999999993,2.310257257103485,-1.8600000000000136,0.0227335164835165,0.8843567331767055,53.8193352760366,67584000.0,50876300.0,1.8167770925287847,3.1147041949857552,0.0049942633461566,65.61686621551277,3.879999999999996,8,9.207029115691528,60511500.0,0.004994263346156602,57529160.0,2,-12.060000000000002,52.69488015269639,1.067975905623257,-0.0061247862104147,296.77,3,2.461584107332813,0
2023-03-09,0.8502826132230733,51.03752697107289,0.4045184103403745,0.9249535618251303,13.761684916180016,-0.0173371027623555,2.9909998328289356,50876300.0,0.8843567331767055,-4.159999999999968,1.7876120554349073,-7.359999999999957,-0.0032355846190524,1.1693639976356351,53.977064830383924,53565900.0,71456700.0,2.014632265290155,3.193256088146419,-0.0173259015512724,52.18636127017187,-0.8999999999999773,9,9.202955607427851,56736300.0,-0.01732590155127245,61107320.0,3,-0.9499999999999886,49.653765822735664,0.6480194585946606,-0.0246127927707527,298.33,3,2.669949299980614,0
2023-03-10,0.9743703945595057,53.8193352760366,0.3797670477366013,1.0835393711588663,12.852572981909736,-0.0140381282495667,4.527584344877941,71456700.0,1.1693639976356351,-3.300000000000012,1.1185735643638408,-7.789999999999964,-0.0371396155899625,1.4346367063259362,51.91044206703241,60511500.0,98593600.0,2.461584107332813,3.6940155807942823,-0.0140436000820064,41.48880791254559,-2.6499999999999773,10,9.043458778325864,65955800.0,-0.014043600082006447,68723740.0,4,-11.129999999999995,47.31164559896108,-0.0114680079786921,-0.0263774560487209,292.83,3,2.4552177921966285,1
2023-03-13,0.9249535618251303,53.977064830383924,-0.0149096898784505,0.8843567331767055,12.060782614320216,0.0074178238706275,3.854136738620574,98593600.0,1.4346367063259362,-3.25,0.7891616422833625,-7.1299999999999955,-0.0310979268048796,1.264610448795071,52.69488015269639,56736300.0,97123600.0,2.669949299980614,3.9087510082485823,0.0074163923063592,47.058823529411775,-2.920000000000016,13,9.060354579874017,50876300.0,0.007416392306359265,76801200.0,0,-9.329999999999984,48.66930481910332,-0.359710689676092,-0.0239574071412947,286.73,3,2.310257257103485,1
2023-03-14,1.0835393711588663,51.91044206703241,-0.2421769786128191,1.1693639976356351,11.40055297147965,0.0229969290898939,4.083805823001964,97123600.0,1.264610448795071,3.8100000000000014,0.977822925987438,4.7099999999999795,0.0034757373287441,0.9396398901373589,49.653765822735664,65955800.0,73602500.0,2.4552177921966285,4.000967105315613,0.022979806666896,64.44560124934934,-2.3100000000000023,14,8.93032925274016,71456700.0,0.02297980666689603,78330540.0,1,1.0300000000000296,52.761181512297156,-0.1027531247418096,0.0163766247109546,294.31,3,1.7876120554349073,1
2023-03-15,0.8843567331767055,52.69488015269639,0.1362589585951563,1.4346367063259362,10.915516597821377,0.0052532833020637,4.400795382653537,73602500.0,0.9396398901373589,7.730000000000018,1.1523374271036222,10.379999999999995,0.003727083473239,0.9852726586851941,47.31164559896108,50876300.0,83631500.0,2.310257257103485,3.976095376683534,0.0052459898443018,68.50598646538266,-1.089999999999975,15,8.723162877544432,98593600.0,0.005245989844301802,84881580.0,2,1.1100000000000136,53.689627168281774,0.2225868833945696,0.0356680362625851,294.71,3,1.1185735643638408,1
2023-03-16,1.1693639976356351,49.653765822735664,0.1741759982781607,1.264610448795071,11.180190275234835,0.0263327564559368,7.244170069785996,83631500.0,0.9852726586851941,13.199999999999989,1.709537885679746,16.120000000000005,0.0483496207202895,1.0883104550976805,48.66930481910332,71456700.0,98198100.0,1.7876120554349073,5.24335780880446,0.0263606864483323,89.01613742842277,10.470000000000027,16,8.813651243434117,97123600.0,0.026360686448332338,90229860.0,3,14.149999999999977,58.1627134370166,1.0939776375369092,0.0545829688478944,298.0,3,0.7891616422833625,0
2023-03-17,1.4346367063259362,47.31164559896108,-0.0842623227944329,0.9396398901373589,11.592918834619407,-0.0047280542238387,6.513495221459944,98198100.0,1.0883104550976805,5.680000000000007,1.878073933699928,7.990000000000009,0.0582568012476174,1.0161343104334348,52.761181512297156,98593600.0,89923700.0,1.1185735643638408,5.851873868925863,-0.004726051953978,85.24206142634054,7.54000000000002,17,8.596961868903106,73602500.0,-0.004726051953978017,88495880.0,4,16.810000000000002,57.07035284906874,1.6501501356536892,0.0268579855341618,306.72,3,0.977822925987438,1
2023-03-20,1.264610448795071,48.66930481910332,-0.3732519902984419,0.9852726586851941,11.80951904662667,0.0035545810909574,4.390491999762646,89923700.0,1.0161343104334348,5.9500000000000455,1.9213515978088402,7.0400000000000205,0.0525645877051155,0.7014856043571156,53.689627168281774,97123600.0,56359500.0,0.7891616422833625,6.416866663552962,0.0019976421273251,80.41795665634693,13.310000000000002,20,8.289321735410029,83631500.0,0.0019976421273251166,80343060.0,0,15.28000000000003,57.43255040041224,2.1524488149684657,0.0251592833230555,304.26,3,1.1523374271036222,1
2023-05-31,0.9396398901373589,52.761181512297156,-0.1038757257178722,1.0883104550976805,14.521149225551676,-0.0056722810673149,19.801331268376202,56359500.0,0.7014856043571156,20.829999999999984,4.52216135662334,41.18000000000001,0.0438864890808734,0.8278533394435964,58.1627134370166,73602500.0,65105400.0,0.977822925987438,7.054573299957625,-0.0056860392022402,96.00978443663047,11.480000000000018,31,10.885084468595027,98198100.0,0.13733372552864642,78643640.0,2,50.620000000000005,73.81901047920694,7.414955669254596,0.0244136847263348,348.37,5,1.709537885679746,1
2023-06-01,0.9852726586851941,53.689627168281774,-0.2245097948864456,1.0161343104334348,17.13552574305178,0.0115548052855229,24.121644222564214,65105400.0,0.8278533394435964,20.889999999999983,6.154265794035448,46.64999999999998,0.0613900195989749,0.7010839121705932,57.07035284906874,83631500.0,50488600.0,1.1523374271036222,7.425344062363348,0.0115520560935657,98.01965674050165,14.370000000000005,1,10.58614986369538,89923700.0,0.011552056093565799,72015060.0,3,53.079999999999984,74.81775994889941,7.931564334776851,0.0104176716104983,347.73,6,1.878073933699928,1
2023-06-02,1.0883104550976805,58.1627134370166,0.055555115412192,0.7014856043571156,19.65131937044839,0.0075097108329738,25.24480699074483,50488600.0,0.7010839121705932,17.379999999999995,6.991551698706424,48.67999999999995,0.0439479571411749,0.8454704069889746,57.43255040041224,98198100.0,53293500.0,1.709537885679746,8.317842201491843,0.007499786937871,98.3295583238958,21.289999999999964,2,10.102853444859997,56359500.0,0.007499786937871011,63034140.0,4,47.839999999999975,75.47931451142297,8.454131644405095,0.0133922350511818,353.8,6,1.9213515978088402,1
2023-06-05,1.0161343104334348,57.07035284906874,-0.1130963438317993,0.8278533394435964,22.04885295517885,0.0006854009595611,20.943850648817012,53293500.0,0.8454704069889746,18.389999999999983,7.118309457485752,6.909999999999968,0.0186567164179105,0.8672277159418332,73.81901047920694,89923700.0,47266200.0,1.878073933699928,8.70072921592887,0.000704920344001,96.40437007329551,23.25,5,9.64193534165571,65105400.0,0.0007049203440010476,54502640.0,0,49.539999999999964,75.54483282504663,8.786352395317238,0.0197499170780579,354.43,6,4.52216135662334,0
2023-06-06,0.7014856043571156,57.43255040041224,-0.1243129339781916,0.7010839121705932,24.159154786695872,-0.0001712328767123,2.988472854142525,47266200.0,0.8672277159418332,17.19999999999999,6.757069545542311,2.829999999999984,0.0138865078004455,0.8035594680677989,74.81775994889941,56359500.0,41390400.0,1.9213515978088402,8.777269886855224,-0.0001690617075232,96.32139399806387,15.119999999999948,6,9.159654245823159,50488600.0,-0.00016906170752328809,51508820.0,1,48.86999999999995,75.49269763352048,8.941723611612304,0.0080238789158225,354.28,6,6.154265794035448,0
2023-06-07,0.8278533394435964,73.81901047920694,0.6725110170474313,0.8454704069889746,25.51618984875089,-0.0169549580407604,2.6533431741760602,41390400.0,0.8035594680677989,15.45999999999998,5.713144936118297,-5.829999999999984,0.0023851260093681,1.3227983456684627,75.47931451142297,65105400.0,69225900.0,4.52216135662334,7.412121003991117,-0.0169653928531168,87.99612778315586,0.4200000000000159,7,9.14396465683579,53293500.0,-0.016965392853116823,52332920.0,2,0.8299999999999841,70.25395670470364,8.48770705900455,-0.0164407899579116,355.13,6,6.991551698706424,1
2023-06-08,0.7010839121705932,74.81775994889941,-0.3188402028720464,0.8672277159418332,26.776293834944834,0.0123983739837398,2.590515392725264,69225900.0,1.3227983456684627,21.5,4.943542444696515,-1.75,0.0032385443595353,0.9126682586878252,75.54483282504663,50488600.0,47153900.0,6.154265794035448,4.651198650769148,0.0124132790550999,93.98423454570596,3.169999999999959,8,8.833681467061805,47266200.0,0.012413279055099924,51665980.0,3,1.1399999999999864,71.77131688974325,8.375896858995588,-0.0047278169337329,349.12,6,7.118309457485752,1
2023-06-09,0.8454704069889746,75.47931451142297,0.1272853358895023,0.8035594680677989,28.157652883890428,0.0038431754954539,2.5713653960389524,47153900.0,0.9126682586878252,14.779999999999973,4.184779605260207,-0.339999999999975,-0.0004229522064006,1.029385849229431,75.49269763352048,53293500.0,53155900.0,6.991551698706424,2.8722008595857638,0.0038227382132238,95.63957499655027,6.509999999999991,9,8.533418505128823,41390400.0,0.003822738213223875,51638460.0,4,-0.14999999999997726,72.24665794100211,8.299739045780598,-0.0007134085615665,354.63,6,6.757069545542311,1
2023-06-12,0.8672277159418332,75.54483282504663,-0.1608363323732643,1.3227983456684627,29.590652862121825,0.0168852318505186,4.182780175905227,53155900.0,1.029385849229431,12.090000000000032,3.7591624524284413,11.670000000000016,0.0157509157509159,0.8728142710558261,70.25395670470364,47266200.0,44606500.0,7.118309457485752,3.660400858440436,0.0168970380818054,99.85152190051973,8.480000000000018,12,8.358888611905334,69225900.0,0.016897038081805427,51106520.0,0,5.590000000000032,74.31345631759532,8.616940314107637,0.0331267813297124,356.19,6,5.713144936118297,1
2023-06-13,0.8035594680677989,75.49269763352048,0.2800331790209946,0.9126682586878252,31.099180610694134,0.0076983591818386,5.804802322210859,44606500.0,0.8728142710558261,13.279999999999973,3.3506053471841017,10.110000000000014,0.0237290046218014,1.0525328122695767,71.77131688974325,41390400.0,57097800.0,6.757069545542311,4.66149344214251,0.0076839856861492,98.80062085508675,8.610000000000014,13,8.053253711054955,47153900.0,0.007683985686149253,54248000.0,1,8.420000000000016,75.23202361220567,8.985836574886775,0.0284267665278112,363.29,6,4.943542444696515,1
2023-06-14,1.3227983456684627,70.25395670470364,0.2176581234303247,1.029385849229431,32.60451148784417,0.0072492053755646,5.508906425048632,57097800.0,1.0525328122695767,17.909999999999968,2.958225384184777,11.399999999999977,0.0489650822773923,1.280210591674072,72.24665794100211,69225900.0,69525600.0,5.713144936118297,5.2963903850770775,0.007267521885151,99.5797101449275,11.0,14,7.890164160265314,53155900.0,0.007267521885151007,54307940.0,2,17.079999999999984,76.10892321443086,9.379862573219384,0.0318327964079219,363.27,6,4.184779605260207,1
2023-06-15,0.9126682586878252,71.77131688974325,0.0232029640880482,0.8728142710558261,34.27225398961942,0.0119304655926479,5.909011761702591,69525600.0,1.280210591674072,18.25,2.6995781343071297,9.769999999999982,0.0484496672801926,1.203602001322394,74.31345631759532,47153900.0,71138800.0,4.943542444696515,6.644872793701135,0.0119158239956271,97.83543577981652,15.420000000000016,15,7.883009577389218,44606500.0,0.011915823995627184,59104920.0,3,17.110000000000014,77.52420113326741,9.92549704401307,0.0268780301500513,364.61,6,3.7591624524284413,0
2023-06-16,1.029385849229431,72.24665794100211,0.1368746731741328,1.0525328122695767,35.871850960574356,-0.0062915447109992,3.8346147133626918,71138800.0,1.203602001322394,13.28000000000003,2.105217618837081,4.670000000000016,0.0378843441466854,1.2510015635218654,75.23202361220567,53155900.0,80875900.0,4.184779605260207,7.188651936677091,-0.0062928752768324,93.05477131564086,19.110000000000014,16,7.703508893289988,57097800.0,-0.006292875276832421,64648920.0,4,13.430000000000007,74.96833565979826,10.056401577609051,0.0128881262572133,372.72,6,3.3506053471841017,0
2023-06-20,0.8728142710558261,74.31345631759532,-0.3916024427548874,1.280210591674072,36.74368606411705,-0.0014314421779942,2.578158257348999,80875900.0,1.2510015635218654,12.0,1.4097606388635704,1.0,0.0177813531582011,0.7504313042714374,76.10892321443086,44606500.0,49204700.0,3.7591624524284413,7.352780653151398,-0.0027994455467073,77.4107820804858,13.75,20,7.469686829483561,69525600.0,-0.002799445546707302,65568560.0,1,6.409999999999968,73.80987537205888,10.002877761165962,0.0042074787036544,365.95,6,2.958225384184777,1
2023-08-07,1.0525328122695767,75.23202361220567,-0.3960633421038118,1.203602001322394,37.93465516178818,0.008454992795585,3.7010174276724817,49204700.0,0.7504313042714374,183.41,1.2789628547009997,4.930000000000007,2.517296334489547,0.6044378869221373,77.52420113326741,57097800.0,37230400.0,3.3506053471841017,90.29379583092108,0.6537664741922686,99.65071603213404,110.26,7,7.535423484520453,71138800.0,0.022594712455709987,61595080.0,0,11.930000000000007,76.90339840280112,2.7290224625433552,0.002179801837569,373.88,8,2.6995781343071297,1
2023-08-30,1.280210591674072,76.10892321443086,-0.2865483379037277,1.2510015635218654,39.1509653434072,0.0055596038107574,4.409146175841102,37230400.0,0.6044378869221373,14.319999999999991,1.0835512016587643,8.930000000000007,0.0209964509224891,0.7447231489039419,74.96833565979826,69525600.0,41731500.0,2.958225384184777,6.316375630940105,0.0055767537422952,97.98428425008551,12.960000000000036,30,7.2536075213404185,80875900.0,0.004451078120419005,56036260.0,2,10.960000000000036,77.48045968146765,-0.3551112642471139,0.0349311212705523,374.88,8,2.105217618837081,1
2023-08-31,1.203602001322394,77.52420113326741,-0.143795454273151,0.7504313042714374,40.39683552996629,0.0030059851311092,5.184286836193906,41731500.0,0.7447231489039419,19.410000000000025,0.82095345830637,11.090000000000032,0.0464260007751509,0.7298736136145624,73.80987537205888,71138800.0,35730700.0,2.6995781343071297,6.853972408596317,0.0029984609669373,94.51490171211154,14.610000000000014,31,6.939778412673247,49204700.0,0.002998460966937344,48954640.0,3,7.730000000000018,77.88312504026507,0.4215074207716043,0.0304072369934924,376.94,8,1.4097606388635704,0
2023-09-01,1.2510015635218654,74.96833565979826,0.113115612064695,0.6044378869221373,41.611707263809315,-0.0010435899494259,4.601894175220943,35730700.0,0.7298736136145624,19.45999999999998,0.43049843815280653,2.3999999999999773,0.0372781715290368,0.9763946232552019,76.90339840280112,80875900.0,39772400.0,2.105217618837081,6.620654549716923,-0.0010582290536788,90.07656967840731,8.479999999999961,1,6.783365668910872,37230400.0,-0.0010582290536788053,40733940.0,4,9.659999999999968,77.35584164557056,0.9940547389968516,0.0075219989924407,380.4,9,1.2789628547009997,1
2023-09-05,0.7504313042714374,73.80987537205888,-0.1867677082599994,0.7447231489039419,42.689025521489974,0.0012589735347692,1.1906720790928396,39772400.0,0.9763946232552019,14.170000000000016,0.03555160239823962,1.2099999999999795,0.0308376049732794,0.8657014750879507,77.48045968146765,49204700.0,32344200.0,1.4097606388635704,6.788906064718783,0.0012712201064646,91.5467075038285,16.849999999999966,5,6.5474109782743835,41731500.0,0.0012712201064646322,37361840.0,1,11.170000000000016,77.55224081625178,1.468796316079306,0.0032213687164525,376.77,9,1.0835512016587643,0
2023-09-06,0.6044378869221373,76.90339840280112,0.329409909659228,0.7298736136145624,43.046973815139665,-0.0088017335937291,1.3772980795497096,32344200.0,0.8657014750879507,11.360000000000014,-0.584733179043635,-3.25,-8.004909677927774e-05,1.1163998909529929,77.88312504026507,37230400.0,42998700.0,1.2789628547009997,6.30999216411006,-0.0088078927182796,80.93299937382601,10.720000000000027,6,6.463310194111927,35730700.0,-0.008807892718279642,38515500.0,2,-0.44999999999998863,72.83272235575825,1.561556283125924,-0.0085863500083859,377.28,9,0.82095345830637,0
2023-09-07,0.7447231489039419,77.48045968146765,0.2107505575749964,0.9763946232552019,42.68817915234679,-0.0071524966261807,2.638361233783563,42998700.0,1.1163998909529929,2.9499999999999886,-1.2709248594297833,-5.529999999999973,-0.0127368253462825,1.2828728671847702,77.35584164557056,41731500.0,52060700.0,1.0835512016587643,6.222348252693419,-0.0071516251267546,68.45323741007202,5.300000000000011,7,6.4009308945325065,39772400.0,-0.007151625126754602,40581340.0,3,-4.800000000000011,69.18365336739045,1.4050399463890244,-0.0146952566851407,370.21,9,0.43049843815280653,1
2023-09-08,0.7298736136145624,77.88312504026507,-0.3123392501445428,0.8657014750879507,42.5242473699239,0.0013864346880521,2.7703916690483803,52060700.0,1.2828728671847702,11.359999999999957,-1.755341186428769,-5.490000000000009,-0.014312547951004,0.8818796892836152,77.55224081625178,35730700.0,35800100.0,0.82095345830637,4.835193205379876,0.0013976240391333,67.81115879828326,-2.1899999999999977,8,6.175864402065899,32344200.0,0.0013976240391333494,40595220.0,4,-5.410000000000025,69.50292981516651,1.3070850962801046,-0.0145677955318578,372.01,9,0.03555160239823962,1
2023-09-11,0.9763946232552019,77.35584164557056,0.1155443699877933,1.1163998909529929,42.591475899978605,0.0117819524378324,2.636575430351425,35800100.0,0.8818796892836152,12.950000000000044,-1.8369195900343058,2.230000000000018,-0.0016419926375167,0.9829807280977728,72.83272235575825,39772400.0,39936600.0,0.43049843815280653,3.5695080582336884,0.0117827043856353,81.4423076923079,0.1100000000000136,11,6.085445516204051,42998700.0,0.011782704385635334,40628060.0,0,-0.6199999999999477,72.12832487387692,1.561655112903907,0.0060158904997037,375.66,9,-0.584733179043635,0
2023-09-12,0.8657014750879507,77.55224081625178,0.0364177220895118,1.2828728671847702,42.40991807989868,-0.0110812986316072,2.0288346408550892,39936600.0,0.9829807280977728,6.03000000000003,-2.204461180406401,0.7300000000000182,-0.0139656677334883,0.9753420448274188,69.18365336739045,32344200.0,41391000.0,0.03555160239823962,2.35618712707519,-0.0110884155237817,60.60754532092123,-5.199999999999989,12,5.970056550760907,52060700.0,-0.011088415523781703,42437420.0,1,-5.279999999999973,66.27772271650869,1.4138492272056735,0.0020870884942773,375.27,9,-1.2709248594297833,1
2023-09-13,1.1163998909529929,72.83272235575825,0.1186175738687154,0.8818796892836152,42.10608912918777,0.0037984643351332,1.9825917380877174,41391000.0,0.9753420448274188,-0.5600000000000023,-2.3695684883896018,1.6299999999999955,-0.0014143139243208,1.0743165199539095,69.50292981516651,42998700.0,46300700.0,-0.584733179043635,2.3804630735345484,0.0038091150513692,60.920897284533616,-3.3799999999999955,13,5.826481082849412,35800100.0,0.0038091150513692718,43097820.0,2,-0.5300000000000296,67.24959270705739,1.3936155648813155,0.0044991181413583,373.03,9,-1.755341186428769,1
2023-09-14,1.2828728671847702,69.18365336739045,0.0375523480206563,0.9829807280977728,42.06242233642343,0.0081898532313429,2.2427616904015877,46300700.0,1.0743165199539095,0.4099999999999681,-2.2890770175031996,0.2999999999999545,0.0140031177767026,1.1358561445288597,72.12832487387692,52060700.0,48039400.0,-1.2709248594297833,2.4119934125613374,0.0081772266908954,78.98465171192443,-0.8000000000000114,14,5.723161005503025,39936600.0,0.00817722669089549,42293560.0,3,5.2099999999999795,69.30268925637213,1.6035907232895283,0.0009070189348688,375.99,9,-1.8369195900343058,0
2023-09-15,0.8818796892836152,69.50292981516651,0.4520934899270181,0.9753420448274188,41.133143703332415,-0.0171313672922251,2.7548865675256367,48039400.0,1.1358561445288597,-7.180000000000007,-2.6611953759588314,-1.9800000000000182,-0.0047506575768961,1.421158934649796,66.27772271650869,35800100.0,69757700.0,-1.755341186428769,2.623650764364593,-0.0171230153470988,40.850059031877315,-3.930000000000007,15,5.8436495051099495,41391000.0,-0.017123015347098813,49085080.0,4,-1.7699999999999818,60.65752710341601,1.240083047133112,-0.005143049725749,375.91,9,-2.204461180406401,1
2023-11-27,0.9829807280977728,72.12832487387692,1.1719024353004048,1.0743165199539095,41.579855032568254,-0.000881605559301,7.278282764494088,69757700.0,1.421158934649796,10.78000000000003,-1.707473929169117,14.960000000000036,0.0081079680862086,0.7123464028694416,67.24959270705739,39936600.0,34139700.0,-1.8369195900343058,3.92600447161324,-0.0008728915817308,91.00000000000017,3.550000000000012,27,6.879103111887808,46300700.0,0.04951322779860301,47925700.0,0,12.199999999999989,71.52831583753789,7.469770614910942,0.0018020000763209,389.01,11,-2.3695684883896018,1
2023-11-28,0.9753420448274188,66.27772271650869,0.0395844134541312,1.1358561445288597,41.94941385179566,0.0026211979653274,8.843268626471197,34139700.0,0.7123464028694416,12.980000000000018,-1.075444044555029,12.920000000000016,-0.0014075856067974,0.7592374232336137,69.30268925637213,41391000.0,35491100.0,-2.204461180406401,2.1379626854693776,0.0026209625613484,95.63636363636373,4.240000000000009,28,6.5827386038958196,48039400.0,0.002620962561348472,46745720.0,1,17.399999999999977,71.99134026892231,7.407367540296661,0.000341353151754,388.41,11,-2.2890770175031996,0
2023-11-29,1.0743165199539095,67.24959270705739,0.0935614844284904,1.421158934649796,42.533443385832776,-0.0009577304377087,8.89603282367641,35491100.0,0.7592374232336137,4.480000000000018,-0.7650698246698227,19.0,0.0034494298144001,0.8577565554394545,60.65752710341601,46300700.0,38811700.0,-2.3695684883896018,1.9525038056622988,-0.000973884517799,82.67306922769116,3.769999999999982,29,6.446828703617547,69757700.0,-0.0009738845177990063,45247920.0,2,15.600000000000023,71.52466510260226,7.24454612810257,0.0007818619683176,392.69,11,-2.6611953759588314,0
2023-11-30,1.1358561445288597,69.30268925637213,0.3613008448483319,0.7123464028694416,42.337966142100846,-0.0025132138045392,8.375304173576426,38811700.0,0.8577565554394545,3.2099999999999795,-0.7091203228089515,-0.34000000000003183,-0.0031533610213814,1.143430464527824,71.52831583753789,48039400.0,52834400.0,-2.2890770175031996,1.657810135226245,-0.0025140453041225,78.75150060024009,-1.910000000000025,30,6.324198081930581,34139700.0,-0.0025140453041225808,46206920.0,3,11.560000000000002,70.25973049693056,6.957041647003507,-0.0008497462769205,390.08,11,-1.707473929169117,1
2023-12-01,1.421158934649796,60.65752710341601,-0.2345801220417001,0.7592374232336137,42.15645155863548,0.0028312423699317,0.5667627368878069,52834400.0,1.143430464527824,3.990000000000009,-0.680577124484735,-0.25,0.0011039511180714,1.0024048495568554,71.99134026892231,69757700.0,40440500.0,-2.6611953759588314,1.321011397045922,0.0028547180001543,83.19327731092442,1.4699999999999704,1,6.191755361792685,35491100.0,0.002854718000154355,40343480.0,4,19.129999999999995,70.88774500129213,6.7394578894814,-0.0006397018723163,387.75,12,-1.075444044555029,0
2023-12-04,0.7123464028694416,71.52831583753789,0.265733608634908,0.8577565554394545,41.29337642873946,-0.0092726895980107,1.5941674943132378,40440500.0,1.0024048495568554,0.2799999999999727,-0.9710143248146839,-3.490000000000009,-0.0073232777449444,1.1699082026982428,71.52466510260226,34139700.0,51186900.0,-1.707473929169117,1.2456163133220812,-0.0092834795096681,68.70748299319732,-3.740000000000009,4,6.269487121664634,38811700.0,-0.009283479509668124,43752920.0,0,-2.8500000000000227,65.99338978092412,6.206599300089692,-0.0089546610326183,386.09,12,-0.7650698246698227,1
2023-12-05,0.7592374232336137,71.99134026892231,-0.1612502417610756,1.143430464527824,40.69205559441034,0.0025098039215685,1.58870072698583,51186900.0,1.1699082026982428,-3.4499999999999886,-1.1510208463925178,-1.5399999999999636,-0.007432276583203,0.9489780355560075,70.25973049693056,35491100.0,42933000.0,-1.075444044555029,1.280967082590721,0.002510871816111,72.58903561424584,-2.2199999999999704,5,6.128095184402875,52834400.0,0.0025108718161110932,45241300.0,1,-2.8999999999999773,66.65769519113718,5.794968219511077,-0.0039316433065105,384.39,12,-0.7091203228089515,0
2023-12-06,0.8577565554394545,71.52466510260226,-0.0218689586099271,1.0024048495568554,40.32899181178711,-0.0057893913315599,1.946825621345159,42933000.0,0.9489780355560075,-3.420000000000016,-1.4546066101366417,-4.889999999999986,-0.0122110771914522,0.915347255250799,70.88774500129213,38811700.0,41994100.0,-0.7650698246698227,1.783860046831366,-0.0057837795966846,62.56177924217469,-4.1200000000000045,6,6.095374099802671,40440500.0,-0.005783779596684635,45877780.0,2,-4.759999999999991,63.56943580364224,5.229331695188648,-0.0125522770080022,390.27,12,-0.680577124484735,1
2023-12-07,1.143430464527824,70.25973049693056,0.1809635163034806,1.1699082026982428,40.086957882223835,0.0139806945755953,2.3189070701357957,41994100.0,0.915347255250799,0.3700000000000045,-1.3301290403639126,4.110000000000014,0.0041149088290513,1.0964832764384385,65.99338978092412,52834400.0,49593500.0,-0.7091203228089515,1.8205750007478003,0.0139722114011167,84.71993410214174,0.2400000000000091,7,6.104275949816764,51186900.0,0.013972211401116708,45229600.0,3,1.6000000000000227,67.4679077471549,5.151760837725931,0.0107011071656039,388.07,12,-0.9710143248146839,1
2023-12-08,1.0024048495568554,70.88774500129213,-0.0598848639438636,0.9489780355560075,40.007791319770206,0.0044493882091212,2.958263003846271,49593500.0,1.0964832764384385,2.660000000000025,-1.173139649160543,4.8799999999999955,0.0057188285377238,1.003386976603649,66.65769519113718,40440500.0,46623600.0,-0.680577124484735,2.1279202157174035,0.0044566247470738,91.88632619439879,2.3600000000000136,8,5.963970524829852,42933000.0,0.004456624747073867,46466220.0,4,2.230000000000018,68.6368676193062,5.16948440139214,0.0126406914531566,388.67,12,-1.1510208463925178,1
2023-12-11,1.1699082026982428,65.99338978092412,-0.1163702502595251,0.915347255250799,40.26360235881045,0.0085503103350588,4.097818932056961,46623600.0,1.003386976603649,6.349999999999966,-0.8985818601339908,10.46999999999997,0.0238144543383722,0.9264548070496739,63.56943580364224,51186900.0,41198000.0,-0.9710143248146839,2.985476883554142,0.0085422138358364,98.95873505591963,6.689999999999998,11,5.842258344484867,41994100.0,0.00854221383583642,44468440.0,0,9.199999999999989,70.81147099874407,5.3893021860150725,0.0269803931197754,391.74,12,-1.4546066101366417,1
2023-12-12,0.9489780355560075,66.65769519113718,-0.0479829117918345,1.0964832764384385,40.78923359359038,0.0079671101350833,5.172003480269842,41198000.0,0.9264548070496739,8.480000000000018,-0.5754427329560521,8.240000000000009,0.0293836659867283,0.8969749860952548,67.4679077471549,42933000.0,39221200.0,-1.1510208463925178,4.159415156540382,0.0079641990291263,99.58520566885583,8.730000000000018,12,5.737811319878804,49593500.0,0.007964199029126373,43726080.0,1,11.379999999999995,72.72640349301022,5.748996436804987,0.0209668086792633,395.56,12,-1.3301290403639126,1
2023-12-13,0.915347255250799,63.56943580364224,0.4127079232659887,1.003386976603649,41.745272319166546,0.012717553770932,5.312826931109405,39221200.0,0.8969749860952548,13.930000000000009,-0.11495178629216163,11.569999999999993,0.0485391507596415,1.1939115962289975,68.6368676193062,41994100.0,55408100.0,-1.4546066101366417,5.905045300420009,0.0127172849725336,98.20289855072463,17.420000000000016,13,5.734396225601746,46623600.0,0.01271728497253366,46408880.0,2,18.689999999999998,75.51118496030664,6.365748383300684,0.0292349742410742,399.62,12,-1.173139649160543,0
2023-12-14,1.0964832764384385,67.4679077471549,0.0007165017389154,0.9264548070496739,42.77970910500376,-0.0008755472170106,5.003795559364909,55408100.0,1.1939115962289975,14.560000000000002,0.061859184010897295,7.8700000000000045,0.0331941705299285,1.1653657628225795,70.81147099874407,49593500.0,55447800.0,-1.3301290403639126,6.817056712558103,-0.0008668945360876,87.69035532994914,16.099999999999966,14,5.75051078091591,41198000.0,-0.0008668945360876812,47579740.0,3,12.95999999999998,74.94230514491089,6.748494228751156,0.0198091166890047,404.98,12,-0.8985818601339908,1
2023-12-15,1.003386976603649,68.6368676193062,0.1289537186326599,0.8969749860952548,43.75881369080399,0.0048322483725589,4.091560826862847,55447800.0,1.1653657628225795,15.399999999999975,0.19823595488325907,6.669999999999959,0.0335823749904378,1.2328600391297857,72.72640349301022,46623600.0,62598000.0,-1.173139649160543,7.671627090926161,0.0048340315823396,94.9748743718591,20.289999999999964,15,5.56476001085049,39221200.0,0.004834031582339637,50774620.0,4,13.169999999999959,76.0259856257828,7.125420526710911,0.0166742549264803,404.18,12,-0.5754427329560521,1
2023-12-18,0.9264548070496739,70.81147099874407,-0.2554075210070609,1.1939115962289975,44.78353741355095,0.0063040390700919,3.1423287542708076,62598000.0,1.2328600391297857,20.75999999999999,0.2882667279701643,3.339999999999975,0.0292273462783172,0.8988175564272687,75.51118496030664,41198000.0,46610000.0,-0.8985818601339908,7.92890044219439,0.0042926925543989,96.40742202921427,16.649999999999977,18,5.409420010075453,55408100.0,0.0042926925543989025,51857020.0,0,11.560000000000002,76.98255520481061,7.541355141617146,0.0102607402256401,404.93,12,-0.11495178629216163,1
2024-03-08,0.8969749860952548,72.72640349301022,0.6159809732138246,1.1653657628225795,47.317659245112324,-0.0144291659127918,15.33454531441713,46610000.0,0.8988175564272687,2.240000000000009,2.2711655947323006,35.629999999999995,-0.0147887165907408,1.232017387957326,74.94230514491089,39221200.0,71954300.0,-0.5754427329560521,3.8830177267991695,-0.0144348411718486,85.4198241891482,3.75,8,7.991604295070063,55447800.0,0.07846123612066425,58403640.0,4,40.349999999999966,87.1321948959555,4.887402533776537,0.0070312705125209,445.81,3,0.061859184010897295,0
2024-03-11,1.1939115962289975,75.51118496030664,-0.3626510159920949,1.2328600391297857,49.16804311582897,-0.003717472118959,18.095585925852436,71954300.0,1.232017387957326,0.839999999999975,3.1889952563216113,32.05000000000001,-0.0149317598306382,0.8117673339585323,76.0259856257828,55408100.0,45860000.0,-0.11495178629216163,3.814926823234818,-0.0037128149059267,82.94937859957562,-1.6100000000000136,11,7.676489702565058,62598000.0,-0.0037128149059267868,56494020.0,0,33.64999999999998,85.07056729503249,4.425302849375271,-0.0029704240494295,437.51,3,0.19823595488325907,1
2024-03-12,1.1653657628225795,74.94230514491089,0.2058634976013955,0.8988175564272687,51.024180841662485,0.0143265155702965,18.67277483396363,45860000.0,0.8117673339585323,6.060000000000002,3.888037205328823,36.58000000000004,0.0174521270496503,0.9793899332396345,76.98255520481061,55447800.0,55300900.0,0.061859184010897295,3.903386563823228,0.0143350328082489,92.45225826007886,-1.9499999999999889,12,7.668169009524696,46610000.0,0.014335032808248993,56464640.0,1,40.27000000000004,86.40326267723516,4.509010471575152,-0.0038201224614543,439.73,3,0.2882667279701643,0
2024-03-13,1.2328600391297857,76.0259856257828,-0.3141395528825028,1.232017387957326,52.74773730136503,-0.007675189608974,14.936574239091858,55300900.0,0.9793899332396345,4.980000000000018,3.786685711617924,1.2300000000000182,0.0033273319811297,0.7360397028727297,87.1321948959555,62598000.0,37928700.0,0.19823595488325907,3.46561586637955,-0.0076860659063247,86.97811578457242,-3.769999999999982,13,7.444728365987219,71954300.0,-0.007686065906324702,51530780.0,2,34.910000000000025,82.11030342864294,4.2535790021126445,0.0029338538423634,442.65,3,2.2711655947323006,0
2024-03-14,0.8988175564272687,76.98255520481061,0.3761399678871144,0.8117673339585323,53.83703086989226,-0.0025171624713958,2.3405063554496546,37928700.0,0.7360397028727297,0.1399999999999863,3.3271261310608367,1.75,-0.014165450667864,0.9914028729014801,85.07056729503249,46610000.0,52195200.0,0.2882667279701643,3.457252602215217,-0.0025212947189097,85.142320925868,3.089999999999975,14,7.315819196988131,45860000.0,-0.002521294718909717,52647820.0,3,32.06,80.70464933506207,3.917231508919997,0.0041341634899265,441.5,3,3.1889952563216113,0
2024-03-15,1.232017387957326,87.1321948959555,0.3993394028569677,0.9793899332396345,54.18182818212197,-0.011906400550585,3.592153949916466,52195200.0,0.9914028729014801,-11.689999999999998,2.3972657421597994,-9.740000000000009,-0.0116167828344949,1.3816170784598878,86.40326267723516,71954300.0,73038800.0,2.2711655947323006,3.671700937950649,-0.0118868697909549,76.13488975356685,-4.8700000000000045,15,7.250403540060406,55300900.0,-0.01188686979095499,52864720.0,4,-5.099999999999966,74.26588713877524,3.195053484237235,-0.0220987526309549,436.07,3,3.888037205328823,1
2024-05-28,0.8117673339585323,85.07056729503249,-0.115820714309804,0.7360397028727297,55.254613063338525,0.0037788079179206,9.785473928221304,73038800.0,1.3816170784598878,16.600000000000023,3.192982107464932,19.430000000000007,0.0104855905563736,0.5357355963125775,82.11030342864294,45860000.0,26216800.0,3.1889952563216113,3.806394619576893,0.0037777049896277,99.91580129104688,7.699999999999989,28,8.576803287198947,37928700.0,0.059365781710914334,48936080.0,1,22.29000000000002,81.9282669132305,6.42110612450557,0.0087448491064697,459.18,5,3.786685711617924,0
2024-05-29,0.9793899332396345,86.40326267723516,0.1343565957706509,0.9914028729014801,56.03990699090051,-0.0070476482304273,11.424967396010283,26216800.0,0.5357355963125775,10.509999999999993,3.170554082792137,17.30000000000001,0.0014041246160596,0.6786093564812131,80.70464933506207,55300900.0,29739200.0,3.888037205328823,2.573192785442431,-0.0070483814827706,95.16199970678785,4.680000000000007,29,8.274174480970453,52195200.0,-0.007048381482770649,43823740.0,2,12.779999999999973,78.75212015371498,6.304966408887424,0.0062011086784004,455.48,5,3.3271261310608367,0
2024-05-30,0.7360397028727297,82.11030342864294,0.0327816484639802,1.3816170784598878,55.97774857890469,-0.0107126325302533,11.145603617565861,29739200.0,0.6786093564812131,-1.349999999999966,2.523979239294931,17.629999999999995,-0.0091286124947882,0.724716982823834,74.26588713877524,37928700.0,30714100.0,3.786685711617924,2.7308004524412315,-0.0107133467706598,87.46364610439308,-3.3600000000000136,30,8.128162018043993,73038800.0,-0.010713346770659826,42380820.0,3,11.300000000000011,74.08402302412783,5.754429977461484,-0.01398147284276,455.5,5,2.3972657421597994,0
2024-05-31,0.9914028729014801,80.70464933506207,0.8213556640109918,0.5357355963125775,54.91218763147072,-0.0018716160513356,9.944734787810907,30714100.0,0.724716982823834,-1.2700000000000389,1.7728046624288716,-8.970000000000027,-0.0065026671956973,1.297037980952487,81.9282669132305,52195200.0,55941300.0,3.3271261310608367,2.907759924361052,-0.0018602591075186,85.1724137931034,-5.090000000000032,31,8.22043615961228,26216800.0,-0.0018602591075186359,43130040.0,4,11.569999999999993,73.28045820296072,5.190511918908783,-0.0196318968120163,451.78,5,3.192982107464932,1
2024-06-03,1.3816170784598878,74.26588713877524,-0.4101406295527633,0.6786093564812131,54.09420442510871,0.0053798245418219,3.719659930678557,55941300.0,1.297037980952487,1.3700000000000043,1.1994518153156974,-3.3100000000000023,-0.0105251665028933,0.9395167329218508,78.75212015371498,73038800.0,32997500.0,2.3972657421597994,2.7770615965536742,0.0053693062057642,88.87205387205385,-2.579999999999984,3,8.181833576782832,29739200.0,0.005369306205764257,35121780.0,0,19.20999999999998,74.15036269777957,4.881795355439749,-0.007204424039767,454.57,6,3.170554082792137,1
2024-06-04,0.5357355963125775,81.9282669132305,-0.2797211909993181,0.724716982823834,53.33464859062969,0.0027310271326435,2.2795832952309363,32997500.0,0.9395167329218508,-0.5400000000000205,0.6895716504824208,2.819999999999993,-0.0115515140967629,0.6862863429381582,74.08402302412783,26216800.0,23767400.0,3.192982107464932,2.7832554879229745,0.0027365215280383,90.43973651415345,0.7099999999999795,4,7.915274035584058,30714100.0,0.0027365215280383826,34631900.0,1,-5.310000000000002,74.60656247272337,4.68241006661998,0.0062392356231297,452.87,6,2.523979239294931,1
2024-06-05,0.6786093564812131,78.75212015371498,0.4228481028635862,1.297037980952487,53.06961113599939,0.0201501295365469,5.156948710225391,23767400.0,0.6862863429381582,7.729999999999961,0.7500679181679857,12.819999999999993,0.0155332573832267,0.9540126056702384,73.28045820296072,29739200.0,33817400.0,3.170554082792137,3.907403371940466,0.0201597816757268,99.86442975766812,5.579999999999984,5,8.009897318756625,55941300.0,0.02015978167572685,35447540.0,2,7.089999999999975,77.7328171854244,5.198761648694244,0.0282609812110123,457.98,6,1.7728046624288716,0
2024-06-06,0.724716982823834,74.08402302412783,-0.3504290690591234,0.9395167329218508,52.8717741625119,-0.0003472900523104,6.014010309260744,33817400.0,0.9540126056702384,7.660000000000025,0.5684035861219385,10.240000000000009,0.0261765031557967,0.6518709671292845,74.15036269777957,30714100.0,21966800.0,2.523979239294931,4.604165867263296,-0.0003451772269323,96.32075471698109,3.6899999999999977,6,7.605618938845439,32997500.0,-0.0003451772269323916,33698080.0,3,11.819999999999993,77.55321489865116,5.531301929251754,0.0225338666168799,464.22,6,1.1994518153156974,0
2024-06-07,1.297037980952487,73.28045820296072,0.1758517398983921,0.6862863429381582,52.75303156093455,-0.0008685267614808,5.245933663314228,21966800.0,0.6518709671292845,9.299999999999956,0.22723090336309681,8.589999999999975,0.0271793392647157,0.9332968633923694,74.60656247272337,55941300.0,25829700.0,1.7728046624288716,4.909590274819658,-0.0008848220644409,91.57575757575749,6.519999999999982,7,7.340931871785053,23767400.0,-0.0008848220644409599,27675760.0,4,12.25,77.0618597653529,5.696895574369364,0.0189343127227555,463.0,6,0.6895716504824208,1
2024-06-10,0.9395167329218508,74.15036269777957,-0.1978304045343151,0.9540126056702384,52.58806289433655,0.0040421601651634,4.218663295392578,25829700.0,0.9332968633923694,6.879999999999996,-0.05104731932950557,1.3000000000000114,0.0258204047403614,0.8215550855622988,77.7328171854244,32997500.0,20719800.0,1.1994518153156974,5.452137297523491,0.0040392258510455,97.24242424242416,13.279999999999973,10,7.078008166657551,33817400.0,0.004039225851045547,25220220.0,0,11.699999999999989,77.75414833645372,5.910088366705224,0.0028263433513721,461.82,6,0.7500679181679857,1
2024-06-11,0.6862863429381582,74.60656247272337,0.0643587293313641,0.6518709671292845,52.609555334171645,0.0068613233479795,2.066390572929478,20719800.0,0.8215550855622988,8.339999999999975,-0.19096104524835056,4.649999999999977,0.0300415960560775,0.886479294460032,77.55321489865116,23767400.0,22053300.0,0.6895716504824208,6.299946119693803,0.0068627240066261,99.66101694915253,17.310000000000002,11,7.008864726182013,21966800.0,0.006862724006626131,24877400.0,1,13.649999999999977,78.92277591524105,6.262645815210988,0.0100349567516621,463.54,6,0.5684035861219385,1
2024-06-12,0.9540126056702384,77.7328171854244,0.565869960504777,0.9332968633923694,53.069968667449324,0.0130917064362181,4.631752368153023,22053300.0,0.886479294460032,17.70999999999998,-0.04875690597260274,11.189999999999998,0.0229111384376416,1.380175568455231,77.0618597653529,33817400.0,34532600.0,0.7500679181679857,7.836305535414922,0.0130977308662023,94.6297989031078,21.019999999999985,12,7.1139458171690135,25829700.0,0.013097730866202362,25020440.0,2,10.620000000000005,80.98946827190943,6.953308821131884,0.0239951899493611,471.99,6,0.22723090336309681,1
2024-06-13,0.6518709671292845,77.55321489865116,-0.2511713569207068,0.8215550855622988,53.58781730345361,0.0054109109427715,5.924257759406703,34532600.0,1.380175568455231,25.170000000000016,0.035738913374228076,11.890000000000043,0.0288106696592356,1.0023303337199134,77.75414833645372,21966800.0,25859000.0,0.5684035861219385,8.590350464971499,0.005420225666983,96.34173055859812,22.350000000000023,13,6.908663973085512,20719800.0,0.005420225666983081,25798880.0,3,13.350000000000023,81.79540469150506,7.618605377666711,0.0253639407269692,477.72,6,-0.05104731932950557,1
2024-06-14,0.9332968633923694,77.0618597653529,-0.0961522100622607,0.886479294460032,54.11141463973782,0.0051918450044319,6.003179990629073,25859000.0,1.0023303337199134,28.480000000000015,0.07317164271806575,11.170000000000016,0.0350570243649559,0.9235458635516959,78.92277591524105,25829700.0,23372600.0,0.22723090336309681,8.717238413366612,0.0051812384628293,99.80662983425417,15.660000000000023,14,6.644473689293688,22053300.0,0.005181238462829363,25307460.0,4,16.230000000000018,82.56062408784867,8.249266721075287,0.0236944623834216,476.52,6,-0.19096104524835056,1
2024-06-17,0.8215550855622988,77.75414833645372,0.5853820285291325,1.380175568455231,54.944414753597925,0.0122406987486354,6.283093983053856,23372600.0,0.9235458635516959,31.930000000000007,0.29595713748984664,10.910000000000025,0.0435212873523653,1.2967726356458928,80.98946827190943,20719800.0,37054500.0,-0.05104731932950557,9.29684653823369,0.0122498382687452,95.89041095890408,21.69,17,6.792725568629855,34532600.0,0.012249838268745261,28574400.0,0,20.230000000000018,84.25451984801545,9.114437098719293,0.0228434546958389,479.46,6,-0.04875690597260274,1
2024-06-18,0.886479294460032,78.92277591524105,-0.3404687689754281,1.0023303337199134,55.71791485932516,0.0003111323142022,4.958904112794084,37054500.0,1.2967726356458928,30.83999999999997,0.257527787761326,8.489999999999952,0.0367291996068543,0.8412176186670136,81.79540469150506,22053300.0,24438600.0,-0.19096104524835056,8.931400537175639,0.000309240094009,96.2328767123287,22.25,18,6.483959456584864,25859000.0,0.0003092400940090112,29051460.0,1,17.189999999999998,84.29649479784631,9.700374721104538,0.0177436760672695,485.01,6,0.035738913374228076,0
2024-06-20,1.380175568455231,80.98946827190943,0.3879150196819785,0.9235458635516959,55.63850954137426,-0.0077136814166631,3.6952198851875466,24438600.0,0.8412176186670136,17.940000000000055,-0.19144910608478938,2.2800000000000296,0.0154381524833915,1.1724938711341133,82.56062408784867,34532600.0,33918700.0,-0.04875690597260274,8.773554708447667,-0.0077080027204714,87.69406392694069,16.640000000000043,20,6.536533781114514,23372600.0,-0.007708002720471452,28928680.0,3,7.32000000000005,78.66551833448662,9.752144941251345,0.0048381496461744,486.42,6,0.07317164271806575,0
2024-06-21,1.0023303337199134,81.79540469150506,0.1625710891042404,1.2967726356458928,55.36856425633794,-0.0026748025243449,2.7798687019147654,33918700.0,1.1724938711341133,16.810000000000002,-0.7174235086894782,-4.8799999999999955,0.0072579291827488,1.2461627141911789,84.25451984801545,25859000.0,39432900.0,0.035738913374228076,8.072040152410093,-0.0026792946601035,82.85420944558521,12.160000000000023,21,6.3460670824634775,37054500.0,-0.002679294660103526,31643460.0,4,3.4599999999999795,76.76086112293859,9.579461838047225,-0.0100773516268058,481.19,6,0.29595713748984664,0
2024-06-24,0.9235458635516959,82.56062408784867,-0.042652201588014,0.8412176186670136,54.15259619384951,-0.0113774462557096,4.5964040292260835,39432900.0,1.2461627141911789,11.0,-1.57707194010327,-11.25,-0.0109142511321188,1.0936251598388604,84.29649479784631,23372600.0,37751000.0,0.07317164271806575,6.776614116856957,-0.0129534757799159,63.895885810243406,-0.1899999999999977,24,6.347062290858944,24438600.0,-0.012953475779915902,34519140.0,0,-5.230000000000018,68.18800107573071,8.901838759034945,-0.0217659301967177,478.18,6,0.257527787761326,1
2024-07-18,1.2967726356458928,84.25451984801545,-0.1230059997725204,1.1724938711341133,53.47491586523596,-0.0047331109257715,4.063861464160193,37751000.0,1.0936251598388604,-28.680000000000007,-1.8473445813401135,-1.9800000000000182,0.3351432628853061,1.3345171092214447,78.66551833448662,37054500.0,49347400.0,0.29595713748984664,155.49066697608245,3.6376825611761294,77.2881355932203,30.74000000000001,18,6.732986412940448,33918700.0,0.01166765127858893,36977720.0,3,-5.569999999999993,71.26109313683958,5.80491151051001,-0.0337143639083881,485.53,7,-0.19144910608478938,0
2024-09-04,0.8412176186670136,84.29649479784631,-0.2774267981469461,1.2461627141911789,50.14351186738571,-0.0025884758445173,8.615484316037504,49347400.0,1.3345171092214447,-19.649999999999977,-3.2876184587514707,-19.569999999999993,-0.0338744861146068,0.8422969903360937,76.76086112293859,24438600.0,32505100.0,0.257527787761326,7.148446995281523,-0.002598471232758,9.886714727085465,-19.389999999999983,4,7.806344526301844,39432900.0,-0.039375169450874825,38591020.0,2,-24.599999999999966,52.58430184028638,0.4040141927867466,-0.0210292146892022,458.67,9,-0.7174235086894782,1
2024-09-05,1.1724938711341133,78.66551833448662,0.059907522204208,1.0936251598388604,47.140794784171,0.0009377589741352,9.646918160733486,32505100.0,0.8422969903360937,-21.45999999999998,-4.145912671909311,-12.919999999999959,-0.0218733425267847,0.8902944253104056,68.18800107573071,33918700.0,34452400.0,-0.19144910608478938,7.205591116157105,0.0009335446473155,11.362856162032278,-14.299999999999956,5,7.778748488708857,37751000.0,0.0009335446473155429,38697760.0,3,-20.430000000000007,52.887160651513796,-0.3032427462108558,-0.0320221339922685,458.97,9,-1.57707194010327,0
2024-09-06,1.2461627141911789,76.76086112293859,0.4694012608700699,1.3345171092214447,44.24427316491824,-0.0267991371985096,12.154409487913924,34452400.0,0.8902944253104056,-26.160000000000025,-5.40058047539371,-30.80000000000001,-0.0466791314324566,1.236670065463066,71.26109313683958,39432900.0,50624400.0,-0.7174235086894782,9.8596259225818,-0.0267872635779976,1.2929919834497021,-28.069999999999997,6,8.153837882372512,49347400.0,-0.026787263577997655,40936060.0,4,-31.49000000000001,44.16239338243312,-1.835102254015624,-0.0284498540688917,460.33,9,-1.8473445813401135,1
2024-09-09,1.0936251598388604,68.18800107573071,-0.34851178483103,0.8422969903360937,41.554645947040676,0.0128730382609085,11.578435559258159,50624400.0,1.236670065463066,-25.54000000000002,-5.669230723058661,-6.150000000000034,-0.0457933525101308,0.8248991423662089,52.58430184028638,37751000.0,32981200.0,-1.57707194010327,9.786247095906614,0.0128596581158482,16.214119472459217,-16.890000000000043,9,8.054992319345903,32505100.0,0.012859658115848216,39982100.0,0,-19.5,48.441903098536926,-2.555674777178752,-0.0129883399634658,453.06,9,-3.2876184587514707,1
2024-09-10,1.3345171092214447,71.26109313683958,-0.100084290444253,0.8902944253104056,38.62626599329035,0.0092392025109411,5.175487416649328,32981200.0,0.8248991423662089,-16.67999999999995,-5.393053587772783,-2.3799999999999955,-0.0068209869859898,0.8233394398907256,52.887160651513796,49347400.0,29680300.0,-1.8473445813401135,9.373201101481309,0.00924173744664,27.07525213343683,-12.0,10,7.975350010821195,34452400.0,0.00924173744664003,36048680.0,1,-20.829999999999984,51.363927762962035,-2.757654106982613,-0.0046868964266599,456.24,9,-4.145912671909311,1
2024-09-11,0.8422969903360937,52.58430184028638,0.9488684413567248,1.236670065463066,36.85824257171875,0.0217038983793254,7.437020908932213,29680300.0,0.8233394398907256,-8.139999999999986,-4.40998526208773,19.930000000000007,0.0173899828488308,1.4068156977312625,44.16239338243312,32505100.0,57843000.0,-3.2876184587514707,8.453254534328499,0.0217154319103474,52.83165244375485,-7.649999999999977,11,8.697825010048254,50624400.0,0.021715431910347416,41116260.0,2,8.009999999999991,57.51334883107655,-2.0939324524758263,0.0438161391511751,459.91,9,-5.40058047539371,1
2024-09-12,0.8902944253104056,52.887160651513796,-0.3054388603633975,0.8248991423662089,35.62304926846171,0.0098175816166856,10.084785570347753,57843000.0,1.4068156977312625,1.8700000000000043,-3.367396728696349,18.760000000000048,0.0264185320145757,0.9506546006614155,48.441903098536926,34452400.0,40175500.0,-4.145912671909311,8.671038897126362,0.0098160556527677,64.72717869149216,11.410000000000023,12,8.590123223616235,32981200.0,0.009816055652767774,42260880.0,3,12.180000000000007,60.027112442115985,-1.1847040057543268,0.0407606825069521,468.65,9,-5.669230723058661,1
2024-09-13,1.236670065463066,44.16239338243312,-0.275384251596122,0.8233394398907256,34.68612605702195,0.0044789742936595,9.127672211461821,40175500.0,0.9506546006614155,4.67999999999995,-2.4927491238976938,16.67999999999995,0.0593951280394036,0.7669404052229865,51.363927762962035,50624400.0,29111800.0,-5.40058047539371,9.215389061535998,0.0044799459025399,70.20946470131877,14.72999999999996,13,8.282257279072216,29680300.0,0.004479945902539972,37958360.0,4,26.649999999999977,61.16744267531202,-0.2905255474310593,0.0360004542896705,472.48,9,-5.393053587772783,0
2024-09-16,0.8248991423662089,48.441903098536926,-0.2241771377929224,1.4068156977312625,33.50134512734821,-0.0044167371090447,6.702841188622259,29111800.0,0.7669404052229865,-3.0299999999999727,-2.0328431741406003,4.6200000000000045,0.0413237688685472,0.6294893648806384,57.51334883107655,32981200.0,22585600.0,-5.669230723058661,8.803039184782225,-0.0044178903521688,64.81241914618376,12.199999999999989,16,8.079953187709913,57843000.0,-0.004417890352168885,35879240.0,0,18.78000000000003,59.360958591311785,0.2466288064966306,0.0098798188013004,473.19,9,-4.40998526208773,1
2024-09-17,0.8233394398907256,51.363927762962035,0.3320168603003683,0.9506546006614155,32.73957278869101,0.0005306616289189,2.488397074401537,22585600.0,0.6294893648806384,11.680000000000009,-1.702393517960063,0.2699999999999818,0.0323333187982384,0.8366059455963087,60.027112442115985,29680300.0,30084400.0,-5.393053587772783,9.304308500183495,0.000528273180627,65.45924967658479,24.80000000000001,17,7.976385102873491,40175500.0,0.0005282731806270924,35960060.0,1,14.829999999999984,59.514251261328624,0.6846086700410865,0.0005928988135336,476.29,9,-3.367396728696349,0
2024-09-18,1.4068156977312625,57.51334883107655,0.3265745702091449,0.7669404052229865,32.14286010786137,-0.0043279022403258,1.3835389405036356,30084400.0,0.8366059455963087,10.829999999999984,-1.6133078032216552,-3.8999999999999773,0.0060176689001749,1.2327813352361359,61.16744267531202,57843000.0,39909200.0,-4.40998526208773,9.400358149201091,-0.0043295528944645,61.9669509594883,16.980000000000018,18,7.9780718812396705,29111800.0,-0.004329552894464572,32373300.0,2,2.819999999999993,57.595729402083904,0.8572184358376376,-0.0082139777204517,474.7,9,-2.4927491238976938,1
2024-09-19,0.9506546006614155,60.027112442115985,0.3225647219187555,0.6294893648806384,32.21041232001461,0.0252919117020369,4.673251544683748,39909200.0,1.2327813352361359,22.319999999999997,-0.784964533001423,10.120000000000005,0.0214276657791301,1.512622260687153,59.360958591311785,40175500.0,52782500.0,-3.367396728696349,10.699353874568637,0.0252842355336839,92.4553101997897,24.69999999999999,19,8.464638175436837,22585600.0,0.025284235533683974,34894700.0,3,10.139999999999986,64.71783054406148,1.9295797231615663,0.0214946710906299,482.61,9,-2.0328431741406003,0
2024-09-20,0.7669404052229865,61.16744267531202,-0.3449021929616823,0.8366059455963087,31.936760853926607,-0.001911926681768,5.639200297904683,52782500.0,1.512622260687153,33.75,-0.3543217822673874,8.949999999999989,0.0149366769049523,0.9608151410975029,59.514251261328624,29111800.0,34577700.0,-2.4927491238976938,9.11961749928362,-0.0019033432638199,90.03680336487902,13.819999999999991,20,8.245021162905633,30084400.0,-0.0019033432638199121,35987880.0,4,7.100000000000023,63.82678932722665,2.6743689970117543,0.0190520827799429,482.49,9,-1.702393517960063,1
2024-09-23,0.6294893648806384,59.360958591311785,-0.2815311602564658,1.2327813352361359,31.72240177094186,0.002644345888771,5.796031400871409,34577700.0,0.9608151410975029,28.58000000000004,-0.09771459698817786,11.600000000000023,0.0207083086805848,0.6817627971512124,57.595729402083904,22585600.0,24843000.0,-2.0328431741406003,7.555776671594505,0.0012436779703175,91.61409043112515,9.819999999999991,23,7.837519651269514,39909200.0,0.0012436779703175471,36439360.0,0,9.800000000000011,64.17323057821869,3.3287267586093208,0.0260243309090398,482.95,9,-1.6133078032216552,1
2024-12-03,0.8366059455963087,59.514251261328624,-0.2604385378889101,1.512622260687153,33.45391304197721,0.0030757850065212,17.1983342216589,24843000.0,0.6817627971512124,16.850000000000023,2.1572423748106235,33.50999999999999,0.0202925442665666,0.5447210859567349,64.71783054406148,30084400.0,18597900.0,-1.702393517960063,4.758183593656555,0.0030662345475365,99.59396751740144,11.889999999999986,3,9.714125390464545,52782500.0,0.07003560781715801,34142060.0,1,43.379999999999995,77.34687798645486,4.603462834938739,0.0227325519802381,513.95,12,-0.784964533001423,1
2024-12-04,1.2327813352361359,57.595729402083904,0.4026422338005904,0.9608151410975029,35.29214663526188,0.0123624507539736,20.458354772558774,18597900.0,0.5447210859567349,19.80000000000001,3.7904442208355817,40.81999999999999,0.0273899982329033,0.8313674848123462,63.82678932722665,39909200.0,26086200.0,-1.6133078032216552,6.453550271822327,0.0123628765453596,99.6548519846011,17.46999999999997,4,9.495259291145647,34577700.0,0.012362876545359613,31377460.0,2,51.81999999999999,78.92334070847613,5.415905227710141,0.0263206350048275,520.32,12,-0.3543217822673874,0
2024-12-05,1.512622260687153,64.71783054406148,-0.3034784675422254,0.6817627971512124,37.017729154034974,-0.0027796948086802,20.898113072712427,26086200.0,0.8313674848123462,18.63999999999993,4.439357186479356,38.769999999999925,0.0326736592123488,0.7429846312883155,64.17323057821869,52782500.0,18169600.0,-0.784964533001423,6.926588385813715,-0.0027710889423996,96.99541902452167,15.21999999999997,5,9.0041693417781,24843000.0,-0.0027710889423996354,24454880.0,3,38.44999999999993,77.60359783581201,5.875044934551397,0.0126585409518147,523.31,12,-0.09771459698817786,1
2024-12-06,0.9608151410975029,63.82678932722665,0.3078218562874251,0.5447210859567349,38.719386344438604,0.0089582652492357,17.81029393356185,18169600.0,0.7429846312883155,21.5,4.817765770354253,9.610000000000014,0.0328402715109663,1.0659765492874977,77.34687798645486,34577700.0,23762600.0,-0.3543217822673874,7.821065855171503,0.0089496176769323,99.68186638388121,17.170000000000016,6,8.711728674508242,18597900.0,0.008949617676932364,22291860.0,4,44.04000000000002,78.83134968201566,6.539555588805399,0.0185410211945291,522.48,12,2.1572423748106235,0
2024-12-09,0.6817627971512124,64.17323057821869,-0.1299605262050449,0.8313674848123462,40.12333575681994,-0.0077927026769554,3.465090186397458,23762600.0,1.0659765492874977,16.589999999999975,4.436129070614523,-0.8799999999999955,0.0137592423683752,0.9634758651029399,78.92334070847613,24843000.0,20674400.0,-0.09771459698817786,7.632963673715446,-0.0077875702780733,94.24708377518553,17.079999999999984,9,8.46517662632908,26086200.0,-0.007787570278073308,21458140.0,0,39.339999999999975,74.94683050911091,6.659390937992384,-0.0016141322363999,525.55,12,3.7904442208355817,0
2024-12-10,0.5447210859567349,77.34687798645486,0.1777850868707193,0.7429846312883155,41.096411929106395,-0.0033988785621015,2.2189141488277118,20674400.0,0.9634758651029399,14.010000000000048,3.736062882622715,-1.2099999999999227,0.0072165147909533,1.0770256929233883,77.60359783581201,18597900.0,24350000.0,2.1572423748106235,7.036926728166933,-0.0034074811439946,89.77785201269417,10.860000000000014,10,8.304806867305576,18169600.0,-0.003407481143994695,22608560.0,1,3.730000000000018,73.25903309021388,6.536191955868333,-0.0022333159898212,523.62,12,4.439357186479356,1
2024-12-11,0.8313674848123462,78.92334070847613,0.3210924024640658,1.0659765492874977,42.24443047569844,0.0179001522187325,3.8695632828353435,24350000.0,1.0770256929233883,20.60999999999996,3.5729707121165077,3.439999999999941,0.0127278981768146,1.350201300816284,78.83134968201566,26086200.0,32168600.0,3.7904442208355817,7.503267806601746,0.0179024202842872,98.86363636363627,14.629999999999995,11,8.426606376783749,23762600.0,0.017902420284287235,23825040.0,2,6.659999999999968,76.27208872146264,7.106264639892288,0.0067085709796755,525.0,12,4.817765770354253,0
2024-12-12,0.7429846312883155,77.60359783581201,-0.2670647774537903,0.9634758651029399,43.3104476975339,-0.0064549102748542,3.698524029916161,32168600.0,1.350201300816284,21.19999999999999,2.933812453902334,4.1200000000000045,0.0089879458040282,0.9466358743177516,74.94683050911091,18169600.0,23577500.0,4.439357186479356,5.993619292383068,-0.006453804347826,93.23122529644267,9.629999999999995,12,8.103277349870622,20674400.0,-0.006453804347826053,24906620.0,3,4.690000000000055,73.02068553746884,7.19989691780404,0.0080463633817767,527.68,12,4.436129070614523,1
2024-12-13,1.0659765492874977,78.83134968201566,0.2206722510868413,1.0770256929233883,44.49799227943941,0.0076590393811801,4.427209053101876,23577500.0,0.9466358743177516,20.789999999999964,2.4985257703099464,9.92999999999995,0.0076925999088284,1.1107757645836502,73.25903309021388,23762600.0,28780400.0,4.817765770354253,5.0801557281271,0.0076543209876542,95.76515880654478,7.269999999999982,13,8.000900396308431,24350000.0,0.007654320987654284,25910180.0,4,4.0499999999999545,74.40526972519334,7.511889193457932,0.0191042813250584,530.46,12,3.736062882622715,1
2024-12-16,0.9634758651029399,74.94683050911091,0.1111694069575126,1.350201300816284,45.85811127745875,0.0143886252339806,6.4027829886594505,28780400.0,1.1107757645836502,22.879999999999995,2.4385274080242354,8.25,0.0302270377885829,1.1351951349033484,76.27208872146264,20674400.0,31979900.0,4.436129070614523,6.091438071389514,0.0144006936459766,98.56557377049177,16.360000000000014,16,8.045121796572115,32168600.0,0.014400693645976625,28171280.0,0,15.789999999999964,76.8326499722703,8.277787538275561,0.0155927543403066,533.08,12,3.5729707121165077,0
2024-12-17,1.0770256929233883,73.25903309021388,-0.1063417959405751,0.9466358743177516,47.1210789184767,-0.0043988816402609,4.719028501701062,31979900.0,1.1351951349033484,18.92999999999995,1.972524996243095,9.299999999999955,0.0291970802919707,0.9849054523022631,73.02068553746884,24350000.0,28579100.0,3.736062882622715,5.999763421244474,-0.0044038129215675,94.49465899753488,9.319999999999936,17,7.7590416682455325,23577500.0,-0.0044038129215675514,29017100.0,1,15.199999999999932,74.47311485261845,8.595254474662283,0.0176487829748999,536.36,12,2.933812453902334,0
2024-12-18,1.350201300816284,76.27208872146264,0.9140980646696362,1.1107757645836502,45.372178470000634,-0.0360766840154266,8.583421811833952,28579100.0,0.9849054523022631,-6.789999999999964,0.18963236648694348,-14.059999999999945,-0.0253811896135264,1.6317613460438216,74.40526972519334,32168600.0,54703200.0,3.5729707121165077,6.860988266991378,-0.0360768943635683,62.72801972062455,-5.909999999999968,18,8.766967263370852,28780400.0,-0.03607689436356831,33524020.0,2,-13.449999999999932,58.65215586026129,7.208822536222669,-0.0260869404217068,535.15,12,2.4985257703099464,0
2024-12-19,0.9466358743177516,73.02068553746884,-0.1510222436713025,1.1351951349033484,43.604966023984176,-0.0044477246683628,11.069729897331161,54703200.0,1.6317613460438216,-7.639999999999986,-1.2388167574576912,-24.0,-0.0234188034188035,1.2190447091730345,76.8326499722703,23577500.0,46441800.0,2.933812453902334,7.84181639954925,-0.0044533080333806,56.59426585577752,-6.430000000000064,19,8.707183887415786,31979900.0,-0.004453308033380621,38096880.0,3,-12.330000000000041,57.09785967722123,5.857756800565198,-0.0449232903240504,521.19,12,2.4385274080242354,1
2024-12-20,1.1107757645836502,74.40526972519334,0.3033517219401487,0.9849054523022631,41.41725253330038,0.0087205899566895,11.39885652159319,46441800.0,1.2190447091730345,-7.82000000000005,-1.93408044389502,-17.139999999999986,-0.0223738525625317,1.3618528218004446,74.47311485261845,28780400.0,60530000.0,2.4985257703099464,8.18244733831152,0.0087325203726393,31.379772270595986,-11.259999999999993,20,9.194527895457517,28579100.0,0.008732520372639385,44446800.0,4,-11.870000000000005,59.361910992752755,5.089055648120507,-0.0318038187270999,510.44,12,1.972524996243095,1
2024-12-23,1.1351951349033484,76.8326499722703,-0.5097835783908806,1.6317613460438216,39.38580429195114,0.0097476066144475,8.564725915046425,60530000.0,1.3618528218004446,0.4900000000000091,-2.1468116162663087,6.399999999999977,-0.0284296783544232,0.6746059713477524,58.65215586026129,31979900.0,29672800.0,2.4385274080242354,8.164332251379035,0.0081170709135078,45.47890154052245,-3.629999999999996,23,9.046347331496266,54703200.0,0.008117070913507884,43985380.0,0,-15.299999999999955,61.417867726000964,4.830853256340561,0.0140204719027742,519.55,12,0.18963236648694348,1
2025-01-30,0.9849054523022631,74.47311485261845,0.0293556981500244,1.2190447091730345,37.773928507361994,0.0042688203057399,3.912004601207383,29672800.0,0.6746059713477524,419.66,-2.298241204708363,8.879999999999995,2.340251612491219,0.6269177448851375,57.09785967722123,28579100.0,27431300.0,1.972524996243095,148.70982789386372,2.9951879010082494,46.081714668452626,417.50999999999993,30,8.963751093532247,46441800.0,0.0003442538298237263,43755820.0,3,-12.75,61.507534493896294,1.7809980562791452,0.0171705730974972,523.71,1,-1.2388167574576912,0
