Date,Open,High,Low,Close,Adj Close,Volume,SMA_20,SMA_50,daily_return,RSI_14,MACD,Signal_Line,target,momentum_5d,return_3d,volume_change,outlier_return,Adj Close_norm,Volume_norm,SMA_20_was_imputed,SMA_50_was_imputed,daily_return_was_imputed,RSI_14_was_imputed,MACD_was_imputed,Signal_Line_was_imputed,momentum_5d_was_imputed,return_3d_was_imputed,volume_change_was_imputed,outlier_return_was_imputed,Adj Close_norm_was_imputed,Volume_norm_was_imputed,day,weekday,month,year,SMA_10,MACD_diff,Bollinger_Middle,Bollinger_High,Bollinger_Low,Price_Change,Volatility_10d,Volume_Change,Unusual_Volume,momentum_3d,momentum_7d,momentum_10d,rolling_mean_3d,rolling_mean_5d,rolling_std_3d,rolling_std_5d,return_1d,rolling_return_3d,rolling_return_5d
2015-03-16,105.73,106.74,105.62,106.7,98.6,25674100.0,99.4345,104.5898,0.0129443188822682,51.84289891426463,0.300730831907444,0.7410213129762162,1,-1.019999999999996,0.0151353491443567,-0.3890188500539014,0,0.0193623136739377,0.0970468120862288,0,0,0,0,0,0,0,0,0,0,0,0,16,0,3,2015,106.976,-0.4769875532586523,107.607,110.11261848652177,105.10138151347823,0.012910575280045578,1.4323965931263076,-0.38901885005390147,0,1.5900000000000034,-1.9399999999999977,-2.6799999999999926,105.94666666666667,105.734,0.691761037738346,0.6087528234021606,0.012910575280045578,0.015127009799257962,-0.009468993687337557
2015-03-17,106.41,107.04,106.16,106.87,98.75,19603800.0,99.428,104.6684,0.0015212981744423,52.712249235601256,0.2884521099352639,0.6505074723680258,1,1.1500000000000057,0.0100675399369397,-0.2364367202745179,0,0.019696530825962,0.0653657365486035,0,0,0,0,0,0,0,0,0,0,0,0,17,1,3,2015,106.776,-0.39186149430904593,107.6,110.11302208506007,105.08697791493992,0.0015932521087160811,1.268850748599721,-0.2364367202745179,0,1.0700000000000074,-0.539999999999992,-2.0,106.30333333333333,105.96400000000001,0.8385900865934427,0.7918522589473941,0.0015932521087160811,0.010113421550094648,0.010877790389708819
2015-03-18,106.58,108.41,106.03,107.92,99.73,40622200.0,99.4635,104.7982,0.0099240506329114,57.78169350150408,0.3537214632626444,0.5911502705469496,1,2.8100000000000023,0.024389667689622,1.0721594792846283,0,0.0218800828858537,0.1750613888359737,0,0,0,0,0,0,0,0,0,0,0,0,18,2,3,2015,106.723,-0.2573711695034534,107.638,110.14623922304067,105.12976077695934,0.0098250210536166,1.200380032415598,1.0721594792846285,1,2.5799999999999983,0.20000000000000284,-0.5300000000000011,107.16333333333334,106.526,0.6607823645745325,1.0031849281164729,0.0098250210536166,0.024492120751851143,0.026733897821330066
2015-03-19,108.03,108.38,107.87,108.08,99.87,31314000.0,99.4815,104.9584,0.0014037902336307,58.51157773433959,0.4119954983395075,0.5553193161054611,1,2.280000000000001,0.0128491390409846,-0.2291407161601292,0,0.0221920188944096,0.1264816172729004,0,0,0,0,0,0,0,0,0,0,0,0,19,3,3,2015,106.667,-0.15520160410670447,107.6575,110.17310628875022,105.14189371124978,0.00148257968865817,1.1107259888118541,-0.2291407161601292,0,1.3799999999999955,2.3599999999999994,-0.5600000000000023,107.62333333333333,106.982,0.6572924260423697,1.1038206376037811,0.00148257968865817,0.012933458294283051,0.02155009451795853
2015-03-20,108.72,109.07,108.51,108.53,100.52,31761400.0,99.4985,105.1018,0.0065084609992989,60.57596630218928,0.5048085400853211,0.5452171609014331,0,3.1899999999999977,0.0178363018658411,0.0142875391198824,0,0.023640293219848,0.128816611127493,0,0,0,0,0,0,0,0,0,0,0,0,20,4,3,2015,106.779,-0.059785103638612,107.6635,110.18681745921904,105.14018254078096,0.004163582531458099,1.2426088148192593,0.014287539119882453,0,1.6599999999999966,3.4200000000000017,1.1200000000000045,108.17666666666666,107.62,0.31628046625206235,0.796649232724147,0.004163582531458099,0.015532890427622403,0.030282893487753926
2015-06-02,110.01,110.61,109.47,110.07,101.95,19449600.0,101.228,108.19699999999999,-0.0031289723281509,54.47810986556466,0.5785435669527459,0.5736476547551606,1,0.8699999999999903,-0.0057422478331591,-0.2084069319745056,0,0.0268264967358125,0.0645609621803018,0,0,0,0,0,0,0,0,0,0,0,0,2,1,6,2015,110.24100000000001,0.007240401286582765,109.29400000000001,111.79138583322664,106.79661416677338,-0.0031697156312262553,0.4977382176738346,-0.20840693197450566,0,-0.6400000000000006,-0.5100000000000051,0.009999999999990905,110.18,110.44200000000001,0.20808652046517512,0.3977059215050145,-0.0031697156312262553,-0.005780868936862027,0.007967032967032939
2015-06-03,110.57,110.81,110.13,110.4,102.25,20507200.0,101.3645,108.2386,0.0029426189308483,56.20484007654773,0.5663463264037034,0.5721873890848691,0,-0.5599999999999881,0.0031492690887171,0.0543764396182955,0,0.0274949310398609,0.0700806079125708,0,0,0,0,0,0,0,0,0,0,0,0,3,2,6,2015,110.28699999999999,-0.004226348563325155,109.44149999999999,111.83200015687119,107.05099984312879,0.0029980921231944624,0.48799020937334214,0.054376439618295525,0,0.3500000000000085,-0.06999999999999318,0.46000000000000796,110.29666666666667,110.33,0.19655363983564175,0.27540878707868727,0.0029980921231944624,0.003180372557928246,-0.005046863734679108
2015-06-04,109.78,110.48,109.21,109.56,101.47,31374600.0,101.4965,108.2712,-0.0076283618581907,50.91105475457673,0.4881137723963036,0.555372665747156,0,-1.1499999999999915,-0.0078147152554932,0.5299309510805961,0,0.0257570018493349,0.1267978904682252,0,0,0,0,0,0,0,0,0,0,0,0,4,3,6,2015,110.242,-0.07036981657417152,109.58399999999999,111.61964633470582,107.54835366529416,-0.007608695652173925,0.5348686235368791,0.5299309510805961,1,-0.8599999999999994,0.35999999999999943,-0.45000000000000284,110.00999999999999,110.1,0.42320207938915644,0.34907019351436047,-0.007608695652173925,-0.007788444122441618,-0.010387498870923939
2015-06-05,109.43,109.69,108.63,109.3,101.23,22641700.0,101.5865,108.348,-0.0023652311027889,49.361317417242624,0.4021126115939495,0.5247206549165148,0,-0.75,-0.0070509740301313,-0.2783429908269746,0,0.0252222544060961,0.0812206266488871,0,0,0,0,0,0,0,0,0,0,0,0,5,4,6,2015,110.11399999999999,-0.1301416103136377,109.68149999999999,111.44893062098666,107.91406937901331,-0.0023731288791529748,0.5947959500719617,-0.27834299082697467,0,-0.769999999999996,-1.6599999999999966,-1.2800000000000011,109.75333333333333,109.95,0.5749202843287493,0.503090449124364,-0.0023731288791529748,-0.0069955482874534125,-0.0068150840527033685
2015-06-08,109.25,109.33,107.97,108.19,100.2,24549200.0,101.563,108.40979999999999,-0.0101748493529586,43.30120968019784,0.2479850626850606,0.4693735364702239,0,-2.230000000000004,-0.0201684423139383,0.0842472075860027,0,0.022927296628863,0.091175925660142,0,0,0,0,0,0,0,0,0,0,0,0,8,0,6,2015,109.886,-0.23673482105380816,109.65649999999998,111.49215002111002,107.82084997888994,-0.010155535224153689,0.8326156909935494,0.08424720758600279,0,-2.210000000000008,-2.519999999999996,-2.280000000000001,109.01666666666667,109.50399999999999,0.7276216965791067,0.8506644461831954,-0.010155535224153689,-0.02001811594202907,-0.0201956167360986
2015-06-09,107.93,108.4,107.2,108.01,100.04,27554600.0,101.551,108.4596,-0.0015968063872254,42.39231216278804,0.1116402871845423,0.3978268866130876,1,-2.059999999999988,-0.014136886842973,0.1224235412966614,0,0.0225707983333705,0.1068611972975864,0,0,0,0,0,0,0,0,0,0,0,0,9,1,6,2015,109.76700000000001,-0.30719700275033685,109.64349999999999,111.52143796489693,107.76556203510304,-0.0016637397171641588,1.0081010751792439,0.12242354129666144,0,-1.5499999999999972,-2.039999999999992,-1.1899999999999977,108.5,109.09200000000001,0.6986415389878572,0.994670799812768,-0.0016637397171641588,-0.014147499087258097,-0.0187153629508493
2015-06-10,108.38,109.81,108.26,109.49,101.41,30297900.0,101.6305,108.5148,0.0136945221911235,51.42122290178547,0.1128329526791986,0.3408280998263099,1,-0.9100000000000108,0.0019228664509394,0.0995586943740791,0,0.0256233149885252,0.121178561270103,0,0,0,0,0,0,0,0,0,0,0,0,10,2,6,2015,109.62,-0.24468172537277266,109.729,111.40458825491268,108.05341174508732,0.013702434959725895,0.9179566680645715,0.09955869437407916,0,0.18999999999999773,-0.9300000000000068,-1.4699999999999989,108.56333333333333,108.91,0.8075477282072265,0.7482312476769275,0.013702434959725895,0.0017383348581885283,-0.008242753623188492
2015-06-11,109.86,110.15,109.46,109.65,101.56,17593500.0,101.707,108.5958,0.0014791440686323,52.291767830005135,0.1244473435632613,0.2975519485737002,0,0.09000000000000341,0.0135768598725304,-0.4193161902310061,0,0.0259575321405494,0.0548739212918142,0,0,0,0,0,0,0,0,0,0,0,0,11,3,6,2015,109.51400000000001,-0.18577754408393138,109.8115,111.28924524191464,108.33375475808535,0.0014613206685543112,0.8356128821940517,-0.4193161902310061,0,1.460000000000008,-0.4199999999999875,-1.059999999999988,109.05,108.928,0.9042123644362114,0.768583111966541,0.0014613206685543112,0.013494777705887806,0.0008214676889375383
2015-06-12,109.07,109.3,108.6,108.75,100.72,27201800.0,101.6685,108.6698,-0.0082709728239465,47.17108701240074,0.0651201872067588,0.2510655963003119,0,-0.5499999999999972,0.0069026934358094,0.5461278313013329,0,0.0240859160892137,0.1050199236455965,0,0,0,0,0,0,0,0,0,0,0,0,12,4,6,2015,109.38399999999999,-0.19944788142748693,109.77000000000001,111.31644107550252,108.2235589244975,-0.008207934336525335,0.8440405466825605,0.5461278313013329,1,0.7399999999999949,-1.6500000000000057,-1.2999999999999972,109.29666666666667,108.81800000000001,0.48013886880012957,0.7408913550583348,-0.008207934336525335,0.006851217479862948,-0.005032021957913968
2015-06-15,107.94,108.38,107.31,108.21,100.22,31238800.0,101.605,108.7316,-0.0049642573471008,44.36396876958887,-0.0219893533826081,0.1964546063637279,1,0.01999999999999602,-0.0117560861024149,0.1484092964436176,0,0.0229718589157995,0.1260891462450386,0,0,0,0,0,0,0,0,0,0,0,0,15,0,6,2015,109.16300000000001,-0.23446095833473796,109.70149999999998,111.39034901634257,108.0126509836574,-0.004965517241379391,0.8318793983102739,0.14840929644361767,0,-1.2800000000000011,-1.3500000000000085,-2.210000000000008,108.87,108.822,0.727461339178478,0.7366953237262863,-0.004965517241379391,-0.011690565348433712,0.00018485996857386944
2015-06-16,108.1,108.98,108.05,108.8,100.77,16456900.0,101.5465,108.78800000000001,0.0054879265615646,48.00472527914785,-0.0461123341476934,0.1479412182614436,1,0.789999999999992,-0.0077473036094827,-0.4731903914362907,0,0.0241973218065551,0.0489419722191053,0,0,0,0,0,0,0,0,0,0,0,0,16,1,6,2015,109.03599999999999,-0.20836746351053664,109.6385,111.36278854893874,107.91421145106125,0.005452361149616447,0.7728763017310707,-0.4731903914362907,0,-0.8500000000000085,-0.5,-1.269999999999996,108.58666666666666,108.97999999999999,0.3271594921940588,0.5888972745735659,0.005452361149616447,-0.007751937984496249,0.007314137579853552
2015-06-17,108.98,109.45,108.43,109.1,101.05,23296700.0,101.5075,108.854,0.0027786047434752,49.80344434080498,-0.0421504263807719,0.1099228893330005,1,-0.39000000000000057,0.003302273957939,0.4156189804884274,0,0.024821193823667,0.0846390910538003,0,0,0,0,0,0,0,0,0,0,0,0,17,2,6,2015,108.90599999999999,-0.163373628381563,109.59649999999999,111.33026209440662,107.86273790559336,0.0027573529411764053,0.6101584493662596,0.4156189804884274,0,0.3499999999999943,0.9099999999999966,-1.3000000000000114,108.70333333333333,108.902,0.45280606591859096,0.5270388979953741,0.0027573529411764053,0.003218390804597737,-0.0035619691296008282
2015-06-18,109.5,110.88,109.44,110.69,102.52,43032400.0,101.53900000000002,108.935,0.0145472538347353,58.080503678617504,0.0786989364153214,0.1036780987494647,0,1.039999999999992,0.0228137851397751,0.8471457330866603,0,0.0280965219135046,0.1876402940401291,0,0,0,0,0,0,0,0,0,0,0,0,18,3,6,2015,109.019,-0.026194929425332178,109.63050000000001,111.42110297106906,107.83989702893096,0.014573785517873583,0.8149907974938821,0.8471457330866603,1,2.480000000000004,2.6799999999999926,1.1299999999999955,109.53000000000002,109.10999999999999,1.0157263410975064,0.9397074012692287,0.014573785517873583,0.022918399408557555,0.009484724122206911
2015-06-19,110.49,110.58,109.81,109.89,102.01,27877600.0,101.5185,108.9866,-0.0049746390948106,53.31680973174134,0.1318008709545353,0.1093026531904788,0,1.1400000000000006,0.0123512194833999,-0.3521718519069352,0,0.0269601835966221,0.1085469438667268,0,0,0,0,0,0,0,0,0,0,0,0,19,4,6,2015,109.078,0.009107809202553621,109.596,111.33802640622962,107.85397359377039,-0.007227391814978779,0.8578241207974636,-0.35217185190693523,0,1.0900000000000034,0.4000000000000057,0.5900000000000034,109.89333333333333,109.338,0.7950052410724436,0.968385253915073,-0.007227391814978779,0.010018382352941169,0.010482758620689703
2015-08-31,105.03,105.61,104.05,104.31,96.83,39549400.0,100.004,109.1718,-0.0124426313105557,41.98041362171035,-1.7950839016150295,-1.4204279379953504,0,5.8500000000000085,0.0127612118972314,-0.2077380427727786,0,0.0154185512800517,0.1694624138533922,0,0,0,0,0,0,0,0,0,0,0,0,31,0,8,2015,104.56199999999998,-0.40135735062804256,107.72650000000002,116.33238467271084,99.12061532728919,-0.012402953985987564,4.288164072317056,-0.20773804277277863,0,1.2800000000000011,-2.769999999999996,-7.1200000000000045,105.19000000000001,103.338,0.762167960491428,3.1260150351527467,-0.012402953985987564,0.012423565951664495,0.0594149908592323
2015-09-01,101.71,103.29,100.63,101.05,93.81,73155500.0,99.524,108.9788,-0.0311886811938448,35.90676513301716,-1.980857229772269,-1.5325137963507345,1,2.9599999999999937,-0.0438352484685079,0.8497246481615397,0,0.0086896459526303,0.3448536453617179,0,0,0,0,0,0,0,0,0,0,0,0,1,1,9,2015,103.58099999999999,-0.48119900202562715,107.2095,116.11022912743663,98.30877087256339,-0.031252995877672385,3.7791958286268774,0.8497246481615397,1,-4.590000000000003,-1.3500000000000085,-9.810000000000002,103.66000000000001,103.92999999999999,2.3533168082516367,1.9383627111562445,-0.031252995877672385,-0.043449450965543424,0.030176368641043894
2015-09-02,102.88,103.92,101.7,103.9,96.45,43963600.0,99.1365,108.84100000000001,0.0281419891269587,43.590418454782764,-1.893233971436516,-1.6046578313678903,0,0.8700000000000045,-0.0154893233774419,-0.399039033292097,0,0.0145718678282569,0.1925002544276942,0,0,0,0,0,0,0,0,0,0,0,0,2,2,9,2015,102.958,-0.30902916664196667,106.792,115.4888375861573,98.0951624138427,0.028203859475507187,3.01610418328746,-0.399039033292097,0,-1.7199999999999989,5.440000000000012,-6.22999999999999,103.08666666666666,104.104,1.7756782741625785,1.875401290391198,0.028203859475507187,-0.016284794546487347,0.008444142482772143
2015-09-03,104.31,105.02,103.1,103.39,95.98,45131800.0,98.809,108.7044,-0.0048729911871435,42.60609618007398,-1.8405008320402767,-1.651826431502368,0,-2.25,-0.0079196832540296,0.0265719822762466,0,0.0135246540852476,0.1985971248365791,0,0,0,0,0,0,0,0,0,0,0,0,3,3,9,2015,102.58900000000001,-0.20165185133202201,106.439,115.08625829381764,97.79174170618235,-0.004908565928777753,2.6605364956046214,0.026571982276246686,0,-0.9200000000000017,5.299999999999997,-3.6899999999999977,102.78000000000002,103.654,1.5197697193981878,1.673807037863391,-0.004908565928777753,-0.00881986386731859,-0.02129875047330554
2015-09-04,101.97,102.85,101.59,102.16,94.84,49379600.0,98.431,108.5476,-0.0118774744738486,40.24569755587012,-1.8691514968205356,-1.6952914445660014,1,-3.460000000000008,0.0113915234659665,0.0941198888588534,0,0.0109846037298634,0.2207665188811444,0,0,0,0,0,0,0,0,0,0,0,0,4,4,9,2015,102.56499999999998,-0.18600324125525702,106.03150000000001,114.67880541845248,97.38419458154753,-0.011896701808685628,2.663511675297129,0.09411988885885347,0,1.1099999999999994,-0.8700000000000045,-0.2400000000000091,103.14999999999999,102.96199999999999,0.8944830909523354,1.3396902627104097,-0.011896701808685628,0.01098466105888174,-0.032758947169096886
2015-09-08,104.12,105.17,103.69,105.04,97.51,37343500.0,98.128,108.463,0.0281526781948544,47.569989011162626,-1.6573062741062756,-1.6876944104740563,0,0.730000000000004,0.0114022125338622,-0.2437464053981806,0,0.0169336690358949,0.1579497564017922,0,0,0,0,0,0,0,0,0,0,0,0,8,1,9,2015,103.223,0.03404580476533847,105.705,113.97610028956228,97.43389971043771,0.028191072826938335,2.3284141002454644,-0.2437464053981806,0,1.1400000000000006,-0.5999999999999943,6.5800000000000125,103.53000000000002,103.10799999999999,1.4450951525763451,1.547052035324305,0.028191072826938335,0.010972088546679526,0.006998370242546237
2015-09-09,106.28,106.31,103.59,103.86,96.42,47146700.0,97.8365,108.40640000000002,-0.0111783406830069,45.12921047495844,-1.5593955580297774,-1.6620346399852006,1,2.8100000000000023,0.0050968630379988,0.2625142260366597,0,0.0145050243978521,0.2091129476296472,0,0,0,0,0,0,0,0,0,0,0,0,9,2,9,2015,103.8,0.11149643715931257,105.391,113.4385882101408,97.34341178985922,-0.011233815689261295,1.4728053352548776,0.26251422603665975,0,0.46999999999999886,-1.7600000000000051,5.769999999999996,103.68666666666667,103.67,1.4478029331828917,1.0397595875975394,-0.011233815689261295,0.004545894187058641,0.027808015833745703
2015-09-10,103.74,105.68,103.62,104.99,97.46,47686700.0,97.5795,108.36480000000002,0.0107861439535366,47.88676722478025,-1.3819510305279152,-1.6060179180937435,1,1.0899999999999892,0.0277604814653841,0.0114536118116432,0,0.0168222633185535,0.2119312236275909,0,0,0,0,0,0,0,0,0,0,0,0,10,3,9,2015,103.99600000000001,0.24267373683636206,105.11449999999999,112.81051838615247,97.41848161384752,0.010880030810706653,1.4892742453213426,0.011453611811643283,0,2.8299999999999983,0.6799999999999926,1.9599999999999937,104.63,103.888,0.667308024827845,1.2016946367530215,0.010880030810706653,0.027701644479248166,0.010490856592877629
2015-09-11,104.51,105.57,104.21,105.57,98.0,29106100.0,97.358,108.3178,0.0055407346603735,49.295296035160334,-1.184101887550355,-1.5216347119850662,0,2.1799999999999926,0.0051485379309031,-0.3896390398161332,0,0.0180254450658408,0.1149585217620488,0,0,0,0,0,0,0,0,0,0,0,0,11,4,9,2015,103.989,0.3649965222648546,104.876,112.19593825110546,97.55606174889455,0.0055243356510144,1.480828972043739,-0.38963903981613324,0,0.5299999999999869,4.519999999999996,-0.07000000000000739,104.80666666666666,104.324,0.8696167738337217,1.3607828629141838,0.0055243356510144,0.00504569687737999,0.021085211335718945
2015-09-14,105.96,105.98,104.85,105.25,97.71,19718800.0,97.114,108.26379999999999,-0.0029591836734694,48.51616438512215,-1.0387317397753293,-1.4250541175431188,1,3.0900000000000034,0.0133676949404406,-0.3225200215762331,0,0.0173792919052605,0.065965924955573,0,0,0,0,0,0,0,0,0,0,0,0,14,0,9,2015,103.952,0.41708930882046635,104.61300000000001,111.46751705082106,97.75848294917897,-0.0030311641564837455,1.4395971658765063,-0.32252002157623316,0,1.3900000000000006,1.3499999999999943,-0.37000000000000455,105.27,104.94200000000001,0.29051678092607425,0.6465059937857153,-0.0030311641564837455,0.013383400731754369,0.030246671887235843
2015-09-15,105.5,106.82,105.11,106.49,98.86,30020200.0,96.885,108.2396,0.0117695220550608,51.701776640628694,-0.8212624588715443,-1.304295785808804,1,1.4499999999999886,0.0143510730419649,0.5224151571089519,0,0.0199416234041131,0.1197292367430123,0,0,0,0,0,0,0,0,0,0,0,0,15,1,9,2015,104.17,0.5210374273654919,104.36600000000001,110.54262496837848,98.18937503162155,0.01178147268408547,1.6495790708877127,0.5224151571089519,1,1.5,3.0999999999999943,2.1799999999999926,105.76999999999998,105.232,0.643739077576969,0.9536875798713237,0.01178147268408547,0.014287074959519863,0.013804265041888586
2015-09-16,106.51,107.19,106.14,107.09,99.41,31329100.0,96.71,108.222,0.0055634230224559,53.21041605752229,-0.5976467834184831,-1.16296598533074,1,3.230000000000004,0.0143737614040473,0.0436006422342289,0,0.0211670862948686,0.1265604246202503,0,0,0,0,0,0,0,0,0,0,0,0,16,2,9,2015,104.774,0.6100074767212105,104.17750000000001,109.75048797773655,98.60451202226346,0.005634331862146791,1.4770029714856425,0.04360064223422899,0,1.5200000000000102,4.930000000000007,6.040000000000006,106.27666666666666,105.878,0.9383673765284989,0.8833572323815324,0.005634331862146791,0.014398029743298402,0.031099557096091024
2015-09-17,106.98,108.73,106.64,107.13,99.45,56139800.0,96.5705,108.2428,0.0004023740066392,53.31511060244472,-0.412447644149907,-1.0128623170945734,0,2.1400000000000006,0.017735319084156,0.7919378469218714,0,0.0212562108687418,0.2560482029576241,0,0,0,0,0,0,0,0,0,0,0,0,17,3,9,2015,105.09700000000001,0.6477973833100599,104.0275,109.08963344351925,98.96536655648076,0.0003735176020169817,1.6116730437652744,0.7919378469218714,1,1.8799999999999955,2.089999999999989,3.2299999999999898,106.90333333333332,106.306,0.3585154575927917,0.8637592257109106,0.0003735176020169817,0.017862232779097376,0.02038289360891521
2015-11-27,114.4,114.54,113.92,114.31,106.37,8828000.0,105.6555,109.365,0.0013178951332015,61.37189061994596,1.023214543454344,1.1276729885310512,0,0.6000000000000085,0.0013187821148904,-0.3765492694157445,0,0.0366747621487935,0.0091265171066743,0,0,0,0,0,0,0,0,0,0,0,0,27,4,11,2015,113.123,-0.10949063467052333,113.5365,116.21435940631747,110.85864059368254,0.001401664476565978,1.6043624555842086,-0.3765492694157445,0,0.1599999999999966,2.8200000000000074,2.269999999999996,114.17,114.228,0.1311487704823615,0.1688786546570845,0.001401664476565978,0.001401664476565978,0.005276580775657402
2015-11-30,114.65,114.65,113.65,114.02,106.1,25041600.0,105.6875,109.5384,-0.0025383096737803,59.40012785076343,0.9824058652781956,1.0986195638804803,1,-0.46000000000000796,-0.0002781738923172,1.836610783869506,0,0.0360731712751498,0.0937457758478965,0,0,0,0,0,0,0,0,0,0,0,0,30,0,11,2015,113.54100000000001,-0.1220370306937768,113.571,116.25510059424063,110.88689940575937,-0.002536960895809681,1.1276864221342549,1.836610783869506,1,-0.030000000000001137,0.39000000000000057,4.179999999999993,114.16000000000001,114.136,0.14525839046002348,0.11349008766762603,-0.002536960895809681,-0.0002630425252082569,-0.0040181691125088514
2015-12-01,114.48,115.16,114.34,115.16,107.17,28639400.0,105.7135,109.72800000000001,0.0100848256361922,64.26104822409451,1.0245938710914402,1.0838144253226722,0,1.009999999999991,0.0088644110956135,0.1436729282473963,0,0.0384572536262561,0.1125228006356778,0,0,0,0,0,0,0,0,0,0,0,0,1,1,12,2015,113.915,-0.06144853055866539,113.59849999999999,116.33536883134776,110.86163116865221,0.009998245921768012,0.9527066704916457,0.1436729282473963,0,1.009999999999991,1.4500000000000028,3.739999999999995,114.49666666666667,114.33800000000001,0.5924806607243127,0.47325468830087913,0.009998245921768012,0.008848007008322334,0.008848007008322334
2015-12-02,115.25,115.75,114.28,114.45,106.5,22395500.0,105.68699999999998,109.935,-0.0062517495567789,59.48427937074856,0.9925235751207282,1.0655562552822837,0,0.4000000000000057,0.0012947664056329,-0.2180178355691809,0,0.0369644170138811,0.0799357015550098,0,0,0,0,0,0,0,0,0,0,0,0,2,2,12,2015,114.21100000000001,-0.07611926809647795,113.57050000000001,116.2600834249941,110.88091657500593,-0.006165335185828402,0.43439485366213804,-0.21801783556918097,0,0.14000000000000057,-0.030000000000001137,2.960000000000008,114.54333333333334,114.418,0.575702469451289,0.44538747175773397,-0.006165335185828402,0.0012247397428046813,0.003507233669443277
2015-12-03,114.76,114.96,111.84,112.51,104.7,42754300.0,105.57,110.1016,-0.0169014084507042,48.80829110570984,0.812496721296128,1.0149443484850524,1,-1.6400000000000006,-0.0130683323712909,0.9090576231832288,0,0.0329538111895902,0.1861888819011881,0,0,0,0,0,0,0,0,0,0,0,0,3,3,12,2015,114.099,-0.21551420877638172,113.44500000000001,116.08613233292141,110.8038676670786,-0.01695063346439496,0.6773059377656426,0.9090576231832288,1,-1.509999999999991,-1.6400000000000006,-1.1199999999999903,114.04,114.09,1.3717507062141563,0.9777780934336815,-0.01695063346439496,-0.013243290650762907,-0.014367060884800664
2015-12-04,112.85,115.33,112.62,115.14,107.15,40037300.0,105.59,110.3284,0.0234001910219674,59.43688636332146,0.857632414495697,0.9834819616871814,0,0.8299999999999983,0.0002470330144842,-0.0635491634759545,0,0.0384126913393195,0.1720087784078306,0,0,0,0,0,0,0,0,0,0,0,0,4,4,12,2015,114.242,-0.13363862642417956,113.46650000000002,116.15504812119906,110.77795187880099,0.023375699937783212,0.7345868075163304,-0.06354916347595452,0,-0.01999999999999602,1.0900000000000034,1.4300000000000068,114.03333333333335,114.256,1.3636104037929497,1.088636762193329,0.023375699937783212,-0.0001736714136852946,0.0072609570466275475
2015-12-07,115.22,115.29,114.07,114.62,106.66,25892100.0,105.582,110.5624,-0.0045730284647691,56.920500535206585,0.8441332292304509,0.9556122151958354,1,0.6000000000000085,0.001925754106494,-0.3533005472396989,0,0.0373209153093736,0.0981845605446579,0,0,0,0,0,0,0,0,0,0,0,0,7,0,12,2015,114.25600000000001,-0.11808807184142434,113.458,116.13078581259383,110.78521418740617,-0.004516241097793916,0.7409333453297118,-0.35330054723969895,0,0.1700000000000017,0.46999999999999886,0.14000000000000057,114.08999999999999,114.376,1.3928029293475206,1.0891877707717594,-0.004516241097793916,0.0014853647881170051,0.005262234695667445
2015-12-08,113.42,115.0,113.38,114.63,106.67,30792600.0,105.631,110.85519999999998,9.375585974136236e-05,56.95823972255886,0.8247349133761475,0.9294367548318978,0,-0.5300000000000011,0.0189209184169396,0.1892662240606208,0,0.0373431964528419,0.123760415225997,0,0,0,0,0,0,0,0,0,0,0,0,8,1,12,2015,114.304,-0.11083143707670384,113.51100000000001,116.23216813152054,110.78983186847948,8.724480893373965e-05,0.7488094253912727,0.18926622406062088,0,2.1199999999999903,0.3199999999999932,0.47999999999998977,114.79666666666667,114.27000000000001,0.29737742572744624,1.0172266217509112,8.724480893373965e-05,0.018842769531597137,-0.00460229246266064
2015-12-09,114.13,114.76,112.2,112.89,105.05,48509200.0,105.6125,111.12360000000001,-0.0151870254054561,48.92665329545649,0.6709073449617904,0.8777308728578763,1,-1.5600000000000023,-0.0196662980104839,0.5753525197612412,0,0.0337336512109801,0.2162238754948292,0,0,0,0,0,0,0,0,0,0,0,0,9,2,12,2015,114.18800000000002,-0.22058197977630056,113.4915,116.22457354456533,110.75842645543467,-0.015179272441769087,0.8722104740888927,0.5753525197612412,1,-2.25,-1.1299999999999955,-1.1599999999999966,114.04666666666667,113.958,1.0017151957180108,1.175189346445424,-0.015179272441769087,-0.019541427826993196,-0.013630406290956798
2015-12-10,113.15,114.16,112.81,113.4,105.53,30154600.0,105.62449999999998,111.3564,0.0045692527367919,51.103021693024154,0.5810321008199253,0.8183911184502862,0,0.8900000000000006,-0.0105240168089227,-0.3783735868659965,0,0.0348031460974577,0.1204306743247227,0,0,0,0,0,0,0,0,0,0,0,0,10,3,12,2015,114.11299999999999,-0.2538245551615337,113.50450000000001,116.2332321231669,110.77576787683311,0.004517672070156742,0.907377784852433,-0.37837358686599654,0,-1.2199999999999989,-1.759999999999991,-0.75,113.64,114.13600000000001,0.8944830909520234,0.9461131010607529,0.004517672070156742,-0.010643866689931891,0.007910407963736654
2015-12-11,112.09,112.39,110.72,110.79,103.1,56022200.0,105.5665,111.52779999999998,-0.0230266274992894,41.38394522275789,0.3101494212122446,0.7167427790026779,1,-4.349999999999994,-0.0336444001679535,0.8578326358167576,0,0.029388828234665,0.2554344450736274,0,0,0,0,0,0,0,0,0,0,0,0,11,4,12,2015,113.76100000000001,-0.43590338171376664,113.44200000000001,116.35320318768768,110.53079681231233,-0.023015873015873045,1.3814038752898998,0.8578326358167576,1,-3.839999999999989,-3.6599999999999966,-3.519999999999996,112.36000000000001,113.266,1.3833654614740265,1.5798512588211968,-0.023015873015873045,-0.033499084009421476,-0.0377800937988535
2015-12-14,110.94,111.68,109.38,111.63,103.88,53098500.0,105.65,111.68019999999999,0.0075654704170708,45.00883496697006,0.1566071574602148,0.6047156546941853,1,-2.990000000000009,-0.0108919043454265,-0.0521882396621339,0,0.031126757425191,0.2401755681566126,0,0,0,0,0,0,0,0,0,0,0,0,14,0,12,2015,113.522,-0.48056056194920604,113.53150000000001,116.08196093873302,110.981039061267,0.00758191172488476,1.5303362012604276,-0.05218823966213393,0,-1.2600000000000051,-0.8800000000000097,-2.3900000000000006,111.94000000000001,112.668,1.332328788249844,1.5032365083375983,0.00758191172488476,-0.011161307467446258,-0.02608619787122679
2015-12-15,112.66,113.28,112.17,112.31,104.51,48428000.0,105.691,111.81640000000002,0.0060646900269543,47.82190624108398,0.084782225375747,0.5007289688304977,1,-2.319999999999993,-0.0093964670552642,-0.087959170221381,0,0.0325304694636928,0.2158000902892125,0,0,0,0,0,0,0,0,0,0,0,0,15,1,12,2015,113.237,-0.44585904487530725,113.576,116.00574401943967,111.14625598056031,0.006091552450058213,1.45491542327663,-0.087959170221381,0,-1.0900000000000034,-2.8299999999999983,-2.8499999999999943,111.57666666666667,112.204,0.761402215213921,1.0296989851403628,0.006091552450058213,-0.00961199294532633,-0.02023902992235882
2015-12-16,113.07,114.17,111.89,113.98,106.07,44944100.0,105.807,111.99599999999998,0.0149268012630368,54.040035449097545,0.1519873956756612,0.4309806541995304,0,1.0900000000000034,0.028556961707062,-0.0719397869001404,0,0.036006327844745,0.1976175129758124,0,0,0,0,0,0,0,0,0,0,0,0,16,2,12,2015,113.19000000000001,-0.29904045449714106,113.7005,115.93746647270427,111.46353352729574,0.014869557474846529,1.418512522953924,-0.07193978690014047,0,3.1899999999999977,-0.6400000000000006,-0.46999999999999886,112.64,112.422,1.2092559695942033,1.2929694505281473,0.014869557474846529,0.02879321238378907,0.0096554167773939
2015-12-17,114.48,114.48,112.3,112.32,104.52,45668800.0,105.746,112.12980000000002,-0.0146129914207598,47.926111561026474,0.0792622453901117,0.3606369724376467,0,-1.0800000000000125,0.0063784998692312,0.0161244746251454,0,0.0325527506071611,0.2013997437456453,0,0,0,0,0,0,0,0,0,0,0,0,17,3,12,2015,113.171,-0.3014767745817004,113.63499999999999,115.95168297356433,111.31831702643565,-0.014563958589226322,1.4298597444813321,0.016124474625145435,0,0.6899999999999977,-2.3100000000000023,-0.19000000000001194,112.87,112.20599999999999,0.9613012014967979,1.1734266061407894,-0.014563958589226322,0.006181134103735442,-0.009523809523809601
2016-03-02,105.66,105.85,105.01,105.83,98.78,29209800.0,94.268,104.1474,0.0003037974683544,59.9924209892037,0.363763332592228,-0.4315452099551652,0,3.280000000000001,0.0234816932995656,-0.2252001336877118,0,0.0197633742563668,0.1154997351342465,0,0,0,0,0,0,0,0,0,0,0,0,2,2,3,2016,103.148,0.8552949187888856,100.99199999999999,106.81891204670228,95.1650879532977,0.0003781075716040583,1.6085037906218171,-0.22520013368771186,0,2.3999999999999915,2.549999999999997,3.3299999999999983,104.70666666666666,104.22200000000001,1.911134043790144,1.50624367218598,0.0003781075716040583,0.023204099390892408,0.03198439785470497
2016-03-03,105.72,105.75,104.87,105.63,98.6,25474600.0,94.4535,104.0634,-0.0018222312208949,59.25695099798516,0.531701658271416,-0.238895836309849,1,2.069999999999993,0.030567686648797,-0.1278748913036036,0,0.0193623136739377,0.0960056156758773,0,0,0,0,0,0,0,0,0,0,0,0,3,3,3,2016,103.578,0.8284138674741826,101.19050000000001,107.35558385993285,95.02541614006718,-0.0018898233015213206,1.6428890542105226,-0.12787489130360363,0,3.1299999999999955,4.049999999999997,4.299999999999997,105.75,104.63600000000001,0.10583005244418187,1.5622355776259291,-0.0018898233015213206,0.030536585365853686,0.019988412514484244
2016-03-04,105.75,106.35,104.97,105.67,98.63,31655400.0,94.641,103.95580000000001,0.0003042596348885,59.36424897621479,0.6596111537947564,-0.0591944382889279,0,2.239999999999995,-0.001214174117652,0.2426259882392658,0,0.0194291571043425,0.1282633939871559,0,0,0,0,0,0,0,0,0,0,0,0,4,4,3,2016,103.982,0.7731143380062918,101.3915,107.85815377146513,94.92484622853486,0.00037868029915744117,1.606976456994199,0.24262598823926584,0,-0.12000000000000455,3.1200000000000045,4.040000000000006,105.71,105.08400000000002,0.10583005244417716,1.4468517546729303,0.00037868029915744117,-0.0011343227148123969,0.021657159431499595
2016-03-07,105.13,105.74,104.27,105.02,98.03,25861200.0,94.963,103.8206,-0.006083341782419,56.748877765580886,0.7044449619250628,0.0935334417538702,0,2.519999999999996,-0.0076013133684255,-0.183039860497735,0,0.0180922884962456,0.09802329252922,0,0,0,0,0,0,0,0,0,0,0,0,7,0,3,2016,104.15599999999999,0.6571052777067939,101.7365,108.20443405965185,95.26856594034817,-0.006151225513390757,1.6166920960200266,-0.18303986049773502,0,-0.8100000000000023,1.4599999999999937,1.7399999999999949,105.44,105.58800000000001,0.36428011200220095,0.32805487345876255,-0.006151225513390757,-0.007653784371161265,0.02458536585365856
2016-03-08,104.3,105.21,103.97,104.15,97.22,28898500.0,95.3145,103.6514,-0.0082627767010099,53.36030186325361,0.666927917446813,0.2082123368924587,1,-1.6400000000000006,-0.0140418588485404,0.1174462128594187,0,0.0162875158753147,0.1138750512117282,0,0,0,0,0,0,0,0,0,0,0,0,8,1,3,2016,104.41299999999998,0.49358848437135794,102.113,108.2118887512402,96.0141112487598,-0.008284136354979932,1.3427587687709959,0.1174462128594187,0,-1.4799999999999898,0.7199999999999989,2.5700000000000074,104.94666666666667,105.25999999999999,0.7626488925669973,0.6927481504847863,-0.008284136354979932,-0.014011171068825101,-0.015502410435768943
2016-03-09,104.54,104.84,103.96,104.82,97.84,31047400.0,95.711,103.49600000000001,0.00637728862374,55.5610191956839,0.6793925929416815,0.3024483881023033,0,-1.0100000000000051,-0.0079688298596889,0.0743602609131961,0,0.0176689467703482,0.1250902239746563,0,0,0,0,0,0,0,0,0,0,0,0,9,2,3,2016,104.64000000000001,0.4060207991327046,102.53800000000001,108.12617895203834,96.94982104796168,0.006433029284685476,1.1741001282307197,0.07436026091319614,0,-0.8500000000000085,2.319999999999993,2.269999999999996,104.66333333333334,105.05799999999999,0.4556680078013696,0.629340925095552,0.006433029284685476,-0.008043910286741784,-0.009543607672682697
2016-03-10,105.26,105.86,103.31,104.66,97.69,44236100.0,96.083,103.3386,-0.0015331152902698,54.894872046813,0.669450186643445,0.3758487478105317,1,-0.9699999999999989,-0.0034186033675397,0.4247924141796093,0,0.017334729618324,0.1939224400007306,0,0,0,0,0,0,0,0,0,0,0,0,10,3,3,2016,104.75,0.31675292172988057,102.9365,107.90170805203611,97.97129194796388,-0.0015264262545315876,1.1115354745177453,0.42479241417960933,0,-0.35999999999999943,-1.1300000000000097,1.0999999999999943,104.54333333333334,104.864,0.34990474894415735,0.5539223772336312,-0.0015264262545315876,-0.0034279184917158645,-0.009182997254567837
2016-03-11,105.79,106.49,105.46,106.49,99.4,31454000.0,96.547,103.1824,0.0175043504964684,60.698794859484224,0.790441746533503,0.4587673475551259,1,0.8199999999999932,0.0223485238299386,-0.2889517837241528,0,0.0211448051514004,0.1272122814205155,0,0,0,0,0,0,0,0,0,0,0,0,11,4,3,2016,105.056,0.35737417347440426,103.43350000000001,107.68005754700255,99.18694245299747,0.01748519013949923,1.128836175497305,-0.28895178372415287,0,2.339999999999989,0.6599999999999966,3.059999999999988,105.32333333333332,105.02799999999999,1.0135252011339715,0.8785044109167158,0.01748519013949923,0.022467594815170244,0.007760007570739136
2016-03-14,106.09,106.92,106.06,106.67,99.57,25374900.0,96.951,103.0504,0.0017102615694164,61.227274352576124,0.8897890741221914,0.5449716928685391,0,1.6500000000000057,0.017681496775615,-0.1932695364659502,0,0.0215235845903611,0.0954852784221829,0,0,0,0,0,0,0,0,0,0,0,0,14,0,3,2016,105.473,0.37116430852813054,103.86600000000001,107.54279425587079,100.18920574412924,0.0016902995586440817,0.8028705444287827,-0.19326953646595024,0,1.8500000000000085,1.0400000000000063,4.170000000000002,105.94,105.35799999999999,1.1121600604230952,1.1444081439766443,0.0016902995586440817,0.017649303568021413,0.01571129308703112
2016-03-15,106.29,106.75,105.95,106.63,99.53,26524600.0,97.2495,102.9458,-0.00040172742794,61.03087320312553,0.9542943698213548,0.6268362282591022,1,2.4799999999999898,0.0188128846379448,0.04530855294011,0,0.021434460016488,0.1014855967829901,0,0,0,0,0,0,0,0,0,0,0,0,15,1,3,2016,105.55699999999999,0.35252847320069314,104.18599999999999,107.64909919003257,100.72290080996741,-0.0003749882816163064,0.8799627517370825,0.04530855294011005,0,1.9699999999999989,0.9599999999999937,0.8399999999999892,106.59666666666668,105.854,0.09451631252651799,1.0207007396881695,-0.0003749882816163064,0.01882285495891467,0.023811809889582314
2016-03-16,106.37,107.86,106.34,107.58,100.42,31693100.0,97.4865,102.9074,0.0089420275293881,63.98563929211691,1.0649547083910846,0.7144599242854988,0,2.760000000000005,0.0102505616708644,0.1948568498676699,0,0.0234174817851652,0.1284601514040494,0,0,0,0,0,0,0,0,0,0,0,0,16,2,3,2016,105.732,0.3769215925957957,104.44000000000001,108.11019345539229,100.76980654460773,0.008909312576198092,1.0893810679056979,0.19485684986766993,0,1.0900000000000034,2.5600000000000023,1.75,106.96,106.40599999999999,0.5373081052806324,1.0669723520316106,0.008909312576198092,0.010235702882899878,0.02633085289066983
2016-03-17,107.27,107.77,106.87,107.52,100.36,29623700.0,97.7755,102.8716,-0.0005974905397331,63.65734503801165,1.1347318430723303,0.7985143080428652,0,2.8599999999999994,0.0079428095617148,-0.0652949695675083,0,0.0232837949243555,0.117659891496374,0,0,0,0,0,0,0,0,0,0,0,0,17,3,3,2016,105.921,0.36169077856643794,104.74950000000001,108.36198100341088,101.13701899658915,-0.000557724484104849,1.225202477597621,-0.06529496956750835,0,0.8499999999999943,3.3699999999999903,1.8900000000000006,107.24333333333333,106.978,0.5320087718577463,0.5268491245126536,-0.000557724484104849,0.007968500984344207,0.02732658131091159
2016-05-27,109.63,110.14,109.61,110.13,103.1,19870000.0,99.8315,108.0512,0.005167202885834,63.6881181550156,0.3380651491563498,-0.1659544008525535,1,3.6599999999999966,0.0152898994543086,-0.0921095317076291,0,0.029388828234665,0.0667550422349972,0,0,0,0,0,0,0,0,0,0,0,0,27,4,5,2016,107.36600000000001,0.5414180054224103,106.636,109.62811229735864,103.64388770264135,0.005202628696604483,1.8070368624415445,-0.09210953170762914,0,1.6700000000000017,4.269999999999996,4.6299999999999955,109.64333333333333,108.744,0.4508140784554505,1.4782523465225288,0.005202628696604483,0.015397381523142295,0.03437588052972673
2016-05-31,110.28,110.51,109.78,110.34,103.3,24366100.0,100.001,108.11059999999999,0.0019398642095054,64.44194318387903,0.5044019000561093,-0.0318831406708209,1,4.010000000000005,0.010040478652981,0.2262757926522396,0,0.0298344511040306,0.090220321335654,0,0,0,0,0,0,0,0,0,0,0,0,31,1,5,2016,107.718,0.5756470323212817,106.81699999999998,110.21761817909695,103.41638182090301,0.0019068373740125377,2.019239680892096,0.22627579265223963,0,1.1000000000000085,5.030000000000001,3.5200000000000102,110.00999999999999,109.546,0.403608721412586,0.7491194831260715,0.0019068373740125377,0.010069571585499926,0.03771278096492048
2016-06-01,110,110.6,109.91,110.35,103.31,19571500.0,100.2175,108.1618,9.680542110368506e-05,64.47975809638183,0.6297722672846078,0.1004479409202648,1,1.8900000000000006,0.0072038725164431,-0.1967733859747764,0,0.0298567322474989,0.0651971618916894,0,0,0,0,0,0,0,0,0,0,0,0,1,2,6,2016,108.205,0.5679562068713124,107.048,110.73729044668548,103.35870955331453,9.062896501710327e-05,2.0067400318815176,-0.19677338597477645,0,0.789999999999992,3.8799999999999955,4.86999999999999,110.27333333333333,109.924,0.12423096769175879,0.4993295504963866,9.062896501710327e-05,0.007210660825118564,0.017425779089065063
2016-06-02,110.13,110.59,109.53,110.58,103.52,15696600.0,100.476,108.211,0.0020327170651437,65.39139458376539,0.7375721587908828,0.2278727844943884,0,1.3400000000000034,0.0040693866957528,-0.1979868686610633,0,0.0303246362603328,0.044973943994593,0,0,0,0,0,0,0,0,0,0,0,0,2,3,6,2016,108.67699999999999,0.5471393948288641,107.32449999999999,111.1976975162654,103.45130248373457,0.002084277299501558,1.948127591075941,-0.1979868686610633,0,0.45000000000000284,4.25,4.719999999999999,110.42333333333333,110.19200000000001,0.135769412363851,0.3875177415278197,0.002084277299501558,0.004086080087169819,0.012266569022336249
2016-06-03,110.37,110.42,109.34,110.06,103.04,20269900.0,100.712,108.2676,-0.0046367851622873,61.54545913048524,0.7753347842297984,0.3373651844414704,1,0.5,-0.0025072626760399,0.2913560898538536,0,0.0292551413738553,0.0688421321823633,0,0,0,0,0,0,0,0,0,0,0,0,3,4,6,2016,109.152,0.47007643114929165,107.57649999999998,111.4729202802065,103.68007971979347,-0.004702477844094721,1.580315017822635,0.29135608985385364,0,-0.28000000000000114,1.6000000000000085,4.75,110.33,110.292,0.2605762844164738,0.20535335399935695,-0.004702477844094721,-0.002537611020482111,0.004563709382986447
2016-06-06,110.26,110.75,110.07,110.46,103.41,12502400.0,100.9405,108.3316,0.0035908385093166,63.331988191762136,0.8256008322605339,0.4350123140052832,0,0.3299999999999983,0.0009867704121729,-0.3832036665203084,0,0.0300795436821817,0.0283033195637935,0,0,0,0,0,0,0,0,0,0,0,0,6,0,6,2016,109.551,0.4194400886281845,107.8205,111.79663618982103,103.84436381017896,0.003634381246592655,1.3081917120803495,-0.38320366652030846,0,0.10999999999999943,1.2199999999999989,3.989999999999995,110.36666666666667,110.35799999999999,0.27227437142270045,0.19292485583448923,0.003634381246592655,0.0009968282736747547,0.0029964587305910673
2016-06-07,110.52,110.63,110.13,110.18,103.15,12184300.0,101.142,108.39300000000001,-0.0025142636108692,61.189005931541416,0.8348337663898917,0.514976604482205,1,-0.1599999999999966,-0.00356021026384,-0.0254431149219349,0,0.0295002339520064,0.0266431462398196,0,0,0,0,0,0,0,0,0,0,0,0,7,1,6,2016,109.93599999999999,0.3436698808260238,108.0355,112.03363694112701,104.03736305887298,-0.0025348542458807355,0.6617183019315938,-0.02544311492193496,0,-0.3999999999999915,0.6200000000000045,3.8500000000000085,110.23333333333335,110.326,0.20526405757860056,0.2092367080575748,-0.0025348542458807355,-0.003617290649303606,-0.0014500634402754287
2016-06-08,110.37,110.6,109.96,110.37,103.33,14568700.0,101.2845,108.42379999999999,0.0017450315075131,62.12553700318465,0.846912745934091,0.5813638327725822,0,0.020000000000010232,0.0028216064059605,0.1956944592631502,0,0.0299012945344355,0.0390874004796288,0,0,0,0,0,0,0,0,0,0,0,0,8,2,6,2016,110.127,0.28532926150552096,108.1875,112.29640678891654,104.07859321108346,0.0017244508985296836,0.41976316073615805,0.1956944592631502,0,0.3100000000000023,0.2400000000000091,1.9100000000000108,110.33666666666666,110.33,0.14294521095030435,0.20999999999706967,0.0017244508985296836,0.00281664546610938,0.00018124150430454122
2016-06-09,109.92,110.31,109.71,110.19,103.16,17571600.0,101.464,108.4404,-0.0016452143617535,60.6328156409725,0.8331636530307378,0.6317237968242133,0,-0.39000000000000057,-0.0024144464651096,0.206119969523705,0,0.0295225150954747,0.0547596245430087,0,0,0,0,0,0,0,0,0,0,0,0,9,3,6,2016,110.22200000000001,0.21670862353049403,108.37899999999999,112.48636850063447,104.27163149936551,-0.0016308779559663922,0.28141704915594906,0.20611996952370504,0,-0.269999999999996,-0.15000000000000568,0.9500000000000028,110.24666666666667,110.252,0.1069267662170415,0.16053037095454079,-0.0016308779559663922,-0.002444323737099352,-0.0035268583830710964
2016-06-10,109.19,109.4,108.56,108.94,101.99,32965000.0,101.607,108.43520000000001,-0.0113416052733618,51.39712080394351,0.7195634958781767,0.649291736635006,0,-1.1200000000000045,-0.0112417881276022,0.8760386077534204,0,0.0269156213096856,0.135098235185132,0,0,0,0,0,0,0,0,0,0,0,0,10,4,6,2016,110.16,0.07646305317916846,108.53150000000001,112.48135708602278,104.58164291397723,-0.011344042109084351,0.4569950157764731,0.8760386077534204,1,-1.240000000000009,-1.4099999999999966,-0.6200000000000045,109.83333333333333,110.02799999999999,0.7788666980515113,0.6198144883744623,-0.011344042109084351,-0.011254311127246397,-0.010176267490459745
2016-06-13,108.32,108.93,107.89,108.03,101.14,25154700.0,101.7255,108.38860000000001,-0.0083341504069025,45.91405394923425,0.5545541021446638,0.6303442097369375,0,-2.4299999999999926,-0.0213209700420179,-0.2369270438343698,0,0.0250217241148816,0.094336048098577,0,0,0,0,0,0,0,0,0,0,0,0,13,0,6,2016,109.95,-0.0798000017045295,108.65799999999999,112.36605393704086,104.94994606295911,-0.00835322195704058,0.8147664968839636,-0.2369270438343698,0,-2.3400000000000034,-2.549999999999997,-2.0999999999999943,109.05333333333333,109.542,1.0844507058108759,1.0199362725185779,-0.00835322195704058,-0.021201413427561877,-0.021998913633894612
2016-06-14,107.74,108.42,107.24,108.03,101.14,24588500.0,101.7825,108.3504,0.0,45.91405394923425,0.4189535332406819,0.5880660744376864,0,-2.1500000000000057,-0.0196757556802643,-0.0225087160649898,0,0.0250217241148816,0.0913810335244368,0,0,0,0,0,0,0,0,0,0,0,0,14,1,6,2016,109.71900000000001,-0.17965498361360455,108.71849999999999,112.34317253693409,105.09382746306589,0.0,0.9986262786671488,-0.02250871606498983,0,-2.1599999999999966,-2.030000000000001,-2.3100000000000023,108.33333333333333,109.112,0.5253887449629697,1.130893452098496,0.0,-0.019602504764497652,-0.01951352332546752
2016-06-15,108.29,108.44,107.54,107.72,100.85,24605700.0,101.8875,108.32719999999999,-0.0028673126359501,44.05714434515178,0.2848054689057591,0.5274139533313009,1,-2.6500000000000057,-0.0112014630428527,0.0006995140004473,0,0.0243755709543013,0.0914708008340009,0,0,0,0,0,0,0,0,0,0,0,0,15,2,6,2016,109.45599999999999,-0.25829392076929203,108.83049999999999,112.1756306401999,105.48536935980007,-0.0028695732666852436,1.1489821582601671,0.000699514000447321,0,-1.2199999999999989,-2.739999999999995,-2.6299999999999955,107.92666666666666,108.582,0.1789785834500681,1.0082509608224768,-0.0028695732666852436,-0.011198825041307092,-0.02401014768505938
2016-06-16,107.19,108.14,106.5,108.04,101.15,32079900.0,101.9895,108.27459999999999,0.0029747149231533,46.46407406022765,0.2003896866615377,0.4620090999973483,0,-2.1499999999999915,0.0001074022872031,0.3037588851363708,0,0.0250440052583498,0.1304788720633172,0,0,0,0,0,0,0,0,0,0,0,0,16,3,6,2016,109.202,-0.2787188367682021,108.9395,112.02212534214007,105.85687465785992,0.002970664686223534,1.1536396510369569,0.30375888513637084,0,0.010000000000005116,-2.1400000000000006,-2.539999999999992,107.93,108.152,0.1819340539878678,0.4609446821470149,0.002970664686223534,9.256687957059917e-05,-0.01951175242762493
2016-06-17,107.53,107.68,106.24,106.49,99.96,29208800.0,102.058,108.22279999999999,-0.011764705882353,37.947445186188595,0.0370395474484013,0.3770151894875589,0,-2.450000000000003,-0.0116573035951498,-0.0894984086608748,0,0.0223925491856241,0.1154945161046206,0,0,0,0,0,0,0,0,0,0,0,0,17,4,6,2016,108.845,-0.38028939898282155,108.9985,111.83645894966862,106.16054105033139,-0.014346538319141122,1.387333573602516,-0.08949840866087488,0,-1.5400000000000063,-3.8800000000000097,-3.5700000000000074,107.41666666666667,107.66199999999999,0.8183112692208427,0.669081459913374,-0.014346538319141122,-0.014255299453855508,-0.022489443730493885
2016-08-29,116.81,117.25,116.79,116.94,109.77,11184900.0,109.6315,112.89020000000001,0.0013683634373289,61.79108421444251,0.958704442916286,1.2432045331770625,0,-0.4099999999999966,0.00118834802153,-0.5319342149313693,0,0.0442503509280096,0.0214272480317734,0,0,0,0,0,0,0,0,0,0,0,0,29,0,8,2016,117.09,-0.3006901649585083,116.79299999999998,118.17844000231074,115.40755999768922,0.0013700976194552794,0.3020301677345922,-0.5319342149313693,1,0.14000000000000057,-0.3500000000000085,-0.7600000000000051,116.77666666666666,116.93799999999999,0.16502525059250409,0.3669059825015193,0.0013700976194552794,0.0011986301369864005,-0.003493821900298233
2016-08-30,116.75,117.09,116.16,116.56,109.41,19843300.0,109.7065,113.0782,-0.0032795845859524,57.36304553359311,0.8643907588067776,1.1674417783030056,0,-1.0,-0.0004494999719378,0.7741151016102066,0,0.0434482297631514,0.0666156941439878,0,0,0,0,0,0,0,0,0,0,0,0,30,1,8,2016,117.04099999999998,-0.3204063980207237,116.873,117.98328104550282,115.76271895449719,-0.003249529673336693,0.34581465812967943,0.7741151016102066,1,-0.04999999999999716,-0.7000000000000028,-0.4899999999999949,116.75999999999999,116.73799999999999,0.19078784028282936,0.1536879956128521,-0.003249529673336693,-0.0004287796929937082,-0.008506294658046976
2016-08-31,116.38,116.56,115.95,116.44,109.3,16169800.0,109.758,113.25699999999999,-0.001005392560095,55.998327350028305,0.7718727355436812,1.0883279697511408,1,-0.35999999999999943,-0.0029166137087185,-0.1851254579631411,0,0.0432031371850003,0.0474435888135319,0,0,0,0,0,0,0,0,0,0,0,0,31,2,8,2016,116.95899999999999,-0.3348949848512244,116.928,117.81575221768398,116.04024778231602,-0.0010295126973233204,0.38330289734189255,-0.18512545796314117,0,-0.3400000000000034,-0.9099999999999966,-0.8200000000000074,116.64666666666666,116.66600000000001,0.2610236260056415,0.19590814172853804,-0.0010295126973233204,-0.002911457441342691,-0.003082191780821919
2016-09-01,116.48,116.88,115.91,116.74,109.58,20944700.0,109.80800000000002,113.44699999999999,0.0025617566331199,58.64708141160153,0.7129270166276456,1.0132477791264418,1,0.12999999999999545,-0.0017232205129275,0.295297406275897,0,0.0438270092021122,0.0723639333738677,0,0,0,0,0,0,0,0,0,0,0,0,1,3,9,2016,116.904,-0.3177807564209214,116.98150000000001,117.66502834615899,116.29797165384103,0.002576434215046275,0.3697506667406285,0.29529740627589707,0,-0.20000000000000284,-0.8200000000000074,-0.5500000000000114,116.58,116.69200000000001,0.15099668870477434,0.19524343777837103,0.002576434215046275,-0.001710278775440388,0.0011148272017835748
2016-09-02,117.32,117.56,116.68,117.12,109.94,18088200.0,109.82399999999998,113.61400000000002,0.0032852710348603,61.785077903523394,0.6873378976292912,0.9480658028270116,1,0.3400000000000034,0.0048416351078852,-0.1363829512955544,0,0.0446291303669704,0.0574557752477081,0,0,0,0,0,0,0,0,0,0,0,0,2,4,9,2016,116.88999999999999,-0.27592595203794157,116.99849999999999,117.67803734261099,116.318962657389,0.00325509679629965,0.35721142198925426,-0.13638295129555444,0,0.5600000000000023,0.3200000000000074,-0.14000000000000057,116.76666666666667,116.75999999999999,0.34078341117654043,0.2760434748286669,0.00325509679629965,0.0048043925875085325,0.002911457441342691
2016-09-06,117.32,117.85,117.06,117.85,110.62,18525200.0,109.88,113.8852,0.006185191922867,66.97037739853766,0.7137015463043213,0.9011929515224736,1,0.9099999999999966,0.0120322195908473,0.0241593967337823,0,0.0461442481228136,0.0597364911941922,0,0,0,0,0,0,0,0,0,0,0,0,6,1,9,2016,116.94000000000001,-0.1977932585649944,117.05849999999998,117.81221811707215,116.30478188292781,0.006232923497267562,0.45134367294854993,0.024159396733782312,0,1.4099999999999966,1.2399999999999949,0.5,117.23666666666666,116.94200000000001,0.5641217362706874,0.568963970735758,0.006232923497267562,0.012109240810717958,0.0077817684282537325
2016-09-07,117.96,118.12,117.47,117.92,110.69,17546900.0,109.927,114.1992,0.0006327969625745,67.42679379618556,0.7318075212342734,0.8673158654648336,0,1.3599999999999994,0.0101032599203019,-0.0528091464599572,0,0.0463002161270916,0.0546307145112509,0,0,0,0,0,0,0,0,0,0,0,0,7,2,9,2016,116.976,-0.14268697920390017,117.1085,117.94676666401737,116.27023333598264,0.0005939753924479874,0.5160146423413602,-0.05280914645995727,0,1.1800000000000068,1.1400000000000006,0.35999999999999943,117.63,117.21399999999998,0.4430575583371363,0.6586956808688513,0.0005939753924479874,0.010107932156929955,0.011667810569663706
2016-09-08,117.57,117.6,116.92,117.23,110.04,20125300.0,109.9555,114.45460000000001,-0.0058722558496702,58.801363701483545,0.6858015754246054,0.8310130074567881,0,0.7900000000000063,0.0009457330357713,0.146943334720093,0,0.0448519418016532,0.0680874604984695,0,0,0,0,0,0,0,0,0,0,0,0,8,3,9,2016,117.01899999999998,-0.15307818434846376,117.13899999999998,117.94782383743483,116.33017616256514,-0.005851424694708229,0.5176324307198082,0.14694333472009302,0,0.10999999999999943,0.29000000000000625,0.4300000000000068,117.66666666666667,117.372,0.37978063843881205,0.5029612311055459,-0.005851424694708229,0.0009392076502732216,0.006784610099622279
2016-09-09,116.25,116.51,114.26,114.28,107.27,50813300.0,109.822,114.61399999999999,-0.0251726644856417,37.00556151229454,0.4209729674492166,0.7490049994552739,1,-2.4599999999999937,-0.0304121233727373,1.5248468345813475,0,0.0386800650609389,0.2282490416556849,0,0,0,0,0,0,0,0,0,0,0,0,9,4,9,2016,116.78600000000002,-0.3478562438209718,116.997,118.48301615065343,115.51098384934657,-0.02516420711421996,1.0112390639428694,1.5248468345813477,1,-3.569999999999993,-2.280000000000001,-2.3299999999999983,116.47666666666667,116.88,1.9333994241576586,1.4968800887163358,-0.02516420711421996,-0.030292745014849354,-0.021072468733938643
2016-09-12,113.64,116.49,113.63,116.33,109.2,39646000.0,109.7815,114.7898,0.0179919828470216,50.68531450725138,0.3626488675545545,0.67173377307513,0,-0.7900000000000063,-0.0130529374882902,-0.2197712016342178,0,0.0429803257503175,0.1699665721152466,0,0,0,0,0,0,0,0,0,0,0,0,12,0,9,2016,116.74100000000001,-0.3281126698541593,116.9535,118.46393404357914,115.44306595642087,0.01793839691984589,1.021496179358523,-0.21977120163421782,0,-1.5900000000000034,-0.10999999999999943,-0.45000000000000284,115.94666666666667,116.72200000000001,1.5118972628235177,1.5068742482355637,0.01793839691984589,-0.013483717774762538,-0.006745218579235046
2016-09-13,115.75,116.09,114.73,115.29,108.22,45863900.0,109.66850000000002,114.934,-0.008974358974359,45.30966373321596,0.2346439588900324,0.5843158102381105,1,-2.559999999999988,-0.0161550406129791,0.1568354941229883,0,0.0407967736904258,0.2024179764256432,0,0,0,0,0,0,0,0,0,0,0,0,13,1,9,2016,116.576,-0.3713948288459126,116.833,118.46558200406682,115.20041799593318,-0.008940084243101443,1.1147814932879994,0.15683549412298836,0,-1.9399999999999977,-1.4499999999999886,-1.6499999999999915,115.3,116.21,1.0250365847129521,1.4620362512590874,-0.008940084243101443,-0.016548665017486974,-0.021722528638099203
2016-09-14,115.41,116.47,115.38,115.84,108.74,28221800.0,109.612,115.1024,0.0048050267972648,48.42498133557365,0.1731626890372979,0.502085185997948,1,-2.0799999999999983,0.0138226506699273,-0.3846620108625738,0,0.0419553931507765,0.1103433338639346,0,0,0,0,0,0,0,0,0,0,0,0,14,2,9,2016,116.50399999999999,-0.3495948045395191,116.77250000000001,118.45727743337298,115.08772256662704,0.004770578541070325,1.1389195659823539,-0.3846620108625738,0,1.5600000000000023,-1.2800000000000011,-0.7199999999999989,115.82000000000001,115.79400000000001,0.5202883815730781,1.1065396513437333,0.004770578541070325,0.013650682534126712,-0.01763907734056991
2016-09-15,115.87,117.82,115.86,117.64,110.43,38521400.0,109.63,115.2892,0.0155416590031267,57.04817030309154,0.2578350538075398,0.4532351595598664,0,0.4099999999999966,0.0113723268260325,0.3649519166034767,0,0.0457209063969163,0.1640972513980475,0,0,0,0,0,0,0,0,0,0,0,0,15,3,9,2016,116.624,-0.2075764448428784,116.7915,118.5061460276112,115.0768539723888,0.015538674033149125,1.1933445064652322,0.3649519166034767,0,1.3100000000000023,-0.20999999999999375,1.2000000000000028,116.25666666666666,115.876,1.2291596044994402,1.2459654890870238,0.015538674033149125,0.01126106765236834,0.00349739827689155
2016-09-16,117.22,117.41,116.71,117.29,110.37,27596500.0,109.64350000000002,115.46260000000001,-0.0005433306166802,55.11840122159278,0.3164491851368467,0.4258779646752624,0,3.010000000000005,0.0198033551837113,-0.2836059956284039,0,0.0455872195361066,0.1070798746389083,0,0,0,0,0,0,0,0,0,0,0,0,16,4,9,2016,116.679,-0.13438726713108612,116.7915,118.5061460276112,115.0768539723888,-0.0029751785107106077,1.2118163593913553,-0.28360599562840394,0,2.0,-0.6299999999999955,0.5500000000000114,116.92333333333333,116.478,0.9543758868146022,0.9810555539802963,-0.0029751785107106077,0.01734755833116486,0.026338816940847165
2016-11-28,118.65,119.08,118.41,118.53,111.54,13479000.0,109.8505,117.53599999999999,-0.0023255813953487,56.24081634544885,0.3640822761962852,0.0620756119484155,1,1.210000000000008,-0.0031169506235485,0.8818059976545485,0,0.0481941133218957,0.0334002238963709,0,0,0,0,0,0,0,0,0,0,0,0,28,0,11,2016,117.603,0.32331323223199476,116.7335,119.79817143426544,113.66882856573457,-0.002272727272727204,1.3685438327732449,0.8818059976545485,1,-0.37000000000000455,1.6200000000000045,2.730000000000004,118.58333333333333,118.638,0.1955334583476971,0.20228692492273986,-0.002272727272727204,-0.003111858704794024,0.010313672008182895
2016-11-29,118.64,119.51,118.3,118.94,111.93,18553000.0,109.9425,117.5792,0.0034965034965035,58.06085416176771,0.426463971870973,0.134953283932927,0,0.3999999999999915,0.0044013600049596,0.3764374211736776,0,0.0490630779171587,0.0598815802177901,0,0,0,0,0,0,0,0,0,0,0,0,29,1,11,2016,118.03399999999999,0.3118919600173161,116.83100000000002,120.04265938418175,113.61934061581829,0.0034590399055092202,0.9397068100680291,0.3764374211736776,0,0.519999999999996,1.1799999999999926,4.310000000000002,118.75666666666666,118.718,0.20840665376475348,0.23091123834640295,0.0034590399055092202,0.004391150143556732,0.0033743883921038
2016-11-30,119.09,119.13,117.46,117.5,110.57,30405300.0,110.008,117.5892,-0.0121504511748415,50.16851460933373,0.3619885029907834,0.1803603277444983,0,-1.4000000000000057,-0.0109795290736868,0.6388346898075783,0,0.0460328424054722,0.1217390850519163,0,0,0,0,0,0,0,0,0,0,0,0,30,2,11,2016,118.16199999999999,0.19525271034535452,116.90050000000001,120.10689657559739,113.69410342440263,-0.012106944677988896,0.7286334240658837,0.6388346898075783,1,-1.2999999999999972,0.18000000000000682,1.2800000000000011,118.32333333333332,118.43800000000002,0.7419119444606577,0.5638439500382805,-0.012106944677988896,-0.01094276094276092,-0.011774600504625754
2016-12-01,117.46,117.47,115.29,115.47,108.66,39796600.0,110.0215,117.53559999999999,-0.0172741249886949,41.58643953112824,0.1549836370249551,0.1752849896005897,1,-2.950000000000003,-0.025928072667033,0.3088704929732646,0,0.0417771440030302,0.1707525579768953,0,0,0,0,0,0,0,0,0,0,0,0,1,3,12,2016,118.018,-0.01931814905568921,116.915,120.09263748719118,113.73736251280883,-0.017276595744680878,1.0671957021399634,0.30887049297326463,0,-3.0600000000000023,-3.0700000000000074,-1.4399999999999977,117.30333333333334,117.848,1.7433397068079803,1.443942519629844,-0.017276595744680878,-0.025816249050873208,-0.02491133254517819
2016-12-02,115.54,116.16,115.22,115.7,108.88,32876800.0,110.099,117.46780000000001,0.0020246640898213,42.780756654220276,0.0085839997351797,0.1419447916275077,1,-3.0999999999999943,-0.0273999120737151,-0.1738791756079665,0,0.0422673291593324,0.1346379167721345,0,0,0,0,0,0,0,0,0,0,0,0,2,4,12,2016,117.81200000000001,-0.13975053497576684,116.99749999999999,119.9511003453417,114.04389965465828,0.001991859357408865,1.2966778062929614,-0.1738791756079665,0,-3.239999999999995,-3.200000000000003,-2.0600000000000023,116.22333333333334,117.228,1.1115904521600004,1.5910279695829392,0.001991859357408865,-0.027240625525475015,-0.02609427609427606
2016-12-05,116.3,117.06,115.77,116.6,109.72,21419700.0,110.2375,117.4332,0.0077149155033064,47.3196885944707,-0.0392058471412468,0.1057146638737567,1,-1.9300000000000068,-0.007534545395567,-0.3484858623710336,0,0.0441389452106682,0.074842972446133,0,0,0,0,0,0,0,0,0,0,0,0,5,0,12,2016,117.74000000000001,-0.1517891303125728,117.14500000000001,119.68018835592206,114.60981164407796,0.007778738115816752,1.3460807306149007,-0.34848586237103363,0,-0.9000000000000057,-1.8200000000000074,-0.7199999999999989,115.92333333333333,116.84200000000001,0.5971878543082182,1.4212388961731086,0.007778738115816752,-0.007659574468085184,-0.016282797603982213
2016-12-06,116.93,117.08,116.39,116.88,109.99,27293300.0,110.2625,117.42399999999999,0.0024608093328473,48.68354428075565,-0.0546627830456714,0.0736391744898711,1,-2.0600000000000023,0.0122003889259751,0.2742148582846631,0,0.0447405360843118,0.1054974648563592,0,0,0,0,0,0,0,0,0,0,0,0,6,1,12,2016,117.574,-0.13447850802327296,117.1715,119.68387158875886,114.65912841124113,0.002401372212692987,1.3387987982597214,0.2742148582846631,0,1.4099999999999966,-1.9200000000000017,-1.6600000000000108,116.39333333333332,116.42999999999999,0.6165495384259664,0.8412490713192606,0.002401372212692987,0.012210963886723825,-0.017319656969900787
2016-12-07,116.64,118.51,116.29,118.36,111.38,26622400.0,110.3215,117.42120000000001,0.0126375125011364,55.274701888787746,0.0447332105681823,0.0678579817055334,1,0.8599999999999994,0.0228132373372902,-0.0245811243052324,0,0.0478376150264031,0.1019960178803955,0,0,0,0,0,0,0,0,0,0,0,0,7,2,12,2016,117.52000000000001,-0.022792115836416896,117.234,119.79878771051382,114.66921228948617,0.012662559890485925,1.2893495345412298,-0.024581124305232405,0,2.6599999999999966,-0.1700000000000017,-0.5400000000000063,117.27999999999999,116.602,0.945727233402939,1.1470483860742084,0.012662559890485925,0.022990492653413908,0.007319148936170139
2016-12-08,118.41,118.87,118.18,118.57,111.58,18578400.0,110.365,117.41860000000001,0.0017956545160711,56.13561505613674,0.138052200316153,0.0818968254276573,1,3.0999999999999943,0.0168939763500548,-0.3021515716088707,0,0.0482832378957688,0.0600141435702859,0,0,0,0,0,0,0,0,0,0,0,0,8,3,12,2016,117.535,0.06119591012221115,117.28,119.9052695099747,114.6547304900253,0.001774248056775951,1.3017957682454189,-0.30215157160887074,0,1.9699999999999989,-0.37000000000000455,0.14999999999999147,117.93666666666667,117.22200000000001,0.921104409572188,1.2178341430569222,0.001774248056775951,0.016895368782161135,0.026846800034640905
2016-12-09,119.01,119.54,119.0,119.5,112.45,21863100.0,110.5415,117.4518,0.0077970962538089,59.82388252998003,0.2789938338757736,0.1213162271172805,0,3.799999999999997,0.0222302632710165,0.1768020927528744,0,0.0502216973775094,0.0771570901822224,0,0,0,0,0,0,0,0,0,0,0,0,9,4,12,2016,117.60499999999999,0.169229585722021,117.46750000000002,120.16359254292263,114.7714074570774,0.00784346799359037,1.3930003589372975,0.1768020927528744,0,2.6200000000000045,2.0,0.7000000000000028,118.81,117.982,0.6067124524847238,1.2162729956695066,0.00784346799359037,0.022416153319644083,0.032843560933448535
2016-12-12,118.97,119.21,118.47,118.96,111.95,23259300.0,110.6905,117.4566,-0.0044464206313917,56.835569587087605,0.3463527338569463,0.1663235284652137,1,2.3599999999999994,0.0051463301384883,0.063861026112491,0,0.0491076402040953,0.0844438993457946,0,0,0,0,0,0,0,0,0,0,0,0,12,0,12,2016,117.648,0.19247363061368736,117.62550000000002,120.28227605379209,114.96872394620794,-0.004518828451882895,1.4308490098149118,0.063861026112491,0,0.5999999999999943,3.489999999999995,0.4299999999999926,119.00999999999999,118.454,0.46701177715346276,0.9810606505179327,-0.004518828451882895,0.005069280162216971,0.020240137221269272
2016-12-13,119.32,121.11,119.32,120.46,113.36,54477900.0,110.965,117.4948,0.0125949084412684,62.44705304714885,0.507658393570324,0.2345905014862358,0,3.5799999999999983,0.0159455840636856,1.3421986044291965,0,0.0522492814331231,0.247374697622471,0,0,0,0,0,0,0,0,0,0,0,0,13,1,12,2016,117.8,0.2911040342338966,117.91699999999999,120.47255160386227,115.3614483961377,0.012609280430396774,1.647658270933981,1.3421986044291963,1,1.8900000000000006,4.759999999999991,1.519999999999996,119.63999999999999,119.16999999999999,0.7597367965289317,0.8416056083429818,0.012609280430396774,0.015939951083747905,0.030629705681040287
2016-12-14,120.61,121.0,119.86,120.21,113.12,28746000.0,111.1525,117.5316,-0.0021171489061396,61.02315221594968,0.6091068917096436,0.3094937795309174,1,1.8499999999999943,0.0060313389037369,-0.472336488741306,0,0.0517145339898844,0.1130791491937903,0,0,0,0,0,0,0,0,0,0,0,0,14,2,12,2016,118.071,0.31947038163265246,118.1165,120.73322524350633,115.49977475649368,-0.0020753777187447753,1.8079051720459265,-0.47233648874130607,0,0.7099999999999937,3.6099999999999994,2.7099999999999937,119.87666666666667,119.54,0.8036375634161111,0.8022156817179514,-0.0020753777187447753,0.005941422594142098,0.015630280500168903
2016-12-15,120.37,121.11,120.08,120.4,113.3,22762300.0,111.3165,117.56379999999999,0.0015912305516265,61.737225087185806,0.696006918551447,0.3867964073350233,0,1.8300000000000125,0.0120689900867553,-0.2081576567174563,0,0.0521155945723134,0.0818500416217612,0,0,0,0,0,0,0,0,0,0,0,0,15,3,12,2016,118.564,0.3296612034868054,118.29099999999998,121.02544619621656,115.5565538037834,0.0015805673404876153,1.6880376509753188,-0.20815765671745634,0,1.440000000000012,3.5200000000000102,4.930000000000007,120.35666666666667,119.90599999999999,0.13051181300326153,0.6525181989753479,0.0015805673404876153,0.012104909213181081,0.01543392089061335
2016-12-16,120.34,120.58,119.36,119.6,112.88,26283900.0,111.4195,117.58120000000001,-0.0037069726390115,57.001936012187926,0.7226550088856101,0.4539681276451407,0,0.09999999999999432,-0.0042328909935246,0.1547119579304376,0,0.0511797865466455,0.1002293763520548,0,0,0,0,0,0,0,0,0,0,0,0,16,4,12,2016,118.954,0.26399488658108616,118.383,121.16322373200491,115.60277626799508,-0.006644518272425293,1.3741680311289537,0.15471195793043768,0,-0.8599999999999994,1.2399999999999949,3.8999999999999915,120.07000000000001,119.926,0.41797129088019264,0.6383416013342884,-0.006644518272425293,-0.007139299352482142,0.0008368200836819106
2017-03-02,131.41,131.43,130.62,130.78,123.43,19951400.0,121.414,124.8124,-0.0050781879735611,72.33898734257559,1.710563412256178,1.7258007594582774,1,0.7700000000000102,0.0028350469867497,-0.2271033323261201,0,0.0746863929056839,0.0671798712465391,0,0,0,0,0,0,0,0,0,0,0,0,2,3,3,2017,130.294,-0.01305326084184899,128.64100000000002,132.47215596132662,124.80984403867342,-0.005021302495435198,0.5881458624783624,-0.22710333232612012,0,0.36000000000001364,0.3300000000000125,1.490000000000009,130.74666666666667,130.584,0.7105866121269999,0.5525214927851353,-0.005021302495435198,0.002760312835454748,0.005922621336820422
2017-03-03,130.69,131.06,130.34,131.02,123.66,13722700.0,121.683,125.03099999999999,0.0018634043587457,73.33315467741136,1.674648953752751,1.7155703983171722,0,0.7600000000000193,0.0077043819653671,-0.3121936305221688,0,0.0751988592054544,0.0346721014161836,0,0,0,0,0,0,0,0,0,0,0,0,3,4,3,2017,130.471,-0.040470337594847416,128.926,132.57003293069758,125.2819670693024,0.001835142988224625,0.49856349199511074,-0.31219363052216886,0,1.0,0.5200000000000102,1.7700000000000102,131.08,130.73600000000002,0.3340658617710439,0.5456005865002773,0.001835142988224625,0.007691124442393393,0.005834484876401147
2017-03-06,130.59,130.95,130.21,130.73,123.39,12026200.0,121.9215,125.23460000000001,-0.002183406113537,70.05663971084418,1.6058880651389131,1.6936339316815203,0,0.3100000000000023,-0.0053981897283524,-0.123627274515948,0,0.0745972683318108,0.0258180176559772,0,0,0,0,0,0,0,0,0,0,0,0,6,0,3,2017,130.56300000000002,-0.09052419117505828,129.1785,132.57960731968407,125.77739268031596,-0.0022134025339644037,0.44504806231749033,-0.12362727451594802,0,-0.710000000000008,0.7199999999999989,0.9199999999999875,130.84333333333333,130.798,0.15502687939242654,0.517609891703603,-0.0022134025339644037,-0.005401704199634927,0.0023769360527525762
2017-03-07,130.47,131.08,130.28,130.51,123.18,15500900.0,122.1425,125.43560000000001,-0.0017019207391197,67.5894635839206,1.5169627186165116,1.6582996890685189,1,0.4899999999999807,-0.002021922493911,0.2889275082736027,0,0.0741293643189768,0.0439525798968197,0,0,0,0,0,0,0,0,0,0,0,0,7,1,3,2017,130.56900000000002,-0.14746887279849985,129.4125,132.48830802391967,126.33669197608033,-0.0016828577985160686,0.44375794202006597,0.2889275082736027,0,-0.27000000000001023,0.25,0.060000000000002274,130.75333333333333,130.89600000000002,0.2557994005742533,0.3540197734440536,-0.0016828577985160686,-0.002064535861752592,0.0037686509767727028
2017-03-08,130.59,131.15,130.46,130.74,123.39,15776000.0,122.3525,125.64800000000001,0.001704822211398,68.82552442112026,1.446756675402483,1.6159910863353115,1,-0.6999999999999886,-0.0021805046412588,0.0177473566051002,0,0.0745972683318108,0.0453883349468833,0,0,0,0,0,0,0,0,0,0,0,0,8,2,3,2017,130.59300000000002,-0.17669339752562907,129.63500000000002,132.4035772519489,126.86642274805115,0.0017623170638265684,0.44609540583363694,0.017747356605100295,0,-0.28000000000000114,0.3200000000000216,0.2400000000000091,130.66,130.756,0.13000000000308543,0.18146625027655602,0.0017623170638265684,-0.0021370783086551715,-0.005325623858794759
2017-03-09,130.71,131.02,130.14,130.84,123.49,20855300.0,122.5575,125.8608,0.0008104384471998,69.37244319199957,1.3832418931076944,1.569441247689788,1,0.060000000000002274,0.000813339919478,0.3219637423935091,0,0.0748200797664936,0.0718973521253193,0,0,0,0,0,0,0,0,0,0,0,0,9,3,3,2017,130.676,-0.19490504336332926,129.852,132.2606145395245,127.4433854604755,0.0007648768548262908,0.4004497471527971,0.3219637423935091,0,0.11000000000001364,0.8199999999999932,0.8300000000000125,130.69666666666666,130.768,0.1692138686223485,0.18539147766127115,0.0007648768548262908,0.0008414288992582009,0.00045878574705615627
2017-03-10,131.44,131.6,130.82,131.39,124.01,21922600.0,122.7665,126.0722,0.0042108672767027,72.25546841814631,1.3591976403911872,1.527392526230068,1,0.3699999999999761,0.0067261279353005,0.0511764395621257,0,0.0759786992268443,0.0774676224449588,0,0,0,0,0,0,0,0,0,0,0,0,10,4,3,2017,130.789,-0.17609716876293802,130.07350000000002,132.17243568267565,127.97456431732441,0.004203607459492442,0.4284714433570506,0.0511764395621257,0,0.8799999999999955,-0.05000000000001137,1.1299999999999955,130.99,130.84199999999998,0.3500000000011725,0.3291959902389382,0.004203607459492442,0.006742778331162436,0.002823996336436929
2017-03-13,131.34,131.64,131.27,131.61,124.22,10731600.0,122.9665,126.30680000000001,0.0016934118216271,73.33664243448305,1.34162225560884,1.4902384721058224,0,0.8800000000000239,0.0067147175455297,-0.5104777717971408,0,0.0764466032396782,0.0190614619023884,0,0,0,0,0,0,0,0,0,0,0,0,13,0,3,2017,130.908,-0.1557305837957541,130.285,132.0871598153352,128.48284018466478,0.001674404444782951,0.47709304938600056,-0.5104777717971408,1,0.8700000000000045,0.8300000000000125,1.1900000000000261,131.28,131.018,0.39661064030211474,0.4625689137732086,0.001674404444782951,0.006654428636989396,0.006731431194064275
2017-03-14,131.31,131.36,130.76,131.29,123.91,14019700.0,123.117,126.5384,-0.0024955723715988,69.11755477128997,1.2878338800031912,1.4497575536852962,1,0.7800000000000011,0.0034087067267311,0.3063942003056394,0,0.0757558877921614,0.0362221532150527,0,0,0,0,0,0,0,0,0,0,0,0,14,1,3,2017,131.035,-0.16956127636608143,130.4445,131.9914903037864,128.8975096962136,-0.0024314261834208484,0.37187961014158677,0.30639420030563946,0,0.44999999999998863,0.2699999999999818,1.2699999999999818,131.42999999999998,131.174,0.1637070554401031,0.3708503741258147,-0.0024314261834208484,0.0034393151941300992,0.005976553520802952
2017-03-15,131.56,132.41,131.14,132.1,124.68,22709100.0,123.2855,126.8108,0.0062141877168913,73.3041502459715,1.2924403221354908,1.4182941073753352,0,1.3599999999999852,0.0054120271669196,0.6197992824382832,0,0.0774715358392192,0.0815723892456675,0,0,0,0,0,0,0,0,0,0,0,0,15,2,3,2017,131.10099999999997,-0.13160070766535892,130.623,132.06549922010697,129.180500779893,0.006169548328128549,0.49117659190869123,0.6197992824382832,1,0.710000000000008,1.3700000000000045,0.6599999999999966,131.66666666666666,131.446,0.4079624165707284,0.4607927950707746,0.006169548328128549,0.005403759799071484,0.010402325225638664
2017-03-16,132.35,132.35,131.71,132.01,124.59,18457300.0,123.4135,127.06020000000001,-0.0007218479307026,72.13402682876797,1.274141206174917,1.3894635271352516,0,1.1699999999999875,0.0029967674145898,-0.1872289082350247,0,0.0772710055480047,0.0593821190825989,0,0,0,0,0,0,0,0,0,0,0,0,16,3,3,2017,131.224,-0.12030428830461459,130.759,132.1859533979809,129.33204660201906,-0.0006813020439061512,0.552090974784951,-0.1872289082350247,0,0.39999999999997726,1.5,1.2299999999999898,131.79999999999998,131.68,0.4439594576094883,0.36276714292923956,-0.0006813020439061512,0.003039282729275783,0.008942219504738613
2017-03-17,131.9,132.04,131.62,131.69,124.55,21234500.0,123.5415,127.29019999999998,-0.0003210530540171,67.9790342737389,1.2420932810642284,1.3599894779210469,0,0.30000000000001137,0.0051712867321714,0.1504662112009882,0,0.0771818809741315,0.0738764081594309,0,0,0,0,0,0,0,0,0,0,0,0,17,4,3,2017,131.291,-0.14071648301905215,130.881,132.18276649212112,129.57923350787888,-0.0024240587834254423,0.5650850476748119,0.15046621120098824,0,0.4000000000000057,0.9499999999999886,0.6699999999999875,131.93333333333334,131.74,0.21548395145406893,0.32572994948118944,-0.0024240587834254423,0.0030466905324091353,0.002283278788340226
2017-05-30,141.15,141.51,141.06,141.34,133.68,20306400.0,131.073,134.8552,0.0008984725965859,72.13297691617453,1.5745673471539303,1.4497753171754924,0,2.3400000000000034,0.0111711707907427,0.465996707961535,0,0.0975245649606738,0.0690326267637058,0,0,0,0,0,0,0,0,0,0,0,0,30,1,5,2017,139.224,0.13428639872754755,138.5865,141.42014270860247,135.75285729139753,0.0008497379974508057,1.7560574528669912,0.46599670796153503,0,1.5600000000000023,4.0800000000000125,2.3000000000000114,141.17666666666668,140.49,0.18876793513608292,0.9762684057087653,0.0008497379974508057,0.01116039490628129,0.01683453237410082
2017-05-31,141.84,141.84,140.57,141.29,133.63,33229400.0,131.2555,135.0448,-0.0003740275284261,71.70165406505771,1.5989417468684337,1.4796086031140807,1,2.1500000000000057,0.0022494881942377,0.6364003466887287,0,0.0974131592433323,0.1364781466181992,0,0,0,0,0,0,0,0,0,0,0,0,31,2,5,2017,139.391,0.1283850080450586,138.77949999999998,141.79194402437886,135.7670559756211,-0.0003537568982595607,1.8733893823147503,0.6364003466887287,1,0.3199999999999932,3.4499999999999886,1.6699999999999875,141.28333333333333,140.92000000000002,0.06027713775177104,0.652954822315419,-0.0003537568982595607,0.00226998652195487,0.015452062670691324
2017-06-01,141.58,141.9,140.98,141.84,134.15,20120700.0,131.485,135.28539999999998,0.0038913417645738,73.57356249753386,1.6412984218941349,1.5119465668700915,1,2.0600000000000023,0.0044157868327335,-0.3944910230097443,0,0.0985717787036831,0.0680634529621907,0,0,0,0,0,0,0,0,0,0,0,0,1,3,6,2017,139.968,0.13886095768177764,139.022,142.1957145429317,135.84828545706827,0.0038927029513766698,1.6064301347302425,-0.39449102300974437,0,0.6200000000000045,2.8400000000000034,5.77000000000001,141.48999999999998,141.33200000000002,0.3041381265185939,0.3176003778095875,0.0038927029513766698,0.004390312986829015,0.01473744455573045
2017-06-02,142.34,143.49,142.11,143.46,135.68,37222900.0,131.7885,135.5408,0.0114051434960864,78.15683887973744,1.7778308775764629,1.5651234290113658,0,2.490000000000009,0.0149224577322341,0.8499803684762459,0,0.1019807936543303,0.1573203414289181,0,0,0,0,0,0,0,0,0,0,0,0,2,4,6,2017,140.588,0.22702114843175902,139.34300000000002,142.92263741180815,135.76336258819188,0.011421319796954377,1.6412177051040402,0.8499803684762459,1,2.1200000000000045,4.320000000000022,6.200000000000017,142.1966666666667,141.82999999999998,1.1281105146818147,0.9435041070311152,0.011421319796954377,0.014999292486203464,0.01766333262396258
2017-06-05,143.45,143.68,143.23,143.43,135.65,15727500.0,132.067,135.8022,-0.000221108490566,77.88744000361181,1.8621474069278177,1.6245282245946562,0,2.210000000000008,0.0150753767700942,-0.5774778429407703,0,0.1019139502239255,0.0451352120100309,0,0,0,0,0,0,0,0,0,0,0,0,5,0,6,2017,141.147,0.2534342412227024,139.6375,143.53075506485467,135.7442449351453,-0.0002091175240485077,1.550734951202206,-0.5774778429407703,1,2.140000000000015,3.6500000000000057,5.590000000000003,142.91,142.272,0.9267685795291103,1.0922316604019382,-0.0002091175240485077,0.015146153301719867,0.01564934145305208
2017-06-06,143.26,143.73,142.65,142.86,135.11,22393000.0,132.30400000000003,136.0468,-0.0039808330261702,72.75603711746734,1.8639093896740064,1.6724044576105264,1,1.5200000000000102,0.0072032019793502,0.4238117946272453,0,0.1007107684766382,0.0799226539809453,0,0,0,0,0,0,0,0,0,0,0,0,6,1,6,2017,141.53300000000002,0.20472166492157529,139.8885,143.9302979909957,135.84670200900428,-0.003974064003346545,1.4328607748106894,0.4238117946272453,0,1.0200000000000102,1.8900000000000148,3.8600000000000136,143.25,142.576,0.33808283009115025,0.9730005138663794,-0.003974064003346545,0.007191201353637933,0.010754209707089402
2017-06-07,143.26,143.54,142.6,143.42,135.64,18842400.0,132.54500000000002,136.29840000000002,0.0039227296277104,74.53134067486309,1.886327930119876,1.7151891521123963,1,2.1299999999999955,-0.0002792118890257,-0.1585584780958335,0,0.1018916690804571,0.0613919673915028,0,0,0,0,0,0,0,0,0,0,0,0,7,2,6,2017,141.96099999999998,0.18312272643167704,140.1435,144.3953573588512,135.8916426411488,0.003919921601567733,1.2684325410135313,-0.15855847809583357,0,-0.040000000000020464,2.1999999999999886,4.280000000000001,143.23666666666665,143.002,0.32624121955352453,0.6960747086225937,0.003919921601567733,-0.0002788233653981953,0.015075376884422065
2017-06-08,143.74,143.8,142.79,143.57,135.79,25417400.0,132.7895,136.53699999999998,0.0011058684753759,75.0012441468437,1.8943615110376584,1.751023623897449,0,1.7299999999999898,0.0010477650769161,0.3489470555767842,0,0.1022258862324814,0.0957070871812803,0,0,0,0,0,0,0,0,0,0,0,0,8,3,6,2017,142.34,0.15306772698894555,140.402,144.82367660509192,135.98032339490805,0.0010458792358110092,1.0992927018930116,0.3489470555767842,0,0.13999999999998636,2.2299999999999898,3.789999999999992,143.28333333333333,143.348,0.37421027956989145,0.2792310870656719,0.0010458792358110092,0.0009760858955587537,0.012196841511562306
2017-06-09,143.74,143.9,138.11,139.98,132.39,109783700.0,132.8695,136.6916,-0.0250386626408425,50.829564442455656,1.6078423905483137,1.722387377227622,0,-3.480000000000018,-0.0200100645377561,3.319234068000661,0,0.0946502974532652,0.5360173063022392,0,0,0,0,0,0,0,0,0,0,0,0,9,4,6,2017,142.24099999999999,-0.11973876989389276,140.48649999999998,144.80693643628942,136.16606356371054,-0.025005223932576426,1.2680120048466716,3.319234068000661,1,-2.880000000000024,-1.3100000000000023,-0.9900000000000091,142.32333333333335,142.652,2.0307716103332765,1.5182786305498102,-0.025005223932576426,-0.020159596808064006,-0.024257632789627892
2017-06-12,138.8,139.48,137.47,139.23,131.68,104454000.0,132.899,136.8268,-0.0053629428204545,47.393150731067244,1.308400431298253,1.6395899880417484,1,-4.200000000000017,-0.0292957369859211,-0.0485472797874365,0,0.0930683362670172,0.5082014441054975,0,0,0,0,0,0,0,0,0,0,0,0,12,0,6,2017,142.04199999999997,-0.34888116101682853,140.51799999999997,144.7918956468329,136.24410435316705,-0.005357908272610401,1.5669630925214055,-0.04854727978743656,0,-4.189999999999998,-2.6100000000000136,-1.990000000000009,140.92666666666665,141.81199999999998,2.31970544107122,2.049236443162333,-0.005357908272610401,-0.029214893320317903,-0.029282576866764387
2017-06-13,140.01,140.56,139.28,140.36,132.75,51193000.0,132.9615,136.9864,0.0081257594167678,52.59346005570174,1.144240486799788,1.5405200877933565,0,-2.5,-0.0222758460445292,-0.5098990943381776,0,0.0954524186181234,0.2302307072046094,0,0,0,0,0,0,0,0,0,0,0,0,13,1,6,2017,141.94400000000002,-0.41787133506665697,140.584,144.80500177683183,136.36299822316818,0.008116066939596545,1.644473573312835,-0.5098990943381776,1,-3.2099999999999795,-3.0999999999999943,-0.9799999999999898,139.85666666666665,141.31199999999998,0.5750072463328649,2.034544174989776,0.008116066939596545,-0.022358431427178194,-0.017499650006999823
2017-06-14,140.93,140.93,138.62,139.75,132.17,60093800.0,132.9675,137.1354,-0.0043691148775895,49.73529280137958,0.9563175617733748,1.4236795825893602,0,-3.6699999999999875,-0.0016062982812762,0.1738675209501299,0,0.094160112296963,0.2766842460981229,0,0,0,0,0,0,0,0,0,0,0,0,14,2,6,2017,141.79000000000002,-0.49295494493799774,140.5905,144.80594054637442,136.37505945362557,-0.0043459675121118035,1.7791196324749163,0.17386752095012992,0,-0.22999999999998977,-3.680000000000007,-1.539999999999992,139.78,140.578,0.5655970296969077,1.7219088245273535,-0.0043459675121118035,-0.0016430918702671216,-0.025589178636173382
2017-06-15,138.34,139.28,137.49,139.13,131.59,55145200.0,133.1125,137.2678,-0.0043882878111521,46.942925248704405,0.7519184887552797,1.2893273638225442,0,-4.439999999999998,-0.0006316432719738,-0.0823479294036988,0,0.0928678059758026,0.2508573560917818,0,0,0,0,0,0,0,0,0,0,0,0,15,3,6,2017,141.51899999999998,-0.5674364280376543,140.74349999999998,144.48728565091773,136.99971434908224,-0.00443649373881938,1.9671211339281303,-0.08234792940369884,0,-0.09999999999999432,-3.730000000000018,-2.710000000000008,139.74666666666667,139.69,0.6150067750320255,0.5152184002785272,-0.00443649373881938,-0.0007182360123536569,-0.030925680852545767
2017-06-16,138.68,138.78,137.64,138.15,131.02,48087400.0,133.1725,137.3914,-0.0043316361425639,42.84790059136505,0.5377378077438664,1.1390094526068086,0,-1.829999999999984,-0.0130890388313056,-0.1279857539731472,0,0.0915977807981106,0.2140224887986576,0,0,0,0,0,0,0,0,0,0,0,0,16,4,6,2017,140.988,-0.6593171238973485,140.788,144.38331695404142,137.1926830459586,-0.007043772011787408,2.0973305785085334,-0.12798575397314726,0,-2.210000000000008,-5.269999999999982,-5.310000000000002,139.01,139.324,0.8067217612051029,0.8184619722294431,-0.007043772011787408,-0.015745226560273662,-0.01307329618516917
2017-08-28,142.4,142.74,141.95,142.41,135.06,15362100.0,135.5715,141.74779999999998,0.0031194295900178,49.172006661572865,-0.0228873775629665,0.1612105002193703,1,1.3599999999999852,-0.0019118305456126,-0.4176699367712392,0,0.1005993627592968,0.0432281785847557,0,0,0,0,0,0,0,0,0,0,0,0,28,0,8,2017,142.446,-0.19094136133015066,142.953,145.28572458726254,140.62027541273747,0.003099246319645088,1.1270630466402378,-0.4176699367712392,0,-0.28000000000000114,1.079999999999984,-1.5200000000000102,142.21666666666667,142.50799999999998,0.22479620400444922,0.46574671226401254,0.003099246319645088,-0.0019622958861867934,0.009641970932293464
2017-08-29,141.19,143.21,141.06,142.97,135.59,24498300.0,135.5435,141.798,0.0039241818451059,51.817269396035364,0.0137155147744181,0.1317115031303798,1,-0.22999999999998977,0.0049683075513408,0.5947233776632102,0,0.1017802633631158,0.0909102770521876,0,0,0,0,0,0,0,0,0,0,0,0,29,1,8,2017,142.33999999999997,-0.12160814224562588,142.9235,145.23963708575704,140.60736291424294,0.003932308124429573,1.0047443013533377,0.5947233776632102,1,0.6999999999999886,1.740000000000009,-1.0600000000000023,142.45000000000002,142.462,0.5011985634471886,0.3846036921101525,0.003932308124429573,0.0049202221128838985,-0.0016061452513965735
2017-08-30,143.09,144.89,143.0,144.65,137.18,33642700.0,135.57649999999998,141.90380000000002,0.011726528505052,58.75261636836903,0.1690742992008722,0.1391840623444783,1,1.960000000000008,0.0187701399401758,0.3732667164660406,0,0.1053229651745727,0.1386351715625513,0,0,0,0,0,0,0,0,0,0,0,0,30,2,8,2017,142.377,0.0342629193772902,142.95850000000002,145.35537525750073,140.5616247424993,0.011750716933622396,1.0875257340463749,0.3732667164660406,0,2.680000000000007,3.5999999999999943,0.37000000000000455,143.34333333333333,142.85399999999998,1.165732959701783,1.0675579609485322,0.011750716933622396,0.018877227583292244,0.013736071203307887
2017-08-31,145.06,146.21,144.98,146.2,138.65,38480700.0,135.7095,142.013,0.0107158477912232,63.91354761933053,0.4061323291737153,0.1925737157103257,0,3.9299999999999784,0.0263665581413812,0.1438053426151884,0,0.1085982932644103,0.1638848368922766,0,0,0,0,0,0,0,0,0,0,0,0,31,3,8,2017,142.864,0.22782881715145845,143.099,145.87933738960206,140.31866261039792,0.010715520221223462,1.556057696727942,0.1438053426151884,0,3.789999999999992,3.0,4.869999999999976,144.60666666666668,143.64000000000001,1.6154359576706636,1.755306241082796,0.010715520221223462,0.026613299627834985,0.02762353271947693
2017-09-01,146.39,146.59,145.61,146.0,138.46,22293600.0,135.821,142.119,-0.0013703570140641,62.821298859822654,0.572076571127667,0.268474286793794,0,4.030000000000001,0.0210720192822111,-0.4206550296642213,0,0.1081749515385129,0.0794038824361386,0,0,0,0,0,0,0,0,0,0,0,0,1,4,9,2017,143.341,0.32267388410087694,143.21650000000002,146.26567874189422,140.16732125810583,-0.001367989056087482,1.7217913797978273,-0.4206550296642213,0,3.030000000000001,3.3100000000000023,4.77000000000001,145.61666666666667,144.446,0.8431093246640922,1.7216939333063337,-0.001367989056087482,0.021193257326711956,0.02838627879129385
2017-09-05,145.57,145.88,143.6,144.69,137.22,44794300.0,135.8275,142.188,-0.0089556550628341,56.06308943581602,0.5966530960645002,0.3341100486479353,1,2.280000000000001,0.0003898357143249,1.0092896616069185,0,0.1054120897484459,0.1968357023378643,0,0,0,0,0,0,0,0,0,0,0,0,5,1,9,2017,143.705,0.2790976658064188,143.223,146.2841376970041,140.16186230299593,-0.008972602739725999,1.560884720631713,1.0092896616069185,1,0.03999999999999204,2.4199999999999875,3.6399999999999864,145.63,144.902,0.8201829064313718,1.2972547937793901,-0.008972602739725999,0.00027652955409607216,0.016010111649462866
2017-09-06,145.06,145.46,144.08,145.13,137.64,30722700.0,135.8665,142.279,0.0030607783121991,57.70875385933896,0.6426130162165293,0.395810642161654,1,2.1599999999999966,-0.0072652337646991,-0.31413818275986,0,0.1063478977741137,0.1233956050551521,0,0,0,0,0,0,0,0,0,0,0,0,6,2,9,2017,143.898,0.26209079660119466,143.26399999999998,146.40324449510058,140.12475550489938,0.0030409841730596465,1.6100503787809184,-0.31413818275986005,0,-1.0699999999999932,3.1599999999999966,1.9300000000000068,145.2733333333333,145.334,0.6666583332828396,0.7276194059969895,0.0030409841730596465,-0.007318741450068389,0.015108064628943207
2017-09-07,145.4,145.84,144.94,145.47,137.96,22721100.0,135.9305,142.42780000000002,0.0023249055507121,58.98708487907217,0.6968253409371812,0.4560135819167595,0,0.8199999999999932,-0.0035699711999227,-0.2604458592506518,0,0.1070608943650988,0.0816350176011774,0,0,0,0,0,0,0,0,0,0,0,0,7,3,9,2017,144.176,0.2556494845348156,143.3315,146.59698174087984,140.06601825912017,0.0023427272100875474,1.6182789211557205,-0.2604458592506518,0,-0.5300000000000011,3.0600000000000023,2.780000000000001,145.09666666666666,145.498,0.39106691669763377,0.6192495458079417,0.0023427272100875474,-0.0036301369863013244,0.005668855858969923
2017-09-08,145.28,145.35,144.06,144.21,136.76,27890100.0,136.081,142.5116,-0.0086981733835895,52.63725108840526,0.6356318592688979,0.4919372373871873,1,-1.9899999999999807,-0.0033124895206781,0.2274977883993292,0,0.1043871571489048,0.1086121817370496,0,0,0,0,0,0,0,0,0,0,0,0,8,4,9,2017,144.37,0.1534771842203566,143.49050000000003,146.5981066353417,140.38289336465834,-0.008661579707156086,1.4742757167094223,0.22749778839932921,0,-0.47999999999998977,1.240000000000009,1.9399999999999977,144.9366666666667,145.1,0.6518691075172572,0.6906518659813612,-0.008661579707156086,-0.003317437279701352,-0.013611491108071028
2017-09-11,145.34,146.12,145.3,145.87,138.34,27126300.0,136.26,142.6772,0.0115530856975725,58.91258034799213,0.706484466403225,0.5348466831903949,1,-0.12999999999999545,0.0051798178646951,-0.0273860617208256,0,0.1079075778168935,0.104625886908847,0,0,0,0,0,0,0,0,0,0,0,0,11,0,9,2017,144.76,0.18265636870315216,143.679,146.88224772692027,140.47575227307973,0.011510990916025143,1.270625392819982,-0.027386061720825694,0,0.7400000000000091,1.2199999999999989,3.9000000000000057,145.18333333333337,145.074,0.8663332692073037,0.6495229018160582,0.011510990916025143,0.005098876869014113,-0.0008904109589040754
2017-09-12,146.28,146.41,145.53,146.22,138.67,30256700.0,136.36849999999998,142.8488,0.0023854272083272,60.112577539562295,0.780269449583642,0.5839312364690443,1,1.5300000000000011,0.0052403395223101,0.1154009208775248,0,0.1086428555513469,0.1209635372495191,0,0,0,0,0,0,0,0,0,0,0,0,12,1,9,2017,145.14100000000002,0.20861704767586597,143.7935,147.18276112892175,140.40423887107823,0.002399396723109515,1.0375125166532362,0.11540092087752485,0,0.75,0.020000000000010232,3.8100000000000023,145.43333333333334,145.38000000000002,1.0737938970470426,0.7722046360799736,0.002399396723109515,0.005155702206640633,0.010574331329048281
2017-09-13,145.97,146.44,145.73,146.42,138.86,28450900.0,136.48200000000003,143.0534,0.0013701593711692,60.816812783342364,0.8443429327069509,0.6360135757166256,0,1.289999999999992,0.015308672277069,-0.059682648801753,0,0.1090661972772443,0.1115390135512104,0,0,0,0,0,0,0,0,0,0,0,0,13,2,9,2017,145.48600000000002,0.2211513980347325,143.91299999999998,147.49049689028794,140.33550310971202,0.0013678019422787013,0.7760469630625928,-0.059682648801753,0,2.2099999999999795,0.4199999999999875,3.4499999999999886,146.17,145.63799999999998,0.27838821814569636,0.876281918096721,0.0013678019422787013,0.015324873448443022,0.00888858265003778
2017-09-14,145.85,146.29,145.47,145.56,138.04,35296400.0,136.54250000000002,143.214,-0.0059052282874839,56.220303833183365,0.8195077080006286,0.6727124021734262,1,0.09000000000000341,-0.0021496417079874,0.2406075027503522,0,0.107239143512845,0.1472658808547726,0,0,0,0,0,0,0,0,0,0,0,0,14,3,9,2017,145.577,0.1564625419546114,143.977,147.6235989634206,140.33040103657942,-0.005873514547192871,0.7183321732324575,0.24060750275035225,0,-0.3100000000000023,0.8700000000000045,0.9099999999999966,146.0666666666667,145.656,0.4500370355155697,0.8728860177498886,-0.005873514547192871,-0.0021251799547542527,0.0006186842647968316
2017-09-15,145.53,146.59,145.29,146.06,138.52,46422400.0,136.767,143.4094,0.0034772529701536,58.19842693730913,0.8290013899771509,0.7039701997341712,0,1.8499999999999943,-0.001057815946161,0.3152162826803866,0,0.1083086383993227,0.2053328044716645,0,0,0,0,0,0,0,0,0,0,0,0,15,4,9,2017,145.563,0.13319818587944,144.2135,147.75474427285388,140.67225572714614,0.0034350096180268963,0.706101188838151,0.3152162826803866,0,-0.1599999999999966,0.9300000000000068,-0.13999999999998636,146.01333333333332,146.026,0.43189504898253767,0.3299696955525936,0.0034350096180268963,-0.0010942415538229833,0.012828513972678701
2017-09-18,145.91,146.37,145.11,145.55,138.34,24858200.0,136.987,143.5652,-0.0012994513427664,55.44648391150811,0.8126331762553036,0.7257027950383976,0,-0.3199999999999932,-0.0037274266600967,-0.4645214379265182,0,0.1079075778168935,0.0927886058145208,0,0,0,0,0,0,0,0,0,0,0,0,18,0,9,2017,145.51799999999997,0.07235803380475825,144.42950000000002,147.73567286299743,141.1233271370026,-0.0034917157332602367,0.6892959370826607,-0.46452143792651823,0,-0.8699999999999761,0.0800000000000125,-0.44999999999998863,145.72333333333336,145.962,0.2916047553376841,0.3928358435569531,-0.0034917157332602367,-0.005941811227974103,-0.002193734146842985
2017-11-28,156.54,156.69,155.7,156.59,148.83,25227300.0,146.423,149.7996,0.0025597844392053,72.68459342562586,1.7086922550237773,1.6414277437023828,0,2.759999999999991,0.0058051596309791,0.1136209134169705,0,0.1312804973151222,0.0947149496494116,0,0,0,0,0,0,0,0,0,0,0,0,28,1,11,2017,154.845,0.07344956631264887,154.0595,156.79152104677524,151.32747895322478,0.0025609834176323343,1.3890384363885555,0.11362091341697056,0,0.9000000000000057,2.0500000000000114,2.719999999999999,156.34666666666666,156.046,0.2136195996143792,0.4436552715537123,0.0025609834176323343,0.005780718093647774,0.017941883897809152
2017-11-29,156.41,156.45,153.12,153.86,146.23,71986300.0,146.504,149.9608,-0.0174695961835652,54.089422736194194,1.503989398075106,1.6139400745769277,1,-1.6399999999999864,-0.0153138249421244,1.8535079061175788,0,0.1254874000133686,0.3387515559232071,0,0,0,0,0,0,0,0,0,0,0,0,29,2,11,2017,154.9,-0.1129494852276236,154.145,156.7360268234858,151.55397317651423,-0.01743406347787213,1.3311899438673778,1.8535079061175788,1,-2.3999999999999773,-0.08999999999997499,0.5500000000000114,155.54666666666665,155.718,1.474324704174515,1.0874143644340863,-0.01743406347787213,-0.015359017022910426,-0.010546623794212118
2017-11-30,154.51,155.45,154.15,155.15,147.46,56595500.0,146.649,150.1568,0.0084114066880942,59.377913788285454,1.4245898446472154,1.5760700285909852,0,-0.539999999999992,-0.0064984050562656,-0.2138017928411378,0,0.1282279806599675,0.258426514758111,0,0,0,0,0,0,0,0,0,0,0,0,30,3,11,2017,155.156,-0.15694170992564405,154.2975,156.7441293139793,151.85087068602073,0.008384245417912384,1.0551271645257814,-0.21380179284113787,0,-1.039999999999992,1.3199999999999932,2.5600000000000023,155.20000000000002,155.61,1.3656866404874495,1.1172958426386685,0.008384245417912384,-0.006658556885844158,-0.0034684308561885313
2017-12-01,154.2,155.24,152.26,154.49,146.83,59015800.0,146.776,150.35739999999998,-0.0042723450427234,55.834203157122765,1.2958911649570268,1.5200342558641935,0,-1.7699999999999818,-0.0133305345381944,0.0427648841338976,0,0.1268242686214656,0.2710581321614872,0,0,0,0,0,0,0,0,0,0,0,0,1,4,12,2017,155.151,-0.2334566918667269,154.4315,156.59576685046525,152.26723314953475,-0.004253947792458912,1.0584837163436476,0.042764884133897674,0,-2.0999999999999943,-1.009999999999991,-0.04999999999998295,154.5,155.25600000000003,0.6450581369193054,1.1400350871696314,-0.004253947792458912,-0.01341081805990163,-0.011327275054396457
2017-12-04,155.46,155.63,152.56,152.71,145.14,51319100.0,146.7495,150.5252,-0.0115099094190562,47.58577471703552,1.0454760607557887,1.4251226168425128,1,-3.4799999999999898,-0.0073708477736854,-0.1304176169771485,0,0.1230587553753258,0.2308888268404255,0,0,0,0,0,0,0,0,0,0,0,0,4,0,12,2017,155.027,-0.3972889546404923,154.4035,156.64041998069283,152.1665800193072,-0.01152178134507087,1.2669214655956051,-0.1304176169771485,0,-1.1500000000000057,-2.9799999999999898,-1.2399999999999807,154.11666666666667,154.56,1.2621146276543478,1.4479640879449702,-0.01152178134507087,-0.007474327310542095,-0.022280555733401597
2017-12-05,152.68,154.55,152.1,152.81,145.24,40604200.0,146.703,150.7254,0.0006889899407469,48.05009783132556,0.8453448416721301,1.3091670618084363,1,-3.780000000000001,-0.0150932645210327,-0.2087897098741015,0,0.1232815668100087,0.1749674463027089,0,0,0,0,0,0,0,0,0,0,0,0,5,1,12,2017,154.925,-0.48637892962060914,154.35449999999997,156.68404480532627,152.02495519467368,0.0006548359635911716,1.4072846193954343,-0.2087897098741015,0,-2.3400000000000034,-3.4499999999999886,-1.0200000000000102,153.33666666666667,153.80400000000003,1.0000666644473932,1.0571565636076765,0.0006548359635911716,-0.015082178536899749,-0.024139472507823
2017-12-06,152.24,153.74,152.06,153.5,145.89,28647800.0,146.685,150.93200000000002,0.0044753511429356,51.25860394296463,0.7307651704051921,1.1934866835277875,1,-0.36000000000001364,-0.0063455683353736,-0.2944621492357934,0,0.124729841135447,0.1125666404845347,0,0,0,0,0,0,0,0,0,0,0,0,6,2,12,2017,154.725,-0.4851906652904141,154.3355,156.6863166666124,151.98468333338758,0.004515411295072269,1.4577017680003916,-0.2944621492357934,0,-0.9900000000000091,-2.6899999999999977,-2.0,153.00666666666666,153.73200000000003,0.4301550108261778,1.064621998635589,0.004515411295072269,-0.006408181759337217,-0.0023397894189524093
2017-12-07,153.49,154.46,153.33,154.02,146.39,32666200.0,146.6625,151.1232,0.0034272397011447,53.58516209027402,0.672553004365227,1.0892999476952754,1,-1.1299999999999955,0.0085915807848273,0.1402690608004804,0,0.1258438983088611,0.1335387891329365,0,0,0,0,0,0,0,0,0,0,0,0,7,3,12,2017,154.558,-0.43722319549912925,154.3115,156.66490837935595,151.95809162064404,0.0033876221498372328,1.4302664864315697,0.1402690608004804,0,1.3100000000000023,-2.569999999999993,-1.6699999999999875,153.44333333333336,153.506,0.6069870948701678,0.7665702837828875,0.0033876221498372328,0.008578351123043726,-0.007283274250725058
2017-12-08,155.15,155.53,154.46,154.7,147.03,28081700.0,146.7105,151.329,0.0043718833253638,56.50869911183968,0.6703348913212039,1.0055069364204612,1,0.20999999999997954,0.0122744741694442,-0.1403438416467174,0,0.1272698914908313,0.109612147813357,0,0,0,0,0,0,0,0,0,0,0,0,8,4,12,2017,154.402,-0.35124261370309573,154.36200000000002,156.70320994360242,152.02079005639763,0.004415011037527394,1.3034552372608357,-0.14034384164671743,0,1.8899999999999864,0.839999999999975,-1.5600000000000023,154.07333333333335,153.548,0.6017751518125307,0.8365225639389151,0.004415011037527394,0.012368300503893703,0.001359311282283615
2017-12-11,154.77,155.95,154.76,155.9,148.17,20821500.0,146.816,151.538,0.007753519689859,61.15821710587046,0.7518980803457396,0.9547851652055168,0,3.1899999999999977,0.0155526427163676,-0.2585384787957994,0,0.1298099418462155,0.0717209489239665,0,0,0,0,0,0,0,0,0,0,0,0,11,0,12,2017,154.373,-0.2119576557618894,154.473,156.88381811840355,152.06218188159647,0.007756948933419716,1.2618157111385353,-0.2585384787957994,0,2.4000000000000057,0.75,-0.28999999999999204,154.87333333333333,154.18599999999998,0.9519103599284301,1.1825311835120984,0.007756948933419716,0.015635179153094425,0.020889267238556775
2017-12-12,155.83,156.15,155.36,155.69,147.97,20310300.0,146.90249999999995,151.74020000000002,-0.0013498009043665,59.95034772254972,0.7912778087228673,0.922083693908987,1,2.8799999999999955,0.0107756021108563,-0.0245515452777177,0,0.1293643189768499,0.0690529809792465,0,0,0,0,0,0,0,0,0,0,0,0,12,1,12,2017,154.283,-0.13606390679378555,154.564,157.0139828570875,152.11401714291247,-0.0013470173187941636,1.1089539615674209,-0.024551545277717746,0,1.6699999999999875,1.1999999999999886,-0.9000000000000057,155.43,154.762,0.6408587988050074,1.0372174313894638,-0.0013470173187941636,0.010842747695104515,0.018846934101171442
2017-12-13,156.32,156.49,155.76,155.99,148.26,24418500.0,147.03,151.94219999999999,0.001959856727715,61.13135137716286,0.8362473644744739,0.9049164280220844,0,2.490000000000009,0.0083635755132075,0.2022717537407128,0,0.13001047213743,0.0904937984880471,0,0,0,0,0,0,0,0,0,0,0,0,13,2,12,2017,154.496,-0.0710238895341424,154.698,157.15213610055002,152.24386389945,0.0019269060312159247,1.217887059162715,0.20227175374071282,0,1.2900000000000205,3.280000000000001,2.1299999999999955,155.86,155.26,0.15394804320230554,0.8629310516940699,0.0019269060312159247,0.008338720103426178,0.016221498371335574
2017-12-14,156.26,156.66,155.71,155.88,148.15,24594700.0,147.186,152.1392,-0.0007419398354241,60.427720615030886,0.8531751091291255,0.8945681642434927,1,1.8599999999999852,-0.0001318840120756,0.00721584044884,0,0.129765379559279,0.0914133915081168,0,0,0,0,0,0,0,0,0,0,0,0,14,3,12,2017,154.56900000000002,-0.04219965057023656,154.8625,157.1658095753769,152.55919042462313,-0.0007051734085519179,1.2816521455563976,0.00721584044884005,0,-0.020000000000010232,3.069999999999993,0.7299999999999898,155.85333333333332,155.632,0.15176736585693051,0.5323250886230979,-0.0007051734085519179,-0.0001282873636947457,0.012076353720295918
2017-12-15,156.49,157.82,156.23,157.65,149.84,49816200.0,147.334,152.34300000000002,0.0114073574080324,67.00813133321239,0.9915296086833224,0.9139604531314588,0,2.950000000000017,0.0126252743003233,1.0254851655031367,0,0.1335308928054188,0.2230451472157781,0,0,0,0,0,0,0,0,0,0,0,0,15,4,12,2017,154.885,0.08248761545480887,155.01799999999997,157.61448685727902,152.42151314272093,0.011354888375673555,1.6080163763636466,1.0254851655031367,1,1.960000000000008,4.150000000000006,3.1599999999999966,156.50666666666666,156.222,0.991682072712401,0.8057108662399955,0.011354888375673555,0.012589119403943805,0.01906916612798981
2018-03-01,167.3,168.07,163.0,164.48,156.65,76809900.0,155.63150000000002,163.0754,-0.0163265306122448,50.008571680543035,1.0794489907287073,0.7803252000064597,1,-0.3200000000000216,-0.0351380209730272,0.7889268521041637,0,0.1487043515073193,0.3639260672263206,0,0,0,0,0,0,0,0,0,0,0,0,1,3,3,2018,166.41199999999998,0.31778341989265657,163.406,172.0687372117607,154.74326278823932,-0.016326774714431114,1.9971691076193152,0.7889268521041637,1,-5.920000000000016,-0.8100000000000023,1.799999999999983,166.66,167.70999999999998,1.9636445706907477,2.1486623745876687,-0.016326774714431114,-0.03474178403755879,-0.001941747572815622
2018-03-02,162.5,166.28,161.96,165.99,158.09,57445100.0,155.5375,163.2224,0.0091924672837535,52.87709866240193,1.0255075807705794,0.8293616761592837,1,-2.1799999999999784,-0.0135603173838944,-0.2521133343488274,0,0.1519128361667521,0.262860602328209,0,0,0,0,0,0,0,0,0,0,0,0,2,4,3,2018,166.44099999999997,0.20934248566104008,163.3075,171.80407784052045,154.81092215947956,0.009180447470817255,1.9877650766588293,-0.25211333434882743,0,-2.299999999999983,1.170000000000016,0.29000000000002046,165.89333333333335,167.274,1.3675647455740128,2.25073987834425,0.009180447470817255,-0.013666884544536129,-0.012963073080810905
2018-03-05,165.21,168.26,164.59,167.83,159.84,38540200.0,155.6905,163.425,0.0110696438737427,56.17693006383809,1.1111602358658388,0.8857213881005948,1,-2.569999999999993,0.0039355805452514,-0.3290950838278634,0,0.1558120362737015,0.164195369155013,0,0,0,0,0,0,0,0,0,0,0,0,5,0,3,2018,166.728,0.23996546938381036,163.4685,172.17708490226875,154.75991509773127,0.01108500512079047,1.9571282817167557,-0.32909508382786345,0,0.6200000000000045,3.030000000000001,2.8700000000000045,166.10000000000002,166.76000000000002,1.6777067681819442,1.539447952991436,0.01108500512079047,0.0037079122062078085,-0.01508215962441306
2018-03-06,168.65,169.11,167.48,168.54,160.52,29480900.0,156.1865,163.64520000000002,0.0042542542542542,57.41609862232808,1.2198492364576907,0.952546957772014,1,0.25,0.0245163654117506,-0.23506105313413,0,0.1573271540295448,0.1169146140658067,0,0,0,0,0,0,0,0,0,0,0,0,6,1,3,2018,167.053,0.28348482539709496,163.9895,172.60207330883304,155.37692669116694,0.004230471310254336,1.9616435852468197,-0.23506105313413006,0,4.060000000000002,0.37000000000000455,3.25,167.45333333333335,166.81,1.3160673741629914,1.6042599539879658,0.004230471310254336,0.024683852140077844,0.0014855309287540308
2018-03-07,167.25,169.07,166.96,168.93,160.89,34609400.0,156.50150000000002,163.87279999999998,0.0023050087216545,58.116681650370026,1.3206186900671355,1.0261613042310385,1,1.7199999999999989,0.0176289068496515,0.1739600894138238,0,0.1581515563378712,0.1436804075018332,0,0,0,0,0,0,0,0,0,0,0,0,7,2,3,2018,167.464,0.3117382494814809,164.3205,173.15541590226096,155.48558409773906,0.002313990744037042,1.8702358734145377,0.1739600894138238,0,2.9399999999999977,-1.4699999999999989,4.110000000000014,168.43333333333334,167.154,0.5577036249980258,1.8733205812057796,0.002313990744037042,0.017711910356045468,0.010286466120447368
2018-03-08,169.63,169.98,168.95,169.86,161.78,25828400.0,156.96099999999998,164.12259999999998,0.0055317297532475,59.81448253196848,1.4555164820396271,1.1120323397927565,1,5.380000000000024,0.0120909927291563,-0.2537171982178252,0,0.1601345781065484,0.097852108357493,0,0,0,0,0,0,0,0,0,0,0,0,8,3,3,2018,167.97,0.36269321593878345,164.803,173.74070015160632,155.86529984839368,0.0055052388563310295,1.7500349202820573,-0.25371719821782523,0,2.030000000000001,1.5700000000000216,5.060000000000002,169.11,168.23000000000002,0.6781592733291922,1.4509135053366167,0.0055052388563310295,0.012095572901150042,0.03270914396887181
2018-03-09,171.07,173.16,170.82,173.16,164.92,38310500.0,157.8995,164.4554,0.0194090740511805,65.20443826814508,1.7951028833623184,1.2486464485066686,1,7.1699999999999875,0.0272458125260826,0.4832703535642935,0,0.1671308571555891,0.1629965580499617,0,0,0,0,0,0,0,0,0,0,0,0,9,4,3,2018,168.469,0.575627137856128,165.7885,173.80020462511095,157.77679537488905,0.019427764040974793,2.403000208069981,0.4832703535642935,0,4.6200000000000045,5.949999999999989,4.990000000000009,170.65,169.66400000000002,2.2229035066780805,2.087230222080667,0.019427764040974793,0.027411890352438517,0.04319537321525391
2018-03-12,173.67,174.48,173.28,174.08,165.8,37635000.0,158.756,164.8062,0.005335920446277,66.55139073398871,2.110903022479988,1.4210977633013326,0,6.25,0.0302767242507051,-0.017632241813602,0,0.1690915977807981,0.1594711035377192,0,0,0,0,0,0,0,0,0,0,0,0,12,0,3,2018,168.837,0.7257259723878495,166.6875,174.16620276184477,159.20879723815523,0.005313005313005492,2.950894591284694,-0.017632241813602012,0,5.150000000000006,9.600000000000023,3.680000000000007,172.36666666666667,170.91400000000002,2.2190388309658586,2.5372780691059105,0.005313005313005492,0.030486000118392198,0.03724006435083127
2018-03-13,174.48,175.21,171.27,171.71,163.54,55638900.0,159.3675,165.1058,-0.0136308805790109,60.097387041915205,2.153984008712001,1.5676750123834664,0,3.170000000000016,0.0111141139184466,0.4783818254284575,0,0.1640560593569661,0.25343399101805,0,0,0,0,0,0,0,0,0,0,0,0,13,1,3,2018,169.179,0.6169583722810219,167.3295,174.19279214007568,160.4662078599243,-0.013614430147058876,3.075987465656069,0.47838182542845753,0,1.8499999999999943,5.719999999999999,3.420000000000016,172.98333333333335,171.548,1.194836111495665,2.1644329511364493,-0.013614430147058876,0.01089132226539502,0.01880859143230107
2018-03-14,172.61,172.74,170.93,171.68,163.51,40536400.0,159.9385,165.42419999999998,-0.0001834413599119,60.01804351522652,2.1607969294497598,1.6862993957967252,0,2.75,-0.0084784014926458,-0.2714377890288988,0,0.1639892159265613,0.1746135960940782,0,0,0,0,0,0,0,0,0,0,0,0,14,2,3,2018,169.626,0.49956724375157613,167.929,174.07555643429922,161.7824435657008,-0.0001747131791974832,3.0828421230319094,-0.2714377890288988,0,-1.4799999999999898,3.8499999999999943,4.469999999999999,172.49,172.098,1.377062090103773,1.6116823508262217,-0.0001747131791974832,-0.008547008547008517,0.016278932102054
2018-03-15,171.8,172.53,170.9,171.53,163.37,28810400.0,160.36,165.685,-0.0008562167451531,59.5943849994271,2.1303421302619654,1.7751079426897731,0,1.6699999999999875,-0.014670538684076,-0.2892708775322919,0,0.1636772799180054,0.1134152547016933,0,0,0,0,0,0,0,0,0,0,0,0,15,3,3,2018,170.33100000000002,0.3741281571508053,168.37150000000003,174.20930532392316,162.5336946760769,-0.0008737185461323849,2.532212251939627,-0.28927087753229197,0,-2.5500000000000114,2.990000000000009,7.050000000000011,171.64000000000001,172.432,0.09643650761681039,1.134270690780835,-0.0008737185461323849,-0.014648437500000111,0.009831626044978226
2018-03-16,171.82,172.2,170.94,171.02,162.88,31176700.0,160.613,165.9048,-0.0029993266817653,58.09290078848979,2.043115810325532,1.828709516216925,0,-2.1399999999999864,-0.0040389847868305,0.0821335351123204,0,0.1625855038880595,0.1257650445052751,0,0,0,0,0,0,0,0,0,0,0,0,16,4,3,2018,170.834,0.226393417820826,168.6375,174.4489090374044,162.82609096259557,-0.0029732408325073845,2.022353963958777,0.08213353511232047,0,-0.6899999999999977,2.0900000000000034,5.030000000000001,171.41,172.004,0.34597687784219777,1.1931177644997337,-0.0029732408325073845,-0.004018403121542113,-0.012358512358512264
2018-03-19,169.1,169.22,165.64,167.1,159.41,71395100.0,160.728,166.04059999999998,-0.0213040275049115,48.06815335436017,1.6746836131066516,1.7979043355948705,0,-6.980000000000018,-0.02515957093183,1.2900146583827024,0,0.1548539471045654,0.3356660656084214,0,0,0,0,0,0,0,0,0,0,0,0,19,0,3,2018,170.761,-0.14570553555765065,168.7445,174.35651024589455,163.13248975410542,-0.022921295754882554,2.1518645661600906,1.2900146583827024,1,-4.5800000000000125,-2.7600000000000193,-0.7300000000000182,169.88333333333335,170.608,2.423888061222209,1.9804974122593935,-0.022921295754882554,-0.026677539608574108,-0.040096507352941235
2018-05-30,169.58,170.48,169.22,170.18,162.35,22665800.0,160.0165,163.8646,0.0071964762082015,61.26470178864228,1.5452621734529828,1.4979188785006,0,2.0,0.0037387420900714,-0.4501328222607683,0,0.1614046032842405,0.0813464052628694,0,0,0,0,0,0,0,0,0,0,0,0,30,2,5,2018,168.937,0.05179523232364569,167.7375,172.53105765585747,162.94394234414256,0.007161034503166297,0.8424705731666082,-0.45013282226076834,0,0.6299999999999955,2.719999999999999,2.3100000000000023,169.62333333333333,169.60399999999998,0.6107645481983216,0.433047341483792,0.007161034503166297,0.0037157180772633414,0.011892020454275176
2018-05-31,170.18,171.2,169.63,170.07,162.24,35670900.0,160.41,163.91299999999998,-0.0006775485063134,60.79033577719281,1.5354167056001984,1.5054184439205198,1,0.46999999999999886,0.0020720127491365,0.5737763502722162,0,0.1611595107060894,0.1492204074496428,0,0,0,0,0,0,0,0,0,0,0,0,31,3,5,2018,169.046,0.03366748428581201,168.15,172.1975078752277,164.1024921247723,-0.0006463744270772676,0.9159597273937395,0.5737763502722162,1,0.3499999999999943,1.6699999999999875,1.0900000000000034,169.73999999999998,169.698,0.6691038783346811,0.4803852620200531,-0.0006463744270772676,0.0020622201272684215,0.0027712264150943078
2018-06-01,170.92,172.84,170.87,172.74,164.79,45543300.0,160.932,164.0294,0.0157174556213017,67.39044815352588,1.713624197104707,1.5470595945573573,1,3.1899999999999977,0.0222363833231898,0.2767634121931321,0,0.1668412022905015,0.2007447555276047,0,0,0,0,0,0,0,0,0,0,0,0,1,4,6,2018,169.48700000000002,0.1766142772837136,168.697,172.06369036295754,165.33030963704246,0.015699417886752665,1.4429526056690736,0.27676341219313216,0,3.7700000000000102,4.560000000000002,4.409999999999997,170.99666666666667,170.336,1.5107724293669451,1.4247561194693725,0.015699417886752665,0.022311652956146233,0.01881450899439696
2018-06-04,173.18,174.34,173.07,174.3,166.28,20459600.0,161.382,164.2594,0.0090418107894896,70.51350168229801,1.9525773691141808,1.628163149468722,1,4.5800000000000125,0.0240817179044779,-0.5507659743584676,0,0.1701610926672757,0.0698321821023817,0,0,0,0,0,0,0,0,0,0,0,0,4,0,6,2018,170.171,0.34178581847214273,169.16850000000002,172.88264741226467,165.45435258773537,0.009030913511635985,1.9182367482162141,-0.5507659743584676,1,4.1200000000000045,4.700000000000017,6.840000000000003,172.37,171.252,2.1391353393372343,2.1942128429039194,0.009030913511635985,0.024209660359619356,0.026985623379684354
2018-06-05,174.71,175.13,174.07,174.84,166.79,24779300.0,161.792,164.58599999999998,0.0030671157084434,71.52993050058032,2.158223559502062,1.73417523147539,1,5.8700000000000045,0.0278263821192348,0.2111331599835773,0,0.1712974309841581,0.0923768243770435,0,0,0,0,0,0,0,0,0,0,0,0,5,1,6,2018,170.815,0.44635582002883556,169.5985,173.8143333695763,165.3826666304237,0.003098106712564608,2.300542206617664,0.2111331599835773,0,4.77000000000001,5.289999999999992,6.439999999999998,173.96,172.426,1.0905044704175793,2.237918675904759,0.003098106712564608,0.02804727465161405,0.03473989465585614
2018-06-06,175.02,175.89,174.14,175.86,167.76,25036600.0,162.25849999999997,164.8152,0.0058156963846753,73.39545396999267,2.372126146734672,1.8617654145272464,0,5.680000000000007,0.0179246228826084,0.0103836670123853,0,0.1734587019005815,0.0937196806997675,0,0,0,0,0,0,0,0,0,0,0,0,6,2,6,2018,171.58300000000003,0.5370753617460939,170.088,174.79608071299057,165.37991928700941,0.005833905284831964,2.58721235652633,0.010383667012385356,0,3.1200000000000045,6.140000000000015,7.680000000000007,175.0,173.562,0.7922120928137205,2.2543557838021395,0.005833905284831964,0.01806182702327197,0.03337642496180515
2018-06-07,175.89,175.93,173.55,174.43,166.4,39600300.0,162.57099999999997,165.12220000000002,-0.0081068192656175,66.78804110452296,2.40419083876327,1.9702504993744516,1,4.360000000000014,0.0007759928275012,0.5816963964755597,0,0.170428466388895,0.1697280624613465,0,0,0,0,0,0,0,0,0,0,0,0,7,3,6,2018,172.066,0.456780655538378,170.4155,175.36853331303502,165.462466686965,-0.008131468213351534,2.626430615447982,0.5816963964755597,1,0.12999999999999545,5.460000000000008,4.8300000000000125,175.04333333333332,174.43400000000003,0.7363649457528586,1.1275992195639593,-0.008131468213351534,0.0007458405048765826,0.02563650261656969
2018-06-08,173.61,174.88,173.18,174.44,166.41,31780300.0,162.801,165.466,6.009615384616751e-05,66.81054258441776,2.402712283073299,2.056742856114221,1,1.6999999999999886,-0.0022310267270959,-0.1974732514652667,0,0.1704507475323633,0.128915250787421,0,0,0,0,0,0,0,0,0,0,0,0,8,4,6,2018,172.555,0.36436305339416064,170.6565,175.89223977581344,165.42076022418655,5.732958780013675e-05,2.560330924788644,-0.19747325146526673,0,-0.4000000000000057,4.259999999999991,4.889999999999986,174.91,174.774,0.8227393268832699,0.6399843747787127,5.732958780013675e-05,-0.0022878059940517614,0.009841380108833953
2018-06-11,174.31,175.34,174.28,174.91,166.86,22319700.0,163.06099999999998,165.7616,0.0027041644131964,67.91095608319408,2.4100699698338417,2.127408278858145,1,0.6099999999999852,-0.0053425586985749,-0.2976875611621036,0,0.1714533989884361,0.0795400991093726,0,0,0,0,0,0,0,0,0,0,0,0,11,0,6,2018,173.074,0.29771740660810586,170.929,176.44697752804737,165.41102247195263,0.002694336161430888,2.4452411832841765,-0.2976875611621036,0,-0.950000000000017,4.840000000000003,5.189999999999998,174.59333333333333,174.89600000000002,0.2742869543630912,0.5826062134587768,0.002694336161430888,-0.0054020243375413335,0.0034997131382672464
2018-06-12,175.15,176.0,174.96,175.83,167.74,22511800.0,163.351,166.168,0.0052738822965359,70.00722528990532,2.458568784591193,2.193640380004755,0,0.9900000000000091,0.0080381428635785,0.0086067465064494,0,0.173414139613645,0.0805426747004929,0,0,0,0,0,0,0,0,0,0,0,0,12,1,6,2018,173.76,0.27875818761225846,171.233,177.11554740737688,165.35045259262313,0.005259847921788463,2.1044819895710423,0.008606746506449436,0,1.4000000000000057,3.0900000000000034,6.860000000000014,175.06000000000003,175.094,0.7070360669727264,0.7125517524787758,0.005259847921788463,0.008026142292036909,0.005662319835278096
2018-06-13,176.1,177.14,175.43,175.82,167.73,37858600.0,163.7305,166.5392,-5.961607249327372e-05,69.95373215831937,2.467750832796014,2.248462470563007,1,-0.040000000000020464,0.007918430637239,0.6817224744356294,0,0.1733918584701766,0.1606380785620529,0,0,0,0,0,0,0,0,0,0,0,0,13,2,6,2018,174.324,0.23069599765713367,171.6305,177.6237044016567,165.63729559834331,-5.6873116078159924e-05,1.7671647096678547,0.6817224744356294,1,1.3799999999999955,1.5199999999999818,5.639999999999986,175.51999999999998,175.086,0.5282991576749382,0.7019472914404445,-5.6873116078159924e-05,0.007911029580371487,-0.00022745365631759995
2018-06-14,176.63,177.89,176.5,177.6,169.42,35916000.0,164.1415,166.8964,0.0100757169260119,73.79245058309088,2.581637043408989,2.315097385132204,0,3.1699999999999875,0.0152899831500545,-0.0513119872367177,0,0.1771573717163164,0.1504995916109317,0,0,0,0,0,0,0,0,0,0,0,0,14,3,6,2018,175.077,0.28061994412935043,172.0615,178.4566083649957,165.6663916350043,0.010123990444772968,1.2940637971504172,-0.051311987236717704,0,2.6899999999999977,2.759999999999991,7.530000000000001,176.41666666666666,175.71999999999997,1.0248089252797277,1.209442020090228,0.010123990444772968,0.015379337945228944,0.01817347933268354
2018-06-15,176.93,177.33,176.11,176.98,168.83,49615700.0,164.554,167.22299999999998,-0.003482469602172,70.41775748070276,2.5943782392634773,2.3709535559584585,0,2.539999999999992,0.0065336312513466,0.3814372424546164,0,0.1758427842516878,0.2219987317758009,0,0,0,0,0,0,0,0,0,0,0,0,15,4,6,2018,175.501,0.2355406240592015,172.494,178.99036021169078,165.99763978830921,-0.0034909909909910386,1.1271148023879245,0.3814372424546164,0,1.1499999999999773,1.1199999999999761,4.239999999999981,176.79999999999998,176.228,0.9035485598458499,1.061823902518405,-0.0034909909909910386,0.006540408348973292,0.014560880531988118
2018-06-18,175.49,176.65,174.94,176.5,168.74,31633200.0,165.00349999999997,167.62039999999996,-0.0005330806136349,67.83140682213711,2.567615606508326,2.410285966068432,0,1.5900000000000034,0.0060601667102049,-0.3624356806414098,0,0.1756422539604732,0.1281475315294627,0,0,0,0,0,0,0,0,0,0,0,0,18,0,6,2018,175.721,0.1416758576948185,172.946,179.23303873059805,166.65896126940194,-0.0027121708667645628,1.0803852193576087,-0.36243568064140985,0,0.6800000000000068,2.069999999999993,2.1999999999999886,177.02666666666667,176.546,0.5514828495363622,0.7650359468411189,-0.0027121708667645628,0.003867591855306607,0.009090389343090699
2018-08-28,184.83,185.02,184.22,184.61,176.49,20277000.0,172.9495,178.19760000000002,0.0014753447199682,67.06377544743668,1.2613392992181218,1.0061771579591925,1,4.25,0.0209354222743431,-0.3089804931910195,0,0.1929101401483924,0.0688791872927066,0,0,0,0,0,0,0,0,0,0,0,0,28,1,8,2018,181.226,0.2702319670874227,180.9075,184.24397044045918,177.57102955954082,0.0014646848215253971,1.93894129186929,-0.3089804931910195,0,3.8100000000000023,4.75,3.160000000000025,183.81000000000003,182.65800000000002,1.1596982366100261,1.780230322163694,0.0014646848215253971,0.02107300884955743,0.023563983144821554
2018-08-29,184.93,186.84,184.86,186.74,178.53,29175600.0,173.4095,178.41240000000002,0.0115587285398606,71.85377510731576,1.5493021997590688,1.1148021663191678,0,5.680000000000007,0.0232375699637554,0.4388519011688119,0,0.1974554934159221,0.1153212443210433,0,0,0,0,0,0,0,0,0,0,0,0,29,2,8,2018,181.977,0.4572523489638771,181.3885,185.14897483704635,177.62802516295363,0.011537836520231881,2.463412493086236,0.4388519011688119,0,4.260000000000019,7.0400000000000205,7.510000000000019,185.23000000000002,183.794,1.3146482419246965,2.254635225474306,0.011537836520231881,0.023345024112231494,0.031370816303987636
2018-08-30,186.38,187.52,185.79,186.41,178.21,29315500.0,173.7385,178.59560000000002,-0.0017924158404749,70.1515463006449,1.7317312278209729,1.238187978619529,1,5.609999999999985,0.0112416574193539,0.0047951027570984,0,0.196742496824937,0.1160513865656958,0,0,0,0,0,0,0,0,0,0,0,0,30,3,8,2018,182.63600000000002,0.5188997256928931,181.73250000000002,185.9775106007005,177.48748939929953,-0.0017671629002892209,2.6930288606746275,0.0047951027570984905,0,2.069999999999993,6.049999999999983,6.590000000000003,185.92,184.916,1.1464292389830988,1.7261604791988903,-0.0017671629002892209,0.011229250298361748,0.031028761061946852
2018-08-31,186.18,187.18,185.98,186.65,178.44,28653200.0,174.0525,178.81439999999998,0.0012906121990909,70.69528203598705,1.8732727030509864,1.3652049235058206,0,4.170000000000016,0.0110569248984766,-0.0225921440875986,0,0.1972549631247075,0.1125948232445141,0,0,0,0,0,0,0,0,0,0,0,0,31,4,8,2018,183.315,0.5339274652572294,182.06099999999998,186.73846469789564,177.38353530210432,0.0012874845770076693,2.7702236171238472,-0.022592144087598687,0,2.039999999999992,5.590000000000003,6.789999999999992,186.6,185.75,0.17058722107790633,1.1740315157384293,0.0012874845770076693,0.011050322301067173,0.022851819377466054
2018-09-04,186.08,186.4,184.85,185.85,177.67,29063500.0,174.2775,179.025,-0.0043151759695135,66.35607701504256,1.9013946827548125,1.472442875355619,0,1.509999999999991,-0.0048169796108975,0.0143195175407981,0,0.1955393150776497,0.1147361910999887,0,0,0,0,0,0,0,0,0,0,0,0,4,1,9,2018,183.93,0.45135984141296115,182.2965,187.2319321999254,177.3610678000746,-0.00428609697294402,2.55262392233375,0.014319517540798188,0,-0.8900000000000148,5.049999999999983,6.150000000000006,186.3033333333333,186.052,0.4105281151499037,0.8773938681952871,-0.00428609697294402,-0.004765984791689104,0.00819138548334597
2018-09-05,185.52,185.55,182.82,183.45,175.38,42623300.0,174.35649999999998,179.2666,-0.0128890639950469,55.375116499172755,1.7190811946851454,1.5217705392215244,0,-1.160000000000025,-0.0159136277654695,0.466557709842242,0,0.190436933223413,0.1855051890202054,0,0,0,0,0,0,0,0,0,0,0,0,5,2,9,2018,184.23899999999998,0.20881266331152393,182.379,187.33360149760406,177.42439850239592,-0.012913640032284124,2.240379184171838,0.466557709842242,0,-2.960000000000008,0.9699999999999989,3.089999999999975,185.3166666666667,185.82,1.6653327995715725,1.3694159338736371,-0.012913640032284124,-0.01587897644976133,-0.0062835166025677625
2018-09-06,183.53,183.75,180.58,181.81,173.81,46091400.0,174.34650000000002,179.4614,-0.0089519899646481,49.363603723577974,1.4314101576541134,1.5036984629080423,0,-4.930000000000007,-0.0261562299292087,0.0813662949607374,0,0.1869387936988926,0.2036053056655176,0,0,0,0,0,0,0,0,0,0,0,0,6,3,9,2018,184.31400000000002,-0.07326637800977887,182.36849999999998,187.32698878188307,177.4100112181169,-0.008939765603706684,2.132068374967631,0.08136629496073744,0,-4.840000000000003,-2.530000000000001,0.75,183.70333333333335,184.834,2.031879261503834,2.113877952945309,-0.008939765603706684,-0.025930886686311272,-0.026400342722501913
2018-09-07,180.5,182.67,180.44,181.11,173.14,46629500.0,174.308,179.68900000000002,-0.0038547839594961,47.017395437595525,1.1362672066166226,1.4302122116497584,1,-5.299999999999983,-0.0256958379191912,0.0116746291065144,0,0.1854459570865176,0.2064136655071722,0,0,0,0,0,0,0,0,0,0,0,0,7,4,9,2018,184.345,-0.30518058299392314,182.32850000000002,187.3139719937094,177.34302800629064,-0.003850173257796574,2.0768365366541377,0.0116746291065144,0,-4.739999999999981,-3.5,0.3100000000000023,182.12333333333333,183.774,1.2010550917130627,2.431065609963993,-0.003850173257796574,-0.025504439063760986,-0.028431951075585937
2018-09-10,182.15,182.25,180.73,181.72,173.73,26132000.0,174.3655,179.8996,0.0034076469908743,49.279734546382954,0.9391464648452086,1.3319990622888485,1,-4.930000000000007,-0.0093991269332699,-0.4395822387115452,0,0.1867605445511463,0.0994366057518925,0,0,0,0,0,0,0,0,0,0,0,0,10,0,9,2018,184.269,-0.40919840668952623,182.3885,187.31398992487658,177.4630100751234,0.0033681188228147363,2.164714248523197,-0.4395822387115452,0,-1.7299999999999898,-5.02000000000001,-0.7599999999999909,181.5466666666667,182.788,0.38083242158473446,1.9187808629311587,0.0033681188228147363,-0.009430362496593014,-0.02641307259576753
2018-09-11,180.99,183.42,180.52,183.12,175.06,30116500.0,174.499,180.12900000000002,0.0076555574742416,54.12162853760777,0.8801014795274398,1.2416195457365669,0,-2.7299999999999898,0.0072084205056198,0.1524758916271238,0,0.1897239366324279,0.120231829295979,0,0,0,0,0,0,0,0,0,0,0,0,11,1,9,2018,184.147,-0.3762518698015469,182.52849999999998,187.369298591148,177.68770140885195,0.007704160246533087,2.194442728546473,0.15247589162712383,0,1.3100000000000023,-3.289999999999992,-1.2199999999999989,181.98333333333335,182.24200000000002,1.0305500149579985,0.9963282591352748,0.007704160246533087,0.00720532423959086,-0.014689265536723117
2018-09-12,182.85,182.98,181.01,182.58,174.55,36204000.0,174.55300000000005,180.32460000000003,-0.002913286873072,52.05735948386853,0.7831277562211767,1.149921187833489,1,-0.8699999999999761,0.0081499175920439,0.2021317218136238,0,0.1885875983155455,0.1520026721431684,0,0,0,0,0,0,0,0,0,0,0,0,12,2,9,2018,183.94400000000002,-0.3821345507327214,182.585,187.40043975147245,177.76956024852757,-0.002948885976408855,2.240268833070283,0.20213172181362382,0,1.4699999999999989,-4.069999999999993,-2.030000000000001,182.47333333333333,182.068,0.7060689295881533,0.7864922122638889,-0.002948885976408855,0.00811661421235721,-0.004742436631234526
2018-09-13,183.72,184.88,183.64,184.53,176.41,31133200.0,174.80599999999998,180.5992,0.010655972500716,58.25001975107619,0.8466027279188779,1.0892574958505667,0,2.719999999999999,0.0153982431018856,-0.1400618716163959,0,0.1927318910006461,0.1255380167165519,0,0,0,0,0,0,0,0,0,0,0,0,13,3,9,2018,183.723,-0.25226930844589157,182.85,187.47741396463093,178.22258603536906,0.010680249753532545,2.033240708268321,-0.14006187161639594,0,2.8100000000000023,-1.3199999999999932,-2.210000000000008,183.41,182.61200000000002,1.0068266980945888,1.3218812351913853,0.010680249753532545,0.015463350209112825,0.014960673230295374
2018-09-14,184.66,184.95,183.26,183.99,175.9,31224100.0,175.0055,180.82059999999998,-0.002890992574117,56.089392385441265,0.8460021760818677,1.040606431896827,0,2.8799999999999955,0.0048516930535269,0.0029197127182558,0,0.1915955526837637,0.1260124265095391,0,0,0,0,0,0,0,0,0,0,0,0,14,4,9,2018,183.481,-0.20245865847636146,183.0585,187.49277682943475,178.62422317056527,-0.0029263534384652568,1.8096129113350823,0.0029197127182558624,0,0.8700000000000045,0.5400000000000205,-2.4199999999999875,183.70000000000002,183.18800000000002,1.0068266980945324,1.1150650205034869,-0.0029263534384652568,0.004750982961992056,0.01590193804869955
2018-09-17,183.68,183.81,181.17,181.34,173.36,33071200.0,175.076,180.9352,-0.0144400227401932,46.896343402036905,0.6332695252000349,0.9591390505574688,1,-0.37999999999999545,-0.0066750428135943,0.0591562286823319,0,0.1859361422428199,0.1356524961313943,0,0,0,0,0,0,0,0,0,0,0,0,17,0,9,2018,182.95,-0.33962965905514153,183.1325,187.3969431055018,178.86805689449818,-0.014402956682428414,1.5345647229331034,0.059156228682331946,0,-1.240000000000009,-0.46999999999999886,-5.310000000000002,183.28666666666666,183.11200000000002,1.7073468696575544,1.2454597544483377,-0.014402956682428414,-0.00679154343301569,-0.002091129209773279
2018-09-18,181.49,183.73,181.4,182.84,174.8,31877300.0,175.22650000000002,181.0482,0.0083064143977849,51.71999784389263,0.5742536930254403,0.8821619790510631,0,-0.28000000000000114,-0.0090246009165254,-0.0361008974576065,0,0.1891446269022526,0.1294214966611258,0,0,0,0,0,0,0,0,0,0,0,0,18,1,9,2018,182.649,-0.3211890157100983,183.2895,187.25782193755273,179.32117806244727,0.00827175471490027,1.1494003267326158,-0.036100897457606584,0,-1.6899999999999977,1.7299999999999898,-3.009999999999991,182.72333333333336,183.05599999999998,1.328846617683799,1.2512913329639006,0.00827175471490027,-0.009158402427789536,-0.001529051987767538
2018-09-19,182.87,183.3,181.51,182.7,174.66,31843400.0,175.338,181.15580000000003,-0.0008009153318078,51.25206386752359,0.5103039248769505,0.8077903682162406,1,0.11999999999997613,-0.0069345236742162,-0.0010634526763558,0,0.1888326908936966,0.1292445715568104,0,0,0,0,0,0,0,0,0,0,0,0,19,2,9,2018,182.574,-0.31010961157227956,183.4065,187.15429014888272,179.65870985111727,-0.0007656967840735662,1.115289698281599,-0.0010634526763558805,0,-1.2900000000000205,0.9799999999999898,-0.75,182.29333333333332,183.07999999999998,0.8285730706038124,1.2409875099897478,-0.0007656967840735662,-0.007011250611446362,0.0006572461386789019
2018-09-20,183.96,184.97,183.52,184.72,176.59,33295800.0,175.513,181.3218,0.0110500400778656,57.26052531723974,0.6083455147904715,0.7679013975310869,0,0.18999999999999773,0.0185555391438427,0.0456107073993354,0,0.1931329515830752,0.1368246901853538,0,0,0,0,0,0,0,0,0,0,0,0,20,3,9,2018,182.86499999999998,-0.16567193385174606,183.5895,187.2165951186952,179.96240488130476,0.01105637657361802,1.2635773730799733,0.04561070739933548,0,3.3799999999999955,1.5999999999999943,2.9099999999999966,183.42,183.118,1.1280070921745322,1.2980832022449562,0.01105637657361802,0.01863902062424172,0.0010296428764970944
2018-09-21,185.22,185.48,183.48,183.71,175.63,38605400.0,175.652,181.4068,-0.0054363214225041,53.696754474470765,0.6016448172607056,0.7346500814770107,1,-0.28000000000000114,0.0048128033235537,0.1594675604730926,0,0.19099396181012,0.1645356498866166,0,0,0,0,0,0,0,0,0,0,0,0,21,4,9,2018,183.125,-0.13820945708499033,183.735,187.12878549706122,180.3412145029388,-0.005467734950194814,1.1218858131555363,0.15946756047309263,0,0.8700000000000045,1.1299999999999955,2.5999999999999943,183.71,183.06199999999998,1.009999999997985,1.256431454537246,-0.005467734950194814,0.004758258586742503,-0.0015218218381434223
2018-09-24,182.05,183.96,181.3,183.89,176.12,34945600.0,175.7355,181.4924,0.0027899561578319,54.24332314310987,0.6286269509082558,0.7134454553632598,0,2.549999999999983,0.0084036748131934,-0.0948002092971449,0,0.1920857378400659,0.1454350452620344,0,0,0,0,0,0,0,0,0,0,0,0,24,0,9,2018,183.342,-0.10924637124896353,183.8055,187.15030178785875,180.46069821214124,0.0009798051276466158,1.025668345781132,-0.09480020929714494,0,1.1899999999999977,-0.6400000000000148,2.1699999999999875,184.10666666666665,183.57199999999997,0.5387330817102963,0.8267829219027542,0.0009798051276466158,0.006513409961685701,0.014061983015330126
2018-12-04,171.43,171.91,165.52,165.72,158.71,70594700.0,159.7865,172.0816,-0.0384126022417449,46.69530775209712,-1.0665529486256276,-1.9676810821477344,1,2.280000000000001,-0.0136391581101976,0.3904340410110356,0,0.1532942670617856,0.3314887542959137,0,0,0,0,0,0,0,0,0,0,0,0,4,1,12,2018,164.934,0.943809625898,166.8395,176.0594923535781,157.61950764642188,-0.03835664132768535,4.629200074885147,0.3904340410110356,0,-2.430000000000007,6.509999999999991,3.6599999999999966,169.14000000000001,168.85399999999998,3.310996828751385,2.3817073707665095,-0.03835664132768535,-0.01445138269402324,0.013950073421439058
2018-12-06,162.38,166.91,161.77,166.89,159.84,71715500.0,159.62650000000002,171.7366,0.0071199042278369,48.42158968005236,-0.9783586245804656,-1.7698165906342809,0,-1.8100000000000023,-0.0137845295902595,0.0158765459729979,0,0.1558120362737015,0.3373382427005347,0,0,0,0,0,0,0,0,0,0,0,0,6,3,12,2018,165.70700000000002,0.8287101677217734,166.672,175.75956645092836,157.58443354907163,0.007060101375814476,4.181666467382067,0.015876545972997924,0,-2.480000000000018,4.0,7.72999999999999,168.31333333333336,168.492,3.5273833550289933,2.5430532829580876,0.007060101375814476,-0.014642498671547655,-0.010729104919976251
2018-12-07,166.16,167.12,160.86,161.38,154.56,80432200.0,158.9465,171.27880000000002,-0.033033033033033,41.59048839771673,-1.319307702612548,-1.6797148130299342,1,-6.77000000000001,-0.064325731046941,0.121545551519546,0,0.1440475925224482,0.3828309582399344,0,0,0,0,0,0,0,0,0,0,0,0,7,4,12,2018,165.808,0.3784132235239952,165.962,174.34639168932588,157.5776083106741,-0.0330157588830966,4.048516326313581,0.12154555151954605,0,-10.950000000000017,-2.0600000000000023,1.009999999999991,164.66333333333333,167.13799999999998,2.9030041910644373,4.09772741894399,-0.0330157588830966,-0.06354088086810195,-0.04026167112696999
2018-12-10,161.08,163.78,159.41,163.07,156.18,73960800.0,158.401,170.8236,0.0104813664596272,44.19109678032425,-1.4421674338044852,-1.6322053371848446,1,-6.300000000000011,-0.0154317623455688,-0.0804578265918376,0,0.1476571377643101,0.349056529919392,0,0,0,0,0,0,0,0,0,0,0,0,10,0,12,2018,166.194,0.20025099804326163,165.39249999999998,172.8911822175657,157.89381778243427,0.010472177469327049,3.495829896698319,-0.08045782659183764,0,-2.6500000000000057,-5.6299999999999955,3.859999999999985,163.77999999999997,165.878,2.8227823153769487,4.20696684084469,0.010472177469327049,-0.015990827902486182,-0.0371966700123989
2018-12-11,165.73,165.77,162.23,163.61,156.69,59058300.0,158.022,170.38,0.0032654629273913,45.03323485067988,-1.4813063407633251,-1.6020255379005408,1,-8.719999999999999,-0.0192862036460144,-0.2014918713696986,0,0.1487934760811924,0.2712799409205846,0,0,0,0,0,0,0,0,0,0,0,0,11,1,12,2018,166.26600000000002,0.12815037446610145,164.997,171.9777423674016,158.01625763259844,0.0033114613356228784,3.4269558892185565,-0.2014918713696986,0,-3.2799999999999727,-4.539999999999992,0.7200000000000273,162.68666666666664,164.134,1.1633715371018865,2.185298606591016,0.0033114613356228784,-0.01965366409011904,-0.05060059188765742
2018-12-12,166,167.6,164.96,165.05,158.07,53780000.0,157.9605,169.95759999999999,0.0088071989278193,47.31625562164128,-1.3850042725315177,-1.5586212848267365,1,-0.6699999999999875,0.0225540283148379,-0.0893743978407777,0,0.1518682738798155,0.24373233684661,0,0,0,0,0,0,0,0,0,0,0,0,12,2,12,2018,166.427,0.18345055884627692,164.933,171.88710411196402,157.97889588803596,0.008801418006234352,3.3154421525114435,-0.08937439784077772,0,3.670000000000016,-4.319999999999993,1.6100000000000136,163.91,164.0,1.0235233265562897,2.08182612145414,0.008801418006234352,0.02274135580617176,-0.004042964035722796
2018-12-13,166.13,166.82,164.03,165.1,158.12,46378500.0,157.895,169.5446,0.0003163155563992,47.397952324568266,-1.2897818057113568,-1.5048533890036606,0,-1.789999999999992,0.0123889774116099,-0.1376255113425065,0,0.1519796795971569,0.205103689071091,0,0,0,0,0,0,0,0,0,0,0,0,13,3,12,2018,166.067,0.2265795008075333,164.8645,171.7835966896001,157.94540331039988,0.0003029385034836185,3.235700336349116,-0.13762551134250656,0,2.030000000000001,-7.230000000000018,-3.5999999999999943,164.58666666666667,163.642,0.8461875284697955,1.5454028600883378,0.0003029385034836185,0.012448641687618833,-0.010725627658937031
2018-12-14,163.21,163.81,160.7,161.08,154.27,56547400.0,157.6975,169.0472,-0.0243485960030356,41.787304766635565,-1.5076014478812283,-1.5054030007791743,0,-0.29999999999998295,-0.015225081518817,0.2192589238548035,0,0.143401439361868,0.258175479433109,0,0,0,0,0,0,0,0,0,0,0,0,14,4,12,2018,165.36,-0.00043545884059170703,164.6585,171.76808022671062,157.54891977328938,-0.024348879466989604,3.492223106017917,0.2192589238548035,0,-2.530000000000001,-4.639999999999986,-7.069999999999993,163.74333333333334,163.58200000000002,2.3066498072612256,1.656976161557328,-0.024348879466989604,-0.015463602469286686,-0.0018589664146733131
2018-12-17,160.39,161.67,156.17,157.43,150.78,74834100.0,157.1875,168.5482,-0.0226226745316653,37.4523553074339,-1.939481777810528,-1.592218756185445,1,-5.639999999999986,-0.0466549549783017,0.3233871053311028,0,0.1356253202914373,0.3536143084916221,0,0,0,0,0,0,0,0,0,0,0,0,17,0,12,2018,164.166,-0.3612573550399416,164.1255,171.70870374248466,156.54229625751532,-0.022659548050658063,3.9764450902205235,0.3233871053311028,0,-7.6200000000000045,-9.45999999999998,-11.939999999999998,161.20333333333335,162.454,3.8364871084547585,3.248281083891981,-0.022659548050658063,-0.046167827930929994,-0.034586373949837435
2018-12-18,158.65,159.95,157.04,158.42,151.72,63642100.0,156.7525,168.11360000000002,0.0062342485740813,39.29191228643784,-2.180761446241661,-1.7099272941966883,0,-5.190000000000026,-0.0407370219606195,-0.1495574878297461,0,0.1377197477774559,0.295202928919426,0,0,0,0,0,0,0,0,0,0,0,0,18,1,12,2018,162.775,-0.4900946280688365,163.6715,171.47621722742298,155.86678277257704,0.0062885091786824,3.1504117896598776,-0.1495574878297461,0,-6.680000000000007,-2.960000000000008,-13.910000000000025,158.97666666666666,161.416,1.887599886983688,3.5970446202363937,0.0062885091786824,-0.04046032707450031,-0.03172177739746973
2018-12-19,158.18,160.72,153.34,154.53,148.0,81856500.0,156.392,167.6232,-0.0245188505141049,34.943169967553104,-2.641698377961262,-1.8962815109496032,0,-10.52000000000001,-0.0409072764716889,0.2862004867846912,0,0.1294311624072547,0.3902644221359922,0,0,0,0,0,0,0,0,0,0,0,0,19,2,12,2018,161.656,-0.7770877454746521,163.295,172.04374962494822,154.54625037505176,-0.02455498043176363,3.8888907301561937,0.28620048678469123,0,-6.550000000000011,-8.539999999999992,-11.189999999999998,156.79333333333332,159.312,2.021641247437849,3.994742795221466,-0.02455498043176363,-0.04066302458405768,-0.06373826113299008
2018-12-20,154.15,155.87,150.39,152.29,145.85,99002100.0,156.06300000000002,167.0764,-0.014527027027027,32.698891999532464,-3.144236448363074,-2.145872498432297,0,-12.810000000000002,-0.0328116289670505,0.2094592365908631,0,0.1246407165615739,0.4797478164884803,0,0,0,0,0,0,0,0,0,0,0,0,20,3,12,2018,160.196,-1.0410949432402443,162.95149999999998,172.7938071990276,153.10919280097235,-0.014495567203779314,4.411127847713413,0.20945923659086318,0,-5.140000000000015,-11.320000000000022,-14.599999999999994,155.07999999999998,156.75,3.101789805903956,3.4212643861555985,-0.014495567203779314,-0.03264943149336219,-0.07758933979406424
2018-12-21,153.05,154.09,146.72,147.57,141.33,141129400.0,155.45,166.5932,-0.030990743914981,28.5394204451665,-3.86270090297009,-2.489238179339856,0,-13.51000000000002,-0.070036621456113,0.4255192566622323,0,0.1145696397139101,0.6996114432443576,0,0,0,0,0,0,0,0,0,0,0,0,21,4,12,2018,158.815,-1.4327502586288388,162.3115,174.19501341144655,150.42798658855344,-0.030993499244861722,5.907291633602368,0.42551925666223234,0,-10.849999999999994,-17.480000000000018,-13.810000000000002,151.46333333333334,154.048,3.5528767686686105,4.354299025099162,-0.030993499244861722,-0.06848882716828675,-0.0838713682642167
2019-03-07,173.12,173.18,170.79,171.43,164.65,39407400.0,165.279,165.2316,-0.0122975404919015,53.53911366246762,1.9702151982701537,2.349821991182336,0,-1.759999999999991,-0.0171880810020322,0.4490891574062496,0,0.1665292662819456,0.1687213116465255,0,0,0,0,0,0,0,0,0,0,0,0,7,3,3,2019,173.524,-0.3906244637148433,172.082,175.89638645132322,168.26761354867676,-0.012272412998386661,0.9153287205438128,0.44908915740624966,0,-2.9899999999999807,-2.269999999999982,-0.18999999999999773,173.18000000000004,173.67000000000002,1.5943337166355693,1.311964176324586,-0.012272412998386661,-0.01714252952643036,-0.010162249552514546
2019-03-08,169.51,171.26,169.34,171.17,164.4,39303200.0,165.42000000000002,165.785,-0.0015183723048891,52.464119678871235,1.6959565710378683,2.2190489071534425,1,-3.219999999999999,-0.0194824800499968,-0.0026441734293558,0,0.1659722376952385,0.1681774887595149,0,0,0,0,0,0,0,0,0,0,0,0,8,4,3,2019,173.352,-0.5401897687664703,172.22899999999998,175.6439489015267,168.81405109847327,-0.0015166540278832574,1.1730283694528598,-0.002644173429355856,0,-3.380000000000024,-2.420000000000016,-1.7199999999999989,172.0533333333333,173.026,1.3112716474228256,1.6234931474939054,-0.0015166540278832574,-0.01936407906044124,-0.01846436148861741
2019-03-11,171.88,174.85,171.85,174.73,167.82,30518400.0,165.71599999999998,166.2304,0.020802919708029,63.32309546475844,1.734574950601882,2.1221541158431303,1,0.3100000000000023,0.0069870069112383,-0.2235136070345417,0,0.1735923887613912,0.1223293573025967,0,0,0,0,0,0,0,0,0,0,0,0,11,0,3,2019,173.47299999999998,-0.3993699451992736,172.5375,175.67435750394225,169.40064249605774,0.020798037039200912,1.2520299073403123,-0.2235136070345417,0,1.1699999999999875,1.539999999999992,1.2099999999999795,172.44333333333336,173.088,1.9845738417440537,1.6944084513362232,0.020798037039200912,0.0067411846047475965,0.0017773191147805179
2019-03-12,175.19,176.14,174.77,175.69,168.74,33953500.0,166.066,166.6832,0.0054820641163151,65.60485752591788,1.818454593273401,2.0614142113291845,1,1.1399999999999864,0.024766611519455,0.112558325469225,0,0.1756422539604732,0.1402572459702567,0,0,0,0,0,0,0,0,0,0,0,0,12,1,3,2019,173.672,-0.2489400375903572,172.902,175.7077626414291,170.09623735857087,0.0054941910376009595,1.4366535188830587,0.11255832546922506,0,4.259999999999991,1.3000000000000114,1.990000000000009,173.86333333333332,173.316,2.3813721534724626,1.991049974249615,0.0054941910376009595,0.0248497929183924,0.006531079919793736
2019-03-13,176.6,177.93,176.35,177.01,170.01,42426100.0,166.36,167.164,0.0075263719331515,68.50614574711118,1.964759674075566,2.042083303878461,0,3.4499999999999886,0.0338113557574957,0.249535393994728,0,0.1784719591809451,0.1844759963779934,0,0,0,0,0,0,0,0,0,0,0,0,13,2,3,2019,174.01399999999998,-0.07683075613740487,173.208,176.38026480610299,170.035735193897,0.0075132335363423675,1.7808125486190645,0.24953539399472802,0,5.840000000000003,2.5900000000000034,3.4199999999999875,175.80999999999997,174.006,1.1447270417002424,2.601092078331474,0.0075132335363423675,0.034118128176666485,0.01987785203964032
2019-03-14,177.13,177.34,176.66,176.71,169.72,23751500.0,166.6335,167.613,-0.0017057820128226,67.12041015858635,2.03386183511347,2.040439010125463,1,5.280000000000001,0.0113026540366439,-0.4401677269416704,0,0.1778258060203649,0.087012705727624,0,0,0,0,0,0,0,0,0,0,0,0,14,3,3,2019,174.36599999999999,-0.0033650186392781833,173.493,176.84336177151664,170.14263822848335,-0.0016948195017230105,1.9405623469005266,-0.4401677269416704,0,1.9800000000000182,2.1599999999999966,3.5200000000000102,176.47,175.06199999999998,0.691953755679878,2.3538734035537647,-0.0016948195017230105,0.01133176901505184,0.030799743335472307
2019-03-15,177.4,178.88,177.28,178.35,171.3,38192000.0,166.976,168.0824,0.0093094508602404,70.61922788296789,2.190863678261508,2.070523943752672,1,7.180000000000007,0.0151300407805693,0.6079826537271331,0,0.1813462266883536,0.1623781030393019,0,0,0,0,0,0,0,0,0,0,0,0,15,4,3,2019,174.762,0.1282355985593946,173.84949999999998,177.64440961684733,170.05459038315263,0.009280742459396585,2.3141007372645057,0.6079826537271331,1,2.6599999999999966,4.789999999999992,3.960000000000008,177.35666666666668,176.498,0.8732315462306915,1.3707370280095212,0.009280742459396585,0.015140303944447542,0.04194660279254547
2019-03-18,177.95,178.99,177.59,178.45,171.71,32935100.0,167.30450000000002,168.655,0.0023934617629888,70.82310796064445,2.3216102655910618,2.12074120812035,0,3.719999999999999,0.0099971306104066,-0.1376440092165898,0,0.1822597535705532,0.1349421861993199,0,0,0,0,0,0,0,0,0,0,0,0,18,0,3,2019,175.165,0.19080383313359617,174.175,178.35605489081897,169.99394510918106,0.0005606952621250993,2.5831903186192418,-0.1376440092165898,0,1.4399999999999977,7.019999999999982,4.030000000000001,177.83666666666667,177.24200000000002,0.9770022176700759,1.1653840568480582,0.0005606952621250993,0.008135133608270673,0.02128999027070333
2019-05-29,176.39,177.0,175.09,176.03,169.38,42178800.0,176.2185,183.905,-0.00819768122731,34.02826851516009,-1.9738532746009407,-1.065705694073352,1,-5.800000000000011,-0.0125140364462715,0.7032442516899668,0,0.1770682471424433,0.1831853303515277,0,0,0,0,0,0,0,0,0,0,0,0,29,2,5,2019,180.379,-0.9411901470106814,183.139,191.72938043395365,174.54861956604637,-0.008225815538903669,2.878253521377194,0.7032442516899668,1,-2.219999999999999,-7.009999999999991,-4.509999999999991,177.2266666666667,178.19,1.0891433942931663,1.8144558412795835,-0.008225815538903669,-0.012454417952314167,-0.03189792663476876
2019-05-30,176.5,177.27,175.77,176.77,170.09,30354800.0,175.6335,183.8594,0.0041917581768804,36.377433945909786,-2.099117086952816,-1.2723879726492449,0,-4.25,-0.0077975581201373,-0.2803304029512456,0,0.1786502083286914,0.1214755240558123,0,0,0,0,0,0,0,0,0,0,0,0,30,3,5,2019,179.747,-0.8566732341787953,182.531,191.11713277326015,173.94486722673986,0.004203828892802353,2.910521335505236,-0.28033040295124567,0,-1.3899999999999864,-3.1799999999999784,-6.319999999999993,176.76333333333332,177.34,0.7300228306927836,0.9439279633289673,0.004203828892802353,-0.007801975752132817,-0.023478068721688228
2019-05-31,174.69,175.29,173.87,173.95,167.38,45446200.0,174.9525,183.74320000000003,-0.0159327414897996,31.739189595596216,-2.389519024414227,-1.4958141830022411,0,-4.300000000000011,-0.0199386645402291,0.4971668401702531,0,0.1726120184487867,0.2002379877509374,0,0,0,0,0,0,0,0,0,0,0,0,31,4,5,2019,178.649,-0.9266249685100967,181.823,190.77946604415217,172.86653395584784,-0.015952933190021,2.8072503351911706,0.49716684017025314,0,-3.5400000000000205,-7.880000000000024,-10.980000000000018,175.58333333333334,176.48,1.4620989478600106,1.622498073944983,-0.015952933190021,-0.019944785621725303,-0.02412342215988783
2019-06-03,173.48,173.95,169.27,170.12,163.69,75842300.0,173.9425,183.49419999999998,-0.0220456446409367,26.7504870836308,-2.884169898215447,-1.7734853260448826,1,-8.039999999999992,-0.0337866279538559,0.6688369984729197,0,0.1643902765089904,0.3588761341603755,0,0,0,0,0,0,0,0,0,0,0,0,3,0,6,2019,177.357,-1.1520715475405603,180.7735,190.0446839049848,171.50231609501523,-0.022017821212992117,3.459226149811793,0.6688369984729197,1,-5.909999999999997,-10.900000000000006,-12.919999999999987,173.61333333333334,174.872,3.3377587290477413,2.967696076075955,-0.022017821212992117,-0.033573822643867546,-0.045127974854063724
2019-06-04,172.03,174.97,171.37,174.91,168.3,47797800.0,173.2195,183.4212,0.0281629910196103,39.547958488386215,-2.8710995583364536,-1.9930081725031967,1,-2.5800000000000125,-0.0098153951111259,-0.3697738597062588,0,0.1746618836478688,0.2125110578190197,0,0,0,0,0,0,0,0,0,0,0,0,4,1,6,2019,176.853,-0.9104269343819298,180.022,188.61077313706951,171.43322686293047,0.028156595344462687,3.4062069161373025,-0.36977385970625887,0,-1.8600000000000136,-3.3400000000000034,-5.039999999999992,172.99333333333334,174.356,2.534252026404374,2.6002461421867467,0.028156595344462687,-0.010522147423205341,-0.014536030198884498
2019-06-05,176.58,176.61,174.38,176.21,169.55,34412700.0,172.737,183.38100000000003,0.0074272133095663,42.48489054473029,-2.728425080558452,-2.140091554114248,1,0.18000000000000682,0.0135445596882399,-0.280035901233948,0,0.1774470265814041,0.142653824374434,0,0,0,0,0,0,0,0,0,0,0,0,5,2,6,2019,176.291,-0.609334620519586,179.5205,187.76274356592586,171.27825643407414,0.0074323938025271374,2.9231773048416687,-0.28003590123394806,0,2.2600000000000193,-1.9499999999999886,-5.6200000000000045,173.74666666666667,174.392,3.207340539034531,2.6302889575020147,0.0074323938025271374,0.012992239149181017,0.0010225529739249506
2019-06-06,176.51,178.04,175.73,177.61,170.9,29913200.0,172.34449999999998,183.35219999999998,0.007962253022707,45.55270174573805,-2.477857611295832,-2.207644765550565,1,0.8400000000000034,0.0435524573518837,-0.1307511471055744,0,0.1804549809496223,0.1191708005730494,0,0,0,0,0,0,0,0,0,0,0,0,6,3,6,2019,175.95,-0.2789948329360037,179.1125,186.87055871336673,171.3544412866333,0.007945065546790753,2.4747210841689156,-0.13075114710557445,0,7.490000000000009,0.12000000000000455,-3.4099999999999966,176.24333333333334,174.56,1.35030860670184,2.838714497788902,0.007945065546790753,0.04402774512109109,0.0047519375459637025
2019-06-07,178.56,181.77,178.33,181.04,174.2,45888300.0,172.16500000000002,183.415,0.0193095377413692,52.269922015665315,-1.9900585101778745,-2.164127514476027,1,7.090000000000003,0.0346990040736425,0.5340485136996376,0,0.1878077582941556,0.2025453207485132,0,0,0,0,0,0,0,0,0,0,0,0,7,4,6,2019,176.22899999999998,0.18254549024154887,178.926,186.3009532879907,171.55104671200928,0.019311975677045012,2.8859408248316942,0.5340485136996376,1,6.1299999999999955,5.009999999999991,2.789999999999992,178.28666666666666,175.978,2.485082158265999,3.993678755227521,0.019311975677045012,0.0350465953919159,0.040758838746766335
2019-06-10,182.25,184.85,182.21,183.15,176.23,41385300.0,172.07600000000002,183.5118,0.0116532721010333,55.876199853385174,-1.4232636758526669,-2.0159547467513548,1,13.030000000000001,0.0389250628651096,-0.0981295885879407,0,0.192330830418217,0.1790440303434382,0,0,0,0,0,0,0,0,0,0,0,0,10,0,6,2019,176.728,0.6174696866157525,178.83350000000002,185.94303240375518,171.72396759624485,0.011654882898807006,3.5999901234412905,-0.09812958858794074,0,6.939999999999998,6.3799999999999955,4.990000000000009,180.6,178.584,2.796086550877416,3.4264821610440825,0.011654882898807006,0.03938482492480566,0.07659299318128387
2019-06-11,185.06,185.4,182.78,183.4,176.47,41260300.0,172.308,183.5866,0.0013618566645861,56.297523009263834,-0.9438288207448408,-1.801529561550052,0,8.490000000000009,0.0323246665069887,-0.0030203961309933,0,0.1928655778614558,0.1783916516402105,0,0,0,0,0,0,0,0,0,0,0,0,11,1,6,2019,177.31900000000002,0.8928037722796065,179.0745,186.45493758865592,171.69406241134408,0.0013650013650012838,4.1777384897663286,-0.0030203961309933636,0,5.789999999999992,9.450000000000017,5.909999999999997,182.53,180.28199999999998,1.2964181424203565,3.2497184493355404,0.0013650013650012838,0.032599515793029665,0.048539248756503506
2019-06-12,182.9,183.28,182.0,182.34,175.45,27758100.0,172.3945,183.59259999999998,-0.0057800192667309,53.945465663980364,-0.6388148593840697,-1.5689866211168555,1,6.1299999999999955,0.0072351094988885,-0.3272443486838438,0,0.1905929012276909,0.1079232698264411,0,0,0,0,0,0,0,0,0,0,0,0,12,2,6,2019,177.95,0.9680403805921631,179.1645,186.65727111621896,171.67172888378104,-0.00577971646673936,4.430309745879042,-0.3272443486838438,0,1.3000000000000114,12.219999999999999,6.310000000000002,182.96333333333337,181.508,0.554105886387918,2.365453444891853,-0.00577971646673936,0.007180733539549289,0.03478803700130517
2019-06-13,183.1,183.87,182.74,183.42,176.49,23715800.0,172.4105,183.6064,0.0059276147050442,55.96414628049952,-0.3096009026554611,-1.3171094774245768,0,5.809999999999974,0.0015094521028993,-0.1456259614310777,0,0.1929101401483924,0.0868263863699822,0,0,0,0,0,0,0,0,0,0,0,0,13,3,6,2019,178.61499999999998,1.0482791800308682,179.18099999999998,186.7096437025566,171.65235629744336,0.005923000987166693,4.722935174936585,-0.14562596143107776,0,0.2699999999999818,8.509999999999991,6.649999999999977,183.0533333333333,182.67000000000002,0.6178457196822563,1.011385188713842,0.005923000987166693,0.0014742014742012977,0.03271212206519891
2019-06-14,182.48,183.11,181.94,182.64,175.74,22844100.0,172.3005,183.58360000000002,-0.0042495325514193,54.119124446779395,-0.1079705843905287,-1.0752816988177674,1,1.5999999999999943,-0.0041019371131061,-0.0367560866595265,0,0.1912390543882712,0.0822769582451534,0,0,0,0,0,0,0,0,0,0,0,0,14,4,6,2019,179.484,1.0063569105068104,179.0665,186.3060283686194,171.8269716313806,-0.0042525351651946375,4.566080740998808,-0.036756086659526566,0,-0.7600000000000193,6.429999999999978,8.689999999999998,182.79999999999998,182.98999999999998,0.5574943945875074,0.4805205510167537,-0.0042525351651946375,-0.004143947655398161,0.008837825894829843
2019-06-17,183.04,184.25,182.84,183.74,176.8,20379500.0,172.3345,183.5842,0.0060316376465232,56.30682557682564,0.1357907257531394,-0.8330672139035861,1,0.5900000000000034,0.0077097198001481,-0.107887813483569,0,0.1936008555959092,0.0694141378293533,0,0,0,0,0,0,0,0,0,0,0,0,17,0,6,2019,180.846,1.0077476012648963,179.10150000000002,186.42382551857983,171.7791744814202,0.006022777047744343,3.325331061210907,-0.10788781348356902,0,1.4000000000000057,6.1299999999999955,13.620000000000005,183.26666666666665,183.108,0.5658032638025201,0.5896778781244421,0.006022777047744343,0.0076779642426236805,0.003221403221403296
2019-06-18,185.91,187.72,185.43,186.41,179.37,48177300.0,172.6455,183.6192,0.0145361990950225,61.149211428270995,0.5302385815550963,-0.5604060548118496,1,3.009999999999991,0.0163183041901264,1.3640079491646016,0,0.1993271094672578,0.214491679562019,0,0,0,0,0,0,0,0,0,0,0,0,18,1,6,2019,181.996,1.134109985672831,179.42450000000002,187.40810689162774,171.4408931083723,0.014531403069554694,3.0187826832809144,1.3640079491646016,1,2.990000000000009,5.3700000000000045,11.5,184.26333333333332,183.70999999999998,1.9387195086780906,1.6122034610894558,0.014531403069554694,0.01630138479991272,0.01641221374045787
2019-06-19,186.66,187.53,185.57,187.11,180.04,31672900.0,172.8995,183.65879999999999,0.0037352957573728,62.32800004265316,0.8866836129491844,-0.2709881212596428,1,4.77000000000001,0.0243031324989186,-0.342576275548858,0,0.2008199460796327,0.1283547270056078,0,0,0,0,0,0,0,0,0,0,0,0,19,2,6,2019,183.086,1.2038724177768885,179.6885,188.29752381225921,171.0794761877408,0.0037551633496057946,2.6417931620585686,-0.34257627554885806,0,4.470000000000027,3.960000000000008,10.900000000000006,185.75333333333333,184.664,1.7783794120851093,1.97036291072178,0.0037551633496057946,0.024474375821287975,0.026159921026653654
2019-06-20,189.72,189.76,187.16,188.85,181.71,40922000.0,173.276,183.7462,0.0092757165074428,65.15793149562725,1.28906437984827,0.0410223789619397,0,5.430000000000007,0.0275472113598382,0.2920193603995844,0,0.204540897038836,0.176626053917795,0,0,0,0,0,0,0,0,0,0,0,0,20,3,6,2019,184.20999999999998,1.298128535944212,180.07999999999998,189.56336649086424,170.59663350913573,0.009299342632675955,2.4361855430136656,0.2920193603995844,0,5.109999999999985,5.449999999999989,11.23999999999998,187.45666666666668,185.75,1.2563969648670907,2.5301877400594215,0.009299342632675955,0.027811037335365052,0.02960418711154733
2019-06-21,188.63,189.77,188.17,188.57,181.45,39980400.0,173.7725,183.8082,-0.0014308513565572,64.32059359482176,1.5688890333464087,0.3465957098388336,0,5.930000000000007,0.0115801609082584,-0.0230096280729191,0,0.2039615873086606,0.1717118156221213,0,0,0,0,0,0,0,0,0,0,0,0,21,4,6,2019,184.96300000000002,1.2709253821197053,180.596,190.72592872630642,170.4660712736936,-0.00148265819433413,2.510104247500976,-0.023009628072919175,0,2.1599999999999966,6.22999999999999,7.530000000000001,188.17666666666665,186.936,0.9343090138315251,2.0527250181029792,-0.00148265819433413,0.011587361193069023,0.032468243539202746
2019-06-24,188.53,188.72,188.06,188.16,181.45,19375200.0,174.2735,183.87079999999997,0.0,63.04303426777757,1.770245795678619,0.6313257270067907,0,4.4199999999999875,0.0078448651508855,-0.5153825374433472,0,0.2039615873086606,0.0641726663761406,0,0,0,0,0,0,0,0,0,0,0,0,24,0,6,2019,185.464,1.1578269516185333,181.096,191.67293036755225,170.51906963244775,-0.002174258895900727,2.6061772771608087,-0.5153825374433472,1,1.049999999999983,4.740000000000009,5.009999999999991,188.52666666666664,187.82,0.34703506065910433,1.0284940446813797,-0.002174258895900727,0.0056116722783388084,0.024055730924131824
2019-09-04,187.44,188.49,186.9,188.33,181.61,21592100.0,179.385,188.77880000000002,0.0144109925710775,52.69726833838135,-0.403572237493961,-0.7278543149004967,1,3.9000000000000057,0.00230313432012,-0.2278663433961993,0,0.2043180856041532,0.0757427331536247,0,0,0,0,0,0,0,0,0,0,0,0,4,2,9,2019,186.243,0.33998753441987895,186.018,190.23418121053396,181.80181878946604,0.014435766226770896,2.1585954795730924,-0.22786634339619938,0,0.410000000000025,6.260000000000019,1.3600000000000136,187.15,186.892,1.3683566786456756,1.4360083565031194,0.014435766226770896,0.0021817794806302526,0.02114623434365348
2019-09-05,190.41,192.33,190.34,191.78,184.94,33932600.0,179.748,188.91580000000002,0.0183359947139474,58.06449478643373,0.0330072663658143,-0.5756819986472345,0,6.689999999999998,0.0230119355675627,0.5715284756924985,0,0.2117377063790913,0.140148168251077,0,0,0,0,0,0,0,0,0,0,0,0,5,3,9,2019,186.55800000000002,0.6346923415148603,186.3945,191.21364297360645,181.57535702639353,0.01831890829926186,2.706045905825242,0.5715284756924985,1,4.310000000000002,6.960000000000008,3.1500000000000057,188.58666666666667,188.23,3.0730495169011998,2.232856914346617,0.01831890829926186,0.022990345121886246,0.03614457831325302
2019-09-06,192.1,192.17,191.17,191.59,184.76,19487800.0,179.9085,189.0318,-0.0009732886341516,57.67636163092533,0.3603216096591666,-0.3884812769859542,0,3.670000000000016,0.0317736986508733,-0.425690928487649,0,0.2113366457966622,0.0647603291120082,0,0,0,0,0,0,0,0,0,0,0,0,6,4,9,2019,186.915,0.7795466013476215,186.561,191.83507584322228,181.28692415677773,-0.0009907185316508915,3.123624141564903,-0.425690928487649,0,5.939999999999998,7.159999999999997,3.569999999999993,190.5666666666667,188.964,1.939338375148995,2.666567081463502,-0.0009907185316508915,0.03199569081605169,0.01952958705832275
2019-09-09,192.19,192.27,190.22,191.19,184.37,24407600.0,180.13500000000002,189.12559999999996,-0.0021108465035721,56.815315171342,0.5815471309327904,-0.1944755954022053,0,3.719999999999999,0.0152518595762235,0.2524553823417728,0,0.2104676812013992,0.0904369110651256,0,0,0,0,0,0,0,0,0,0,0,0,9,0,9,2019,187.827,0.8077054877909429,186.796,192.44219305373642,181.14980694626357,-0.002087791638394565,2.8731981793408456,0.2524553823417728,0,2.859999999999985,6.099999999999994,9.120000000000005,191.51999999999998,189.708,0.30116440691371726,2.6644736816009353,-0.002087791638394565,0.01518610948866339,0.01984317490798526
2019-09-10,190.16,190.74,188.91,190.64,183.84,23744700.0,180.438,189.2036,-0.0028746542279112,55.586503112546005,0.7059654495268433,-0.0143873864163956,1,4.989999999999981,-0.005958789365635,-0.0271595732476769,0,0.2092867805975802,0.0869772163261684,0,0,0,0,0,0,0,0,0,0,0,0,10,1,9,2019,188.409,0.7498322658397703,187.1105,192.87613431029598,181.34486568970402,-0.0028767194936973883,2.7845025488288724,-0.027159573247676927,0,-1.1400000000000148,2.719999999999999,5.819999999999993,191.14000000000001,190.706,0.47696960069998884,1.398116590253861,-0.0028767194936973883,-0.005944311189905127,0.026878534877457394
2019-09-11,191,192.53,190.56,192.43,185.57,25063600.0,180.633,189.267,0.0094103568320278,58.716015504401085,0.9334046968637892,0.1751710302396413,1,4.099999999999994,0.0044248561005444,0.0555450268902113,0,0.2131414184175931,0.0938605944996646,0,0,0,0,0,0,0,0,0,0,0,0,11,2,9,2019,189.209,0.7886939089154672,187.3125,193.5101862618289,181.1148137381711,0.009389425094418868,2.6607661803805884,0.055545026890211346,0,0.8400000000000034,4.960000000000008,8.0,191.42,191.526,0.9168969407691124,0.6677799038173624,0.009389425094418868,0.004384362440628342,0.02177029681941267
2019-09-12,193.61,194.71,192.97,193.23,186.34,28689900.0,181.138,189.3314,0.0041493775933609,60.07020797422878,1.1623852502261514,0.3726138742369433,0,1.4499999999999886,0.0106850801974776,0.1446839240970969,0,0.2148570664646509,0.1127863616317818,0,0,0,0,0,0,0,0,0,0,0,0,12,3,9,2019,190.023,0.8211728196441567,187.83599999999998,194.17425023173303,181.49774976826694,0.0041573559216336875,2.5009644806202576,0.14468392409709696,0,2.039999999999992,7.579999999999984,8.139999999999986,192.1,191.81599999999997,1.3261598696957149,1.024978048517152,0.0041573559216336875,0.010670014122077465,0.007560746688914266
2019-09-13,192.95,193.4,192.29,192.54,185.67,27669800.0,181.6195,189.3534,-0.0035955779757433,58.29410868016197,1.2750921196670504,0.5531095233229648,0,0.9499999999999886,0.0099641564496454,-0.0355560667691418,0,0.213364229852276,0.1074624295104811,0,0,0,0,0,0,0,0,0,0,0,0,13,4,9,2019,190.48499999999999,0.7509886211720945,188.3355,194.5009342101806,182.1700657898194,-0.003570874087874487,2.4960335200722685,-0.0355560667691418,0,1.9000000000000057,4.2099999999999795,4.6200000000000045,192.73333333333335,192.006,0.43362810485979014,1.0600613189536892,-0.003570874087874487,0.009966428871170718,0.0049585051411868974
2019-09-16,191.3,192.08,191.11,191.68,184.85,20319000.0,181.9185,189.36599999999999,-0.0044164377659288,56.06893232608749,1.283451152765565,0.6991778492114848,1,0.4900000000000091,-0.0038626381483112,-0.2656614793023441,0,0.2115371760878768,0.0690983865369911,0,0,0,0,0,0,0,0,0,0,0,0,16,0,9,2019,190.906,0.6075756885996695,188.64550000000003,194.82890836433,182.46209163567005,-0.004466604341954894,2.276377238799527,-0.2656614793023441,0,-0.75,-0.09999999999999432,4.210000000000008,192.48333333333335,192.10399999999998,0.7765522090139383,0.9858143841219468,-0.004466604341954894,-0.0038975211765317486,0.0025628955489305216
2019-09-17,191.7,192.6,191.29,192.6,185.73,20953400.0,182.1195,189.4238,0.0047606167162563,57.91945816133735,1.3455734590077952,0.828456971170747,0,1.960000000000008,-0.0032513990254158,0.0312220089571337,0,0.2134979167130857,0.0724093389316124,0,0,0,0,0,0,0,0,0,0,0,0,17,1,9,2019,191.601,0.5379930007747382,188.85399999999998,195.2710846963451,182.43691530365487,0.004799666110183676,1.37642411099374,0.031222008957133784,0,-0.6299999999999955,1.009999999999991,6.949999999999989,192.2733333333333,192.496,0.5147167505770048,0.5526572173973169,0.004799666110183676,-0.00326036329762458,0.010281158203944596
2019-09-18,192.2,192.6,190.11,192.52,185.66,29781300.0,182.3875,189.461,-0.0003768911861303,57.69188295184353,1.3733265655052094,0.9374308900376396,1,0.09000000000000341,-3.271223580281202e-05,0.4213110998692335,0,0.2133419487088077,0.1184824105654035,0,0,0,0,0,0,0,0,0,0,0,0,18,2,9,2019,192.01999999999998,0.4532894608125313,189.13150000000002,195.6774125414313,182.58558745856874,-0.0004153686396676237,0.7774888352128866,0.42131109986923354,0,-0.01999999999998181,1.3300000000000125,4.189999999999998,192.26666666666665,192.51399999999998,0.5096403960878293,0.5514344928831787,-0.0004153686396676237,-0.0001038745195802715,0.00046770254118388976
2019-09-19,192.86,194.04,192.47,192.84,185.96,26039400.0,182.5905,189.4666,0.0016158569427986,58.39605638265055,1.4033516311028222,1.0306150382506762,0,-0.38999999999998636,0.0059995824729246,-0.1256459590414118,0,0.2140103830128562,0.0989533236085414,0,0,0,0,0,0,0,0,0,0,0,0,19,3,9,2019,192.126,0.38804269035590844,189.342,196.07787588959803,182.606124110402,0.0016621649698731478,0.8125980282694614,-0.12564595904141185,0,1.1599999999999966,2.200000000000017,1.0600000000000023,192.65333333333334,192.43599999999998,0.16653327993023495,0.441452149095919,0.0016621649698731478,0.0060517529215358135,-0.0020183201366247294
2019-09-20,193.11,193.31,190.16,190.8,184.0,29086100.0,182.7245,189.43419999999998,-0.0105399010539901,52.40759763692288,1.254529655361921,1.0753979616729252,1,-1.7399999999999807,-0.0093009352973219,0.1170034639815049,0,0.2096432788930727,0.1148541411695323,0,0,0,0,0,0,0,0,0,0,0,0,20,4,9,2019,192.047,0.18691727521362966,189.481,196.21675207382725,182.74524792617274,-0.010578718108276264,0.9037827910096244,0.11700346398150496,0,-1.799999999999983,-1.6299999999999955,-0.789999999999992,192.0533333333333,192.08800000000002,1.097147817445154,0.8425675046794512,-0.010578718108276264,-0.009345794392523255,-0.00903708320349006
2019-09-23,190.36,191.07,189.72,190.5,184.08,22485900.0,183.1495,189.3736,0.0004347826086956,51.57005882740254,1.1300163734524915,1.0863216440288386,0,-1.1800000000000068,-0.0084892615024958,-0.2269193876112645,0,0.2098215280408191,0.0804075018331841,0,0,0,0,0,0,0,0,0,0,0,0,23,0,9,2019,191.978,0.021785797357982917,189.90249999999997,195.72339297273786,184.0816070272621,-0.0015723270440252124,0.9979178322846876,-0.2269193876112645,0,-2.0200000000000102,-2.7299999999999898,-0.6899999999999977,191.38,191.852,1.273263523388514,1.1086568449894652,-0.0015723270440252124,-0.010492416372325009,-0.006156093489148584
2019-12-03,200.21,201.49,199.23,201.41,194.62,31104100.0,195.508,195.86880000000002,-0.0078507340946165,52.92213801778293,2.001774160727706,2.3686867619656864,1,-2.8100000000000023,-0.0226139990841298,0.1105830685185846,0,0.2333058532563891,0.1253861429544404,0,0,0,0,0,0,0,0,0,0,0,0,3,1,12,2019,203.34300000000002,-0.3764579101894303,202.328,205.6120682088085,199.0439317911915,-0.007832512315270934,1.598680358573351,0.11058306851858468,0,-4.6299999999999955,-0.28999999999999204,-1.6599999999999966,203.17,204.03199999999998,1.8508646627956826,1.833485751220417,-0.007832512315270934,-0.022471364783537173,-0.0137596709431006
2019-12-04,202.44,202.91,202.14,202.43,195.61,15300100.0,195.6155,196.15800000000002,0.0050868358853151,56.19614090546005,1.8181696110563903,2.2585833317838278,1,-2.180000000000007,-0.0130065946117435,-0.5081002182991953,0,0.2355116864597491,0.0429045987479548,0,0,0,0,0,0,0,0,0,0,0,0,4,2,12,2019,203.249,-0.45294823123194927,202.43900000000002,205.57599155244432,199.30200844755572,0.005064296708207294,1.624345680231936,-0.5081002182991953,1,-2.6699999999999875,0.5999999999999943,-0.9399999999999977,202.28,203.596,0.8055432949174843,1.91888769862356,0.005064296708207294,-0.01301803998049722,-0.010654415717706867
2019-12-05,203.15,203.15,201.84,202.83,195.99,14962300.0,195.7635,196.41300000000004,0.0019426409692755,57.445961318792016,1.683913401358808,2.143649345698824,1,-3.2099999999999795,-0.0008212572400259,-0.0220782870700191,0,0.2363583699115438,0.0411416105403522,0,0,0,0,0,0,0,0,0,0,0,0,5,3,12,2019,203.317,-0.4728364100851703,202.59250000000003,205.4806888788837,199.70431112111635,0.001975991700834845,1.5870311206076233,-0.02207828707001913,0,-0.1699999999999875,-1.3899999999999864,0.6800000000000068,202.22333333333336,202.954,0.732211262764996,1.3491960568907748,0.001975991700834845,-0.0008374384236452537,-0.015579499126383123
2019-12-06,204.31,205.15,204.15,205.0,198.09,16555300.0,195.9845,196.7254,0.0107148323894075,63.52596061571725,1.7270583834891229,2.0603311532568838,0,-0.09999999999999432,0.0177443092439981,0.1064675885391952,0,0.2410374100398832,0.0494555247342861,0,0,0,0,0,0,0,0,0,0,0,0,6,4,12,2019,203.647,-0.3421699367999098,202.821,205.71179850562228,199.9302014943777,0.0106986146033623,1.5562351293353154,0.10646758853919525,0,3.5900000000000034,0.38999999999998636,3.3000000000000114,203.42,202.93400000000003,1.3828593565455511,1.3095915393471558,0.0106986146033623,0.017824338414180074,-0.0004875670404680399
2019-12-09,204.63,205.59,203.98,204.07,197.19,13984100.0,196.1215,197.06619999999998,-0.0045433893684688,59.59600376497821,1.6693849833520176,1.9821419192759104,0,1.0699999999999932,0.0081140839902141,-0.1553097799496233,0,0.2390321071277377,0.0360363557603734,0,0,0,0,0,0,0,0,0,0,0,0,9,0,12,2019,203.871,-0.32104336006318945,202.963,205.80585138551214,200.12014861448785,-0.0045365853658536626,1.4209734535012388,-0.15530977994962336,0,1.6399999999999864,-1.9699999999999989,2.2399999999999807,203.96666666666667,203.148,1.0886842211212873,1.4068830796940432,-0.0045365853658536626,0.00810156597342293,0.005270935960591139
2019-12-10,204.17,204.88,203.44,203.9,197.03,21799800.0,196.2635,197.368,-0.0008114001724225,58.878957286106605,1.5924114079357423,1.9041958170078768,1,2.490000000000009,0.0053600428485161,0.5588990353329852,0,0.2386756088322452,0.0768267256069079,0,0,0,0,0,0,0,0,0,0,0,0,10,1,12,2019,203.839,-0.320448611145824,203.10999999999999,205.82450916375478,200.3954908362452,-0.000833047483706495,1.4158346576410106,0.5588990353329852,1,1.0699999999999932,-1.1999999999999886,-0.3199999999999932,204.32333333333335,203.64600000000002,0.59214300073392,1.02738989674261,-0.000833047483706495,0.005275353744515154,0.012362841964152826
2019-12-11,204.36,205.19,204.04,204.98,198.07,18780800.0,196.4295,197.7222,0.0052783840024361,62.006471651301645,1.5969203000405514,1.842740713614412,1,2.549999999999983,-7.640553845522646e-05,-0.1384875090597161,0,0.2409928477529466,0.0610704751665522,0,0,0,0,0,0,0,0,0,0,0,0,11,2,12,2019,203.876,-0.2522515448820539,203.28199999999998,206.01268196612298,200.55131803387698,0.00529671407552712,1.4427997474046044,-0.13848750905971619,0,-0.020000000000010232,1.9799999999999898,0.3699999999999761,204.3166666666667,204.156,0.5807179464405807,0.8975689388164915,0.00529671407552712,-9.756097560975618e-05,0.01259694709282222
2019-12-12,204.77,207.32,204.49,206.51,199.55,32612000.0,196.6675,198.1714,0.0074721058211744,65.9566755810774,1.7003170639398777,1.8142559836795047,1,3.6799999999999784,0.011939089651188,0.7364542511501107,0,0.2442904569862525,0.1332559177272169,0,0,0,0,0,0,0,0,0,0,0,0,12,3,12,2019,203.923,-0.1159647776699988,203.52800000000002,206.48197765734784,200.5740223426522,0.007464142843204291,1.5263613231763309,0.7364542511501107,1,2.4399999999999977,5.099999999999994,0.46999999999999886,205.13,204.892,1.3114495796576122,1.036469970586351,0.007464142843204291,0.011956681530847169,0.018143272691416357
2019-12-13,206.4,207.91,205.96,207.19,200.21,32519400.0,196.946,198.59380000000002,0.0033074417439238,67.57048592963568,1.8145986645568255,1.8143245198549691,1,2.1899999999999977,0.0160579315675344,-0.0028394456028455,0,0.2457610124551592,0.1327726355838659,0,0,0,0,0,0,0,0,0,0,0,0,13,4,12,2019,204.132,0.0018742103798805587,203.81599999999997,207.00910757728437,200.62289242271558,0.003292818749697446,1.8202307546022436,-0.0028394456028455473,0,3.289999999999992,4.759999999999991,2.0900000000000034,206.2266666666667,205.33,1.1319157801340909,1.4668844535022967,0.003292818749697446,0.016135360470818982,0.010682926829268302
2019-12-16,208.55,209.53,208.48,209.27,202.22,21296600.0,197.2535,199.00300000000004,0.010039458568503,71.9505807484083,2.0437982244184525,1.8602192607676664,1,5.200000000000017,0.0208190061336013,-0.3451109184056287,0,0.250239522292284,0.0742005098991944,0,0,0,0,0,0,0,0,0,0,0,0,16,0,12,2019,204.75900000000001,0.1913136310106316,204.13400000000001,208.08070698179029,200.18729301820974,0.010039094550895467,2.380604265027463,-0.3451109184056287,0,4.2900000000000205,6.439999999999998,6.27000000000001,207.65666666666667,206.36999999999998,1.4379615201094111,2.069722203563917,0.010039094550895467,0.02092887110937669,0.02548145244278932
2019-12-17,209.54,209.71,209.04,209.39,202.33,15996100.0,197.55900000000003,199.426,0.0005439620215608,72.18400195650678,2.208854310071672,1.9299462706284676,1,5.489999999999981,0.0138908623339877,-0.2488894940976493,0,0.2504846148704351,0.0465370433675266,0,0,0,0,0,0,0,0,0,0,0,0,17,1,12,2019,205.55700000000002,0.2901814246424821,204.45,208.97501491711498,199.924985082885,0.0005734218951591874,2.4690936258745078,-0.24888949409764938,0,2.8799999999999955,4.389999999999986,7.97999999999999,208.61666666666667,207.468,1.2369855833090964,1.879260492833322,0.0005734218951591874,0.013946055881071118,0.02692496321726323
2019-12-18,209.57,210.13,209.33,209.55,202.49,15443300.0,197.858,199.90859999999998,0.0007907873276331,72.51245688447594,2.32576315997008,2.00910964849679,1,4.570000000000022,0.011374207917697,-0.0345584236157563,0,0.2508411131659276,0.0436519637903724,0,0,0,0,0,0,0,0,0,0,0,0,18,2,12,2019,206.269,0.3289891884102065,204.759,209.76525169164654,199.75274830835343,0.0007641243612399595,2.4936428061063003,-0.03455842361575634,0,2.3600000000000136,5.480000000000018,7.1200000000000045,209.40333333333334,208.382,0.14047538330231643,1.4225048330051604,0.0007641243612399595,0.011390511125054292,0.022294858034930254
2019-12-19,209.64,210.93,209.62,210.86,203.75,17865900.0,198.2785,200.38119999999998,0.0062225295076299,75.1044770979694,2.4913668097768777,2.105561080752808,1,4.350000000000023,0.0075572788568238,0.1568706170313338,0,0.2536485372429313,0.056295584961888,0,0,0,0,0,0,0,0,0,0,0,0,19,3,12,2019,207.07199999999997,0.40075860239400196,205.1945,210.7069385710968,199.6820614289032,0.006251491290861333,2.555316027422398,0.15687061703133387,0,1.5900000000000034,6.960000000000008,8.030000000000001,209.93333333333337,209.252,0.8064944719671355,1.3177329015858903,0.006251491290861333,0.00759784011086162,0.02106435523703465
2019-12-20,211.86,212.52,211.27,211.71,204.57,27672600.0,198.762,200.8418,0.0040245398773006,76.6434915388728,2.658134719912937,2.2160758085848338,1,4.52000000000001,0.0110378567125637,0.5489060164895136,0,0.2554755910073304,0.1074770427934334,0,0,0,0,0,0,0,0,0,0,0,0,20,4,12,2019,207.743,0.45915593360948215,205.69500000000002,211.6475641533811,199.74243584661895,0.0040311106895569715,2.8182384174835176,0.5489060164895136,1,2.3200000000000216,6.730000000000018,6.710000000000008,210.7066666666667,210.156,1.0881329575529581,1.0781372825020328,0.0040311106895569715,0.011079803237977082,0.021815724697137995
2019-12-23,212,212.15,211.63,211.81,205.11,23774700.0,199.266,201.25580000000002,0.0026396832380115,76.82500417519205,2.801578128482077,2.3331762725642826,0,2.539999999999992,0.0128867526229421,-0.1408577437609766,0,0.2566787727546178,0.0871337872149431,0,0,0,0,0,0,0,0,0,0,0,0,23,0,12,2019,208.517,0.45720086069311616,206.19400000000002,212.43323200403057,199.95476799596946,0.0004723442444853898,2.7596499375428927,-0.1408577437609766,0,2.259999999999991,5.300000000000011,7.740000000000009,211.46,210.664,0.5220153254254456,1.1521631828522574,0.0004723442444853898,0.0107850155094249,0.012137430114206538
2020-03-06,204.67,209.15,202.91,208.02,201.44,89828400.0,216.009,221.0792,-0.0168862859931674,39.372881387305384,-3.5412506107568618,-1.6232688249387983,0,2.219999999999999,-0.0055631136607577,0.1413230333331216,0,0.2485015931017579,0.43187000441008,0,0,0,0,0,0,0,0,0,0,0,0,6,4,3,2020,212.84099999999998,-1.9764275769794155,223.06149999999997,245.02308489272062,201.09991510727932,-0.016872252942010446,5.497473055868923,0.14132303333312168,0,-1.4599999999999795,-8.45999999999998,-22.25,212.60999999999999,212.746,5.17593469819515,4.410247158597817,-0.016872252942010446,-0.006969639106358505,0.010787172011661905
2020-03-09,193.48,201.16,192.11,193.57,187.45,116424000.0,214.284,220.71219999999997,-0.0694499602859413,31.065719437451733,-4.992716586145434,-2.2971583771801254,1,-22.849999999999994,-0.1167167119236288,0.2960711757083505,1,0.2173302733896303,0.5706732287265829,0,0,0,0,0,0,0,0,0,0,0,0,9,0,3,2020,210.05900000000003,-2.779722635013841,221.27999999999997,246.49962965628495,196.060370343715,-0.06946447456975302,7.400380545770963,0.2960711757083505,0,-24.650000000000006,-12.069999999999993,-27.819999999999993,204.39333333333335,208.17600000000002,9.541731149708705,9.049824860179685,-0.06946447456975302,-0.11295939877188166,-0.10558173921079383
2020-03-10,201.11,204.3,193.68,204.11,197.66,100599200.0,212.935,220.5186,0.0544678580954922,40.86622598462399,-5.258535038815751,-2.88943370950725,0,-5.369999999999976,-0.0318683881836164,-0.135923864495293,1,0.240079320870747,0.4880831287038801,0,0,0,0,0,0,0,0,0,0,0,0,10,1,3,2020,208.933,-2.443121588317002,219.887,245.66246282804954,194.11153717195046,0.05445058635119082,7.359014200285413,-0.13592386449529303,0,-7.47999999999999,-1.6899999999999977,-11.259999999999991,201.9,207.102,7.474202298572758,9.174174077263176,0.05445058635119082,-0.03535138711659336,-0.025634905480236614
2020-03-11,199.35,200.75,192.73,195.22,189.05,89168800.0,211.154,220.15079999999998,-0.0435596478801982,36.192362318273126,-6.093708640892885,-3.5302886957843778,0,-23.0,-0.0585417500706473,-0.1136231699655663,1,0.2208952563445556,0.4284275324688881,0,0,0,0,0,0,0,0,0,0,0,0,11,2,3,2020,206.80700000000002,-2.64410976939138,218.04749999999999,245.30806116443966,190.7869388355603,-0.043554945862525174,7.981131985989129,-0.11362316996556632,0,-12.800000000000011,-21.19999999999999,-21.25999999999999,197.63333333333333,202.502,5.669306247974898,7.88089271592588,-0.043554945862525174,-0.0615325449476013,-0.10539822197782056
2020-03-12,182.09,190.78,176.94,177.32,171.71,137820700.0,208.3965,219.45300000000003,-0.0917217667283787,29.000346310510523,-8.061850823250808,-4.436601121277664,1,-34.27000000000001,-0.0808135565130847,0.5456157310628831,1,0.1822597535705532,0.6823432399214014,0,0,0,0,0,0,0,0,0,0,0,0,12,3,3,2020,203.975,-3.7404830210138718,215.2,246.66135915691098,183.738640843089,-0.09169142505890793,12.298171725007618,0.5456157310628831,1,-16.25,-32.16,-28.319999999999993,192.21666666666667,195.648,13.645183521423666,11.885796986317006,-0.09169142505890793,-0.083948959032908,-0.1619641760007562
2020-03-13,187.07,194.48,178.13,192.34,186.26,134882000.0,206.381,219.04760000000002,0.0847358919107796,39.80889990475648,-8.351285857026937,-5.219538068427519,0,-15.680000000000007,-0.0505455226977973,-0.0213226315060074,1,0.2146788173169047,0.6670060775599993,0,0,0,0,0,0,0,0,0,0,0,0,13,4,3,2020,202.629,-3.231189780539272,213.11849999999998,244.84451284435434,181.39248715564563,0.08470561696368151,12.80247671351126,-0.02132263150600744,0,-11.77000000000001,-25.879999999999995,-13.460000000000008,188.29333333333332,192.512,9.61166652216644,9.666859365892645,0.08470561696368151,-0.057664984567145194,-0.07537736756081148
2020-03-16,174.15,184.68,169.16,169.3,163.95,92054400.0,203.2175,218.1104,-0.1197788038226135,31.809382114282997,-10.262594947797112,-6.228149444301439,1,-24.269999999999982,-0.1267646786402125,-0.3175190166219361,1,0.1649695862391657,0.4434875643571591,0,0,0,0,0,0,0,0,0,0,0,0,16,0,3,2020,197.917,-4.163729632768199,209.8515,245.28063957465133,174.42236042534864,-0.11978787563689297,15.541098952991112,-0.31751901662193616,0,-25.919999999999987,-42.28999999999999,-47.119999999999976,179.65333333333334,187.658,11.695885316355602,14.086018600014423,-0.11978787563689297,-0.13277328142608336,-0.1253809991217646
2020-03-17,175.47,184.39,169.78,182.14,176.38,121257100.0,200.671,217.46959999999999,0.0758157974992377,39.14817260256583,-10.65153973460798,-7.112827502362746,0,-21.970000000000027,0.0407728855874038,0.3172330708798276,1,0.1926650475702412,0.5958973208111417,0,0,0,0,0,0,0,0,0,0,0,0,17,1,3,2020,195.183,-3.6518294947052734,207.22200000000004,242.6813336654839,171.76266633451618,0.07584170112226807,15.685077869675073,0.31723307087982766,0,4.819999999999993,-25.880000000000024,-27.340000000000003,181.26,183.26399999999998,11.545180812789715,10.687697600510486,0.07584170112226807,0.027182494924430367,-0.10763803831267471
2020-03-18,171.61,179.22,166.8,176.6,171.02,114156300.0,197.7475,216.6904,-0.0303889329855991,37.28373153591124,-11.262461835561112,-7.94275436900242,1,-18.620000000000005,-0.0743519393089749,-0.0585598698962782,0,0.1807223546712417,0.5588380352441071,0,0,0,0,0,0,0,0,0,0,0,0,18,2,3,2020,191.02100000000002,-3.426062408153408,204.203,239.29346257888466,169.11253742111535,-0.030416163390798223,14.358880682157466,-0.05855986989627826,0,-15.740000000000009,-16.97,-41.620000000000005,176.01333333333332,179.54,6.440072463361406,8.500435282970052,-0.030416163390798223,-0.08183425184568993,-0.09537957176518796
2020-03-19,175.69,183.49,171.63,177.66,172.04,120896500.0,194.9815,215.933,0.0059642147117295,37.89320814959807,-11.531389842455326,-8.660481463693001,0,0.3400000000000034,0.0513910792253681,0.0590436095073159,0,0.1829950313050065,0.5940153387280703,0,0,0,0,0,0,0,0,0,0,0,0,19,3,3,2020,187.62800000000001,-2.962467788263808,201.34699999999998,235.297393281965,167.39660671803497,0.006002265005662588,12.892311059093819,0.05904360950731591,0,8.359999999999985,-26.450000000000017,-33.93000000000001,178.79999999999998,179.608,2.9406801934263567,8.479570743850308,0.006002265005662588,0.049379799173065564,0.0019174374013084527
2020-03-20,181.74,182.87,170.1,170.7,165.3,118983900.0,192.097,215.00400000000002,-0.0391769355963728,35.45672447534565,-12.148340390962687,-9.35805324914694,1,-21.640000000000015,-0.0636016538702424,-0.0158201436766159,0,0.167977540607384,0.5840334226657238,0,0,0,0,0,0,0,0,0,0,0,0,20,4,3,2020,183.89600000000002,-2.8791754744740956,198.36849999999998,232.09805812043913,164.63894187956083,-0.039175954069571084,11.677853874368237,-0.015820143676615994,0,-11.439999999999998,-24.52000000000001,-37.32000000000002,174.98666666666668,175.28,3.7500044444436242,5.272646394360932,-0.039175954069571084,-0.06280882837377844,-0.11250909847145685
2020-03-23,170.92,174.21,164.93,170.46,165.42,124639800.0,189.6485,214.0334,0.0007259528130669,35.37226435851633,-12.483690930209605,-9.983180785359473,0,1.1599999999999966,-0.0324867680715762,0.0475350026348102,0,0.1682449143290033,0.6135517323264086,0,0,0,0,0,0,0,0,0,0,0,0,23,0,3,2020,181.58499999999998,-2.6031986750323313,195.822,229.90313002821463,161.74086997178537,-0.0014059753954304144,11.836305025921368,0.04753500263481025,0,-6.139999999999986,-6.859999999999985,-23.109999999999985,172.93999999999997,175.512,4.08940093412415,4.959991935473996,-0.0014059753954304144,-0.03476783691959218,0.0068517424689900075
2020-06-03,236.26,237.47,235.35,236.69,229.7,37228700.0,220.892,212.80780000000001,0.0045043075173831,68.9716283683633,5.748272334496193,5.561759029531061,0,6.400000000000006,0.0142429790930518,0.1151859906420555,0,0.3114681045431251,0.1573506118007478,0,0,0,0,0,0,0,0,0,0,0,0,3,2,6,2020,231.898,0.19554493842650178,227.619,237.8516788281568,217.3863211718432,0.004498578279505949,2.8388683191288595,0.11518599064205559,0,3.329999999999984,7.030000000000001,9.829999999999984,235.46,233.946,1.323215779818628,2.5676701501353043,0.004498578279505949,0.014269797737401335,0.027791046072343617
2020-06-04,236.33,237.79,233.68,235.03,228.08,38716100.0,221.66950000000003,213.83520000000001,-0.0070526774053111,65.45505008548766,5.635947124721156,5.57659664856908,1,5.039999999999992,0.0041875638974026,0.0399530469771975,0,0.3078585593012634,0.165113396466195,0,0,0,0,0,0,0,0,0,0,0,0,4,3,6,2020,232.26200000000003,0.06461543975553408,228.4205,238.333383485657,218.507616514343,-0.007013393045755989,2.9955329705743825,0.03995304697719759,0,0.9699999999999989,5.990000000000009,3.640000000000015,235.78333333333333,234.954,0.8405553719381907,1.3054233029537703,-0.007013393045755989,0.004144236520550182,0.02191399626070689
2020-06-05,236.22,240.3,235.63,239.69,232.61,47365600.0,222.537,214.983,0.0198614521220623,70.06863800914677,5.845083246695509,5.630293968194366,1,6.329999999999984,0.0173130822341344,0.2234083494980123,0,0.3179519172923954,0.2102553932147395,0,0,0,0,0,0,0,0,0,0,0,0,5,4,6,2020,233.34399999999997,0.22426533953749228,229.314,239.88560801393123,218.74239198606875,0.019827256094966605,3.5390086496423425,0.22340834949801236,0,4.060000000000002,9.400000000000006,10.819999999999993,237.13666666666666,236.21999999999997,2.361891897037914,2.1616891543173455,0.019827256094966605,0.01723040359886263,0.027125471374700005
2020-06-08,239.54,241.68,237.91,241.55,234.41,32937300.0,223.347,215.976,0.0077382743648166,71.69362610586364,6.085915442012208,5.721418262957934,1,7.490000000000009,0.0205470490815679,-0.3046155859948992,0,0.3219625231166862,0.1349536680644967,0,0,0,0,0,0,0,0,0,0,0,0,8,0,6,2020,234.533,0.37847506049323254,230.1485,241.76528316059222,218.5317168394078,0.007760023363511337,4.114346309631386,-0.30461558599489924,0,4.860000000000014,11.560000000000002,11.890000000000015,238.75666666666666,237.71800000000002,3.35871006984712,2.7935139161800175,0.007760023363511337,0.020533186868900266,0.032000341792702836
2020-06-09,240.66,244.18,240.47,243.3,236.11,35046300.0,224.144,217.13600000000002,0.0072522503306173,73.16954190037994,6.34085900880433,5.845306412127214,1,7.670000000000016,0.0348519768174964,0.0640307493328233,0,0.3257503175062944,0.1459606015453546,0,0,0,0,0,0,0,0,0,0,0,0,9,1,6,2020,235.959,0.5133084901221103,230.96999999999997,243.80327238081625,218.1367276191837,0.00724487683709385,4.455995835827455,0.06403074933282338,0,8.27000000000001,9.939999999999998,14.26000000000002,241.51333333333335,239.252,1.8052792950928367,3.4002970458313606,0.00724487683709385,0.03518699740458664,0.032551033399821794
2020-06-10,245.05,247.82,244.51,246.22,238.94,58084400.0,225.313,218.21959999999999,0.0119859387573588,75.46801544890498,6.6940956037690285,6.015064250455578,0,9.530000000000001,0.0269764634527929,0.6573618327754998,0,0.3320558811078185,0.2661971279679969,0,0,0,0,0,0,0,0,0,0,0,0,10,2,6,2020,237.552,0.7024257773316291,232.175,245.9493522533812,218.40064774661883,0.012001644060830152,5.016386038664943,0.6573618327754998,1,6.530000000000001,12.159999999999997,15.930000000000007,243.68999999999997,241.158,2.359300743855322,4.185483245682266,0.012001644060830152,0.02724352288372489,0.040263635979551404
2020-06-11,242.16,243.59,233.96,234.02,227.1,72919400.0,226.025,219.092,-0.0495521888340169,54.47166771338752,5.950060507473353,6.0020635018591335,1,-1.009999999999991,-0.0303139997460406,0.2554042049156055,1,0.3056750072413716,0.3436214324670614,0,0,0,0,0,0,0,0,0,0,0,0,11,3,6,2020,237.95499999999998,-0.05087075323315027,232.90899999999996,245.37138805366888,220.44661194633105,-0.049549183656892204,4.473927556163788,0.25540420491560556,0,-7.530000000000001,-1.6099999999999852,4.030000000000001,241.18000000000004,240.956,6.370306115090353,4.562557396886881,-0.049549183656892204,-0.03117367004760918,-0.004297323745904746
2020-06-12,239.09,240.4,231.74,235.88,228.91,72034800.0,226.707,220.1634,0.007970057243505,56.46051707868066,5.443707534506956,5.890392308388698,1,-3.8100000000000023,-0.0295961928331529,-0.0121312023960701,0,0.3097078942091308,0.3390046788600596,0,0,0,0,0,0,0,0,0,0,0,0,12,4,6,2020,238.20700000000002,-0.45797266028042305,233.61149999999998,245.03750590758784,222.1854940924121,0.007948038629177034,4.251807589461435,-0.012131202396070129,0,-7.420000000000016,-0.8100000000000023,2.519999999999982,238.70666666666668,240.19400000000002,6.572863404429775,5.111935054349596,0.007948038629177034,-0.030497328401150936,-0.01589553172848268
2020-06-15,232.44,239.45,231.47,238.75,231.69,45307400.0,227.458,221.2182,0.0121445109431654,59.40713286946625,5.206722070963423,5.753658260903643,1,-2.8000000000000114,-0.0294376206473463,-0.3710345555203873,0,0.3159020520933134,0.1995135864388734,0,0,0,0,0,0,0,0,0,0,0,0,15,0,6,2020,238.67600000000002,-0.5612458767529382,234.3855,244.97081147393575,223.80018852606426,0.012167203662879489,3.9944188841740904,-0.37103455552038733,0,-7.469999999999999,3.719999999999999,4.689999999999998,236.21666666666667,239.63400000000001,2.382904390296337,5.079515724937657,0.012167203662879489,-0.03033872146860528,-0.011591802939350027
2020-06-16,243.78,244.39,239.1,242.85,235.67,48890100.0,228.206,222.40779999999998,0.0171781259441494,63.235036753199765,5.27920671267762,5.658767951258439,1,-0.45000000000001705,0.03729269413082,0.0790753828292949,0,0.3247699471936899,0.2182118038793047,0,0,0,0,0,0,0,0,0,0,0,0,16,1,6,2020,239.398,-0.3888964840774438,235.1565,245.84877810151974,224.46422189848025,0.017172774869109952,4.034982582920184,0.07907538282929494,0,8.829999999999984,3.1599999999999966,7.219999999999999,239.16,239.544,3.503041535574298,5.001712706652493,0.017172774869109952,0.037731817793351,-0.0018495684340321672
2020-06-17,244.4,245.5,242.73,243.62,236.42,34749300.0,229.019,223.35060000000001,0.0031824160902957,63.92310575410732,5.335663834104082,5.5941471278275685,1,-2.5999999999999943,0.0325050529776107,-0.2892364711874183,0,0.3264410329538111,0.1444105497464856,0,0,0,0,0,0,0,0,0,0,0,0,17,2,6,2020,240.09099999999998,-0.2644534664031273,235.99450000000002,246.58107730337062,225.4079226966294,0.0031706814906320435,4.112572728167817,-0.28923647118741835,0,7.740000000000009,2.069999999999993,6.930000000000007,241.74,239.02400000000003,2.6178808223365486,4.2059873989218906,0.0031706814906320435,0.03281329489570983,-0.010559662090813049
2020-06-18,243.29,244.53,242.49,244.28,237.06,30578600.0,229.6445,224.3082,0.0027070467811523,64.53577519819888,5.37014546674186,5.549346795610427,0,10.259999999999991,0.0230675888155975,-0.1200225616055575,0,0.3278670261357812,0.1226435428860711,0,0,0,0,0,0,0,0,0,0,0,0,18,3,6,2020,241.016,-0.1829779451742315,236.63899999999998,247.5890555249845,225.68894447501546,0.0027091371808554143,3.881538068575855,-0.12002256160555758,0,5.530000000000001,0.9799999999999898,9.25,243.58333333333334,241.07600000000002,0.7157047808209444,3.6157060167949435,0.0027091371808554143,0.023162303664921557,0.04384240663191186
2020-06-19,246.73,247.0,242.45,244.24,237.02,49422100.0,230.39,225.1816,-0.0001687336539272,64.46432272903016,5.332771868760148,5.506031810240371,1,8.360000000000014,0.0057207292175208,0.6162316129580818,0,0.3277779015619081,0.2209883276402418,0,0,0,0,0,0,0,0,0,0,0,0,19,4,6,2020,241.471,-0.1769600206759847,237.40749999999997,248.22530546137924,226.5896945386207,-0.0001637465203864208,3.9743998848216715,0.6162316129580818,1,1.3900000000000148,-1.9799999999999898,4.550000000000011,244.04666666666665,242.748,0.3700450422445176,2.3091058875428496,-0.0001637465203864208,0.0057236977558163815,0.03544175004239447
2020-06-22,243.68,246.87,243.38,246.74,239.86,24068700.0,231.2395,226.09920000000002,0.0119821112142435,66.92883457763276,5.469270937364144,5.498679635665126,0,7.990000000000009,0.0145204243414686,-0.5129972218906117,0,0.3341057463069005,0.0886681819249347,0,0,0,0,0,0,0,0,0,0,0,0,22,0,6,2020,241.99,-0.056052731718983395,238.2615,249.19411226790058,227.32888773209945,0.01023583360628888,4.3105194324819065,-0.5129972218906117,1,3.1200000000000045,12.719999999999999,5.189999999999998,245.08666666666667,244.346,1.431968342279014,1.4587597471424303,0.01023583360628888,0.012806830309498363,0.033465968586387396
2020-09-01,297.62,300.04,295.79,299.92,291.56,36216200.0,272.207,266.485,0.0170934207772273,79.7392223891185,8.49511530215284,7.026968179441287,1,14.060000000000002,0.0302002804800256,-0.0028853831116985,0,0.4492992580379225,0.1520663443046034,0,0,0,0,0,0,0,0,0,0,0,0,1,1,9,2020,287.773,1.5142566800576418,280.009,299.0443175965201,260.9736824034799,0.01709169831795987,7.471418205404574,-0.002885383111698503,0,8.870000000000005,18.05000000000001,21.94999999999999,295.77666666666664,294.068,3.775716267580388,3.5645013676259905,0.01709169831795987,0.030475863253736524,0.049184915692996656
2020-09-02,303.28,303.5,296.89,302.76,294.32,50836800.0,273.748,267.56340000000006,0.0094663191109891,81.19374586498108,9.068055325591729,7.435185608671376,0,10.800000000000011,0.0345771813397954,0.4037033150910365,0,0.4554488536351685,0.2283716888518917,0,0,0,0,0,0,0,0,0,0,0,0,2,2,9,2020,290.43899999999996,1.683520973619249,281.59450000000004,302.5648824237994,260.62411757620066,0.009469191784475806,7.598790035265668,0.4037033150910365,0,10.230000000000018,19.129999999999995,26.659999999999968,299.18666666666667,296.228,3.9908562155595133,4.964923967172456,0.009469191784475806,0.034970772228489544,0.036991368680641123
2020-09-03,298.1,298.62,284.41,287.41,279.4,110083300.0,274.3685,268.4374,-0.0506931231312857,57.26466283465439,8.223400867310602,7.592828660399221,0,-3.6399999999999864,-0.0241333832430692,1.1654254398388568,1,0.4222053875804905,0.5375809275781355,0,0,0,0,0,0,0,0,0,0,0,0,3,3,9,2020,291.187,0.6521268376241629,282.23300000000006,303.09486003213516,261.37113996786496,-0.0507002246003434,6.772618154504211,1.1654254398388568,1,-7.46999999999997,1.5500000000000114,7.480000000000018,296.69666666666666,295.5,8.16688639159811,6.060061880856064,-0.0507002246003434,-0.025332338578404667,-0.012506442192063205
2020-09-04,285.56,288.93,271.8,283.58,275.68,123959000.0,274.957,269.1884,-0.0133142448103077,53.06255929626717,7.171168447092498,7.508496617737878,0,-8.949999999999989,-0.0545410488306042,0.1260472751089403,0,0.4139168022102893,0.6099986169571492,0,0,0,0,0,0,0,0,0,0,0,0,4,4,9,2020,291.358,-0.344056198286129,282.8385,303.1102816434668,262.5667183565332,-0.013325910719877654,6.528422984666372,0.12604727510894032,0,-16.340000000000032,-8.379999999999995,1.7099999999999795,291.25,293.71,10.150236450444831,8.126229137786359,-0.013325910719877654,-0.05448119498532955,-0.030595152633917877
2020-09-08,272.22,278.22,269.66,269.95,262.43,99568600.0,274.9395,269.783,-0.0480629715612304,41.41532357203704,5.208067052937679,7.048410704777838,1,-24.930000000000007,-0.1120703395028238,-0.1967618325414047,1,0.3843942871148147,0.4827043967715083,0,0,0,0,0,0,0,0,0,0,0,0,8,1,9,2020,289.99,-1.8905769697006267,282.8205,303.1373368355016,262.50366316449833,-0.04806403836659845,9.210193628079663,-0.19676183254140478,0,-32.81,-21.100000000000023,-13.680000000000007,280.31333333333333,288.72400000000005,9.176940303460423,13.257169003969787,-0.04806403836659845,-0.1083696657418417,-0.08454286489419427
2020-09-09,275.64,280.05,273.0,277.88,270.14,64837900.0,275.5565,270.48380000000003,0.029379263041573,48.49833520265878,4.225716193666017,6.483871802555474,0,-22.04000000000002,-0.0319979533299651,-0.3488117739930058,0,0.4015730487288607,0.3014438445459836,0,0,0,0,0,0,0,0,0,0,0,0,9,2,9,2020,289.192,-2.320749758326368,283.45500000000004,302.2666533032161,264.64334669678396,0.029375810335247277,9.925702661947179,-0.3488117739930058,0,-9.53000000000003,-14.649999999999977,-7.980000000000018,277.13666666666666,284.316,6.845336612123402,12.22803868164577,0.029375810335247277,-0.033158206047110506,-0.07348626300346761
2020-09-10,280.94,282.2,270.56,272.34,264.75,69667500.0,275.58,270.97860000000003,-0.0199526171614717,44.45469236009809,2.977940264679262,5.782685494980232,0,-30.420000000000016,-0.0386363256811291,0.0744872983239741,0,0.3895635123994563,0.3266496700268518,0,0,0,0,0,0,0,0,0,0,0,0,10,3,9,2020,287.22999999999996,-2.883001363673154,283.479,302.2325552896084,264.72544471039157,-0.01993666330790278,11.177903798717537,0.07448729832397416,0,-11.240000000000009,-22.54000000000002,-19.620000000000005,273.38999999999993,278.23199999999997,4.067935594370345,7.353024547751509,-0.01993666330790278,-0.03963608152902187,-0.1004756242568372
2020-09-11,274.15,275.22,266.9,270.45,262.91,71809000.0,275.481,271.3778,-0.0069499527856466,43.13340752684273,1.8196207731405707,4.990072550612299,1,-16.960000000000036,0.0024766930944545,0.030738866759967,0,0.3854637820012924,0.337826221970549,0,0,0,0,0,0,0,0,0,0,0,0,11,4,9,2020,285.16999999999996,-3.2590578381063624,283.3775,302.38828628043564,264.36671371956436,-0.006939854593522754,12.243137760487357,0.030738866759967065,0,0.5,-29.470000000000027,-20.600000000000023,273.5566666666667,274.84,3.861532510970018,5.810839009974573,-0.006939854593522754,0.00185219485089827,-0.05900977697366139
2020-09-14,274.36,277.22,272.96,275.16,267.49,38525200.0,275.6265,271.8372,0.0174204100262447,47.33437993215659,1.2567252082810114,4.243403082146042,1,-8.419999999999959,-0.0094821599208737,-0.4635045746354913,0,0.3956685457097658,0.1641170837106257,0,0,0,0,0,0,0,0,0,0,0,0,14,0,9,2020,283.433,-3.070072676639044,283.52750000000003,302.2266709709388,264.82832902906125,0.01741541874653363,12.314889858308526,-0.46350457463549133,0,-2.7199999999999704,-27.599999999999966,-17.369999999999948,272.65000000000003,273.156,2.370253151025286,3.3391211418343874,0.01741541874653363,-0.009788397869583854,-0.02969179772903574
2020-09-15,279.03,280.45,275.13,279.06,271.28,41849900.0,275.808,272.2506,0.0141687539721109,50.58931184990753,1.103724692128594,3.615467404142553,0,9.110000000000014,0.0246392112127089,0.0862993573037906,0,0.4041130990842448,0.1814687915075949,0,0,0,0,0,0,0,0,0,0,0,0,15,1,9,2020,281.851,-2.581532269962612,283.7145,302.1546252436202,265.27437475637976,0.014173571740078383,11.680804243622301,0.08629935730379068,0,6.720000000000027,-8.350000000000023,-15.819999999999993,274.89000000000004,274.97799999999995,4.311345497631171,3.6255785744956865,0.014173571740078383,0.02467503855474784,0.033746990183367354
2020-09-16,279.88,280.36,274.25,274.61,266.96,42321000.0,275.645,272.6106,-0.0159245060454142,47.01852600309662,0.6266590490789667,3.017705733129836,0,-3.269999999999982,0.0156646579529413,0.0112568966711987,0,0.3944876451059468,0.1839274763643195,0,0,0,0,0,0,0,0,0,0,0,0,16,2,9,2020,279.32000000000005,-2.457840192975292,283.54650000000004,302.2522170672605,264.84078293273956,-0.015946391457034248,9.943475806334343,0.01125689667119878,0,4.160000000000025,-8.96999999999997,-25.310000000000002,276.2766666666667,274.324,2.4260736454768663,3.2463256151907043,-0.015946391457034248,0.015381771122203736,-0.011767669497624755
2020-09-17,267.55,274.4,266.68,270.32,262.79,81570800.0,275.364,272.81719999999996,-0.0156203176505842,43.8082463508326,-0.0869013156930123,2.396784323365266,0,-2.019999999999982,-0.0173760697238876,0.9274308263037264,0,0.3851964082796729,0.388773345371895,0,0,0,0,0,0,0,0,0,0,0,0,17,3,9,2020,276.07599999999996,-2.553499382636922,283.2575,302.58281383963526,263.9321861603647,-0.015622155056261633,5.927201325718469,0.9274308263037263,1,-4.840000000000032,0.37000000000000455,-32.44,274.66333333333336,273.92,4.370244081659274,3.654935019920872,-0.015622155056261633,-0.01758976595435391,-0.0074171990893735495
2020-09-18,271.79,272.09,262.63,266.87,259.43,86251100.0,274.729,272.911,-0.0127858746527645,41.36241647635323,-0.9130024411902014,1.7348269704541726,1,-3.579999999999984,-0.0443306983487631,0.0573771496663022,0,0.3777099440743299,0.4131999697296281,0,0,0,0,0,0,0,0,0,0,0,0,18,4,9,2020,274.02200000000005,-2.7222023046828387,282.6045,303.1777277244091,262.0312722755908,-0.01276265167209234,5.058405106578946,0.05737714966630225,0,-12.189999999999998,-11.009999999999991,-20.54000000000002,270.59999999999997,273.204,3.877589457374983,4.704586060414368,-0.01276265167209234,-0.04368236221601085,-0.013237197263819556
2020-09-21,262.47,267.65,260.11,267.51,260.06,57168600.0,274.031,272.9818,0.0024284007246655,42.0092236999486,-1.4995716712385845,1.087947242115621,1,-7.650000000000034,-0.0259777915786832,-0.3371841054780751,0,0.3791136561128316,0.2614175406366694,0,0,0,0,0,0,0,0,0,0,0,0,21,0,9,2020,272.415,-2.66062524244137,281.88649999999996,303.48873347249986,260.28426652750005,0.0023981713943117544,4.156834399186838,-0.3371841054780751,0,-7.100000000000023,-4.829999999999984,-16.069999999999993,268.23333333333335,271.674,1.835220241082661,5.133802684156036,0.0023981713943117544,-0.025854848694512267,-0.027802006105538735
2020-09-22,269.99,273.08,266.54,272.48,264.89,41128900.0,273.489,273.2606,0.0185726370837497,46.90698157350502,-1.5567461771597664,0.5590085582605437,0,-6.579999999999984,0.0082151631556507,-0.2805683539565425,0,0.3898754484080122,0.1777058711473775,0,0,0,0,0,0,0,0,0,0,0,0,22,1,9,2020,272.668,-2.1755465312201525,281.329,303.29492260753904,259.363077392461,0.01857874471982357,4.066138763555097,-0.28056835395654256,0,2.160000000000025,2.0300000000000296,2.5300000000000296,268.9533333333334,270.358,3.0709010621117976,3.273418702190404,0.01857874471982357,0.007990529742527563,-0.023579158603884376
2020-09-23,272.15,272.34,263.25,264.16,256.8,48837300.0,272.4345,273.33639999999997,-0.0305409792744156,40.708626397574896,-2.229156446161767,0.0013755573760816,1,-10.449999999999989,-0.0095399414660003,0.1874205242542348,0,0.3718500033421715,0.2179362391150613,0,0,0,0,0,0,0,0,0,0,0,0,23,2,9,2020,271.296,-2.293632060129803,280.244,303.32303325532484,257.1649667446752,-0.030534351145038108,4.412087437437699,0.18742052425423483,0,-2.7099999999999795,-11.0,-13.71999999999997,268.05,268.268,4.186203530640391,3.2154424267670314,-0.030534351145038108,-0.010154756997789116,-0.03805396744473977
2020-09-24,261.39,268.7,261.22,265.39,257.99,70631700.0,271.143,273.42620000000005,0.0046339563862929,41.93029953741339,-2.635641341292569,-0.5260278223576484,1,-4.930000000000007,-0.0073343858043729,0.4462654569355799,0,0.3745014594148972,0.3316818583920692,0,0,0,0,0,0,0,0,0,0,0,0,24,3,9,2020,270.601,-2.1688926700899467,278.91549999999995,302.2019222026567,255.62907779734317,0.004656268927922369,4.76281067811803,0.44626545693557995,0,-2.1200000000000045,-13.670000000000016,-6.949999999999989,267.34333333333336,267.28200000000004,4.49079428757092,3.1846302767912094,0.004656268927922369,-0.00792493738551836,-0.018237644273453757
2020-09-25,265.91,272.4,264.3,271.56,263.99,55242400.0,270.1955,273.675,0.023256715376565,47.746551437552654,-2.4454441355825907,-0.9099110850026368,1,4.689999999999998,-0.0026503075115577,-0.2178809231549007,0,0.3878701454958668,0.2513646457714117,0,0,0,0,0,0,0,0,0,0,0,0,25,4,9,2020,270.71200000000005,-1.5782917657247486,277.941,300.7407876305983,255.14121236940167,0.02324880364746229,4.771826577834586,-0.2178809231549007,0,-0.9200000000000159,-3.0500000000000114,1.1100000000000136,267.03666666666663,268.21999999999997,3.9653036873964127,3.684419900045811,0.02324880364746229,-0.003376394597768728,0.01757409974894153
2020-09-28,276.58,277.2,271.67,277.2,269.48,58438300.0,269.45050000000003,274.0306,0.0207962422819045,52.43628345877724,-1.830612203637884,-1.0940513087296864,0,9.689999999999998,0.0486869140447625,0.0578523018550967,0,0.400102493259954,0.2680441425525752,0,0,0,0,0,0,0,0,0,0,0,0,28,0,9,2020,270.916,-0.7568842803799094,277.17449999999997,298.9695053682118,255.37949463178816,0.020768890852850053,5.020250547093769,0.05785230185509671,0,13.039999999999964,6.8799999999999955,2.0399999999999636,271.3833333333333,270.158,5.906981744789666,5.3771944357490105,0.020768890852850053,0.04936402180496646,0.0362229449366378
2020-09-29,276.62,277.71,275.37,275.95,268.26,27050000.0,268.5305,274.214,-0.0045272376428678,51.33657999078591,-1.425366533839167,-1.1603143537515823,1,3.4699999999999704,0.0395257200156017,-0.5371186362368515,0,0.3973841937568235,0.1042276749483968,0,0,0,0,0,0,0,0,0,0,0,0,29,1,9,2020,270.605,-0.27184985056361644,276.22799999999995,296.45278044381143,256.00321955618847,-0.004509379509379463,4.532297062936873,-0.5371186362368515,1,10.560000000000002,9.079999999999984,-3.1100000000000136,274.90333333333336,270.852,2.962099480651709,5.945676580495176,-0.004509379509379463,0.03979049700440851,0.012734879624192397
2020-09-30,276.15,281.09,275.87,277.84,270.1,49380800.0,267.4575,274.49080000000004,0.006859017371207,52.94351978545026,-0.9448422451497436,-1.1172199320312148,1,13.67999999999995,0.0231280220102437,0.8255378927911274,0,0.4014839241549877,0.2207727817166954,0,0,0,0,0,0,0,0,0,0,0,0,30,2,9,2020,270.928,0.17793322357043384,275.12399999999997,292.2244098196615,258.02359018033843,0.0068490668599383575,4.94567555210675,0.8255378927911274,1,6.279999999999973,10.329999999999984,3.2299999999999613,276.99666666666667,273.588,0.9612665256194449,5.196755718700273,0.0068490668599383575,0.023125644424804692,0.051786795881283876
2020-10-01,281.79,282.88,279.84,282.25,274.39,50020200.0,266.461,274.8372,0.0158830062939649,56.54896248681956,-0.215373446374258,-0.9368506348998236,0,16.860000000000014,0.0182147860223041,0.0129483523960729,0,0.4110425347028809,0.2241098292594458,0,0,0,0,0,0,0,0,0,0,0,0,1,3,10,2020,272.121,0.742458025929579,274.09849999999994,286.16596414953756,262.03103585046233,0.015872444572415878,6.089361305683189,0.012948352396072949,0,5.050000000000011,9.769999999999982,11.930000000000007,278.68,276.96,3.232908906842643,3.840449192456256,0.015872444572415878,0.018217893217893355,0.06352914578544788
2020-10-02,276.02,282.24,273.44,274.31,266.67,75497400.0,265.82450000000006,275.1632,-0.0281351361201208,49.23460455045744,-0.2572383653237011,-0.800928180984599,1,2.75,-0.0053931124549487,0.5093382273561482,0,0.3938414919453666,0.3570760908424296,0,0,0,0,0,0,0,0,0,0,0,0,2,4,10,2020,272.86499999999995,0.5594670374777249,273.4435,283.8587451243537,263.02825487564627,-0.028131089459698888,5.82529207661031,0.5093382273561482,1,-1.6399999999999864,10.149999999999977,7.439999999999998,278.13333333333327,277.51,3.978119321146104,2.9726335125334447,-0.028131089459698888,-0.005943105635078716,0.010126675504492644
2020-10-05,276.34,280.49,276.23,280.16,272.35,28184600.0,265.658,275.6552,0.021299733753328,53.95969184863984,0.1659983889504133,-0.6075428669975965,0,2.9600000000000364,0.0090476039271721,-0.6266811837228832,0,0.4064971814353513,0.1101491859618541,0,0,0,0,0,0,0,0,0,0,0,0,5,0,10,2020,274.13,0.7963107686245801,273.2725,283.1128716901534,263.4321283098466,0.02132623673945555,5.9061643879780235,-0.6266811837228832,1,2.32000000000005,14.770000000000039,12.650000000000034,278.9066666666667,278.102,4.115705690799047,3.182777089247046,0.02132623673945555,0.00835012957097625,0.010678210678210842
2020-10-06,279.45,281.19,274.25,275.16,267.49,49704200.0,265.911,275.95599999999996,-0.0178446851477878,49.701634051101585,0.1080101093765506,-0.4644322717227671,1,-0.7899999999999636,-0.0246800875145806,0.7635233425345755,0,0.3956685457097658,0.2224606158976861,0,0,0,0,0,0,0,0,0,0,0,0,6,1,10,2020,274.398,0.5896464229728515,273.533,283.28318994688686,263.78281005311317,-0.017846944603084003,5.883736152408041,0.7635233425345755,1,-7.089999999999975,3.6000000000000227,2.680000000000007,276.54333333333335,277.94399999999996,3.1608279505972376,3.332406037660494,-0.017846944603084003,-0.025119574844995496,-0.0028628374705561566
2020-10-07,277.89,280.74,277.28,279.92,272.12,27539700.0,266.01000000000005,276.4182,0.0173090582825525,53.46633899809743,0.430691541512374,-0.2854075090757389,1,2.080000000000041,0.0207641068880928,-0.4459281107029185,0,0.4059847151355807,0.1067834337561617,0,0,0,0,0,0,0,0,0,0,0,0,7,2,10,2020,275.974,0.7373499688479483,273.635,283.60515847418554,263.66484152581444,0.017299026021224018,4.858020172873267,-0.4459281107029185,0,5.610000000000014,2.7200000000000273,15.759999999999991,278.41333333333336,278.36,2.820023640552621,3.444132691961127,0.017299026021224018,0.02045131420655477,0.007486323063633948
2020-10-08,282.4,282.47,280.31,281.41,273.57,25443300.0,266.451,276.851,0.0053285315302071,54.61155233511658,0.794265979322347,-0.0694728113961217,1,-0.839999999999975,0.0047929046649719,-0.0761228335820651,0,0.4092154809384817,0.0958422600485891,0,0,0,0,0,0,0,0,0,0,0,0,8,3,10,2020,277.57599999999996,0.8890572495285346,274.08849999999995,284.5926006754683,263.5843993245316,0.005322949414118261,3.403727368642322,-0.07612283358206517,0,1.25,5.460000000000036,16.02000000000004,278.83,278.192,3.264460139125927,3.2201506175698893,0.005322949414118261,0.004461736150771056,-0.0029760850310007747
2020-10-09,283.11,285.79,282.71,285.71,277.75,30201100.0,267.193,277.3426,0.0152794531564133,57.83650020238478,1.4035135761328092,0.2251244661096644,1,11.399999999999977,0.037917042969173,0.1869961836711433,0,0.4185289989082239,0.1206733592023235,0,0,0,0,0,0,0,0,0,0,0,0,9,4,10,2020,278.991,1.212622541300505,274.8515,286.3567844815057,263.34621551849426,0.015280196155076142,3.562391362872423,0.18699618367114335,0,10.549999999999955,7.8700000000000045,14.149999999999977,282.34666666666664,280.47200000000004,3.0064985170914817,3.7727933947980343,0.015280196155076142,0.0383413286814942,0.041558820312784794
2020-10-12,290.55,297.46,289.47,294.53,286.32,79370700.0,268.1345,277.9174,0.0308550855085507,63.55634344733519,2.548496581313259,0.6897988891503835,0,14.369999999999948,0.0514630701951712,1.6280731496534893,0,0.4376239388605423,0.3772909582921248,0,0,0,0,0,0,0,0,0,0,0,0,12,0,10,2020,280.72400000000005,1.9126353061164538,275.82,290.1744153486089,261.4655846513911,0.03087046305694585,5.985497658697171,1.6280731496534893,1,14.609999999999957,12.279999999999973,17.329999999999984,287.21666666666664,283.346,6.688507556493469,7.300111642970028,0.03087046305694585,0.05219348385252909,0.051292118789262986
2020-10-13,296.39,297.05,293.11,294.52,286.31,64240000.0,268.886,278.4202,-3.4925956971187944e-05,63.5458177580515,3.4157226214824163,1.23498363561679,0,19.359999999999957,0.0460996127079929,-0.1906333193483237,0,0.437601657717074,0.2983233867327047,0,0,0,0,0,0,0,0,0,0,0,0,13,1,10,2020,282.581,2.244032973930107,276.59299999999996,293.07018434685915,260.11581565314077,-3.395239873693612e-05,7.114068143868456,-0.19063331934832373,0,13.109999999999957,20.20999999999998,18.569999999999993,291.58666666666664,287.218,5.089345079012402,7.000933509170054,-3.395239873693612e-05,0.04658683060303459,0.07035906381741519
2020-10-14,295.35,296.35,290.26,292.06,283.92,36949100.0,269.73400000000004,278.85380000000004,-0.0083475952638747,60.87496375704141,3.865592338179283,1.7611053761292887,0,12.139999999999986,0.0224725642877048,-0.4248272104607721,0,0.4322764644281545,0.1558913711173681,0,0,0,0,0,0,0,0,0,0,0,0,14,2,10,2020,284.00300000000004,2.165549545426282,277.4655,295.22815011197326,259.7028498880268,-0.00835257367920672,7.473235280359168,-0.4248272104607721,0,6.350000000000023,11.899999999999977,14.220000000000027,293.7033333333333,289.646,1.4231771967208713,5.847232678782013,-0.00835257367920672,0.022225333380000878,0.04336953415261502
2020-10-15,287.2,290.71,286.54,290.1,282.02,42514200.0,270.6955,279.2348,-0.0066920259227952,58.75601169402757,4.022435081025151,2.213371317108461,0,8.689999999999998,-0.0150745471436412,0.1506153059208479,0,0.4280430471691806,0.1849357928880283,0,0,0,0,0,0,0,0,0,0,0,0,15,3,10,2020,284.788,1.8612479239261415,278.4545,296.71138196271164,260.19761803728835,-0.006710949804834554,7.678117246076305,0.15061530592084793,0,-4.42999999999995,14.939999999999998,7.850000000000023,292.2266666666667,291.384,2.2147084081808903,3.6753135920372326,-0.006710949804834554,-0.01504091264047791,0.03088021036921207
2020-10-16,291.8,293.27,288.15,288.51,280.47,40570700.0,271.7475,279.5122,-0.0054960641089283,57.022005516893714,3.975831132189001,2.565863280124569,0,2.8000000000000114,-0.0205356852955983,-0.0457141378645252,0,0.4245894699315969,0.1747926088102439,0,0,0,0,0,0,0,0,0,0,0,0,16,4,10,2020,286.208,1.4507302028170086,279.53650000000005,297.4812298948853,261.5917701051148,-0.005480868665977412,6.786278312402473,-0.04571413786452527,0,-6.009999999999991,8.589999999999975,14.199999999999989,290.22333333333336,291.94399999999996,1.7782107111555487,2.6706422448191525,-0.005480868665977412,-0.020406084476436215,0.009800147002205106
2020-10-19,290.49,291.48,282.79,283.8,275.89,36756800.0,272.53900000000004,279.7588,-0.0163297322351768,52.115485388223995,3.528653324614368,2.758421289022529,1,-10.729999999999961,-0.0285178222669004,-0.0940062656054738,0,0.4143847062231233,0.1548877517203226,0,0,0,0,0,0,0,0,0,0,0,0,19,0,10,2020,286.572,0.7927406868138935,280.351,297.4994062233314,263.2025937766686,-0.016325257356764045,6.51815720379498,-0.09400626560547387,0,-8.259999999999991,2.3899999999999864,3.6399999999999864,287.47,289.798,3.276232592466009,4.035470232800153,-0.016325257356764045,-0.028281859891802985,-0.036430923844769536
2020-10-20,284.56,287.62,282.95,284.41,276.49,32195400.0,273.119,280.0408,0.0021747798035449,52.68334210866645,3.1859510158352577,2.8439272343850748,0,-10.109999999999957,-0.0196510165405602,-0.1240967657685108,0,0.4157215748312203,0.1310816699850996,0,0,0,0,0,0,0,0,0,0,0,0,20,1,10,2020,287.497,0.35183669693133757,280.9475,297.7864178690435,264.1085821309565,0.002149400986610317,5.252106561503205,-0.12409676576851081,0,-5.689999999999998,-1.2999999999999545,9.25,285.5733333333333,287.776,2.5614514114601006,3.585767700203031,0.002149400986610317,-0.01961392623233371,-0.03432704060844749
2020-10-21,284.67,287.32,283.69,284.19,276.27,29306100.0,274.09250000000003,280.4208,-0.0007956888133386,52.44179670807512,2.8635950643321166,2.847860800374483,0,-7.8700000000000045,-0.0149506412449705,-0.0897426340408877,0,0.415231389674918,0.1160023276872131,0,0,0,0,0,0,0,0,0,0,0,0,21,2,10,2020,287.924,0.016340056914345702,281.94899999999996,296.95819304960776,266.93980695039215,-0.0007735311697901759,4.713616681729031,-0.08974263404088778,0,-4.319999999999993,-10.339999999999975,4.269999999999982,284.1333333333333,286.202,0.30892285974327416,2.8961301766014937,-0.0007735311697901759,-0.014973484454611552,-0.02694651783880031
2020-10-22,285.05,285.98,280.82,284.18,276.26,32196200.0,275.006,280.6672,-3.619647446340135e-05,52.43002965911704,2.57760569988568,2.7938097802767228,1,-5.920000000000016,0.0013428945157428,0.0986176939272027,0,0.4152091085314497,0.1310858452088003,0,0,0,0,0,0,0,0,0,0,0,0,22,3,10,2020,288.201,-0.22213754292822552,282.8885,295.84614681569917,269.9308531843009,-3.5187726521002105e-05,4.356115624427974,0.09861769392720277,0,0.37999999999999545,-10.339999999999975,2.769999999999982,284.26,285.018,0.12999999976366952,1.9643752186951355,-3.5187726521002105e-05,0.0013389711064129006,-0.020406756290934247
2020-10-23,284.77,284.91,281.78,284.74,276.81,24658500.0,275.64700000000005,280.9124,0.0019908781582567,53.065153059422194,2.368040178454578,2.708655859912294,0,-3.769999999999982,0.0011589928704546,-0.2341176909076227,0,0.4164345714222054,0.0917463655982443,0,0,0,0,0,0,0,0,0,0,0,0,23,4,10,2020,288.104,-0.3504217333411268,283.5475,295.42950803738154,271.6654919626185,0.0019705820254767303,4.4279546319123835,-0.2341176909076227,0,0.3299999999999841,-7.319999999999993,-0.9699999999999704,284.36999999999995,284.264,0.32046840708328495,0.3448622911028769,0.0019705820254767303,0.0011602967546850973,-0.01306713805414017
2020-10-26,282.38,285.3,276.76,280.47,272.65,38421100.0,275.8055,281.0786,-0.0150283588020665,47.822163588649694,1.8450126026501152,2.5359272084598583,1,-3.329999999999984,-0.0130736771182732,0.5581280288744246,0,0.4071656157393997,0.1635737827265776,0,0,0,0,0,0,0,0,0,0,0,0,26,0,10,2020,286.698,-0.7103545945096283,283.711,295.3261296161687,272.0958703838313,-0.014996136826578521,4.39288768605269,0.5581280288744246,1,-3.7199999999999704,-9.629999999999995,-14.059999999999945,283.13000000000005,283.598,2.3205818235819744,1.763312224146858,-0.014996136826578521,-0.013089834265808009,-0.011733615221987237
2020-10-27,281.5,283.51,280.2,282.66,274.78,30559100.0,276.1315,281.22540000000004,0.0078122134604805,50.52226630794414,1.584121908186205,2.345566148405128,0,-1.75,-0.0052252671833292,-0.2046271449802322,0,0.4119114992981438,0.1225417718083676,0,0,0,0,0,0,0,0,0,0,0,0,27,1,10,2020,285.512,-0.7827309293109952,284.04650000000004,295.1205819484236,272.9724180515765,0.007808321745641278,3.570449084739488,-0.20462714498023227,0,-1.5199999999999818,-5.849999999999966,-11.859999999999957,282.62333333333333,283.248,2.135236130565567,1.7353011265559264,0.007808321745641278,-0.005348722640579839,-0.00615308885060295
2020-10-28,278.01,278.64,271.38,271.64,264.07,53413500.0,275.83000000000004,281.0988,-0.0389766358541378,39.4574263435082,0.5073087212622909,1.9779146629765605,1,-12.550000000000011,-0.0461927811957237,0.7478754282685027,0,0.388048394643613,0.2418195624887464,0,0,0,0,0,0,0,0,0,0,0,0,28,2,10,2020,283.46999999999997,-1.5123256541277743,283.73650000000004,295.7918312273202,271.6811687726799,-0.03898676855586225,4.973165770193769,0.7478754282685027,1,-13.100000000000023,-12.160000000000025,-20.420000000000016,278.2566666666667,280.738,5.833886640420349,5.347964098592124,-0.03898676855586225,-0.04600688347264181,-0.04416059678384188
2020-10-29,273,279.49,272.52,276.39,268.69,43246300.0,275.545,281.1046,0.017495361078502,45.04433392875106,0.0264173785581647,1.5876152060928812,0,-7.7900000000000205,-0.0136690613151552,-0.1903488818369887,0,0.3983422829259597,0.1887566444770923,0,0,0,0,0,0,0,0,0,0,0,0,29,3,10,2020,282.09900000000005,-1.6057541178148282,283.44350000000003,295.9070424739678,270.97995752603225,0.017486379031070642,4.830050494335046,-0.19034888183698873,0,-4.080000000000041,-8.020000000000039,-13.710000000000036,276.89666666666665,279.18,5.527443652654957,5.227901108459563,0.017486379031070642,-0.014547010375441372,-0.027412203532972135
2020-10-30,274.34,275.24,267.07,269.38,261.87,65838300.0,275.30499999999995,280.8936,-0.0253824109568647,39.28298496351466,-0.8946959797263503,1.091152968929035,1,-15.360000000000014,-0.0468636857325005,0.5224030726328033,0,0.3831465430805909,0.3066649617836555,0,0,0,0,0,0,0,0,0,0,0,0,30,4,10,2020,280.186,-2.0423841072152094,283.197,296.53750538774295,269.85649461225705,-0.02536271210969998,5.71587302557466,0.5224030726328033,1,-13.28000000000003,-14.810000000000002,-19.129999999999995,272.46999999999997,276.108,3.577946338326498,5.6405735523825475,-0.02536271210969998,-0.04698224014717334,-0.05394394886563181
2020-11-02,271.85,273.52,266.97,269.98,262.46,39987400.0,274.8105,280.6558,0.0022530263107647,39.99047787997594,-1.559104497131898,0.5611014757168484,1,-10.490000000000009,-0.005634023567598,-0.3926422766079925,0,0.3844611305452194,0.1717483488295021,0,0,0,0,0,0,0,0,0,0,0,0,2,0,11,2020,278.804,-2.180929870308384,282.688,297.18027049155506,268.1957295084449,0.0022273368475760336,6.377417101690604,-0.39264227660799256,0,-1.6599999999999682,-14.199999999999989,-13.819999999999993,271.9166666666667,274.01,3.8856187838332126,5.5628589771663846,0.0022273368475760336,-0.006111029303489834,-0.03740150461724967
2020-11-03,271.96,276.82,270.84,274.65,267.0,43604100.0,274.78599999999994,280.4762,0.0172978739617466,45.33009723178907,-1.699719666072042,0.1089372473590703,1,-8.010000000000048,-0.0058315106843533,0.0904459904870034,0,0.3945767696798199,0.1906240132772113,0,0,0,0,0,0,0,0,0,0,0,0,3,1,11,2020,277.828,-1.8606707452969726,282.6625,297.2093565332995,268.11564346670053,0.017297577598340386,6.1675293090364995,0.09044599048700341,0,-1.740000000000009,-10.090000000000032,-9.760000000000048,271.33666666666664,272.408,2.8850707674644305,3.0222789414352484,0.017297577598340386,-0.006295452078584618,-0.028337932498408103
2020-11-04,283.59,288.77,281.87,286.91,278.92,75728200.0,275.126,280.49719999999996,0.0446441947565543,56.31872999714742,-0.8396350301582061,-0.0807772081443849,1,15.270000000000039,0.0641950950290657,0.7367220054994827,1,0.4211358926940131,0.3582806428800693,0,0,0,0,0,0,0,0,0,0,0,0,4,2,11,2020,278.1,-0.7810132041058532,283.012,297.6142746173464,268.4097253826536,0.04463863098489007,6.5286854215362515,0.7367220054994827,1,17.53000000000003,6.439999999999998,2.7200000000000273,277.18,275.462,8.743963632126038,7.064352058033265,0.04463863098489007,0.06507535823000987,0.056214106906199435
2020-11-05,293.53,295.39,292.0,294.39,286.19,52054200.0,275.757,280.54580000000004,0.0260648214541803,61.414556836599004,0.4237319641350154,0.0201246263114951,1,18.0,0.0880068901724813,-0.3126180207637313,0,0.4373342839954546,0.234725335518367,0,0,0,0,0,0,0,0,0,0,0,0,5,3,11,2020,279.121,0.41475477402224825,283.661,299.05320958798313,268.26879041201687,0.02607089331149126,8.175756098234887,-0.31261802076373135,0,24.409999999999968,11.729999999999961,10.20999999999998,285.31666666666666,279.062,9.965988828674908,11.093109122326057,0.02607089331149126,0.09041410474849987,0.06512536633018562
2020-11-06,293.71,295.36,289.83,294.61,286.4,40959800.0,276.1895,280.61699999999996,0.0007337782591982,61.55660867673552,1.4254726922663965,0.3011942395024753,0,25.230000000000018,0.0714427944699329,-0.2131316973462276,0,0.4378021880082885,0.1768233332376511,0,0,0,0,0,0,0,0,0,0,0,0,6,4,11,2020,280.10800000000006,1.15635284192063,284.106,300.20769109132334,268.00430890867665,0.0007473079927986515,9.42915785093375,-0.2131316973462276,0,19.960000000000036,22.970000000000027,9.870000000000005,291.97,284.108,4.383468945930491,11.323834156319405,0.0007473079927986515,0.07267431276169689,0.0936595144405672
2020-11-09,297.65,299.14,288.12,288.59,280.55,86537100.0,275.901,280.5382,-0.0204259776536311,55.53204583795095,1.7274009243662931,0.5864355764752389,0,18.609999999999957,0.0063726220597474,1.112732484045332,0,0.4247677190793432,0.4146926122026132,0,0,0,0,0,0,0,0,0,0,0,0,9,0,11,2020,280.91999999999996,1.1735524284133083,283.809,299.3396444167781,268.2783555832219,-0.02043379382913013,9.805899584776244,1.112732484045332,1,1.67999999999995,12.199999999999989,8.119999999999948,292.53,287.83000000000004,3.413912711235747,8.126167608400673,-0.02043379382913013,0.005855494754452462,0.06893103192829075
2020-11-10,285.17,286.66,280.62,283.42,275.52,69024900.0,275.3615,280.30899999999997,-0.0179290679023348,50.922683292266115,1.5430153406911131,0.7777515293184138,1,8.770000000000039,-0.0376212672967677,-0.2023663838977732,0,0.4135603039147968,0.3232959215892989,0,0,0,0,0,0,0,0,0,0,0,0,10,1,11,2020,280.996,0.787381700822066,283.254,297.9867518135751,268.52124818642494,-0.017914688658650535,9.823812566075437,-0.20236638389777328,0,-10.96999999999997,14.04000000000002,0.7599999999999909,288.8733333333334,289.584,5.600377963429976,4.860337436826519,-0.017914688658650535,-0.037263494004551645,0.03193154924449315
2020-11-11,286.03,290.25,283.38,289.76,281.69,36102900.0,275.25,280.1058,0.0223940185830431,55.77096712027002,1.8731632128465208,0.9968338660240352,0,2.849999999999966,-0.0159610269729228,-0.4769583150428323,0,0.4273077694347273,0.1514750282479978,0,0,0,0,0,0,0,0,0,0,0,0,11,2,11,2020,282.808,0.9013766909760073,283.139,297.6289122150688,268.6490877849312,0.022369628113753315,9.574301018875973,-0.47695831504283237,0,-4.850000000000023,19.779999999999973,18.120000000000005,287.25666666666666,290.154,3.3737565610566436,4.630003239719873,0.022369628113753315,-0.016462441872305833,0.009933428601303529
2020-11-12,290.76,292.07,287.25,288.4,280.36,34414600.0,275.16700000000003,279.81859999999995,-0.004721502360751,54.526595934347995,2.0043826202292507,1.1983436168650785,1,-5.990000000000009,-0.0002565516800427,-0.0467635563902069,0,0.4243443773534457,0.1426637405307231,0,0,0,0,0,0,0,0,0,0,0,0,12,3,11,2020,284.00899999999996,0.8294396262362618,283.054,297.3987961296213,268.70920387037864,-0.004693539480949749,9.431983943538144,-0.046763556390206906,0,-0.18999999999999773,13.75,12.009999999999991,287.1933333333333,288.956,3.3378036690723425,3.990755567535852,-0.004693539480949749,-0.000658373471014273,-0.02034715853120017
2020-11-13,290.17,291.57,287.87,290.93,282.82,24806900.0,275.2845,279.88899999999995,0.0087744328720216,56.47228713503722,2.2805871972929594,1.4147923329506549,1,-3.680000000000007,0.0264469490943136,-0.2791751175373242,0,0.4298255386466433,0.0925208695947162,0,0,0,0,0,0,0,0,0,0,0,0,13,4,11,2020,286.16400000000004,0.891095262959797,283.175,297.74096375117,268.60903624883,0.008772538141470276,8.083682054336837,-0.27917511753732427,0,7.509999999999991,4.019999999999982,21.55000000000001,289.69666666666666,288.22,1.266188506215243,2.8690155105574915,0.008772538141470276,0.026497777150518598,-0.012491089915481535
2020-11-16,290.62,293.51,289.99,293.2,285.03,30168400.0,275.7415,280.0814,0.00781415741461,58.20042480214877,2.647293493313896,1.661292565023303,0,4.610000000000014,0.0118670879258805,0.2161293833570499,0,0.4347496713531338,0.1205026969335591,0,0,0,0,0,0,0,0,0,0,0,0,16,0,11,2020,288.486,1.0146285475347914,283.645,298.85373762021027,268.4362623797897,0.007802564190698691,5.979407625811213,0.2161293833570499,0,3.4399999999999977,-1.1899999999999977,23.21999999999997,290.8433333333333,289.142,2.4011733242877384,3.651646204086338,0.007802564190698691,0.0118718939812259,0.01597421948092448
2020-11-17,293.4,293.74,291.61,292.27,284.13,21843500.0,276.12350000000004,280.5278,-0.0031575623618566,57.19849144009772,2.832635537281078,1.895561159474858,0,8.849999999999966,0.013431027924775,-0.2759476803542779,0,0.4327443684409884,0.0770547972015563,0,0,0,0,0,0,0,0,0,0,0,0,17,1,11,2020,290.248,0.9639406561927277,284.038,299.7048115454422,268.3711884545578,-0.0031718963165074943,3.553045016453332,-0.27594768035427797,0,3.8700000000000045,-2.340000000000032,17.620000000000005,292.1333333333334,290.912,1.1411543862555966,1.9181162633729396,-0.0031718963165074943,0.013418862690707467,0.031225742713993254
2020-11-18,291.7,293.37,290.02,290.11,282.03,28069600.0,276.41150000000005,280.7724,-0.0073909830007391,54.837232067813375,2.778044426004272,2.0720578127807405,1,0.35000000000002274,-0.0027343879479857,0.2850321605969739,0,0.4280653283126489,0.1095489975548846,0,0,0,0,0,0,0,0,0,0,0,0,18,2,11,2020,290.568,0.7260187077964431,284.334,300.2232333358284,268.4447666641716,-0.007390426660279781,3.357743289778902,0.2850321605969739,0,-0.8199999999999932,1.5200000000000387,3.1999999999999886,291.85999999999996,290.982,1.5852760011862903,1.8713818423335358,-0.007390426660279781,-0.002818547416904349,0.0012078961899504304
2020-11-19,289.54,292.7,288.85,292.38,284.23,22718400.0,276.81,281.1732,0.0078005885898664,56.85311521586638,2.8791135618870958,2.233468962602012,0,3.980000000000018,-0.0027479567727293,-0.1906404081283665,0,0.4329671798756712,0.0816209262211876,0,0,0,0,0,0,0,0,0,0,0,0,19,3,11,2020,290.367,0.6642718486660906,284.744,301.01477797772446,268.4732220222756,0.007824618248250648,3.1577349477204537,-0.19064040812836658,0,-0.8199999999999932,8.95999999999998,-2.009999999999991,291.58666666666664,291.77799999999996,1.280013020742634,1.2377277567440055,0.007824618248250648,-0.0027967257844474513,0.013800277392510552
2020-11-20,292.3,293.07,290.29,290.38,282.29,25907300.0,277.08399999999995,281.5718,-0.006825458255638,54.543107132145224,2.770730536588701,2.340921277399349,1,-0.5500000000000114,-0.0064158526665107,0.1403663990421861,0,0.4286446380428244,0.0982638897949704,0,0,0,0,0,0,0,0,0,0,0,0,20,4,11,2020,289.94399999999996,0.4421695603834914,285.026,301.4811820409378,268.5708179590622,-0.006840413160954961,2.78785939388175,0.14036639904218617,0,-1.8899999999999864,0.6200000000000045,-4.230000000000018,290.95666666666665,291.668,1.2400134407622827,1.3511735639120241,-0.006840413160954961,-0.006466623327744836,-0.001890489121094463
2020-11-23,291.41,292.75,288.07,290.39,282.3,26875600.0,277.5665,281.8764,3.542456339222788e-05,54.55305016013374,2.655037504954976,2.4037445229104746,1,-2.8100000000000023,0.0010105548976205,0.0373755659601733,0,0.4286669191862926,0.1033174761816535,0,0,0,0,0,0,0,0,0,0,0,0,23,0,11,2020,290.124,0.2584682750712095,285.522,301.99598021124234,269.04801978875764,3.443763344579409e-05,2.7485559845225747,0.03737556596017333,0,0.2799999999999727,1.990000000000009,1.8000000000000114,291.05,291.10599999999994,1.1518246394038292,1.1191201900669716,3.443763344579409e-05,0.0009651511495638587,-0.00958390177353341
2020-11-24,291.49,294.98,289.63,294.47,286.26,24516800.0,278.14050000000003,282.1846,0.0140276301806587,58.53792591302062,2.8500354145871825,2.493002701245816,1,2.2000000000000455,0.0072375964884129,-0.0877673428686243,0,0.4374902519997325,0.0910068291002653,0,0,0,0,0,0,0,0,0,0,0,0,24,1,11,2020,291.229,0.36761470965407206,286.1125,302.97584471569644,269.2491552843036,0.014050070594717523,1.8173512471757813,-0.08776734286862431,0,2.090000000000032,3.5400000000000205,11.050000000000011,291.74666666666667,291.546,2.358481149653465,1.871050507018693,0.014050070594717523,0.007148231753197898,0.007527286413248291
2020-11-25,295.57,296.94,294.59,296.28,288.02,23326800.0,279.338,282.618,0.0061482568294557,60.20495117387182,3.110731378947605,2.616548436786174,1,6.169999999999959,0.0202113115735067,-0.0485381452718136,0,0.4414117332501504,0.0847961838455376,0,0,0,0,0,0,0,0,0,0,0,0,25,2,11,2020,291.881,0.5088868200570418,287.3445,303.37840342369594,271.310596576304,0.0061466363296769355,2.3292461823160875,-0.04853814527181366,0,5.899999999999977,3.079999999999984,6.519999999999982,293.71333333333337,292.78000000000003,3.0170239199034072,2.585449670717453,0.0061466363296769355,0.020318203733039386,0.021267794974319854
2020-11-27,298.31,300.17,297.9,299.01,290.68,17163100.0,280.4375,283.1918,0.0092354697590446,62.64452611246237,3.491724155823192,2.791583580593578,1,6.6299999999999955,0.0294113567691591,-0.2642325565444038,0,0.4473385174127136,0.0526276509408605,0,0,0,0,0,0,0,0,0,0,0,0,27,4,11,2020,292.942,0.7204413589300076,288.4755,304.4500415896799,272.5009584103201,0.009214256784123132,2.9112150956929344,-0.2642325565444038,0,8.620000000000005,6.740000000000009,10.610000000000014,296.58666666666664,294.10599999999994,2.2854831728252507,3.7616392702930788,0.009214256784123132,0.029684217776094313,0.02267596962856544
2020-11-30,299.34,299.97,294.78,299.62,291.27,27836200.0,281.9075,283.84680000000003,0.0020297234071831,63.18756574802813,3.7974965689783744,2.992766178270537,1,9.240000000000009,0.0174134499956835,0.6218631832244759,0,0.4486531048773422,0.1083308760402178,0,0,0,0,0,0,0,0,0,0,0,0,30,0,11,2020,293.811,0.8280220449853264,289.9875,304.0571039390033,275.9178960609967,0.0020400655496473075,3.48444942248206,0.6218631832244759,1,5.149999999999977,9.509999999999991,8.689999999999998,298.3033333333333,295.954,1.7786043217271066,3.743171115485963,0.0020400655496473075,0.01748904812035179,0.0318203733039466
2020-12-01,301.97,305.14,300.83,303.46,295.0,27521300.0,283.53450000000004,284.56579999999997,0.012805987571669,66.49002491593203,4.291335393313943,3.252480021279219,1,13.069999999999993,0.0240711807378968,-0.0113126073242756,0,0.4569639713910117,0.1066874036110465,0,0,0,0,0,0,0,0,0,0,0,0,1,1,12,2020,294.837,1.0690382014699775,291.6615,303.61918752729486,279.7038124727051,0.012816233896268514,4.612490409511586,-0.011312607324275636,0,7.180000000000007,11.079999999999984,10.259999999999991,300.69666666666666,298.56800000000004,2.412474524894372,3.43737836145581,0.012816233896268514,0.02423383286080738,0.0450084369296464
2020-12-02,302.25,304.2,300.35,303.85,295.38,23620000.0,284.9535,285.1932,0.0012881355932203,66.81563251379583,4.659655436388107,3.5339151043009966,1,9.379999999999995,0.0161238465720725,-0.1417556583446276,0,0.4578106548428065,0.0863264033318285,0,0,0,0,0,0,0,0,0,0,0,0,2,2,12,2020,295.995,1.1584471660855664,293.1215,303.43137735137657,282.8116226486235,0.001285177618137734,5.29895849305981,-0.14175565834462767,0,4.840000000000032,13.470000000000027,11.580000000000041,302.31,300.44399999999996,2.337755333633026,3.1926211801280524,0.001285177618137734,0.0161867496070367,0.03185383910075723
2020-12-03,304.17,305.88,303.53,304.28,295.8,22828700.0,285.7975,285.9956,0.001421897217144,67.19412786108992,4.928628057755134,3.812857694991824,1,8.0,0.0155160203820334,-0.0335012701100762,0,0.4587464628684744,0.0821965851889158,0,0,0,0,0,0,0,0,0,0,0,0,3,3,12,2020,297.412,1.1480570854220224,293.99,304.96553096667446,283.01446903332555,0.0014151719598485268,5.443035917579528,-0.0335012701100762,0,4.659999999999968,13.889999999999986,14.169999999999959,303.8633333333333,302.044,0.41016256930839157,2.5173060997423327,0.0014151719598485268,0.015553033842867547,0.027001485081679544
2020-12-04,304.33,305.67,303.63,305.52,297.01,19332100.0,286.33849999999995,286.7982,0.0040906017579445,68.31640313060664,5.179719108025552,4.08622997759857,1,6.509999999999991,0.0068006345683089,-0.1531668469952296,0,0.4614424812281366,0.0639477261992677,0,0,0,0,0,0,0,0,0,0,0,0,4,4,12,2020,298.726,1.1247352151700039,294.54650000000004,306.6204260806265,282.4725739193736,0.004075193900354934,5.674430367892621,-0.15316684699522964,0,2.0600000000000023,11.049999999999955,13.139999999999986,304.55,303.346,0.8671216753879933,2.2219765974910954,0.004075193900354934,0.006788374085546778,0.02177184709541491
2020-12-07,305.71,307.63,305.52,307.25,298.69,20851000.0,286.953,287.512,0.0056563752062219,69.8653043305711,5.45143182139384,4.359270346357624,1,7.6299999999999955,0.0111688741813105,0.0785688052513695,0,0.465185713330808,0.0718749102979283,0,0,0,0,0,0,0,0,0,0,0,0,7,0,12,2020,300.413,1.1232376769153216,295.17850000000004,308.46221073911335,281.89478926088674,0.005662477088242968,5.419467070976331,0.07856880525136956,0,3.3999999999999773,10.970000000000027,16.870000000000005,305.68333333333334,304.87199999999996,1.4917216004536673,1.538138485246347,0.005662477088242968,0.011189731775547163,0.02546558974701285
2020-12-08,306.76,308.6,304.95,308.29,299.7,18341500.0,287.9105,288.1338,0.0033814322541765,70.789781029752,5.682757373789002,4.6239677518439,0,4.830000000000041,0.013128409218343,-0.1203539398589995,0,0.4674361088211046,0.0587777554519288,0,0,0,0,0,0,0,0,0,0,0,0,8,1,12,2020,302.203,1.0889034366713517,296.1635,310.24457563364524,282.08242436635476,0.0033848657445076924,4.641374437247183,-0.12035393985899956,0,4.010000000000048,9.28000000000003,17.900000000000034,307.02,305.838,1.3992497989728265,1.9030685746432126,0.0033848657445076924,0.013178651242276906,0.015916430501548895
2020-12-09,308.07,308.36,300.21,301.31,292.91,48839300.0,288.78000000000003,288.64099999999996,-0.0226559893226558,57.941968957551325,5.257582152744874,4.750690632024095,1,-2.5400000000000205,-0.0136181818622573,1.662775672654908,0,0.4523072124061407,0.2179466771743129,0,0,0,0,0,0,0,0,0,0,0,0,9,2,12,2020,302.887,0.5214881503689126,297.058,310.0153957260107,284.1006042739893,-0.022641019819001684,3.8035189846683055,1.662775672654908,1,-4.2099999999999795,1.6899999999999977,6.839999999999975,305.6166666666667,305.33000000000004,3.7657580024824004,2.7270405203801538,-0.022641019819001684,-0.013779785284105728,-0.008359387855849998
2020-12-10,299.21,303.68,298.09,302.52,294.09,27519500.0,289.4,289.1346,0.0040285411901264,59.32029214679822,4.958683251325738,4.792289155884424,0,-1.759999999999991,-0.0152460158783529,-0.4365295980900627,0,0.454936387335398,0.1066780093577201,0,0,0,0,0,0,0,0,0,0,0,0,10,3,12,2020,303.51099999999997,0.17117092849618043,297.696,310.4074301319892,284.98456986801085,0.004015797683448952,3.032954005596863,-0.43652959809006275,0,-4.730000000000018,-0.9399999999999977,6.240000000000009,304.04,304.978,3.7299999999904294,2.9967098624651305,0.004015797683448952,-0.015394629780309255,-0.005784146181148864
2020-12-11,300.81,301.98,298.47,301.85,293.44,26760400.0,290.054,289.5266,-0.0022102077595292,58.18325602225202,4.616142137663132,4.757059752240165,1,-3.669999999999959,-0.0208376558920587,-0.0275840767455803,0,0.4534881130099596,0.1027162439687588,0,0,0,0,0,0,0,0,0,0,0,0,11,4,12,2020,303.79499999999996,-0.14507656598565344,298.3685,310.44904017833824,286.28795982166173,-0.0022147296046540754,2.67670298855797,-0.027584076745580388,0,-6.439999999999998,-2.0,2.840000000000032,301.8933333333333,304.244,0.6061627943581935,3.26794736796614,-0.0022147296046540754,-0.02088942229718771,-0.012012306886619362
2020-12-14,303.08,306.05,303.01,304.04,295.57,28804800.0,290.6915,290.1212,0.0072587241003272,60.8263865493156,4.465078391771783,4.698663480146489,1,-3.2099999999999795,0.0090770575309243,0.0763964664205318,0,0.4582339965687039,0.1133860281357887,0,0,0,0,0,0,0,0,0,0,0,0,14,0,12,2020,304.237,-0.2405424217858858,299.024,310.838722002673,287.209277997327,0.007255259234719258,2.2400002480307264,0.07639646642053188,0,2.730000000000018,-0.23999999999995225,4.420000000000016,302.80333333333334,303.60200000000003,1.1221556635614793,2.813480051430574,0.007255259234719258,0.009060436095715385,-0.010447518307567072
2020-12-15,306.37,307.29,304.11,307.29,298.73,25709000.0,291.3765,290.66380000000004,0.0106912068207194,64.42050289487733,4.547919292947768,4.668514642706745,1,-1.0,0.0157397231615173,-0.1074751430317169,0,0.4652748379046812,0.0972289562201699,0,0,0,0,0,0,0,0,0,0,0,0,15,1,12,2020,304.62,-0.12442717731804365,299.7285,311.748646879321,287.708353120679,0.010689382975924255,2.4131261421327865,-0.1074751430317169,0,4.770000000000039,1.7700000000000387,3.830000000000041,304.3933333333334,303.40200000000004,2.7371578933742846,2.4024300197504322,0.010689382975924255,0.01576755255850859,-0.003243699114470089
2020-12-16,307.7,309.79,306.62,308.98,300.37,25461900.0,292.1885,291.3402,0.005489907274127,66.15921224326848,4.691821203636152,4.673175954892626,1,7.670000000000016,0.0234398381951737,-0.0096114201252479,0,0.4689289454334796,0.0959393339996294,0,0,0,0,0,0,0,0,0,0,0,0,16,2,12,2020,305.13300000000004,0.01894408795503466,300.56399999999996,312.71652632173453,288.4114736782654,0.005499690845780947,2.7526474125548814,-0.00961142012524796,0,7.1299999999999955,1.7300000000000182,5.1299999999999955,306.77000000000004,304.93600000000004,2.510717029042669,3.084579387825152,0.005499690845780947,0.023621003809839225,0.025455510935581405
2020-12-17,310.63,311.24,309.39,311.0,302.33,23730500.0,293.2035,291.9618,0.0065252854812396,68.16194525820191,4.907450094304977,4.720030782775096,0,8.480000000000018,0.0227063995760861,-0.0679996386758254,0,0.473296049553263,0.0869031061054818,0,0,0,0,0,0,0,0,0,0,0,0,17,3,12,2020,305.805,0.19289979204798957,301.6085,313.57699075700253,289.64000924299745,0.006537639976697429,3.2892391893129806,-0.06799963867582548,0,6.9599999999999795,2.7099999999999795,6.720000000000027,309.09,306.632,1.8574444809796724,3.6949790256229007,0.006537639976697429,0.02289172477305601,0.028031204548459643
2020-12-18,311.66,311.98,307.61,310.06,301.42,41173400.0,294.063,292.5348,-0.0030099560083352,66.19861805569076,4.947872158569112,4.765599057933899,0,8.20999999999998,0.0090052367470314,0.7350414024146141,0,0.4712684654976493,0.1779381179657266,0,0,0,0,0,0,0,0,0,0,0,0,18,4,12,2020,306.259,0.18756624187141746,302.4925,314.21305779391315,290.77194220608686,-0.00302250803858517,3.5486224244316786,0.7350414024146141,1,2.769999999999982,8.75,4.5400000000000205,310.0133333333333,308.274,1.0108082574128698,2.7392663250933906,-0.00302250803858517,0.00901428617917932,0.02719893987079658
2021-03-04,308.78,312.04,300.11,304.1,296.16,139131600.0,317.28000000000003,320.365,-0.0163738417084591,34.30606112223376,-2.836378205465394,0.1233003422867906,1,-8.729999999999961,-0.0614222974758749,0.6121648507377078,0,0.4595485840333326,0.6891848658578911,0,0,0,0,0,0,0,0,0,0,0,0,4,3,3,2021,318.129,-3.0339289723858625,325.78499999999997,344.6871242192654,306.88287578073454,-0.016366929745115777,8.04947955529977,0.6121648507377078,1,-19.489999999999952,-17.379999999999995,-28.370000000000005,310.55333333333334,313.87800000000004,7.251105662811579,7.627399294634029,-0.016366929745115777,-0.060230538644580944,-0.02790653070357685
2021-03-05,306.8,309.61,297.45,308.68,300.62,121523700.0,316.23,320.3602,0.0150594273365747,39.394133331682156,-3.375714402154074,-0.5765026066013823,0,-5.4599999999999795,-0.0303382461626547,-0.1265557213458337,0,0.4694859740201866,0.5972887141093857,0,0,0,0,0,0,0,0,0,0,0,0,5,4,3,2021,315.89500000000004,-2.8694170630713844,324.707,344.88591880157446,304.5280811984255,0.015060835251561988,7.120746293602547,-0.1265557213458337,0,-9.71999999999997,-15.449999999999989,-22.339999999999975,307.31333333333333,312.78599999999994,2.7931583079490943,7.963936212689387,0.015060835251561988,-0.03052763819095472,-0.017380785636977092
2021-03-08,308.12,310.06,299.51,299.94,292.11,88409800.0,314.7,320.16380000000004,-0.0283081631295322,33.98480455226931,-4.43866197047538,-1.3489344793761815,1,-23.649999999999977,-0.0296225775014166,-0.2724892346102036,0,0.450524720928678,0.4244662889828894,0,0,0,0,0,0,0,0,0,0,0,0,8,0,3,2021,313.645,-3.168116575688307,323.136,345.744515563843,300.52748443615707,-0.028314111701438383,8.28281520848155,-0.2724892346102036,0,-9.220000000000027,-12.889999999999986,-22.5,304.24,308.056,4.371681598645759,6.894307797001297,-0.028314111701438383,-0.029822745503946257,-0.07308631292685186
2021-03-09,307.47,313.73,306.92,311.77,303.63,80391100.0,313.63800000000003,320.2352,0.0394371983157029,44.994513407947764,-4.301898247986628,-1.9395272330982711,0,-6.6299999999999955,0.0261884625227454,-0.0906992211270696,0,0.4761925982041398,0.3826164561223132,0,0,0,0,0,0,0,0,0,0,0,0,9,1,3,2021,312.674,-2.4215395883969832,322.0455,344.6377548454227,299.4532451545773,0.03944122157764873,7.81839170731192,-0.09069922112706963,0,7.669999999999959,-2.3700000000000045,-9.710000000000036,306.7966666666667,306.73,6.135750429512749,4.693878992879452,0.03944122157764873,0.02522196645840169,-0.02082286432160807
2021-03-10,316.16,316.47,310.17,310.88,302.77,76798100.0,312.5365,320.2616,-0.0028323946909067,44.39464981955824,-4.214326690504208,-2.3944871245794586,1,1.7199999999999704,0.0082966404952639,-0.0446940021967605,0,0.4742764198658674,0.3638644826767359,0,0,0,0,0,0,0,0,0,0,0,0,10,2,3,2021,311.349,-1.8651818458796363,320.914,343.3625085473517,298.4654914526483,-0.002854668505629099,6.704621043236338,-0.04469400219676056,0,2.1999999999999886,-12.70999999999998,-13.25,307.53,307.074,6.588178807525715,4.9713157211943875,-0.002854668505629099,0.007127121938577119,0.005563462284901011
2021-03-11,315.77,319.86,314.85,318.04,309.74,53484800.0,311.82050000000004,320.3688,0.0230207748455923,50.152305828626346,-3.5416785848925656,-2.62392541664208,0,13.939999999999998,0.0596255784703885,-0.3035661038489233,0,0.4898063768632605,0.2421916793010675,0,0,0,0,0,0,0,0,0,0,0,0,11,3,3,2021,311.87,-0.939231712581241,320.1785,341.98229533476956,298.3747046652304,0.02303139475038618,7.027163170319635,-0.30356610384892335,0,18.100000000000023,-0.3599999999999568,5.210000000000036,313.56333333333333,309.86199999999997,3.902362532268292,6.545985028992237,0.02303139475038618,0.06034540241381614,0.045840184149950725
2021-03-12,313.86,318.23,311.39,315.46,307.23,69315600.0,310.8895,320.4188,-0.0081035707367469,48.21498075600993,-3.1745419940584725,-2.7340487321253586,1,6.779999999999973,0.0120848094179386,0.2959868972119182,0,0.4842138098527216,0.3248130935015252,0,0,0,0,0,0,0,0,0,0,0,0,12,4,3,2021,312.002,-0.4496114115074148,319.22249999999997,340.07248693046387,298.37251306953607,-0.008112187146271044,7.086686735630652,0.2959868972119182,0,3.6899999999999977,6.2999999999999545,1.3199999999999932,314.79333333333335,311.218,3.6262561042001153,6.930845547246634,-0.008112187146271044,0.011835648073900584,0.021964493974342192
2021-03-15,315.79,319.0,314.1,318.83,310.51,42955700.0,310.0315,320.536,0.0106760407512285,50.88387035536862,-2.5890698275182444,-2.705052951203936,1,18.889999999999986,0.0255932448600739,-0.380288131387451,0,0.4915220249103184,0.1872399944678286,0,0,0,0,0,0,0,0,0,0,0,0,15,0,3,2021,311.52599999999995,0.12159895366913087,318.3415,337.6363379366221,299.0466620633779,0.01068281240093838,6.342661901762883,-0.380288131387451,0,7.949999999999989,14.729999999999961,-4.759999999999991,317.4433333333333,314.996,1.762450944918057,3.58919628883446,0.01068281240093838,0.025572568193515055,0.06297926251917052
2021-03-16,321.09,324.2,319.1,320.58,312.21,54925900.0,309.303,320.6728,0.0054748639335286,52.259822494991774,-1.9652489582628616,-2.5570921526157213,1,8.810000000000002,0.0080473339480102,0.2786638327393105,0,0.4953098192999263,0.2497128228948391,0,0,0,0,0,0,0,0,0,0,0,0,16,1,3,2021,311.74399999999997,0.6103428351431681,317.5935,335.25411298484596,299.93288701515405,0.005488818492613623,6.635862499418264,0.2786638327393105,0,2.5399999999999636,11.899999999999977,2.180000000000007,318.28999999999996,316.758,2.602364309605255,3.7676279009186358,0.005488818492613623,0.007986416802917784,0.028258010713025694
2021-03-17,317.45,323.85,315.68,321.9,313.5,78258700.0,308.71750000000003,320.92460000000005,0.0041318343422696,53.322035623892695,-1.3511984315441057,-2.315913408401398,0,11.019999999999982,0.0202827390270268,0.4248050555384619,0,0.4981840868073349,0.371487397348211,0,0,0,0,0,0,0,0,0,0,0,0,17,2,3,2021,313.018,0.9929448701733663,316.992,333.14077654810137,300.84322345189867,0.004117536964252322,7.276664070855216,0.42480505553846193,0,6.439999999999998,21.95999999999998,12.739999999999952,320.43666666666667,318.962,1.5400108224410112,2.468870186902795,0.004117536964252322,0.02041463260001275,0.035447761194029814
2021-03-18,316.87,317.88,311.57,312.04,303.89,82718100.0,307.7225,320.9282,-0.0306539074960128,45.227089808659606,-1.6213161279150086,-2.1769939523041204,1,-6.0,-0.0210472092202145,0.0569828019121196,0,0.4767719079343151,0.3947611380616002,0,0,0,0,0,0,0,0,0,0,0,0,18,3,3,2021,313.812,0.5732180175729518,315.9705,330.58555726983326,301.35544273016677,-0.03063063063063054,6.596884449838436,0.056982801912119685,0,-6.789999999999964,0.27000000000003865,7.939999999999998,318.17333333333335,317.762,5.352469834874433,4.007657669983685,-0.03063063063063054,-0.021296615751340675,-0.018865551502955547
2021-03-19,311.87,314.73,309.66,313.14,304.97,78446200.0,306.852,321.04019999999997,0.0035539175359506,46.208213243084806,-1.728316418485747,-2.0872584455404457,0,-2.319999999999993,-0.0229681556177925,-0.0516440778983076,0,0.4791782714288898,0.3724659654030526,0,0,0,0,0,0,0,0,0,0,0,0,19,4,3,2021,314.258,0.3707448527077615,315.0765,327.9880379022215,302.1649620977785,0.003525189078323221,6.3578032544502525,-0.051644077898307605,0,-7.439999999999998,2.259999999999991,4.4599999999999795,315.6933333333333,317.29799999999994,5.403196584730822,4.45063141585323,0.003525189078323221,-0.023207935616694764,-0.007354339694414458
2021-06-01,335.3,335.79,331.43,332.82,324.54,31145400.0,319.9825,329.98580000000004,-0.0033167495854062,53.66195555565611,0.5716364972811903,-0.3244508347251181,1,0.3100000000000023,-0.0039188193128483,0.0406984903466389,0,0.5227824691963192,0.1256016888779869,0,0,0,0,0,0,0,0,0,0,0,0,1,1,6,2021,329.989,0.9232657698458506,328.14349999999996,338.25612038249915,318.0308796175008,-0.003324049950588437,4.590011982564142,0.04069849034663897,0,-1.3100000000000023,3.990000000000009,8.409999999999968,333.21,333.346,0.6242595612978855,0.6306583859414003,-0.003324049950588437,-0.003920629695028932,0.0009323027878860302
2021-06-02,333.25,334.34,331.7,333.47,325.18,22047900.0,320.145,330.283,0.001972021938744,54.514415296872876,0.7401968871914164,-0.1115212903418112,0,0.5,0.0017976013736704,-0.2920977094530813,0,0.5242084623782892,0.0781215668570742,0,0,0,0,0,0,0,0,0,0,0,0,2,2,6,2021,331.114,0.8770843641112682,328.31,338.6555942313885,317.9644057686115,0.0019530076317531009,3.7817932254530464,-0.29209770945308133,0,0.5900000000000318,6.460000000000036,11.25,333.4066666666667,333.446,0.5577036248803751,0.5947520489734288,0.0019530076317531009,0.0017724104782506078,0.001501636784094762
2021-06-03,330.55,331.86,328.28,330.0,321.79,37057800.0,320.192,330.53860000000003,-0.0104249953871701,49.300235837377656,0.593397228150252,0.0294624133566014,1,-4.1299999999999955,-0.0117697230338323,0.6807859251901542,0,0.5166551547425414,0.1564586796376949,0,0,0,0,0,0,0,0,0,0,0,0,3,3,6,2021,331.85499999999996,0.5818604076643048,328.3585,338.72621194625594,317.99078805374404,-0.010405733649203941,2.3992880888746737,0.6807859251901542,1,-3.930000000000007,-2.509999999999991,7.410000000000025,332.09666666666664,332.62,1.8446228159728686,1.5338350627623134,-0.010405733649203941,-0.011768933608840237,-0.012360458504174998
2021-06-04,331.85,336.06,331.78,335.6,327.25,38736500.0,320.3915,331.0132,0.0169675875571024,56.52690840679174,0.9071764442501832,0.2050052195353177,1,2.7200000000000273,0.0085146141086763,0.0452995050974422,0,0.5288206590762238,0.1652198646705618,0,0,0,0,0,0,0,0,0,0,0,0,4,4,6,2021,332.532,0.7235175660771886,328.563,339.32513937842003,317.80086062157994,0.01696969696969708,2.406019303532599,0.045299505097442294,0,2.7800000000000296,2.6299999999999955,6.770000000000039,333.02333333333337,333.16400000000004,2.826593945582847,2.045954544890597,0.01696969696969708,0.008352863409651023,0.008171112713290185
2021-06-07,335.05,336.66,334.34,336.6,328.23,32611900.0,320.5085,331.5186,0.0029946524064172,57.686767676086774,1.2208533065023062,0.4081748369287155,1,2.670000000000016,0.0095372445763496,-0.1581092767802976,0,0.5310042111361155,0.1332553958242543,0,0,0,0,0,0,0,0,0,0,0,0,7,0,6,2021,333.49100000000004,0.8363671447221781,328.683,339.74326961699126,317.62273038300873,0.0029797377830751426,1.793806938724454,-0.15810927678029763,0,3.1299999999999955,2.4700000000000273,9.590000000000032,334.06666666666666,333.698,3.557152419169471,2.5757173757533938,0.0029797377830751426,0.009386151677811982,0.007995687718983069
2021-06-08,338.4,339.29,335.03,336.76,328.38,27282800.0,321.0445,331.93379999999996,0.0004569966182248,57.88039814390528,1.4646644856854891,0.6194727666800703,1,3.9399999999999977,0.0204192365817446,-0.1634096756092101,0,0.5313384282881397,0.1054426650452881,0,0,0,0,0,0,0,0,0,0,0,0,8,1,6,2021,333.916,0.8697318415672979,329.233,340.7420557388755,317.72394426112453,0.0004753416518121778,2.024226601301353,-0.16340967560921016,0,6.759999999999991,3.8799999999999955,4.25,336.32,334.486,0.6286493457123707,2.83008480434016,0.0004753416518121778,0.02048484848484855,0.01183823087554825
2021-06-09,338.17,338.97,336.65,336.84,328.46,21485300.0,321.6065,332.3524,0.0002436201961142,57.983928479930114,1.6453750735278163,0.8246532280496195,1,3.3699999999999477,0.0036952692207563,-0.2124965179527028,0,0.5315166774358859,0.075185340789587,0,0,0,0,0,0,0,0,0,0,0,0,9,2,6,2021,334.303,0.8444402139360793,329.80949999999996,341.62577094309125,317.99322905690866,0.00023755790473933835,2.1866923271041276,-0.21249651795270286,0,1.2399999999999523,2.909999999999968,3.8699999999999477,336.7333333333333,335.16,0.12220201797415274,2.9272512703483953,0.00023755790473933835,0.0036948748510130525,0.010105856598794372
2021-06-10,337.19,340.46,336.73,340.35,331.88,33702100.0,322.75,332.87300000000005,0.0104122267551605,62.35594305294502,2.041027242651808,1.0679280309700572,1,10.350000000000023,0.0111128435694995,0.568612027758514,0,0.5391368285020387,0.1389451819223252,0,0,0,0,0,0,0,0,0,0,0,0,10,3,6,2021,334.925,1.0006797042321955,330.9825,342.0711552386008,319.89384476139924,0.010420377627360367,2.9002308337392275,0.568612027758514,1,3.75,7.53000000000003,6.220000000000027,337.9833333333333,337.23,2.0499837397389276,1.8139184104456927,0.010420377627360367,0.011140819964349458,0.03136363636363648
2021-06-11,340.36,341.25,339.69,341.24,332.75,21222800.0,323.8175,333.31519999999995,0.002621429432325,63.39601201181131,2.397153275525,1.3337730798810457,1,5.639999999999986,0.0132772763835997,-0.3702825639945285,0,0.5410752879837792,0.0738153455128088,0,0,0,0,0,0,0,0,0,0,0,0,11,4,6,2021,335.761,1.0930260194831571,332.0775,342.665033943301,321.48996605669896,0.0026149551931835546,3.4060451161745133,-0.3702825639945285,0,4.480000000000018,7.769999999999982,8.360000000000014,339.4766666666667,338.358,2.3263777279690325,2.2484705912580814,0.0026149551931835546,0.01330324266539984,0.016805721096543547
2021-06-14,341.68,344.52,340.46,344.51,335.94,27827700.0,324.701,333.714,0.0095867768595041,67.00328379101984,2.903324346573527,1.647683333219542,0,7.909999999999968,0.0226204330469896,0.3112171815217597,0,0.5481829727501615,0.1082865142883983,0,0,0,0,0,0,0,0,0,0,0,0,14,0,6,2021,336.819,1.2898791964830782,332.9835,344.52717406853446,321.4398259314655,0.009582698394092093,4.299988242887637,0.3112171815217597,0,7.670000000000016,14.509999999999991,10.579999999999984,342.0333333333333,339.94,2.19053265969353,3.258274082969455,0.009582698394092093,0.022770454815342678,0.023499702911467413
2021-06-15,344.15,344.47,341.52,342.26,333.75,35963800.0,325.5715,333.9382,-0.0065190212537953,62.44337381402188,3.0921099509953365,1.936568656774701,0,5.5,0.0056891850380338,0.2923741451862711,0,0.5433034023306076,0.150749061227046,0,0,0,0,0,0,0,0,0,0,0,0,15,1,6,2021,337.76300000000003,1.1867024810920217,333.876,345.3903343707119,322.36166562928804,-0.006531015064874746,4.360303378853207,0.29237414518627114,0,1.9099999999999682,6.659999999999968,9.439999999999998,342.67,341.04,1.6731108749419883,2.8144892964353247,-0.006531015064874746,0.0056118701336858035,0.01633210595082546
2021-06-16,342.74,343.84,337.45,341.01,332.53,55399500.0,326.4875,334.142,-0.0036554307116105,60.00035841756406,3.1074592427674474,2.17074677397325,1,4.170000000000016,-0.0005876751059017,0.5404239818929035,0,0.540585102827477,0.2521845553256283,0,0,0,0,0,0,0,0,0,0,0,0,16,2,6,2021,338.517,0.9619944644255565,334.8155,345.4011307795313,324.2298692204687,-0.003652194238298323,4.183807542853623,0.5404239818929035,1,-0.2300000000000182,4.409999999999968,7.539999999999964,342.5933333333333,341.874,1.7736497211069373,1.6254630108827004,-0.003652194238298323,-0.000674012425272541,0.01237976487353043
2021-06-17,339.97,346.38,339.92,345.34,336.75,59722700.0,327.5965,334.4164,0.0126905843081828,65.09475859366657,3.420710576859392,2.4207395345504787,0,4.989999999999952,0.0025161323427769,0.0780368053863302,0,0.5499877453710924,0.2747474642039805,0,0,0,0,0,0,0,0,0,0,0,0,17,3,6,2021,340.05100000000004,1.0268025322449246,335.95300000000003,345.90992743774734,325.9960725622527,0.012697574851177285,3.464433415289229,0.07803680538633029,0,0.8299999999999841,8.579999999999984,15.339999999999975,342.86999999999995,342.87199999999996,2.228519688010112,1.954423188499999,0.012697574851177285,0.002409218890598197,0.014661377993242075
2021-06-18,343.63,344.81,341.86,342.63,334.11,55414900.0,328.2695,334.56739999999996,-0.0078396436525611,59.94861185118047,3.416554663947238,2.6199025604298307,1,1.3899999999999864,0.001195509944011,-0.0721300276109419,0,0.5441055234954658,0.252264928381866,0,0,0,0,0,0,0,0,0,0,0,0,18,4,6,2021,340.754,0.8180596830078759,336.643,346.4412163683278,326.84478363167216,-0.007847338854462205,3.1608444722671307,-0.0721300276109419,0,0.37000000000000455,5.7900000000000205,7.029999999999973,342.99333333333334,343.15,2.1877461765894415,1.7526979202778072,-0.007847338854462205,0.001081049494536357,0.00407337943969055
2021-06-21,342.43,344.69,340.15,344.36,336.18,32992600.0,329.1345,334.71240000000006,0.0061955643350992,62.013186117360625,3.539491716065129,2.8038203915568904,0,-0.14999999999997726,0.0110465049907209,-0.404625831680649,0,0.5487177201934003,0.1352422804028047,0,0,0,0,0,0,0,0,0,0,0,0,21,0,6,2021,341.53,0.7302889674663917,337.5105,346.8027709280654,328.21822907193456,0.00504917841403274,2.974786640355849,-0.40462583168064903,0,3.3500000000000227,4.009999999999991,7.759999999999991,344.10999999999996,343.12,1.3721880337059038,1.7246593865880293,0.00504917841403274,0.009823758834051954,-0.00043540100432493123
2021-08-31,380.51,380.58,378.36,379.95,370.93,29628200.0,361.3555,363.784,-0.000808124343399,69.54098203302229,4.083239855532554,3.2609502993148536,1,5.579999999999984,0.0201236748102116,0.0854530200727587,0,0.626144693745683,0.1176833771296902,0,0,0,0,0,0,0,0,0,0,0,0,31,1,8,2021,372.497,0.8457703395279039,370.1435,379.78508550243174,360.5019144975683,-0.0008152316835848827,6.138642720059638,0.08545302007275879,0,7.529999999999973,12.21999999999997,14.21999999999997,378.75,376.694,2.352041666247166,3.3763856414353706,-0.0008152316835848827,0.020219107459320096,0.014905040467986241
2021-09-01,381.04,382.71,380.37,380.58,371.54,28138300.0,362.0015,364.44419999999997,0.0016445151376269,70.21488244726694,4.337818321127884,3.47632390367746,0,5.779999999999973,0.0120591850520797,-0.0502865513261014,0,0.6275038434972483,0.1099075448901785,0,0,0,0,0,0,0,0,0,0,0,0,1,2,9,2021,374.334,0.8859358760083875,370.80550000000005,381.361037835691,360.2499621643091,0.00165811290959339,5.425385188587319,-0.05028655132610149,0,4.539999999999964,7.349999999999966,18.370000000000005,380.2633333333333,377.85,0.3150132268533978,3.5507745633437158,0.00165811290959339,0.012073183703861234,0.015421558164354199
2021-09-02,381.97,382.31,379.15,380.4,371.37,25453400.0,362.5255,365.0974,-0.0004575550411799,69.74011696439638,4.47427930333356,3.67591498360868,1,7.979999999999961,0.0003788357530479,-0.0954179890043108,0,0.6271250640582874,0.0958949722478099,0,0,0,0,0,0,0,0,0,0,0,0,2,3,9,2021,375.97799999999995,0.820810316517246,371.342,382.6743017962241,360.0096982037759,-0.00047296232066851296,4.308420179664935,-0.09541798900431087,0,0.13999999999998636,6.029999999999973,16.439999999999998,380.30999999999995,379.446,0.32449961442063907,1.9179103210749346,-0.00047296232066851296,0.0003681691474253235,0.021427420654100082
2021-09-03,379.22,381.98,379.2,381.57,372.51,24605400.0,363.1855,365.731,0.0030697148396476,71.10762908782503,4.621144411291482,3.864960869145241,1,5.529999999999973,0.0042566749360947,-0.0333157849246072,0,0.6296651144136717,0.0914692351251131,0,0,0,0,0,0,0,0,0,0,0,0,3,4,9,2021,377.36199999999997,0.7773873807516054,372.018,384.07404014594783,359.9619598540521,0.003075709779179814,3.514237075429472,-0.033315784924607295,0,1.6200000000000045,6.769999999999982,13.839999999999975,380.84999999999997,380.552,0.6299999998077978,0.6139788267389331,0.003075709779179814,0.004263718910382908,0.014705882352941124
2021-09-07,381.68,382.78,380.49,382.11,373.04,23970200.0,363.8385,366.384,0.0014227805964941,71.74236394530642,4.725826254719664,4.037133946260126,0,1.8500000000000227,0.0040349403949618,-0.0258154714005868,0,0.6308460150174907,0.0881541075067912,0,0,0,0,0,0,0,0,0,0,0,0,7,1,9,2021,378.25,0.7078665798380595,372.687,385.40570134882915,359.96829865117087,0.0014152055979244071,3.4758436226318734,-0.02581547140058682,0,1.5300000000000296,9.689999999999998,8.879999999999995,381.35999999999996,380.922,0.8741281369207462,0.8895897929287485,0.0014152055979244071,0.004020179725682027,0.004865092305264884
2021-09-08,381.93,381.93,378.45,380.78,371.74,32949200.0,364.519,366.9254,-0.0034848809779112,67.79205956672584,4.650282670457045,4.15976369109951,0,0.8299999999999841,0.0010076144582306,0.3745901160607754,0,0.6279494663666139,0.135015774517044,0,0,0,0,0,0,0,0,0,0,0,0,8,2,9,2021,378.89099999999996,0.5046801354499433,373.384,386.2713572155314,360.49664278446863,-0.0034806731046035377,3.2654945176109003,0.3745901160607754,0,0.37999999999999545,4.739999999999952,6.409999999999968,381.4866666666667,381.088,0.6689045769685965,0.7250999928855947,-0.0034806731046035377,0.000998948475289252,0.0021844979602578807
2021-09-09,381.01,382.15,379.22,379.47,370.46,29399000.0,365.166,367.415,-0.003443266799376,64.05107726257829,4.435993165174921,4.215009585914592,0,-1.1099999999999568,-0.005505367180793,-0.1077476843140349,0,0.6250974800026736,0.1164871755394519,0,0,0,0,0,0,0,0,0,0,0,0,9,3,9,2021,379.358,0.22849210959159194,374.047,386.7529168894146,361.34108311058543,-0.003440306738799137,2.9323702964766287,-0.10774768431403492,0,-2.099999999999966,-0.7899999999999636,4.670000000000016,380.7866666666667,380.866,1.3200126261105696,1.026708332333527,-0.003440306738799137,-0.0055035773252613,-0.002916600977455386
2021-09-10,381.23,381.97,376.25,376.59,367.65,40249400.0,365.6085,367.8582,-0.0075851643902176,56.64973355551184,3.993390354310861,4.170685739593846,0,-3.8100000000000023,-0.0145133121675048,0.3690737780196604,0,0.6188364786880862,0.1731157345914674,0,0,0,0,0,0,0,0,0,0,0,0,10,4,9,2021,379.775,-0.1796881724926891,374.5,386.886226221118,362.113773778882,-0.007589532769389007,1.976985640394376,0.36907377801966046,0,-5.520000000000039,-3.3600000000000136,4.169999999999959,378.94666666666666,380.104,2.143462930189403,2.201154242592878,-0.007589532769389007,-0.014446101907827691,-0.010015772870662465
2021-09-13,378.99,379.43,374.22,376.33,367.4,48741800.0,365.9755,368.29339999999996,-0.0006799945600435,56.02037851232043,3.5811700283711048,4.052782597349299,0,-5.240000000000009,-0.0117084257496371,0.2109944496067022,0,0.6182794501013791,0.2174378217857953,0,0,0,0,0,0,0,0,0,0,0,0,13,0,9,2021,379.804,-0.481589333897114,374.8755,387.0028203553264,362.7481796446736,-0.0006904060118431143,1.9173372740145687,0.21099444960670222,0,-4.449999999999989,-4.25,0.2899999999999636,377.4633333333333,379.056,1.7426799284722339,2.5486623942151896,-0.0006904060118431143,-0.011686538158516724,-0.013732735802080898
2021-09-14,377.86,378.61,374.28,375.26,366.35,41826600.0,366.282,368.6258,-0.002857920522591,53.39153136201599,3.13363364732578,3.868952807344595,1,-6.850000000000023,-0.0111230794728521,-0.1418741203648613,0,0.6159399300372095,0.1813471881173133,0,0,0,0,0,0,0,0,0,0,0,0,14,1,9,2021,379.304,-0.7516453118642135,375.1895,387.01133145712686,363.36766854287316,-0.002843249275901405,2.3810744540350886,-0.14187412036486136,0,-4.210000000000036,-5.139999999999986,-5.0,376.05999999999995,377.68600000000004,0.7049113417799792,2.328138741503472,-0.002843249275901405,-0.011094421166363722,-0.017926775012431007
2021-09-15,375.73,378.41,373.37,378.05,369.07,34097900.0,366.883,368.98299999999995,0.0074245939675172,58.818160553854746,2.964268862776521,3.688016018430981,1,-2.7299999999999613,0.0038866788848826,-0.1847795422051995,0,0.6220004010605824,0.1410108738482254,0,0,0,0,0,0,0,0,0,0,0,0,15,2,9,2021,379.114,-0.7395352311409318,375.8055,386.8498623175227,364.7611376824773,0.007434845174012716,2.3995332879755518,-0.18477954220519954,0,1.4600000000000364,-3.519999999999982,-1.8999999999999773,376.5466666666666,377.14,1.4075629055577719,1.6393596309811007,0.007434845174012716,0.0038768952972729753,-0.007169494196123671
2021-09-16,376.68,378.9,374.7,378.31,369.33,35193100.0,367.669,369.33020000000005,0.000704473406129,59.293801989830804,2.818535554508344,3.5141199256464533,0,-1.160000000000025,0.0052711468510552,0.0321192800729663,0,0.6225797107907577,0.1467267550944253,0,0,0,0,0,0,0,0,0,0,0,0,16,3,9,2021,378.887,-0.71097690081226,376.6105,385.75778478843415,367.46321521156585,0.0006877397169686716,2.3523465825738783,0.03211928007296638,0,1.9800000000000182,-3.8000000000000114,-2.269999999999982,377.2066666666667,376.908,1.69086762731463,1.2669727699090148,0.0006877397169686716,0.005261339781574836,-0.003056895143226157
2021-09-17,377.82,377.87,372.76,373.83,364.95,60912300.0,368.1505,369.6314,-0.0118593128096823,48.828799484569345,2.3228352639333707,3.275862993303837,0,-2.759999999999991,-0.003730245436036,0.7308023447778116,0,0.6128205699516498,0.280956021846858,0,0,0,0,0,0,0,0,0,0,0,0,17,4,9,2021,378.23,-0.9744814674757247,377.104,384.33157608059025,369.8764239194097,-0.011842140043879401,2.764243919147957,0.7308023447778116,1,-1.4300000000000068,-6.949999999999989,-6.569999999999993,376.73,376.356,2.514835978700889,1.8888038542135677,-0.011842140043879401,-0.0038106912540638582,-0.007328925356488436
2021-09-20,367.46,369.25,360.93,365.7,357.41,76203200.0,368.071,369.7252,-0.0206603644334839,36.305909320360044,1.306513551785713,2.881993105000213,0,-10.629999999999995,-0.0318152038370372,0.2510314008829086,0,0.5960205877765647,0.3607596819523346,0,0,0,0,0,0,0,0,0,0,0,0,20,0,9,2021,376.643,-1.6379454875227784,377.0025,384.789188320507,369.215811679493,-0.02174785330230322,4.587773727842136,0.25103140088290865,0,-12.350000000000023,-13.770000000000039,-15.870000000000005,372.6133333333333,374.23,6.392435633865369,5.128854647940042,-0.02174785330230322,-0.032667636556011126,-0.02824648579703981
2021-11-30,398.78,401.19,391.75,393.82,384.9,81332700.0,387.1675,379.7346,-0.0146686122417633,52.78115367444818,4.366802035232468,5.539993470766453,0,-5.480000000000018,-0.0119230124015083,0.493793057848811,0,0.6572714511708739,0.3875306944179868,0,0,0,0,0,0,0,0,0,0,0,0,30,1,11,2021,398.10400000000004,-1.1969044867568446,396.14399999999995,404.0297755484652,388.2582244515347,-0.014686381946008131,3.642560759821887,0.493793057848811,0,-4.939999999999998,-7.930000000000007,-0.7900000000000205,394.90333333333336,396.19,4.347439859624373,3.571974243979676,-0.014686381946008131,-0.012388404052562918,-0.013724017029802194
2021-12-01,398.28,400.48,386.64,387.12,378.35,77766500.0,387.0735,380.154,-0.017017407118732,45.915896473570534,3.3411684928738623,5.100228475187935,1,-10.360000000000014,-0.0100037470374321,-0.0438470627435213,0,0.6426773021991489,0.3689185909663816,0,0,0,0,0,0,0,0,0,0,0,0,1,2,12,2021,397.074,-1.796686490506712,396.0475,404.31610054669306,387.77889945330696,-0.017012848509471268,5.0440904917530816,-0.04384706274352135,0,-4.079999999999984,-16.870000000000005,-10.300000000000011,393.54333333333335,394.11800000000005,6.289565432766772,5.248115852347172,-0.017012848509471268,-0.010429447852760676,-0.026064204488276177
2021-12-02,385.8,391.74,384.34,389.91,381.08,84416600.0,386.914,380.56080000000003,0.0072155411655874,48.89674936578649,2.7173112332724827,4.623645026804844,0,-8.849999999999966,-0.0244704781949078,0.0855136851986395,0,0.6487600543659899,0.4036256598810583,0,0,0,0,0,0,0,0,0,0,0,0,2,3,12,2021,396.302,-1.9478574765396361,395.884,404.49516112964864,387.2728388703514,0.007207067575945469,5.518046755882429,0.08551368519863956,0,-9.779999999999973,-9.389999999999986,-7.71999999999997,390.2833333333333,392.348,3.365565826583161,4.76092112932578,0.007207067575945469,-0.024468963446671155,-0.022193800782425388
2021-12-03,391.31,392.34,378.9,383.13,374.45,105349100.0,386.1765,380.76379999999995,-0.0173979216962317,42.7330062733023,1.6686787793594815,4.032651777315772,1,-8.069999999999993,-0.0271997876493763,0.2479666321552869,0,0.6339876562465185,0.5128729975235705,0,0,0,0,0,0,0,0,0,0,0,0,3,4,12,2021,394.44,-2.416218616356126,395.1295,405.2939743592952,384.9650256407048,-0.017388628144956564,6.525079820720232,0.24796663215528691,0,-10.689999999999998,-14.350000000000023,-18.620000000000005,386.72,390.73400000000004,3.407653151325945,6.350081101817802,-0.017388628144956564,-0.02714438068152958,-0.020628834355828185
2021-12-06,383.63,387.6,379.3,386.2,377.45,67588800.0,385.5705,381.0212,0.008011750567499,46.049314387768845,1.0674006028822305,3.439601542429064,1,-13.490000000000009,-0.0021706299631453,-0.3584302096553269,0,0.6406719992870034,0.3158008731436563,0,0,0,0,0,0,0,0,0,0,0,0,6,0,12,2021,392.66099999999994,-2.4247250951090056,394.5095,405.2480873838586,383.7709126161414,0.008012945997442067,6.039101202450258,-0.3584302096553269,0,-0.9200000000000159,-12.560000000000002,-17.79000000000002,386.41333333333336,388.03599999999994,3.395030682199482,4.0387287603487945,0.008012945997442067,-0.002376524075222153,-0.03375115714678878
2021-12-07,393.03,398.46,392.99,397.83,388.82,56005300.0,385.5595,381.5708,0.0301231951251821,56.35949510279141,1.4911581500537636,3.0499128639540043,1,4.009999999999991,0.0207370239964493,-0.1713819449376228,0,0.6660056594104409,0.2553462434729511,0,0,0,0,0,0,0,0,0,0,0,0,7,1,12,2021,392.514,-1.592752016257505,394.498,405.22183625391426,383.7741637460857,0.030113930605903727,5.875210067175133,-0.17138194493762282,0,7.919999999999959,6.6299999999999955,-1.4700000000000273,389.0533333333333,388.838,7.75426549281542,5.578912976527497,0.030113930605903727,0.020312379779949152,0.010182316794474566
2021-12-08,398.17,399.82,396.22,399.61,390.56,39204000.0,385.7695,382.3656,0.0044750784424669,57.69214267226891,1.9449720898598457,2.828924709135173,0,12.490000000000009,0.0426100241351481,-0.2999948219186398,0,0.6698825783739221,0.1676597610206334,0,0,0,0,0,0,0,0,0,0,0,0,8,2,12,2021,392.727,-0.9025698216364497,394.7125,405.66275091040234,383.7622490895976,0.004474272930648837,6.109202621191205,-0.2999948219186398,0,16.480000000000018,-0.07999999999998408,2.1299999999999955,394.5466666666667,391.336,7.283009908894256,7.18299241261344,0.004474272930648837,0.0430141205335004,0.03226389749948333
2021-12-09,398.35,400.2,393.53,393.73,384.81,49973700.0,385.976,383.05460000000005,-0.0147224498156492,52.03892311231182,1.819669939111293,2.627073755130397,1,3.819999999999993,0.0198758237519998,0.2747092133455771,0,0.6570709208796595,0.2238671443818451,0,0,0,0,0,0,0,0,0,0,0,0,9,3,12,2021,392.224,-0.8242260630679441,394.9235,405.6244238386584,384.2225761613416,-0.014714346487825658,5.754032788700105,0.2747092133455771,0,7.53000000000003,-0.08999999999997499,-5.029999999999973,397.0566666666667,392.1,3.015316456533935,7.1965408356835505,-0.014714346487825658,0.019497669601242995,0.009797132671642172
2021-12-10,396.62,398.28,393.36,398.01,388.99,52545800.0,386.3385,383.8556,0.0108625035731919,55.460129398707174,2.034209052466565,2.508500814597631,0,14.879999999999995,0.0006151322000096,0.051469072732257,0,0.6663844388494017,0.237291010482421,0,0,0,0,0,0,0,0,0,0,0,0,10,4,12,2021,392.90500000000003,-0.48321164990897314,395.29449999999997,405.8826376549783,384.70636234502166,0.0108703934168084,6.01638180305264,0.05146907273225709,0,0.18000000000000682,10.889999999999986,6.810000000000002,397.11666666666673,395.07599999999996,3.040087717985154,5.416297628422538,0.0108703934168084,0.0004524545660207213,0.03883799232636442
2021-12-13,398,398.33,391.88,392.26,383.37,50166400.0,386.219,384.49719999999996,-0.0144476721766626,50.271843433354434,1.7307942945259356,2.3529595105832923,0,6.060000000000002,-0.0183076184191199,-0.0452824012575695,0,0.6538624362202268,0.2248728513907409,0,0,0,0,0,0,0,0,0,0,0,0,13,0,12,2021,392.162,-0.6344267292637085,395.1725,405.84114916476165,384.5038508352384,-0.014446873194140841,5.523997747212939,-0.04528240125756955,0,-7.350000000000023,2.349999999999966,-7.430000000000007,394.6666666666667,396.28799999999995,2.9872451076287243,3.1283733791946,-0.014446873194140841,-0.018392933109782073,0.015691351631279105
2021-12-14,387.3,390.09,383.63,388.2,379.4,75199200.0,385.9055,385.2088,-0.0103555312100582,46.93322851846094,1.1566568711306218,2.113698982692758,1,-9.629999999999995,-0.0139406998135289,0.4989953434968426,0,0.6450168222633185,0.3555197762080097,0,0,0,0,0,0,0,0,0,0,0,0,14,1,12,2021,391.6,-0.976936935425988,394.852,405.9456497150743,383.75835028492565,-0.010350277876918335,5.621595265886324,0.4989953434968426,0,-5.53000000000003,5.069999999999993,-5.6200000000000045,392.82333333333327,394.36199999999997,4.929202099027562,4.572676459105421,-0.010350277876918335,-0.014045157849287615,-0.02420631928210537
2021-12-15,387.94,397.42,383.88,397.05,388.05,73858000.0,385.8875,386.00219999999996,0.0227991565629943,54.09047877218393,1.3836813186569543,1.9676954498855972,0,-2.5600000000000023,-0.0020040468237265,-0.0178352961201715,0,0.6642900113633832,0.3485200136738576,0,0,0,0,0,0,0,0,0,0,0,0,15,2,12,2021,392.59299999999996,-0.595279593314654,394.8335,405.91118075911055,383.7558192408895,0.02279752704791349,5.619337742721064,-0.01783529612017154,0,-0.9599999999999795,10.850000000000023,9.930000000000007,392.50333333333333,393.85,4.430015048852415,3.9373404729154124,0.02279752704791349,-0.0024119996985000336,-0.006406246089937673
2021-12-16,398.04,398.48,385.21,386.84,378.07,82591400.0,385.36,386.5456,-0.025718335266074,46.327482286313064,0.7496556713495579,1.7240874941783897,0,-6.890000000000043,-0.0132747099131379,0.1182458230658831,0,0.6420534301820369,0.3940998870080086,0,0,0,0,0,0,0,0,0,0,0,0,16,3,12,2021,392.286,-0.9947430796933845,394.294,405.8164084288297,382.7715915711703,-0.025714645510641065,5.860874413344099,0.11824582306588316,0,-5.420000000000016,-10.990000000000009,-3.07000000000005,390.69666666666666,392.47200000000004,5.544008778227606,5.040879883478709,-0.025714645510641065,-0.013817366032733425,-0.017499301551824997
2021-12-17,383.33,389.19,381.77,384.91,376.19,80492500.0,384.537,386.98439999999994,-0.0049726241172269,45.01238806709047,0.0943973360363656,1.398149462549985,0,-13.099999999999966,-0.0078918028203066,-0.0254130575338352,0,0.6378645752099997,0.3831456657263715,0,0,0,0,0,0,0,0,0,0,0,0,17,4,12,2021,392.464,-1.3321799554016867,393.452,405.1320489725327,381.7719510274673,-0.004989142798055957,5.571802421328752,-0.02541305753383527,0,-3.2899999999999636,-14.699999999999989,1.7800000000000296,389.59999999999997,389.852,6.523656949881325,4.843404794115908,-0.004989142798055957,-0.008475012879958665,-0.032913745885781664
2021-12-20,379.57,381.5,377.47,380.69,372.54,65336800.0,383.422,387.375,-0.0097025439272707,42.19212637332619,-0.711225545887487,0.9762744608624908,0,-11.569999999999993,-0.0403935033105717,-0.188287107494487,0,0.6297319578440765,0.304047618426306,0,0,0,0,0,0,0,0,0,0,0,0,20,0,12,2021,391.913,-1.756156897135965,392.28700000000003,404.1764274042427,380.39757259575737,-0.01096360188095924,6.4614945811572575,-0.18828710749448707,0,-16.360000000000014,-13.04000000000002,-5.509999999999991,384.1466666666667,387.538,3.1452556864404824,6.025053526705737,-0.01096360188095924,-0.041203878604709754,-0.029495742619691012
2022-03-03,349.93,350.04,340.35,342.26,334.93,71089400.0,341.341,366.035,-0.0143029518231849,43.31904622483335,-6.064903962096253,-6.81358852783224,0,1.7699999999999818,-0.0128086347092777,0.0068036652551375,0,0.545932577259865,0.3340706082518078,0,0,0,0,0,0,0,0,0,0,0,0,3,3,3,2022,341.84900000000005,0.7694552431228026,348.809,366.21519878091163,331.4028012190884,-0.014284891423305246,5.298285781485029,0.0068036652551375365,0,-4.5400000000000205,4.180000000000007,-13.78000000000003,343.6566666666667,344.70799999999997,3.109860661378965,2.653426087106748,-0.014284891423305246,-0.013091118800461432,0.005198390554788546
2022-03-04,339.84,341.31,334.92,337.3,330.08,76936300.0,340.546,364.9968,-0.0144806377452005,40.57663412066675,-6.232740008278483,-6.697418823921488,0,-8.46999999999997,-0.011996229463053,0.0822471423306427,0,0.5351262226777478,0.3645857525710244,0,0,0,0,0,0,0,0,0,0,0,0,4,4,3,2022,341.034,0.47883626079868513,347.9965,365.9500826786914,330.04291732130866,-0.014491906737567839,5.30963945208852,0.08224714233064279,0,-4.189999999999998,7.8799999999999955,-8.149999999999977,342.26,343.014,4.9599999999861675,4.109900242066917,-0.014491906737567839,-0.012269758997335178,-0.024496052289093795
2022-03-07,337.29,338.48,324.65,324.86,317.9,89933800.0,338.924,363.615,-0.0369001454192923,34.65148750950752,-7.264831041517709,-6.810901267440732,0,-21.939999999999998,-0.0656837349876778,0.1689384594788157,0,0.5079877899333793,0.4324200901326416,0,0,0,0,0,0,0,0,0,0,0,0,7,0,3,2022,339.369,-0.4597958698154354,346.339,366.29764213819664,326.38035786180336,-0.036881114734657605,7.358894014128349,0.1689384594788157,0,-22.360000000000014,-15.629999999999995,-16.649999999999977,334.8066666666667,338.626,8.963957459360007,8.463544174856626,-0.036881114734657605,-0.06439721214215777,-0.06326412918108415
2022-03-08,324.05,333.21,319.94,323.35,316.43,116153900.0,337.369,362.1436,-0.0046240956275557,34.00244303939304,-8.107924232328855,-7.070305860418356,1,-18.139999999999986,-0.0560048787920486,0.2915488948537701,0,0.5047124618435418,0.5692635688246485,0,0,0,0,0,0,0,0,0,0,0,0,8,1,3,2022,337.896,-1.0568104070525441,344.75,366.6244188494367,322.8755811505633,-0.004648156128793879,8.948180696534916,0.2915488948537701,0,-18.909999999999968,-22.41999999999996,-14.729999999999961,328.50333333333333,334.998,7.65545774811889,10.557794277203731,-0.004648156128793879,-0.05525039443697766,-0.05312014993118386
2022-03-09,331.75,336.38,329.09,334.99,327.82,64723400.0,336.18850000000003,360.77380000000005,0.035995322820213,42.88368085482729,-7.767465344989148,-7.209737757332515,0,-12.230000000000018,-0.005528918226635,-0.4427789338110902,0,0.5300906842539158,0.300846265653827,0,0,0,0,0,0,0,0,0,0,0,0,9,2,3,2022,338.45300000000003,-0.5667982025410012,343.5435,364.7665952266767,322.3204047733233,0.03599814442554505,8.525316611915118,-0.44277893381109024,0,-2.3100000000000023,-11.810000000000002,5.569999999999993,327.73333333333335,332.552,6.32964717288694,8.163581934406007,0.03599814442554505,-0.006848502816483859,-0.03522262542480281
2022-03-10,330.82,332.51,326.71,331.27,324.18,69362700.0,334.4535,359.367,-0.0111036544445122,40.98544598013298,-7.702576298270117,-7.308305465520037,0,-10.990000000000009,0.020267572748145,0.0716788673030155,0,0.521980348031461,0.3250589097969014,0,0,0,0,0,0,0,0,0,0,0,0,10,3,3,2022,337.531,-0.40009341346048455,341.7705,360.7560381540946,322.78496184590546,-0.0111048090987792,8.775435981575441,0.07167886730301554,0,6.409999999999968,-10.220000000000027,-9.220000000000027,329.86999999999995,330.354,5.944947434578047,6.120018790801553,-0.0111048090987792,0.019731576679184792,-0.032110091743119296
2022-03-11,334.32,334.64,323.9,324.4,317.45,66228400.0,332.78799999999995,357.824,-0.0207600715651798,37.6692278354127,-8.100824751145296,-7.466809322645089,0,-12.900000000000034,0.0041315968105208,-0.0451871106516903,0,0.5069851384773066,0.3087009052406886,0,0,0,0,0,0,0,0,0,0,0,0,11,4,3,2022,335.394,-0.6448841365826539,340.069,358.8761612956494,321.2618387043506,-0.020738370513478488,9.140561859709319,-0.04518711065169034,0,1.0499999999999545,-22.82000000000005,-21.370000000000005,330.22,327.774,5.372513378289116,5.092634877916225,-0.020738370513478488,0.0032472552961186896,-0.03824488585828645
2022-03-14,323.13,326.59,317.45,318.17,311.36,79802600.0,331.3745,356.1804,-0.0191841234840131,34.91063756975059,-8.806337644410519,-7.734714986998175,1,-6.689999999999998,-0.0510478494937052,0.2049604097335886,0,0.4934159221051224,0.3795450571875171,0,0,0,0,0,0,0,0,0,0,0,0,14,0,3,2022,332.53100000000006,-1.0924468143198567,338.6245,359.39711223343295,317.8518877665671,-0.019204685573366076,9.641060856799157,0.20496040973358864,0,-16.819999999999993,-24.089999999999975,-28.629999999999995,324.61333333333334,326.43600000000004,6.552605079908732,6.680829289824067,-0.019204685573366076,-0.050210454043404296,-0.020593486424921537
2022-03-15,320.88,328.95,319.23,328.15,321.12,76471000.0,330.428,354.7864,0.0313463514902363,42.21142412189527,-8.48015728848543,-7.883803447295627,1,4.7999999999999545,-0.0085978435589566,-0.0417480132226267,0,0.5151623181301664,0.3621573380861296,0,0,0,0,0,0,0,0,0,0,0,0,15,1,3,2022,331.197,-0.6066668119815173,337.65749999999997,358.489798840996,316.82520115900394,0.0313668793412325,9.175355942236065,-0.04174801322262678,0,-3.1200000000000045,-9.150000000000034,-13.340000000000032,323.5733333333333,327.396,5.041094457878076,6.46800432898506,0.0313668793412325,-0.009418299272496822,0.014844595639399882
2022-03-16,332.17,340.44,328.4,340.32,333.03,105243000.0,329.6545,353.55920000000003,0.0370889387144992,49.63083028219812,-7.177877439387601,-7.742618245714022,1,5.329999999999984,0.0492511667207224,0.3762472048227432,0,0.5416991600008911,0.5123192584802708,0,0,0,0,0,0,0,0,0,0,0,0,16,2,3,2022,330.507,0.5797923100810021,336.867,355.9629745496416,317.7710254503584,0.03708669815633092,8.023687223884433,0.3762472048227432,0,15.920000000000016,15.45999999999998,-6.900000000000034,328.87999999999994,328.462,11.093029342785462,8.231334642679014,0.03708669815633092,0.04907521578298413,0.015910922714110765
2022-03-17,338.37,344.5,337.04,344.44,337.07,67810000.0,329.087,352.5186,0.0121310392457136,51.88307878301841,-5.753494338933308,-7.344793464357879,1,13.170000000000016,0.0805663294504492,-0.355681613028895,0,0.5507007419620774,0.3169553224968882,0,0,0,0,0,0,0,0,0,0,0,0,17,3,3,2022,330.725,1.6281737245802432,336.287,353.6438408415978,318.93015915840215,0.012106252938410833,8.39931379472644,-0.355681613028895,0,26.269999999999982,21.089999999999975,2.180000000000007,337.63666666666666,331.096,8.470019677262053,10.99706006166026,0.012106252938410833,0.08256592387717254,0.0397560901983276
2022-03-18,342.74,351.79,341.55,351.49,343.96,85446300.0,329.3825,351.86259999999993,0.0204408579820214,55.54608856727419,-4.022328156652236,-6.680300402816751,0,27.090000000000032,0.0696608359422343,0.2600840583984662,0,0.5660524498117242,0.4089996946867669,0,0,0,0,0,0,0,0,0,0,0,0,18,4,3,2022,332.14399999999995,2.7183276385941273,336.589,354.76396178814576,318.41403821185423,0.020468006038787623,10.555436935008846,0.26008405839846627,0,23.340000000000032,16.5,14.189999999999998,345.4166666666667,336.514,5.648684212556258,13.304571770626579,0.020468006038787623,0.07112600944689929,0.08350801479654768
2022-03-21,350.2,352.48,345.58,350.08,343.01,73799100.0,329.823,351.18379999999996,-0.0027619490638446,54.650011862264385,-2.6959463539345165,-5.883429593040304,0,31.909999999999968,0.0298099481638904,-0.1363101737582551,0,0.5639357411822374,0.3482126128288967,0,0,0,0,0,0,0,0,0,0,0,0,21,0,3,2022,334.666,3.2314230220225415,337.0175,356.0215247053239,318.0134752946761,-0.004011493925858534,11.584442824565029,-0.13631017375825516,0,9.759999999999991,18.810000000000002,25.21999999999997,348.67,342.896,3.730509348579458,9.3799109803741,-0.004011493925858534,0.028678890456041328,0.10029229657101535
2022-06-01,310.47,312.65,303.73,306.0,299.82,65341700.0,294.106,326.7708,-0.0073828836285383,48.81647847060211,-6.000243898011149,-9.049828159318109,1,18.75999999999999,0.0226076433061914,0.0717323592752299,0,0.4677034825427241,0.3040731916714725,0,0,0,0,0,0,0,0,0,0,0,0,1,2,6,2022,296.409,3.1161953490044567,300.16949999999997,320.725635312855,279.61336468714495,-0.007395873880887471,8.5361876085838,0.07173235927522992,0,6.670000000000016,17.319999999999993,-0.17000000000001592,307.79333333333335,302.794,1.6062793447268187,7.502878114417201,-0.007395873880887471,0.022283098920923505,0.06531123798913807
2022-06-02,304.85,314.56,303.4,314.38,308.03,59291300.0,293.3605,325.91920000000005,0.0273830965245813,53.851204980862526,-4.506693377827673,-8.141201203020021,0,23.120000000000005,0.0173257098253172,-0.0925963052690701,0,0.4859963013301841,0.272495974823401,0,0,0,0,0,0,0,0,0,0,0,0,2,3,6,2022,298.733,3.7129191296129314,299.4085,316.3612287184217,282.4557712815783,0.027385620915032716,9.983225987182836,-0.09259630526907014,0,5.279999999999973,20.899999999999977,23.24000000000001,309.55333333333334,307.418,4.33268200232722,5.465072735087159,0.027385620915032716,0.01708185053380773,0.07937924878115776
2022-06-03,309.03,310.47,304.92,306.2,300.01,60914700.0,293.027,325.0066,-0.0260364250235366,48.80458804141592,-3.924946464546281,-7.297950255325273,1,6.8700000000000045,-0.0060362121274936,0.0273800709378948,0,0.4681268242686214,0.2809685475179599,0,0,0,0,0,0,0,0,0,0,0,0,3,4,6,2022,300.395,3.4461242999840955,299.0685,315.1685537576866,282.96844624231335,-0.026019466887206577,9.668617331923071,0.02738007093789485,0,-2.079999999999984,18.95999999999998,16.620000000000005,308.85999999999996,308.79200000000003,4.781506038891842,3.3947194287291005,-0.026019466887206577,-0.006747113014142991,0.022951257809107117
2022-06-06,310.75,312.35,305.62,307.22,301.01,51785000.0,292.92749999999995,323.95799999999997,0.0033332222259256,49.440850394949415,-3.3446610314677514,-6.507292410553769,1,-1.8799999999999955,0.0046798937269704,-0.1498767949279894,0,0.4703549386154497,0.2333203727430959,0,0,0,0,0,0,0,0,0,0,0,0,6,0,6,2022,302.249,3.231346653184258,298.967,314.8329170551342,283.10108294486577,0.0033311561071196483,8.921295932271486,-0.14987679492798944,0,1.2200000000000273,15.960000000000036,18.54000000000002,309.26666666666665,308.416,4.457547905888519,3.4556446576277824,0.0033311561071196483,0.003986928104575238,-0.006082174053704259
2022-06-07,303.81,310.67,302.69,309.87,303.61,44900300.0,293.5505,322.9684,0.0086375867911365,51.139838995088276,-2.6444982445091227,-5.734733577344841,0,1.5900000000000318,-0.0140656160064743,-0.1329477647967558,0,0.4761480359172032,0.1973889194782014,0,0,0,0,0,0,0,0,0,0,0,0,7,1,6,2022,303.88800000000003,3.1570892673557616,299.60299999999995,316.1324925512068,283.0735074487931,0.008625740511685409,8.632154102221381,-0.13294776479675585,0,-4.509999999999991,10.54000000000002,16.389999999999986,307.7633333333333,308.73400000000004,1.8943688482701078,3.51268842907977,0.008625740511685409,-0.014345696291112597,0.005157648890619093
2022-06-08,309.05,311.72,306.77,307.64,301.43,38342100.0,293.88800000000003,321.823,-0.0071802641546721,49.628487714722176,-2.239704058208133,-5.035727673517499,0,1.6399999999999864,0.0047905448623901,-0.1460613848905241,0,0.4712907466411176,0.1631614793861377,0,0,0,0,0,0,0,0,0,0,0,0,8,2,6,2022,305.928,2.8561741091598636,299.947,316.8408368643835,283.0531631356165,-0.00719656630199772,6.376452862772881,-0.14606138489052412,0,1.4399999999999977,-1.4600000000000364,20.399999999999977,308.24333333333334,309.062,1.4243009981371835,3.261137838207757,-0.00719656630199772,0.004702808621815713,0.005359477124182943
2022-06-09,305.91,309.05,299.23,299.4,293.35,55900500.0,294.2585,320.3872,-0.0268055601632218,44.406244011188164,-2.541592327536818,-4.536900604321363,0,-14.980000000000018,-0.0253482375267574,0.4579404883926545,0,0.4532875827187451,0.2547992891681649,0,0,0,0,0,0,0,0,0,0,0,0,9,3,6,2022,306.742,2.0389147620827064,300.325,316.8097001792694,283.8402998207306,-0.026784553374073594,4.5554724111712455,0.45794048839265455,0,-7.82000000000005,-8.879999999999995,8.139999999999986,305.6366666666666,306.066,5.515000755512468,3.960212115505345,-0.026784553374073594,-0.025454072000520966,-0.04764934156116807
2022-06-10,293.65,294.87,288.38,288.84,283.01,85963500.0,294.1455,318.8222,-0.0352479972728823,38.77505725211266,-3.5739937655860103,-4.344319236574293,0,-17.360000000000014,-0.0692338215907762,0.5377948318888024,0,0.4302488803725407,0.4116989768092418,0,0,0,0,0,0,0,0,0,0,0,0,10,4,6,2022,305.69300000000004,0.7881588868649105,300.2095,316.9796192303574,283.4393807696426,-0.03527054108216432,7.00246631155751,0.5377948318888024,1,-21.03000000000003,-17.160000000000025,-10.490000000000009,298.62666666666667,302.594,9.423827955418398,8.648357069397708,-0.03527054108216432,-0.06786717010359189,-0.056694970607446216
2022-06-13,279.75,282.34,274.53,275.41,269.85,94442000.0,292.846,317.07959999999997,-0.0465001236705415,33.03713064925661,-5.391926587241755,-4.553840706707786,1,-31.810000000000002,-0.1085536811066457,0.0986290693143019,1,0.4009268955682805,0.4559485194917708,0,0,0,0,0,0,0,0,0,0,0,0,13,0,6,2022,302.32399999999996,-0.8536905929009508,298.883,318.7978839815952,278.96811601840477,-0.04649633014817878,11.70594170116884,0.09862906931430193,0,-32.22999999999996,-38.96999999999997,-33.69,287.8833333333334,296.232,12.023578225027608,14.268593834005227,-0.04649633014817878,-0.10476531010271739,-0.10354143610442024
2022-06-14,277.66,278.66,273.34,275.91,270.34,64697500.0,291.74249999999995,315.36080000000004,0.0018158236057066,33.432084338326604,-6.715698153071912,-4.986212195980611,1,-33.95999999999998,-0.0799322973377172,-0.3149499163507762,0,0.4020186715982263,0.3007110927865182,0,0,0,0,0,0,0,0,0,0,0,0,14,1,6,2022,299.087,-1.7636757139733765,297.75649999999996,320.0508735278745,275.4621264721254,0.001815475109836262,14.105575769100296,-0.3149499163507762,0,-23.489999999999952,-30.289999999999964,-32.36999999999995,280.05333333333334,289.44,7.613582161727962,14.236426869120777,0.001815475109836262,-0.07845691382765518,-0.10959434601607121
2022-06-15,279.42,286.83,276.61,282.8,277.09,86051400.0,290.5975,313.63079999999997,0.0249685581120071,38.789688354386215,-7.137847406607534,-5.4165392381059965,0,-24.839999999999975,-0.0197157419528277,0.3300575756404806,0,0.4170584434393172,0.4121577295133516,0,0,0,0,0,0,0,0,0,0,0,0,15,2,6,2022,296.767,-1.755424864357785,296.588,319.4388097011985,273.7371902988015,0.02497191113044095,14.736041266984603,0.33005757564048066,0,-6.039999999999964,-24.420000000000016,-23.19999999999999,278.04,284.472,4.129854719001075,10.00184832917562,0.02497191113044095,-0.020911231131422126,-0.08074372643349359
2022-06-16,275.59,276.06,269.28,271.39,265.91,81910300.0,289.63,311.8366,-0.0403479014038757,33.92086834461654,-8.279099985228243,-5.989051387530446,1,-28.00999999999999,-0.0135635196861619,-0.0481235633586437,0,0.3921481250417772,0.3905452059298614,0,0,0,0,0,0,0,0,0,0,0,0,16,3,6,2022,292.46799999999996,-2.3359363001840787,295.6005,320.88509173094127,270.31590826905875,-0.04034653465346538,15.287317038063687,-0.04812356335864376,0,-4.020000000000039,-38.48000000000002,-42.99000000000001,276.7,278.87,5.745876782533687,6.919707363743329,-0.04034653465346538,-0.014596419883083578,-0.09355377421509681
2022-06-17,272.18,277.19,270.51,274.69,269.14,82703400.0,288.9005,310.2652,0.012146967018916,36.4070308417825,-8.821231207962626,-6.555487351616883,0,-14.149999999999977,-0.0032323762729525,0.0096825429768905,0,0.3993449343820324,0.3946844183261006,0,0,0,0,0,0,0,0,0,0,0,0,17,4,6,2022,289.317,-2.310959255491393,294.856,321.63834448289356,268.07365551710643,0.012159622683223459,15.3894625203974,0.009682542976890529,0,-1.2200000000000273,-32.94999999999999,-31.50999999999999,276.29333333333335,276.04,5.871544373790785,4.170023980728307,0.012159622683223459,-0.004421731724113087,-0.04898905968702383
2022-08-30,306.1,306.73,298.44,301.02,295.51,51184500.0,314.636,304.7102,-0.0111099956497005,38.58123754376462,0.0759922699030539,3.697241386622277,0,-13.080000000000041,-0.0619738751741251,0.0592402202727955,0,0.4581003097078941,0.2301863454527899,0,0,0,0,0,0,0,0,0,0,0,0,30,1,8,2022,315.755,-3.68356184477712,320.506,338.0279067455706,302.98409325442935,-0.01113629644229841,9.65560315165592,0.05924022027279552,0,-19.560000000000002,-21.840000000000032,-31.25999999999999,304.29,309.692,3.2116818024171176,7.984426717040252,-0.01113629644229841,-0.06101441137937491,-0.04164278892072604
2022-08-31,303.99,304.91,299.16,299.27,293.79,50044000.0,313.4765,305.074,-0.0058204460085952,37.41794745047475,-1.0827953858824912,2.741234032121324,1,-15.740000000000009,-0.0268042032964124,-0.0222821361935742,0,0.4542679530313496,0.2242340421645403,0,0,0,0,0,0,0,0,0,0,0,0,31,2,8,2022,312.83299999999997,-3.8905406329595422,319.32499999999993,339.0859468396751,299.56405316032476,-0.005813567204836834,9.793820103630045,-0.02228213619357422,0,-8.170000000000016,-15.090000000000032,-29.220000000000027,301.56666666666666,306.544,2.6132419201670207,8.4526877382164,-0.005813567204836834,-0.026574290918553234,-0.04996666772483416
2022-09-01,296.72,299.78,292.95,299.4,293.92,57990700.0,312.2495,305.4486,0.000442492937132,37.568540646130735,-1.9679675334537023,1.7993937190063187,0,-21.180000000000007,-0.0164879487211636,0.1587942610502757,0,0.4545576078964373,0.2657081048920574,0,0,0,0,0,0,0,0,0,0,0,0,1,3,9,2022,309.84499999999997,-3.833336519246916,318.075,339.4874968184577,296.66250318154226,0.0004343903498513768,8.717354657364146,0.15879426105027572,0,-5.010000000000048,-14.700000000000045,-29.879999999999995,299.89666666666665,302.308,0.9750042734894315,3.5390916913530535,0.0004343903498513768,-0.016458066423573614,-0.06606775219913907
2022-09-02,302.34,303.75,293.52,295.17,289.76,64666800.0,310.94449999999995,305.655,-0.0141535111594992,34.64705615734974,-2.970903346696673,0.8453343058657204,0,-12.269999999999982,-0.0195314642309624,0.1151236318927,0,0.4452886522136315,0.3005508685770055,0,0,0,0,0,0,0,0,0,0,0,0,2,4,9,2022,307.07599999999996,-3.8830544797793576,316.746,340.27591151705536,293.2160884829446,-0.01412825651302596,8.519404256691606,0.11512363189270003,0,-5.849999999999966,-19.839999999999975,-27.689999999999998,297.94666666666666,299.854,2.4055422119197725,3.3393008249946887,-0.01412825651302596,-0.01943392465616889,-0.03991022638563613
2022-09-06,295.66,296.6,290.87,293.05,287.68,57005400.0,309.5865,305.62379999999996,-0.007178354500276,33.251427954692716,-3.8887487462836248,-0.1014823045641486,1,-11.360000000000014,-0.0208893727226432,-0.1184750134535804,0,0.4406541743722287,0.2605657950017354,0,0,0,0,0,0,0,0,0,0,0,0,6,1,9,2022,304.94500000000005,-3.8536772901018796,315.363,340.95915994637573,289.76684005362426,-0.007182301724430018,9.137727957335375,-0.11847501345358047,0,-6.21999999999997,-27.529999999999973,-21.310000000000002,295.87333333333333,297.582,3.2328985962033276,3.329079452313492,-0.007182301724430018,-0.020783907508269972,-0.03731809073289316
2022-09-07,293.54,299.99,293.27,298.97,293.49,49260400.0,308.6975,305.7542,0.0201960511679644,40.463458077617524,-4.100066381330009,-0.9011991199173208,1,-2.0499999999999545,-0.0011358144918108,-0.1358643216256705,0,0.4535995187273011,0.2201444105497465,0,0,0,0,0,0,0,0,0,0,0,0,7,2,9,2022,303.43199999999996,-3.2543874662699253,314.4575,341.01009224634095,287.904907753659,0.020201330830916353,8.69532160289797,-0.13586432162567053,0,-0.42999999999995,-8.46999999999997,-15.129999999999995,295.73,297.172,2.9994666192509425,2.898158035686976,0.020201330830916353,-0.0014362057448228382,-0.006810178725665916
2022-09-08,296.85,301.87,295.45,300.52,295.02,55649800.0,307.45050000000003,306.0938,0.0052131248083409,42.223651203068975,-4.096852945752914,-1.5403298850844396,1,1.25,0.0182308214760292,0.12970662032789,0,0.4570085336779482,0.2534908784409715,0,0,0,0,0,0,0,0,0,0,0,0,8,3,9,2022,301.983,-2.600768990789817,313.187,339.85365715833996,286.52034284166007,0.0051844666688964924,7.702172925728439,0.12970662032789004,0,5.349999999999966,-3.890000000000043,-14.490000000000009,297.5133333333333,297.422,3.942287829843113,3.165923246039981,0.0051844666688964924,0.018125148219669818,0.004176830287031752
2022-09-09,302.83,307.6,300.52,307.09,301.46,56125200.0,306.6165,306.55960000000005,0.0218290285404378,49.093794502386764,-3.533915320206688,-1.9390469721088892,1,7.689999999999998,0.0472382045167432,0.0085427081498945,0,0.4713575900715224,0.2559720051250871,0,0,0,0,0,0,0,0,0,0,0,0,9,4,9,2022,300.634,-1.6210697785394812,312.3375,338.64200902412813,286.0329909758718,0.021862105683482014,4.666026622779912,0.008542708149894551,0,14.039999999999964,6.069999999999993,-13.490000000000009,302.1933333333333,298.96,4.310873847993735,5.427310567842251,0.021862105683482014,0.047909912984132275,0.02568470273881096
2022-09-12,308.5,311.08,308.18,310.74,305.05,45905700.0,305.652,307.16880000000003,0.0119087109400917,52.47484329832296,-2.766213017340533,-2.1044801811552185,0,15.569999999999993,0.0389508642888705,-0.1820839836650916,0,0.479356520576636,0.2026361318640025,0,0,0,0,0,0,0,0,0,0,0,0,12,0,9,2022,300.964,-0.6709997617110637,311.355,336.3229358377988,286.3870641622012,0.011885766387704111,5.277487196683437,-0.1820839836650916,0,11.769999999999982,11.470000000000027,3.3000000000000114,306.1166666666666,302.074,5.1790571857536145,6.959563923106381,0.011885766387704111,0.03936849851155633,0.05274926313649764
2022-09-13,301.8,303.02,292.79,293.7,288.32,79562200.0,303.72,307.4002,-0.0548434682838879,39.338830422361,-3.467799953643805,-2.377144135652936,1,0.6499999999999773,-0.0211057288033583,0.7331660338476484,1,0.4420801675541989,0.3782904024654696,0,0,0,0,0,0,0,0,0,0,0,0,13,1,9,2022,299.893,-1.1081631109598602,309.387,333.3875025780801,285.3864974219199,-0.05483684108901343,5.578602074996712,0.7331660338476484,1,-6.819999999999993,-5.699999999999989,-10.710000000000036,303.8433333333333,302.204,8.971958166047827,6.751831603335766,-0.05483684108901343,-0.022693997071742245,0.00221805152704313
2022-09-14,294.87,296.93,293.06,296.03,290.61,54907200.0,301.941,307.5816,0.0079425638179801,41.495447743908386,-3.795279177771477,-2.6607711440766444,0,-2.9400000000000546,-0.034992193525816,-0.3098833365593209,0,0.4471825494084356,0.2496152270408363,0,0,0,0,0,0,0,0,0,0,0,0,14,2,9,2022,299.39399999999995,-1.153226757707292,307.5745,329.7949297663304,285.3540702336696,0.007933265236635956,5.688681159405925,-0.3098833365593209,0,-11.060000000000002,0.8599999999999568,-4.990000000000009,300.1566666666667,301.616,9.239179256477401,7.215949694933115,0.007933265236635956,-0.03601550034191936,-0.009833762584874894
2022-09-15,294.07,296.53,289.46,291.1,285.77,65299400.0,300.106,307.62760000000003,-0.0166546230343072,38.385817275791354,-4.394697040802839,-3.007556323421884,0,-9.419999999999959,-0.0635555275002149,0.1892684383833085,0,0.4363984759697866,0.3038524267183002,0,0,0,0,0,0,0,0,0,0,0,0,15,3,9,2022,298.57700000000006,-1.4108553985954737,305.70500000000004,326.8369090477036,284.57309095229647,-0.016653717528628653,6.265868832194692,0.18926843838330853,0,-19.639999999999986,-1.9499999999999886,-8.169999999999959,293.61,299.73199999999997,2.46623194367562,8.65906288231067,-0.016653717528628653,-0.06320396472935563,-0.031345667509649844
2022-09-16,287.72,289.72,285.62,289.32,284.02,79920400.0,298.1445,307.51439999999997,-0.0061238058578577,37.2989835880031,-4.953845542712884,-3.396814167280084,1,-17.769999999999982,-0.0148358650741847,0.2239071109382322,0,0.4324992758628372,0.3801598588774388,0,0,0,0,0,0,0,0,0,0,0,0,16,4,9,2022,297.569,-1.5839690748105686,303.707,323.0234977156939,284.3905022843061,-0.006114737203710141,6.897697602988189,0.22390711093823223,0,-4.3799999999999955,-9.650000000000034,-10.079999999999984,292.15000000000003,296.178,3.476046604982433,8.529837044153918,-0.006114737203710141,-0.01491317671092951,-0.05786577224917766
2022-09-19,286.1,291.21,286.04,291.05,286.23,52613800.0,296.6085,307.4284,0.0077811421730864,39.103639552527575,-5.159174476771113,-3.74928622917829,0,-19.689999999999998,-0.0149972867190785,-0.3416724641017813,0,0.4374234085693278,0.2376459044969769,0,0,0,0,0,0,0,0,0,0,0,0,19,0,9,2022,297.15700000000004,-1.4674253176060121,302.1165,320.0519612709125,284.18103872908745,0.0059795382275682485,7.174405201830102,-0.3416724641017813,0,-4.979999999999961,-9.46999999999997,-4.1200000000000045,290.49,292.24,1.0135580891169789,2.6333343881534326,0.0059795382275682485,-0.01682261932912188,-0.06336487095320842
2022-11-29,282.94,283.35,279.17,280.57,275.93,35618900.0,274.081,276.1206,-0.0075531417472933,50.241762695821464,2.360831516966698,2.081652919724528,1,-1.3199999999999932,-0.0288087277621642,-0.0799525755407576,0,0.4144738307969965,0.1489490179091001,0,0,0,0,0,0,0,0,0,0,0,0,29,1,11,2022,285.13199999999995,0.2883531485832269,278.69399999999996,297.6086540016021,259.77934599839784,-0.0075695942838951424,2.8496073803718835,-0.07995257554075763,0,-8.25,-4.240000000000009,-4.8700000000000045,283.40000000000003,284.994,3.2307429486170687,3.318513221286154,-0.0075695942838951424,-0.028564503843224176,-0.004682677640214239
2022-11-30,280.84,293.47,279.97,293.36,288.5,74718100.0,274.978,276.2132,0.0455550320733519,60.09676196642195,3.010812122314178,2.267484760242458,1,7.410000000000025,0.0233298840886838,1.097709362164469,1,0.4424812281366279,0.3530089010550268,0,0,0,0,0,0,0,0,0,0,0,0,30,2,11,2022,285.529,0.7603765754337588,279.6065,299.4781584864053,259.7348415135947,0.0455857718216488,3.6678133055667197,1.0977093621644687,1,6.439999999999998,8.54000000000002,3.9700000000000273,285.5466666666667,286.476,6.8506228427324105,5.053328605963332,0.0455857718216488,0.022445280914540566,0.025913621262458664
2022-12-01,293.69,295.75,290.88,293.72,288.86,51547300.0,276.357,276.4164,0.0012478336221837,60.33489348091808,3.514462885793762,2.516880385352719,0,4.900000000000034,0.0392497239482423,-0.3101095986113137,0,0.4432833493014861,0.2320798094010381,0,0,0,0,0,0,0,0,0,0,0,0,1,3,12,2022,286.357,1.0184573854064456,281.0085,300.70796930758104,261.309030692419,0.0012271611671665905,4.488310867630771,-0.3101095986113137,0,11.010000000000048,11.830000000000041,8.28000000000003,289.2166666666667,287.456,7.490396073196542,6.006740380592861,0.0012271611671665905,0.03894450143256356,0.01696558410082427
2022-12-02,288.54,293.45,288.36,292.55,287.71,53583200.0,277.9335,276.666,-0.003981167347504,59.10046014386121,3.77727231147378,2.768958770576932,0,5.6299999999999955,0.0428216983480316,0.0394957640846367,0,0.4407210178026335,0.2427052318162484,0,0,0,0,0,0,0,0,0,0,0,0,2,4,12,2022,287.131,1.0289517893251592,282.6115,300.50647502094733,264.7165249790526,-0.00398338553724642,4.845085597230729,0.03949576408463673,0,11.980000000000018,6.600000000000023,7.740000000000009,293.21000000000004,288.582,0.5992495306756276,6.396207470043637,-0.00398338553724642,0.04269879174537561,0.019622194339885768
2022-12-05,290.38,291.68,286.15,287.64,282.88,41482100.0,279.0625,276.9086,-0.0167877376524973,54.09824273448257,3.554832148556727,2.926133446172891,0,4.930000000000007,-0.0195210713778176,-0.2258375759566431,0,0.429959225507453,0.1795492324112177,0,0,0,0,0,0,0,0,0,0,0,0,5,0,12,2022,287.413,0.6426904445389452,283.7595,299.75037048913634,267.76862951086366,-0.016783455819518123,4.7772238567839835,-0.2258375759566431,0,-5.720000000000027,-1.1800000000000068,2.819999999999993,291.30333333333334,289.568,3.2260243851144437,5.594458865684818,-0.016783455819518123,-0.019498227433869753,0.01743836440168378
2022-12-06,287.48,287.62,280.26,281.68,277.02,53937600.0,279.7555,277.05480000000006,-0.0207154977375566,48.70897071775989,2.872580372498589,2.915422831438031,0,1.1100000000000136,-0.041484402737558,0.3002620407356426,0,0.4169024754350392,0.2445548559156396,0,0,0,0,0,0,0,0,0,0,0,0,6,1,12,2022,287.392,-0.040474627673686925,284.46400000000006,298.6871141456551,270.24088585434504,-0.020720344875538754,4.804582997287693,0.30026204073564267,0,-12.04000000000002,-5.240000000000009,-0.20999999999997954,287.29,289.79,5.443445599988015,5.152717729493708,-0.020720344875538754,-0.040991420400381395,0.003956231956374623
2022-12-07,280.47,282.57,278.78,280.53,275.89,45614300.0,280.296,277.1758,-0.0040791278608042,47.721114387492534,2.2151742189202537,2.775373108934476,1,-12.830000000000041,-0.0415823632508581,-0.1543135030108866,0,0.4143847062231233,0.201115306631038,0,0,0,0,0,0,0,0,0,0,0,0,7,2,12,2022,286.85,-0.5668653494673421,285.0135,297.6483443203837,272.3786556796163,-0.00408264697529126,5.2686304355795155,-0.15431350301088664,0,-12.020000000000039,-2.180000000000007,-5.420000000000016,283.2833333333333,287.22400000000005,3.8165473052709733,6.047373810162981,-0.00408264697529126,-0.04108699367629476,-0.043734660485410526
2022-12-08,281.91,284.84,279.79,283.85,279.15,42594900.0,281.3055,277.254,0.0118163035992604,50.82196559841892,1.9349252470977376,2.6072835365671283,0,-9.870000000000005,-0.0129783219991004,-0.0661941540262592,0,0.4216483589937835,0.1853569685788321,0,0,0,0,0,0,0,0,0,0,0,0,8,3,12,2022,286.353,-0.6808417161250588,286.03999999999996,293.88688728097543,278.1931127190245,0.011834741382383607,5.296489508264803,-0.06619415402625928,0,-3.7899999999999636,3.2800000000000296,-4.96999999999997,282.02000000000004,285.25,1.6859122159948194,4.898606944821113,0.011834741382383607,-0.013176192462800551,-0.033603431839847486
2022-12-09,282.81,285.64,281.59,282.04,277.37,47860500.0,281.2705,277.4574,-0.0063765000895574,49.11169547792944,1.551312232170119,2.3960892756877263,1,-10.509999999999991,0.0013606756488987,0.1236204334321715,0,0.4176823154564292,0.2128382909765587,0,0,0,0,0,0,0,0,0,0,0,0,9,4,12,2022,285.865,-0.8561827646934721,286.0045,293.9167549883288,278.0922450116712,-0.006376607363043907,5.460710678213872,0.12362043343217155,0,0.36000000000001364,-11.319999999999993,-4.8799999999999955,282.14000000000004,283.14799999999997,1.6622575011231875,2.7797248064969287,-0.006376607363043907,0.0012780460096564195,-0.035925482823448984
2022-12-12,282.22,285.64,281.16,285.58,280.85,35732500.0,281.1535,277.8238,0.0125464181418322,52.47991095270319,1.5106887904784685,2.2190091786458748,1,-2.0600000000000023,0.0179862216515351,-0.2534031194826631,0,0.4254361533833917,0.1495418996745935,0,0,0,0,0,0,0,0,0,0,0,0,12,0,12,2022,286.152,-0.7174184244155644,285.8855,293.74796647053796,278.023033529462,0.012551411147354807,5.350781459027286,-0.25340311948266314,0,5.050000000000011,-8.140000000000043,2.8700000000000045,283.8233333333333,282.736,1.7701506527326718,1.9871663241549111,0.012551411147354807,0.018001639753324028,-0.007161729940203032
2022-12-13,296.65,296.88,285.91,288.65,283.87,80667700.0,281.3115,278.12620000000004,0.0107530710343599,55.24640421715821,1.7025571619112156,2.115718775298943,0,6.96999999999997,0.0169229890866347,1.25754425243126,0,0.432165058710813,0.3840600397168154,0,0,0,0,0,0,0,0,0,0,0,0,13,1,12,2022,286.96,-0.4174123279422206,286.046,293.99610289243697,278.095897107563,0.010750052524686637,5.013652472116429,1.2575442524312601,1,4.7999999999999545,-3.900000000000034,8.079999999999984,285.42333333333335,284.13,3.3077837494864157,3.1598813268621257,0.010750052524686637,0.016910339968293053,0.02474439079806867
2022-12-14,288.05,291.41,283.19,286.51,281.77,64984400.0,281.17,278.2138,-0.007397752492338,52.93306411143393,1.6659576562028064,2.025766551479716,0,5.980000000000018,0.015901736683854,-0.1944185838941732,0,0.4274860185824736,0.3022084323861664,0,0,0,0,0,0,0,0,0,0,0,0,14,2,12,2022,286.275,-0.36360849913200255,285.902,293.7076251511544,278.0963748488456,-0.007413822968993511,4.4818231657370005,-0.1944185838941732,0,4.46999999999997,-1.1299999999999955,-6.850000000000023,286.91333333333336,285.32599999999996,1.5742405576542022,2.524466280196465,-0.007413822968993511,0.01584881577081254,0.021316793212847074
2022-12-15,282.33,283.01,275.67,276.89,272.31,60554100.0,280.75,278.112,-0.0335734819178762,44.01138688911582,0.8636536827138457,1.793343977726542,0,-6.960000000000036,-0.0302181633758543,-0.0681748234961006,0,0.4064080568614781,0.2790865654348887,0,0,0,0,0,0,0,0,0,0,0,0,15,3,12,2022,284.592,-0.9434673556114861,285.4745,294.21505484510755,276.7339451548924,-0.033576489476807136,4.535121706077632,-0.0681748234961006,0,-8.689999999999998,-4.7900000000000205,-16.83000000000004,284.01666666666665,283.934,6.263939122738163,4.604099260425704,-0.033576489476807136,-0.030429301771832784,-0.024519992954025183
2022-12-16,276.2,277.77,272.61,274.25,269.71,68300400.0,280.2305,278.0018,-0.0095479416841101,41.9231172324549,0.0178183338809958,1.438238848957433,0,-7.7900000000000205,-0.0505191760943244,0.1279236253201683,0,0.4006149595597245,0.3195147346253911,0,0,0,0,0,0,0,0,0,0,0,0,16,4,12,2022,282.762,-1.4424989013218446,284.94649999999996,294.96606740584804,274.9269325941519,-0.009534472173065023,4.6576598797682625,0.12792362532016832,0,-14.399999999999977,-6.279999999999973,-18.30000000000001,279.21666666666664,282.37600000000003,6.452668698560324,6.380570507396372,-0.009534472173065023,-0.04988740689416238,-0.02762019571691965
2023-03-02,288.66,294.43,288.37,293.61,289.44,53565900.0,296.29200000000003,286.2742,0.008255826105131,48.70824452497104,0.739984926246791,2.717807942541252,1,-3.2099999999999795,-0.0010724218431091,-0.0809974779968089,0,0.4445756556226465,0.2426149426037217,0,0,0,0,0,0,0,0,0,0,0,0,2,3,3,2023,295.372,-2.0000757149798427,300.55949999999996,313.24309172318,287.8759082768199,0.008276098901099038,3.9406620989140304,-0.0809974779968089,0,-0.3299999999999841,-0.4199999999999591,-15.490000000000009,292.78999999999996,292.832,1.3772073191806937,1.2237932831283935,0.008276098901099038,-0.0011226780975708284,-0.010814635132403438
2023-03-03,295.39,299.92,294.87,299.68,295.42,60511500.0,295.6985,286.8728,0.0206605859590935,54.99297210877547,0.992491577568046,2.372744669546611,1,7.829999999999984,0.02089954900745,0.1296645813847989,0,0.4578997794166797,0.2788642347728287,0,0,0,0,0,0,0,0,0,0,0,0,3,4,3,2023,295.01,-1.393907620947345,299.9575,311.5621212777635,288.3528787222365,0.02067368277647219,3.2344431085214658,0.12966458138479897,0,6.1200000000000045,5.430000000000007,-3.6200000000000045,294.83,294.398,4.369656737090348,3.148796595499068,0.02067368277647219,0.020847526911023317,0.026828850436868112
2023-03-06,300.94,304.0,299.82,300.02,295.76,56736300.0,295.395,287.48240000000004,0.0011509037979824,55.3231864980848,1.206136485838897,2.1394230328050683,0,6.079999999999984,0.0300673158622071,-0.0623881410971468,0,0.4586573382946012,0.2591613541294267,0,0,0,0,0,0,0,0,0,0,0,0,6,0,3,2023,294.896,-0.9409710845531207,299.64950000000005,310.89870703873487,288.4002929612652,0.0011345435130805104,3.005591825624695,-0.062388141097146854,0,8.819999999999993,3.1999999999999886,-1.1400000000000432,297.77,295.61400000000003,3.606674368443939,3.989471142873903,0.0011345435130805104,0.030288461538461542,0.020684493434034
2023-03-07,300.07,301.01,295.72,296.34,292.13,65955800.0,295.0375,287.9402,-0.0122734649715985,50.96467215725489,1.0702043030216828,1.9255792868483912,1,2.7799999999999727,0.0095380247854774,0.1624973782217029,0,0.4505692832156146,0.3072781977646895,0,0,0,0,0,0,0,0,0,0,0,0,7,1,3,2023,295.127,-0.8622231466843642,299.287,310.47199369692805,288.1020063030719,-0.012265848943403768,3.0203717578462537,0.16249737822170296,0,2.7299999999999613,4.489999999999952,2.3100000000000023,298.68,296.16999999999996,2.0336174664838067,3.8218451041116634,-0.012265848943403768,0.009298048431592765,0.00946995503474568
2023-03-08,296.77,298.43,294.88,297.82,293.59,50876300.0,294.443,288.5614,0.0049977749632013,52.58263048083922,1.067975905623257,1.7540586106033644,0,6.6200000000000045,-0.0061247862104147,-0.2286303858038262,0,0.4538223301619838,0.2285778405221117,0,0,0,0,0,0,0,0,0,0,0,0,8,2,3,2023,295.484,-0.6908731439011775,298.684,308.76555424527004,288.60244575473,0.004994263346156602,3.1147041949857552,-0.22863038580382622,0,-1.8600000000000136,3.8799999999999955,3.569999999999993,298.06,297.494,1.851701919853655,2.630718532990405,0.004994263346156602,-0.006206620395088125,0.022733516483516514
2023-03-09,298.33,300.98,291.83,292.66,288.5,71456700.0,293.8655,289.06739999999996,-0.0173371027623555,46.78634181133796,0.6480194585946606,1.5328507802016238,0,-0.9499999999999886,-0.0246127927707527,0.4045184103403745,0,0.4424812281366279,0.3359875578333721,0,0,0,0,0,0,0,0,0,0,0,0,9,3,3,2023,295.06800000000004,-0.8926390592231703,298.0985,308.1512653409558,288.04573465904423,-0.01732590155127245,3.193256088146419,0.4045184103403745,0,-7.359999999999957,-0.8999999999999773,-4.159999999999968,295.6066666666666,297.304,2.6570158699808006,2.9909998328016676,-0.01732590155127245,-0.024531697886807424,-0.0032355846190524895
2023-03-10,292.83,294.35,287.38,288.55,284.45,98593600.0,293.218,289.5668,-0.0140381282495667,42.744623875240585,-0.0114680079786921,1.2239870225655607,1,-11.129999999999995,-0.0263774560487209,0.3797670477366013,0,0.4334573650319734,0.4776158428863322,0,0,0,0,0,0,0,0,0,0,0,0,10,4,3,2023,294.73799999999994,-1.2486468488866416,297.442,308.16596680339524,286.7180331966048,-0.014043600082006447,3.6940155807942827,0.3797670477366013,0,-7.789999999999964,-2.6499999999999773,-3.3000000000000114,293.01000000000005,295.078,4.6449004295036875,4.5275843448603785,-0.014043600082006447,-0.02628737261253955,-0.037139615589962593
2023-03-13,286.73,294.47,285.19,290.69,286.56,97123600.0,292.774,290.1786,0.0074178238706275,45.38993199197924,-0.359710689676092,0.9072474801172302,1,-9.329999999999984,-0.0239574071412947,-0.0149096898784505,0,0.4381586863037811,0.4699438693363743,0,0,0,0,0,0,0,0,0,0,0,0,13,0,3,2023,294.413,-1.2809616230121987,296.9915,308.04997417143625,285.9330258285637,0.007416392306359265,3.9087510082485823,-0.014909689878450538,0,-7.1299999999999955,-2.920000000000016,-3.25,290.6333333333334,293.212,2.0555858856645743,3.8541367386003857,0.007416392306359265,-0.0239406352830569,-0.03109792680487966
2023-03-14,294.31,297.93,293.45,297.37,293.15,73602500.0,292.4225,290.79720000000003,0.0229969290898939,52.73135894270978,-0.1027531247418096,0.7052473591454224,1,1.0300000000000296,0.0163766247109546,-0.2421769786128191,0,0.4528419598493793,0.3471865516044602,0,0,0,0,0,0,0,0,0,0,0,0,14,1,3,2023,294.794,-0.8160461277341108,296.635,307.1485445973431,286.12145540265686,0.02297980666689603,4.000967105315613,-0.24217697861281917,0,4.7099999999999795,-2.3100000000000023,3.8100000000000023,292.2033333333333,293.418,4.60062314619869,4.083805822982865,0.02297980666689603,0.016093760677919677,0.0034757373287441773
2023-03-15,294.71,299.27,293.24,298.93,294.69,83631500.0,292.0375,291.4502,0.0052532833020637,54.27722948593173,0.2225868833945696,0.6087152639952519,1,1.1100000000000136,0.0356680362625851,0.1362589585951563,0,0.456273255943495,0.3995281997218257,0,0,0,0,0,0,0,0,0,0,0,0,15,2,3,2023,295.567,-0.3887344755959812,296.244,305.7578770225562,286.73012297744384,0.005245989844301802,3.976095376683534,0.13625895859515635,0,10.379999999999995,-1.089999999999975,7.730000000000018,295.66333333333336,293.64,4.377091880841661,4.4007953826357555,0.005245989844301802,0.035972968289724516,0.0037270834732390234
2023-03-16,298,307.18,297.19,306.81,302.45,98198100.0,291.9245,292.2968,0.0263327564559368,61.18294779515109,1.0939776375369092,0.7057677387035834,0,14.149999999999977,0.0545829688478944,0.1741759982781607,0,0.4735634232748824,0.4755517166693197,0,0,0,0,0,0,0,0,0,0,0,0,16,3,3,2023,296.887,0.39682107309572556,296.1295,305.0588974600934,287.2001025399066,0.026360686448332338,5.24335780880446,0.17417599827816077,0,16.120000000000005,10.470000000000027,13.199999999999989,301.03666666666663,296.46999999999997,5.060329370042599,7.24417006977481,0.026360686448332338,0.055454263992569475,0.04834962072028959
2023-03-17,306.72,309.15,303.37,305.36,301.02,89923700.0,292.02599999999995,293.0892,-0.0047280542238387,59.404973032063666,1.6501501356536892,0.8946442180936047,1,16.810000000000002,0.0268579855341618,-0.0842623227944329,0,0.470377219758918,0.4323673779334208,0,0,0,0,0,0,0,0,0,0,0,0,17,4,3,2023,297.45500000000004,0.7694135969652418,296.2325,305.53029086666953,286.9347091333305,-0.004726051953978017,5.851873868925863,-0.08426232279443291,0,7.990000000000009,7.5400000000000205,5.680000000000007,303.70000000000005,299.832,4.194079159955785,6.513495221446999,-0.004726051953978017,0.026868883882032568,0.05825680124761745
2023-03-20,304.26,306.3,302.01,305.97,302.09,56359500.0,292.2865,293.97700000000003,0.0035545810909574,59.93248716027632,2.1524488149684657,1.146205137468577,0,15.28000000000003,0.0251592833230555,-0.3732519902984419,0,0.4727613021100242,0.2571948237664171,0,0,0,0,0,0,0,0,0,0,0,0,20,0,3,2023,298.05,0.9933477197588148,296.473,306.4892509952738,286.45674900472625,0.0019976421273251166,6.416866663552962,-0.3732519902984419,0,7.0400000000000205,13.310000000000002,5.9500000000000455,306.0466666666667,302.88800000000003,0.7280338819742379,4.390491999742764,0.0019976421273251166,0.023550664035058455,0.05256458770511552
2023-05-31,348.37,350.6,346.51,347.99,343.58,65105400.0,327.0835,321.9442,-0.0056722810673149,71.73142647099976,7.414955669254596,5.7995883700242965,1,14.629999999999995,0.0244136847263348,-0.1038757257178722,0,0.5652057663599295,0.3028399349708909,0,0,0,0,0,0,0,0,0,0,0,0,31,2,5,2023,339.364,1.6405392016270763,331.28200000000004,350.7040417052472,311.85995829475286,-0.005686039202240201,7.054573299957625,-0.10387572571787229,0,8.269999999999982,11.480000000000018,20.829999999999984,348.78999999999996,343.548,1.0507616284721941,7.759830539368483,-0.005686039202240201,0.024343577063463906,0.04388648908087345
2023-06-01,347.73,353.36,346.66,352.01,347.55,50488600.0,328.7975,322.7776,0.0115548052855229,74.32354464306547,7.931564334776851,6.225983562974808,1,20.360000000000014,0.0104176716104983,-0.2245097948864456,0,0.5740513803168379,0.2265544227361806,0,0,0,0,0,0,0,0,0,0,0,0,1,3,6,2023,341.453,1.731399136111996,333.018,353.3141992501149,312.72180074988506,0.011552056093565799,7.425344062363348,-0.22450979488644562,0,3.6100000000000136,14.370000000000005,20.889999999999986,349.99333333333334,347.62,2.0100331671891243,4.690335808842204,0.011552056093565799,0.010361653272101146,0.06139001959897494
2023-06-02,353.8,355.83,352.01,354.65,350.16,53293500.0,330.6975,323.7482,0.0075097108329738,75.88726785113701,8.454131644405095,6.6716131792608655,1,14.92999999999995,0.0133922350511818,0.055555115412192,0,0.5798667587620597,0.2411932789336478,0,0,0,0,0,0,0,0,0,0,0,0,2,4,6,2023,343.191,1.8086834253074526,334.942,355.7733769108134,314.1106230891866,0.007499786937871011,8.317842201491843,0.055555115412192047,0,4.669999999999959,21.289999999999964,17.379999999999995,351.55,350.606,3.3537441762698164,2.7580300940529234,0.007499786937871011,0.013343619635407533,0.04394795714117494
2023-06-05,354.43,357.5,353.85,354.9,350.4,47266200.0,332.27750000000003,324.6512,0.0006854009595611,76.03610215399071,8.786352395317238,7.09456102247214,0,6.5,0.0197499170780579,-0.1130963438317993,0,0.5804015062052984,0.2097366216699329,0,0,0,0,0,0,0,0,0,0,0,0,5,0,6,2023,345.03,1.7167608209840317,336.54249999999996,358.32125283390604,314.7637471660939,0.0007049203440010476,8.70072921592887,-0.11309634383179934,0,6.909999999999968,23.25,18.389999999999986,353.8533333333333,351.906,1.6012599205601192,2.9811457528438496,0.0007049203440010476,0.01985689243943778,0.018656716417910557
2023-06-06,354.28,355.82,352.93,354.84,350.34,41390400.0,333.815,325.5302,-0.0001712328767123,75.91499212946881,8.941723611612304,7.463993540300174,0,4.859999999999957,0.0080238789158225,-0.1243129339781916,0,0.5802678193444887,0.1790706473945299,0,0,0,0,0,0,0,0,0,0,0,0,6,1,6,2023,346.75,1.4999050277392794,338.1,360.4278570400381,315.77214295996197,-0.00016906170752328809,8.777269886855224,-0.12431293397819165,0,2.829999999999984,15.119999999999948,17.19999999999999,354.7966666666666,352.878,0.13051181245460766,2.9884728541007313,-0.00016906170752328809,0.008039544331126969,0.013886507800445536
2023-06-07,355.13,357.12,348.18,348.82,344.4,69225900.0,335.157,326.3314,-0.0169549580407604,64.76815409981377,8.48770705900455,7.66873624404105,1,0.8299999999999841,-0.0164407899579116,0.6725110170474313,0,0.5670328201243287,0.3243449465440891,0,0,0,0,0,0,0,0,0,0,0,0,7,2,6,2023,348.296,0.8323396077447036,339.45899999999995,360.90528256832357,318.0127174316763,-0.016965392853116823,7.412121003991117,0.6725110170474313,1,-5.829999999999984,0.4200000000000159,15.45999999999998,352.8533333333333,353.044,3.493097956426968,2.653343174128948,-0.016965392853116823,-0.0164387424221063,0.0023851260093681326
2023-06-08,349.12,353.62,348.89,353.15,348.67,47153900.0,336.5395,327.252,0.0123983739837398,68.36608762435448,8.375896858995588,7.810168367031958,1,1.1399999999999864,-0.0047278169337329,-0.3188402028720464,0,0.5765468683852856,0.2091505246429531,0,0,0,0,0,0,0,0,0,0,0,0,8,3,6,2023,350.446,0.5758887579972933,340.8595,362.0391926087322,319.67980739126784,0.012413279055099924,4.651198650769148,-0.3188402028720464,0,-1.75,3.169999999999959,21.5,352.27,353.272,3.1049798710880854,2.5905153926769544,0.012413279055099924,-0.004930966469428033,0.0032385443595353003
2023-06-09,354.63,357.66,353.03,354.5,350.01,53155900.0,337.9365,328.0876,0.0038431754954539,69.41480752827513,8.299739045780598,7.908082502781686,1,-0.14999999999997726,-0.0007134085615665,0.1272853358895023,0,0.5795325416100353,0.2404751404571347,0,0,0,0,0,0,0,0,0,0,0,0,9,4,6,2023,351.924,0.3990709284302749,342.2745,363.1264289035904,321.42257109640957,0.003822738213223875,2.8722008595857633,0.1272853358895023,0,-0.339999999999975,6.509999999999991,14.779999999999973,352.1566666666667,353.242,2.967428741047687,2.571365395990294,0.003822738213223875,-0.0009581783338968863,-0.0004229522064006508
2023-06-12,356.19,360.59,355.2,360.49,355.92,44606500.0,339.687,328.9838,0.0168852318505186,73.59727933058421,8.616940314107637,8.049854065046876,1,5.590000000000032,0.0331267813297124,-0.1608363323732643,0,0.5927006973997906,0.195855568574135,0,0,0,0,0,0,0,0,0,0,0,0,12,0,6,2023,353.133,0.5766390127121763,344.0475,364.7625948585903,323.3324051414097,0.016897038081805427,3.6604008584404357,-0.16083633237326433,0,11.670000000000016,8.480000000000018,12.090000000000032,356.0466666666667,354.36,3.906793228875522,4.1827801758751635,0.016897038081805427,0.03345565047875709,0.015750915750915917
2023-06-13,363.29,364.11,360.03,363.26,358.66,57097800.0,341.4875,329.8304,0.0076983591818386,75.28071069458711,8.985836574886775,8.237050567014856,1,8.420000000000016,0.0284267665278112,0.2800331790209946,0,0.5988057307101,0.2610480333391612,0,0,0,0,0,0,0,0,0,0,0,0,13,1,6,2023,354.46099999999996,0.7602137553582438,345.871,366.60923319379935,325.1327668062006,0.007683985686149253,4.66149344214251,0.28003317902099467,0,10.110000000000014,8.610000000000014,13.279999999999973,359.4166666666667,356.044,4.477547691893466,5.8048023221890315,0.007683985686149253,0.028628061730143095,0.023729004621801497
2023-06-14,363.27,366.19,360.42,365.9,361.26,69525600.0,343.4,330.7454,0.0072492053755646,76.79902541522077,9.379862573219384,8.465612968255762,1,17.079999999999984,0.0318327964079219,0.2176581234303247,0,0.6045988280118535,0.3259090897229478,0,0,0,0,0,0,0,0,0,0,0,0,14,2,6,2023,356.252,0.9279010865260879,347.808,368.43027688691063,327.18572311308935,0.007267521885151007,5.2963903850770775,0.21765812343032476,0,11.399999999999977,11.0,17.909999999999968,363.21666666666664,359.46,2.705260307839642,5.508906425025279,0.007267521885151007,0.03215796897038081,0.04896508227739238
2023-06-15,364.61,371.77,363.98,370.26,365.57,71138800.0,345.3325,331.76919999999996,0.0119304655926479,79.08395412144388,9.92549704401307,8.757589783407225,0,17.110000000000014,0.0268780301500513,0.0232029640880482,0,0.6142020008466834,0.3343284283153233,0,0,0,0,0,0,0,0,0,0,0,0,15,3,6,2023,358.077,1.1844915564747538,349.765,371.09759243506085,328.4324075649391,0.011915823995627184,6.6448727937011345,0.023202964088048228,0,9.769999999999982,15.420000000000016,18.25,366.4733333333333,362.88199999999995,3.535043611211373,5.909011761680489,0.011915823995627184,0.027102000055480024,0.04844966728019262
2023-06-16,372.72,372.85,367.48,367.93,363.27,80875900.0,346.846,332.8093999999999,-0.0062915447109992,74.84200038678068,10.056401577609051,9.01735214224759,0,13.430000000000007,0.0128881262572133,0.1368746731741328,0,0.6090773378489783,0.3851466416849115,0,0,0,0,0,0,0,0,0,0,0,0,16,4,6,2023,359.40500000000003,1.053714028245519,351.29799999999994,373.2171145806672,329.3788854193327,-0.006292875276832421,7.188651936677091,0.13687467317413282,0,4.670000000000016,19.110000000000014,13.28000000000003,368.03,365.568,2.1817195053053857,3.834614713328235,-0.006292875276832421,0.012855805758960503,0.0378843441466854
2023-06-20,365.95,368.32,363.89,366.9,362.75,49204700.0,348.371,333.7864,-0.0014314421779942,72.97846240826806,10.002877761165962,9.214457266031266,0,6.409999999999968,0.0042074787036544,-0.3916024427548874,0,0.6079187183886277,0.2198537105995882,0,0,0,0,0,0,0,0,0,0,0,0,20,1,6,2023,360.60499999999996,0.7675586530011138,352.8175,374.63858051862746,330.9964194813725,-0.002799445546707302,7.352780653151398,-0.3916024427548874,0,1.0,13.75,12.0,368.3633333333334,366.85,1.7214044653022755,2.578158257297467,-0.002799445546707302,0.002732987154960398,0.017781353158201174
2023-08-30,374.88,377.45,373.86,376.86,372.59,41731500.0,363.4295,370.8282,0.0055596038107574,58.855305656044294,-0.3551112642471139,-1.4332427039674616,1,7.75,0.0349311212705523,-0.2865483379037277,0,0.6298433635614179,0.1808508583998977,0,0,0,0,0,0,0,0,0,0,0,0,30,2,8,2023,365.673,1.094931712516189,367.59000000000003,378.2547344083422,356.9252655916579,0.005576753742295271,6.316375630940105,-0.2865483379037277,0,12.840000000000032,12.960000000000036,14.319999999999993,372.7966666666666,368.726,5.3313256637685145,6.801535120813956,0.005576753742295271,0.035272787209494005,0.02099645092248914
2023-08-31,376.94,379.72,376.87,377.99,373.71,35730700.0,363.637,371.15,0.0030059851311092,59.84466394033362,0.4215074207716043,-1.0622926790196483,0,16.769999999999982,0.0304072369934924,-0.143795454273151,0,0.6323388516298656,0.149532505421267,0,0,0,0,0,0,0,0,0,0,0,0,31,3,8,2023,367.614,1.5049735062972474,367.8,379.09177399705106,356.50822600294896,0.002998460966937344,6.853972408596317,-0.143795454273151,0,11.230000000000018,14.610000000000014,19.410000000000025,376.53999999999996,372.08000000000004,1.633676834571144,6.290441160972859,0.002998460966937344,0.03061947867815462,0.04642600077515091
2023-09-01,380.4,380.83,376.08,377.59,373.32,39772400.0,363.9115000000001,371.37839999999994,-0.0010435899494259,59.301077555513,0.9940547389968516,-0.6510231954163486,1,13.569999999999993,0.0075219989924407,0.113115612064695,0,0.6314698870346026,0.1706262574599504,0,0,0,0,0,0,0,0,0,0,0,0,1,4,9,2023,369.56,1.6674685008886287,368.0775,380.02611644712385,356.1288835528761,-0.0010582290536788053,6.620654549716923,0.113115612064695,0,2.819999999999993,8.479999999999961,19.45999999999998,377.48,374.794,0.5729746938670734,4.659563284220759,-0.0010582290536788053,0.007524615097259657,0.037278171529036896
2023-09-05,376.77,379.31,375.83,378.07,373.79,32344200.0,364.054,371.689,0.0012589735347692,59.77327511985953,1.468796316079306,-0.2270592931172176,0,11.310000000000002,0.0032213687164525,-0.1867677082599994,0,0.6325171007776119,0.1318582615934219,0,0,0,0,0,0,0,0,0,0,0,0,5,1,9,2023,370.977,1.7186467475515292,368.2215,380.57216682412246,355.8708331758775,0.0012712201064646322,6.788906064718783,-0.18676770825999944,0,1.2099999999999795,16.849999999999966,14.170000000000016,377.8833333333334,377.056,0.25716401992586413,1.3647270788165933,0.0012712201064646322,0.0032107413893753822,0.030837604973279475
2023-09-06,377.28,377.63,372.7,374.74,370.5,42998700.0,364.1895,372.03020000000004,-0.0088017335937291,55.00530941201877,1.561556283125924,0.1306638221314107,0,-0.029999999999972715,-0.0085863500083859,0.329409909659228,0,0.6251866045765468,0.1874644127417389,0,0,0,0,0,0,0,0,0,0,0,0,6,2,9,2023,372.113,1.4503085221891052,368.3585,380.9325467233298,355.7844532766702,-0.008807892718279642,6.30999216411006,0.329409909659228,0,-3.25,10.720000000000027,11.360000000000014,376.8,377.05,1.8000833313526512,1.377298079449494,-0.008807892718279642,-0.008598111061139169,-8.004909677927774e-05
2023-09-07,370.21,372.85,369.15,372.06,367.85,52060700.0,364.3945,372.1948,-0.0071524966261807,51.448397065393415,1.4050399463890244,0.3855390469829335,1,-4.800000000000011,-0.0146952566851407,0.2107505575749964,0,0.6192821015574519,0.2347592592109349,0,0,0,0,0,0,0,0,0,0,0,0,7,3,9,2023,372.408,1.033946230397431,368.566,381.24016332546176,355.8918366745382,-0.007151625126754602,6.222348252693419,0.2107505575749964,0,-5.529999999999973,5.300000000000011,2.9499999999999886,374.9566666666667,376.09,3.0108525923982987,2.638361233731374,-0.007151625126754602,-0.014645514976561858,-0.01273682534628251
2023-09-08,372.01,374.85,371.6,372.58,368.36,35800100.0,364.5915,372.3556,0.0013864346880521,52.09568339191779,1.3070850962801046,0.5698482568423677,1,-5.410000000000025,-0.0145677955318578,-0.3123392501445428,0,0.6204184398743343,0.149894706077299,0,0,0,0,0,0,0,0,0,0,0,0,8,4,9,2023,373.544,0.7484916724239707,368.7655,381.55993390699564,355.9710660930043,0.0013976240391333494,4.835193205379876,-0.3123392501445428,0,-5.490000000000009,-2.1899999999999977,11.359999999999957,373.1266666666667,375.008,1.421173224190533,2.7703916689988146,0.0013976240391333494,-0.014521120427434142,-0.014312547951004007
2023-09-11,375.66,377.49,373.66,376.97,372.7,39936600.0,365.122,372.6188,0.0117819524378324,57.27445045889445,1.561655112903907,0.7682096280546755,0,-0.6199999999999477,0.0060158904997037,0.1155443699877933,0,0.630088456139569,0.1714832221245104,0,0,0,0,0,0,0,0,0,0,0,0,11,0,9,2023,374.839,0.805319940572443,369.302,382.52067406362994,356.0833259363701,0.011782704385635334,3.5695080582336884,0.11554436998779338,0,2.230000000000018,0.11000000000001364,12.950000000000045,373.87000000000006,374.884,2.6972393293553107,2.6365754302993603,0.011782704385635334,0.005950792549501038,-0.0016419926375167426
2023-09-12,375.27,376.95,372.5,372.79,368.57,41391000.0,365.2425,372.68619999999993,-0.0110812986316072,51.558974004015276,1.4138492272056735,0.8973375478848753,1,-5.279999999999973,0.0020870884942773,0.0364177220895118,0,0.6208863438871682,0.1790737788123054,0,0,0,0,0,0,0,0,0,0,0,0,12,1,9,2023,375.442,0.5249525553318315,369.424,382.7239013530358,356.12409864696417,-0.011088415523781703,2.3561871270751906,0.036417722089511884,0,0.7300000000000182,-5.199999999999989,6.03000000000003,374.1133333333334,373.82800000000003,2.476173122613564,2.0288346407876094,-0.011088415523781703,0.0019620491318605993,-0.013965667733488396
2023-09-13,373.03,375.84,371.88,374.21,369.97,46300700.0,365.6275,372.7646,0.0037984643351332,53.26517001485508,1.3936155648813155,0.9965931512841636,1,-0.5300000000000296,0.0044991181413583,0.1186175738687154,0,0.6240057039727279,0.2046976485662021,0,0,0,0,0,0,0,0,0,0,0,0,13,2,9,2023,375.386,0.4041172330501086,369.8135,383.19471410786343,356.4322858921365,0.0038091150513692718,2.3804630735345484,0.11861757386871541,0,1.6299999999999955,-3.3799999999999955,-0.5600000000000023,374.6566666666667,373.72200000000004,2.125496020497912,1.9825917380186817,0.0038091150513692718,0.004374899350475081,-0.001414313924320898
2023-09-14,375.99,378.27,373.89,377.27,373.0,48039400.0,366.3555,372.9044,0.0081898532313429,56.79660511474237,1.6035907232895283,1.1179926656852366,0,5.2099999999999795,0.0009070189348688,0.0375523480206563,0,0.6307568904436175,0.2137719753766182,0,0,0,0,0,0,0,0,0,0,0,0,14,3,9,2023,375.427,0.49334780818863355,370.55,383.87014564486765,357.2298543551324,0.00817722669089549,2.4119934125613374,0.03755234802065632,0,0.2999999999999545,-0.8000000000000114,0.40999999999996817,374.75666666666666,374.764,2.2894832021991407,2.2427616903403687,0.00817722669089549,0.0007958192959651722,0.0140031177767026
2023-09-15,375.91,376.32,369.86,370.81,366.61,69757700.0,366.96,372.9714,-0.0171313672922251,48.46981367175792,1.240083047133112,1.1424107419748115,0,-1.7699999999999818,-0.005143049725749,0.4520934899270181,0,0.6165192397673849,0.327120426499101,0,0,0,0,0,0,0,0,0,0,0,0,15,4,9,2023,374.709,0.10089740498912292,371.1615,383.2977222705621,359.0252777294379,-0.017123015347098813,2.623650764364593,0.45209348992701814,0,-1.9800000000000182,-3.930000000000007,-7.180000000000007,374.09666666666664,374.41,3.23149088396574,2.754886567475855,-0.017123015347098813,-0.005311301268810853,-0.004750657576896189
2023-11-27,389.01,391.15,388.28,389.17,385.32,34139700.0,372.262,366.7226,-0.000881605559301,68.44657566630829,7.469770614910942,6.186579099410794,1,3.1299999999999955,0.0018020000763209,1.1719024353004048,0,0.6582072591965419,0.1412290292865847,0,0,0,0,0,0,0,0,0,0,0,0,27,0,11,2023,386.81,1.3012398368501525,375.97950000000003,401.87646930145485,350.0825306985452,-0.0008728915817308724,3.9260044716132403,1.1719024353004048,1,0.6999999999999886,3.5500000000000114,10.78000000000003,389.58,389.59000000000003,0.4491102312151561,0.8632207131661405,-0.0008728915817308724,0.0018019409478209347,0.008107968086208617
2023-11-28,388.41,390.78,388.05,390.19,386.33,35491100.0,374.291,367.1132,0.0026211979653274,69.32869174645259,7.407367540296661,6.430736787587969,0,-0.5500000000000114,0.000341353151754,0.0395844134541312,0,0.6604576546868385,0.1482820259229201,0,0,0,0,0,0,0,0,0,0,0,0,28,1,11,2023,388.10800000000006,0.9913237866666069,378.029,401.498353548841,354.559646451159,0.002620962561348472,2.1379626854693776,0.03958441345413122,0,0.12999999999999545,4.240000000000009,12.980000000000018,389.6233333333333,389.47999999999996,0.5193585785518378,0.699571297037851,0.002620962561348472,0.0003332820591703811,-0.0014075856067974346
2023-11-29,392.69,394.14,389.46,389.81,385.96,38811700.0,376.219,367.51200000000006,-0.0009577304377087,68.55970949188212,7.24454612810257,6.593498655690889,0,1.339999999999975,0.0007818619683176,0.0935614844284904,0,0.659633252378512,0.1656123356984236,0,0,0,0,0,0,0,0,0,0,0,0,29,2,11,2023,388.556,0.6617810791167766,379.976,400.3692208343974,359.5827791656026,-0.0009738845177990063,1.9525038056622988,0.09356148442849044,0,0.30000000000001137,3.769999999999982,4.480000000000018,389.72333333333336,389.74799999999993,0.5154932910476889,0.41451176055552075,-0.0009738845177990063,0.0007701984544685736,0.0034494298144001068
2023-11-30,390.08,390.55,385.82,388.83,384.99,52834400.0,377.797,367.9978,-0.0025132138045392,66.510800583176,6.957041647003507,6.666207253953414,1,-1.2300000000000182,-0.0008497462769205,0.3613008448483319,0,0.6574719814620886,0.2387972224324331,0,0,0,0,0,0,0,0,0,0,0,0,30,3,11,2023,388.877,0.2974130050000765,381.56949999999995,399.33063450769697,363.8083654923029,-0.0025140453041225808,1.6578101352262453,0.3613008448483319,0,-0.34000000000003183,-1.910000000000025,3.2099999999999795,389.60999999999996,389.502,0.7017121915586905,0.5315261043817228,-0.0025140453041225808,-0.0008736541871162684,-0.003153361021381418
2023-12-01,387.75,390.54,386.07,389.94,386.08,40440500.0,379.1085,368.6394,0.0028312423699317,67.68865157253677,6.7394578894814,6.680857381059012,0,0.4300000000000068,-0.0006397018723163,-0.2345801220417001,0,0.6599006261001313,0.1741130911529619,0,0,0,0,0,0,0,0,0,0,0,0,1,4,12,2023,389.276,0.06301889531369653,382.8945,398.91675636421127,366.8722436357887,0.002854718000154355,1.321011397045922,-0.2345801220417001,0,-0.25,1.4699999999999704,3.990000000000009,389.52666666666664,389.588,0.6068223241737277,0.56676273663596,0.002854718000154355,-0.0006407134985519924,0.001103951118071489
2023-12-04,386.09,386.6,382.66,386.32,382.5,51186900.0,380.03,369.2076,-0.0092726895980107,60.24666515621401,6.206599300089692,6.586005764865148,1,-2.8500000000000227,-0.0089546610326183,0.265733608634908,0,0.6519239767384861,0.2301988711238919,0,0,0,0,0,0,0,0,0,0,0,0,4,0,12,2023,389.304,-0.3796239076015757,383.825,398.298506140549,369.35149385945095,-0.009283479509668124,1.2456163133220812,0.265733608634908,0,-3.490000000000009,-3.740000000000009,0.2799999999999727,388.3633333333334,389.018,1.8545709296541022,1.5941674942238477,-0.009283479509668124,-0.008953079705497524,-0.007323277744944456
2023-12-05,384.39,388.5,384.21,387.29,383.46,42933000.0,380.925,369.76120000000003,0.0025098039215685,61.46911170530615,5.794968219511077,6.427798255794334,0,-2.8999999999999773,-0.0039316433065105,-0.1612502417610756,0,0.6540629665114412,0.1871215224953224,0,0,0,0,0,0,0,0,0,0,0,0,5,1,12,2023,388.959,-0.6358005732252483,384.729,397.60902779502095,371.848972204979,0.0025108718161110932,1.2809670825907207,-0.1612502417610756,0,-1.5399999999999636,-2.2199999999999704,-3.4499999999999886,387.84999999999997,388.438,1.873846311677082,1.5887007268962934,0.0025108718161110932,-0.003960599747961702,-0.007432276583203001
2023-12-06,390.27,390.37,384.7,385.05,381.24,41994100.0,381.536,370.37800000000004,-0.0057893913315599,57.102240078154324,5.229331695188648,6.188104943673197,1,-4.759999999999991,-0.0125522770080022,-0.0218689586099271,0,0.6491165526614826,0.1822213755796384,0,0,0,0,0,0,0,0,0,0,0,0,6,2,12,2023,388.617,-0.9650802550591342,385.3465,396.9848474342586,373.7081525657414,-0.005783779596684635,1.7838600468313661,-0.021868958609927103,0,-4.889999999999986,-4.1200000000000045,-3.420000000000016,386.21999999999997,387.486,1.1233432243928354,1.946825621272294,-0.005783779596684635,-0.012540390829358317,-0.012211077191452202
2023-12-07,388.07,391.27,386.96,390.43,386.57,49593500.0,382.402,371.0858,0.0139806945755953,63.761197873876135,5.151760837725931,5.980836122483745,1,1.6000000000000227,0.0107011071656039,0.1809635163034806,0,0.6609924021300773,0.2218828693181076,0,0,0,0,0,0,0,0,0,0,0,0,7,3,12,2023,388.654,-0.8344278947746604,386.22099999999995,396.5542606664361,375.8877393335638,0.013972211401116708,1.8205750007478003,0.18096351630348062,0,4.110000000000014,0.2400000000000091,0.37000000000000455,387.59,387.806,2.702517344955689,2.3189070700745615,0.013972211401116708,0.01063884862290343,0.0041149088290513
2023-12-08,388.67,392.62,388.48,392.17,388.29,46623600.0,383.496,371.769,0.0044493882091212,65.61998382209865,5.16948440139214,5.818565778265424,1,2.230000000000018,0.0126406914531566,-0.0598848639438636,0,0.664824758806622,0.2063828732323799,0,0,0,0,0,0,0,0,0,0,0,0,8,4,12,2023,388.91999999999996,-0.6527425198103725,387.32599999999996,394.8625334206463,379.78946657935364,0.004456624747073867,2.1279202157174035,-0.05988486394386361,0,4.8799999999999955,2.3600000000000136,2.660000000000025,389.2166666666667,388.25200000000007,3.711836921675888,2.958263003798193,0.004456624747073867,0.012600376978491479,0.0057188285377238746
2023-12-11,391.74,395.79,391.53,395.52,391.61,41198000.0,384.344,372.514,0.0085503103350588,68.92481660167942,5.3893021860150725,5.732713059815354,1,9.199999999999989,0.0269803931197754,-0.1163702502595251,0,0.6722220984380918,0.1780665060945218,0,0,0,0,0,0,0,0,0,0,0,0,11,0,12,2023,389.555,-0.34436071650966227,388.1825,395.3464985343745,381.0185014656255,0.00854221383583642,2.985476883554142,-0.11637025025952519,0,10.46999999999997,6.689999999999998,6.349999999999966,392.70666666666665,390.092,2.587089741989784,4.097818932022014,0.00854221383583642,0.027191273860537546,0.02381445433837226
2023-12-12,395.56,398.79,394.41,398.67,394.73,39221200.0,385.4065,373.2622,0.0079671101350833,71.6813681053628,5.748996436804987,5.735969735213281,1,11.379999999999995,0.0209668086792633,-0.0479829117918345,0,0.679173815200196,0.1677495283301975,0,0,0,0,0,0,0,0,0,0,0,0,12,1,12,2023,390.40299999999996,0.015287404815199857,389.25550000000004,395.93651332138495,382.57448667861513,0.007964199029126373,4.159415156540382,-0.04798291179183456,0,8.240000000000009,8.730000000000018,8.480000000000018,395.4533333333333,392.36800000000005,3.250512780024559,5.172003480241903,0.007964199029126373,0.02110493558384352,0.02938366598672837
2023-12-13,399.62,404.36,398.84,403.74,399.75,55408100.0,386.318,374.2386,0.012717553770932,75.4552862134589,6.365748383300684,5.861925464830762,0,18.689999999999998,0.0292349742410742,0.4127079232659887,0,0.6903589492212739,0.2522294389804104,0,0,0,0,0,0,0,0,0,0,0,0,13,2,12,2023,391.796,0.5107099837158469,390.17600000000004,399.1272510857715,381.2247489142286,0.01271728497253366,5.905045300420009,0.4127079232659887,0,11.569999999999993,17.420000000000016,13.930000000000007,399.31,396.10600000000005,4.147203877284267,5.312826931081807,0.01271728497253366,0.029502511665859155,0.04853915075964155
2023-12-14,404.98,406.3,400.34,403.39,399.4,55447800.0,387.1975,375.1114,-0.0008755472170106,74.71504538247667,6.748494228751156,6.03923921761484,1,12.95999999999998,0.0198091166890047,0.0007165017389154,0,0.6895791091998841,0.2524366344565555,0,0,0,0,0,0,0,0,0,0,0,0,14,3,12,2023,393.252,0.7182067427529475,391.0645,401.44417721080606,380.68482278919396,-0.0008668945360876812,6.817056712558103,0.0007165017389154649,0,7.8700000000000045,16.099999999999966,14.560000000000002,401.93333333333334,398.698,2.8315425713009144,5.003795559335313,-0.0008668945360876812,0.01989785598705507,0.03319417052992857
2023-12-15,404.18,406.54,403.57,405.34,401.33,62598000.0,388.1575,376.04439999999994,0.0048322483725589,76.12063148366931,7.125420526710911,6.256475479434054,1,13.169999999999959,0.0166742549264803,0.1289537186326599,0,0.6938793698892626,0.2897537400871056,0,0,0,0,0,0,0,0,0,0,0,0,15,4,12,2023,394.79200000000003,0.8795035413044321,392.034,403.84519536713066,380.2228046328693,0.004834031582339637,7.671627090926161,0.12895371863265992,0,6.669999999999959,20.289999999999964,15.399999999999977,404.1566666666666,401.332,1.0396313447972276,4.091560826826286,0.004834031582339637,0.016730629342563974,0.03358237499043781
2023-12-18,404.93,407.99,404.6,407.08,403.86,46610000.0,389.2395,376.89200000000005,0.0063040390700919,77.33155397344825,7.541355141617146,6.5134514118706734,0,11.560000000000002,0.0102607402256401,-0.2554075210070609,0,0.6995164991867382,0.2063118944294687,0,0,0,0,0,0,0,0,0,0,0,0,18,0,12,2023,396.86800000000005,0.9879813790775307,393.086,406.2453440566212,379.9266559433788,0.0042926925543989025,7.92890044219439,-0.2554075210070609,0,3.339999999999975,16.649999999999977,20.75999999999999,405.27,403.64399999999995,1.8459956662325445,3.142328754222784,0.0042926925543989025,0.008272650715807073,0.029227346278317246
2024-03-08,445.81,448.64,438.34,439.02,435.78,71954300.0,432.996,424.05979999999994,-0.0144291659127918,55.364941567518485,4.887402533776537,5.191526685811993,0,-6.590000000000032,0.0070312705125209,0.6159809732138246,0,0.7706379091374969,0.3385845469751809,0,0,0,0,0,0,0,0,0,0,0,0,8,4,3,2024,439.73600000000005,-0.3001263122447124,436.21899999999994,446.7923625682949,425.645637431705,-0.014434841171848678,3.8830177267991703,0.6159809732138246,1,2.9699999999999704,3.75,2.240000000000009,441.08666666666664,440.666,3.7805070206262834,3.926579936731927,-0.014434841171848678,0.0068111455108359475,-0.01478871659074088
2024-03-11,437.51,438.66,435.44,437.39,434.16,45860000.0,433.013,424.57759999999996,-0.003717472118959,53.67604413522319,4.425302849375271,5.038281918524648,1,-6.6299999999999955,-0.0029704240494295,-0.3626510159920949,0,0.7670283638956351,0.2023976222101024,0,0,0,0,0,0,0,0,0,0,0,0,11,0,3,2024,439.82,-0.611659262812803,436.236,446.8157436642208,425.6562563357792,-0.0037128149059267868,3.814926823234818,-0.3626510159920949,0,-1.400000000000034,-1.6100000000000136,0.839999999999975,440.61999999999995,439.34,4.261560746918039,3.6181348785732332,-0.0037128149059267868,-0.0031905923106726464,-0.014931759830638214
2024-03-12,439.73,444.02,436.46,443.66,440.38,55300900.0,433.42599999999993,425.22479999999996,0.0143265155702965,58.873117415869,4.509010471575152,4.932427629134749,0,7.610000000000014,-0.0038201224614543,0.2058634976013955,0,0.7808872351329069,0.2516699590045222,0,0,0,0,0,0,0,0,0,0,0,0,12,1,3,2024,440.42600000000004,-0.4208117550151744,436.65200000000004,447.70194769221206,425.60205230778803,0.014335032808248993,3.9033865638232275,0.20586349760139555,0,-1.7899999999999636,-1.9499999999999886,6.060000000000002,440.0233333333333,440.86199999999997,3.253188179771899,3.4863835129752325,0.014335032808248993,-0.004018408351105562,0.01745212704965038
2024-03-13,442.65,442.67,439.12,440.25,437.0,37928700.0,434.007,425.83939999999996,-0.007675189608974,55.243146622299925,4.2535790021126445,4.7966579037303285,0,1.4599999999999795,0.0029338538423634,-0.3141395528825028,0,0.7733562086406274,0.161003932538823,0,0,0,0,0,0,0,0,0,0,0,0,13,2,3,2024,440.924,-0.5418823210039205,437.2370000000001,447.73428936443236,426.7397106355678,-0.007686065906324702,3.46561586637955,-0.31413955288250284,0,1.2300000000000182,-3.769999999999982,4.980000000000018,440.43333333333334,441.154,3.1390178930688637,3.326955064250949,-0.007686065906324702,0.002801694683613576,0.0033273319811297775
2024-03-14,441.5,442.03,436.39,439.14,435.9,52195200.0,434.301,426.5704,-0.0025171624713958,54.074371757040204,3.917231508919997,4.620772624768263,0,-6.310000000000002,0.0041341634899265,0.3761399678871144,0,0.7709052828591162,0.2354612186956079,0,0,0,0,0,0,0,0,0,0,0,0,14,3,3,2024,440.938,-0.7040946874541953,437.533,447.8934847377246,427.17251526227545,-0.002521294718909717,3.457252602215217,0.37613996788711446,0,1.75,3.089999999999975,0.13999999999998636,441.0166666666667,439.892,2.355511267857766,2.340506355374287,-0.002521294718909717,0.004001005967214644,-0.01416545066786401
2024-03-15,436.07,438.87,432.74,433.92,430.71,73038800.0,434.2715,427.2822,-0.011906400550585,48.84113469648459,3.195053484237235,4.335628796662057,0,-5.099999999999966,-0.0220987526309549,0.3993394028569677,0,0.7593413693990775,0.3442445846043844,0,0,0,0,0,0,0,0,0,0,0,0,15,4,3,2024,439.76900000000006,-1.144276321166224,437.5035,447.9015388054971,427.1054611945028,-0.01188686979095499,3.671700937950649,0.3993394028569677,0,-9.740000000000009,-4.8700000000000045,-11.689999999999998,437.77,438.872,3.380073963640533,3.5921539498675834,-0.01188686979095499,-0.021953748365865722,-0.011616782834494965
2024-05-28,459.18,459.74,456.69,459.68,456.89,26216800.0,442.0759999999999,439.5604,0.0037788079179206,70.2979474468296,6.42110612450557,5.01288294997557,0,4.769999999999982,0.0087448491064697,-0.115820714309804,0,0.8176734029990418,0.0998791794641622,0,0,0,0,0,0,0,0,0,0,0,0,28,1,5,2024,454.02799999999996,1.4221748989391276,444.77799999999996,466.8125987937297,422.7434012062702,0.003777704989627706,3.8063946195768934,-0.11582071430980401,0,3.9700000000000273,7.699999999999989,16.600000000000023,457.09666666666664,456.56000000000006,3.0993924135161883,2.3117417674795617,0.003777704989627706,0.008711680674112987,0.010485590556373658
2024-05-29,455.48,458.24,455.34,456.44,453.67,29739200.0,443.65899999999993,439.9396,-0.0070476482304273,64.42520162551239,6.304966408887424,5.271299641757941,0,0.6399999999999864,0.0062011086784004,0.1343565957706509,0,0.8104988748022548,0.1182626894181564,0,0,0,0,0,0,0,0,0,0,0,0,29,2,5,2024,455.079,1.0448209602232348,446.3705,466.8904585526053,425.8505414473947,-0.007048381482770649,2.573192785442431,0.13435659577065096,0,2.7799999999999727,4.680000000000007,10.509999999999991,458.0233333333333,456.688,1.6212443779268433,2.2765917507338114,-0.007048381482770649,0.006127937221707791,0.0014041246160596543
2024-05-30,455.5,455.64,450.21,451.55,448.81,30714100.0,445.15150000000006,440.19919999999996,-0.0107126325302533,56.72313427202374,5.754429977461484,5.3679257088986505,0,-4.159999999999968,-0.01398147284276,0.0327816484639802,0,0.7996702390766693,0.12335072140037,0,0,0,0,0,0,0,0,0,0,0,0,30,3,5,2024,454.9440000000001,0.3932632827900999,447.872,465.01570625041865,430.7282937495814,-0.010713346770659826,2.7308004524412315,0.03278164846398024,0,-6.399999999999977,-3.3600000000000136,-1.349999999999966,455.89000000000004,455.85600000000005,4.092810770073748,3.267756110775572,-0.010713346770659826,-0.013975324817119716,-0.009128612494788246
2024-05-31,451.78,452.48,443.06,450.71,447.97,55941300.0,446.3345000000001,440.338,-0.0018716160513356,55.495789242289035,5.190511918908783,5.332442950900678,1,-2.9500000000000455,-0.0196318968120163,0.8213556640109918,0,0.7977986230253337,0.2550122255768985,0,0,0,0,0,0,0,0,0,0,0,0,31,4,5,2024,454.817,-0.13843904387166717,449.0625,463.27106766182453,434.85393233817547,-0.0018602591075186359,2.9077599243610517,0.8213556640109918,1,-8.970000000000027,-5.090000000000032,-1.2700000000000387,452.8999999999999,455.26599999999996,3.0943658477367832,3.956997599128972,-0.0018602591075186359,-0.019513574660633526,-0.006502667195697365
2024-06-03,454.57,455.58,447.9,453.13,450.38,32997500.0,447.2120000000001,440.4832,0.0053798245418219,58.29548166053973,4.881795355439749,5.242313431808492,1,-4.819999999999993,-0.007204424039767,-0.4101406295527633,0,0.8031683786011898,0.1352678536479712,0,0,0,0,0,0,0,0,0,0,0,0,3,0,6,2024,454.95400000000006,-0.3587845294640122,449.945,462.7972457181867,437.0927542818133,0.005369306205764257,2.7770615965536742,-0.4101406295527633,0,-3.3100000000000023,-2.579999999999984,1.3700000000000045,451.7966666666666,454.30199999999996,1.2287120626802885,3.71965993062734,0.005369306205764257,-0.007251774603452832,-0.010525166502893368
2024-06-04,452.87,455.58,451.13,454.37,451.61,23767400.0,447.9135,440.64300000000003,0.0027310271326435,59.6946280417318,4.68241006661998,5.13033275877079,1,-5.310000000000002,0.0062392356231297,-0.2797211909993181,0,0.8059089592477886,0.0870956882986746,0,0,0,0,0,0,0,0,0,0,0,0,4,1,6,2024,454.9,-0.44691380538752856,450.651,462.82901281000517,438.47298718999485,0.0027365215280383826,2.7832554879229745,-0.27972119099931814,0,2.819999999999993,0.7099999999999795,-0.5400000000000205,452.7366666666667,453.24000000000007,1.8614331395388513,2.2795832951478,0.0027365215280383826,0.006245155575240746,-0.011551514096762916
2024-06-05,457.98,463.61,454.41,463.53,460.71,33817400.0,449.067,441.0184,0.0201501295365469,68.18567478859669,5.198761648694244,5.144018536755481,0,7.089999999999975,0.0282609812110123,0.4228481028635862,0,0.8261847998039258,0.1395469360381824,0,0,0,0,0,0,0,0,0,0,0,0,5,2,6,2024,455.67299999999994,0.058901864126058356,451.81149999999997,464.25114513162055,439.3718548683794,0.02015978167572685,3.907403371940466,0.4228481028635862,0,12.819999999999993,5.579999999999984,7.729999999999961,457.01,454.658,5.680422519463515,5.156948710188372,0.02015978167572685,0.028444010561114563,0.01553325738322675
2024-06-06,464.22,464.54,462.19,463.37,460.55,21966800.0,450.225,441.41939999999994,-0.0003472900523104,67.91653184904033,5.531301929251754,5.221475215254736,0,11.819999999999993,0.0225338666168799,-0.3504290690591234,0,0.8258283015084333,0.0776983035544201,0,0,0,0,0,0,0,0,0,0,0,0,6,3,6,2024,456.43899999999996,0.3155601495536997,452.97700000000003,465.15942356843067,440.7945764315694,-0.0003451772269323916,4.604165867263296,-0.3504290690591234,0,10.240000000000009,3.6899999999999977,7.660000000000025,460.42333333333335,457.02199999999993,5.242950823053015,6.014010309228624,-0.0003451772269323916,0.022598371328316436,0.026176503155796782
2024-06-07,463,465.74,461.84,462.96,460.15,25829700.0,451.3155,441.78200000000004,-0.0008685267614808,67.18470419663356,5.696895574369364,5.316559287077662,1,12.25,0.0189343127227555,0.1758517398983921,0,0.824937055769702,0.0978588930960066,0,0,0,0,0,0,0,0,0,0,0,0,7,4,6,2024,457.36899999999997,0.3859233208205488,454.07399999999996,465.6901911141585,442.4578088858414,-0.0008848220644409599,4.909590274819658,0.1758517398983921,0,8.589999999999975,6.519999999999982,9.299999999999955,463.28666666666663,459.47200000000004,0.29399546415604183,5.245933663276958,-0.0008848220644409599,0.018905297444813618,0.02717933926471572
2024-06-10,461.82,465.19,461.53,464.83,462.01,20719800.0,452.44749999999993,442.1984,0.0040421601651634,68.834210145025,5.910088366705224,5.435265103003175,1,11.699999999999989,0.0028263433513721,-0.1978304045343151,0,0.8290813484548025,0.0711901736110205,0,0,0,0,0,0,0,0,0,0,0,0,10,0,6,2024,458.05699999999996,0.48045644615199024,455.2125,466.3490270619102,444.07597293808976,0.004039225851045547,5.452137297523491,-0.1978304045343151,0,1.3000000000000114,13.279999999999973,6.8799999999999955,463.71999999999997,461.812,0.9829038608173971,4.218663295345667,0.004039225851045547,0.0028045649688261953,0.025820404740361402
2024-06-11,463.54,468.14,462.03,468.02,465.18,22053300.0,453.687,442.6598,0.0068613233479795,71.46890188423141,6.262645815210988,5.600741245444738,1,13.649999999999977,0.0100349567516621,0.0643587293313641,0,0.8361444709342483,0.0781497496170537,0,0,0,0,0,0,0,0,0,0,0,0,11,1,6,2024,458.89099999999996,0.668327506615003,456.45950000000005,467.4671836346555,445.4518163653446,0.006862724006626131,6.299946119693803,0.0643587293313641,0,4.649999999999977,17.310000000000002,8.339999999999975,465.27,464.54200000000003,2.5585347368377294,2.066390572832288,0.006862724006626131,0.010035177072317936,0.03004159605607759
2024-06-12,471.99,476.5,471.29,474.15,471.27,34532600.0,455.0895,443.32059999999996,0.0130917064362181,75.71711611808192,6.953308821131884,5.871254760582167,1,10.620000000000005,0.0239951899493611,0.565869960504777,0,0.8497136873064324,0.14327958602657,0,0,0,0,0,0,0,0,0,0,0,0,12,2,6,2024,460.662,1.0909531431781394,457.8705,470.2649382285226,445.47606177147736,0.013097730866202362,7.8363055354149225,0.565869960504777,1,11.189999999999998,21.019999999999982,17.70999999999998,469.0,466.666,4.736654937779866,4.631752368109172,0.013097730866202362,0.02417055469155005,0.022911138437641698
2024-06-13,477.72,478.39,474.42,476.72,473.82,25859000.0,456.273,444.013,0.0054109109427715,77.24675395522745,7.618605377666711,6.220724883999076,1,13.350000000000023,0.0253639407269692,-0.2511713569207068,0,0.8553953788908446,0.0980118106640432,0,0,0,0,0,0,0,0,0,0,0,0,13,3,6,2024,463.179,1.408886279783256,459.0615000000001,473.69255365312654,444.4304463468736,0.005420225666983081,8.590350464971499,-0.2511713569207068,0,11.890000000000043,22.350000000000023,25.170000000000016,472.9633333333333,469.33599999999996,4.469746450629627,5.924257759371935,0.005420225666983081,0.025579244024697356,0.02881066965923562
2024-06-14,476.52,479.26,476.05,479.19,476.28,23372600.0,457.6255,444.89,0.0051918450044319,78.639428796017,8.249266721075287,6.626433251414319,1,16.230000000000018,0.0236944623834216,-0.0961522100622607,0,0.8608765401840421,0.0850352154024002,0,0,0,0,0,0,0,0,0,0,0,0,14,4,6,2024,466.02700000000004,1.634940702063166,460.4219999999999,477.0853029139083,443.7586970860915,0.005181238462829363,8.717238413366612,-0.09615221006226071,0,11.170000000000016,15.660000000000025,28.480000000000018,476.68666666666667,472.582,2.5201653384063265,6.003179990594208,0.005181238462829363,0.02386650143156288,0.03505702436495595
2024-06-17,479.46,486.86,478.14,485.06,482.11,37054500.0,459.28,445.7818,0.0122406987486354,81.53239163054442,9.114437098719293,7.124034020875315,1,20.230000000000018,0.0228434546958389,0.5853820285291325,0,0.8738664468260511,0.1564414568399297,0,0,0,0,0,0,0,0,0,0,0,0,17,0,6,2024,469.21999999999997,2.0048108762429964,462.087,481.39961049161064,442.77438950838933,0.012249838268745261,9.29684653823369,0.5853820285291325,1,10.910000000000025,21.689999999999998,31.930000000000007,480.3233333333333,476.628,4.283950668821193,6.2830939830198815,0.012249838268745261,0.023009596119371478,0.04352128735236538
2024-06-18,485.01,485.9,483.43,485.21,482.26,24438600.0,460.7855,446.6739999999999,0.0003111323142022,81.60096616243406,9.700374721104538,7.63930216092116,0,17.189999999999998,0.0177436760672695,-0.3404687689754281,0,0.8742006639780753,0.0905987009835261,0,0,0,0,0,0,0,0,0,0,0,0,18,1,6,2024,472.304,2.0758263652720164,463.602,485.0596043397364,442.14439566026357,0.0003092400940090112,8.931400537175639,-0.3404687689754281,0,8.489999999999952,22.25,30.839999999999975,483.15333333333336,480.066,3.433166662555891,4.958904112750293,0.0003092400940090112,0.01780919617385468,0.03672919960685439
2024-06-20,486.42,486.84,479.62,481.47,478.54,33918700.0,462.061,447.4588,-0.0077136814166631,74.20259189642442,9.752144941251345,8.061870716987197,0,7.32000000000005,0.0048381496461744,0.3879150196819785,0,0.8659120786078742,0.1400756237392781,0,0,0,0,0,0,0,0,0,0,0,0,20,3,6,2024,474.09800000000007,1.7028208377097656,464.8855,487.3692305401189,442.40176945988105,-0.007708002720471452,8.773554708447667,0.3879150196819785,0,2.2800000000000296,16.640000000000043,17.940000000000055,483.91333333333336,481.53000000000003,2.1173174851407595,3.6952198851283558,-0.007708002720471452,0.004758029174231515,0.015438152483391532
2024-06-21,481.19,482.54,478.67,480.18,477.26,39432900.0,463.277,448.295,-0.0026748025243449,71.78502961115564,9.579461838047225,8.365388941199203,0,3.4599999999999795,-0.0100773516268058,0.1625710891042404,0,0.8630600922439338,0.168854396901984,0,0,0,0,0,0,0,0,0,0,0,0,21,4,6,2024,475.7790000000001,1.2235373084008412,466.10900000000004,489.1193610575906,443.0986389424095,-0.002679294660103526,8.072040152410093,0.16257108910424045,0,-4.8799999999999955,12.160000000000025,16.810000000000002,482.2866666666667,482.22200000000004,2.6125530296795203,2.779868701835818,-0.002679294660103526,-0.010060611058425706,0.007257929182748812
2024-06-24,478.18,479.93,473.82,473.96,471.83,37751000.0,464.3235000000001,448.8668,-0.0113774462557096,61.397860711356316,8.901838759034945,8.47267890476635,0,-5.230000000000018,-0.0217659301967177,-0.042652201588014,0,0.8509614313406564,0.1600765109743145,0,0,0,0,0,0,0,0,0,0,0,0,24,0,6,2024,476.879,0.38535584948588486,467.12399999999997,489.6337298073673,444.61427019263266,-0.012953475779915902,6.776614116856957,-0.04265220158801408,0,-11.25,-0.18999999999999773,11.0,478.53666666666663,481.17600000000004,4.015648556945579,4.5964040291785455,-0.012953475779915902,-0.02318583706024191,-0.010914251132118857
2024-09-04,458.67,464.45,457.73,460.61,458.54,32505100.0,465.45200000000006,473.2964,-0.0025884758445173,43.684612706279204,0.4040141927867466,1.2047572904486712,1,-16.149999999999977,-0.0210292146892022,-0.2774267981469461,0,0.8213497916713086,0.1326980034602166,0,0,0,0,0,0,0,0,0,0,0,0,4,2,9,2024,473.01500000000004,-0.7977106616643417,467.5535,493.12174223525574,441.98525776474423,-0.002598471232758026,7.148446995281523,-0.27742679814694615,0,-10.050000000000011,-19.389999999999986,-19.649999999999977,466.23,468.14000000000004,8.715572270344623,6.699276080254567,-0.002598471232758026,-0.021352993668465547,-0.03387448611460686
2024-09-05,458.97,465.36,457.94,461.04,458.97,34452400.0,466.7595,472.9296,0.0009377589741352,44.03360809049256,-0.3032427462108558,0.903157283116766,0,-10.310000000000002,-0.0320221339922685,0.059907522204208,0,0.8223078808404447,0.1428610198505791,0,0,0,0,0,0,0,0,0,0,0,0,5,3,9,2024,470.869,-1.2059029962763037,468.8669999999999,489.85193373829685,447.88206626170296,0.0009335446473155429,7.205591116157105,0.05990752220420803,0,-15.229999999999961,-14.299999999999955,-21.45999999999998,461.15333333333336,466.078,0.6079747798630909,7.042156629859566,0.0009335446473155429,-0.03197765973082489,-0.021873342526784745
2024-09-06,460.33,461.22,448.19,448.69,446.67,50624400.0,466.79,472.296,-0.0267991371985096,36.95087986788006,-1.835102254015624,0.355505375690288,1,-21.970000000000027,-0.0284498540688917,0.4694012608700699,0,0.7949020743744568,0.2272631669593672,0,0,0,0,0,0,0,0,0,0,0,0,6,4,9,2024,468.253,-2.1947770513901754,468.89799999999997,489.7614326993597,448.0345673006402,-0.026787263577997655,9.8596259225818,0.46940126087006995,0,-13.120000000000005,-28.069999999999993,-26.160000000000025,456.78000000000003,461.684,7.009443629820422,9.787485887575217,-0.026787263577997655,-0.02840995214482145,-0.04667913143245661
2024-09-09,453.06,455.46,449.82,454.46,452.42,32981200.0,466.9915,471.75300000000004,0.0128730382609085,41.671415506517356,-2.555674777178752,-0.2267306548835198,1,-21.810000000000002,-0.0129883399634658,-0.34851178483103,0,0.8077137318687195,0.1351827834650703,0,0,0,0,0,0,0,0,0,0,0,0,9,0,9,2024,465.69899999999996,-2.3343943380003447,469.1005,489.3106147696077,448.8903852303923,0.012859658115848216,9.786247095906614,-0.34851178483103007,0,-6.150000000000034,-16.890000000000043,-25.54000000000002,454.73,457.322,6.179425539614225,5.645331699687211,0.012859658115848216,-0.013351859490675522,-0.045793352510130836
2024-09-10,456.24,459.17,452.23,458.66,456.6,29680300.0,467.354,471.344,0.0092392025109411,44.90498864200068,-2.757654106982613,-0.7329153453033386,1,-3.1499999999999773,-0.0046868964266599,-0.100084290444253,0,0.8170272498384616,0.1179552885731956,0,0,0,0,0,0,0,0,0,0,0,0,10,1,9,2024,464.03099999999995,-2.029268141377333,469.46450000000004,488.6195604019072,450.30943959809287,0.00924173744664003,9.373201101481309,-0.10008429044425304,0,-2.3799999999999955,-12.0,-16.67999999999995,453.93666666666667,456.692,5.005560241668497,5.1754874166106,0.00924173744664003,-0.005162241887905594,-0.006820986985989874
2024-09-11,459.91,469.37,451.28,468.62,466.51,57843000.0,467.6545,471.07800000000003,0.0217038983793254,51.73785053231054,-2.0939324524758263,-1.0051187667378365,1,8.009999999999991,0.0438161391511751,0.9488684413567248,0,0.83910786301553,0.2649372542163235,0,0,0,0,0,0,0,0,0,0,0,0,11,2,9,2024,463.217,-1.0891657088383597,469.7665,488.66662939111035,450.86637060888967,0.021715431910347416,8.453254534328499,0.9488684413567248,1,19.930000000000007,-7.649999999999977,-8.139999999999986,460.58,458.294,7.272633635734634,7.437020908905078,0.021715431910347416,0.04441819519044321,0.017389982848830865
2024-09-12,468.65,474.04,466.85,473.22,471.09,40175500.0,468.1765,470.8028,0.0098175816166856,54.54189483689056,-1.1847040057543268,-1.0410358145411345,1,12.180000000000007,0.0407606825069521,-0.3054388603633975,0,0.8493126267240034,0.1727300483021192,0,0,0,0,0,0,0,0,0,0,0,0,12,3,9,2024,463.404,-0.13993444521709764,470.29100000000005,488.9617620626667,451.6202379373334,0.009816055652767774,8.671038897126362,-0.3054388603633975,0,18.760000000000048,11.410000000000025,1.8700000000000045,466.8333333333333,460.73,7.442616027508957,10.084785570327536,0.009816055652767774,0.04127976059499194,0.02641853201457578
2024-09-13,472.48,476.53,472.25,475.34,473.2,29111800.0,468.2219999999999,470.4888,0.0044789742936595,55.81600193387665,-0.2905255474310593,-0.8909337611191195,0,26.649999999999977,0.0360004542896705,-0.275384251596122,0,0.8540139479958111,0.1149882702309159,0,0,0,0,0,0,0,0,0,0,0,0,13,4,9,2024,463.872,0.6073094541410993,470.3370000000001,489.052705810915,451.62129418908523,0.004479945902539972,9.215389061535998,-0.275384251596122,0,16.67999999999995,14.729999999999961,4.67999999999995,472.3933333333334,466.05999999999995,3.435423312041281,9.127672211438986,0.004479945902539972,0.036366807657087996,0.05939512803940361
2024-09-16,473.19,473.86,469.89,473.24,471.11,22585600.0,468.133,470.0304,-0.0044167371090447,54.19558551279404,0.2466288064966306,-0.6634212475959695,1,18.78000000000003,0.0098798188013004,-0.2241771377929224,0,0.8493571890109399,0.0809278390868785,0,0,0,0,0,0,0,0,0,0,0,0,16,0,9,2024,463.56899999999996,0.9180851043557571,470.24750000000006,488.8895555465516,451.6054444534485,-0.004417890352168885,8.803039184782225,-0.22417713779292248,0,4.6200000000000045,12.199999999999989,-3.0299999999999727,473.93333333333334,469.816,1.2182501109838093,6.702841188590686,-0.004417890352168885,0.009858734155605786,0.04132376886854727
2024-09-17,476.29,477.6,470.97,473.49,471.36,30084400.0,467.7455,469.5534,0.0005306616289189,54.36543616229417,0.6846086700410865,-0.3938152640685584,0,14.829999999999984,0.0005928988135336,0.3320168603003683,0,0.8499142175976471,0.1200642984449901,0,0,0,0,0,0,0,0,0,0,0,0,17,1,9,2024,464.7370000000001,1.0868785469949014,469.8585,487.8786168420383,451.8383831579617,0.0005282731806270924,9.304308500183495,0.33201686030036837,0,0.2699999999999818,24.80000000000001,11.680000000000007,474.0233333333333,472.782,1.1470977869875856,2.4883970743154706,0.0005282731806270924,0.0005705591479649996,0.03233331879823842
2024-09-18,474.7,478.83,470.83,471.44,469.32,39909200.0,467.3065,469.0268,-0.0043279022403258,52.641632647479724,0.8572184358376376,-0.1436085240873192,1,2.819999999999993,-0.0082139777204517,0.3265745702091449,0,0.8453688643301174,0.1713402207127628,0,0,0,0,0,0,0,0,0,0,0,0,18,2,9,2024,465.82,1.008574018554866,469.4175,486.8188986507037,452.0161013492963,-0.004329552894464572,9.400358149201091,0.32657457020914493,0,-3.8999999999999773,16.980000000000018,10.829999999999984,472.72333333333336,473.346,1.1184066044672643,1.3835389403484912,-0.004329552894464572,-0.008204653511170945,0.006017668900174966
2024-09-19,482.61,486.23,480.49,483.36,481.19,52782500.0,467.3495000000001,468.63480000000004,0.0252919117020369,60.48698015909464,1.9295797231615663,0.2710291253624579,0,10.139999999999986,0.0214946710906299,0.3225647219187555,0,0.871816581626969,0.2385263547948529,0,0,0,0,0,0,0,0,0,0,0,0,19,3,9,2024,468.05199999999996,1.6687321410294533,469.46049999999997,486.99474018886224,451.9262598111377,0.025284235533683974,10.699353874568637,0.3225647219187555,0,10.120000000000005,24.69999999999999,22.319999999999993,476.09666666666664,475.37399999999997,6.3731964768792055,4.673251544637502,0.025284235533683974,0.021384498351787684,0.021427665779130134
2024-09-20,482.49,483.69,478.3,482.44,480.27,34577700.0,467.727,468.445,-0.001911926681768,59.66542923557792,2.6743689970117543,0.7516970996923172,1,7.100000000000023,0.0190520827799429,-0.3449021929616823,0,0.869766716427887,0.1435149642626946,0,0,0,0,0,0,0,0,0,0,0,0,20,4,9,2024,471.427,1.9339155855407526,469.84000000000003,488.13638324917565,451.5436167508244,-0.0019033432638199121,9.119617499283619,-0.34490219296168234,0,8.949999999999989,13.819999999999993,33.75,479.08,476.794,6.632405295182345,5.639200297866183,-0.0019033432638199121,0.018902194344125434,0.014936676904952373
2024-09-23,482.95,484.14,481.6,483.04,481.54,24843000.0,467.912,468.2094,0.002644345888771,60.04656075114641,3.3287267586093208,1.267103031475718,0,9.800000000000011,0.0260243309090398,-0.2815311602564658,0,0.872596421648359,0.0927092765642084,0,0,0,0,0,0,0,0,0,0,0,0,23,0,9,2024,474.285,2.0302302636720295,469.9919999999999,488.6700112431894,451.31398875681043,0.0012436779703175471,7.555776671594505,-0.28153116025646585,0,11.600000000000023,9.819999999999993,28.58000000000004,482.9466666666667,478.754,0.4670474632024811,5.796031400833706,0.0012436779703175471,0.024605464109961117,0.02070830868058482
2024-12-03,513.95,517.15,513.37,516.87,515.27,18597900.0,505.94,496.999,0.0030757850065212,64.49577069686883,4.603462834938739,4.153641092494397,1,10.28000000000003,0.0227325519802381,-0.2604385378889101,0,0.9477507185668768,0.0601159146479895,0,0,0,0,0,0,0,0,0,0,0,0,3,1,12,2024,508.05,0.4569762965694224,507.5125,520.1115791330442,494.91342086695585,0.003066234547536517,4.758183593656555,-0.26043853788891014,0,11.569999999999993,11.889999999999986,16.850000000000023,513.9666666666666,511.30199999999996,3.744680671673047,4.725957045866441,0.003066234547536517,0.02289728873936281,0.02029254426656668
2024-12-04,520.32,523.52,519.6,523.26,521.64,26086200.0,507.4875,497.7568,0.0123624507539736,68.93831259677147,5.415905227710141,4.406093919537547,0,13.949999999999989,0.0263206350048275,0.4026422338005904,0,0.961943806956173,0.0991975741950299,0,0,0,0,0,0,0,0,0,0,0,0,4,2,12,2024,510.03000000000003,1.0182201247002691,509.06499999999994,521.3881173004522,496.74188269954766,0.012362876545359613,6.453550271822327,0.4026422338005904,0,13.519999999999982,17.46999999999997,19.80000000000001,518.4733333333332,514.092,4.219980252654283,6.881930688358237,0.012362876545359613,0.02652332561698123,0.027389998232903334
2024-12-05,523.31,524.04,521.42,521.81,520.19,18169600.0,508.2965,498.4766,-0.0027796948086802,66.89288917704144,5.875044934551397,4.699884122540317,1,16.509999999999934,0.0126585409518147,-0.3034784675422254,0,0.958713041153272,0.05788060425925,0,0,0,0,0,0,0,0,0,0,0,0,5,3,12,2024,511.89399999999995,1.1839465640065825,509.87649999999996,523.2661620943437,496.4868379056562,-0.0027710889423996354,6.926588385813715,-0.3034784675422254,0,6.519999999999982,15.21999999999997,18.63999999999993,520.6466666666666,517.394,3.35007960096283,5.41285784030556,-0.0027710889423996354,0.012653069145529772,0.03267365921234888
2024-12-06,522.48,526.72,522.35,526.48,524.85,23762600.0,508.9415,499.2168,0.0089582652492357,69.98202838444263,6.539555588805399,5.067818415793334,0,16.74000000000001,0.0185410211945291,0.3078218562874251,0,0.9690960540094916,0.0870706369564706,0,0,0,0,0,0,0,0,0,0,0,0,6,4,12,2024,514.0440000000001,1.480948361501481,510.52349999999996,525.691216077271,495.3557839227289,0.008949617676932364,7.821065855171503,0.3078218562874251,0,9.610000000000014,17.170000000000016,21.5,523.85,520.742,2.390251032725973,4.613086818969225,0.008949617676932364,0.018592682879640998,0.03284027151096636
2024-12-09,525.55,526.35,521.22,522.38,520.76,20674400.0,509.352,499.92940000000004,-0.0077927026769554,64.30870402466046,6.659390937992384,5.386132920233144,0,7.090000000000032,-0.0016141322363999,-0.1299605262050449,0,0.959983066330964,0.0709532296660082,0,0,0,0,0,0,0,0,0,0,0,0,9,0,12,2024,515.7030000000001,1.2816053927238986,510.93550000000005,526.9004659880849,494.9705340119152,-0.007787570278073308,7.632963673715446,-0.12996052620504495,0,-0.8799999999999955,17.079999999999984,16.589999999999975,523.5566666666667,522.1600000000001,2.5476721399704454,3.465090186321739,-0.007787570278073308,-0.0016817643236631818,0.013759242368375224
2024-12-10,523.62,525.38,519.16,520.6,518.99,24350000.0,509.689,500.58,-0.0033988785621015,61.960234286971215,6.536191955868333,5.616144727360182,1,3.730000000000018,-0.0022333159898212,0.1777850868707193,0,0.956039303937078,0.0901362949586783,0,0,0,0,0,0,0,0,0,0,0,0,10,1,12,2024,517.104,0.9267489701895855,511.27350000000007,527.7482215758175,494.7987784241826,-0.003407481143994695,7.036926728166933,0.17778508687071937,0,-1.2099999999999227,10.860000000000014,14.010000000000048,523.1533333333333,522.9060000000001,3.0153164564904924,2.218914148708981,-0.003407481143994695,-0.002318851689312007,0.00721651479095331
2024-12-11,525,530.61,524.59,529.92,528.28,32168600.0,510.5370000000001,501.55300000000005,0.0179001522187325,68.45577942401218,7.106264639892288,5.914168709866604,0,6.659999999999968,0.0067085709796755,0.3210924024640658,0,0.9767384862191126,0.1309417999911276,0,0,0,0,0,0,0,0,0,0,0,0,11,2,12,2024,519.165,1.1992857076894827,512.124,530.4958756799817,493.7521243200183,0.017902420284287235,7.503267806601746,0.3210924024640658,0,3.439999999999941,14.629999999999995,20.609999999999957,524.3000000000001,524.2379999999999,4.947767173124269,3.8695632827667805,0.017902420284287235,0.0065339614040418326,0.012727898176814634
2024-12-12,527.68,528.96,526.02,526.5,524.87,23577500.0,511.24750000000006,502.444,-0.0064549102748542,64.12841794699015,7.19989691780404,6.171314351454091,1,4.690000000000055,0.0080463633817767,-0.2670647774537903,0,0.9691406162964282,0.086104594572731,0,0,0,0,0,0,0,0,0,0,0,0,12,3,12,2024,521.2850000000001,1.0350030453926813,512.8365000000001,532.2485037863356,493.4244962136646,-0.006453804347826053,5.993619292383068,-0.2670647774537903,0,4.1200000000000045,9.629999999999995,21.19999999999999,525.6733333333333,525.176,4.714672134176071,3.6985240298440596,-0.006453804347826053,0.007886978827673419,0.008987945804028286
2024-12-13,530.46,533.17,527.3,530.53,528.89,28780400.0,512.3365,503.4228,0.0076590393811801,66.79230274509067,7.511889193457932,6.43942931985486,1,4.0499999999999545,0.0191042813250584,0.2206722510868413,0,0.978097635970678,0.1132586838129186,0,0,0,0,0,0,0,0,0,0,0,0,13,4,12,2024,523.3639999999999,1.0786250286647912,513.9285,534.6945620003096,493.1624379996904,0.007654320987654284,5.0801557281270995,0.2206722510868413,0,9.92999999999995,7.269999999999982,20.789999999999964,528.9833333333332,525.986,2.1721494729343007,4.427209053041358,0.007654320987654284,0.01907414521705708,0.007692599908828424
2024-12-16,533.08,539.15,533.0,538.17,536.5,31979900.0,514.41,504.43979999999993,0.0143886252339806,71.16419966901933,8.277787538275561,6.807100963539001,0,15.789999999999964,0.0155927543403066,0.1111694069575126,0,0.9950535861500412,0.1299569691007351,0,0,0,0,0,0,0,0,0,0,0,0,16,0,12,2024,525.6519999999999,1.478194241310236,516.0085,537.7154180447318,494.3015819552683,0.014400693645976625,6.091438071389514,0.11116940695751265,0,8.25,16.360000000000014,22.879999999999995,531.7333333333332,529.144,5.927329359227622,6.402782988616856,0.014400693645976625,0.015568387681159424,0.030227037788582933
2024-12-17,536.36,537.48,534.13,535.8,534.14,28579100.0,516.1935000000001,505.51380000000006,-0.0043988816402609,68.16614493404859,8.595254474662283,7.164731665763657,0,15.199999999999932,0.0176487829748999,-0.1063417959405751,0,0.9897952362915264,0.1122080931492407,0,0,0,0,0,0,0,0,0,0,0,0,17,1,12,2024,527.545,1.4377342846005394,517.7975,539.8338897905419,495.76111020945814,-0.0044038129215675514,5.999763421244474,-0.10634179594057513,0,9.299999999999955,9.319999999999936,18.92999999999995,534.8333333333333,532.184,3.910656381319374,4.719028501642253,-0.0044038129215675514,0.017663817663817527,0.029197080291970767
2024-12-18,535.15,536.88,515.01,516.47,514.87,54703200.0,516.842,506.05719999999997,-0.0360766840154266,49.75493461582866,7.208822536222669,7.173549839855459,0,-13.449999999999932,-0.0260869404217068,0.9140980646696362,0,0.9468594728281454,0.2485505449971687,0,0,0,0,0,0,0,0,0,0,0,0,18,2,12,2024,526.866,0.03796908150252509,518.448,539.4991174050381,497.39688259496194,-0.03607689436356831,6.860988266991378,0.9140980646696362,1,-14.059999999999945,-5.909999999999968,-6.789999999999964,530.1466666666666,529.494,11.903471482419139,8.583421811802115,-0.03607689436356831,-0.026501800086705662,-0.025381189613526423
2024-12-19,521.19,521.76,513.83,514.17,512.58,46441800.0,517.3905,506.4776,-0.0044477246683628,48.090548807168545,5.857756800565198,6.910391231997408,1,-12.330000000000041,-0.0449232903240504,-0.1510222436713025,0,0.9417570909739088,0.2054340536464055,0,0,0,0,0,0,0,0,0,0,0,0,19,3,12,2024,526.1020000000001,-1.0536760353666068,518.998,538.970890226522,499.0251097734781,-0.004453308033380621,7.84181639954925,-0.15102224367130257,0,-24.0,-6.430000000000064,-7.639999999999986,522.1466666666666,527.028,11.879925645086674,11.069729897306825,-0.004453308033380621,-0.04459557388929147,-0.023418803418803535
2024-12-20,510.44,524.82,509.29,518.66,517.05,60530000.0,518.072,506.999,0.0087205899566895,51.50130800164993,5.089055648120507,6.546124115222028,1,-11.870000000000005,-0.0318038187270999,0.3033517219401487,0,0.9517167621042312,0.2789607868209064,0,0,0,0,0,0,0,0,0,0,0,0,20,4,12,2024,525.3199999999999,-1.4592481324377333,519.682,538.5967271722511,500.7672728277489,0.008732520372639385,8.18244733831152,0.3033517219401487,0,-17.139999999999986,-11.259999999999991,-7.82000000000005,516.4333333333333,524.654,2.2452245617763595,11.398856521569884,0.008732520372639385,-0.031989548338932416,-0.02237385256253177
2024-12-23,519.55,523.25,516.13,522.87,522.09,29672800.0,518.9655,507.5892,0.0097476066144475,54.51887067746775,4.830853256340561,6.203069943445735,0,-15.299999999999955,0.0140204719027742,-0.5097835783908806,0,0.9629464584122458,0.1179161458510019,0,0,0,0,0,0,0,0,0,0,0,0,23,0,12,2024,525.3689999999999,-1.4280852168376992,520.5360000000001,538.3765374358704,502.6954625641296,0.008117070913507884,8.164332251379035,-0.5097835783908806,1,6.399999999999977,-3.6299999999999955,0.4900000000000091,518.5666666666666,521.5939999999999,4.350750892983683,8.56472591501597,0.008117070913507884,0.012391813658102047,-0.028429678354423227
2015-12-23,112.36,112.69,112.16,112.61,105.11,25656900.0,100.9735,501.94379999999995,0.0073797201456775,20.617176969160937,-0.1855366783361489,-0.0043151878560586,0,-350.77,0.0250594090412679,-0.0332852303854892,0,0.0338673380717898,0.0969570447766646,1,1,0,0,0,0,0,0,0,0,0,0,23,2,12,2015,417.07,-32.27739628917315,474.61800000000005,680.6787750737651,268.557224926235,-0.686436666388216,127.21778177597676,-0.45506041574186373,0,-336.14,-387.65999999999997,-407.26,304.6566666666667,334.2,171.4288311029775,137.10184426184773,-0.686436666388216,-0.749058495821727,-0.7569813112348397
2018-12-03,173.11,173.31,169.51,172.33,165.05,50771700.0,159.94199999999998,494.7912,0.0175081684236484,27.921179982272207,-1.0485529338814388,-2.192963115528261,0,-135.94999999999996,0.0214931321924496,0.3825661441937977,0,0.1674205120206769,0.2280319300232507,0,1,0,0,0,0,0,0,0,0,0,0,3,0,12,2018,382.971,-37.05253627522887,456.77200000000005,699.3947525686758,214.14924743132434,0.5303259035609627,143.24239870854544,0.9788711808519346,1,-269.9,-335.84000000000003,-340.99,214.68999999999997,307.01000000000005,128.6032845614762,155.7411576944259,0.5303259035609627,-0.6103158989666011,-0.44099519916958596
2017-10-18,149.19,149.21,148.64,148.86,141.48,17218200.0,139.1275,487.1764,-0.0012001411930816,26.87464183525306,1.1247257035336702,0.9288021170850356,0,-299.89,0.0034767101425438,0.3105448234918024,0,0.1149038568659343,0.0529152194732433,0,1,0,0,0,0,0,0,0,0,0,0,18,2,10,2017,346.40099999999995,-39.29849977132898,437.8155,712.3623334164517,163.26866658354828,-0.1361921894040503,152.30966610093395,-0.6608701304072938,1,-210.26999999999998,-314.52,-365.69999999999993,144.6,247.032,30.087045385018147,144.87548557295756,-0.1361921894040503,-0.5854982875281931,-0.6682785515320334
2015-09-03,104.31,105.02,103.1,103.39,95.98,45131800.0,98.809,478.793,-0.0048729911871435,24.92542391115299,-1.8405008320402767,-1.651826431502368,0,-338.84000000000003,-0.0079196832540296,0.0265719822762466,0,0.0135246540852476,0.1985971248365791,0,0,0,0,0,0,0,0,0,0,0,0,3,3,9,2015,306.71299999999997,-41.155906697812185,416.57,723.6547972791896,109.48520272081049,-0.3054547897353218,159.30802205162271,1.6211682986607197,1,-9.219999999999999,-204.89,-396.88,141.52666666666667,179.264,35.05016737953587,104.31188944698707,-0.3054547897353218,-0.08187549951158868,-0.7662076295140537
2024-07-18,485.53,485.71,476.27,479.49,477.33,49347400.0,485.4725,478.07060000000007,-0.0047331109257715,54.39167546808218,5.80491151051001,8.127488259489319,0,120.36000000000001,-0.0337143639083881,-0.1230059997725204,0,0.8632160602482117,0.2205984661271929,1,1,0,0,0,0,0,0,0,0,0,0,18,3,7,2024,303.845,-15.674990381784639,413.7495,717.4156116078002,110.08338839219988,3.6376825611761294,155.49066697608245,0.09340642296562507,0,307.15999999999997,30.74000000000001,-28.680000000000007,243.91333333333333,203.336,205.27823711570915,156.85219819945263,3.6376825611761294,1.7823942436023907,0.33514326288530616
2022-06-27,296,296.58,291.29,292.45,287.09,54151500.0,282.5615,473.695,-0.0073303136129456,44.94409702195562,-5.492832739671087,-6.991673705982292,0,179.83999999999997,0.0418096559554657,-0.0731022229525369,0,0.4393395869076,0.2456712063526028,1,1,0,0,0,0,1,0,0,0,0,0,27,0,6,2022,286.752,-10.297247155663428,401.4645,703.8831490595462,99.04585094045382,-0.39008112786502325,145.0489767706845,0.09735264674531985,0,143.58999999999997,-149.78000000000003,-170.93,291.77666666666664,239.304,188.0509041013449,151.37045709120474,-0.39008112786502325,0.9645976084911996,1.5970162507770178
2016-01-12,105.33,106.08,104.08,105.54,98.51,46734200.0,100.9735,465.60119999999995,0.0116040254672418,37.86594897479295,-1.750496565034453,-0.9758950605226746,0,-66.79,0.0064185063690962,-0.06576630064309,0,0.0191617833827232,0.2069600979089957,1,1,0,0,0,0,0,0,0,0,0,0,12,1,1,2016,266.47799999999995,-17.769927739842814,379.773,701.153819533464,58.39218046653599,-0.6391177979141733,155.49806513980366,-0.13697312170484655,0,2.1500000000000057,-253.58999999999997,-202.73999999999995,292.49333333333334,225.946,186.9750037661003,161.3746969942943,-0.6391177979141733,0.02079504787697073,-0.3875703591945686
2021-09-27,370.2,371.25,367.73,370.35,361.96,43338100.0,355.12850000000003,462.63660000000004,-0.0079754433085756,49.903561540631216,-0.0971273600453628,0.8837163141484555,0,221.49,0.0021765336648229,0.2019397173348716,0,0.6061585080546332,0.1892357513967428,1,1,0,0,0,0,1,0,0,0,0,0,27,0,9,2021,258.63800000000003,-4.037058390476091,371.31450000000007,684.2256440313386,58.40335596866163,2.509096077316657,147.03306081740175,-0.07266840985830503,0,-109.13999999999999,257.74,-78.39999999999998,256.11333333333334,270.244,136.0931630660897,165.27694267501488,2.509096077316657,-0.2276168428955765,1.4879081015719469
2017-11-28,156.54,156.69,155.7,156.59,148.83,25227300.0,146.423,455.27759999999995,0.0025597844392053,42.71038214399981,1.7086922550237773,1.6414277437023828,0,53.2,0.0058051596309791,0.1136209134169705,0,0.1312804973151222,0.0947149496494116,0,0,0,0,0,0,0,0,0,0,0,0,28,1,11,2017,230.07399999999998,-8.264878966852564,352.28249999999997,668.7951340527358,35.76986594726418,-0.5771837451059809,134.6259177787779,-0.41789556994884414,0,-135.85999999999999,-15.740000000000009,-285.64,210.82666666666668,280.88399999999996,140.48948726980734,153.11498744407783,-0.5771837451059809,-0.46455804411010426,0.5145565335138795
2022-01-14,375.07,380.35,374.86,380.01,371.87,80121200.0,380.633,452.57419999999996,0.0062234488730146,50.70776916722098,-2.912685286633689,-1.218035445294066,0,-99.48000000000002,-0.0148392870586998,0.0272738928635536,0,0.6282391212317016,0.3812078400263039,1,1,0,0,0,0,0,0,0,0,0,0,14,4,1,2022,232.16199999999998,4.390160907241949,344.979,651.7028688397123,38.25513116028765,1.4267833194967747,136.99107641659825,2.1759720620121854,1,274.46999999999997,231.14999999999998,20.879999999999995,302.31666666666666,260.988,126.29538761701949,124.6787512770327,1.4267833194967747,2.60062535531552,-0.2074704373396734
2018-04-05,161.33,161.58,159.48,160.65,153.25,43054900.0,153.49399999999997,445.4818,0.005643414922239,44.185849166538404,-2.084651662111156,-1.3714557206594635,0,-131.79999999999998,0.0326984706530399,-0.3453588104980029,0,0.1411287627281032,0.1877577222067101,1,1,0,0,0,0,0,0,0,0,0,0,5,3,4,2018,236.96599999999998,-1.3035387152603732,327.01800000000003,632.7420672632777,21.29393273672241,-0.5772479671587589,133.1204535749502,-0.46262786877880013,0,-209.70000000000002,57.260000000000005,48.040000000000006,232.41666666666663,234.62800000000001,127.835695067275,130.17562452318128,-0.5772479671587589,-0.5662211421628189,-0.4506753291160882
2023-02-07,303.46,311.03,302.32,309.88,305.48,67584000.0,285.857,441.5356,0.0207163859930501,48.99225534147464,8.299748813950828,6.132457237030816,0,204.33999999999997,-0.0055003103376011,0.6563772140296014,0,0.4803146097457721,0.3157758218014524,0,1,0,0,0,0,0,0,0,0,0,0,7,1,2,2023,250.721,5.3261240974934765,316.846,610.3939213620855,23.2980786379145,0.928913787737317,132.80567888209364,0.5697168034300393,1,153.29,-169.61,137.54999999999998,283.5133333333333,275.496,112.03170637517411,110.0351733765169,0.928913787737317,0.9789258573344402,1.9361379571726358
2017-04-12,131.43,131.54,130.78,130.92,123.82,15955200.0,124.3665,434.0428,-0.004021879021879,44.08893496264696,0.4692847723443805,0.6777113052737659,0,-239.43000000000004,-0.0079461139213963,-0.5276508064325132,0,0.0755553575009469,0.0463235850558305,1,1,0,0,0,0,0,0,0,0,0,0,12,2,4,2017,248.92700000000005,-1.6241645406823153,297.664,587.1361333323835,8.191866667616466,-0.5775138763392281,134.44559701480412,-0.7639204545454545,1,-249.09,-161.53,-17.940000000000026,200.48333333333332,227.60999999999999,95.89938077658991,110.53342367809068,-0.5775138763392281,-0.6554827504539354,-0.6464965573106521
2025-01-30,523.71,526.1,518.21,523.05,522.27,27431300.0,517.371,434.4022,0.0042688203057399,54.77066946616917,1.7809980562791452,1.5416530522108751,0,366.4599999999999,0.0171705730974972,0.0293556981500244,0,0.9633475189946747,0.1062176909447226,0,1,0,0,0,0,0,0,0,0,0,0,30,3,1,2025,290.893,19.727573383450974,298.803,591.614984461021,5.991015538979013,2.9951879010082494,148.70982789386372,0.7192702065784196,1,362.4,417.50999999999993,419.65999999999997,321.2833333333333,300.90199999999993,196.3135533612826,161.44110217042015,2.9951879010082494,2.255835667600373,2.340251612491219
2018-11-09,172.83,173.25,170.16,171.52,164.27,50602700.0,163.98049999999998,427.4986,-0.0168771320845053,46.2417289406938,-1.5078690816343112,-2.3481100678995555,0,-208.48999999999998,0.0081632168891812,0.2557591850408844,0,0.1656825828301508,0.2271499140164869,0,1,0,0,0,0,0,0,0,0,0,0,9,4,11,2018,260.096,10.195572866550485,281.9705,563.1800487336823,0.7609512663177043,-0.6720772392696682,136.71870913180493,0.8447065942919221,1,-138.35999999999999,-198.83,-307.97,275.1633333333333,259.204,215.63380911474258,162.81963035825927,-0.6720772392696682,-0.4464954175809991,-0.548643456751138
2015-03-12,105.03,105.92,104.96,105.8,97.77,21473200.0,99.4745,419.353,0.0065891073818593,44.836024620566185,0.4847452836565651,0.9820420648641192,0,-54.85000000000001,-0.0177288047632148,-0.1565807923895411,0,0.0175129787660702,0.0751221905311145,0,1,0,0,0,0,0,0,0,0,0,0,12,3,3,2015,241.43099999999998,0.022415353041239428,264.0915,542.3458861487206,-14.162886148720588,-0.3831623134328359,144.33937665947192,-0.5756511016210597,1,-25.11999999999999,-50.790000000000006,-186.64999999999998,266.79,248.23399999999998,224.3472092538704,172.6695687722658,-0.3831623134328359,-0.19187289948059882,-0.341425459072518
2017-01-13,122.8,123.37,122.8,123.16,116.24,16930800.0,114.3155,411.3814,0.003453038674033,45.308972030890416,1.1097776094089795,0.9025111873900236,0,-186.72,0.0045806936006606,-0.1371741623136705,0,0.0586662507519886,0.0514152703587822,1,1,0,0,0,0,0,0,0,0,0,0,13,4,1,2017,243.19299999999998,-4.717392796615613,254.83549999999997,538.850679346107,-29.179679346107037,0.1640831758034027,142.59317422108572,-0.21153810331017264,0,-399.89,-256.85,17.61999999999999,133.49333333333334,210.88999999999996,34.05676046445885,176.1601007606443,0.1640831758034027,-0.7645349392983463,-0.6025558280624759
2021-07-15,362.98,363.19,358.46,360.52,351.96,53391600.0,348.105,408.0958,-0.0070249682606855,51.43931278971024,6.060288999957038,6.041245499423175,0,229.6,-0.0052444018709958,0.5109518796481816,0,0.5838773645863505,0.2417052657399409,1,1,0,0,0,0,0,0,0,0,0,0,15,3,7,2021,242.20999999999998,8.247423681187698,250.42399999999998,524.8325509163324,-23.984550916332353,1.9272491068528743,141.64995171980354,2.1535190304061236,1,188.99999999999997,199.86999999999998,-9.830000000000041,196.49333333333334,256.81,142.31620755674106,179.98626919851466,1.9272491068528743,1.1019123134328357,1.7537427436602506
2022-05-18,301.54,302.25,289.85,291.14,285.26,79477100.0,305.3065,403.28839999999997,-0.0491016367212241,49.68617699536907,-11.482915346055904,-10.864467982906772,0,-231.90999999999997,-0.0347732355725595,0.2672681147981433,1,0.4352621376529043,0.3778462630443121,0,1,0,0,0,0,0,0,0,0,0,0,18,2,5,2022,255.66499999999996,12.035291030514387,242.86950000000002,503.72467272808944,-17.985672728089412,-0.19244424719849107,138.97856335501044,0.4885693629709542,0,185.33999999999997,-18.74000000000001,134.54999999999998,258.2733333333333,210.42799999999997,122.04550681337386,110.81357101005437,-0.19244424719849107,1.7517958412098298,-0.443380173979543
2022-06-08,309.05,311.72,306.77,307.64,301.43,38342100.0,293.88800000000003,261.6524,-0.0071802641546721,50.942312206983246,-2.239704058208133,-5.035727673517499,0,-68.69,0.0047905448623901,-0.1460613848905241,0,0.4712907466411176,0.1631614793861377,0,0,0,0,0,0,0,0,0,0,0,0,8,2,6,2022,282.996,13.051216081961908,251.968,507.3016167135095,-3.365616713509496,-0.4195033587440562,149.02829330179162,1.1837147315784078,1,137.92,145.57999999999998,137.17999999999998,314.47666666666674,283.866,212.14763546486478,163.0578893522177,-0.4195033587440562,0.8126325712938958,-0.18252597454361863
2019-02-20,172.4,173.08,171.32,172.25,165.44,32593000.0,161.47,257.2936,-0.0001813017465401,47.97873824497093,2.664028775575815,2.4852152796254487,0,-133.93,0.0060128069181994,0.6724908532048419,0,0.1682894766159399,0.1331567561643263,0,1,0,0,0,0,0,0,0,0,0,0,20,2,2,2019,252.026,2.7278020722389975,252.1605,507.24749962758074,-2.926499627580739,-0.4400923156936679,134.56739874295286,-0.14994223060291434,0,66.42,-110.0,-309.7,336.61666666666673,257.08000000000004,180.60688368202665,169.3548559976955,-0.4400923156936679,0.6276103184352264,-0.4374224312495918
2022-11-23,285.97,289.46,285.79,288.82,284.04,46390000.0,273.1875,260.92,0.010027736291871,50.641218750372346,2.940521842751025,1.5124557777515613,0,119.1,0.0141393343535753,0.1078632258187775,0,0.4325438381497738,0.2051637079117879,0,1,0,0,0,0,0,0,0,0,0,0,23,2,11,2022,270.104,3.5288312571130485,248.3165,498.7178023348748,-2.084802334874837,0.6767489114658927,124.86844305552751,0.42331175405761967,0,-241.14000000000004,-87.50999999999999,180.77999999999997,256.23666666666674,280.9,73.34076788071727,162.22127249531758,0.6767489114658927,-0.45501547286587674,0.7017440490219184
2019-09-05,190.41,192.33,190.34,191.78,184.94,33932600.0,179.748,259.8208,0.0183359947139474,48.419571167673425,0.0330072663658143,-0.5756819986472345,0,85.95,0.0230119355675627,0.5715284756924985,0,0.2117377063790913,0.140148168251077,0,0,0,0,0,0,0,0,0,0,0,0,5,3,9,2019,273.07599999999996,-2.3796794417622715,250.8825,497.8382552174101,3.9267447825898785,-0.3359878124783602,122.33922231057362,-0.26853632248329384,0,-115.85999999999999,-114.4,29.72,217.61666666666676,298.09000000000003,62.43229319297286,142.37130504423988,-0.3359878124783602,-0.3766090235340007,0.812151563828782
2017-11-09,153.23,153.77,152.11,153.69,146.07,40594500.0,143.05149999999998,258.3014,-0.0052438027785345,47.538001163796714,1.874750078819062,1.5787063360492388,0,-376.27000000000004,-0.0006623068152228,1.3365758194952084,0,0.1251309017178761,0.1749168217153384,0,1,0,0,0,0,0,0,0,0,0,0,9,3,11,2017,260.22,-8.416390807338912,251.8105,497.1536239285124,6.467376071487621,-0.19861299405568877,127.89668365086447,0.19632742554357763,0,-18.560000000000002,-16.03,-128.56,211.43000000000006,222.836,69.67511105122118,70.44535918000773,-0.19861299405568877,-0.10775036284470252,-0.7099969809042193
2022-06-27,296,296.58,291.29,292.45,287.09,54151500.0,282.5615,257.97520000000003,-0.0073303136129456,51.03548205909525,-5.492832739671087,-6.991673705982292,0,-15.189999999999998,0.0418096559554657,-0.0731022229525369,0,0.4393395869076,0.2456712063526028,1,1,0,0,0,0,1,0,0,0,0,0,27,0,6,2022,251.83199999999997,-2.911664978903546,250.3455,494.3468742153953,6.344125784604671,0.9028563992452339,122.05268013808349,0.33396149724716406,0,3.6299999999999955,186.62,-83.88,212.6400000000001,219.798,71.69336859152317,66.06519106155913,0.9028563992452339,0.012568381691018704,-0.049375893901963286
2020-07-22,264.51,265.89,262.55,264.93,257.55,29865500.0,248.7825,257.01099999999997,0.0035458229426434,50.31899020642536,6.264495341323084,6.305888304938584,0,92.68,0.0214879152993897,-0.3093692043714937,0,0.3735210891022927,0.1189218528598977,0,1,0,0,0,0,0,0,0,0,0,0,22,2,7,2020,247.70700000000002,-1.0665216022557966,257.8,493.89021148705297,21.709788512947085,-0.09410155582150792,120.70137935785706,-0.4484824981764125,0,73.15,-265.03000000000003,-41.25,237.02333333333343,238.334,73.46884328294061,62.28283575753627,-0.09410155582150792,0.38142663468557725,0.538055152394775
2018-12-20,154.15,155.87,150.39,152.29,145.85,99002100.0,156.06300000000002,254.21759999999998,-0.014527027027027,47.38658906727253,-3.144236448363074,-2.145872498432297,0,-136.53,-0.0328116289670505,0.2094592365908631,0,0.1246407165615739,0.4797478164884803,0,0,0,0,0,0,0,0,0,0,0,0,20,3,12,2018,245.96400000000003,-7.041587798946494,249.47899999999998,488.1128161200155,10.845183879984432,-0.4251689125429359,122.07077093045653,2.31493194488624,1,-1.4000000000000057,-155.35,-17.430000000000007,236.55666666666673,211.02800000000002,74.26298494763921,64.5043643484714,-0.4251689125429359,-0.009109245884572847,-0.4727165708745932
2016-03-14,106.09,106.92,106.06,106.67,99.57,25374900.0,96.951,253.4416,0.0017102615694164,46.21197996679417,0.8897890741221914,0.5449716928685391,0,-85.11,0.017681496775615,-0.1932695364659502,0,0.0215235845903611,0.0954852784221829,0,0,0,0,0,0,0,0,0,0,0,0,14,0,3,2016,246.048,-13.311877978190454,236.329,476.00401954939196,-3.34601954939194,-0.2995600499047869,121.96386894851001,-0.7436933155963359,1,-185.77999999999997,-65.58,0.8400000000000034,174.6300000000001,194.006,81.460810209573,80.17888799428697,-0.2995600499047869,-0.6352538895537698,-0.44378975909896756
2017-03-06,130.59,130.95,130.21,130.73,123.39,12026200.0,121.9215,249.78140000000002,-0.002183406113537,46.95873271523238,1.6058880651389131,1.6936339316815203,0,-22.960000000000008,-0.0053981897283524,-0.123627274515948,0,0.0745972683318108,0.0258180176559772,0,0,0,0,0,0,0,0,0,0,0,0,6,0,3,2017,206.125,-14.961354580457408,237.70149999999998,474.61161470809225,0.7913852919077442,0.22555545139214384,75.00401918860706,-0.5260592159969104,1,-134.20000000000002,-158.09,-399.23,129.89666666666676,189.41400000000002,22.821413920559117,83.64755872110335,0.22555545139214384,-0.5065488997093572,-0.1493916325069946
2016-02-22,102.58,103.38,102.48,103.28,96.4,23979100.0,93.96,246.0058,0.016234450769555,46.171154998926205,-0.9743053504983976,-1.6933514855112293,0,-189.17,0.0076982520073455,-0.1514196030136705,0,0.0144604621109155,0.088200556870461,0,1,0,0,0,0,0,0,0,0,0,0,22,0,2,2016,185.68900000000002,-16.88127437337674,234.34250000000003,476.81067315887344,-8.125673158873411,-0.20997475713302216,72.05393341873594,0.9939049741397947,1,-49.00999999999999,-88.5,-204.35999999999999,113.5600000000001,151.57999999999998,14.965951356335024,66.39511879649424,-0.20997475713302216,-0.32182021143870243,-0.6468456146349804
2017-12-01,154.2,155.24,152.26,154.49,146.83,59015800.0,146.776,239.66859999999997,-0.0042723450427234,47.92582933541275,1.2958911649570268,1.5200342558641935,0,-110.44,-0.0133305345381944,0.0427648841338976,0,0.1268242686214656,0.2710581321614872,0,0,0,0,0,0,0,0,0,0,0,0,1,4,12,2017,183.91299999999998,-13.811684075854771,217.9695,434.14513234324414,1.7938676567558787,0.49583656080557725,72.63849072251548,1.4611349049797533,1,47.82000000000001,0.8000000000000114,-17.75999999999999,129.50000000000009,129.49200000000002,25.627147714877616,24.259503704747736,0.49583656080557725,0.44829849067216654,-0.4168648322198316
2020-05-11,223.49,227.93,223.25,226.87,220.17,35714100.0,208.9345,240.4894,0.0089821731359698,50.387451996945536,5.951772482844717,5.147138921271306,0,74.58000000000001,0.0355317760342304,0.1212408523089385,0,0.2902341748178516,0.1494458695294784,0,1,0,0,0,0,0,0,0,0,0,0,11,0,5,2020,177.71800000000002,-6.3931789473260565,223.911,434.1243276364785,13.697672363521491,0.4685092886270956,64.9300460838045,-0.3948383314298882,0,96.14000000000001,-65.57999999999998,-61.94999999999999,161.54666666666677,144.40800000000002,62.09645266304211,50.50837772093468,0.4685092886270956,0.7354088579515032,0.4897235537461424
2023-08-07,373.88,375.29,371.51,375.19,370.94,37230400.0,373.7275,244.217,0.008454992795585,55.07409404168017,2.7290224625433552,4.362533798297262,0,268.52,0.002179801837569,-0.3960633421038118,0,0.6261669748891513,0.1573594841511117,0,1,0,0,0,0,0,0,0,0,0,0,7,0,8,2023,196.05900000000003,8.223136185802147,234.56749999999997,452.62106469225955,16.513935307740383,0.6537664741922686,90.29379583092107,0.04245662077442813,0,271.90999999999997,110.25999999999999,183.41,252.18333333333348,198.112,112.5064270756709,109.10999230134883,0.6537664741922686,2.6327459333849728,2.517296334489547
2022-07-29,311.39,316.39,309.93,315.46,309.68,57501000.0,290.3095,241.0992,0.0182152955875585,52.90660156256971,4.57195600755972,2.220662306976992,0,184.73,0.0702618364420857,0.0428201719625898,0,0.4896726900024509,0.2631523460842925,0,1,0,0,0,0,0,0,0,0,0,0,29,4,7,2022,212.23600000000002,13.288680645465035,236.22799999999998,456.2060061369805,16.249993863019455,-0.15919933900157257,96.16030564751082,0.5444636641024538,1,160.96999999999997,163.17,161.76999999999998,305.8400000000001,235.058,74.62649596490387,111.83150973674752,-0.15919933900157257,1.0419444624247522,1.413065095999388
2015-01-05,102.49,102.61,101.14,101.43,93.73,36521300.0,94.15,237.3604,-0.0146131202691337,45.93098198267097,0.1522441370003235,0.8365925298342243,0,-1.8499999999999943,0.0,0.1662706852394728,0,0.008511396804884,0.1536586702434416,1,1,0,1,1,1,1,1,0,0,0,0,5,0,1,2015,193.13400000000001,2.2250897469042012,222.483,440.06748741581157,4.898512584188438,-0.6784695365498002,97.42008647547691,-0.36485800246952227,0,-125.44,-5.239999999999995,-191.01999999999998,264.0266666666668,234.68800000000002,143.9450424062365,112.37822618283427,-0.6784695365498002,-0.5529157667386608,-0.017912470952749726
