Date,Open,High,Low,Close,Adj Close,Volume,SMA_20,SMA_50,daily_return,RSI_14,MACD,Signal_Line,target,momentum_5d,return_3d,volume_change,outlier_return,Adj Close_norm,Volume_norm,SMA_20_was_imputed,SMA_50_was_imputed,daily_return_was_imputed,RSI_14_was_imputed,MACD_was_imputed,Signal_Line_was_imputed,momentum_5d_was_imputed,return_3d_was_imputed,volume_change_was_imputed,outlier_return_was_imputed,Adj Close_norm_was_imputed,Volume_norm_was_imputed
2015-01-02,103.76,104.2,102.44,102.94,95.12,31314600.0,94.15,96.64659999999999,0.0,60.8119815623653,0.15224413700032358,0.8365925298342243,0,0.0,0.0,0.0,0,0.01160847574697535,0.12648474869067594,1,1,1,1,1,1,1,1,1,0,0,0
2015-01-05,102.49,102.61,101.14,101.43,93.73,36521300.0,94.15,96.64659999999999,-0.01461312026913375,60.8119815623653,0.15224413700032358,0.8365925298342243,0,0.0,0.0,0.16627068523947286,0,0.008511396804884053,0.15365867024344163,1,1,0,1,1,1,1,1,0,0,0,0
2015-01-06,101.58,101.75,99.62,100.07,92.47,66205500.0,94.15,96.64659999999999,-0.01344286781179993,60.8119815623653,0.15224413700032358,0.8365925298342243,1,0.0,0.0,0.812791439516118,0,0.0057039727278803964,0.3085813894622573,1,1,0,1,1,1,1,1,0,0,0,0
2015-01-07,100.73,101.6,100.49,101.36,93.66,37577400.0,94.15,96.64659999999999,0.012869038607115746,60.8119815623653,0.15224413700032358,0.8365925298342243,1,0.0,-0.015186949473817934,-0.4324127149557061,0,0.008355428800606052,0.1591704874312719,1,1,0,1,1,1,1,0,0,0,0,0
2015-01-08,102.22,103.5,102.11,103.3,95.46,40212600.0,94.15,96.64659999999999,0.01921844971172315,60.8119815623653,0.15224413700032358,0.8365925298342243,0,0.0,0.018644620507038967,0.07012725734084846,0,0.012366034624896965,0.17292367430123717,1,1,0,1,1,1,1,0,0,0,0,0
2015-01-09,103.62,103.65,102.02,102.62,94.83,41410100.0,94.15,96.64659999999999,-0.006599622878692646,60.8119815623653,0.15224413700032358,0.8365925298342243,0,-0.29000000000000625,0.02548786544014625,0.02977922342748296,0,0.010962322586395151,0.1791734622781586,1,1,0,1,1,1,0,0,0,0,0,0
2015-01-12,102.82,102.93,101.29,101.55,93.84,34129800.0,94.15,96.64659999999999,-0.010439734261309619,60.8119815623653,0.15224413700032358,0.8365925298342243,0,0.10999999999999943,0.0021790925717208864,-0.1758097662164544,0,0.008756489383035165,0.1411773608932891,1,1,0,1,1,1,0,0,0,0,0,0
2015-01-13,102.54,103.62,100.7,101.52,93.81,56162300.0,94.15,96.64659999999999,-0.00031969309462920315,60.8119815623653,0.15224413700032358,0.8365925298342243,0,1.3400000000000034,-0.017359050234631468,0.6455502229722998,0,0.008689645952630304,0.2561656311242051,1,1,0,1,1,1,0,0,0,0,0,0
2015-01-14,100.5,101.48,100.07,100.96,93.29,51354200.0,94.15,96.64659999999999,-0.005543119070461566,60.8119815623653,0.15224413700032358,0.8365925298342243,0,-0.36999999999999034,-0.01630254642640039,-0.08561081009858929,0,0.007531026492279602,0.2310720147802919,1,1,0,1,1,1,0,0,0,0,0,0
2015-01-15,101.43,101.59,99.53,99.65,92.08,51005400.0,94.15,96.64659999999999,-0.012970307642834245,60.8119815623653,0.15224413700032358,0.8365925298342243,1,-3.3799999999999955,-0.018833119807925014,-0.0067920442729124675,0,0.004835008132617391,0.2292516172468053,1,1,0,1,1,1,0,0,0,0,0,0
2015-01-16,99.52,100.95,99.36,100.82,93.16,35362200.0,94.15,96.64659999999999,0.011728931364031192,60.8119815623653,0.15224413700032358,0.8365925298342243,1,-1.6700000000000017,-0.006784495349264619,-0.3066969379712736,0,0.007241371627191906,0.14760929300415174,1,1,0,1,1,1,0,0,0,0,0,0
2015-01-20,101.43,101.88,100.29,101.62,93.9,30964100.0,94.15,96.64659999999999,0.007943323314727468,60.8119815623653,0.15224413700032358,0.8365925298342243,1,0.060000000000002274,0.006701947035924416,-0.1243729179745604,0,0.00889017624384486,0.12465547880682545,1,1,0,1,1,1,0,0,0,0,0,0
2015-01-21,101.32,102.62,100.96,102.14,94.38,40128800.0,94.15,96.64659999999999,0.005111821086261958,60.8119815623653,0.15224413700032358,0.8365925298342243,1,0.5699999999999932,0.02478407576502062,0.2959782457749458,0,0.009959671130322423,0.17248631961859331,1,1,0,1,1,1,0,0,0,0,0,0
2015-01-22,102.54,104.14,101.64,104.03,96.13,40887200.0,94.15,96.64659999999999,0.018542063996609404,60.8119815623653,0.15224413700032358,0.8365925298342243,1,2.839999999999989,0.03159720839759883,0.018899144753892427,0,0.013858871237271891,0.17644443168681648,1,1,0,0,1,1,0,0,0,0,0,0
2015-01-23,104.02,104.58,103.72,104.26,96.34,34783000.0,94.15,96.64659999999999,0.0021845417663581834,61.82370296527944,0.15224413700032358,0.8365925298342243,0,4.260000000000005,0.025838426849229545,-0.1492936664775284,0,0.014326775250105866,0.1445864310448758,1,1,0,0,1,1,0,0,0,0,0,0
2015-01-26,104.14,104.33,103.61,104.14,96.23,19960900.0,94.15,96.64659999999999,-0.0011417894955366714,60.936257880885655,0.15224413700032358,0.8365925298342243,0,3.0700000000000074,0.019584816267430916,-0.42613058103096335,0,0.014081682671954754,0.06722945202798443,1,1,0,0,1,1,0,0,0,0,0,0
2015-01-27,102.5,102.56,101.1,101.44,93.74,45253200.0,94.15,96.64659999999999,-0.025875506598773912,45.14039986050532,0.15224413700032358,0.8365925298342243,0,-0.1600000000000108,-0.0248327543279524,1.2670921651829326,0,0.008533677948352303,0.19923071503315387,1,1,0,0,1,1,0,0,0,0,0,0
2015-01-28,103.07,103.18,100.9,100.92,93.26,43591700.0,94.15,96.64659999999999,-0.0051205461915936334,42.83526936176977,0.15224413700032358,0.8365925298342243,1,-1.1199999999999903,-0.03213784228590422,-0.036715635579362305,0,0.007464183061874768,0.1905592973098512,1,1,0,0,1,1,0,0,0,0,0,0
2015-01-29,100.84,102.08,99.96,101.89,94.15,46539700.0,94.15,96.64659999999999,0.009543212524126155,48.12486868964334,0.15224413700032358,0.8365925298342243,0,-1.9799999999999898,-0.02145284026624139,0.06762755295159395,0,0.00944720483055192,0.20594499664677346,1,1,0,0,1,1,0,0,0,0,0,0
2015-01-30,101.8,102.58,100.96,101.1,93.42,42927600.0,94.15,96.64659999999999,-0.007753584705257555,44.48856187981868,0.15224413700032358,0.8365925298342243,1,-2.9200000000000017,-0.0033309183727250335,-0.07761330648886866,0,0.00782068135736727,0.187093339735343,0,1,0,0,1,1,0,0,0,0,0,0
2015-02-02,101.33,102.07,99.75,101.98,94.24,43624700.0,94.10600000000001,96.64659999999999,0.00877756369085847,49.13760371871339,0.15224413700032358,0.8365925298342243,1,-1.990000000000009,0.01056719150972707,0.016238969800314917,0,0.009647735121766449,0.19073152528750328,0,1,0,0,1,1,0,0,0,0,0,0
2015-02-03,102.35,103.03,101.68,102.96,95.14,30750400.0,94.1765,96.64659999999999,0.009550084889643484,53.71899224110287,0.15224413700032358,0.8365925298342243,0,1.4000000000000057,0.0105740638752444,-0.29511492342640755,0,0.011653038033911906,0.12354017217578736,0,1,0,0,1,1,0,0,0,0,0,0
2015-02-04,102.54,103.55,102.31,102.87,95.06,34073200.0,94.30600000000001,96.64659999999999,-0.0008408660920747879,53.259760732340446,0.15224413700032358,0.8365925298342243,1,1.7999999999999972,0.017486782488427166,0.10805713096415004,0,0.011474788886165654,0.14088196381646761,0,1,0,0,1,1,0,0,0,0,0,0
2015-02-05,103.13,103.83,102.87,103.76,95.88,23605500.0,94.417,96.64659999999999,0.008626130864716863,57.290094223827694,0.15224413700032358,0.8365925298342243,0,1.7299999999999898,0.01733534966228556,-0.30721211978915985,0,0.013301842650564832,0.0862507274022541,0,1,0,0,1,1,0,0,0,0,0,0
2015-02-06,103.92,104.17,102.76,103.13,95.3,34169300.0,94.40899999999999,96.64659999999999,-0.006049228201918999,53.75907055768342,0.15224413700032358,0.8365925298342243,0,1.8799999999999955,0.0017360365707230763,0.4475143504691703,0,0.012009536329404435,0.14138351256350906,0,1,0,0,1,1,0,0,0,0,0,0
2015-02-09,102.73,103.29,102.55,102.8,94.99,22604700.0,94.417,96.64659999999999,-0.003252885624344226,51.91723427389239,0.15224413700032358,0.8365925298342243,1,0.75,-0.000675982961546362,-0.3384500121454054,0,0.011318820881887653,0.08102752255273177,0,1,0,0,0,1,0,0,0,0,0,0
2015-02-10,103.37,104.54,103.21,104.4,96.47,23686500.0,94.5485,96.64659999999999,0.015580587430255921,59.11852767796855,0.2724596024233392,0.8365925298342243,1,1.3299999999999983,0.006278473603992696,0.047857304011997615,0,0.014616430115193535,0.08667346880194565,0,1,0,0,0,1,0,0,0,0,0,0
2015-02-11,104.52,105.02,104.32,104.78,96.82,20303600.0,94.699,96.64659999999999,0.0036280709028713165,60.62056778040905,0.39146078356759517,0.8365925298342243,1,1.759999999999991,0.01595577270878301,-0.14281974964642308,0,0.015396270136583401,0.06901801348075352,0,1,0,0,0,1,0,0,0,0,0,0
2015-02-12,105.46,106.04,105.3,106.0,97.95,22520300.0,94.93199999999999,96.64659999999999,0.011671142325965889,65.08131817823285,0.5703766857909613,0.8365925298342243,1,2.0700000000000074,0.030879800659093126,0.10917768277546847,0,0.01791403934849939,0.08058703645231242,0,1,0,0,0,1,0,0,0,0,0,0
2015-02-13,106.3,106.93,106.1,106.91,98.79,29030200.0,95.26750000000001,96.64659999999999,0.008575803981623276,67.98456160748815,0.7710614902589441,0.8365925298342243,1,3.490000000000009,0.02387501721046048,0.28906808523865135,0,0.01978565539983515,0.11456239741344892,0,1,0,0,0,1,0,0,0,0,0,0
2015-02-17,106.91,107.08,106.64,107.01,98.88,17675300.0,95.5535,96.64659999999999,0.0009110233829334735,68.28878069467096,0.9266856363206557,0.8365925298342243,1,3.8900000000000006,0.021157969690522638,-0.3911409497695504,0,0.01998618569104968,0.05530083791520643,0,1,0,0,0,1,0,0,0,0,0,0
2015-02-18,106.88,107.22,106.74,107.16,99.02,15149600.0,95.8095,96.64659999999999,0.0014158576051779281,68.78566052137231,1.049220957180168,0.8365925298342243,1,2.549999999999997,0.010902684969734677,-0.14289432145423275,0,0.020298121699605626,0.042119134789268625,0,1,0,0,0,1,0,0,0,0,0,0
2015-02-19,107.09,107.76,107.06,107.69,99.51,19828100.0,96.066,96.64659999999999,0.004948495253484175,70.52636426435825,1.1723557987973834,0.8365925298342243,1,2.690000000000012,0.007275376241595577,0.3088200348524053,0,0.02138989772955152,0.06653636489367531,0,1,0,0,0,1,0,0,0,0,0,0
2015-02-20,107.62,108.47,107.28,108.41,100.18,28336700.0,96.2685,96.64659999999999,0.006732991659129661,72.76299110588712,1.3089160787106096,0.8365925298342243,1,2.230000000000004,0.013097344517791765,0.4291182715439199,0,0.022882734341926447,0.11094300036794158,0,1,0,0,0,0,0,0,0,0,0,0
2015-02-23,108.35,108.55,108.11,108.52,100.28,17868000.0,96.46549999999999,96.64659999999999,0.0009982032341784297,73.09121021874003,1.4089685364351112,0.9510677311544017,1,1.4899999999999949,0.012679690146792266,-0.3694396312908701,0,0.023105545776609282,0.05630654492410227,0,1,0,0,0,0,0,0,0,0,0,0
2015-02-24,108.38,108.73,108.05,108.6,100.35,19745000.0,96.6715,96.64659999999999,0.0006980454726763785,73.33345472313415,1.476884638225684,1.0562311125686583,0,1.4699999999999989,0.00842924036598447,0.10504813073651209,0,0.023261513780887227,0.06610266353176954,0,1,0,0,0,0,0,0,0,0,0,0
2015-02-25,108.44,108.86,108.09,108.33,100.1,19472300.0,96.98949999999999,96.64659999999999,-0.0024912805181863673,70.87927869994654,1.493321645175854,1.1436492190900975,1,1.0799999999999983,-0.0007950318113315591,-0.01381109141554826,0,0.02270448519418017,0.06467943415280797,0,1,0,0,0,0,0,0,0,0,0,0
2015-02-26,108.44,108.94,108.14,108.88,100.61,22255500.0,97.357,96.64659999999999,0.005094905094905178,72.8736660832092,1.5298654922715684,1.2208924737263918,0,1.0999999999999943,0.003301670049395189,0.14293124078819663,0,0.023840823511062592,0.07920503740739485,0,1,0,0,0,0,0,0,0,0,0,0
2015-02-27,108.84,108.91,108.23,108.4,100.17,27757600.0,97.658,96.64659999999999,-0.004373322731338836,68.51399367353919,1.5059626318220722,1.2779065053455279,1,-0.010000000000005116,-0.0017696981546200252,0.24722428163824683,0,0.02286045319845817,0.10792066031162825,0,1,0,0,0,0,0,0,0,0,0,0
2015-03-02,108.61,109.42,108.59,109.38,101.07,22988600.0,98.0405,96.64659999999999,0.008984725965857976,72.18016163325018,1.541868223984764,1.330698849073375,0,0.789999999999992,0.009706308329424318,-0.17180880191371017,0,0.0248657561106036,0.08303110802608471,0,1,0,0,0,0,0,0,0,0,0,0
2015-03-03,109.05,109.16,108.18,108.87,100.6,20788900.0,98.3585,96.64659999999999,-0.004650242406253113,67.74401643203734,1.514935360591025,1.3675461513769052,0,0.25,-3.883917173397311e-05,-0.09568655768511347,0,0.023818542367594314,0.07155080855816479,0,1,0,0,0,0,0,0,0,0,0,0
2015-03-04,108.51,108.67,107.86,108.45,100.21,21007400.0,98.612,96.64659999999999,-0.003876739562624243,64.21713960900568,1.4454587825977399,1.3831286776210723,1,0.10999999999999943,0.00045774399698061963,0.010510416616559715,0,0.02294957777233128,0.07269116653140681,0,1,0,0,0,0,0,0,0,0,0,0
2015-03-05,108.73,108.97,108.19,108.64,100.39,15381000.0,98.8785,96.64659999999999,0.0017962279213652455,65.11973215596205,1.3889120758212812,1.3842853572611142,0,-0.21999999999999886,-0.006730754047512111,-0.26782943153365,0,0.023350638354760395,0.04332681824468376,0,1,0,0,0,0,0,0,0,0,0,0
2015-03-06,108.5,108.71,107.14,107.41,99.25,30990400.0,99.047,96.64659999999999,-0.011355712720390487,55.56093465139195,1.2378408716423337,1.3549964601373583,1,-0.9200000000000017,-0.013436224361649485,1.014849489630063,0,0.020810587999376157,0.12479273928598456,0,1,0,0,0,0,0,0,0,0,0,0
2015-03-09,107.63,107.99,107.19,107.72,99.54,26237100.0,99.25899999999999,96.64659999999999,0.002921914357682631,57.27888673791809,1.1285076960418081,1.3096987073182484,0,-1.529999999999987,-0.006637570441342611,-0.15337975631163203,0,0.021456741159956355,0.0999851257655664,0,1,0,0,0,0,0,0,0,0,0,0
2015-03-10,106.95,106.98,105.72,105.72,97.69,34234500.0,99.394,96.64659999999999,-0.01858549326903769,45.25880047782518,0.8824089664853574,1.2242407591516702,0,-2.9099999999999966,-0.027019291631745546,0.3048126507883875,0,0.017334729618324024,0.14172379329511264,0,1,0,0,0,0,0,0,0,0,0,0
2015-03-11,105.88,106.01,105.07,105.11,97.13,25459700.0,99.42699999999999,96.64659999999999,-0.0057324188760364825,42.36092679360127,0.634868264223357,1.1063662601660076,1,-3.0799999999999983,-0.02139599778739154,-0.2563145365055719,0,0.016086985584100183,0.09592785213445265,0,1,0,0,0,0,0,0,0,0,0,0
2015-03-12,105.03,105.92,104.96,105.8,97.77,21473200.0,99.47449999999999,96.64659999999999,0.00658910738185936,46.57136340941774,0.4847452836565651,0.9820420648641192,0,-2.6200000000000045,-0.01772880476321481,-0.15658079238954115,0,0.017512978766070275,0.07512219053111455,0,1,0,0,0,0,0,0,0,0,0,0
2015-03-13,105.7,106.12,104.68,105.34,97.34,42021100.0,99.444,96.64659999999999,-0.004398077119770805,44.23342084839658,0.3273014067605686,0.8510939332434091,1,-1.9099999999999966,-0.0035413886139479267,0.9569090773615483,0,0.01655488959693413,0.18236228937953566,0,1,0,0,0,0,0,0,0,0,0,0
2015-03-16,105.73,106.74,105.62,106.7,98.6,25674100.0,99.43449999999999,96.64659999999999,0.012944318882268213,51.85966592204638,0.300730831907444,0.7410213129762162,1,-0.9400000000000119,0.015135349144356769,-0.38901885005390147,0,0.01936231367393776,0.09704681208622881,0,0,0,0,0,0,0,0,0,0,0,0
2015-03-17,106.41,107.04,106.16,106.87,98.75,19603800.0,99.428,96.7192,0.0015212981744423537,52.6891403271319,0.28845210993526393,0.6505074723680258,1,1.0600000000000023,0.010067539936939762,-0.2364367202745179,0,0.01969653082596201,0.06536573654860352,0,0,0,0,0,0,0,0,0,0,0,0
2015-03-18,106.58,108.41,106.03,107.92,99.73,40622200.0,99.4635,96.8392,0.009924050632911463,57.80453521215677,0.3537214632626444,0.5911502705469496,1,2.6000000000000085,0.02438966768962203,1.0721594792846285,0,0.02188008288585372,0.17506138883597372,0,0,0,0,0,0,0,0,0,0,0,0
2015-03-19,108.03,108.38,107.87,108.08,99.87,31314000.0,99.48150000000001,96.98720000000002,0.0014037902336307972,58.494943471763925,0.41199549833950755,0.5553193161054611,1,2.1000000000000085,0.012849139040984614,-0.2291407161601292,0,0.022192018894409693,0.12648161727290044,0,0,0,0,0,0,0,0,0,0,0,0
2015-03-20,108.72,109.07,108.51,108.53,100.52,31761400.0,99.4985,97.12440000000001,0.006508460999298915,61.6337166819196,0.5048085400853211,0.5452171609014331,0,3.1799999999999926,0.017836301865841175,0.014287539119882453,0,0.023640293219848035,0.12881661112749307,0,0,0,0,0,0,0,0,0,0,0,0
2015-03-20,0.25 Dividend,,,,,,98.737,100.2116,0.0,61.6337166819196,0.5048085400853211,0.5371354367382107,0,0.0,0.007912251232929712,0.0,0,0.023194670350482394,0.05317773666342217,1,1,0,0,0,0,1,0,0,0,1,1
2015-03-23,108.47,108.77,108.28,108.32,100.32,17268500.0,98.737,100.2116,-0.0019896538002387443,61.6337166819196,0.572535416468213,0.5442154326842112,0,1.5699999999999932,0.004518807199060171,-0.45630545253043,0,0.023194670350482394,0.05317773666342217,1,1,0,0,0,0,0,0,0,0,0,0
2015-03-24,108.31,108.81,107.91,107.93,99.96,22445300.0,98.737,100.2116,-0.0035885167464114742,58.569807297101654,0.5741743477250338,0.5502072156923759,0,0.22999999999998977,-0.0055781705466502185,0.29978284159017865,0,0.022392549185624194,0.08019560923037579,1,1,0,0,0,0,0,0,0,0,0,0
2015-03-25,108.1,108.2,105.42,105.46,97.68,41581400.0,98.737,100.2116,-0.02280912364945964,43.73954455351256,0.3870347713852169,0.5175727268309441,0,-2.1899999999999977,-0.028387294196109858,0.8525660160479032,0,0.017312448474855774,0.18006748205306186,1,1,0,0,0,0,0,0,0,0,0,0
2015-03-26,104.59,105.7,104.24,105.1,97.34,47846300.0,98.737,100.2116,-0.0034807534807534957,42.03044336986862,0.20888228540518128,0.4558346385457916,1,-3.1799999999999926,-0.02987839387662461,0.1506659227443039,0,0.01655488959693413,0.21276418075587206,1,1,0,0,0,0,0,0,0,0,0,0
2015-03-27,105.08,105.77,104.92,105.52,97.73,33878400.0,98.737,100.2116,0.004006574892130743,44.69970615016769,0.09803481308001949,0.3842746734526372,1,0.0,-0.022283302238082392,-0.2919327095303085,0,0.017423854192197163,0.13986529684535753,1,1,0,0,0,0,1,0,0,0,0,0
2015-03-30,106.16,106.82,106.16,106.73,98.85,30570200.0,98.737,100.2116,0.011460145298270552,51.59315043274259,0.09941602635142033,0.3273029440323939,0,-1.4699999999999989,0.0119859667096478,-0.0976492396335128,0,0.019919342260644818,0.12259970303721429,1,1,0,0,0,0,0,0,0,0,0,0
2015-03-31,106.43,106.65,105.57,105.6,97.81,30488100.0,98.737,100.2116,-0.010520991401112734,45.87465660120207,0.01640226436919079,0.2651228080997533,0,-2.1499999999999915,0.0049457287892885615,-0.0026856219455547725,0,0.017602103339943415,0.12217122070493433,1,1,0,0,0,0,0,0,0,0,0,0
2015-04-01,105.6,105.62,104.37,105.05,97.3,32970500.0,98.737,100.2116,-0.005214190778039085,43.33789893449093,-0.08950768891455141,0.19419670869689237,1,-0.38000000000000966,-0.004275036880881267,0.0814219318356999,0,0.01646576502306099,0.13512693984807406,1,1,0,0,0,0,0,0,0,0,0,0
2015-04-02,105.15,105.46,104.78,105.12,97.36,19164200.0,98.737,100.2116,0.0006166495375128367,43.73211336393972,-0.1666792171121898,0.12202152353507593,1,0.01999999999999602,-0.015118532641638982,-0.41874706176733745,0,0.016599451883870686,0.06307145112509231,1,1,0,0,0,0,0,0,0,0,0,0
2015-04-06,104.5,106.27,104.34,105.98,98.16,24451100.0,98.737,100.2116,0.008216926869350827,48.84270130961843,-0.16142409855351048,0.06533239911735866,0,0.4299999999999926,0.0036193856288245785,0.2758737646236211,0,0.01838194336133331,0.09066393885384891,1,1,0,0,0,0,0,0,0,0,0,0
2015-04-07,105.92,106.7,105.8,105.8,97.99,19379400.0,98.737,100.2116,-0.0017318663406683532,47.84816831168688,-0.16902850311802808,0.018460218670281317,1,-0.8599999999999994,0.00710171006619531,-0.20742216096617327,0,0.0180031639223725,0.06419458630056914,1,1,0,0,0,0,0,0,0,0,0,0
2015-04-08,105.84,106.79,105.83,106.64,98.77,25866900.0,98.737,100.2116,0.007959995917950824,52.615607917015566,-0.11083789697208601,-0.007399404458192149,1,0.9599999999999937,0.014445056446633298,0.334762686151274,0,0.019741093112898567,0.09805304099808723,1,1,0,0,0,0,0,0,0,0,0,0
2015-04-09,106.59,107.35,106.23,107.31,99.39,23114700.0,98.737,100.2116,0.006277209679052431,56.054450552646,-0.014525166835269943,-0.00882455693360771,1,2.0900000000000034,0.012505339256334902,-0.10639852475557565,0,0.021122524007932103,0.08368922766190082,1,1,0,0,0,0,0,0,0,0,0,0
2015-04-10,107.27,107.76,107.03,107.75,99.8,17164300.0,98.737,100.2116,0.004125163497333606,58.21410159835297,0.09380560654068404,0.011701475761250642,0,2.4399999999999977,0.01836236909433686,-0.25742925497627056,0,0.022036050890131692,0.05263391377641155,1,1,0,0,0,0,0,0,0,0,0,0
2015-04-13,107.83,108.38,107.36,107.48,99.55,17783500.0,98.737,100.2116,-0.0025050100200401104,56.39421601757636,0.15766811438179218,0.04089480348535895,0,1.3900000000000006,0.007897363156345927,0.03607487634217543,0,0.021479022303424633,0.05586553692072033,1,1,0,0,0,0,0,0,0,0,0,0
2015-04-14,107.37,107.68,106.56,107.17,99.26,23755700.0,98.737,100.2116,-0.0029131089904569363,54.274609414030145,0.18277215198516217,0.06927027318531959,1,1.2700000000000102,-0.0012929555131634407,0.33582815531250887,0,0.020832869142844435,0.08703462565205251,1,1,0,0,0,0,0,0,0,0,0,0
2015-04-15,107.45,108.07,107.32,107.84,99.88,21128600.0,98.737,100.2116,0.006246222043118976,57.91637677293692,0.24981637344666296,0.10537949323758827,0,1.1099999999999994,0.0008281030326219296,-0.11058819567514322,0,0.022214300037877943,0.0733237129220564,1,1,0,0,0,0,0,0,0,0,0,0
2015-04-16,107.55,107.88,107.4,107.69,99.74,16195300.0,98.737,100.2116,-0.0014016820184220569,56.81598746017366,0.28832889597691747,0.14196937378545413,0,0.3499999999999943,0.0019314310342399832,-0.23348920420662045,0,0.021902364029321997,0.047576674068990354,1,1,0,0,0,0,0,0,0,0,0,0
2015-04-17,106.66,106.95,105.55,106.01,98.19,46514000.0,98.737,100.2116,-0.01554040505313814,46.32239230169567,0.19157000170886818,0.15188949937013696,1,-1.6099999999999994,-0.01069586502844122,1.8720678221459313,0,0.01844878679173817,0.20581086758538986,1,1,0,0,0,0,0,0,0,0,0,0
2015-04-20,106.54,107.79,106.5,107.6,99.66,28945900.0,98.737,100.2116,0.014970974641002055,54.84099610427143,0.2308435745563031,0.1676803144073702,1,0.10999999999999943,-0.0019711124305581418,-0.37769488756073444,0,0.021724114881575718,0.11412243321599214,0,1,0,0,0,0,0,0,0,0,0,0
2015-04-21,108.22,108.41,107.93,108.06,100.08,22759800.0,98.725,100.2116,0.004214328717639937,56.943471481266045,0.2924870453107786,0.19264166058805188,1,0.8199999999999932,0.003644898305503852,-0.2137124774147634,0,0.022659922907243613,0.0818369940476967,0,1,0,0,0,0,0,0,0,0,0,0
2015-04-22,108.34,108.83,107.64,108.65,100.63,21429200.0,98.7585,100.2116,0.005495603517186254,59.59628055150817,0.3813246700294002,0.23037826247632154,1,0.75,0.024680906875828246,-0.05846272814348108,0,0.023885385797999148,0.0748925532275784,0,1,0,0,0,0,0,0,0,0,0,0
2015-04-23,108.28,109.55,108.26,109.06,101.01,29473200.0,98.92499999999998,100.2116,0.0037762098777700537,61.36731678221737,0.4768946076861056,0.27968153151827835,1,1.2700000000000102,0.013486142112596244,0.37537565564743436,0,0.02473206924979393,0.11687442753768792,0,1,0,0,0,0,0,0,0,0,0,0
2015-04-24,110.21,110.69,110.03,110.54,102.38,32508100.0,99.17699999999999,100.2116,0.01356301356301337,66.9859043963177,0.6556243923722889,0.35487010368908045,0,4.189999999999998,0.02283482695796968,0.10297151310342945,0,0.027784585904948644,0.13271366054909411,0,1,0,0,0,0,0,0,0,0,0,0
2015-04-27,110.95,111.16,110.02,110.26,102.12,31121300.0,99.39649999999999,100.2116,-0.002539558507520856,65.05227933208523,0.7674426066720343,0.4373846042856713,0,2.460000000000008,0.014799664933262568,-0.042660137012006216,0,0.027205276174773307,0.12547591026400462,0,1,0,0,0,0,0,0,0,0,0,0
2015-04-28,110.34,110.55,109.11,110.04,101.92,36849200.0,99.55,100.2116,-0.0019584802193498563,63.53302765399446,0.8303492690815517,0.5159775372448474,0,1.8400000000000034,0.009064974836142659,0.18405079479327657,0,0.026759653305407666,0.15536999005774857,0,1,0,0,0,0,0,0,0,0,0,0
2015-04-29,109.43,110.07,108.75,109.35,101.28,34043900.0,99.7235,100.2116,-0.006279434850863463,58.8006036068011,0.8191183149114494,0.5766056927781679,0,0.6500000000000057,-0.010777473577734176,-0.07612919683466668,0,0.025333660123437546,0.14072904624843102,0,1,0,0,0,0,0,0,0,0,0,0
2015-04-30,108.73,109.17,107.06,107.63,99.69,44080500.0,99.84299999999999,100.2116,-0.015699052132701508,49.02950412305616,0.6741468458048416,0.5961139233835027,1,-1.3200000000000074,-0.023936967202914827,0.2948134614424316,0,0.02179095831198058,0.1931103589909528,0,1,0,0,0,0,0,0,0,0,0,0
2015-05-01,108.05,109.12,108.03,109.05,101.0,32874300.0,100.025,100.2116,0.013140736282475807,55.57901266338362,0.6573840498289343,0.608367948672589,1,-1.3799999999999955,-0.008837750701089164,-0.2542212542961173,0,0.024709788106325625,0.13462486919807,0,1,0,0,0,0,0,0,0,0,0,0
2015-05-04,109.4,109.91,109.17,109.23,101.17,23507300.0,100.1755,100.2116,0.0016831683168316847,56.36264186792208,0.6503205025562977,0.6167584594493307,0,-0.9500000000000028,-0.0008751475333940162,-0.28493382368597964,0,0.025088567545286433,0.08573821869299841,0,1,0,0,0,0,0,0,0,0,0,0
2015-05-05,108.8,109.0,107.4,107.45,99.52,47843300.0,100.252,100.2116,-0.016309182564001268,47.587826597289386,0.5057513928406365,0.594557046127592,0,-2.4000000000000057,-0.0014852779646937764,1.0352528788929396,0,0.02141217887301977,0.2127485236669946,0,1,0,0,0,0,0,0,0,0,0,0
2015-05-06,107.64,107.95,106.0,106.71,98.83,42687200.0,100.255,100.2116,-0.006933279742765253,44.469921891722784,0.3316787126606613,0.5419813794342059,1,-2.450000000000003,-0.021559293989934836,-0.10777057602631923,0,0.019874779973708262,0.18583868501329548,0,1,0,0,0,0,0,0,0,0,0,0
2015-05-07,106.68,107.65,106.6,107.35,99.43,29335800.0,100.257,100.2116,0.0060710310634424225,47.680041405793546,0.23938041664888488,0.48146118687714173,1,-0.2599999999999909,-0.017171431243324098,-0.3127729155343991,0,0.021211648581805242,0.11615733286710003,0,1,0,0,0,0,0,0,0,0,0,0
2015-05-08,108.46,108.92,108.3,108.69,100.67,33023300.0,100.3005,100.2116,0.012471085185557618,53.64423568216201,0.26325633382884917,0.43782021626748324,0,-0.3299999999999983,0.011608836506234788,0.12569965707429143,0,0.023974510371872315,0.13540250461231743,0,1,0,0,0,0,0,0,0,0,0,0
2015-05-11,108.76,108.98,108.19,108.27,100.28,19679300.0,100.337,100.2116,-0.003874043905830904,51.64997418701341,0.2478513534561273,0.39982644370521203,0,-0.8900000000000006,0.014668072343169136,-0.40407833257124515,0,0.023105545776609282,0.06575977328535305,0,1,0,0,0,0,0,0,0,0,0,0
2015-05-12,107.63,108.33,106.8,107.78,99.82,33665000.0,100.365,100.2116,-0.004587155963302836,49.320978755653755,0.19626225084552118,0.3591136051332739,1,0.29999999999999716,0.004009885316423878,0.7106807660841594,0,0.022080613177068248,0.1387515559232072,0,1,0,0,0,0,0,0,0,0,0,0
2015-05-13,108.25,108.81,107.84,108.0,100.03,20738400.0,100.3725,100.2116,0.0021037868162694373,50.42011168275777,0.17035896816373963,0.32136267773936705,1,1.2000000000000028,-0.0063574130528643025,-0.3839774246249814,0,0.022548517189902195,0.07128724756206078,0,1,0,0,0,0,0,0,0,0,0,0
2015-05-14,108.88,109.67,108.48,109.58,101.49,23904200.0,100.46000000000001,100.2116,0.014595621313605811,57.34633647590081,0.26459019719467847,0.31000818163042937,0,2.059999999999988,0.012112252166572413,0.15265401381013,0,0.025801564136271465,0.08780965155148703,0,1,0,0,0,0,0,0,0,0,0,0
2015-05-15,109.86,110.01,109.31,109.58,101.49,23937400.0,100.625,100.2116,0.0,57.34633647590081,0.3354028102850748,0.3150871073613585,1,0.8199999999999932,0.01669940812987525,0.0013888772684298445,0,0.025801564136271465,0.08798292333506431,0,1,0,0,0,0,0,0,0,0,0,0
2015-05-18,109.4,110.28,109.32,110.06,101.94,17631100.0,100.739,100.2116,0.004433934377771287,59.37501520076004,0.42295795945521775,0.33666127778013033,0,1.6599999999999966,0.019029555691377098,-0.2634496645416795,0,0.02680421559234422,0.055070156805745105,0,1,0,0,0,0,0,0,0,0,0,0
2015-05-19,110.18,110.35,109.76,109.94,101.83,14212900.0,100.8265,100.2116,-0.0010790661173238902,58.64080282906554,0.4779603360477296,0.3649210894336502,1,2.010000000000005,0.0033548682604473967,-0.19387332611124664,0,0.02655912301419311,0.03723046973876147,0,1,0,0,0,0,0,0,0,0,0,0
2015-05-20,110.02,110.67,109.43,110.01,101.89,21131900.0,100.8895,100.2116,0.0005892173229893327,58.93905945881097,0.5203928494914578,0.3960154414452117,1,1.8599999999999994,0.0039440855834367294,0.48681127707927296,0,0.026692809875002804,0.07334093571982161,0,1,0,0,0,0,0,0,0,0,0,0
2015-05-21,109.82,110.73,109.66,110.58,102.42,16771800.0,100.96000000000001,100.2116,0.00520168809500432,61.57503166622418,0.58998649564262,0.43480965228469337,0,0.9300000000000068,0.004711839300669762,-0.20632787397252494,0,0.027873710478821784,0.05058544464827655,0,1,0,0,0,0,0,0,0,0,0,0
2015-05-22,110.45,110.87,110.38,110.47,102.32,13543800.0,100.957,100.2116,-0.0009763718023824142,60.78217085119251,0.6298107312807986,0.47380986808391445,0,0.8299999999999983,0.004814533615611238,-0.19246592494544412,0,0.02765089904413895,0.03373841701612419,0,1,0,0,0,0,0,0,0,0,0,0
2015-05-26,110.23,110.38,108.76,109.2,101.14,25488400.0,100.908,100.2116,-0.011532447224393949,52.23503018675643,0.5597036710966847,0.49098862868646853,1,-0.7999999999999972,-0.007307130931772043,0.8819238323070335,0,0.0250217241148816,0.09607763828471372,0,1,0,0,0,0,0,0,0,0,0,0
2015-05-27,109.53,111.08,109.29,110.96,102.77,30572700.0,100.9505,100.2116,0.016116274471030145,60.498280766448886,0.6284265878060182,0.5184762205103786,0,0.9399999999999977,0.003607455444253782,0.19947505531928256,0,0.028653550500211677,0.12261275061127885,0,1,0,0,0,0,0,0,0,0,0,0
2015-05-28,110.75,111.01,110.37,110.71,102.54,17302400.0,101.0135,100.2116,-0.0022380072005447893,58.94860840533931,0.6567601939138399,0.5461330151910708,0,0.6500000000000057,0.002345820046091407,-0.43405718173403074,0,0.028141084200441202,0.053354661767737524,0,1,0,0,0,0,0,0,0,0,0,0
2015-05-29,110.64,110.79,109.79,110.05,101.93,30383000.0,101.1255,100.2116,-0.005948897991027935,54.9298495597012,0.6228134728426085,0.5614691067213784,1,-0.4899999999999949,0.007929369279457421,0.7559991677455151,0,0.026781934448875944,0.12162270069126047,0,1,0,0,0,0,0,0,0,0,0,0
2015-06-01,110.64,110.72,109.52,110.42,102.27,24570200.0,101.189,100.2116,0.003335622486019707,56.7016840822195,0.6162419566433073,0.5724236767057642,0,-0.04999999999999716,-0.004851282705553017,-0.19131751308297407,0,0.02753949332679753,0.09128552528228426,0,1,0,0,0,0,0,0,0,0,0,0
2015-06-02,110.01,110.61,109.47,110.07,101.95,19449600.0,101.228,100.2116,-0.003128972328150903,54.52889970144746,0.5785435669527459,0.5736476547551606,1,0.8100000000000023,-0.005742247833159131,-0.20840693197450566,0,0.0268264967358125,0.06456096218030181,0,0,0,0,0,0,0,0,0,0,0,0
2015-06-03,110.57,110.81,110.13,110.4,102.25,20507200.0,101.36449999999999,100.2502,0.002942618930848351,56.22256257817955,0.5663463264037034,0.5721873890848691,0,-0.519999999999996,0.003149269088717155,0.054376439618295525,0,0.027494931039860976,0.07008060791257081,0,0,0,0,0,0,0,0,0,0,0,0
2015-06-04,109.78,110.48,109.21,109.56,101.47,31374600.0,101.4965,100.28040000000001,-0.007628361858190713,50.91278432059683,0.4881137723963036,0.555372665747156,0,-1.0700000000000074,-0.007814715255493265,0.5299309510805961,0,0.02575700184933491,0.12679789046822523,0,0,0,0,0,0,0,0,0,0,0,0
2015-06-05,109.43,109.69,108.63,109.3,101.23,22641700.0,101.5865,100.3514,-0.002365231102788967,49.36784564185393,0.4021126115939495,0.5247206549165148,0,-0.7000000000000028,-0.0070509740301313295,-0.27834299082697467,0,0.025222254406096156,0.08122062664888717,0,0,0,0,0,0,0,0,0,0,0,0
2015-06-08,109.25,109.33,107.97,108.19,100.2,24549200.0,101.563,100.4086,-0.010174849352958648,43.29572881340637,0.2479850626850606,0.46937353647022395,0,-2.069999999999993,-0.02016844231393833,0.08424720758600279,0,0.022927296628863003,0.09117592566014202,0,0,0,0,0,0,0,0,0,0,0,0
2015-06-09,107.93,108.4,107.2,108.01,100.04,27554600.0,101.551,100.45480000000002,-0.00159680638722548,42.42283173659877,0.11164028718454233,0.3978268866130876,1,-1.9099999999999966,-0.014136886842973095,0.12242354129666144,0,0.0225707983333705,0.10686119729758645,0,0,0,0,0,0,0,0,0,0,0,0
2015-06-10,108.38,109.81,108.26,109.49,101.41,30297900.0,101.6305,100.506,0.013694522191123548,51.44896506315612,0.11283295267919868,0.3408280998263099,1,-0.8400000000000034,0.00192286645093942,0.09955869437407916,0,0.025623314988525214,0.12117856127010304,0,0,0,0,0,0,0,0,0,0,0,0
2015-06-11,109.86,110.15,109.46,109.65,101.56,17593500.0,101.707,100.58099999999999,0.0014791440686323654,52.33011720637124,0.12444734356326137,0.2975519485737002,0,0.09000000000000341,0.013576859872530433,-0.4193161902310061,0,0.025957532140549466,0.05487392129181422,0,0,0,0,0,0,0,0,0,0,0,0
2015-06-12,109.07,109.3,108.6,108.75,100.72,27201800.0,101.6685,100.6494,-0.00827097282394651,47.16752085169771,0.06512018720675883,0.25106559630031194,0,-0.5100000000000051,0.006902693435809404,0.5461278313013329,0,0.024085916089213705,0.10501992364559656,0,0,0,0,0,0,0,0,0,0,0,0
2015-06-15,107.94,108.38,107.31,108.21,100.22,31238800.0,101.60499999999999,100.7066,-0.00496425734710082,44.362063908522224,-0.0219893533826081,0.19645460636372794,1,0.01999999999999602,-0.011756086102414964,0.14840929644361767,0,0.02297185891579956,0.12608914624503867,0,0,0,0,0,0,0,0,0,0,0,0
2015-06-16,108.1,108.98,108.05,108.8,100.77,16456900.0,101.5465,100.7588,0.0054879265615646045,48.024236467291026,-0.046112334147693446,0.14794121826144366,1,0.7299999999999898,-0.007747303609482725,-0.4731903914362907,0,0.024197321806555122,0.048941972219105304,0,0,0,0,0,0,0,0,0,0,0,0
2015-06-17,108.98,109.45,108.43,109.1,101.05,23296700.0,101.50750000000001,100.82,0.0027786047434752437,49.83454490021602,-0.04215042638077193,0.10992288933300055,1,-0.35999999999999943,0.003302273957939028,0.4156189804884274,0,0.024821193823667043,0.08463909105380037,0,0,0,0,0,0,0,0,0,0,0,0
2015-06-18,109.5,110.88,109.44,110.69,102.52,43032400.0,101.53900000000002,100.895,0.014547253834735319,58.08797262388615,0.07869893641532144,0.10367809874946474,0,0.9599999999999937,0.022813785139775167,0.8471457330866603,0,0.02809652191350462,0.1876402940401291,0,0,0,0,0,0,0,0,0,0,0,0
2015-06-19,110.49,110.58,109.81,109.89,102.01,27877600.0,101.5185,100.9474,-0.004974639094810662,54.724054713960385,0.1318008709545353,0.10930265319047885,0,1.2900000000000063,0.0123512194833999,-0.35217185190693523,0,0.026960183596622195,0.10854694386672686,0,0,0,0,0,0,0,0,0,0,0,0
2015-06-19,0.25 Dividend,,,,,,101.4545,101.3468,0.0,54.72405471396037,0.1318008709545353,0.11380229674329015,0,0.0,0.009572614739924656,0.0,0,0.028653550500211677,0.06284546714229423,1,1,0,0,0,0,1,0,0,0,1,1
2015-06-22,110.7,111.03,110.45,110.7,102.77,19120900.0,101.4545,101.3468,0.0074502499754924845,54.72405471396037,0.25614684431104706,0.14227120625684153,1,2.0,0.0024756108806818222,-0.31411240565902376,0,0.028653550500211677,0.06284546714229423,1,1,0,0,0,0,0,0,0,0,0,0
2015-06-23,110.82,110.89,110.33,110.79,102.85,18127900.0,101.4545,101.3468,0.0007784372871459944,55.23198125360854,0.3345038718769331,0.18071773938085983,0,1.7999999999999972,0.008228687262638479,-0.051932701912566825,0,0.02883179964795793,0.05766297072385332,1,1,0,0,0,0,0,0,0,0,0,0
2015-06-24,110.66,111.13,110.19,110.22,102.32,15815900.0,101.4545,101.3468,-0.005153135634419104,51.13885670658148,0.34980349322481175,0.21453489014965021,0,-0.20000000000000284,0.003075551628219375,-0.1275382145753231,0,0.02765089904413895,0.04559657422895361,1,1,0,0,0,0,0,0,0,0,0,0
2015-06-25,110.65,110.76,109.82,110.0,102.12,18326700.0,101.4545,101.3468,-0.001954652071931129,49.643764914621556,0.34184959549766347,0.2399978312192529,0,0.10999999999999943,-0.006329350419204238,0.15875163601186149,0,0.027205276174773307,0.058700513813466665,1,1,0,0,0,0,0,0,0,0,0,0
2015-06-26,109.98,110.23,108.86,109.27,101.44,32311700.0,101.4545,101.3468,-0.006658832745789378,44.84335283874394,0.27747717311316933,0.2474936995980362,0,0.0,-0.01376662045213961,0.7630942832042866,0,0.025690158418930076,0.13168864313058273,1,1,0,0,0,0,1,0,0,0,0,0
2015-06-29,108.06,108.66,106.64,106.69,99.04,50874900.0,101.4545,101.3468,-0.023659305993690816,32.791331879315734,0.03242781457132082,0.20448052259269311,1,-3.7299999999999898,-0.03227279081141132,0.5745039722453475,0,0.02034268398654221,0.22857053388063556,1,1,0,0,0,0,0,0,0,0,0,0
2015-06-30,107.49,107.72,106.74,107.07,99.4,34809900.0,101.4545,101.3468,0.003634894991922488,35.58777534171337,-0.1312140226289671,0.13734161354836108,1,-3.4499999999999886,-0.026683243747557706,-0.315774576461084,0,0.02114480515140041,0.14472682294181044,1,1,0,0,0,0,0,0,0,0,0,0
2015-07-01,108.13,108.35,107.42,107.92,100.18,21293000.0,101.4545,101.3468,0.007847082494969904,41.28790957610261,-0.19570590051944237,0.07073211073480039,1,-2.1399999999999864,-0.012177328506798424,-0.38830620024763074,0,0.022882734341926447,0.07418172139254148,1,1,0,0,0,0,0,0,0,0,0,0
2015-07-02,108.23,108.32,107.62,107.95,100.21,20499400.0,101.4545,101.3468,0.0002994609702533513,41.502330264397145,-0.2416102960117712,0.008263629385486068,0,-1.9100000000000108,0.011781438457145743,-0.037270464471892195,0,0.02294957777233128,0.0700398994814894,1,1,0,0,0,0,0,0,0,0,0,0
2015-07-06,107.27,108.32,107.04,107.7,99.98,24311000.0,101.4545,101.3468,-0.0022951801217442336,40.2875403967809,-0.29316946289593204,-0.05202298907079756,1,-1.4599999999999937,0.005851363343479021,0.18593714937998196,0,0.022437111472560806,0.08993275280327129,1,1,0,0,0,0,0,0,0,0,0,0
2015-07-07,107.82,108.07,105.83,107.97,100.23,44230800.0,101.4545,101.3468,0.002500500100020009,42.265691679491916,-0.31028083908270787,-0.10367455907317963,0,1.1899999999999977,0.0005047809485291266,0.8193739459503928,0,0.022994140059267865,0.1938947791437138,1,1,0,0,0,0,0,0,0,0,0,0
2015-07-08,107.2,107.33,105.89,106.09,98.49,39691500.0,101.4545,101.3468,-0.017360071834780055,33.85841890465727,-0.4589546427722553,-0.17473057581299478,0,-0.9100000000000108,-0.01715475185650428,-0.10262758078081335,0,0.019117221095786646,0.1702040379632215,1,1,0,0,0,0,0,0,0,0,0,0
2015-07-09,107.5,107.6,106.02,106.03,98.43,28381000.0,101.4545,101.3468,-0.0006091989034417988,33.61014888448534,-0.5749930400472891,-0.2547830686598537,1,-1.75,-0.015468770638201845,-0.28496025597420105,0,0.01898353423497698,0.11117420338036549,1,1,0,0,0,0,0,0,0,0,0,0
2015-07-10,107.44,108.05,107.05,107.65,99.93,26415800.0,101.4545,101.3468,0.01523925632429135,44.55573302365648,-0.5396955673705008,-0.3117655684019831,1,-0.2799999999999869,-0.002730014413930504,-0.06924350798069134,0,0.02232570575521939,0.10091776635970073,1,1,0,0,0,0,0,0,0,0,0,0
2015-07-13,108.58,109.63,108.57,109.54,101.69,25780700.0,101.4545,101.3468,0.01761232863004092,54.11480848222258,-0.3654916150753422,-0.32251077773665493,1,1.7099999999999937,0.03224238605089047,-0.024042429152249745,0,0.026247187005637135,0.09760316064434141,1,1,0,0,0,0,0,0,0,0,0,0
2015-07-14,109.69,110.56,109.63,110.26,102.36,21977200.0,101.4545,101.3468,0.0065886517848363635,57.143941131469944,-0.17139459700848647,-0.29228754159102127,1,2.1299999999999955,0.03944023673916863,-0.14753284433704283,0,0.02774002361801209,0.07775258146252867,1,1,0,0,0,0,0,0,0,0,0,0
2015-07-15,110.47,110.81,110.07,110.38,102.47,28631500.0,101.4545,101.3468,0.0010746385306761308,57.63838930147632,-0.008596140152576481,-0.23554926130333234,1,3.980000000000004,0.025275618945553413,0.3027819740458293,0,0.0279851161961632,0.1124815703016338,1,1,0,0,0,0,0,0,0,0,0,0
2015-07-16,111.29,111.96,111.07,111.94,103.92,29838900.0,101.4545,101.3468,0.014150483068215092,63.60007449291531,0.2347199857619131,-0.14149541189028325,1,5.489999999999995,0.021813773383727586,0.04217033686673766,0,0.03121588199906422,0.1187830266718509,1,1,0,0,0,0,0,0,0,0,0,0
2015-07-17,112.84,113.59,112.65,113.59,105.45,35926800.0,101.4545,101.3468,0.014722863741339465,68.61860861977212,0.5447286885637084,-0.004250591799484921,1,5.519999999999996,0.029947985340230687,0.2040256175663313,0,0.03462489694971149,0.15055595713089065,1,1,0,0,0,0,0,0,0,0,0,0
2015-07-20,113.83,114.39,113.48,113.98,105.81,26539000.0,101.4545,101.3468,0.003413940256045578,69.67793765625886,0.8101232142510213,0.15862416941061633,0,4.1200000000000045,0.032287287065600134,-0.26130353941904094,0,0.035427018114569664,0.10156075080960197,0,1,0,0,0,0,0,0,0,0,0,0
2015-07-21,114.02,114.2,113.58,113.91,105.75,35468900.0,101.6035,101.3468,-0.0005670541536716422,69.25831009524894,1.0040349000259567,0.32770631553368446,0,3.3900000000000006,0.0175697498437134,0.3364821583330193,0,0.03529333125375997,0.1481661634652269,0,1,0,0,0,0,0,0,0,0,0,0
2015-07-22,112.17,113.17,112.17,112.62,104.55,35575000.0,101.6885,101.3468,-0.01134751773049647,61.30611232194182,1.0487915210744063,0.4719233566418289,0,2.0799999999999983,-0.008500631628122535,0.002991352988110707,0,0.03261959403756601,0.1487199025085266,0,1,0,0,0,0,0,0,0,0,0,0
2015-07-23,112.73,113.1,111.91,112.2,104.16,25698300.0,101.7805,101.3468,-0.0037302725968436645,58.93759934535085,1.0407940985787576,0.5856975050292147,0,0.23999999999999488,-0.015644844481011777,-0.2776303583977512,0,0.031750629442302974,0.09717311260317368,0,1,0,0,0,0,0,0,0,0,0,0
2015-07-24,112.8,113.0,110.93,111.1,103.14,30844700.0,101.83149999999999,101.3468,-0.009792626728110543,53.15363977176434,0.9412998889473556,0.6568179818128429,0,-2.3100000000000023,-0.024870417055450678,0.20026227415821274,0,0.029477952808538155,0.12403232666950234,0,1,0,0,0,0,0,0,0,0,0,0
2015-07-27,110.47,110.95,109.94,110.18,102.28,35994800.0,101.8735,101.3468,-0.00833818111305018,48.80475494681945,0.7840175322396021,0.6822578918981947,1,-3.530000000000001,-0.021861080438004388,0.1669687174782053,0,0.027561774470265837,0.15091085114544653,0,1,0,0,0,0,0,0,0,0,0,0
2015-07-28,110.67,111.35,109.79,111.13,103.16,33553500.0,102.0795,101.3468,0.00860383261634734,53.038777754608326,0.7220553720584206,0.6902173879302399,1,-2.5900000000000034,-0.009526975224813383,-0.06782368564348185,0,0.02952251509547471,0.13816963411992808,0,1,0,0,0,0,0,0,0,0,0,0
2015-07-29,111.37,111.79,110.94,111.55,103.55,26714100.0,102.287,101.3468,0.0037805350911206403,54.82204626843466,0.6963920799272074,0.6914523263296335,1,-1.0,0.0040461865944178,-0.2038356654298359,0,0.030391479690737744,0.10247460289708335,0,1,0,0,0,0,0,0,0,0,0,0
2015-07-30,111.29,112.27,110.62,112.08,104.05,25438100.0,102.4805,101.3468,0.004828585224529114,57.0726621886861,0.7082354598252465,0.6948089530287561,0,-0.10999999999999943,0.017212952931997094,-0.04776503793876641,0,0.03150553686415189,0.09581512109453488,0,1,0,0,0,0,0,0,0,0,0,0
2015-07-31,112.43,112.49,111.72,111.95,103.93,22081700.0,102.6665,101.3468,-0.0011532916866889842,56.34715330358098,0.6998707522259622,0.6958213128681974,0,0.7900000000000063,0.00745582862896077,-0.13194381655862664,0,0.0312381631425325,0.07829797005842704,0,1,0,0,0,0,0,0,0,0,0,0
2015-08-03,111.97,112.28,110.86,111.6,103.6,25001800.0,102.8475,101.3468,-0.003175214086404421,54.30280792562015,0.6590166849931904,0.688460387293196,0,1.3199999999999932,0.0005000794514357088,0.13224072421960265,0,0.030502885408079133,0.0935380584687889,0,1,0,0,0,0,0,0,0,0,0,0
2015-08-04,111.55,111.75,110.93,111.39,103.41,22132300.0,103.0065,101.3468,-0.0018339768339767915,53.10808479214247,0.6043416558507886,0.6716366410047145,1,0.25,-0.006162482607070197,-0.11477173643497673,0,0.03007954368218177,0.0785620529574936,0,1,0,0,0,0,0,0,0,0,0,0
2015-08-05,112.01,113.0,111.88,112.25,104.2,28989900.0,103.292,101.3468,0.007639493279180121,57.31336624467772,0.617637953179667,0.6608369034397051,0,0.6500000000000057,0.0026303023587989083,0.30984579099325416,0,0.03183975401617614,0.11435207051952831,0,1,0,0,0,0,0,0,0,0,0,0
2015-08-06,112.35,112.5,109.95,110.45,102.53,42125400.0,103.497,101.3468,-0.016026871401151666,47.59612924558009,0.487797297774307,0.6262289823066256,0,-1.519999999999996,-0.010221354955948336,0.45310608177330725,0,0.028118803056972896,0.18290663416950886,0,1,0,0,0,0,0,0,0,0,0,0
2015-08-07,110.18,110.57,109.4,110.31,102.4,30006800.0,103.62049999999999,101.3468,-0.0012679215839266345,46.92910637204586,0.3701409746188489,0.5750113807690703,1,-1.5300000000000011,-0.00965529970589818,-0.2876791674381727,0,0.027829148191885228,0.11965930174602635,0,1,0,0,0,0,0,0,0,0,0,0
2015-08-10,111.01,111.81,111.0,111.57,103.57,21500800.0,103.7145,101.3468,0.011425781249999822,53.27567937587306,0.36707529722218624,0.5334241640596935,0,-0.030000000000001137,-0.005869011735078478,-0.2834690803417892,0,0.0304360419776743,0.07526623574878723,0,1,0,0,0,0,0,0,0,0,0,0
2015-08-11,110.98,111.41,109.53,110.14,102.25,36123300.0,103.70900000000002,101.3468,-0.012745003379356912,46.516925453947415,0.25519107365246896,0.4777775459782486,1,-1.1599999999999966,-0.002587143713283724,0.6800909733591307,0,0.027494931039860976,0.1515814964523646,0,1,0,0,0,0,0,0,0,0,0,0
2015-08-12,109.38,110.74,108.22,110.52,102.6,41889000.0,103.71549999999999,101.3468,0.0034229828850855792,48.386653544508114,0.19254456146933308,0.4207309490764655,0,-1.6000000000000085,0.00210376075572849,0.15961166338623545,0,0.02827477106125087,0.18167285556596463,0,1,0,0,0,0,0,0,0,0,0,0
2015-08-13,110.63,111.16,110.1,110.34,102.43,22510500.0,103.641,101.3468,-0.001656920077972579,47.51772652543179,0.1277070426766329,0.36212616779649903,1,-0.09999999999999432,-0.010978940572243912,-0.46261548377855766,0,0.02789599162229009,0.08053588996197937,0,1,0,0,0,0,0,0,0,0,0,0
2015-08-14,110.08,110.67,109.86,110.51,102.59,17924900.0,103.498,101.3468,0.0015620423703992525,48.455919668515094,0.08821659869171583,0.3073442539755424,1,0.18999999999999773,0.0033281051775122528,-0.20370938006707984,0,0.02825248991778259,0.05660350770981151,0,1,0,0,0,0,0,0,0,0,0,0
2015-08-17,110.24,111.46,109.96,111.43,103.44,21224900.0,103.37950000000001,101.3468,0.008285407934496503,53.23839411580127,0.12407774259308724,0.27069095169905133,0,-0.12999999999999545,0.008190530226923176,0.1841014454752885,0,0.03014638711258663,0.07382630547502303,0,1,0,0,0,0,0,0,0,0,0,0
2015-08-18,111.28,111.37,110.71,110.86,102.91,13984400.0,103.2375,101.3468,-0.005123743232791966,50.115971770428224,0.10848088675977863,0.2382489387111968,0,0.6599999999999966,0.004723707072103789,-0.3411323492690189,0,0.028965486508767624,0.036037921469261214,0,1,0,0,0,0,0,0,0,0,0,0
2015-08-19,110.52,111.11,109.49,110.13,102.24,42511400.0,103.122,101.3468,-0.0065105431930813085,46.41031783826373,0.041577585046951526,0.19891466797834775,0,-0.35999999999999943,-0.003348878491376772,2.0399159062955867,0,0.027472649896392698,0.18492117960507604,0,1,0,0,0,0,0,0,0,0,0,0
2015-08-20,109.11,109.46,107.07,107.08,99.4,57747300.0,102.88399999999999,101.3468,-0.02777777777777768,34.698433157892,-0.23786605686535722,0.11155852300960678,0,-3.030000000000001,-0.039412064203650954,0.35839563034856536,0,0.02114480515140041,0.26443779308113247,0,1,0,0,0,0,0,0,0,0,0,0
2015-08-21,105.57,106.47,102.4,102.4,95.06,97763400.0,102.47999999999999,101.3468,-0.04366197183098597,24.516557216326746,-0.8003034850659816,-0.0708138786055109,0,-7.530000000000001,-0.07795029280184496,0.6929518782696333,1,0.011474788886165654,0.47328300449097505,0,1,0,0,0,0,0,0,0,0,0,0
2015-08-24,94.23,102.53,84.74,98.46,91.4,150829900.0,101.93599999999999,101.3468,-0.038501998737639376,19.35775418030275,-1.5238051341112993,-0.3614121297066686,0,-12.039999999999992,-0.10994174834640302,0.5428053852464214,0,0.0033198903767741594,0.7502386401296407,0,1,0,0,0,0,0,0,0,0,0,0
2015-08-25,102.07,102.74,98.01,98.09,91.06,75088300.0,101.331,101.3468,-0.0037199124726476906,18.958656200585523,-2.100408361891965,-0.709211376143728,1,-11.849999999999994,-0.08588388304127303,-0.5021656846553635,0,0.0025623314988525436,0.354940985822506,0,1,0,0,0,0,0,0,0,0,0,0
2015-08-26,100.96,103.23,98.93,103.03,95.64,104103800.0,100.9355,101.3468,0.050296507797056966,37.61663516675175,-2.1628706245475655,-0.9999432258244956,1,-6.599999999999994,0.0080745965867699,0.3864183900820768,1,0.012767095207326051,0.5063737399305347,0,1,0,0,0,0,0,0,0,0,0,0
2015-08-27,104.52,105.71,103.28,105.64,98.07,69377700.0,100.6365,101.3468,0.025407779171894518,44.86899514600389,-1.9933140425877411,-1.1986173891771448,0,-1.3300000000000125,0.0719843744963038,-0.33357187729938775,0,0.01818141307011875,0.3251371952412888,0,1,0,0,0,0,0,0,0,0,0,0
2015-08-28,105.08,106.0,104.85,105.62,98.05,49919600.0,100.3425,101.3468,-0.00020393596410728243,44.82280832986605,-1.8393501787435724,-1.3267639470904304,0,2.989999999999995,0.0755003510048442,-0.28046620167575464,0,0.018136850783182196,0.22358479487908814,0,1,0,0,0,0,0,0,0,0,0,0
2015-08-31,105.03,105.61,104.05,104.31,96.83,39549400.0,100.00399999999999,101.3468,-0.012442631310555785,41.98379217454169,-1.7950839016150297,-1.4204279379953504,0,5.429999999999993,0.01276121189723145,-0.20773804277277863,0,0.015418551280051707,0.16946241385339222,0,0,0,0,0,0,0,0,0,0,0,0
2015-09-01,101.71,103.29,100.63,101.05,93.81,73155500.0,99.524,101.16760000000001,-0.03118868119384488,35.91889354606684,-1.980857229772269,-1.5325137963507343,1,2.75,-0.04383524846850795,0.8497246481615397,0,0.008689645952630304,0.3448536453617179,0,0,0,0,0,0,0,0,0,0,0,0
2015-09-02,102.88,103.92,101.7,103.9,96.45,43963600.0,99.1365,101.0396,0.028141989126958755,43.59033648653976,-1.8932339714365156,-1.6046578313678905,0,0.8100000000000023,-0.01548932337744191,-0.399039033292097,0,0.014571867828256979,0.19250025442769425,0,0,0,0,0,0,0,0,0,0,0,0
2015-09-03,104.31,105.02,103.1,103.39,95.98,45131800.0,98.809,100.91279999999999,-0.004872991187143572,42.61228769195521,-1.8405008320402771,-1.6518264315023679,0,-2.089999999999989,-0.007919683254029697,0.026571982276246686,0,0.013524654085247667,0.19859712483657913,0,0,0,0,0,0,0,0,0,0,0,0
2015-09-04,101.97,102.85,101.59,102.16,94.84,49379600.0,98.431,100.76719999999999,-0.011877474473848681,40.253106076519344,-1.8691514968205354,-1.6952914445660014,1,-3.2099999999999937,0.011391523465966502,0.09411988885885347,0,0.01098460372986343,0.22076651888114443,0,0,0,0,0,0,0,0,0,0,0,0
2015-09-08,104.12,105.17,103.69,105.04,97.51,37343500.0,98.128,100.68860000000001,0.028152678194854452,47.57400335995785,-1.6573062741062756,-1.6876944104740565,0,0.6800000000000068,0.0114022125338622,-0.2437464053981806,0,0.016933669035894938,0.1579497564017922,0,0,0,0,0,0,0,0,0,0,0,0
2015-09-09,106.28,106.31,103.59,103.86,96.42,47146700.0,97.8365,100.6362,-0.011178340683006938,45.142183171030396,-1.5593955580297774,-1.6620346399852006,1,2.6099999999999994,0.005096863037998833,0.26251422603665975,0,0.014505024397852118,0.20911294762964722,0,0,0,0,0,0,0,0,0,0,0,0
2015-09-10,103.74,105.68,103.62,104.99,97.46,47686700.0,97.57950000000001,100.5974,0.010786143953536609,47.87972032959347,-1.3819510305279152,-1.6060179180937437,1,1.009999999999991,0.027760481465384124,0.011453611811643283,0,0.01682226331855352,0.21193122362759093,0,0,0,0,0,0,0,0,0,0,0,0
2015-09-11,104.51,105.57,104.21,105.57,98.0,29106100.0,97.358,100.5538,0.005540734660373525,49.294604162499844,-1.184101887550355,-1.5216347119850662,0,2.019999999999996,0.0051485379309031964,-0.38963903981613324,0,0.018025445065840806,0.1149585217620488,0,0,0,0,0,0,0,0,0,0,0,0
2015-09-14,105.96,105.98,104.85,105.25,97.71,19718800.0,97.114,100.50380000000001,-0.0029591836734694787,48.53263596038801,-1.0387317397753293,-1.4250541175431188,1,2.8699999999999903,0.013367694940440655,-0.32252002157623316,0,0.01737929190526058,0.065965924955573,0,0,0,0,0,0,0,0,0,0,0,0
2015-09-15,105.5,106.82,105.11,106.49,98.86,30020200.0,96.885,100.4814,0.011769522055060877,51.71970798716247,-0.8212624588715443,-1.304295785808804,1,1.3499999999999943,0.014351073041964924,0.5224151571089519,0,0.019941623404113124,0.11972923674301236,0,0,0,0,0,0,0,0,0,0,0,0
2015-09-16,106.51,107.19,106.14,107.09,99.41,31329100.0,96.71000000000001,100.465,0.005563423022455938,53.211967206573085,-0.5976467834184831,-1.16296598533074,1,2.989999999999995,0.014373761404047336,0.04360064223422899,0,0.02116708629486866,0.12656042462025036,0,0,0,0,0,0,0,0,0,0,0,0
2015-09-17,106.98,108.73,106.64,107.13,99.45,56139800.0,96.57050000000001,100.4842,0.00040237400663922784,53.324957487890615,-0.412447644149907,-1.0128623170945734,0,1.990000000000009,0.017735319084156043,0.7919378469218714,0,0.0212562108687418,0.2560482029576241,0,0,0,0,0,0,0,0,0,0,0,0
2015-09-18,0.26 Dividend,,,,,,97.1845,101.7732,0.0,53.324957487890615,-0.412447644149907,-0.8927793825056402,0,0.0,0.005965797029095166,0.0,0,0.018114569639713946,0.21557045298567637,1,1,0,0,0,0,1,0,0,0,1,1
2015-09-18,105.23,106.6,105.17,105.35,98.04,48384000.0,97.1845,101.7732,-0.014177978883861186,53.324957487890615,-0.3713863400259356,-0.7885007740096992,1,0.3300000000000125,-0.013775604877221959,-0.13815154311201683,0,0.018114569639713946,0.21557045298567637,1,1,0,0,0,0,0,0,0,0,0,0
2015-09-21,105.93,106.55,104.73,105.68,98.34,35772600.0,97.1845,101.7732,0.003059975520195879,54.35746071060913,-0.31437286400962705,-0.6936751920096849,0,-0.519999999999996,-0.011118003363665308,-0.2606522817460317,0,0.018783003943762422,0.14975118276258895,1,1,0,0,0,0,0,0,0,0,0,0
2015-09-22,104.06,104.42,103.13,104.1,96.87,47359700.0,97.1845,101.7732,-0.014948139109212888,48.675504076121626,-0.38338654674316786,-0.6316174629563815,1,-2.539999999999992,-0.026066142472878195,0.32390991988281526,0,0.015507675853924846,0.21022460093994724,1,1,0,0,0,0,0,0,0,0,0,0
2015-09-23,104.38,104.66,103.64,104.18,96.95,21775100.0,97.1845,101.7732,0.0008258490760812975,48.98801722450925,-0.4267062520558369,-0.5906352207762726,0,-2.5,-0.011062314512935711,-0.540218793615669,0,0.015685925001671097,0.07669781557515011,1,1,0,0,0,0,0,0,0,0,0,0
2015-09-24,103.17,104.19,102.27,103.8,96.59,38284300.0,97.1845,101.7732,-0.003713254254770537,47.5839079583714,-0.48450139152241434,-0.569408454925501,0,0.0,-0.017835544287902128,0.7581687340127026,0,0.014883803836812926,0.16285981947376524,1,1,0,0,0,0,1,0,0,0,0,0
2015-09-25,104.91,105.01,102.28,102.92,95.78,44700000.0,97.1845,101.7732,-0.008385961279635645,44.493772783127255,-0.5888764849332802,-0.5733020609270568,0,-2.260000000000005,-0.011273366458324885,0.16758044420297624,0,0.013079031215882025,0.19634354784414934,1,1,0,0,0,0,0,0,0,0,0,0
2015-09-28,102.48,102.55,99.69,99.99,93.05,44077500.0,97.1845,101.7732,-0.02850281896011697,36.00661972341149,-0.8817187776633517,-0.6349854042743158,0,-5.290000000000006,-0.040602034494523154,-0.01392617449664435,0,0.006996279049040821,0.19309470190207534,1,1,0,0,0,0,0,0,0,0,0,0
2015-09-29,100.24,101.26,98.75,99.47,92.56,49315500.0,97.1845,101.7732,-0.005265986029016623,34.72624030515149,-1.1401938642448783,-0.7360270962684283,1,-4.310000000000002,-0.04215476626876924,0.11883614088820837,0,0.005904503019094953,0.22043197908212928,1,1,0,0,0,0,0,0,0,0,0,0
2015-09-30,100.89,101.87,100.5,101.76,94.7,41411400.0,97.1845,101.7732,0.02312013828867765,44.0788867578553,-1.1589969222304575,-0.8206210614608341,1,-2.25,-0.010648666700455944,-0.16027618091675033,0,0.010672667721307483,0.17918024701667218,1,1,0,0,0,0,0,0,0,0,0,0
2015-10-01,101.94,102.23,100.59,102.22,95.12,39339100.0,97.1845,101.7732,0.004435058078141596,45.722633325178535,-1.127016447179514,-0.8819001386045702,1,-1.4699999999999989,0.022289210337802623,-0.050041775936094934,0,0.01160847574697535,0.16836485192308195,1,1,0,0,0,0,0,0,0,0,0,0
2015-10-02,100.8,104.01,100.48,104.01,96.79,59370900.0,97.1845,101.7732,0.017556770395290133,51.79059322361014,-0.9558976539381092,-0.896699641671278,1,1.0100000000000051,0.04511196676210938,0.5092083957182549,0,0.015329426706178595,0.2729114095816165,1,1,0,0,0,0,0,0,0,0,0,0
2015-10-05,104.78,105.78,104.55,105.5,98.18,32853500.0,97.1845,101.7732,0.014360987705341444,56.18159405828047,-0.7000536118949725,-0.8573704357160169,0,5.13000000000001,0.03635281617877317,-0.44663968375079377,0,0.018426505648269892,0.1345163133818529,1,1,0,0,0,0,0,0,0,0,0,0
2015-10-06,105.25,105.6,104.18,105.0,97.71,33051500.0,97.1845,101.7732,-0.004787125687512828,54.37806468352888,-0.5291210591615254,-0.7917205604051186,1,5.1499999999999915,0.02713063241311875,0.006026755140243756,0,0.01737929190526058,0.1355496812477656,1,1,0,0,0,0,0,0,0,0,0,0
2015-10-07,105.66,105.86,104.29,105.63,98.3,37389300.0,97.1845,101.7732,0.006038276532596587,56.27560833704337,-0.3421041468015744,-0.7017972776844098,1,3.5999999999999943,0.015612138550425203,0.1312436651891744,0,0.018693879369889282,0.15818878795865485,1,1,0,0,0,0,0,0,0,0,0,0
2015-10-08,105.23,106.23,104.21,106.05,98.69,50188900.0,97.1845,101.7732,0.00396744659206516,57.53298975252572,-0.16057119100044304,-0.5935520603476165,1,3.569999999999993,0.00521859743714892,0.3423332343745402,0,0.019562843965152316,0.2249902795573219,1,1,0,0,0,0,0,0,0,0,0,0
2015-10-09,106.1,106.73,105.81,106.53,99.13,23916200.0,97.1845,101.7732,0.0044584051069003205,58.966671515625144,0.01858506999475651,-0.471124634279142,1,2.339999999999989,0.014464128231562068,-0.5234763065139901,0,0.02054321427775674,0.08787227990699689,1,1,0,0,0,0,0,0,0,0,0,0
2015-10-12,106.73,106.99,106.35,106.79,99.38,16162000.0,97.1845,101.7732,0.0025219408857055647,59.79715289571357,0.17868088621611378,-0.3411635301800908,0,1.1999999999999886,0.010947792584671046,-0.32422374791982,0,0.021100242864463797,0.047402880382450496,1,1,0,0,0,0,0,0,0,0,0,0
2015-10-13,106.18,107.26,106.0,106.1,98.73,26999600.0,97.1845,101.7732,-0.006540551418796503,56.590201173845564,0.250223979993919,-0.22288602814528885,0,1.0200000000000102,0.00043979457380938225,0.6705605741863632,0,0.019651968539025455,0.10396463585525542,1,1,0,0,0,0,0,0,0,0,0,0
2015-10-14,106.1,106.63,105.49,105.93,98.58,30902600.0,97.1845,101.7732,-0.0015192950470982458,55.84587109274183,0.29145889415038084,-0.12001704368615493,1,0.28000000000000114,-0.005537905580189184,0.14455769715106892,0,0.019317751387001203,0.1243345084848374,1,1,0,0,0,0,0,0,0,0,0,0
2015-10-15,106.32,107.68,106.18,107.67,100.2,38393800.0,97.1845,101.7732,0.016433353621424285,61.70431895427379,0.4496747511772412,-0.00607868471347571,1,1.5100000000000051,0.008373507155529536,0.24241325972571892,0,0.022927296628863003,0.16343130321779273,0,1,0,0,0,0,0,0,0,0,0,0
2015-10-16,107.9,108.18,107.38,108.12,100.61,27091100.0,97.313,101.7732,0.004091816367265411,63.04087286037494,0.601215097837283,0.11538007179667603,1,1.480000000000004,0.01900587494159145,-0.2943886773385286,0,0.023840823511062592,0.1044421770660181,0,1,0,0,0,0,0,0,0,0,0,0
2015-10-19,107.98,108.81,107.74,108.74,101.19,23776300.0,97.4555,101.7732,0.005764834509492056,64.90677467567868,0.7593596418263502,0.24417598580261088,0,1.8100000000000023,0.02629000449818175,-0.12235752701071567,0,0.02513312983222299,0.08714213766234444,0,1,0,0,0,0,0,0,0,0,0,0
2015-10-20,108.55,108.78,107.81,108.18,100.67,23404700.0,97.6455,101.7732,-0.0051388477122245035,61.88996871264184,0.8331269097172083,0.3619661705855304,0,1.9399999999999977,0.004717803164532963,-0.015629008718766157,0,0.023974510371872315,0.08520274625338911,0,1,0,0,0,0,0,0,0,0,0,0
2015-10-21,108.73,108.84,107.48,107.52,100.06,30195200.0,97.80100000000002,101.7732,-0.0060594020065560805,58.45748376487817,0.8327664853044325,0.4561262335293108,1,1.480000000000004,-0.005433415209288528,0.2901340329079203,0,0.022615360620307057,0.12064256692753117,0,1,0,0,0,0,0,0,0,0,0,0
2015-10-22,108.48,109.8,108.17,109.71,102.09,42778700.0,98.076,101.7732,0.020287827303617778,65.34556270817423,0.984931207085836,0.5618872282406159,1,1.8900000000000006,0.009089577584837194,0.4167384220008479,0,0.027138432744368474,0.18631622622405816,0,1,0,0,0,0,0,0,0,0,0,0
2015-10-23,112.66,113.24,112.07,112.78,104.95,53170900.0,98.53450000000001,101.7732,0.028014497012440076,72.31124195662956,1.3210724425888003,0.7137242711102528,1,4.340000000000003,0.042242922309501774,0.24292930827725012,0,0.033510839776297346,0.24055342590152215,0,1,0,0,0,0,0,0,0,0,0,0
2015-10-26,112.7,113.07,112.27,112.85,105.02,25918000.0,99.13300000000001,101.7732,0.0006669842782276447,72.45716702981716,1.5749600494063287,0.885971426769468,1,3.8299999999999983,0.0489693085942855,-0.5125529189838802,0,0.03366680778057529,0.0983197334119667,0,1,0,0,0,0,0,0,0,0,0,0
2015-10-27,112.55,113.24,112.52,113.08,105.23,31390500.0,99.76650000000001,101.7732,0.0019996191201676616,72.9182813435796,1.7726787151533472,1.063312884446244,1,4.560000000000002,0.030681100410835382,0.21114669341770198,0,0.03413471179340927,0.1268808730392758,0,1,0,0,0,0,0,0,0,0,0,0
2015-10-28,113.25,114.02,112.34,114.02,106.1,42221900.0,100.3365,101.7732,0.008267604295352893,74.80052615844323,1.9767867442696172,1.2460076564109188,0,6.039999999999992,0.010934207693748199,0.3450534397349516,0,0.036073171275149835,0.18341027052840064,0,1,0,0,0,0,0,0,0,0,0,0
2015-10-29,113.5,114.03,113.38,113.84,105.94,24913300.0,100.8775,101.7732,-0.0015080113100848225,73.78485636382612,2.101409425266482,1.4170880101820316,0,3.8499999999999943,0.008759212105435732,-0.4099436548331553,0,0.03571667297965733,0.09307617434690368,0,1,0,0,0,0,0,0,0,0,0,0
2015-10-30,113.89,114.08,113.3,113.33,105.46,27199200.0,101.311,101.7732,-0.004530866528223543,70.68404588887859,2.1368099938507186,1.561032406915769,1,0.5099999999999909,0.0022287264570445275,0.09175420357800856,0,0.03464717809317974,0.10500635416856943,0,1,0,0,0,0,0,0,0,0,0,0
2015-11-02,113.63,114.75,113.39,114.61,106.65,22176900.0,101.7345,101.7732,0.011283899108667006,73.64150655721465,2.2351231459454937,1.695850554721714,1,1.6300000000000097,0.005245021270358641,-0.18464881320038828,0,0.037298634165905425,0.07879482167880526,0,1,0,0,0,0,0,0,0,0,0,0
2015-11-03,114.38,115.42,114.21,115.01,107.03,20418400.0,102.2005,101.7732,0.0035630567276137004,74.52528931306227,2.3169910212796196,1.820078648033295,1,1.7999999999999972,0.010316089308057164,-0.07929422056283786,0,0.03814531761770015,0.06961715808179784,0,1,0,0,0,0,0,0,0,0,0,0
2015-11-04,115.39,115.47,114.54,115.02,107.04,28633000.0,102.6375,101.7732,9.343174810805266e-05,74.54947301634209,2.3555257837632695,1.9271680751792901,0,0.9400000000000119,0.014940387584388759,0.40231359949849166,0,0.03816759876116846,0.11248939884607254,0,1,0,0,0,0,0,0,0,0,0,0
2015-11-05,115.12,115.4,114.11,114.71,106.75,25004100.0,103.0405,101.7732,-0.0027092675635277397,72.40286869025657,2.335739335181941,2.0088823271798204,1,0.8100000000000023,0.0009472209121940134,-0.12673837879369954,0,0.03752144560058823,0.0935500622369283,0,1,0,0,0,0,0,0,0,0,0,0
2015-11-06,114.49,114.92,113.76,114.79,106.82,29924900.0,103.425,101.7732,0.0006557377049178914,72.60789873031425,2.299203065379686,2.066946474819794,0,1.3599999999999994,-0.0019600981105017956,0.19679972484512542,0,0.037677413604866206,0.11923186321967155,0,1,0,0,0,0,0,0,0,0,0,0
2015-11-09,114.36,114.51,112.87,113.57,105.69,33479800.0,103.7405,101.7732,-0.010578543343943037,64.3027368636374,2.1542335882938346,2.084403897514602,0,-0.960000000000008,-0.012632073202552885,0.11879404776624147,0,0.035159644392950246,0.137784991636505,0,1,0,0,0,0,0,0,0,0,0,0
2015-11-10,112.97,113.39,112.63,113.28,105.42,35452100.0,104.075,101.7732,-0.002554640931024643,62.46422847014483,1.9945653815935742,2.0664361943303966,0,-1.6099999999999994,-0.012477446570049788,0.05891014880614587,0,0.03455805351930663,0.1480784837675131,0,1,0,0,0,0,0,0,0,0,0,0
2015-11-11,113.59,114.14,112.95,113.14,105.29,22748800.0,104.4105,101.7732,-0.0012331625877441965,61.55171229880686,1.8363687480638333,2.0204227050770838,0,-1.75,-0.014366346862711876,-0.35832292022193324,0,0.03426839865421896,0.08177958472181267,0,1,0,0,0,0,0,0,0,0,0,0
2015-11-12,112.68,113.23,111.96,112.04,104.26,31196900.0,104.6135,101.7732,-0.009782505461107482,54.72972353738505,1.609332995320429,1.938204763125753,0,-2.489999999999995,-0.013570308979876322,0.37136464340976216,0,0.03197344087698584,0.12587046890371673,0,1,0,0,0,0,0,0,0,0,0,0
2015-11-13,111.57,111.69,109.78,109.84,102.21,52836000.0,104.6935,101.7732,-0.01966238250527541,44.223917244206554,1.2495832403753724,1.800480458575677,1,-4.609999999999999,-0.03067805055412709,0.6936298157829783,0,0.027405806465987836,0.23880557287983448,0,1,0,0,0,0,0,0,0,0,0,0
2015-11-16,109.73,111.44,109.48,111.42,103.69,33980600.0,104.8185,101.7732,0.01447999217297724,51.46717940762612,1.071550432479654,1.6546944533564727,1,-2.0,-0.014964895793405653,-0.3568665303959422,0,0.03070341569929369,0.1403986816731165,0,1,0,0,0,0,0,0,0,0,0,0
2015-11-17,111.61,112.29,111.21,111.49,103.75,30579500.0,104.97250000000001,101.7732,0.0005786478927571892,51.74079483308864,0.9246409626755536,1.508683755220289,1,-1.6700000000000017,-0.004603742439540981,-0.1000894628111334,0,0.030837102560103385,0.12264824001273444,0,1,0,0,0,0,0,0,0,0,0,0
2015-11-18,111.94,113.74,111.83,113.63,105.74,32966500.0,105.2565,101.7732,0.019180722891566138,59.82980676363571,0.9577501705193328,1.3984970382800979,1,0.44999999999998863,0.03423936295730057,0.0780588302621037,0,0.03527105011029166,0.13510606372957076,0,1,0,0,0,0,0,0,0,0,0,0
2015-11-19,113.69,114.23,113.49,113.71,105.82,26188100.0,105.44300000000001,101.7732,0.000756572725553184,60.11920819678548,0.9791576675990115,1.3146291641438808,1,1.559999999999988,0.02051594350987651,-0.20561479077245082,0,0.035449299258037914,0.09972939331390115,0,1,0,0,0,0,0,0,0,0,0,0
2015-11-20,114.25,114.57,114.14,114.48,106.53,22727600.0,105.522,101.7732,0.006709506709506874,62.68838420859392,1.0414096078454804,1.2599852528842008,0,4.320000000000007,0.026646802326626196,-0.13214017053547222,0,0.03703126044428601,0.08166894129374526,0,1,0,0,0,0,0,0,0,0,0,0
2015-11-23,114.52,114.94,113.66,114.15,106.23,20696200.0,105.58250000000001,101.7732,-0.0028161081385524867,60.9030612170592,1.0543829558124287,1.2188647934698464,0,2.5400000000000063,0.004649971296507571,-0.08938031292349391,0,0.03636282614023753,0.0710670045118511,0,1,0,0,0,0,0,0,0,0,0,0
2015-11-24,113.41,114.32,112.84,114.05,106.13,26374400.0,105.62749999999998,101.7732,-0.0009413536665726641,60.2867289979548,1.0445542916177288,1.184002693099423,1,2.3799999999999955,0.002952044904381723,0.2743595442641644,0,0.036140014705554696,0.10070169853319172,0,1,0,0,0,0,0,0,0,0,0,0
2015-11-25,114.22,114.36,113.91,114.15,106.23,14159900.0,105.63399999999999,101.7732,0.0009422406482615386,60.71487176089859,1.032927226603448,1.153787599800228,1,0.4900000000000091,-0.002815221156863612,-0.46311954016015533,0,0.03636282614023753,0.03695386116859292,0,1,0,0,0,0,0,0,0,0,0,0
2015-11-27,114.4,114.54,113.92,114.31,106.37,8828000.0,105.6555,101.7732,0.0013178951332015743,61.34320710210204,1.023214543454344,1.1276729885310512,0,0.5500000000000114,0.0013187821148904488,-0.3765492694157445,0,0.036674762148793505,0.009126517106674358,0,0,0,0,0,0,0,0,0,0,0,0
2015-11-30,114.65,114.65,113.65,114.02,106.1,25041600.0,105.6875,101.93439999999998,-0.0025383096737803257,59.37097551946114,0.9824058652781957,1.0986195638804803,1,-0.4300000000000068,-0.0002781738923172128,1.836610783869506,0,0.036073171275149835,0.09374577584789659,0,0,0,0,0,0,0,0,0,0,0,0
2015-12-01,114.48,115.16,114.34,115.16,107.17,28639400.0,105.7135,102.11099999999999,0.010084825636192285,64.27317074607,1.0245938710914402,1.0838144253226722,0,0.9399999999999977,0.008864411095613534,0.1436729282473963,0,0.03845725362625613,0.1125228006356778,0,0,0,0,0,0,0,0,0,0,0,0
2015-12-02,115.25,115.75,114.28,114.45,106.5,22395500.0,105.68699999999998,102.30359999999999,-0.006251749556778985,59.43715269890362,0.9925235751207282,1.0655562552822835,0,0.37000000000000455,0.0012947664056329744,-0.21801783556918097,0,0.03696441701388117,0.07993570155500987,0,0,0,0,0,0,0,0,0,0,0,0
2015-12-03,114.76,114.96,111.84,112.51,104.7,42754300.0,105.57000000000001,102.4586,-0.016901408450704203,48.811357129399276,0.812496721296128,1.0149443484850524,1,-1.5300000000000011,-0.013068332371290903,0.9090576231832288,0,0.03295381118959026,0.18618888190118812,0,0,0,0,0,0,0,0,0,0,0,0
2015-12-04,112.85,115.33,112.62,115.14,107.15,40037300.0,105.58999999999999,102.6698,0.023400191021967442,59.44003594922232,0.857632414495697,0.9834819616871814,0,0.7800000000000011,0.00024703301448425474,-0.06354916347595452,0,0.03841269133931957,0.17200877840783063,0,0,0,0,0,0,0,0,0,0,0,0
2015-12-07,115.22,115.29,114.07,114.62,106.66,25892100.0,105.582,102.8874,-0.004573028464769147,56.895557906697086,0.8441332292304509,0.9556122151958354,1,0.5600000000000023,0.001925754106494093,-0.35330054723969895,0,0.037320915309373676,0.09818456054465793,0,0,0,0,0,0,0,0,0,0,0,0
2015-12-08,113.42,115.0,113.38,114.63,106.67,30792600.0,105.631,103.15979999999999,9.375585974136236e-05,56.936073469241116,0.8247349133761475,0.9294367548318978,0,-0.5,0.018920918416939658,0.18926622406062088,0,0.03734319645284198,0.12376041522599704,0,0,0,0,0,0,0,0,0,0,0,0
2015-12-09,114.13,114.76,112.2,112.89,105.05,48509200.0,105.6125,103.40960000000001,-0.015187025405456134,48.91485550407284,0.6709073449617904,0.8777308728578763,1,-1.4500000000000028,-0.019666298010483918,0.5753525197612412,0,0.03373365121098015,0.21622387549482927,0,0,0,0,0,0,0,0,0,0,0,0
2015-12-10,113.15,114.16,112.81,113.4,105.53,30154600.0,105.62449999999998,103.62619999999998,0.004569252736791984,51.112519854975176,0.5810321008199253,0.8183911184502862,0,0.8299999999999983,-0.010524016808922787,-0.37837358686599654,0,0.03480314609745774,0.12043067432472279,0,0,0,0,0,0,0,0,0,0,0,0
2015-12-11,112.09,112.39,110.72,110.79,103.1,56022200.0,105.56649999999999,103.7858,-0.02302662749928941,41.402085172465604,0.31014942121224465,0.7167427790026779,1,-4.050000000000011,-0.03364440016795356,0.8578326358167576,0,0.029388828234665015,0.25543444507362745,0,0,0,0,0,0,0,0,0,0,0,0
2015-12-14,110.94,111.68,109.38,111.63,103.88,53098500.0,105.65,103.9276,0.007565470417070896,45.013212010501796,0.1566071574602148,0.6047156546941853,1,-2.780000000000001,-0.010891904345426529,-0.05218823966213393,0,0.031126757425191054,0.24017556815661265,0,0,0,0,0,0,0,0,0,0,0,0
2015-12-15,112.66,113.28,112.17,112.31,104.51,48428000.0,105.691,104.0542,0.006064690026954311,47.810727219087404,0.08478222537574709,0.5007289688304977,1,-2.1599999999999966,-0.009396467055264202,-0.087959170221381,0,0.032530469463692896,0.21580009028921252,0,0,0,0,0,0,0,0,0,0,0,0
2015-12-16,113.07,114.17,111.89,113.98,106.07,44944100.0,105.80699999999999,104.22140000000002,0.014926801263036804,54.04537676995407,0.15198739567566122,0.4309806541995304,0,1.019999999999996,0.028556961707062012,-0.07193978690014047,0,0.036006327844745,0.1976175129758124,0,0,0,0,0,0,0,0,0,0,0,0
2015-12-17,114.48,114.48,112.3,112.32,104.52,45668800.0,105.74600000000001,104.3458,-0.014612991420759891,47.91991762575154,0.07926224539011173,0.3606369724376467,0,-1.0100000000000051,0.0063784998692312245,0.016124474625145435,0,0.032552750607161174,0.20139974374564537,0,0,0,0,0,0,0,0,0,0,0,0
2015-12-18,0.34 Dividend,,,,,,100.9735,97.21340000000001,0.0,47.91991762575154,0.07926224539011173,0.30436202702813975,0,0.0,0.0003138098422769131,0.0,0,0.02809652191350462,0.24355541174229475,1,1,0,0,0,0,1,0,0,0,1,1
2015-12-18,111.63,111.88,109.83,109.83,102.52,53746100.0,100.9735,97.21340000000001,-0.019135093761959432,47.91991762575154,-0.1851912144657888,0.20645137872935404,1,-1.3599999999999994,-0.03374808518271932,0.1768669200854851,0,0.02809652191350462,0.24355541174229475,1,1,0,0,0,0,0,0,0,0,0,0
2015-12-21,110.87,111.07,110.05,111.05,103.66,26432800.0,100.9735,97.21340000000001,0.011119781506047532,52.830864322659785,-0.2546699139412283,0.11422712019523759,1,-0.8500000000000085,-0.0080153122559119,-0.5081912920193279,0,0.030636572268888856,0.10100648986333971,1,1,0,0,0,0,0,0,0,0,0,0
2015-12-22,111.64,111.94,111.05,111.78,104.34,26540300.0,100.9735,97.21340000000001,0.006559907389542818,55.52487597868976,-0.25195755696113054,0.04099018476396396,1,-1.7299999999999898,-0.001455404866369081,0.004066916860869796,0,0.03215169002473209,0.10156753554811554,1,1,0,0,0,0,0,0,0,0,0,0
2015-12-23,112.36,112.69,112.16,112.61,105.11,25656900.0,100.9735,97.21340000000001,0.00737972014567756,58.42078138341349,-0.18553667833614895,-0.004315187856058618,0,0.5900000000000034,0.02505940904126791,-0.03328523038548925,0,0.03386733807178985,0.09695704477666467,1,1,0,0,0,0,0,0,0,0,0,0
2015-12-24,112.61,112.9,112.54,112.59,105.09,11468600.0,100.9735,97.21340000000001,-0.0001902768528208032,58.31457069097595,-0.13297859191102646,-0.030047868667052186,0,0.0,0.013749350682399575,-0.5530013368723423,0,0.03382277578485329,0.02290788673661906,1,1,0,0,0,0,1,0,0,0,0,0
2015-12-28,112.32,112.55,111.51,112.53,105.04,19183600.0,100.9735,97.21340000000001,-0.0004757826624797179,58.03052899286336,-0.09427378241086615,-0.04289305141581498,1,2.5200000000000102,0.0067136606303770385,0.6727063460230542,0,0.0337113700675119,0.06317270029983325,1,1,0,0,0,0,0,0,0,0,0,0
2015-12-29,113.2,114.55,113.13,114.3,106.69,27725700.0,100.9735,97.21340000000001,0.01570830159939063,64.22352972710453,0.06874877525918066,-0.020564686080815853,0,3.030000000000001,0.015042242084090107,0.4452813861840321,0,0.03738775873977854,0.10775417326656456,1,1,0,0,0,0,0,0,0,0,0,0
2015-12-30,114.2,114.24,113.25,113.27,105.73,19520100.0,100.9735,97.21340000000001,-0.008998031680569785,58.78815559281779,0.11910834294641859,0.007369919724631038,0,1.3900000000000006,0.006234487256341126,-0.2959564591696513,0,0.03524876896682341,0.06492890376892224,1,1,0,0,0,0,0,0,0,0,0,0
2015-12-31,112.87,113.08,111.84,111.86,104.41,29886800.0,100.9735,97.21340000000001,-0.012484630663009644,52.24124818195507,0.05190733936296965,0.016277403652298763,0,-0.7000000000000028,-0.0057743607441888,0.5310782219353385,0,0.03230765802901006,0.11903301819092776,1,1,0,0,0,0,0,0,0,0,0,0
2016-01-04,109.45,109.6,108.12,109.5,102.21,50807600.0,100.9735,97.21340000000001,-0.021070778661047784,43.53855273403929,-0.17683313169941073,-0.022344703418043135,0,-2.8800000000000097,-0.04255344100462721,0.7000013383835004,0,0.027405806465987836,0.2282192931868178,1,1,0,0,0,0,0,0,0,0,0,0
2016-01-05,110.04,110.18,108.8,109.31,102.03,38795200.0,100.9735,97.21340000000001,-0.0017610801291457756,42.90872703266001,-0.3683895334525715,-0.09155366942494883,0,-3.010000000000005,-0.035316489453203204,-0.23642919563214948,0,0.02700474588355875,0.16552622170959752,1,1,0,0,0,0,0,0,0,0,0,0
2016-01-06,107.41,108.89,107.41,108.26,101.05,41891100.0,100.9735,97.21340000000001,-0.00960501813192205,39.553872785812786,-0.5924478022511863,-0.19173249599019634,0,-5.640000000000001,-0.03243687692211561,0.0798011094155977,0,0.024821193823667043,0.18168381552817883,1,1,0,0,0,0,0,0,0,0,0,0
2016-01-07,105.95,107.29,104.81,104.87,97.89,61386300.0,100.9735,97.21340000000001,-0.0312716476991588,31.107980558194683,-1.0133202601161884,-0.35605004881539476,0,-7.840000000000003,-0.042637745960226625,0.46537808746965337,0,0.017780352487689693,0.2834298418894975,1,1,0,0,0,0,0,0,0,0,0,0
2016-01-08,105.63,106.29,103.9,104.01,97.09,69344000.0,100.9735,97.21340000000001,-0.008172438451322872,29.396620035010812,-1.3953334933708987,-0.5639067377264956,1,-7.319999999999993,-0.04904910428240372,0.12963315919024287,0,0.01599786101022707,0.3249613139428986,1,1,0,0,0,0,0,0,0,0,0,0
2016-01-11,104.75,105.06,102.73,104.33,97.38,50024100.0,100.9735,97.21340000000001,0.0029869193531772975,30.881049346316544,-1.6555964710676676,-0.7822446843947299,1,-4.829999999999998,-0.036457166797304374,-0.2786095408398708,0,0.016644014170807242,0.2241301834749865,1,1,0,0,0,0,0,0,0,0,0,0
2016-01-12,105.33,106.08,104.08,105.54,98.51,46734200.0,100.9735,97.21340000000001,0.011604025467241819,36.484776586108225,-1.750496565034453,-0.9758950605226746,0,-3.519999999999996,0.006418506369096244,-0.06576630064309008,0,0.01916178338272323,0.20696009790899578,1,1,0,0,0,0,0,0,0,0,0,0
2016-01-13,105.97,106.23,101.74,101.9,95.12,69870700.0,100.9735,97.21340000000001,-0.03441274997462185,28.911878669485688,-2.0753271621305487,-1.1957814808442495,1,-5.929999999999993,-0.019821805154202732,0.4950657120481361,0,0.01160847574697535,0.3277101768468189,1,1,0,0,0,0,0,0,0,0,0,0
2016-01-14,102.3,104.98,100.67,104.07,97.14,78445700.0,100.9735,97.21340000000001,0.021236333052985668,37.26751037904452,-2.145034015557613,-1.3856319877869223,0,-0.75,-0.0015723914543943618,0.12272669373571476,0,0.01610926672756849,0.37246335588823964,1,1,0,0,0,0,0,0,0,0,0,0
2016-01-15,100.62,101.94,99.51,100.84,94.13,91443900.0,100.9735,97.21340000000001,-0.030986205476631667,31.353660301930177,-2.4153167751878613,-1.5915689452671102,1,-2.960000000000008,-0.04416262239826785,0.1656967813404686,0,0.009402642543615336,0.44030134677059496,1,1,0,0,0,0,0,0,0,0,0,0
2016-01-19,102.21,102.37,99.88,101.06,94.33,56563800.0,100.9735,97.21340000000001,0.00212472113035167,32.124389587161474,-2.5835973785997197,-1.789974631933632,0,-3.049999999999997,-0.00762515129329433,-0.381437143428922,0,0.009848265412981005,0.2582610715189725,0,1,0,0,0,0,0,0,0,0,0,0
2016-01-20,99.47,101.83,97.25,100.75,94.04,86675000.0,100.5495,97.21340000000001,-0.0030743135799851107,31.570881626389536,-2.7091323541663,-1.9738061763801658,1,-4.469999999999999,-0.03193579792626511,0.5323404721747831,0,0.009202112252400835,0.415412316388014,0,1,0,0,0,0,0,0,0,0,0,0
2016-01-21,101.18,102.35,99.82,100.85,94.14,61660100.0,100.0735,97.21340000000001,0.001063377286261158,32.00593911902381,-2.7686354563433326,-2.132772032372799,1,-0.980000000000004,0.00011378483662771721,-0.28860571098932797,0,0.009424923687083642,0.2848588122010475,0,1,0,0,0,0,0,0,0,0,0,0
2016-01-22,102.88,103.81,102.53,103.77,96.86,42229800.0,99.6995,97.21340000000001,0.02889313787975345,42.680741811835965,-2.566723237748775,-2.2195622734479947,0,-0.28000000000000114,0.026882201586029497,-0.3151195019145282,0,0.015485394710456568,0.18345150086244463,0,1,0,0,0,0,0,0,0,0,0,0
2016-01-25,103.4,103.99,102.14,102.23,95.42,38881500.0,99.215,97.21340000000001,-0.014866818087961975,39.174286981830974,-2.4941512916960846,-2.274480077097613,1,1.2900000000000063,0.015089697078052633,-0.07928761206541357,0,0.012276910051023826,0.16597662396630594,0,1,0,0,0,0,0,0,0,0,0,0
2016-01-26,102.66,103.59,101.76,103.15,96.28,36143900.0,98.7745,97.21340000000001,0.009012785579542992,42.22697244906163,-2.3402655642565406,-2.287637174529398,0,1.9500000000000028,0.023039105371334467,-0.0704088062446151,0,0.014193088389296171,0.15168900846265654,0,1,0,0,0,0,0,0,0,0,0,0
2016-01-27,102.55,102.99,100.15,100.58,93.88,54524700.0,98.2165,97.21340000000001,-0.0249272953884504,36.69257311143883,-2.3844831217981266,-2.307006363983144,1,-0.1600000000000108,-0.03078132789686938,0.5085450103613611,0,0.008845613956908277,0.2476189482089595,0,1,0,0,0,0,0,0,0,0,0,0
2016-01-28,102.25,102.29,100.26,102.0,95.21,47641500.0,97.6425,97.21340000000001,0.014167021729867946,41.28512205004084,-2.2858560444099396,-2.302776300068503,1,1.0699999999999932,-0.001747488079039461,-0.12624003433306374,0,0.011809006038189879,0.21169532348850378,0,1,0,0,0,0,0,0,0,0,0,0
2016-01-29,101.97,104.17,101.94,104.13,97.2,54245100.0,97.216,97.21340000000001,0.020901165843923986,47.430126244507164,-2.0237880374031363,-2.2469786475354296,1,0.3400000000000034,0.010140892185341532,0.1386102452693554,0,0.016242953588378184,0.24615970752557978,0,1,0,0,0,0,0,0,0,0,0,0
2016-02-01,103.63,104.8,103.23,104.41,97.46,32750300.0,96.86850000000001,97.21340000000001,0.002674897119341546,48.193025526883694,-1.7746602480114575,-2.152514967630635,0,2.039999999999992,0.03774308469313348,-0.39625330214157595,0,0.01682226331855352,0.1339777095244681,0,1,0,0,0,0,0,0,0,0,0,0
2016-02-02,103.93,103.97,101.84,102.15,95.35,44928100.0,96.5255,97.21340000000001,-0.021649907654422318,42.76865158515716,-1.7275696979409076,-2.06752591369269,0,-0.9300000000000068,0.0019261553088432137,0.37183781522612014,0,0.012120942046745853,0.19753400850179925,0,1,0,0,0,0,0,0,0,0,0,0
2016-02-03,102.83,102.83,99.88,101.66,94.89,61572900.0,96.1685,97.21340000000001,-0.004824331410592464,41.66755971677,-1.707683145060102,-1.9955573599661722,0,1.0100000000000051,-0.023799341945673236,0.37047638337699573,0,0.011096009447204846,0.28440371281767585,0,1,0,0,0,0,0,0,0,0,0,0
2016-02-04,101.39,102.46,100.44,101.65,94.88,49321600.0,95.86,97.21340000000001,-0.00010538518284330944,41.64246043865191,-1.6734394566770163,-1.9311337793083412,0,-0.3299999999999983,-0.02657962424785809,-0.1989722751405245,0,0.01107372830373654,0.22046381516284677,0,1,0,0,0,0,0,0,0,0,0,0
2016-02-05,101.29,101.33,97.72,98.12,91.59,70749900.0,95.54499999999999,97.21340000000001,-0.034675379426644115,34.31813790278973,-1.8899899634232895,-1.922905016131331,0,-5.609999999999999,-0.03960509602007989,0.4344607636410822,0,0.003743232102671523,0.33229874769384127,0,1,0,0,0,0,0,0,0,0,0,0
2016-02-08,96.29,97.05,94.84,96.62,90.19,91673100.0,95.2,97.21340000000001,-0.015285511518724815,31.75833991812118,-2.1497946058778155,-1.9682829340806278,0,-7.269999999999996,-0.05006627612821224,0.29573469361794147,0,0.0006238720171119205,0.4414975483608332,0,1,0,0,0,0,0,0,0,0,0,0
2016-02-09,95.33,97.78,95.18,96.32,89.91,73778400.0,94.8265,97.21340000000001,-0.0031045570462356897,31.256190797956535,-2.3511823501840183,-2.044862817301306,1,-5.439999999999998,-0.05306544799160462,-0.195201209515114,0,0.0,0.34810457891564217,0,1,0,0,0,0,0,0,0,0,0,0
2016-02-10,97.43,98.69,96.62,96.69,90.25,59421700.0,94.4135,97.21340000000001,0.0037815593371148815,32.64878919214338,-2.455048162957439,-2.1268998864325326,0,-4.640000000000001,-0.014608509227845623,-0.19459218416230228,0,0.0007575588779216436,0.2731765362866082,0,1,0,0,0,0,0,0,0,0,0,0
2016-02-11,95.46,97.32,95.19,96.55,90.12,76839200.0,94.1635,97.21340000000001,-0.001440443213296394,32.378703936536695,-2.518817125523995,-2.2052833342508253,1,-4.759999999999991,-0.0007634409224172023,0.2931168243251203,0,0.0004679040128339751,0.3640789847943572,0,1,0,0,0,0,0,0,0,0,0,0
2016-02-12,97.64,98.12,96.73,98.02,91.49,49186500.0,93.881,97.21340000000001,0.015201952951619857,38.18243877482818,-2.4307863454775713,-2.2503839364961746,1,-0.10000000000000853,0.017543069075438344,-0.3598775104373809,0,0.0035204206679886885,0.21975872426039825,0,1,0,0,0,0,0,0,0,0,0,0
2016-02-16,99.47,100.23,98.85,100.23,93.56,40565900.0,93.85249999999999,97.21340000000001,0.02262542354355679,45.75768494109851,-2.168986887088181,-2.2341045266145763,1,3.3700000000000045,0.03638693328188025,-0.17526353775934456,0,0.008132617365923245,0.17476755746803996,0,1,0,0,0,0,0,0,0,0,0,0
2016-02-17,100.96,102.64,100.7,102.5,95.68,41766500.0,93.91999999999999,97.21340000000001,0.022659256092347313,52.21597845874676,-1.770038742913158,-2.141291369874293,0,5.77000000000001,0.06048663258752396,0.0295962865362287,0,0.01285621978119919,0.18103352443680146,0,1,0,0,0,0,0,0,0,0,0,0
2016-02-18,102.82,102.84,101.2,101.33,94.58,38991500.0,93.947,97.21340000000001,-0.011496655518394738,48.95872770721845,-1.5250504391530768,-2.01804318373005,1,4.329999999999998,0.03378802411750936,-0.06644080782445261,0,0.010405293999688064,0.16655071722514633,0,1,0,0,0,0,0,0,0,0,0,0
2016-02-19,100.84,101.94,100.62,101.63,94.86,28257900.0,93.983,97.21340000000001,0.0029604567561851702,49.81686269755735,-1.2933923614019847,-1.873113019264437,1,4.739999999999995,0.014123057330137745,-0.275280509854712,0,0.011029166016799985,0.11053174083342684,0,1,0,0,0,0,0,0,0,0,0,0
2016-02-22,102.58,103.38,102.48,103.28,96.4,23979100.0,93.96000000000001,97.21340000000001,0.016234450769555098,54.36162967001481,-0.9743053504983976,-1.6933514855112293,0,4.910000000000011,0.00769825200734553,-0.15141960301367052,0,0.014460462110915562,0.08820055687046108,0,1,0,0,0,0,0,0,0,0,0,0
2016-02-23,102.68,102.96,101.51,101.58,94.82,29869700.0,93.93,97.21340000000001,-0.016390041493776097,49.41681921311779,-0.839245095796187,-1.522530207568221,1,1.259999999999991,0.0028048660319641705,0.24565559174447738,0,0.010940041442926846,0.11894377278432622,0,1,0,0,0,0,0,0,0,0,0,0
2016-02-24,100.39,102.68,99.77,102.55,95.72,40739100.0,93.902,97.21340000000001,0.009491668424383093,52.09014649272748,-0.652069738456305,-1.3484381137458379,1,0.03999999999999204,0.009336077700162093,0.3638938456027345,0,0.012945344355072302,0.17567149339923227,0,1,0,0,0,0,0,0,0,0,0,0
2016-02-25,102.76,103.56,101.84,103.56,96.67,29389300.0,94.0415,97.21340000000001,0.009924780610112816,54.80532885995909,-0.4222079087631698,-1.1631920727493044,0,2.0900000000000034,0.003026407540719811,-0.27859721986985475,0,0.015062052984559177,0.11643655095208147,0,1,0,0,0,0,0,0,0,0,0,0
2016-02-26,104.35,104.37,103.18,103.43,96.54,30925000.0,94.108,97.21340000000001,-0.0013447812144408156,54.351398411926596,-0.24767561588379294,-0.9800887813762021,0,1.6800000000000068,0.018071667820055093,0.05225371138475565,0,0.014772398119471508,0.12445141474845581,0,1,0,0,0,0,0,0,0,0,0,0
2016-02-29,103.33,104.1,102.5,102.5,95.68,27553900.0,94.032,97.21340000000001,-0.00890822457012641,51.32296488080543,-0.17671526544116034,-0.8194140781891938,1,-0.7199999999999989,-0.0003282251744544107,-0.10900889248181078,0,0.01285621978119919,0.10685754397684838,0,1,0,0,0,0,0,0,0,0,0,0
2016-03-01,103.48,105.79,103.16,105.79,98.75,37699800.0,94.09649999999999,97.21340000000001,0.032086120401337626,59.91040301786115,0.1257945847967079,-0.6303723455920135,1,3.930000000000007,0.0218331146167704,0.3682201067725439,0,0.01969653082596201,0.15980929665747248,0,1,0,0,0,0,0,0,0,0,0,0
2016-03-02,105.66,105.85,105.01,105.83,98.78,29209800.0,94.268,97.21340000000001,0.00030379746835440535,59.98469350633849,0.36376333259222804,-0.4315452099551652,0,3.0600000000000023,0.02348169329956562,-0.22520013368771186,0,0.019763374256366845,0.1154997351342465,0,0,0,0,0,0,0,0,0,0,0,0
2016-03-03,105.72,105.75,104.87,105.63,98.6,25474600.0,94.45349999999999,97.135,-0.0018222312208949765,59.27493833066012,0.531701658271416,-0.238895836309849,1,1.9299999999999926,0.030567686648797054,-0.12787489130360363,0,0.01936231367393776,0.09600561567587737,0,0,0,0,0,0,0,0,0,0,0,0
2016-03-04,105.75,106.35,104.97,105.67,98.63,31655400.0,94.64099999999999,97.0344,0.00030425963488855956,59.361244522964775,0.6596111537947564,-0.059194438288927925,0,2.089999999999989,-0.0012141741176520116,0.24262598823926584,0,0.019429157104342593,0.12826339398715597,0,0,0,0,0,0,0,0,0,0,0,0
2016-03-07,105.13,105.74,104.27,105.02,98.03,25861200.0,94.963,96.9082,-0.006083341782419094,56.769969288867706,0.7044449619250628,0.09353344175387023,0,2.3499999999999943,-0.007601313368425511,-0.18303986049773502,0,0.01809228849624564,0.09802329252922004,0,0,0,0,0,0,0,0,0,0,0,0
2016-03-08,104.3,105.21,103.97,104.15,97.22,28898500.0,95.3145,96.75040000000001,-0.008262776701009944,53.382114617360244,0.666927917446813,0.20821233689245877,1,-1.5300000000000011,-0.014041858848540478,0.1174462128594187,0,0.01628751587531474,0.1138750512117282,0,0,0,0,0,0,0,0,0,0,0,0
2016-03-09,104.54,104.84,103.96,104.82,97.84,31047400.0,95.711,96.60539999999999,0.006377288623740096,55.5678366300009,0.6793925929416815,0.30244838810230334,0,-0.9399999999999977,-0.007968829859688942,0.07436026091319614,0,0.017668946770348276,0.12509022397465638,0,0,0,0,0,0,0,0,0,0,0,0
2016-03-10,105.26,105.86,103.31,104.66,97.69,44236100.0,96.083,96.4584,-0.001533115290269893,54.89721596851322,0.669450186643445,0.3758487478105317,1,-0.9099999999999966,-0.003418603367539741,0.42479241417960933,0,0.017334729618324024,0.19392244000073067,0,0,0,0,0,0,0,0,0,0,0,0
2016-03-11,105.79,106.49,105.46,106.49,99.4,31454000.0,96.547,96.3126,0.01750435049646848,60.71747567014562,0.790441746533503,0.45876734755512594,1,0.7700000000000102,0.022348523829938682,-0.28895178372415287,0,0.02114480515140041,0.1272122814205155,0,0,0,0,0,0,0,0,0,0,0,0
2016-03-14,106.09,106.92,106.06,106.67,99.57,25374900.0,96.951,96.1894,0.0017102615694164491,61.25279981772433,0.8897890741221914,0.5449716928685391,0,1.539999999999992,0.017681496775615035,-0.19326953646595024,0,0.02152358459036119,0.09548527842218296,0,0,0,0,0,0,0,0,0,0,0,0
2016-03-15,106.29,106.75,105.95,106.63,99.53,26524600.0,97.2495,96.0918,-0.00040172742794009064,61.042013677628404,0.9542943698213548,0.6268362282591022,1,2.3100000000000023,0.018812884637944838,0.04530855294011005,0,0.021434460016488077,0.10148559678299013,0,0,0,0,0,0,0,0,0,0,0,0
2016-03-16,106.37,107.86,106.34,107.58,100.42,31693100.0,97.4865,96.056,0.008942027529388108,64.00968912140571,1.0649547083910846,0.7144599242854988,0,2.5799999999999983,0.010250561670864466,0.19485684986766993,0,0.02341748178516523,0.12846015140404946,0,0,0,0,0,0,0,0,0,0,0,0
2016-03-17,107.27,107.77,106.87,107.52,100.36,29623700.0,97.77550000000001,96.0226,-0.0005974905397331254,63.657629440307026,1.1347318430723305,0.7985143080428652,0,2.6700000000000017,0.007942809561714892,-0.06529496956750835,0,0.023283794924355533,0.11765989149637407,0,0,0,0,0,0,0,0,0,0,0,0
2016-03-18,0.32 Dividend,,,,,,102.08099999999999,101.1566,0.0,63.65762944030702,1.1347318430723305,0.8657578150487584,0,0.0,0.008344536989654983,0.0,0,0.023640293219848035,0.1597179636390206,1,1,0,0,0,0,1,0,0,0,1,1
2016-03-18,107.46,107.64,106.8,107.37,100.52,37682300.0,102.08099999999999,101.1566,0.0015942606616181632,63.657629440307026,1.2135600978754582,0.9353182716140984,1,0.9500000000000028,0.0009967701218850378,0.27203219044211213,0,0.023640293219848035,0.1597179636390206,1,1,0,0,0,0,0,0,0,0,0,0
2016-03-21,107.18,107.89,107.12,107.79,100.91,17288600.0,102.08099999999999,101.1566,0.003879824910465679,65.21101662442274,1.2688265596599848,1.0020199292232757,1,1.3799999999999955,0.005474085572083842,-0.5412010413377103,0,0.02450925781511107,0.05328263915890119,1,1,0,0,0,0,0,0,0,0,0,0
2016-03-22,107.18,108.37,107.16,108.12,101.22,18840300.0,102.08099999999999,101.1566,0.0030720443959963983,66.43897447170247,1.3223962769024382,1.066095198759108,0,0.7999999999999972,0.00854612996808024,0.08975278507224416,0,0.02519997326262785,0.061381007429288675,1,1,0,0,0,0,0,0,0,0,0,0
2016-03-23,107.91,107.99,106.99,107.23,100.39,20912900.0,102.08099999999999,101.1566,-0.00819996048211813,60.30174088341255,1.2830859838371254,1.1094933557747115,1,0.030000000000001137,-0.001248091175656052,0.1100088639777499,0,0.023350638354760395,0.07219796823176666,1,1,0,0,0,0,0,0,0,0,0,0
2016-03-24,106.71,107.29,106.53,107.26,100.42,19017300.0,102.08099999999999,101.1566,0.0002988345452734631,60.443970575549656,1.2400584210783876,1.1356063688354467,0,0.0,-0.004829081540848268,-0.09064261771442506,0,0.02341748178516523,0.0623047756730591,1,1,0,0,0,0,1,0,0,0,0,0
2016-03-28,107.56,107.58,106.92,107.11,100.28,13892300.0,102.08099999999999,101.1566,-0.0013941445927105889,59.3748835884574,1.1810475565685152,1.1446946063820604,1,-0.23999999999999488,-0.009295270529555255,-0.269491463036288,0,0.023105545776609282,0.035557248840723046,1,1,0,0,0,0,0,0,0,0,0,0
2016-03-29,106.91,108.9,106.73,108.83,101.89,29963900.0,102.08099999999999,101.1566,0.016055045871559592,66.67476496215788,1.2497877902822268,1.1657132431620938,1,0.980000000000004,0.014959735824122466,1.1568710724646025,0,0.026692809875002804,0.1194354053750786,1,1,0,0,0,0,0,0,0,0,0,0
2016-03-30,109.48,110.04,109.13,109.36,102.38,23807200.0,102.08099999999999,101.1566,0.004809107861419193,68.52828175914888,1.328489821935051,1.1982685589166853,0,1.1599999999999966,0.019470009140268196,-0.20547058293479825,0,0.027784585904948644,0.08730340567778233,1,1,0,0,0,0,0,0,0,0,0,0
2016-03-31,109.28,109.69,109.03,109.2,102.23,21447200.0,102.08099999999999,101.1566,-0.0014651299081851477,67.29437614931149,1.3630456607293269,1.2312239792792137,1,1.8400000000000034,0.019399023824793638,-0.09912967505628545,0,0.02745036875292442,0.07498649576084318,1,1,0,0,0,0,0,0,0,0,0,0
2016-04-01,108.54,110.4,108.39,110.36,103.32,26389000.0,102.08099999999999,101.1566,0.010662232221461343,71.33365912465844,1.4615376066709445,1.27728670475756,0,2.8999999999999915,0.014006210174695388,0.23041702413368648,0,0.029879013390967213,0.10077789636572873,1,1,0,0,0,0,0,0,0,0,0,0
2016-04-04,110.36,110.44,109.68,109.94,102.92,17163000.0,102.08099999999999,101.1566,-0.0038714672861013266,68.01396469369097,1.49013913005345,1.3198571898167382,0,2.6400000000000006,0.005325635027174869,-0.3496153700405472,0,0.02898776765223593,0.052627129037897985,1,1,0,0,0,0,0,0,0,0,0,0
2016-04-05,109.09,109.5,108.74,108.88,101.93,20107900.0,102.08099999999999,101.1566,-0.009619121647881812,60.50846471429288,1.4165917295120636,1.3392040977558033,1,0.04000000000000625,-0.0028283567125217957,0.1715842218726329,0,0.026781934448875944,0.06799664938298022,1,1,0,0,0,0,0,0,0,0,0,0
2016-04-06,108.99,110.71,108.99,110.67,103.61,25056000.0,102.08099999999999,101.1566,0.01648189934268607,67.13611023488593,1.4768427207743713,1.366731822359517,0,1.230000000000004,0.0029913104087029296,0.246077412360316,0,0.03052516655154744,0.09382092987450844,1,1,0,0,0,0,0,0,0,0,0,0
2016-04-07,110.03,110.23,108.61,109.08,102.12,28567200.0,102.08099999999999,101.1566,-0.014380851269182426,57.86129855131303,1.388357398022336,1.371056937492081,0,-0.10999999999999943,-0.00751807357437817,0.1401340996168583,0,0.027205276174773307,0.11214598669669348,1,1,0,0,0,0,0,0,0,0,0,0
2016-04-08,109.76,110.02,108.62,109.0,102.04,22898000.0,102.08099999999999,101.1566,-0.0007833920877399203,57.40276602607729,1.2968277873417264,1.35621110746201,0,-1.279999999999987,0.0013176559857637216,-0.19845137080287878,0,0.027027027027027056,0.08255826394198526,1,1,0,0,0,0,0,0,0,0,0,0
2016-04-11,109.47,110.02,108.59,108.6,101.67,25772100.0,102.08099999999999,101.1566,-0.0036260290082320568,55.22305548785962,1.1808222201435967,1.3211333299983274,1,-1.25,-0.018790272365154403,0.12551751244650178,0,0.02620262471870058,0.09755827698955932,1,1,0,0,0,0,0,0,0,0,0,0
2016-04-12,108.68,109.72,108.02,109.51,102.52,28564100.0,102.08099999999999,101.1566,0.008360381626831836,59.06833003035113,1.144284271824361,1.285763518363534,1,0.5899999999999892,0.003950960530859859,0.10833420637045488,0,0.02809652191350462,0.11212980770485342,1,1,0,0,0,0,0,0,0,0,0,0
2016-04-13,110.35,111.08,110.21,110.91,103.83,25356700.0,102.08099999999999,101.1566,0.01277799453765116,64.17457146301277,1.2071188220377707,1.2700345790983814,1,0.21999999999999886,0.01751234715625094,-0.11228780182116715,0,0.031015351707849664,0.09539029208299302,1,1,0,0,0,0,0,0,0,0,0,0
2016-04-14,110.93,111.33,110.0,110.92,103.84,17199700.0,102.08099999999999,101.1566,9.631127805076467e-05,64.21127445782572,1.2433895514410125,1.2647055735669075,0,1.7199999999999989,0.02123468744253376,-0.3216901252923291,0,0.031037632851317942,0.05281866742516564,1,1,0,0,0,0,0,0,0,0,0,0
2016-04-15,110.83,111.06,110.36,110.64,103.58,21353300.0,102.08099999999999,101.1566,-0.00250385208012327,62.420682408162904,1.2368963673388151,1.259143732321289,1,1.539999999999992,0.010370453735578655,0.2414925841729798,0,0.030458323121142578,0.07449642887897853,0,1,0,0,0,0,0,0,0,0,0,0
2016-04-18,110.32,111.27,110.25,111.23,104.13,17126100.0,102.2615,101.1566,0.005309905387140379,64.66538958088675,1.2615880736138507,1.2596326005798015,0,2.4599999999999937,0.0029023645850678736,-0.19796471739731092,0,0.03168378601189814,0.052434546844705165,0,1,0,0,0,0,0,0,0,0,0,0
2016-04-19,111.44,111.44,109.88,110.55,103.5,42481400.0,102.391,101.1566,-0.006050129645635227,60.227579067786266,1.2162999452126542,1.2509660695063722,1,0.980000000000004,-0.003244076338618118,1.480506361635165,0,0.030280073973396326,0.18476460871630138,0,1,0,0,0,0,0,0,0,0,0,0
2016-04-20,110.55,111.15,110.17,110.64,103.58,18078300.0,102.50899999999999,101.1566,0.0007729468599033673,60.59736994123243,1.17333859167654,1.235440573940406,1,-0.25,3.2722601408519125e-05,-0.5744419910831564,0,0.030458323121142578,0.057404106854412565,0,1,0,0,0,0,0,0,0,0,0,0
2016-04-21,110.58,111.05,110.15,110.65,103.59,20216000.0,102.66900000000001,101.1566,9.654373431167151e-05,60.64662500001074,1.1271057523912447,1.2137736096305738,0,-0.25,-0.005180639051420188,0.11824673780167383,0,0.030480604264610883,0.06856082648553155,0,1,0,0,0,0,0,0,0,0,0,0
2016-04-22,109.21,109.72,108.12,108.98,102.03,39074000.0,102.74950000000001,101.1566,-0.015059368664929074,50.1208648720574,0.9535944879666971,1.1617377852977986,0,-1.5499999999999972,-0.014189878070714035,0.932825484764543,0,0.02700474588355875,0.16698128716927663,0,1,0,0,0,0,0,0,0,0,0,0
2016-04-25,108.65,108.99,108.45,108.98,102.03,14351900.0,102.83699999999999,101.1566,0.0,50.1208648720574,0.8067854404777677,1.0907473163337924,0,-2.0999999999999943,-0.014962824930617402,-0.6326994932691816,0,0.02700474588355875,0.03795591485675068,0,1,0,0,0,0,0,0,0,0,0,0
2016-04-26,109.21,109.39,108.12,108.45,101.53,19118300.0,102.819,101.1566,-0.004900519455062202,47.083280705200764,0.6426839310151706,1.0011346392700682,0,-1.9699999999999989,-0.019959888119991276,0.3321093374396422,0,0.025890688710144633,0.06283189766526709,0,1,0,0,0,0,0,0,0,0,0,0
2016-04-27,107.34,107.83,106.69,107.58,100.72,33059800.0,102.73599999999999,101.1566,-0.007977937555402326,42.58106797481618,0.44217495430213205,0.8893427022764809,0,-2.8599999999999994,-0.012878457010464528,0.7292227865448289,0,0.024085916089213705,0.1355929991936599,0,1,0,0,0,0,0,0,0,0,0,0
2016-04-28,107.7,108.33,106.07,106.28,99.5,29818200.0,102.59949999999999,101.1566,-0.01211278792692616,36.86345417285837,0.18272005853776818,0.7480181735287385,0,-4.090000000000003,-0.02499124493739069,-0.0980526197980629,0,0.021367616586083216,0.11867499275859639,0,1,0,0,0,0,0,0,0,0,0,0
2016-04-29,106.28,106.5,104.88,105.72,98.97,67502800.0,102.38199999999999,101.1566,-0.005326633165829153,34.68456452193108,-0.06491805134642448,0.5854309285537059,1,-3.0600000000000023,-0.02541735864815764,1.2638120342609547,0,0.020186715982264236,0.31535203659583577,0,1,0,0,0,0,0,0,0,0,0,0
2016-05-02,105.99,106.87,105.55,106.72,99.91,24813800.0,102.23150000000001,101.1566,0.009497827624532773,41.3103503481057,-0.18321095166771784,0.43170255250942124,0,-2.1200000000000045,-0.00794159346822254,-0.6324033965998448,0,0.022281143468282805,0.09255688089913441,0,1,0,0,0,0,0,0,0,0,0,0
2016-05-03,105.96,106.44,105.45,105.73,98.98,38569400.0,102.084,101.1566,-0.00930837753978575,37.28088388546727,-0.34799073452150253,0.2757638951032365,0,-2.549999999999997,-0.005137183081082131,0.5543528198018843,0,0.020208997125732514,0.164347764820087,0,1,0,0,0,0,0,0,0,0,0,0
2016-05-04,105.09,105.48,104.79,105.05,98.35,27474500.0,101.821,101.1566,-0.006364922206506418,34.8042424378755,-0.5233824078739531,0.11593463450779859,0,-2.3700000000000045,-0.0061754721217593955,-0.28766068437673387,0,0.018805285087230672,0.10644315302455815,0,1,0,0,0,0,0,0,0,0,0,0
2016-05-05,105.43,105.66,104.81,105.02,98.32,20788100.0,101.631,101.1566,-0.00030503304524653885,34.686075090951704,-0.6572262270774445,-0.03869753780925003,1,-1.1800000000000068,-0.015978332791538707,-0.24336748621448978,0,0.01873844165682584,0.07154663333446412,0,1,0,0,0,0,0,0,0,0,0,0
2016-05-06,104.5,105.6,104.4,105.58,98.84,30758500.0,101.471,101.1566,0.005288852725793491,38.57877180495716,-0.7131183791362758,-0.17358170607465523,1,-0.12999999999999545,-0.0013811025259594656,0.4796205521428125,0,0.019897061117176568,0.12358244631575652,0,1,0,0,0,0,0,0,0,0,0,0
2016-05-09,105.59,106.37,105.54,105.88,99.12,19289600.0,101.34349999999999,101.1566,0.0028328611898016387,40.63062659420987,-0.7264456392491923,-0.28415449270956267,1,-0.789999999999992,0.007816680870348591,-0.37286928816424725,0,0.020520933134288488,0.06372591744017035,0,1,0,0,0,0,0,0,0,0,0,0
2016-05-10,106.26,107.38,106.07,107.33,100.48,21178900.0,101.2415,101.1566,0.013720742534301777,49.46171420430966,-0.6201186135342596,-0.35134731687450205,0,1.5,0.021842456449896908,0.09794396980756459,0,0.023551168645974924,0.07358623011223524,0,1,0,0,0,0,0,0,0,0,0,0
2016-05-11,107.17,107.49,106.33,106.36,99.57,20966300.0,101.02850000000001,101.1566,-0.00905652866242046,44.6733476039095,-0.6023396775634637,-0.4015457890122944,0,1.2199999999999989,0.007497075061682956,-0.010038292829183781,0,0.02152358459036119,0.07247666441378554,0,1,0,0,0,0,0,0,0,0,0,0
2016-05-12,106.61,106.74,105.14,105.89,99.13,29196300.0,100.79299999999999,101.1566,-0.004419001707341552,42.529450356429216,-0.61664575704431,-0.44456578261869756,0,0.8100000000000023,0.00024521216453976535,0.3925346866161412,0,0.02054321427775674,0.11542927823429788,0,1,0,0,0,0,0,0,0,0,0,0
2016-05-13,105.8,106.45,105.29,105.5,98.77,21059300.0,100.5525,101.1566,-0.0036315948754160887,40.80403717594188,-0.6495448705174169,-0.48556160019844147,1,-0.07000000000000739,-0.0171071252451781,-0.27869969824943575,0,0.019741093112898567,0.07296203416898696,0,1,0,0,0,0,0,0,0,0,0,0
2016-05-16,105.66,107.21,105.56,106.82,100.0,18311900.0,100.34599999999999,101.1566,0.012453174040700565,48.4928325444451,-0.5697986503551249,-0.5024090102297781,0,0.8799999999999955,0.004402577457942924,-0.13046017673901789,0,0.02248167375949736,0.0586232721750045,0,1,0,0,0,0,0,0,0,0,0,0
2016-05-17,106.73,107.04,105.2,105.48,98.75,29932700.0,100.10849999999999,101.1566,-0.012499999999999956,42.457390340987466,-0.6005410858364542,-0.5220354253511134,1,-1.730000000000004,-0.003678420834715479,0.6346037276306664,0,0.01969653082596201,0.11927257165075297,0,1,0,0,0,0,0,0,0,0,0,0
2016-05-18,105.24,106.43,105.04,105.86,99.11,27524400.0,99.885,101.1566,0.0036455696202530863,44.59608681727853,-0.5890653177852414,-0.5354414038379389,0,-0.45999999999999375,0.003598743660953696,-0.08045715889311689,0,0.020498651990820183,0.10670358260288665,0,1,0,0,0,0,0,0,0,0,0,0
2016-05-19,105.45,105.71,104.54,105.31,98.59,27334600.0,99.635,101.1566,-0.005246695590757744,42.1586581984245,-0.6148428178273377,-0.5513216866358187,1,-0.539999999999992,-0.014101125970504613,-0.0068956998154364735,0,0.01934003253046948,0.10571301077990569,0,1,0,0,0,0,0,0,0,0,0,0
2016-05-20,105.73,106.9,105.67,106.47,99.68,29549600.0,99.51750000000001,101.1566,0.011055888021097582,48.511307164940895,-0.541080542158582,-0.5492734577403714,0,0.9100000000000108,0.009454762050592924,0.08103283018591823,0,0.02176867716851233,0.1172731614011007,0,1,0,0,0,0,0,0,0,0,0,0
2016-05-23,106.59,106.97,106.23,106.33,99.55,15729800.0,99.3935,101.1566,-0.0013041733547352052,47.83650345071365,-0.4874937957838057,-0.5369175253490583,1,-0.45000000000000284,0.004505019075604633,-0.4676814576170236,0,0.021479022303424633,0.045147215778170366,0,1,0,0,0,0,0,0,0,0,0,0
2016-05-24,106.92,108.59,106.89,108.46,101.54,29931300.0,99.39399999999999,101.1566,0.01998995479658472,57.56695678826726,-0.28120795408524657,-0.485775611096296,1,2.7900000000000063,0.029741669462947096,0.9028404684102787,0,0.02591296985361291,0.11926526500927681,0,1,0,0,0,0,0,0,0,0,0,0
2016-05-25,108.87,109.57,108.68,109.24,102.27,37951700.0,99.47149999999999,101.1566,0.007189285010833046,60.479318243209335,-0.058149725357466764,-0.40025043394853016,1,3.1599999999999966,0.02587506645268256,0.2679602957439202,0,0.02753949332679753,0.16112397022021696,0,1,0,0,0,0,0,0,0,0,0,0
2016-05-26,109.35,109.7,109.09,109.56,102.57,21885900.0,99.62499999999999,101.1566,0.0029334115576415964,61.644391022130186,0.14120529402022441,-0.2919592883547793,1,3.9799999999999898,0.030112651365059362,-0.42332227541849243,0,0.028207927630846008,0.07727608405769115,0,1,0,0,0,0,0,0,0,0,0,0
2016-05-27,109.63,110.14,109.61,110.13,103.1,19870000.0,99.8315,101.1566,0.005167202885834055,63.681418128589016,0.3380651491563498,-0.1659544008525535,1,3.4199999999999875,0.015289899454308697,-0.09210953170762914,0,0.029388828234665015,0.06675504223499724,0,0,0,0,0,0,0,0,0,0,0,0
2016-05-31,110.28,110.51,109.78,110.34,103.3,24366100.0,100.001,101.2122,0.0019398642095054264,64.44871259708792,0.5044019000561093,-0.031883140670820945,1,3.75,0.010040478652981077,0.22627579265223963,0,0.029834451104030657,0.09022032133565405,0,0,0,0,0,0,0,0,0,0,0,0
2016-06-01,110,110.6,109.91,110.35,103.31,19571500.0,100.2175,101.2602,9.680542110368506e-05,64.48910962685481,0.6297722672846078,0.1004479409202648,1,1.769999999999996,0.007203872516443166,-0.19677338597477645,0,0.029856732247498963,0.06519716189168948,0,0,0,0,0,0,0,0,0,0,0,0
2016-06-02,110.13,110.59,109.53,110.58,103.52,15696600.0,100.476,101.30619999999999,0.002032717065143741,65.37880260775432,0.7375721587908828,0.2278727844943884,0,1.25,0.004069386695752852,-0.1979868686610633,0,0.030324636260332882,0.04497394399459309,0,0,0,0,0,0,0,0,0,0,0,0
2016-06-03,110.37,110.42,109.34,110.06,103.04,20269900.0,100.71199999999999,101.3592,-0.004636785162287382,61.581003481246405,0.7753347842297984,0.33736518444147046,1,0.4700000000000131,-0.0025072626760399563,0.29135608985385364,0,0.029255141373855348,0.06884213218236333,0,0,0,0,0,0,0,0,0,0,0,0
2016-06-06,110.26,110.75,110.07,110.46,103.41,12502400.0,100.9405,101.419,0.0035908385093166295,63.34839666493009,0.8256008322605339,0.4350123140052832,0,0.3100000000000023,0.0009867704121729881,-0.38320366652030846,0,0.03007954368218177,0.028303319563793505,0,0,0,0,0,0,0,0,0,0,0,0
2016-06-07,110.52,110.63,110.13,110.18,103.15,12184300.0,101.14200000000001,101.47640000000001,-0.0025142636108692606,61.217231300119714,0.8348337663898917,0.514976604482205,1,-0.14999999999999147,-0.0035602102638400135,-0.02544311492193496,0,0.029500233952006433,0.02664314623981963,0,0,0,0,0,0,0,0,0,0,0,0
2016-06-08,110.37,110.6,109.96,110.37,103.33,14568700.0,101.28450000000001,101.5052,0.0017450315075131506,62.16618601257782,0.846912745934091,0.5813638327725822,0,0.01999999999999602,0.0028216064059605195,0.1956944592631502,0,0.02990129453443552,0.03908740047962882,0,0,0,0,0,0,0,0,0,0,0,0
2016-06-09,109.92,110.31,109.71,110.19,103.16,17571600.0,101.464,101.5208,-0.0016452143617535775,60.656640778443204,0.8331636530307378,0.6317237968242133,0,-0.35999999999999943,-0.0024144464651096875,0.20611996952370504,0,0.02952251509547471,0.054759624543008714,0,0,0,0,0,0,0,0,0,0,0,0
2016-06-10,109.19,109.4,108.56,108.94,101.99,32965000.0,101.607,101.516,-0.01134160527336181,51.40499759313752,0.7195634958781767,0.649291736635006,0,-1.0500000000000114,-0.011241788127602237,0.8760386077534204,0,0.02691562130968561,0.13509823518513203,0,0,0,0,0,0,0,0,0,0,0,0
2016-06-13,108.32,108.93,107.89,108.03,101.14,25154700.0,101.7255,101.4724,-0.008334150406902552,45.92469489695721,0.5545541021446638,0.6303442097369375,0,-2.269999999999996,-0.02132097004201794,-0.2369270438343698,0,0.0250217241148816,0.09433604809857704,0,0,0,0,0,0,0,0,0,0,0,0
2016-06-14,107.74,108.42,107.24,108.03,101.14,24588500.0,101.7825,101.43679999999999,0.0,45.92469489695721,0.41895353324068196,0.5880660744376864,0,-2.010000000000005,-0.019675755680264362,-0.02250871606498983,0,0.0250217241148816,0.0913810335244368,0,0,0,0,0,0,0,0,0,0,0,0
2016-06-15,108.29,108.44,107.54,107.72,100.85,24605700.0,101.8875,101.4152,-0.002867312635950192,44.06582272672477,0.2848054689057591,0.5274139533313009,1,-2.480000000000004,-0.011201463042852744,0.000699514000447321,0,0.024375570954301373,0.09147080083400094,0,0,0,0,0,0,0,0,0,0,0,0
2016-06-16,107.19,108.14,106.5,108.04,101.15,32079900.0,101.98949999999999,101.36599999999999,0.0029747149231533765,46.47924553566326,0.20038968666153778,0.46200909999734835,0,-2.009999999999991,0.00010740228720318434,0.30375888513637084,0,0.025044005258349877,0.13047887206331726,0,0,0,0,0,0,0,0,0,0,0,0
2016-06-17,107.53,107.68,106.24,106.49,99.96,29208800.0,102.058,101.32279999999999,-0.01176470588235301,39.245595809535345,0.03703954744840132,0.37701518948755897,0,-2.030000000000001,-0.011657303595149826,-0.08949840866087488,0,0.022392549185624194,0.11549451610462066,0,0,0,0,0,0,0,0,0,0,0,0
2016-06-17,0.29 Dividend,,,,,,101.7605,105.96740000000001,0.0,39.245595809535345,0.03703954744840132,0.30902006107972746,0,0.0,-0.008789990959199634,0.0,0,0.023796261224126036,0.0703707859597665,1,1,0,0,0,0,1,0,0,0,1,1
2016-06-20,107.73,108.24,107.08,107.16,100.59,20562800.0,101.7605,105.96740000000001,0.006302521008403561,39.24559580953534,-0.05791669128643662,0.23563271060649466,1,-0.5499999999999972,-0.005462184873949449,-0.2960066829174769,0,0.023796261224126036,0.0703707859597665,1,1,0,0,0,0,0,0,0,0,0,0
2016-06-21,107.3,107.72,107.1,107.5,100.91,22804100.0,101.7605,105.96740000000001,0.0031812307386418492,42.26350315380145,-0.09016583392869393,0.17047300169945695,0,0.060000000000002274,0.00948375174704541,0.10899780185577845,0,0.02450925781511107,0.08206819706012061,1,1,0,0,0,0,0,0,0,0,0,0
2016-06-22,107.56,108.19,107.15,107.24,100.66,22724200.0,101.7605,105.96740000000001,-0.0024774551580616366,40.56804554892489,-0.1343477452988111,0.10950885229980334,1,-0.4900000000000091,0.007006296588983774,-0.0035037559035436816,0,0.02395222922840401,0.08165119659301746,1,1,0,0,0,0,0,0,0,0,0,0
2016-06-23,108.07,108.79,107.62,108.77,102.1,18714200.0,101.7605,105.96740000000001,0.014305583151202006,52.410456945740826,-0.05256037961669335,0.077095005916504,0,2.1400000000000006,0.015009358731782219,-0.17646385791358987,0,0.027160713887836724,0.060722887793472555,1,1,0,0,0,0,0,0,0,0,0,0
2016-06-24,104.9,106.5,104.06,104.29,97.9,68012700.0,101.7605,105.96740000000001,-0.04113614103819774,32.23511691454338,-0.32292571556814664,-0.0029091383804261198,0,0.0,-0.02930801304505737,2.6342830577849976,1,0.01780263363115797,0.3180132198020422,1,1,0,0,0,0,1,0,0,0,0,0
2016-06-27,103.6,103.6,101.75,102.22,95.95,48222600.0,101.7605,105.96740000000001,-0.019918283963227812,27.03212543050563,-0.6866258993982797,-0.13965249058399684,1,-4.640000000000001,-0.046748841850223544,-0.2909765382053646,0,0.013457810654842833,0.21472810160406877,1,1,0,0,0,0,0,0,0,0,0,0
2016-06-28,103.35,104.51,103.3,104.46,98.05,28260600.0,101.7605,105.96740000000001,0.021886399166232362,38.537560055269374,-0.7962300217791523,-0.27096799682302797,1,-2.8599999999999994,-0.03916802583519319,-0.4139552823779722,0,0.018136850783182196,0.11054583221341654,1,1,0,0,0,0,0,0,0,0,0,0
2016-06-29,105.28,106.53,105.23,106.31,99.79,31356700.0,101.7605,105.96740000000001,0.017746047934727338,46.11853965031298,-0.7342249322282299,-0.3636193839040684,1,-0.8699999999999903,0.019714163137731888,0.10955535268182559,0,0.022013769746663442,0.12670446983792302,1,1,0,0,0,0,0,0,0,0,0,0
2016-06-30,106.49,107.61,106.13,107.54,100.95,36300800.0,101.7605,105.96740000000001,0.011624411263653656,50.501810145689255,-0.5847425978822969,-0.4078440266997141,1,-1.1499999999999915,0.051256858364613356,0.15767284184879138,0,0.024598382388984236,0.15250787421094797,1,1,0,0,0,0,0,0,0,0,0,0
2016-07-01,107.49,108.48,107.45,108.08,101.45,19902800.0,101.7605,105.96740000000001,0.004952947003467045,52.30294878507259,-0.4210770356695974,-0.4104906284936908,0,3.549999999999997,0.03432340620184804,-0.4517255818053597,0,0.025712439562398354,0.0669262264067242,1,1,0,0,0,0,0,0,0,0,0,0
2016-07-05,107.51,107.66,106.84,107.42,100.83,21167900.0,101.7605,105.96740000000001,-0.006111384918679241,49.8792209190925,-0.3375091218485977,-0.3958943271646722,1,4.8799999999999955,0.01046597334844146,0.06356392065438032,0,0.024331008667364817,0.07352882078635119,1,1,0,0,0,0,0,0,0,0,0,0
2016-07-06,106.91,108.35,106.57,108.3,101.66,24579300.0,101.7605,105.96740000000001,0.008231677080233979,53.0179967393087,-0.20197860108457633,-0.3571111819486531,1,3.6099999999999994,0.007073239165021783,0.16115911356346158,0,0.0261803435752323,0.09133301845187924,1,1,0,0,0,0,0,0,0,0,0,0
2016-07-07,108.4,108.86,108.11,108.62,101.96,19161700.0,101.7605,105.96740000000001,0.0029510131811922857,54.13599796330718,-0.06956034577278558,-0.2996010147134796,1,2.1699999999999875,0.005071305342747023,-0.22041311184614698,0,0.026848777879280777,0.06305840355102775,1,1,0,0,0,0,0,0,0,0,0,0
2016-07-08,109.2,110.36,109.02,110.3,103.54,29457900.0,101.7605,105.96740000000001,0.015496273048254405,59.59005331772875,0.16101874708714092,-0.20747706235335553,1,2.5900000000000034,0.02667896330968067,0.5373322826262805,0,0.030369198547269466,0.11679457638441285,1,1,0,0,0,0,0,0,0,0,0,0
2016-07-11,110.67,111.34,110.66,110.93,104.13,20218500.0,101.7605,105.96740000000001,0.0056982808576393484,61.434338132976784,0.38690243810744107,-0.08860116226119621,1,2.6799999999999926,0.02414556708708604,-0.3136476123552595,0,0.03168378601189814,0.0685738740595961,1,1,0,0,0,0,0,0,0,0,0,0
2016-07-12,111.61,111.79,111.34,111.49,104.65,21906100.0,101.7605,105.96740000000001,0.004993757802746579,63.0355894983167,0.6009491767916586,0.04930890554937474,0,3.8200000000000074,0.026188311708640333,0.08346811088854267,0,0.03284240547224887,0.07738150845613274,1,1,0,0,0,0,0,0,0,0,0,0
2016-07-13,111.75,111.82,111.21,111.22,104.4,21107800.0,101.7605,105.96740000000001,-0.0023889154323937234,61.70902384435671,0.7418581694725503,0.18781875833400988,1,2.740000000000009,0.008303123227992204,-0.036441904309758466,0,0.03228537688554178,0.07321515710583931,1,1,0,0,0,0,0,0,0,0,0,0
2016-07-14,111.96,112.19,111.7,111.98,105.11,20871000.0,101.7605,105.96740000000001,0.006800766283524773,64.02456251107728,0.9004409053966498,0.3303431877465379,0,3.1500000000000057,0.009405608653877628,-0.011218601654364724,0,0.03386733807178985,0.07197929089044473,1,1,0,0,0,0,0,0,0,0,0,0
2016-07-15,112.24,112.3,111.55,111.8,104.94,17999300.0,101.7605,105.96740000000001,-0.0016173532489772713,63.04155291302922,1.0008639502899115,0.4644473402552126,1,1.3999999999999915,0.002794497602153778,-0.13759283215945572,0,0.03348855863282904,0.05699180351397265,1,1,0,0,0,0,0,0,0,0,0,0
2016-07-18,111.87,112.74,111.85,112.54,105.64,20713900.0,101.7605,105.96740000000001,0.006670478368591581,65.39743339432408,1.1239775729237778,0.5963533867889257,0,1.5100000000000051,0.011853891403139083,0.15081697621574164,0,0.035048238675608856,0.07115938133622815,0,1,0,0,0,0,0,0,0,0,0,0
2016-07-19,112.15,112.48,111.93,112.13,105.25,18936700.0,101.9935,105.96740000000001,-0.003691783415373018,62.988354340898354,1.1765141425323833,0.7123855379376172,1,0.5999999999999943,0.0013613417042412923,-0.08579745967683539,0,0.03417927408034582,0.061884121885217885,0,1,0,0,0,0,0,0,0,0,0,0
2016-07-20,112.74,113.65,112.6,113.44,106.48,24997900.0,102.27199999999999,105.96740000000001,0.011686460807601051,67.10417394663446,1.3023873621114035,0.8303859027723745,0,2.0799999999999983,0.014665155760819615,0.32007688773651166,0,0.03691985472694462,0.09351770425324818,0,1,0,0,0,0,0,0,0,0,0,0
2016-07-21,113.52,113.74,112.87,113.18,106.24,18885400.0,102.551,105.96740000000001,-0.002253944402704766,65.57193413061752,1.3670186610737574,0.9377124544326512,1,1.1299999999999955,0.005740732989523267,-0.24452053972533694,0,0.03638510728370581,0.061616385665413234,0,1,0,0,0,0,0,0,0,0,0,0
2016-07-22,113.26,113.78,112.91,113.65,106.68,20003400.0,102.78,105.96740000000001,0.004141566265060348,67.05706791606747,1.4371768735249049,1.037605338251102,1,1.740000000000009,0.013574082669956633,0.05919916972899708,0,0.03736547759631026,0.06745126078708186,0,1,0,0,0,0,0,0,0,0,0,0
2016-07-25,113.56,113.69,113.28,113.66,106.69,12968100.0,103.2195,105.96740000000001,9.373828271463935e-05,67.09181264444695,1.476563770761274,1.1253970247531364,1,1.0499999999999972,0.001981360145070221,-0.3517052101142806,0,0.03738775873977854,0.03073382166053866,0,1,0,0,0,0,0,0,0,0,0,0
2016-07-26,113.62,114.2,113.22,113.79,106.81,21223800.0,103.7625,105.96740000000001,0.0011247539600711676,67.53431659129863,1.5001681629463235,1.2003512523917739,1,1.5600000000000023,0.005360058507846155,0.6366160038864599,0,0.03765513246139793,0.07382056454243463,0,1,0,0,0,0,0,0,0,0,0,0
2016-07-27,114.75,114.88,114.1,114.58,107.55,27646100.0,104.2375,105.96740000000001,0.0069281902443592,70.195811535358,1.5605970381574394,1.272400409544907,1,1.0699999999999932,0.008146682487145007,0.3025989690818798,0,0.039303937078050855,0.10733873850834913,0,1,0,0,0,0,0,0,0,0,0,0
2016-07-28,114.76,115.11,114.4,114.98,107.93,16939700.0,104.64450000000002,105.96740000000001,0.0035332403533241408,71.48839706773546,1.6204704071899982,1.3420144090739252,1,1.690000000000012,0.011586184557754509,-0.38726619667873585,0,0.04015062052984561,0.051461719722452004,0,1,0,0,0,0,0,0,0,0,0,0
2016-07-29,115.24,115.54,114.87,115.23,108.16,22385300.0,105.005,105.96740000000001,0.002131010840359382,72.27223412348249,1.6672604210224762,1.4070636114636355,1,1.4799999999999898,0.012592441438042723,0.32146968364256745,0,0.04066308682961611,0.0798824674528265,0,1,0,0,0,0,0,0,0,0,0,0
2016-08-01,115.31,116.13,115.17,115.84,108.74,13990100.0,105.36949999999999,105.96740000000001,0.005362426035502965,74.19857314135018,1.731186951278417,1.471888279426592,0,2.049999999999997,0.011026677229186488,-0.37503182892344533,0,0.04195539315077651,0.036067669938128405,0,1,0,0,0,0,0,0,0,0,0,0
2016-08-02,115.67,115.77,114.22,114.96,107.91,21278400.0,105.72350000000002,105.96740000000001,-0.007632885782600685,67.02270310333043,1.6953323872193664,1.5165771009851468,1,1.0999999999999943,-0.00013944890673833754,0.5209612511704707,0,0.040106058242909026,0.0741055235600045,0,1,0,0,0,0,0,0,0,0,0,0
2016-08-03,114.87,115.35,114.8,115.34,108.27,15011300.0,106.054,105.96740000000001,0.0033361134278564464,68.44803032142796,1.676639126065183,1.548589506001154,1,0.7199999999999989,0.001065653680758727,-0.2945287239642078,0,0.0409081794077672,0.0413973429920175,0,1,0,0,0,0,0,0,0,0,0,0
2016-08-04,115.3,115.78,115.03,115.67,108.58,12835300.0,106.38499999999999,105.96740000000001,0.0028632123395215814,69.66394339145567,1.6676157547783959,1.5723947557566027,1,0.6499999999999915,-0.0014335600152226569,-0.14495746537608334,0,0.04159889485528398,0.03004073452622953,0,1,0,0,0,0,0,0,0,0,0,0
2016-08-05,116.26,117.04,116.13,116.78,109.62,23196600.0,106.68900000000001,105.96740000000001,0.009578191195432018,73.37143474628435,1.7245049567072357,1.6028167959467294,0,1.460000000000008,0.015777516962810045,0.8072503174838142,0,0.04391613377598541,0.08411666618825561,0,1,0,0,0,0,0,0,0,0,0,0
2016-08-08,116.84,116.87,116.28,116.65,109.5,12358200.0,106.95750000000001,105.96740000000001,-0.0010946907498632363,72.27385811988327,1.7398511410479642,1.6302236649669766,1,0.7600000000000051,0.011346712785090363,-0.4672408887509376,0,0.04364876005436599,0.027550735491750022,0,1,0,0,0,0,0,0,0,0,0,0
2016-08-09,116.74,117.29,116.67,116.92,109.75,13276500.0,107.2125,105.96740000000001,0.0022831050228311334,73.1741930088131,1.75199016135997,1.6545769642455752,0,1.8400000000000034,0.010766605468399915,0.07430693790357812,0,0.04420578864107308,0.03234337039714205,0,1,0,0,0,0,0,0,0,0,0,0
2016-08-10,116.99,117.02,116.31,116.62,109.47,14688400.0,107.46599999999998,105.96740000000001,-0.0025512528473804474,70.41621974889162,1.7191989076288081,1.667501352922222,1,1.2000000000000028,-0.0013628385744125504,0.10634579896810159,0,0.04358191662396116,0.03971211832583968,0,1,0,0,0,0,0,0,0,0,0,0
2016-08-11,117.02,117.37,116.78,117.12,109.94,12969800.0,107.70750000000001,105.96740000000001,0.00429341372065406,72.3032767182865,1.7114086215701576,1.6762828066518092,1,1.3599999999999994,0.004025265896104746,-0.11700389422946,0,0.04462913036697044,0.030742694010902558,0,1,0,0,0,0,0,0,0,0,0,0
2016-08-12,116.92,117.21,116.79,117.2,110.01,19379000.0,107.96099999999998,105.96740000000001,0.0006367109332363619,72.5837709463669,1.6913859345262665,1.6793034322267006,1,0.39000000000000057,0.0023788718065099745,0.4941633641228085,0,0.044785098371248444,0.0641924986887188,0,1,0,0,0,0,0,0,0,0,0,0
2016-08-15,117.35,117.97,117.31,117.7,110.48,11777800.0,108.203,105.96740000000001,0.00427233887828371,74.4544339957584,1.6939164682152352,1.6822260394244077,0,0.980000000000004,0.009202463532174132,-0.3922390216213427,0,0.04583231211425773,0.024521610696923123,0,1,0,0,0,0,0,0,0,0,0,0
2016-08-16,117.48,117.49,117.03,117.05,109.87,14161400.0,108.43400000000001,105.96740000000001,-0.005521361332367802,67.97204832397819,1.6279342200431444,1.6713676755481552,1,0.12000000000000455,-0.0006123115208477303,0.20238075022499968,0,0.04447316236269247,0.036961689713031654,0,1,0,0,0,0,0,0,0,0,0,0
2016-08-17,117.08,117.3,116.43,117.26,110.07,15980300.0,108.6135,105.96740000000001,0.0018203331209609708,68.9272793590452,1.5736411854918657,1.6518223775368974,1,0.5999999999999943,0.0005713106668768786,0.12844069089214338,0,0.04491878523205811,0.046454582699438696,0,1,0,0,0,0,0,0,0,0,0,0
2016-08-18,117.15,117.46,116.95,117.29,110.1,10036300.0,108.80649999999999,105.96740000000001,0.0002725538293812946,69.07626593244788,1.5155638372196023,1.6245706694734385,0,0.1599999999999966,-0.003428474382025537,-0.3719579732545697,0,0.044985628662462945,0.015432670603554681,0,1,0,0,0,0,0,0,0,0,0,0
2016-08-19,117.08,117.52,116.76,117.26,110.07,18743000.0,108.976,105.96740000000001,-0.0002724795640327571,68.72141607540382,1.4503970961262809,1.589735954804007,1,0.05999999999998806,0.0018204073863095083,0.8675208991361358,0,0.04491878523205811,0.06087319584669622,0,1,0,0,0,0,0,0,0,0,0,0
2016-08-22,117.09,117.55,116.87,117.35,110.15,14500600.0,109.149,105.96740000000001,0.0007268102116835262,69.17614868426237,1.3891935571372045,1.5496274752706467,1,-0.3299999999999983,0.0007268844770320637,-0.22634583577869072,0,0.04509703437980439,0.03873198456211037,0,1,0,0,0,0,0,0,0,0,0,0
2016-08-23,117.81,118.01,117.51,117.56,110.35,11997900.0,109.326,105.96740000000001,0.0018157058556513839,70.33718568597337,1.3413652168222683,1.507975023580971,0,0.47999999999998977,0.002270036503302153,-0.17259285822655612,0,0.04554265724917003,0.025670319117566467,0,1,0,0,0,0,0,0,0,0,0,0
2016-08-24,117.48,117.64,116.41,116.8,109.64,17728700.0,109.43049999999998,105.96740000000001,-0.006434073402809215,61.483380994288524,1.2319684804863869,1.4527737149620543,0,-0.4299999999999926,-0.003891557335474305,0.4776502554613724,0,0.04396069606292197,0.0555795340972253,0,1,0,0,0,0,0,0,0,0,0,0
2016-08-25,116.5,116.97,116.36,116.61,109.46,24266300.0,109.50699999999999,105.96740000000001,-0.0016417365924845662,59.44057650872637,1.117860285573812,1.3857910290844058,1,-0.6400000000000006,-0.006260104139642397,0.3687580025608195,0,0.04355963548049285,0.08969946217899705,0,1,0,0,0,0,0,0,0,0,0,0
2016-08-26,116.65,117.54,116.08,116.78,109.62,23896000.0,109.58,105.96740000000001,0.0014617211766856375,60.690821686135415,1.0284836623736595,1.3143295557422565,1,-0.44999999999998863,-0.006614088818608144,-0.015259845959210927,0,0.04391613377598541,0.0877668555085553,0,1,0,0,0,0,0,0,0,0,0,0
2016-08-29,116.81,117.25,116.79,116.94,109.77,11184900.0,109.6315,105.96740000000001,0.0013683634373289344,61.87725554535774,0.9587044429162859,1.2432045331770625,0,-0.38000000000000966,0.0011883480215300057,-0.5319342149313693,0,0.044250350928009635,0.021427248031773448,0,0,0,0,0,0,0,0,0,0,0,0
2016-08-30,116.75,117.09,116.16,116.56,109.41,19843300.0,109.7065,106.14380000000001,-0.0032795845859524553,57.399564839765844,0.8643907588067776,1.1674417783030056,0,-0.9399999999999977,-0.0004494999719378834,0.7741151016102066,0,0.043448229763151464,0.06661569414398781,0,0,0,0,0,0,0,0,0,0,0,0
2016-08-31,116.38,116.56,115.95,116.44,109.3,16169800.0,109.758,106.3116,-0.0010053925600950198,56.064549508663326,0.7718727355436812,1.0883279697511408,1,-0.3400000000000034,-0.0029166137087185406,-0.18512545796314117,0,0.04320313718500035,0.0474435888135319,0,0,0,0,0,0,0,0,0,0,0,0
2016-09-01,116.48,116.88,115.91,116.74,109.58,20944700.0,109.80800000000002,106.49,0.0025617566331199715,58.69784955644826,0.7129270166276456,1.0132477791264418,1,0.12000000000000455,-0.0017232205129275036,0.29529740627589707,0,0.04382700920211227,0.07236393337386779,0,0,0,0,0,0,0,0,0,0,0,0
2016-09-02,117.32,117.56,116.68,117.12,109.94,18088200.0,109.82399999999998,106.6468,0.0032852710348603154,61.862775143440686,0.6873378976292912,0.9480658028270117,1,0.3199999999999932,0.004841635107885267,-0.13638295129555444,0,0.04462913036697044,0.05745577524770819,0,0,0,0,0,0,0,0,0,0,0,0
2016-09-06,117.32,117.85,117.06,117.85,110.62,18525200.0,109.88,106.90119999999999,0.006185191922867039,67.00580936206299,0.7137015463043213,0.9011929515224736,1,0.8500000000000085,0.012032219590847326,0.024159396733782312,0,0.046144248122813675,0.05973649119419226,0,0,0,0,0,0,0,0,0,0,0,0
2016-09-07,117.96,118.12,117.47,117.92,110.69,17546900.0,109.92699999999999,107.196,0.0006327969625745666,67.4918100961412,0.7318075212342734,0.8673158654648336,0,1.2800000000000011,0.010103259920301921,-0.05280914645995727,0,0.04630021612709165,0.05463071451125093,0,0,0,0,0,0,0,0,0,0,0,0
2016-09-08,117.57,117.6,116.92,117.23,110.04,20125300.0,109.9555,107.4358,-0.005872255849670216,58.82670265695209,0.6858015754246054,0.8310130074567881,0,0.7400000000000091,0.00094573303577139,0.14694333472009302,0,0.04485194180165328,0.06808746049846952,0,0,0,0,0,0,0,0,0,0,0,0
2016-09-09,116.25,116.51,114.26,114.28,107.27,50813300.0,109.822,107.58539999999999,-0.025172664485641705,37.01619588597918,0.42097296744921664,0.7490049994552739,1,-2.3100000000000023,-0.030412123372737354,1.5248468345813477,0,0.038680065060938934,0.22824904165568496,0,0,0,0,0,0,0,0,0,0,0,0
2016-09-12,113.64,116.49,113.63,116.33,109.2,39646000.0,109.78150000000001,107.75039999999998,0.017991982847021637,50.72451933772366,0.3626488675545545,0.67173377307513,0,-0.7399999999999949,-0.013052937488290284,-0.21977120163421782,0,0.042980325750317516,0.1699665721152466,0,0,0,0,0,0,0,0,0,0,0,0
2016-09-13,115.75,116.09,114.73,115.29,108.22,45863900.0,109.66850000000002,107.8858,-0.008974358974359053,45.32953520778507,0.23464395889003242,0.5843158102381105,1,-2.4000000000000057,-0.01615504061297912,0.15683549412298836,0,0.04079677369042581,0.2024179764256432,0,0,0,0,0,0,0,0,0,0,0,0
2016-09-14,115.41,116.47,115.38,115.84,108.74,28221800.0,109.612,108.044,0.0048050267972648,48.461833723946214,0.17316268903729792,0.502085185997948,1,-1.9500000000000028,0.013822650669927383,-0.3846620108625738,0,0.04195539315077651,0.11034333386393469,0,0,0,0,0,0,0,0,0,0,0,0
2016-09-15,115.87,117.82,115.86,117.64,110.43,38521400.0,109.63,108.21940000000001,0.015541659003126762,57.070473267778304,0.2578350538075398,0.4532351595598664,0,0.39000000000000057,0.011372326826032508,0.3649519166034767,0,0.04572090639691631,0.16409725139804757,0,0,0,0,0,0,0,0,0,0,0,0
2016-09-16,117.22,117.41,116.71,117.29,110.37,27596500.0,109.64350000000002,108.3876,-0.0005433306166802154,56.70831240700505,0.3164491851368467,0.42587796467526245,0,3.1000000000000085,0.019803355183711346,-0.28360599562840394,0,0.045587219536106616,0.10707987463890839,0,0,0,0,0,0,0,0,0,0,0,0
2016-09-16,0.29 Dividend,,,,,,111.11949999999999,110.60520000000001,0.0,56.70831240700505,0.3164491851368467,0.40399220876757935,0,0.0,0.014998328386446547,0.0,0,0.044517724649629026,0.047720719286663035,1,1,0,0,0,0,1,0,0,0,1,1
2016-09-19,117.59,117.95,116.55,116.78,109.89,16222900.0,111.11949999999999,110.60520000000001,-0.004349007882576861,56.70831240700505,0.32479852770561024,0.38815347255518556,1,1.6700000000000017,-0.004892338499257076,-0.4121392205533311,0,0.044517724649629026,0.047720719286663035,1,1,0,0,0,0,0,0,0,0,0,0
2016-09-20,117.2,117.48,116.8,117.0,110.1,18078600.0,111.11949999999999,110.60520000000001,0.0019110019110017973,57.87682456896769,0.34010005643646934,0.37854278933144236,1,1.3599999999999994,-0.0024380059715750635,0.1143876865418636,0,0.044985628662462945,0.0574056725633003,1,1,0,0,0,0,0,0,0,0,0,0
2016-09-21,117.5,118.32,116.81,118.15,111.18,31546800.0,111.11949999999999,110.60520000000001,0.009809264305177257,63.354963298966155,0.4343664956821698,0.3897075306015879,1,0.75,0.007371258333602193,0.7449802528956888,0,0.047391992157037516,0.12769660736979174,1,1,0,0,0,0,0,0,0,0,0,0
2016-09-22,118.84,119.22,118.72,119.09,112.07,22614400.0,111.11949999999999,110.60520000000001,0.008005036877136051,67.14672884602382,0.5742690734879545,0.42661983917886126,0,1.6999999999999886,0.019725303093315105,-0.2831475775672968,0,0.04937501392571467,0.08107814714010224,1,1,0,0,0,0,0,0,0,0,0,0
2016-09-23,119,119.0,118.16,118.33,111.35,22213400.0,111.11949999999999,110.60520000000001,-0.006424556081020771,61.59417087064122,0.619899080902897,0.46527568752366844,0,0.0,0.011389745101292537,-0.017732064525258218,0,0.047770771595998296,0.07898531626014775,1,1,0,0,0,0,1,0,0,0,0,0
2016-09-26,117.66,117.8,117.17,117.34,110.42,16403900.0,111.11949999999999,110.60520000000001,-0.008352043107319185,55.24002417416121,0.5743966755339613,0.48709988512572705,1,0.5300000000000011,-0.006771562311203905,-0.261531327937191,0,0.04569862525344803,0.048665363648936755,1,1,0,0,0,0,0,0,0,0,0,0
2016-09-27,117.26,118.56,117.15,118.5,111.51,20238400.0,111.11949999999999,110.60520000000001,0.009871400108675932,60.396777759632215,0.6191523787288276,0.5135103838463472,1,1.4100000000000108,-0.004905199079664024,0.2337553874383531,0,0.048127269891490854,0.06867773274914996,1,1,0,0,0,0,0,0,0,0,0,0
2016-09-28,118.65,118.77,118.09,118.7,111.7,14794300.0,111.11949999999999,110.60520000000001,0.001703883059815281,61.235149131393904,0.6623182159472663,0.5432719502665311,0,0.519999999999996,0.003223240061172028,-0.2689985374337892,0,0.04855061161738822,0.040264813563214194,1,1,0,0,0,0,0,0,0,0,0,0
2016-09-29,118.5,118.72,117.33,117.84,110.89,27207500.0,111.11949999999999,110.60520000000001,-0.007251566696508505,55.81088388007152,0.6239744335292698,0.5594124469190789,1,-1.1799999999999926,0.004323716471982708,0.8390528784734661,0,0.04674583899645732,0.10504967211446375,1,1,0,0,0,0,0,0,0,0,0,0
2016-09-30,118.15,119.07,118.03,118.72,111.72,25543200.0,111.11949999999999,110.60520000000001,0.007484894940932518,59.74574731549054,0.6530330150134205,0.5781365605379473,0,0.37000000000000455,0.0019372113042392947,-0.06117063309749149,0,0.04859517390432477,0.09636364110820875,1,1,0,0,0,0,0,0,0,0,0,0
2016-10-03,118.57,118.7,118.09,118.55,111.56,19216400.0,111.11949999999999,110.60520000000001,-0.0014321518080916418,58.66133886320777,0.6555942054638138,0.5936280895231206,0,1.1400000000000006,-0.001198823563667628,-0.24769018760374584,0,0.04823867560883227,0.0633438844715602,1,1,0,0,0,0,0,0,0,0,0,0
2016-10-04,118.9,119.16,117.92,118.37,111.39,21239700.0,111.11949999999999,110.60520000000001,-0.0015238436715668824,57.46783358560476,0.6365684235606892,0.6022161563306344,1,-0.12000000000000455,0.004528899461273994,0.10529027289190473,0,0.04785989616987146,0.0739035471134852,1,1,0,0,0,0,0,0,0,0,0,0
2016-10-05,118.72,119.17,118.67,118.79,111.79,14481300.0,111.11949999999999,110.60520000000001,0.003590986623574821,59.553062645000644,0.6463166750775002,0.6110362600800076,0,0.09000000000000341,0.000634991143916297,-0.318196584697524,0,0.048751141908602774,0.03863125729033201,1,1,0,0,0,0,0,0,0,0,0,0
2016-10-06,118.64,118.98,118.15,118.73,111.73,11987100.0,111.11949999999999,110.60520000000001,-0.000536720636908461,59.08512245563845,0.6418024370912008,0.6171894954822462,0,0.8400000000000034,0.0015304223150994778,-0.17223591804603178,0,0.04861745504779308,0.025613953597607597,1,1,0,0,0,0,0,0,0,0,0,0
2016-10-07,118.84,119.01,117.89,118.47,111.48,19984200.0,111.11949999999999,110.60520000000001,-0.002237536919359129,57.07283896857516,0.61100863311799,0.615953323009395,1,-0.23999999999999488,0.0008167290673072314,0.6671421778411792,0,0.04806042646108599,0.06735105541826608,1,1,0,0,0,0,0,0,0,0,0,0
2016-10-10,119.08,119.48,119.03,119.22,112.19,19687300.0,111.11949999999999,110.60520000000001,0.006368855400071816,61.1224468293032,0.6365575487159987,0.6200741681507157,0,0.6299999999999955,0.003594597843804226,-0.014856736822089434,0,0.04964238764733406,0.06580152552235963,1,1,0,0,0,0,0,0,0,0,0,0
2016-10-11,119.12,119.14,117.0,117.52,110.59,27774400.0,111.11949999999999,110.60520000000001,-0.014261520634637592,49.735791938842866,0.5216849606663772,0.600396326653848,0,-0.7999999999999972,-0.010130202153924905,0.41077750631117516,0,0.04607740469240884,0.10800834000934206,1,1,0,0,0,0,0,0,0,0,0,0
2016-10-12,117.63,117.82,117.06,117.42,110.5,14267800.0,111.11949999999999,110.60520000000001,-0.0008138168007957303,49.18078540372532,0.41856045480793114,0.5640291522846647,0,-1.2900000000000063,-0.008706482035361507,-0.4862967336828158,0,0.045876874401194284,0.03751699446521908,1,1,0,0,0,0,0,0,0,0,0,0
2016-10-13,116.62,117.32,115.94,117.0,110.1,22821000.0,111.11949999999999,110.60520000000001,-0.0036199095022625416,46.68717380452017,0.3010861501632007,0.5114405518603719,1,-1.6300000000000097,-0.018695246937695864,0.5994757425811967,0,0.044985628662462945,0.08215639866079699,1,1,0,0,0,0,0,0,0,0,0,0
2016-10-14,117.58,118.05,117.07,117.14,110.23,21313300.0,111.11949999999999,110.60520000000001,0.0011807447774752067,47.61676859099164,0.21598706646531696,0.4523498547813609,0,-1.25,-0.003252981525583065,-0.06606634240392617,0,0.04527528352755067,0.07428766769394567,0,1,0,0,0,0,0,0,0,0,0,0
2016-10-17,117.04,117.3,116.67,116.82,109.93,14182700.0,111.12150000000001,110.60520000000001,-0.002721582146421042,45.63906458185455,0.12292098018959052,0.38646407986300685,1,-2.259999999999991,-0.005160746871208377,-0.3345610487348275,0,0.044606849223502165,0.03707285504406166,0,1,0,0,0,0,0,0,0,0,0,0
2016-10-18,118.21,118.41,117.8,117.86,110.91,19276700.0,111.16199999999999,110.60520000000001,0.008914763940689463,52.56933376518304,0.12678178461528944,0.3345276208134634,0,0.3199999999999932,0.0073739265717436275,0.35916997468747125,0,0.04679040128339387,0.06365859195799725,0,1,0,0,0,0,0,0,0,0,0,0
2016-10-19,117.77,118.02,117.64,117.85,110.9,13702900.0,111.148,110.60520000000001,-9.016319538357465e-05,52.495789931453366,0.12756410392755413,0.2931349174362815,0,0.4000000000000057,0.006103018598884846,-0.28914700130209003,0,0.046768120139925595,0.03456876462959242,0,1,0,0,0,0,0,0,0,0,0,0
2016-10-20,117.73,117.97,117.03,117.71,110.77,18132200.0,111.083,110.60520000000001,-0.0011722272317403748,51.48736745990479,0.11635293981120753,0.2577785219112667,1,0.6700000000000017,0.0076523735135655135,0.323238146669683,0,0.0464784652748379,0.05768541255124435,0,1,0,0,0,0,0,0,0,0,0,0
2016-10-21,117.8,118.22,117.41,118.15,111.18,15707800.0,111.07449999999999,110.60520000000001,0.003701363184978046,54.45868324978608,0.13894985749999478,0.23401278902901235,1,0.9500000000000028,0.0024389727578540965,-0.13370688609214543,0,0.047391992157037516,0.04503239712640229,0,1,0,0,0,0,0,0,0,0,0,0
2016-10-24,118.91,119.65,118.89,119.57,112.52,19143000.0,111.17949999999999,110.60520000000001,0.012052527432991456,62.53518338557596,0.2619651080253931,0.2396032528282885,0,2.589999999999989,0.014581663386229127,0.21869389729943078,0,0.050377665381787395,0.06296080769702489,0,1,0,0,0,0,0,0,0,0,0,0
2016-10-25,119.64,119.66,119.01,119.19,112.16,20341800.0,111.21200000000002,110.60520000000001,-0.003199431212228987,59.483118674561155,0.3266412717358662,0.25701085660980405,0,1.25,0.012554459405740515,0.06262341325811005,0,0.049575544216929224,0.06921738041245991,0,1,0,0,0,0,0,0,0,0,0,0
2016-10-26,118.42,119.03,118.03,118.38,111.4,20463700.0,111.19699999999997,110.60520000000001,-0.006776034236804507,53.54210532032032,0.3129642914892514,0.26820154358569354,0,0.5,0.002077061983957962,0.0059925866934096295,0,0.04788217731333974,0.06985358012384757,0,1,0,0,0,0,0,0,0,0,0,0
2016-10-27,118.89,118.99,117.67,117.84,110.89,19099800.0,111.197,110.60520000000001,-0.004578096947935428,49.937676937191,0.2579984033588403,0.2661609155403229,0,0.12000000000000455,-0.014553562396968922,-0.06664972610036313,0,0.04674583899645732,0.0627353456171894,0,1,0,0,0,0,0,0,0,0,0,0
2016-10-28,117.5,118.11,116.74,117.1,110.2,35369300.0,111.12100000000001,110.60520000000001,-0.0062223825412570655,45.47704123247828,0.1569510733038726,0.24431894709303284,0,-0.980000000000004,-0.017576513725997,0.8518152022534267,0,0.04520844009714581,0.14764634811449506,0,1,0,0,0,0,0,0,0,0,0,0
2016-10-31,117.53,117.53,116.93,116.99,110.09,18749400.0,111.04750000000001,110.60520000000001,-0.0009981851179673429,44.790163641721726,0.0672193922259936,0.20889903611962501,0,-2.4299999999999926,-0.011798664607159837,-0.46989620942455745,0,0.044963347518994695,0.06090659763630148,0,1,0,0,0,0,0,0,0,0,0,0
2016-11-01,117.19,117.21,115.1,116.11,109.26,23498700.0,110.94099999999999,110.60520000000001,-0.007539286038695581,39.89391067289378,-0.0700600660797761,0.1531072156797448,0,-2.8999999999999915,-0.014759853697919989,0.2533041057313834,0,0.04311401261112724,0.08569333503821634,0,1,0,0,0,0,0,0,0,0,0,0
2016-11-02,116.03,116.3,114.89,115.18,108.39,26960100.0,110.771,110.60520000000001,-0.007962657880285606,35.51183245375317,-0.2462185013212661,0.07324207227954263,0,-3.010000000000005,-0.01650012903694853,0.14730176562958808,0,0.041175553129386616,0.10375848418503547,0,1,0,0,0,0,0,0,0,0,0,0
2016-11-03,114.99,115.37,113.92,114.05,107.33,36205200.0,110.551,110.60520000000001,-0.009779499953870285,31.038370722139717,-0.4659868650994099,-0.03460371519624788,0,-3.5600000000000023,-0.025281443872851472,0.34291786751532816,0,0.03881375192174863,0.1520089349787194,0,1,0,0,0,0,0,0,0,0,0,0
2016-11-04,113.77,114.54,113.45,113.65,106.95,26997500.0,110.32449999999999,110.60520000000001,-0.0035404826236838938,29.598881687502825,-0.6631730547819785,-0.160317583113394,1,-3.25,-0.021282640457839785,-0.2543198214621104,0,0.0379670684699539,0.10395367589304119,0,1,0,0,0,0,0,0,0,0,0,0
2016-11-07,115.49,116.47,115.3,116.35,109.49,26591200.0,110.1895,110.60520000000001,0.023749415614773284,47.21939671620744,-0.6074850489232517,-0.24975107627536558,1,-0.6000000000000085,0.010429433037219105,-0.01504954162422445,0,0.043626478910897715,0.10183318415606987,0,1,0,0,0,0,0,0,0,0,0,0
2016-11-08,116.23,117.64,115.96,117.11,110.2,20777900.0,110.17,110.60520000000001,0.00648461046670934,50.91746828386324,-0.5002937617242651,-0.2998596133651455,1,0.9399999999999977,0.02669354345779873,-0.218617437347694,0,0.04520844009714581,0.07149339923228074,0,1,0,0,0,0,0,0,0,0,0,0
2016-11-09,115.74,117.84,115.6,117.65,110.71,70234400.0,110.18050000000001,110.60520000000001,0.004627949183303004,53.440957829025535,-0.3699268699105289,-0.3138730646742222,0,2.319999999999993,0.03486197526478563,2.3802453568454944,0,0.046344778414028204,0.32960833792173017,0,1,0,0,0,0,0,0,0,0,0,0
2016-11-10,118.22,118.38,114.2,115.75,108.92,72825400.0,110.12150000000001,110.60520000000001,-0.016168367807786077,44.74551669153337,-0.40636389917429483,-0.33237123157423676,1,1.5900000000000034,-0.0050558081577737335,0.03689075438816314,0,0.042356453733205596,0.3431308436822341,0,1,0,0,0,0,0,0,0,0,0,0
2016-11-11,115.25,116.05,114.84,115.8,108.97,41115200.0,110.05850000000001,110.60520000000001,0.00045905251560784954,45.01464912826885,-0.42629189760972963,-0.35115536478133536,0,2.019999999999996,-0.011081366108875224,-0.435427749109514,0,0.04246785945054701,0.17763437044150382,0,1,0,0,0,0,0,0,0,0,0,0
2016-11-14,115.83,115.94,114.03,114.63,107.87,35906000.0,109.9555,110.60520000000001,-0.010094521427915892,40.35740389535889,-0.5247962622231483,-0.38588354426969795,1,-1.6199999999999903,-0.02580383672009412,-0.1266976689885979,0,0.040016933669035915,0.15044740131467357,0,1,0,0,0,0,0,0,0,0,0,0
2016-11-15,115.5,116.62,115.33,116.22,109.37,31796600.0,109.8785,110.60520000000001,0.013905627143784294,48.22400216441332,-0.47633334262143023,-0.40397350394004444,1,-0.8299999999999983,0.004270158231476251,-0.11444883863421151,0,0.043359105189278324,0.129000320970322,0,1,0,0,0,0,0,0,0,0,0,0
2016-11-16,115.67,116.99,115.67,116.91,110.02,16538100.0,109.8345,110.60520000000001,0.005943128828746369,51.22609906401211,-0.3810836666642814,-0.39939553648489184,1,-0.6899999999999977,0.00975423454461477,-0.47987835177346005,0,0.044807379514716694,0.04936575742472202,0,1,0,0,0,0,0,0,0,0,0,0
2016-11-17,116.85,117.78,116.61,117.76,110.82,20598600.0,109.83699999999999,110.60520000000001,0.007271405199054781,54.70697741659492,-0.23829735454215495,-0.3671759000963445,0,1.8999999999999915,0.027120161171585444,0.24552397191938624,0,0.046589870992179316,0.07055762722037091,0,1,0,0,0,0,0,0,0,0,0,0
2016-11-18,117.9,118.1,117.21,117.32,110.4,16428700.0,109.798,110.60520000000001,-0.0037899296155927686,52.58515750728067,-0.15721637091891694,-0.325183994260859,1,1.4300000000000068,0.009424604412208382,-0.2024360878894682,0,0.04565406296651148,0.048794795583657125,0,1,0,0,0,0,0,0,0,0,0,0
2016-11-21,117.61,118.65,117.57,118.54,111.55,20268500.0,109.74950000000001,110.60520000000001,0.010416666666666519,57.45130509274916,-0.00016185245716826557,-0.26017956590012087,1,3.6799999999999926,0.013898142250128531,0.23372512736856832,0,0.048216394465363965,0.06883482554088718,0,1,0,0,0,0,0,0,0,0,0,0
2016-11-22,119.01,119.19,118.61,118.9,111.89,18850600.0,109.73599999999999,110.60520000000001,0.0030479605558046963,58.79765714305491,0.15001091103799524,-0.17814147051249768,0,2.519999999999996,0.009674697606878446,-0.06995584281027212,0,0.04897395334328558,0.06143476343443463,0,1,0,0,0,0,0,0,0,0,0,0
2016-11-23,118.51,118.64,117.9,118.42,111.44,22926000.0,109.73799999999999,110.60520000000001,-0.004021807132004618,56.26023785651984,0.23006067262494412,-0.09650104188500931,1,1.4200000000000017,0.009442820090466597,0.21619470998270618,0,0.04797130188721285,0.08270439677150827,0,1,0,0,0,0,0,0,0,0,0,0
2016-11-25,118.56,118.85,118.42,118.8,111.8,7162800.0,109.7835,110.60520000000001,0.003230437903804839,57.828177202306,0.31887389697227775,-0.013426054113551897,0,0.980000000000004,0.0022565913276049177,-0.6875686992933787,0,0.04877342305207105,0.0004357889737561099,0,1,0,0,0,0,0,0,0,0,0,0
2016-11-28,118.65,119.08,118.41,118.53,111.54,13479000.0,109.85050000000001,110.60520000000001,-0.0023255813953487747,56.25960311557456,0.3640822761962852,0.06207561194841553,1,1.1400000000000006,-0.0031169506235485533,0.8818059976545485,0,0.048194113321895715,0.03340022389637094,0,0,0,0,0,0,0,0,0,0,0,0
2016-11-29,118.64,119.51,118.3,118.94,111.93,18553000.0,109.9425,110.646,0.0034965034965035446,58.09571811281873,0.42646397187097307,0.13495328393292705,0,0.38000000000000966,0.004401360004959609,0.3764374211736776,0,0.04906307791715875,0.05988158021779011,0,0,0,0,0,0,0,0,0,0,0,0
2016-11-30,119.09,119.13,117.46,117.5,110.57,30405300.0,110.00800000000001,110.65540000000001,-0.012150451174841592,50.18446244537854,0.36198850299078345,0.18036032774449834,0,-1.3200000000000074,-0.010979529073686822,0.6388346898075783,0,0.04603284240547226,0.1217390850519163,0,0,0,0,0,0,0,0,0,0,0,0
2016-12-01,117.46,117.47,115.29,115.47,108.66,39796600.0,110.02149999999999,110.605,-0.01727412498869496,41.6137439928689,0.1549836370249551,0.1752849896005897,1,-2.780000000000001,-0.02592807266703301,0.30887049297326463,0,0.04177714400303023,0.17075255797689534,0,0,0,0,0,0,0,0,0,0,0,0
2016-12-02,115.54,116.16,115.22,115.7,108.88,32876800.0,110.099,110.5412,0.002024664089821382,42.82497863860974,0.00858399973517976,0.1419447916275077,1,-2.9200000000000017,-0.02739991207371517,-0.1738791756079665,0,0.042267329159332456,0.13463791677213455,0,0,0,0,0,0,0,0,0,0,0,0
2016-12-05,116.3,117.06,115.77,116.6,109.72,21419700.0,110.2375,110.5086,0.0077149155033064964,47.31878856680905,-0.03920584714124686,0.10571466387375679,1,-1.8200000000000074,-0.007534545395567083,-0.34848586237103363,0,0.04413894521066822,0.07484297244613308,0,0,0,0,0,0,0,0,0,0,0,0
2016-12-06,116.93,117.08,116.39,116.88,109.99,27293300.0,110.2625,110.5,0.0024608093328473135,48.714113617209755,-0.054662783045671404,0.07363917448987116,1,-1.940000000000012,0.012200388925975192,0.2742148582846631,0,0.04474053608431186,0.10549746485635925,0,0,0,0,0,0,0,0,0,0,0,0
2016-12-07,116.64,118.51,116.29,118.36,111.38,26622400.0,110.32149999999999,110.4974,0.012637512501136428,55.28084097359737,0.04473321056818236,0.0678579817055334,1,0.8100000000000023,0.022813237337290238,-0.024581124305232405,0,0.04783761502640316,0.1019960178803955,0,0,0,0,0,0,0,0,0,0,0,0
2016-12-08,118.41,118.87,118.18,118.57,111.58,18578400.0,110.36500000000001,110.495,0.0017956545160711102,56.150827251293784,0.13805220031615306,0.08189682542765733,1,2.9200000000000017,0.01689397635005485,-0.30215157160887074,0,0.04828323789576883,0.06001414357028598,0,0,0,0,0,0,0,0,0,0,0,0
2016-12-09,119.01,119.54,119.0,119.5,112.45,21863100.0,110.5415,110.5262,0.007797096253808977,59.813305085537166,0.2789938338757736,0.12131622711728059,0,3.5700000000000074,0.022230263271016515,0.1768020927528744,0,0.05022169737750942,0.07715709018222242,0,0,0,0,0,0,0,0,0,0,0,0
2016-12-12,118.97,119.21,118.47,118.96,111.95,23259300.0,110.6905,110.5308,-0.004446420631391779,56.873239606660356,0.3463527338569463,0.16632352846521375,1,2.230000000000004,0.005146330138488309,0.063861026112491,0,0.049107640204095304,0.08444389934579463,0,0,0,0,0,0,0,0,0,0,0,0
2016-12-13,119.32,121.11,119.32,120.46,113.36,54477900.0,110.96499999999999,110.5668,0.012594908441268426,62.47487841012925,0.507658393570324,0.23459050148623584,0,3.3700000000000045,0.015945584063685625,1.3421986044291963,0,0.052249281433123185,0.24737469762247108,0,0,0,0,0,0,0,0,0,0,0,0
2016-12-14,120.61,121.0,119.86,120.21,113.12,28746000.0,111.15249999999999,110.60140000000001,-0.0021171489061396764,61.02199266179368,0.6091068917096436,0.3094937795309174,1,1.740000000000009,0.006031338903736971,-0.47233648874130607,0,0.051714533989884404,0.11307914919379039,0,0,0,0,0,0,0,0,0,0,0,0
2016-12-15,120.37,121.11,120.08,120.4,113.3,22762300.0,111.31649999999999,110.63159999999999,0.0015912305516265768,61.7406300442445,0.696006918551447,0.38679640733502335,0,1.7199999999999989,0.012068990086755327,-0.20815765671745634,0,0.05211559457231346,0.08185004162176127,0,0,0,0,0,0,0,0,0,0,0,0
2016-12-16,120.34,120.58,119.36,119.6,112.88,26283900.0,111.41950000000001,110.65459999999999,-0.003706972639011541,59.00690713666444,0.7226550088856101,0.4539681276451407,0,0.4299999999999926,-0.004232890993524641,0.15471195793043768,0,0.05117978654664557,0.10022937635205487,0,0,0,0,0,0,0,0,0,0,0,0
2016-12-16,0.36 Dividend,,,,,,114.3155,117.79980000000002,0.0,59.00690713666444,0.7226550088856101,0.5077055038932345,0,0.0,-0.002115742087384964,0.0,0,0.05220471914618663,0.0733764251212772,1,1,0,0,0,0,1,0,0,0,1,1
2016-12-19,119.72,120.83,119.55,120.09,113.34,21138700.0,114.3155,117.79980000000002,0.00407512402551391,59.00690713666444,0.7907079368352328,0.5643059904816342,1,-0.01999999999999602,0.0003681513865023689,-0.1957548156856479,0,0.05220471914618663,0.0733764251212772,1,1,0,0,0,0,0,0,0,0,0,0
2016-12-20,120.47,120.77,120.33,120.55,113.78,11461800.0,114.3155,117.79980000000002,0.003882124580907087,61.25178428968547,0.8519102762142126,0.6218268476281499,0,0.6599999999999966,0.007957248606420997,-0.45778122590320125,0,0.053185089458791024,0.02287239733516347,1,1,0,0,0,0,0,0,0,0,0,0
2016-12-21,120.6,120.68,120.19,120.46,113.69,7079300.0,114.3155,117.79980000000002,-0.0007910001757778229,60.521709093800666,0.8829729606141257,0.6740560702253451,0,0.39000000000000057,0.007166248430643174,-0.38235704688617844,0,0.052984559167576495,0.0,1,1,0,0,0,0,0,0,0,0,0,0
2016-12-22,120.47,120.5,119.65,120.12,113.37,16645000.0,114.3155,117.79980000000002,-0.002814671475063757,57.88008997549644,0.8717203861626075,0.7135889334127976,1,0.4900000000000091,0.0002764529300655072,1.351221165934485,0,0.052271562576591435,0.04992367169172236,1,1,0,0,0,0,0,0,0,0,0,0
2016-12-23,119.92,120.25,119.81,120.2,113.45,9007500.0,114.3155,117.79980000000002,0.000705654053100524,58.369302308141854,0.8593518975050216,0.7427415262312425,1,0.0,-0.002900017597741056,-0.4588465004505857,0,0.052449811724337714,0.010063332924509345,1,1,0,0,0,0,1,0,0,0,0,0
2016-12-27,120.46,121.52,120.41,120.82,114.03,16110600.0,114.3155,117.79980000000002,0.005112384310268725,61.830666001888396,0.8861361084142487,0.7714204426678437,0,0.6899999999999977,0.003003366888305492,0.7885761865112406,0,0.05374211804549811,0.04713462225968326,1,1,0,0,0,0,0,0,0,0,0,0
2016-12-28,121.08,121.19,119.8,119.88,113.14,17975200.0,114.3155,117.79980000000002,-0.007804963606068638,54.361506635022906,0.826025320854086,0.7823414183050923,0,-0.6400000000000006,-0.001986925242699389,0.11573746477474467,0,0.05175909627682096,0.05686602489999035,1,1,0,0,0,0,0,0,0,0,0,0
2016-12-29,119.85,120.13,119.33,119.71,112.98,13267500.0,114.3155,117.79980000000002,-0.0014141771256849234,53.119185515978984,0.756753047741654,0.7772237441924047,0,-0.7099999999999937,-0.004106756421484836,-0.26189972851484267,0,0.0514025979813284,0.03229639913050966,1,1,0,0,0,0,0,0,0,0,0,0
2016-12-30,119.94,119.95,118.14,118.48,111.82,41749000.0,114.3155,117.79980000000002,-0.010267303947601447,45.0762772590151,0.6013203204001059,0.742043059433945,1,-1.5500000000000114,-0.01948644467935501,2.146711889956661,0,0.04881798533900761,0.18094219141834958,1,1,0,0,0,0,0,0,0,0,0,0
2017-01-03,119.27,119.99,118.89,119.54,112.82,22307600.0,114.3155,117.79980000000002,0.00894294401717044,51.84531517044936,0.5524619691165498,0.704126841370466,1,-0.6300000000000097,-0.0027385370561159306,-0.46567342930369593,0,0.0510460996858359,0.07947694885090015,1,1,0,0,0,0,0,0,0,0,0,0
2017-01-04,119.67,120.41,119.66,120.19,113.44,19749100.0,114.3155,117.79980000000002,0.005495479524906921,55.506642305205226,0.557345460628099,0.6747705652219926,1,-0.5900000000000034,0.004171119594475914,-0.1146918538973265,0,0.05242753058086941,0.0661240615532354,1,1,0,0,0,0,0,0,0,0,0,0
2017-01-05,120.1,120.95,120.1,120.87,114.08,20644300.0,114.3155,117.79980000000002,0.005641748942172065,58.97424652922336,0.6058741737995206,0.6609912869374982,1,0.9399999999999977,0.020080172484249426,0.04532864788775193,0,0.05385352376283953,0.07079613687427097,1,1,0,0,0,0,0,0,0,0,0,0
2017-01-06,121,122.25,120.69,121.93,115.08,24074300.0,114.3155,117.79980000000002,0.008765778401121915,63.73065132408605,0.7167627761554911,0.6721455847810969,1,2.0999999999999943,0.0199030068682009,0.16614755646837143,0,0.05608163810966782,0.08869740849083929,1,1,0,0,0,0,0,0,0,0,0,0
2017-01-09,122.03,122.55,121.95,122.33,115.46,18909200.0,114.3155,117.79980000000002,0.0033020507473062732,65.37350561966991,0.8257864643129551,0.7028737606874685,1,3.6400000000000006,0.017709578090600253,-0.21454829423908484,0,0.05692832156146255,0.06174059857050779,1,1,0,0,0,0,0,0,0,0,0,0
2017-01-10,122.38,122.97,122.1,122.6,115.71,16176600.0,114.3155,117.79980000000002,0.0021652520353370175,66.45019489730566,0.9217362317945685,0.7466462549088886,1,2.8900000000000006,0.014233081183765206,-0.14451166627884837,0,0.05748535014816958,0.04747907821498748,1,1,0,0,0,0,0,0,0,0,0,0
2017-01-11,122.65,122.93,122.02,122.93,116.02,20686000.0,114.3155,117.79980000000002,0.002679111572033488,67.78774293188971,1.0111357791742535,0.7995441597619616,0,2.5799999999999983,0.008146414354676779,0.2787606790054771,0,0.05817606559568639,0.07101377040966773,1,1,0,0,0,0,0,0,0,0,0,0
2017-01-12,122.49,122.82,121.6,122.74,115.84,19622500.0,114.3155,117.79980000000002,-0.001551456645405902,66.13892755473537,1.0552962703785767,0.8506945818852847,1,1.7600000000000051,0.0032929069619646034,-0.05141158271294599,0,0.057775005013257275,0.06546333240260638,1,1,0,0,0,0,0,0,0,0,0,0
2017-01-13,122.8,123.37,122.8,123.16,116.24,16930800.0,114.3155,117.79980000000002,0.0034530386740330155,68.00153838629198,1.1097776094089795,0.9025111873900237,0,1.1599999999999966,0.004580693600660601,-0.13717416231367052,0,0.05866625075198861,0.0514152703587822,1,1,0,0,0,0,0,0,0,0,0,0
2017-01-17,122.84,123.03,122.43,122.79,115.89,14538500.0,114.3155,117.79980000000002,-0.003011011699931121,64.65045131252728,1.1118951529865342,0.9443879805093258,1,0.4300000000000068,-0.0011094296713040075,-0.14129869823044394,0,0.05788641073059869,0.038929785784929005,1,1,0,0,0,0,0,0,0,0,0,0
2017-01-18,122.97,123.16,122.66,123.04,116.13,12499700.0,114.3155,117.79980000000002,0.002070929329536675,65.89168932056107,1.1200283264107043,0.9795160496896015,0,0.4200000000000017,0.0025129563036385694,-0.14023454964404858,0,0.05842115817383747,0.028289228183803777,0,1,0,0,0,0,0,0,0,0,0,0
2017-01-19,123.22,123.65,122.72,122.98,116.07,12710700.0,114.452,117.79980000000002,-0.0005166623611470023,65.27461115803725,1.1088502904733986,1.005382897846361,1,0.04999999999999716,-0.0014567447315414483,0.01688040512972311,0,0.058287471313027805,0.029390443434852156,0,1,0,0,0,0,0,0,0,0,0,0
2017-01-20,123.52,123.83,122.92,123.25,116.33,22091000.0,114.57950000000001,117.79980000000002,0.002240027569570202,66.72868442523587,1.1081968402037319,1.0259456863178353,1,0.4899999999999949,0.0037942945379598747,0.7379845327165302,0,0.05886678104320314,0.07834650703394717,0,1,0,0,0,0,0,0,0,0,0,0
2017-01-23,123.17,123.53,122.57,123.35,116.42,17434200.0,114.71599999999998,117.79980000000002,0.0007736611364221879,67.2400555183921,1.1022353411012347,1.0412036172745154,1,0.18000000000000682,0.0024970263448453878,-0.21080077859761892,0,0.05906731133441767,0.05404252987242082,0,1,0,0,0,0,0,0,0,0,0,0
2017-01-24,123.59,124.37,123.38,124.18,117.2,17640900.0,114.9075,117.79980000000002,0.006699879745748261,71.34993088201581,1.1472257866351754,1.0624080511466474,1,1.3100000000000023,0.00971356845174065,0.011856007158344006,0,0.06080524052494374,0.05512130329607816,0,1,0,0,0,0,0,0,0,0,0,0
2017-01-25,124.96,125.46,124.85,125.43,118.38,15036200.0,115.154,117.79980000000002,0.010068259385665357,76.21194779695593,1.2635319671915397,1.102632834355626,1,2.25,0.017541800267835805,-0.14765119693439677,0,0.06343441545420109,0.04152729682970045,0,1,0,0,0,0,0,0,0,0,0,0
2017-01-26,125.6,125.82,125.34,125.56,118.51,16052200.0,115.378,117.79980000000002,0.001098158472714994,76.68145077024184,1.3506261887990547,1.1522315052443117,1,2.440000000000012,0.01786629760412861,0.06757026376345077,0,0.06372407031928878,0.04682983092953527,0,1,0,0,0,0,0,0,0,0,0,0
2017-01-27,125.83,125.92,125.39,125.8,118.73,15053000.0,115.6575,117.79980000000002,0.0018563834275588942,77.49110151271721,1.4210205084197867,1.2059893058794067,0,2.4000000000000057,0.013022801285939245,-0.06224691942537475,0,0.06421425547559101,0.04161497652741426,0,1,0,0,0,0,0,0,0,0,0,0
2017-01-30,125.38,125.38,124.13,124.82,117.81,25006700.0,115.899,117.79980000000002,-0.007748673460793443,67.01253095553987,1.3865884738386427,1.242109139471254,0,1.3900000000000006,-0.0047941315605195545,0.6612436059257292,0,0.062164390276508996,0.09356363171395543,0,1,0,0,0,0,0,0,0,0,0,0
2017-01-31,124.38,124.6,123.85,124.57,117.57,19091100.0,116.1865,117.79980000000002,-0.002037178507766857,64.55996012364145,1.3246649313737606,1.2586202978517553,1,0.36999999999999034,-0.007929468541001405,-0.23656060175872862,0,0.061629642833270215,0.06268994005944474,0,1,0,0,0,0,0,0,0,0,0,0
2017-02-01,125.45,125.68,124.86,125.43,118.38,22861900.0,116.4645,117.79980000000002,0.006889512630773087,68.72078843798565,1.3256688233870477,1.272030002958814,0,0.0,-0.0028963393377872126,0.19751612007689445,0,0.06343441545420109,0.0823698569724931,0,1,0,0,0,0,0,0,0,0,0,0
2017-02-02,125.21,125.7,124.86,125.32,118.28,15101400.0,116.7065,117.79980000000002,-0.0008447372867037561,67.66458714436033,1.3033708034728164,1.2782981630616146,1,-0.23000000000000398,0.004007596836302474,-0.3394512267134403,0,0.06321160401951831,0.04186757756130402,0,1,0,0,0,0,0,0,0,0,0,0
2017-02-03,125.45,125.81,125.33,125.68,118.62,16957200.0,116.93349999999998,117.79980000000002,0.002874535001690992,69.38734094446302,1.2981701234434553,1.2822725551379828,1,-0.10999999999999943,0.008919310345760323,0.12288926854463833,0,0.06396916289743992,0.05155305274090388,0,1,0,0,0,0,0,0,0,0,0,0
2017-02-06,125.47,125.85,125.35,125.83,118.76,11630100.0,117.11749999999999,117.79980000000002,0.001180239419996676,70.09388398344807,1.2904696462302212,1.2839119733564306,1,0.9500000000000028,0.003210037134983912,-0.31414974170263954,0,0.06428109890599587,0.02375076002118926,0,1,0,0,0,0,0,0,0,0,0,0
2017-02-07,126.09,126.55,125.97,126.29,119.19,17541100.0,117.304,117.79980000000002,0.003620747726507112,72.21503924381342,1.3040322963198037,1.2879360379491052,1,1.6200000000000045,0.00767552214819478,0.5082501440228373,0,0.06523918807513202,0.05460044413942115,0,1,0,0,0,0,0,0,0,0,0,0
2017-02-08,126.12,126.68,125.88,126.5,119.39,12569100.0,117.48799999999999,117.79980000000002,0.001677993120228205,73.168289705321,1.315751953269526,1.2934992210131895,1,1.0100000000000051,0.006478980266731993,-0.2834485864626506,0,0.06568481094449768,0.028651428839835805,0,1,0,0,0,0,0,0,0,0,0,0
2017-02-09,126.63,127.24,126.56,126.96,119.83,17542700.0,117.67849999999999,117.79980000000002,0.003685400787335702,75.18532368807759,1.3450394115262014,1.3038072591157919,1,1.5499999999999972,0.008984141634071019,0.3957005672641638,0,0.06666518125710214,0.05460879458682247,0,1,0,0,0,0,0,0,0,0,0,0
2017-02-10,127.24,127.56,127.02,127.38,120.22,13915700.0,117.89750000000001,117.79980000000002,0.003254610698489424,76.84672269410916,1.3837684524791314,1.31979949778846,1,1.5999999999999943,0.008618004606053331,-0.20675266635124578,0,0.06753414585236517,0.03567937413396727,0,1,0,0,0,0,0,0,0,0,0,0
2017-02-13,127.77,128.26,127.72,128.1,120.9,19120200.0,118.13049999999998,117.79980000000002,0.00565629678921975,79.43241911733159,1.4525872913741296,1.346357056505594,1,2.1400000000000006,0.012596308275044876,0.37400202648806746,0,0.0690492636082084,0.06284181382155615,0,1,0,0,0,0,0,0,0,0,0,0
2017-02-14,128.15,128.54,127.74,128.53,121.31,16333500.0,118.40150000000001,117.79980000000002,0.0033912324234903757,80.82302717513845,1.522658036475633,1.381617252499602,1,2.1200000000000045,0.01230213991119955,-0.1457463834060313,0,0.06996279049040799,0.04829794396327891,0,1,0,0,0,0,0,0,0,0,0,0
2017-02-15,128.44,129.35,128.37,129.29,122.03,17891400.0,118.69649999999999,117.79980000000002,0.00593520732008912,82.99711670564758,1.6176404374927529,1.4288218894982323,0,2.6400000000000006,0.014982736532799246,0.09538065938102669,0,0.07156703282012433,0.05642867021734649,0,1,0,0,0,0,0,0,0,0,0,0
2017-02-16,129.37,129.63,128.92,129.25,121.99,15098300.0,118.99250000000002,117.79980000000002,-0.0003277882487913164,82.43795584526613,1.6704313164948559,1.477143774897557,1,2.1599999999999966,0.008998651494788179,-0.1561141106900522,0,0.07147790824625122,0.041851398569463974,0,1,0,0,0,0,0,0,0,0,0,0
2017-02-17,129.06,129.82,129.04,129.81,122.52,15563700.0,119.30199999999999,117.79980000000002,0.004344618411345147,83.97818724426672,1.7350346397415848,1.5287219478663627,1,2.299999999999997,0.00995203748264295,0.030824662379208334,0,0.0726588088500702,0.04428033495732138,0,1,0,0,0,0,0,0,0,0,0,0
2017-02-21,130.06,130.53,129.99,130.45,123.12,18479600.0,119.63700000000001,117.79980000000002,0.004897159647404559,85.52581043288983,1.8137405523737158,1.5857256687678334,1,2.219999999999999,0.00891398980995839,0.18735262180586876,0,0.07399567745816715,0.05949850344325479,0,1,0,0,0,0,0,0,0,0,0,0
2017-02-22,130.33,130.59,130.11,130.5,123.17,12110900.0,119.9355,117.79980000000002,0.00040610786224815065,85.65020536842815,1.858723924921705,1.6403253199986076,0,1.8599999999999994,0.009647885920997856,-0.34463408298880926,0,0.07410708317550857,0.026260069465284322,0,1,0,0,0,0,0,0,0,0,0,0
2017-02-23,130.7,130.7,129.49,130.01,122.71,17489000.0,120.152,117.79980000000002,-0.0037346756515386215,78.92942229427942,1.8360901122465236,1.679478278448191,1,0.6799999999999926,0.0015685918581140879,0.44407104344020665,0,0.07308215057596756,0.05432853269591585,0,1,0,0,0,0,0,0,0,0,0,0
2017-02-24,129.42,130.26,129.38,130.26,122.94,18624500.0,120.3735,117.79980000000002,0.0018743378697743118,79.78360329657761,1.8157805426320976,1.7067387312849722,1,0.9500000000000028,-0.001454229919516159,0.06492652524443931,0,0.0735946168757381,0.06025474083603635,0,1,0,0,0,0,0,0,0,0,0,0
2017-02-27,130.02,130.43,129.8,130.42,123.09,12008700.0,120.5915,117.79980000000002,0.0012201073694486642,80.34327422744187,1.791141642875715,1.723619313603121,0,0.5700000000000074,-0.0006402304123156455,-0.35522027436978176,0,0.07392883402776235,0.025726684637525338,0,1,0,0,0,0,0,0,0,0,0,0
2017-02-28,130.39,130.45,129.66,130.02,122.72,16598600.0,120.83700000000002,117.79980000000002,-0.003005930619871644,74.8395659320096,1.7219101214953412,1.7232774751815652,1,-0.4000000000000057,8.851461935133198e-05,0.38221456110986196,0,0.07310443171943587,0.049681508717084225,0,1,0,0,0,0,0,0,0,0,0,0
2017-03-01,130.85,131.68,130.6,131.44,124.06,25813800.0,121.1615,117.79980000000002,0.010919165580182577,80.14444675074213,1.754940580567748,1.729610096258802,0,0.8900000000000006,0.009133342329759597,0.55517935247551,0,0.07609010494418578,0.0977759105249561,0,1,0,0,0,0,0,0,0,0,0,0
2017-03-02,131.41,131.43,130.62,130.78,123.43,19951400.0,121.41399999999999,117.79980000000002,-0.005078187973561188,72.41406624275882,1.7105634122561781,1.7258007594582774,1,0.7200000000000131,0.002835046986749745,-0.22710333232612012,0,0.07468639290568396,0.06717987124653912,0,0,0,0,0,0,0,0,0,0,0,0
2017-03-03,130.69,131.06,130.34,131.02,123.66,13722700.0,121.68299999999999,118.0062,0.0018634043587457683,73.42197699709122,1.674648953752751,1.7155703983171722,0,0.7199999999999989,0.0077043819653671575,-0.31219363052216886,0,0.07519885920545444,0.03467210141618368,0,0,0,0,0,0,0,0,0,0,0,0
2017-03-06,130.59,130.95,130.21,130.73,123.39,12026200.0,121.92150000000001,118.1984,-0.0021834061135370675,70.18029655586164,1.6058880651389131,1.6936339316815203,0,0.29999999999999716,-0.005398189728352487,-0.12362727451594802,0,0.0745972683318108,0.02581801765597723,0,0,0,0,0,0,0,0,0,0,0,0
2017-03-07,130.47,131.08,130.28,130.51,123.18,15500900.0,122.1425,118.3882,-0.0017019207391197888,67.67748277681207,1.5169627186165116,1.6582996890685187,1,0.46000000000000796,-0.002021922493911088,0.2889275082736027,0,0.07412936431897688,0.04395257989681978,0,0,0,0,0,0,0,0,0,0,0,0
2017-03-08,130.59,131.15,130.46,130.74,123.39,15776000.0,122.35249999999999,118.5886,0.001704822211398005,68.87294552427855,1.446756675402483,1.6159910863353115,1,-0.6700000000000017,-0.0021805046412588514,0.017747356605100295,0,0.0745972683318108,0.045388334946883324,0,0,0,0,0,0,0,0,0,0,0,0
2017-03-09,130.71,131.02,130.14,130.84,123.49,20855300.0,122.5575,118.7894,0.0008104384471998571,69.45233981482488,1.3832418931076944,1.569441247689788,1,0.05999999999998806,0.0008133399194780733,0.3219637423935091,0,0.07482007976649363,0.07189735212531934,0,0,0,0,0,0,0,0,0,0,0,0
2017-03-10,131.44,131.6,130.82,131.39,124.01,21922600.0,122.7665,118.98899999999999,0.004210867276702723,72.3359705800429,1.3591976403911872,1.527392526230068,1,0.3500000000000085,0.006726127935300585,0.0511764395621257,0,0.07597869922684436,0.0774676224449588,0,0,0,0,0,0,0,0,0,0,0,0
2017-03-13,131.34,131.64,131.27,131.61,124.22,10731600.0,122.9665,119.2106,0.0016934118216271887,73.42691906680128,1.34162225560884,1.4902384721058224,0,0.8299999999999983,0.006714717545529769,-0.5104777717971408,0,0.07644660323967828,0.019061461902388485,0,0,0,0,0,0,0,0,0,0,0,0
2017-03-14,131.31,131.36,130.76,131.29,123.91,14019700.0,123.117,119.4292,-0.0024955723715988087,69.0951672960238,1.2878338800031912,1.4497575536852962,1,0.7299999999999898,0.0034087067267311033,0.30639420030563946,0,0.07575588779216147,0.03622215321505272,0,0,0,0,0,0,0,0,0,0,0,0
2017-03-15,131.56,132.41,131.14,132.1,124.68,22709100.0,123.2855,119.68639999999999,0.006214187716891306,73.30740413067323,1.2924403221354908,1.4182941073753352,0,1.2900000000000063,0.005412027166919686,0.6197992824382832,0,0.07747153583921929,0.08157238924566755,0,0,0,0,0,0,0,0,0,0,0,0
2017-03-16,132.35,132.35,131.71,132.01,124.59,18457300.0,123.4135,119.9218,-0.0007218479307026238,72.0709357551614,1.2741412061749173,1.3894635271352516,0,1.1000000000000085,0.0029967674145898737,-0.1872289082350247,0,0.07727100554800476,0.059382119082598966,0,0,0,0,0,0,0,0,0,0,0,0
2017-03-17,131.9,132.04,131.62,131.69,124.55,21234500.0,123.5415,120.14399999999999,-0.0003210530540171952,71.49376343358713,1.2420932810642284,1.3599894779210469,0,0.539999999999992,0.005171286732171487,0.15046621120098824,0,0.07718188097413159,0.07387640815943092,0,0,0,0,0,0,0,0,0,0,0,0
2017-03-17,0.27 Dividend,,,,,,124.3665,127.5432,0.0,71.49376343358713,1.2420932810642284,1.3364102385496832,0,0.0,-0.001042900984719819,0.0,0,0.07742697355228273,0.015792261744773793,1,1,0,0,0,0,1,0,0,0,1,1
2017-03-20,131.65,132.11,131.46,131.81,124.66,10105200.0,124.3665,127.5432,0.0008831794460055775,71.49376343358713,1.218378838946137,1.312803958628974,0,0.75,0.0005621263919883823,-0.5241140596670513,0,0.07742697355228273,0.015792261744773793,1,1,0,0,0,0,0,0,0,0,0,0
2017-03-21,132.31,132.43,129.73,129.81,122.77,35841900.0,124.3665,127.5432,-0.015161238568907387,48.549075240963184,1.027996717576329,1.255842510418445,1,-1.9100000000000108,-0.01427805912290181,2.5468768554803467,0,0.07321583743677723,0.1501128615156584,1,1,0,0,0,0,0,0,0,0,0,0
2017-03-22,129.85,130.82,129.68,130.69,123.6,29177900.0,124.3665,127.5432,0.006760609269365503,55.329213796023616,0.9333326997786031,1.1913405482904766,0,-0.9900000000000091,-0.007517449853536307,-0.1859276433448004,0,0.07506517234464471,0.11533324808918277,1,1,0,0,0,0,0,0,0,0,0,0
2017-03-23,130.52,130.88,130.14,130.36,123.29,20311700.0,124.3665,127.5432,-0.00250809061488666,52.544132388181524,0.8238001194552709,1.1178324625234355,1,-1.259999999999991,-0.010908719914428544,-0.3038669678078272,0,0.07437445689712796,0.06906028762072268,1,1,0,0,0,0,0,0,0,0,0,0
2017-03-24,130.78,131.29,130.13,130.63,123.55,22967600.0,124.3665,127.5432,0.0021088490550733585,54.607896432963585,0.7493367004617113,1.0441333101110906,1,0.0,0.006361367709552201,0.13075714982005437,0,0.0749537666273033,0.08292150840394245,1,1,0,0,0,0,1,0,0,0,0,0
2017-03-27,129.7,131.07,129.4,130.84,123.75,18472400.0,124.3665,127.5432,0.0016187778227438887,56.186311687510305,0.6984113813019661,0.9749889243492657,1,-0.9099999999999966,0.0012195362629305873,-0.19571918702868385,0,0.07539938949666897,0.05946092642994888,1,1,0,0,0,0,0,0,0,0,0,0
2017-03-28,130.84,132.03,130.55,131.64,124.5,23721900.0,124.3665,127.5432,0.0060606060606061,61.58139878005726,0.7103825827431365,0.9220676560280399,1,1.730000000000004,0.009788232938423347,0.2841807236742384,0,0.07707047525679017,0.08685822245069974,1,1,0,0,0,0,0,0,0,0,0,0
2017-03-29,131.73,132.3,131.59,132.25,125.08,13710000.0,124.3665,127.5432,0.004658634538152517,65.15480924828594,0.7579340074307481,0.8892409263085816,1,1.480000000000004,0.012338018421502506,-0.42205303959632234,0,0.07836278157795057,0.03460581973993575,1,1,0,0,0,0,0,0,0,0,0,0
2017-03-30,132.2,132.61,132.08,132.47,125.29,16092400.0,124.3665,127.5432,0.0016789254876878879,66.37432754220066,0.803304109309309,0.8720535629087272,0,2.0,0.012398166086446505,0.17377097009482134,0,0.07883068559078454,0.0470396359204933,1,1,0,0,0,0,0,0,0,0,0,0
2017-03-31,132.28,132.74,132.13,132.38,125.2,19841400.0,124.3665,127.5432,-0.0007183334663580787,65.3192256571775,0.8225165354613466,0.8621461574192512,0,1.6500000000000057,0.0056192265594823265,0.23296711491138677,0,0.07863015529957001,0.06660577798769875,1,1,0,0,0,0,0,0,0,0,0,0
2017-04-03,132.49,132.81,131.56,132.3,125.13,23700300.0,124.3665,127.5432,-0.0005591054313099919,64.46094144719754,0.8226115526977367,0.8542392364749484,1,1.3799999999999955,0.00040148659001981724,0.19448728416341599,0,0.07847418729529199,0.08674549141078199,1,1,0,0,0,0,0,0,0,0,0,0
2017-04-04,131.92,132.53,131.87,132.51,125.33,13400000.0,124.3665,127.5432,0.001598337728762056,65.84196050108605,0.8292659217268152,0.8492445735253218,0,0.8299999999999983,0.0003208988310939853,-0.4346063130002574,0,0.07891981016465766,0.03298792055593104,1,1,0,0,0,0,0,0,0,0,0,0
2017-04-05,132.7,133.48,131.72,131.97,124.81,32011200.0,124.3665,127.5432,-0.00414904651719461,59.38097042896437,0.7835476533396246,0.8361051894881824,1,-0.269999999999996,-0.003109814219742546,1.3888955223880597,0,0.07776119070430698,0.13012032472802332,1,1,0,0,0,0,0,0,0,0,0,0
2017-04-06,132.1,132.39,131.7,132.04,124.88,18832200.0,124.3665,127.5432,0.000560852495793629,59.95070241585486,0.7443832247930828,0.8177607965491624,0,-0.4100000000000108,-0.001989856292638925,-0.4116996551207077,0,0.0779171587085849,0.06133873328931952,1,1,0,0,0,0,0,0,0,0,0,0
2017-04-07,132,132.37,131.5,131.97,124.81,16743100.0,124.3665,127.5432,-0.0005605381165918466,59.0586117868617,0.6996317981563891,0.7941349968706078,1,-0.39000000000000057,-0.004148732137992828,-0.11093233929121393,0,0.07776119070430698,0.050435658498015457,1,1,0,0,0,0,0,0,0,0,0,0
2017-04-10,132.1,132.57,131.66,132.02,124.86,15619300.0,124.3665,127.5432,0.0004006089255668144,59.52194241831677,0.6605857311543701,0.7674251437273604,0,-0.269999999999996,0.0004009233047685967,-0.06712018682322862,0,0.07787259642164834,0.04457051300451707,1,1,0,0,0,0,0,0,0,0,0,0
2017-04-11,131.9,132.1,130.5,131.45,124.32,33778400.0,124.3665,127.5432,-0.004324843825084135,52.598666764842996,0.579389117621119,0.7298179385061122,0,-1.0100000000000051,-0.004484773016109167,1.1626065188580794,0,0.07666941467436106,0.13934339388277536,1,1,0,0,0,0,0,0,0,0,0,0
2017-04-12,131.43,131.54,130.78,130.92,123.82,15955200.0,124.3665,127.5432,-0.004021879021879005,47.13212718354104,0.4692847723443805,0.6777113052737659,0,-0.9900000000000091,-0.007946113921396325,-0.5276508064325132,0,0.07555535750094694,0.04632358505583056,1,1,0,0,0,0,0,0,0,0,0,0
2017-04-13,130.74,131.51,130.38,130.4,123.33,23683000.0,124.3665,127.5432,-0.003957357454369204,42.47341673398893,0.3385843904626711,0.6098859223115469,1,-1.5499999999999972,-0.012304080301332343,0.484343662254312,0,0.07446358147100107,0.08665520219825527,1,1,0,0,0,0,0,0,0,0,0,0
2017-04-17,130.77,131.5,130.72,131.48,124.35,13325500.0,124.3665,127.5432,0.00827049379712963,52.908186444678485,0.3136928161626287,0.5506473010817633,0,-0.46000000000000796,0.00029125732088142176,-0.4373390195498881,0,0.07673625810476592,0.03259910284880732,0,1,0,0,0,0,0,0,0,0,0,0
2017-04-18,131.04,131.66,130.95,131.28,124.16,12841100.0,124.3415,127.5432,-0.001527945315641266,51.05058258928713,0.2754593284214195,0.4956097065496946,1,-0.7000000000000028,0.0027851910271191604,-0.03635135642189791,0,0.07631291637886856,0.030071004898059306,0,1,0,0,0,0,0,0,0,0,0,0
2017-04-19,131.85,132.29,131.31,131.49,124.36,17764800.0,124.421,127.5432,0.0016108247422681465,52.924233616491776,0.2583195949669488,0.44815168423314544,1,0.04000000000000625,0.00835337322375651,0.3834328834757148,0,0.07675853924823423,0.055767941066717466,0,1,0,0,0,0,0,0,0,0,0,0
2017-04-20,132.02,132.88,131.82,132.59,125.4,21977900.0,124.51100000000001,127.5432,0.008362817626246466,61.233864215958555,0.32491017878504636,0.42350338314352565,0,1.5800000000000125,0.008445697052873347,0.2371600018013149,0,0.07907577816893563,0.07775623478326675,0,1,0,0,0,0,0,0,0,0,0,0
2017-04-21,132.71,132.76,132.22,132.56,125.37,22454900.0,124.61500000000001,127.5432,-0.00023923444976081676,60.89992021863868,0.37098644612076725,0.412999995738974,1,2.0400000000000063,0.009734407918753796,0.021703620455093553,0,0.07900893473853082,0.08024571191478368,0,1,0,0,0,0,0,0,0,0,0,0
2017-04-24,134.03,134.29,133.8,134.16,126.89,22469900.0,124.782,127.5432,0.012124112626625161,69.86668699373195,0.5241118812570704,0.43522237284259335,1,2.5400000000000063,0.02024769580311081,0.0006680056468744144,0,0.08239566854570979,0.080323997359171,0,1,0,0,0,0,0,0,0,0,0,0
2017-04-25,134.6,135.37,134.48,135.13,127.8,19384400.0,124.9845,127.5432,0.0071715659232405304,73.74819033965093,0.7107017591415428,0.4903182501023833,0,3.6400000000000006,0.019056444100104875,-0.13731703300860265,0,0.0844232526013235,0.06422068144869825,0,1,0,0,0,0,0,0,0,0,0,0
2017-04-26,135.18,135.51,134.86,134.94,127.62,25398500.0,125.1405,127.5432,-0.0014084507042252392,71.77865316116443,0.8344322702004234,0.5591410541219913,1,3.260000000000005,0.017887227845640452,0.31025463774994333,0,0.08402219201889444,0.09560844752135236,0,1,0,0,0,0,0,0,0,0,0,0
2017-04-27,135.27,135.75,135.19,135.75,128.39,16136500.0,125.306,127.5432,0.006033537063156125,74.87038332308882,0.9832874310562403,0.6439703295088411,1,2.9899999999999807,0.011796652282171416,-0.3646672047561864,0,0.08573784006595214,0.04726979512699203,0,1,0,0,0,0,0,0,0,0,0,0
2017-04-28,136.29,136.34,135.77,135.99,128.62,22771900.0,125.47250000000001,127.5432,0.0017914167770076705,75.72582445626131,1.1070538684098636,0.7365870372890456,1,3.25,0.006416503135938556,0.4112044123570786,0,0.08625030636572273,0.08190014430616915,0,1,0,0,0,0,0,0,0,0,0,0
2017-05-01,136.44,137.38,136.38,137.2,129.76,24815500.0,125.70049999999999,127.5432,0.008863318301974621,79.45833909416129,1.282346047323287,0.845738839295894,1,2.8699999999999903,0.016688272142138416,0.08974218225093211,0,0.08879035672110691,0.09256575324949831,0,1,0,0,0,0,0,0,0,0,0,0
2017-05-02,137.37,137.49,137.02,137.43,129.98,18345100.0,125.94300000000001,127.5432,0.001695437731195959,80.09445125549706,1.422619451915594,0.961114961819834,0,2.1799999999999926,0.01235017281017825,-0.26074026314198784,0,0.08928054187740914,0.058796543958581776,0,1,0,0,0,0,0,0,0,0,0,0
2017-05-03,137.12,137.17,136.62,136.99,129.56,23827600.0,126.15449999999998,127.5432,-0.003231266348668882,75.30035801043707,1.4828038064888744,1.065452730753642,1,1.9399999999999977,0.007327489684501698,0.2988536448424921,0,0.0883447338517413,0.08740987388214909,0,1,0,0,0,0,0,0,0,0,0,0
2017-05-04,136.97,137.43,136.56,137.04,129.61,14630100.0,126.3945,127.5432,0.0003859215807349159,75.48845426301949,1.5170473457529567,1.155771653753505,1,1.2200000000000273,-0.001149907036738007,-0.38600194732159343,0,0.08845613956908271,0.03940784889865427,0,1,0,0,0,0,0,0,0,0,0,0
2017-05-05,137.39,137.54,136.88,137.54,130.08,19330700.0,126.65450000000001,127.5432,0.0036262634056014598,77.242821235829,1.5640809181592488,1.2374335066346538,1,1.460000000000008,0.0007809186376674937,0.3212965051503407,0,0.08950335331209203,0.06394041955779162,0,1,0,0,0,0,0,0,0,0,0,0
2017-05-08,137.61,137.84,137.33,137.84,130.37,13279900.0,126.93249999999998,127.5432,0.002229397293972868,78.27599747860694,1.606240202316215,1.3111948457709661,1,0.6100000000000136,0.0062415822803092436,-0.31301504860144747,0,0.09014950647267217,0.03236111509786985,0,1,0,0,0,0,0,0,0,0,0,0
2017-05-09,138.05,138.63,137.93,138.32,130.82,28426100.0,127.2305,127.5432,0.003451714351461188,79.80791818620145,1.65686368474897,1.380328613566567,1,0.8400000000000034,0.009307375051035516,1.140535696804946,0,0.09115215792874487,0.11140958161649003,0,1,0,0,0,0,0,0,0,0,0,0
2017-05-10,138.4,138.45,137.91,138.4,130.9,20499400.0,127.5595,127.5432,0.0006115272894053891,80.07689547532499,1.6840260862589815,1.44106810810505,0,1.3400000000000034,0.006292638934839445,-0.2788528852005727,0,0.0913304070764912,0.0700398994814894,0,1,0,0,0,0,0,0,0,0,0,0
2017-05-11,138.02,138.33,137.38,138.29,130.79,27232100.0,127.90799999999999,127.5432,-0.0008403361344538895,78.52791493142074,1.6773410608179944,1.488322698647639,1,1.1799999999999784,0.0032229055064126877,0.32843400294642766,0,0.09108531449834006,0.10517806024325896,0,1,0,0,0,0,0,0,0,0,0,0
2017-05-12,138.35,138.63,138.23,138.6,131.09,19738600.0,128.296,127.5432,0.0022937533450571035,79.68223921240391,1.6769201313606175,1.5260421851902348,1,1.009999999999991,0.002064944500008603,-0.27517158059789737,0,0.09175374880238857,0.06606926174216428,0,1,0,0,0,0,0,0,0,0,0,0
2017-05-15,138.66,139.12,138.53,139.04,131.5,20481300.0,128.6535,127.5432,0.0031276222442595536,81.17196359722139,1.6901866951035913,1.5588710871729063,1,1.1299999999999955,0.0045810394548627675,0.03762678204127945,0,0.09266727568458816,0.06994543504526203,0,1,0,0,0,0,0,0,0,0,0,0
2017-05-16,139.4,139.64,138.99,139.62,132.05,21786000.0,129.048,127.5432,0.0041825095057035355,82.97528617597831,1.7251939835619794,1.5921356664507211,0,1.2300000000000182,0.009603885095020193,0.06370201110281082,0,0.09389273857534369,0.07675470299807156,0,1,0,0,0,0,0,0,0,0,0,0
2017-05-17,138.51,138.77,136.05,136.07,128.69,55642200.0,129.2645,127.5432,-0.025444907232109126,50.901046343092176,1.4649268279831063,1.5666938987571983,1,-2.210000000000008,-0.018134775482146037,1.5540347011842468,0,0.08640627437000065,0.25345121381581526,0,1,0,0,0,0,0,0,0,0,0,0
2017-05-18,136.02,137.72,135.87,137.26,129.82,41319900.0,129.4855,127.5432,0.008780791048255354,56.930784144949214,1.3344619416693604,1.5202475073396309,1,-0.9699999999999989,-0.012481606678150237,-0.25739995902390633,0,0.08892404358191663,0.1787027058059095,0,1,0,0,0,0,0,0,0,0,0,0
2017-05-19,137.75,138.42,137.66,137.84,130.37,36730100.0,129.7355,127.5432,0.004236635341241746,59.53555040296047,1.26091296302846,1.4683805984773968,1,-0.7199999999999989,-0.012427480842612026,-0.11107964927311054,0,0.09014950647267217,0.1547484036293132,0,1,0,0,0,0,0,0,0,0,0,0
2017-05-22,138.15,139.07,138.1,139.0,131.46,19509700.0,129.964,127.5432,0.008360819206872705,64.1614925674221,1.2758713078194432,1.429878740345806,1,-0.03999999999999204,0.021378245596369805,-0.468836186125276,0,0.09257815111071505,0.0648746258608137,0,1,0,0,0,0,0,0,0,0,0,0
2017-05-23,139.41,139.42,138.78,139.14,131.6,19687500.0,130.154,127.5432,0.0010649627263044081,64.71938305107915,1.2842190559283893,1.4007468034623227,1,-0.45000000000001705,0.013662417274418859,0.009113415377991485,0,0.09289008711927094,0.0658025693282848,0,1,0,0,0,0,0,0,0,0,0,0
2017-05-24,139.56,139.85,139.17,139.78,132.2,15891900.0,130.38299999999998,127.5432,0.004559270516717229,67.08427022293552,1.3239875872852451,1.3853949602269071,1,3.509999999999991,0.013985052449894342,-0.19279238095238094,0,0.09422695572736789,0.04599322048051606,0,1,0,0,0,0,0,0,0,0,0,0
2017-05-25,140.31,141.33,140.01,140.97,133.33,23928600.0,130.63000000000002,127.5432,0.008547655068078752,71.02366563992669,1.4301995410573056,1.3943558763929869,1,3.5100000000000193,0.014171888311100389,0.5057104562701753,0,0.09674472493928393,0.08793699587435708,0,1,0,0,0,0,0,0,0,0,0,0
2017-05-26,141,141.28,140.81,141.22,133.56,13851600.0,130.877,127.5432,0.0017250431260780186,71.76439118018521,1.5154630428324651,1.4185773096808827,1,3.1899999999999977,0.014831968710874,-0.42112785536972497,0,0.09725719123905441,0.0353448343349521,0,1,0,0,0,0,0,0,0,0,0,0
2017-05-30,141.15,141.51,141.06,141.34,133.68,20306400.0,131.073,127.5432,0.0008984725965859308,72.16420299987946,1.5745673471539305,1.4497753171754924,0,2.219999999999999,0.011171170790742702,0.46599670796153503,0,0.0975245649606738,0.06903262676370582,0,0,0,0,0,0,0,0,0,0,0,0
2017-05-31,141.84,141.84,140.57,141.29,133.63,33229400.0,131.2555,127.7226,-0.0003740275284261907,71.70858271295404,1.5989417468684337,1.4796086031140807,1,2.030000000000001,0.0022494881942377587,0.6364003466887287,0,0.09741315924333238,0.13647814661819926,0,0,0,0,0,0,0,0,0,0,0,0
2017-06-01,141.58,141.9,140.98,141.84,134.15,20120700.0,131.485,127.95019999999998,0.0038913417645738413,73.57703015295786,1.6412984218941347,1.5119465668700915,1,1.950000000000017,0.004415786832733581,-0.39449102300974437,0,0.09857177870368311,0.06806345296219074,0,0,0,0,0,0,0,0,0,0,0,0
2017-06-02,142.34,143.49,142.11,143.46,135.68,37222900.0,131.7885,128.1918,0.011405143496086456,78.14958254493715,1.7778308775764629,1.5651234290113658,0,2.3499999999999943,0.014922457732234107,0.8499803684762459,0,0.10198079365433038,0.15732034142891813,0,0,0,0,0,0,0,0,0,0,0,0
2017-06-05,143.45,143.68,143.23,143.43,135.65,15727500.0,132.067,128.439,-0.00022110849056600212,77.86504857245718,1.8621474069278179,1.6245282245946562,0,2.0900000000000034,0.015075376770094295,-0.5774778429407703,0,0.10191395022392552,0.04513521201003097,0,0,0,0,0,0,0,0,0,0,0,0
2017-06-06,143.26,143.73,142.65,142.86,135.11,22393000.0,132.30400000000003,128.6702,-0.00398083302617025,72.73183649953654,1.8639093896740064,1.6724044576105264,1,1.4300000000000068,0.0072032019793502045,0.4238117946272453,0,0.10071076847663823,0.07992265398094532,0,0,0,0,0,0,0,0,0,0,0,0
2017-06-07,143.26,143.54,142.6,143.42,135.64,18842400.0,132.54500000000002,128.908,0.003922729627710453,74.50813156645978,1.8863279301198759,1.7151891521123965,1,2.009999999999991,-0.00027921188902579885,-0.15855847809583357,0,0.10189166908045716,0.06139196739150289,0,0,0,0,0,0,0,0,0,0,0,0
2017-06-08,143.74,143.8,142.79,143.57,135.79,25417400.0,132.7895,129.13379999999998,0.0011058684753759707,75.00440695541516,1.8943615110376584,1.751023623897449,0,1.6399999999999864,0.001047765076916174,0.3489470555767842,0,0.10222588623248147,0.09570708718128038,0,0,0,0,0,0,0,0,0,0,0,0
2017-06-09,143.74,143.9,138.11,139.98,132.39,109783700.0,132.8695,129.28,-0.025038662640842535,50.84291102363324,1.6078423905483135,1.722387377227622,0,-3.2900000000000205,-0.02001006453775611,3.319234068000661,0,0.09465029745326525,0.5360173063022392,0,0,0,0,0,0,0,0,0,0,0,0
2017-06-12,138.8,139.48,137.47,139.23,131.68,104454000.0,132.899,129.4078,-0.005362942820454575,47.40846240645544,1.308400431298253,1.6395899880417484,1,-3.969999999999999,-0.02929573698592114,-0.04854727978743656,0,0.09306833626701727,0.5082014441054975,0,0,0,0,0,0,0,0,0,0,0,0
2017-06-13,140.01,140.56,139.28,140.36,132.75,51193000.0,132.9615,129.55880000000002,0.008125759416767853,52.60451673469604,1.144240486799788,1.5405200877933565,0,-2.3600000000000136,-0.022275846044529257,-0.5098990943381776,0,0.09545241861812348,0.23023070720460945,0,0,0,0,0,0,0,0,0,0,0,0
2017-06-14,140.93,140.93,138.62,139.75,132.17,60093800.0,132.9675,129.6996,-0.004369114877589508,49.735998871237705,0.9563175617733748,1.4236795825893602,0,-3.469999999999999,-0.0016062982812762305,0.17386752095012992,0,0.09416011229696308,0.2766842460981229,0,0,0,0,0,0,0,0,0,0,0,0
2017-06-15,138.34,139.28,137.49,139.13,131.59,55145200.0,133.1125,129.8248,-0.004388287811152192,46.97728222836322,0.7519184887552797,1.2893273638225442,0,-4.199999999999989,-0.0006316432719738474,-0.08234792940369884,0,0.09286780597580269,0.25085735609178184,0,0,0,0,0,0,0,0,0,0,0,0
2017-06-16,138.68,138.78,137.64,138.15,131.02,48087400.0,133.17249999999999,129.94899999999998,-0.004331636142563933,44.37244179648596,0.5377378077438664,1.1390094526068086,0,-1.3699999999999761,-0.013089038831305633,-0.12798575397314726,0,0.0915977807981106,0.21402248879865768,0,0,0,0,0,0,0,0,0,0,0,0
2017-06-16,0.38 Dividend,,,,,,132.1945,134.42780000000002,0.0,44.37244179648596,0.5377378077438664,1.0187551236342203,0,0.0,-0.008719923953716124,0.0,0,0.09647735121766454,0.1698648010375431,1,1,0,0,0,0,1,0,0,0,1,1
2017-06-19,139.49,140.59,139.28,140.46,133.21,39626500.0,132.1945,134.42780000000002,0.016715005342695655,44.37244179648596,0.5445142418850253,0.9239069472843813,0,0.46000000000000796,0.012383369200131722,-0.17594837732961233,0,0.09647735121766454,0.1698648010375431,1,1,0,0,0,0,0,0,0,0,0,0
2017-06-20,140.32,140.5,139.31,139.36,132.16,40935100.0,132.1945,134.42780000000002,-0.0078822911192854,39.3521373466689,0.45383808728448116,0.8298931752844013,1,-0.009999999999990905,0.008832714223410254,0.03302335558275393,0,0.09413783115349478,0.17669442320589332,1,1,0,0,0,0,0,0,0,0,0,0
2017-06-21,139.68,140.81,139.59,140.74,133.47,35743400.0,132.1945,134.42780000000002,0.009912227602905554,47.35492279268819,0.48212499650301766,0.7603395395281246,0,1.8799999999999955,0.01874494182631581,-0.1268275880601244,0,0.09705666094783982,0.14959878709751495,1,1,0,0,0,0,0,0,0,0,0,0
2017-06-22,140.96,141.22,140.34,140.7,133.43,24099100.0,132.1945,134.42780000000002,-0.0002996928148647493,47.15033306819165,0.49560191971980316,0.7073920155664604,1,2.4099999999999966,0.0017302436687554046,-0.325774828359921,0,0.09696753637396671,0.08882684042555966,1,1,0,0,0,0,0,0,0,0,0,0
2017-06-23,140.54,141.42,140.15,141.24,133.95,21654300.0,132.1945,134.42780000000002,0.003897174548452176,50.16461937017209,0.5419943590523815,0.6743124842636445,0,0.0,0.013509709336492981,-0.10144777190849452,0,0.09812615583431739,0.07606735679635085,1,1,0,0,0,0,1,0,0,0,0,0
2017-06-26,142.05,142.29,140.27,140.58,133.32,34411100.0,132.1945,134.42780000000002,-0.004703247480403072,46.69014317747859,0.5219087276570633,0.6438317329423283,0,0.10999999999998522,-0.0011057657468156457,0.5891116314080806,0,0.09672244379581557,0.14264547392703275,1,1,0,0,0,0,0,0,0,0,0,0
2017-06-27,140.05,140.22,138.02,138.03,130.9,65957800.0,132.1945,134.42780000000002,-0.018151815181518094,36.2918803748673,0.3071760110065611,0.5765005885551749,1,-1.259999999999991,-0.01895788811346899,0.9167594177460181,0,0.0913304070764912,0.3072886358239413,1,1,0,0,0,0,0,0,0,0,0,0
2017-06-28,138.54,140.14,137.74,140.02,132.79,57427200.0,132.1945,134.42780000000002,0.01443850267379676,46.34258386277881,0.28620677703810316,0.5184418262517606,0,-0.6800000000000068,-0.008416559988124406,-0.1293342106619687,0,0.09554154319199659,0.2627671816979069,1,1,0,0,0,0,0,0,0,0,0,0
2017-06-29,139.44,139.44,136.25,137.59,130.48,88769400.0,132.1945,134.42780000000002,-0.017395888244596702,38.37411460837912,0.08224277005956537,0.4312020150133216,1,-2.950000000000017,-0.021109200752318036,0.5457727348712804,0,0.09039459905082325,0.42634305203633494,1,1,0,0,0,0,0,0,0,0,0,0
2017-06-30,137.98,138.67,137.19,137.64,130.53,68898300.0,132.1945,134.42780000000002,0.00038320049049667126,38.62013059234722,-0.07450672566506,0.33006026687764534,0,-3.4199999999999875,-0.0025741850803032706,-0.22385078641964462,0,0.09050600476816473,0.3226351924386699,1,1,0,0,0,0,0,0,0,0,0,0
2017-07-03,138.27,138.43,136.1,136.19,129.16,32797000.0,132.1945,134.42780000000002,-0.010495671493143344,34.55020870468496,-0.3057548294303274,0.2028972476160508,1,-4.159999999999997,-0.027508359247243375,-0.5239795466651571,0,0.08745348811300996,0.13422143820799398,1,1,0,0,0,0,0,0,0,0,0,0
2017-07-05,136.62,137.9,136.16,137.53,130.43,42116600.0,132.1945,134.42780000000002,0.00983276556209356,40.780455310171064,-0.3821371918739942,0.08589035971804179,0,-0.46999999999999886,-0.00027970544055311297,0.28416013659785966,0,0.09028319333348189,0.18286070670880164,1,1,0,0,0,0,0,0,0,0,0,0
2017-07-06,136.48,137.06,135.8,136.29,129.25,48430500.0,132.1945,134.42780000000002,-0.009046998389941052,37.233961648432114,-0.5317571374708905,-0.03763913971974467,1,-3.539999999999992,-0.009709904320990836,0.1499147604507487,0,0.08765401840422449,0.21581313786327708,1,1,0,0,0,0,0,0,0,0,0,0
2017-07-07,136.75,138.13,136.74,137.76,130.65,36970400.0,132.1945,134.42780000000002,0.010831721470019318,43.51083003977559,-0.5312399194915827,-0.13635929567411226,1,0.17000000000001592,0.011617488642171825,-0.23662980972734127,0,0.09077337848978412,0.15600253644839815,1,1,0,0,0,0,0,0,0,0,0,0
2017-07-10,137.85,138.99,137.5,138.66,131.5,24853500.0,132.1945,134.42780000000002,0.006505931879066118,46.977811563205975,-0.45697440774719666,-0.20048231808872916,1,0.9699999999999989,0.008290654959144383,-0.32774598056823834,0,0.09266727568458816,0.09276407637527953,1,1,0,0,0,0,0,0,0,0,0,0
2017-07-11,138.46,139.22,137.94,139.05,131.87,31517700.0,132.1945,134.42780000000002,0.002813688212927712,48.460646408007534,-0.3640658226740072,-0.23319901900578477,1,2.710000000000008,0.020151341562013148,0.2681392962761784,0,0.09349167799291463,0.12754473360768032,1,1,0,0,0,0,0,0,0,0,0,0
2017-07-12,140.24,140.86,139.96,140.7,133.43,36045800.0,132.1945,134.42780000000002,0.011829832410707564,54.26781747787826,-0.16268085348360728,-0.21909538590134928,1,3.0,0.021149452502701394,0.1436684783470874,0,0.09696753637396671,0.15117702165636343,1,1,0,0,0,0,0,0,0,0,0,0
2017-07-13,140.87,141.35,140.6,141.01,133.73,31073600.0,132.1945,134.42780000000002,0.002248369931799221,55.31064170168273,0.020884929824887877,-0.17109932275610187,1,4.47999999999999,0.016891890555434497,-0.1379411748386774,0,0.09763597067801516,0.12522696255085292,1,1,0,0,0,0,0,0,0,0,0,0
2017-07-14,141.64,142.3,141.19,142.12,134.78,34544800.0,132.1945,134.42780000000002,0.007851641366933393,58.8476535420795,0.24822695458425414,-0.08723406728803068,1,4.1299999999999955,0.021929843709440178,0.11170897482107,0,0.09997549074218492,0.1433432581880051,1,1,0,0,0,0,0,0,0,0,0,0
2017-07-17,142.27,142.69,141.92,142.19,134.85,25343200.0,132.1945,134.42780000000002,0.0005193648909334048,59.08017316317397,0.429099173930382,0.016032580955651868,1,3.3499999999999943,0.010619376189666019,-0.2663671522197263,0,0.10013145874646284,0.0953198351830444,0,1,0,0,0,0,0,0,0,0,0,0
2017-07-18,142.09,143.17,141.64,143.14,135.75,25748500.0,132.3215,134.42780000000002,0.006674082313681939,62.04920613886597,0.6377130304103389,0.14036867084658927,1,3.8799999999999955,0.015045088571548737,0.015992455569936004,0,0.1021367616586083,0.09743510789038995,0,1,0,0,0,0,0,0,0,0,0,0
2017-07-19,143.56,144.19,143.5,143.98,136.54,33752300.0,132.5405,134.42780000000002,0.005819521178637155,64.48511435239416,0.8569094931178824,0.2836768353008479,1,3.109999999999985,0.013012968383252499,0.310845291958755,0,0.10389697199260267,0.13920717720954143,0,1,0,0,0,0,0,0,0,0,0,0
2017-07-20,144.35,144.44,143.52,144.17,136.72,36139400.0,132.703,134.42780000000002,0.0013182950051267017,65.03578750437694,1.0332382374828342,0.4335891157372452,0,2.990000000000009,0.013811898497445796,0.07072406917454521,0,0.10429803257503173,0.15166552282934034,0,1,0,0,0,0,0,0,0,0,0,0
2017-07-21,143.64,144.11,143.35,144.11,136.67,39697100.0,132.865,134.42780000000002,-0.00036571094207149546,64.73552001964875,1.1556241399057399,0.5779961205709441,1,1.8899999999999864,0.006772105241692361,0.09844380371561234,0,0.10418662685769031,0.1702332645291261,0,1,0,0,0,0,0,0,0,0,0,0
2017-07-24,144.09,144.87,143.92,144.77,137.29,26712700.0,133.03199999999998,134.42780000000002,0.004536474720128858,66.78345750758714,1.2877997142836932,0.719956839313494,0,2.4399999999999977,0.005489058783184064,-0.32708686528738873,0,0.10556805775272388,0.10246729625560719,0,1,0,0,0,0,0,0,0,0,0,0
2017-07-25,144.29,144.74,144.01,144.4,136.94,28120900.0,133.21300000000002,134.42780000000002,-0.002549348095272741,64.50605024802348,1.3487600678358547,0.8457174850179662,1,1.1899999999999977,0.0016214156827846216,0.05271649814507695,0,0.10478821773133395,0.10981673377468928,0,1,0,0,0,0,0,0,0,0,0,0
2017-07-26,144.76,144.95,144.53,144.87,137.39,18610600.0,133.5375,134.42780000000002,0.003286110705418288,66.10641318433414,1.4170479793899915,0.9599835838923713,0,0.8499999999999943,0.005273237330274405,-0.33819330106788903,0,0.10579086918740666,0.060182196324237436,0,1,0,0,0,0,0,0,0,0,0,0
2017-07-27,145.82,145.96,142.3,143.96,136.53,80665900.0,133.72449999999998,134.42780000000002,-0.006259553097022974,60.49284756246109,1.3857972208709555,1.045146311288088,0,-0.18999999999999773,-0.005522790486877427,3.334406198617992,0,0.10387469084913437,0.384050645463489,0,1,0,0,0,0,0,0,0,0,0,0
2017-07-28,143.1,144.08,142.87,143.84,136.41,38013200.0,134.02100000000002,134.42780000000002,-0.0008789277081960867,59.730663215809344,1.3359477978618202,1.1033066086028347,0,-0.2599999999999909,-0.0038523700998007726,-0.5287575047200862,0,0.10360731712751498,0.16144494054220498,0,1,0,0,0,0,0,0,0,0,0,0
2017-07-31,144.25,144.43,142.92,143.23,135.83,33848600.0,134.286,134.42780000000002,-0.004251887691518075,56.05447517083707,1.2353996995171883,1.1297252267857054,1,-1.4599999999999795,-0.011390368496737135,-0.10955668031104981,0,0.10231501080635463,0.13970976976250807,0,1,0,0,0,0,0,0,0,0,0,0
2017-08-01,143.72,143.76,143.12,143.56,136.15,20149400.0,134.6355,134.42780000000002,0.002355886034013155,57.60480356593803,1.168071135862391,1.1373944086010426,1,-0.789999999999992,-0.0027749293657010066,-0.40471984070242195,0,0.10302800739733964,0.06821323911245182,0,1,0,0,0,0,0,0,0,0,0,0
2017-08-02,144.49,144.52,142.61,143.95,136.52,41769700.0,134.94,134.42780000000002,0.002717590892398203,59.38878943683331,1.1315251542426665,1.1362205577293674,0,-0.8699999999999761,0.000821589234893283,1.0729996922985299,0,0.10385240970566612,0.1810502253316041,0,1,0,0,0,0,0,0,0,0,0,0
2017-08-03,144.09,144.17,143.13,143.39,135.99,27112800.0,135.277,134.42780000000002,-0.0038822150600644756,55.76866236349327,1.0477181868284617,1.1185200835491864,1,-0.539999999999992,0.0011912618663468821,-0.3508978996736869,0,0.10267150910184714,0.10455543000889844,0,1,0,0,0,0,0,0,0,0,0,0
2017-08-04,143.71,143.97,143.06,143.65,136.23,29472900.0,135.55599999999998,134.42780000000002,0.0017648356496799966,57.045535377328655,0.9892629481212509,1.0926686564635995,1,-0.18000000000000682,0.0006002114820137239,0.08704744622466132,0,0.10320625654508586,0.11687286182880016,0,1,0,0,0,0,0,0,0,0,0,0
2017-08-07,143.91,144.56,143.71,144.56,137.09,17933900.0,135.8355,134.42780000000002,0.00631285326286446,61.35106925882062,1.0007950209503917,1.074293929360958,0,1.259999999999991,0.004195473852479981,-0.3915122027353942,0,0.1051224348833582,0.0566504789764439,0,1,0,0,0,0,0,0,0,0,0,0
2017-08-08,144.28,145.47,143.9,144.31,136.86,30810400.0,136.085,134.42780000000002,-0.0016777299584214145,59.62961774782125,0.9800774709339066,1.0554506376755477,0,0.710000000000008,0.006399958954123042,0.7179977584351425,0,0.10460996858358773,0.12385331395333665,0,1,0,0,0,0,0,0,0,0,0,0
2017-08-09,143.12,144.19,142.79,144.12,136.68,36169500.0,136.2475,134.42780000000002,-0.0013152126260412844,58.25204920147473,0.9383178238163339,1.032024074903705,0,0.1599999999999966,0.0033199106784017607,0.17393802092799837,0,0.10420890800115862,0.15182261562107757,0,1,0,0,0,0,0,0,0,0,0,0
2017-08-10,143.3,143.4,140.89,141.03,133.75,63331700.0,136.24849999999998,134.42780000000002,-0.021436932982148105,41.46119455864606,0.6611748772277508,0.9578542353685143,1,-2.240000000000009,-0.024429875566610804,0.7509697396978117,0,0.09768053296495177,0.29358294212357094,0,1,0,0,0,0,0,0,0,0,0,0
2017-08-11,141.22,142.41,140.9,142.1,134.76,45862500.0,136.2475,134.42780000000002,0.007551401869158703,47.119608238893555,0.5170751341485982,0.869698415124531,1,-1.4699999999999989,-0.015200743739030687,-0.27583658736462147,0,0.09993092845524831,0.20241066978416702,0,1,0,0,0,0,0,0,0,0,0,0
2017-08-14,143.23,144.15,143.19,143.93,136.5,34161000.0,136.33,134.42780000000002,0.01291184327693684,55.160813087156534,0.5370872997230833,0.8031761920442416,1,-0.5900000000000034,-0.0009736878360525614,-0.2551430907604252,0,0.10380784741872956,0.14134019461761474,0,1,0,0,0,0,0,0,0,0,0,0
2017-08-15,144.29,144.3,143.64,144.03,136.59,25509200.0,136.372,134.42780000000002,0.0006593406593407014,55.53742926843402,0.5538251810167765,0.7533059898387486,1,-0.27000000000001023,0.021122585805436245,-0.2532654196305729,0,0.10400837770994409,0.09618619410093082,0,1,0,0,0,0,0,0,0,0,0,0
2017-08-16,144.39,144.96,143.8,144.28,136.83,31913000.0,136.3865,134.42780000000002,0.0017570832418185578,56.58464938229508,0.5797728067481387,0.7185993532206267,0,0.15000000000000568,0.0153282671780961,0.25103884088877737,0,0.10454312515318287,0.12960781601876764,0,1,0,0,0,0,0,0,0,0,0,0
2017-08-17,143.72,143.94,141.33,141.33,134.03,70191000.0,136.252,134.42780000000002,-0.020463348680844873,43.66367731083319,0.3701332222727274,0.6489061270310469,0,0.28000000000000114,-0.018046924779685614,1.1994485006110365,0,0.09830440498206366,0.3293818320359696,0,1,0,0,0,0,0,0,0,0,0,0
2017-08-18,141.41,142.2,140.65,141.23,133.94,60751900.0,136.1155,134.42780000000002,-0.0006714914571365194,43.321251326630446,0.19448815497975147,0.5580225326207878,0,-0.8199999999999932,-0.019377756896162834,-0.13447735464660715,0,0.09810387469084914,0.2801188894948762,0,1,0,0,0,0,0,0,0,0,0,0
2017-08-21,141.22,141.53,140.18,141.05,133.77,37111500.0,135.9395,134.42780000000002,-0.0012692250261310267,42.64100696421695,0.04109685547695108,0.4546373971920205,1,-2.7299999999999898,-0.02240406516411242,-0.38913021650351676,0,0.09772509525188838,0.1567389415286016,0,1,0,0,0,0,0,0,0,0,0,0
2017-08-22,141.81,143.35,141.76,143.2,135.8,36294200.0,135.8825,134.42780000000002,0.015175300889586518,52.27749876706886,0.08238746862460289,0.380187411478537,0,-0.789999999999992,0.013234584406318972,-0.022022823114129064,0,0.10224816737594977,0.15247342861541754,0,1,0,0,0,0,0,0,0,0,0,0
2017-08-23,142.48,143.01,142.38,142.69,135.32,25702300.0,135.779,134.42780000000002,-0.003534609720176829,50.13278588787615,0.07550817728869674,0.319251564640569,0,-1.5100000000000193,0.010371466143278663,-0.2918345079930127,0,0.10117867248947215,0.09719398872167698,0,1,0,0,0,0,0,0,0,0,0,0
2017-08-24,143.01,143.17,141.47,142.27,134.92,38160800.0,135.69850000000002,134.42780000000002,-0.0029559562518475246,48.35255147239144,0.03734909516182938,0.2628710707448211,0,0.8899999999999864,0.008684734917562165,0.48472315707154623,0,0.10028742675074082,0.16221526931497626,0,1,0,0,0,0,0,0,0,0,0,0
2017-08-25,142.82,143.18,141.78,141.97,134.64,26380400.0,135.60999999999999,134.42780000000002,-0.002075303883782964,47.091930377799926,-0.015309434654511733,0.20723496966495453,1,0.6999999999999886,-0.008565869855807318,-0.3087042200373158,0,0.09966355473362892,0.10073301271094665,0,1,0,0,0,0,0,0,0,0,0,0
2017-08-28,142.4,142.74,141.95,142.41,135.06,15362100.0,135.5715,134.42780000000002,0.003119429590017875,49.230124895317914,-0.02288737756296655,0.16121050021937033,1,1.289999999999992,-0.001911830545612614,-0.4176699367712392,0,0.10059936275929682,0.043228178584755736,0,0,0,0,0,0,0,0,0,0,0,0
2017-08-29,141.19,143.21,141.06,142.97,135.59,24498300.0,135.5435,134.4754,0.003924181845105901,51.873280997512964,0.013715514774418125,0.13171150313037988,1,-0.21000000000000796,0.0049683075513408115,0.5947233776632102,0,0.1017802633631158,0.09091027705218768,0,0,0,0,0,0,0,0,0,0,0,0
2017-08-30,143.09,144.89,143.0,144.65,137.18,33642700.0,135.57649999999998,134.5758,0.01172652850505207,58.802626072539844,0.16907429920087225,0.13918406234447836,1,1.8600000000000136,0.018770139940175845,0.3732667164660406,0,0.10532296517457279,0.13863517156255137,0,0,0,0,0,0,0,0,0,0,0,0
2017-08-31,145.06,146.21,144.98,146.2,138.65,38480700.0,135.7095,134.67940000000002,0.010715847791223254,63.967973274654334,0.40613232917371533,0.19257371571032578,0,3.730000000000018,0.026366558141381224,0.1438053426151884,0,0.10859829326441034,0.16388483689227662,0,0,0,0,0,0,0,0,0,0,0,0
2017-09-01,146.39,146.59,145.61,146.0,138.46,22293600.0,135.821,134.78,-0.001370357014064183,62.870738664503044,0.572076571127667,0.26847428679379404,0,3.8200000000000216,0.02107201928221114,-0.4206550296642213,0,0.10817495153851298,0.07940388243613865,0,0,0,0,0,0,0,0,0,0,0,0
2017-09-05,145.57,145.88,143.6,144.69,137.22,44794300.0,135.82750000000001,134.84539999999998,-0.008955655062834134,56.10672336373714,0.5966530960645002,0.3341100486479353,1,2.1599999999999966,0.0003898357143249376,1.0092896616069185,0,0.1054120897484459,0.19683570233786432,0,0,0,0,0,0,0,0,0,0,0,0
2017-09-06,145.06,145.46,144.08,145.13,137.64,30722700.0,135.8665,134.9318,0.003060778312199197,57.764205936146524,0.6426130162165293,0.39581064216165407,1,2.049999999999983,-0.007265233764699119,-0.31413818275986005,0,0.10634789777411374,0.1233956050551521,0,0,0,0,0,0,0,0,0,0,0,0
2017-09-07,145.4,145.84,144.94,145.47,137.96,22721100.0,135.9305,135.073,0.0023249055507121863,59.03350836888903,0.6968253409371812,0.45601358191675956,0,0.7800000000000011,-0.00356997119992275,-0.2604458592506518,0,0.10706089436509886,0.08163501760117742,0,0,0,0,0,0,0,0,0,0,0,0
2017-09-08,145.28,145.35,144.06,144.21,136.76,27890100.0,136.081,135.1524,-0.00869817338358958,52.644238294250364,0.6356318592688979,0.4919372373871873,1,-1.8900000000000148,-0.003312489520678197,0.22749778839932921,0,0.10438715714890484,0.10861218173704962,0,0,0,0,0,0,0,0,0,0,0,0
2017-09-11,145.34,146.12,145.3,145.87,138.34,27126300.0,136.26,135.3096,0.011553085697572518,58.944826150171075,0.706484466403225,0.5348466831903949,1,-0.12000000000000455,0.005179817864695124,-0.027386061720825694,0,0.10790757781689359,0.10462588690884703,0,0,0,0,0,0,0,0,0,0,0,0
2017-09-12,146.28,146.41,145.53,146.22,138.67,30256700.0,136.36849999999998,135.4724,0.00238542720832724,60.13774698278125,0.780269449583642,0.5839312364690443,1,1.4499999999999886,0.005240339522310178,0.11540092087752485,0,0.1086428555513469,0.12096353724951919,0,0,0,0,0,0,0,0,0,0,0,0
2017-09-13,145.97,146.44,145.73,146.42,138.86,28450900.0,136.48200000000003,135.6664,0.001370159371169244,60.84321143984815,0.8443429327069509,0.6360135757166256,0,1.2200000000000273,0.015308672277069002,-0.059682648801753,0,0.10906619727724431,0.11153901355121043,0,0,0,0,0,0,0,0,0,0,0,0
2017-09-14,145.85,146.29,145.47,145.56,138.04,35296400.0,136.54250000000002,135.8186,-0.005905228287483966,56.218963954055454,0.8195077080006286,0.6727124021734262,1,0.07999999999998408,-0.002149641707987482,0.24060750275035225,0,0.10723914351284508,0.14726588085477266,0,0,0,0,0,0,0,0,0,0,0,0
2017-09-15,145.53,146.59,145.29,146.06,138.52,46422400.0,136.767,136.004,0.003477252970153666,58.22067958237179,0.8290013899771509,0.7039701997341712,0,1.7600000000000193,-0.001057815946161056,0.3152162826803866,0,0.1083086383993227,0.20533280447166458,0,0,0,0,0,0,0,0,0,0,0,0
2017-09-18,145.91,146.37,145.11,145.55,138.34,24858200.0,136.987,136.15779999999998,-0.0012994513427664334,57.165166145130286,0.8126331762553036,0.7257027950383976,0,0.0,-0.003727426660096733,-0.46452143792651823,0,0.10790757781689359,0.09278860581452089,0,0,0,0,0,0,0,0,0,0,0,0
2017-09-18,0.32 Dividend,,,,,,138.80700000000002,142.3742,0.0,57.165166145130286,0.8126331762553036,0.7430888712817788,0,0.0,0.0021778016273872325,0.0,0,0.10842004411666406,0.0719803346963699,1,1,0,0,0,0,1,0,0,0,1,1
2017-09-19,145.81,146.01,145.31,145.8,138.57,20871200.0,138.80700000000002,142.3742,0.0016625704785311335,57.165166145130286,0.8168981790105647,0.7578507328275361,0,-0.29000000000002046,0.0003631191357647001,-0.16038973055168915,0,0.10842004411666406,0.0719803346963699,1,1,0,0,0,0,0,0,0,0,0,0
2017-09-20,145.75,145.91,144.23,145.35,138.15,34236200.0,138.80700000000002,142.3742,-0.003030959082052309,54.29644253790509,0.7693549567964908,0.7601515776213271,0,0.11000000000001364,-0.0013683886035211756,0.6403560887730462,0,0.10748423609099622,0.14173266564547654,1,1,0,0,0,0,0,0,0,0,0,0
2017-09-21,145.25,145.26,143.95,144.46,137.3,28841800.0,138.80700000000002,142.3742,-0.006152732537097361,48.94334447928963,0.6555321478618339,0.7392276916694285,0,-1.2199999999999989,-0.007521121140618536,-0.15756421565477474,0,0.10559033889619218,0.1135791322319441,1,1,0,0,0,0,0,0,0,0,0,0
2017-09-22,144,144.53,143.85,144.32,137.17,21702400.0,138.80700000000002,142.3742,-0.0009468317552805416,48.16128284801663,0.5485139112564639,0.7010849355868356,0,-1.170000000000016,-0.010130523374430211,-0.2475365615183518,0,0.10530068403110443,0.07631839212135287,1,1,0,0,0,0,0,0,0,0,0,0
2017-09-25,143.75,143.83,142.1,142.8,135.72,54947700.0,138.80700000000002,142.3742,-0.010570824524312794,40.40592677758294,0.3427473280328286,0.6294174140760342,1,0.0,-0.017670388816690696,1.531872051017399,0,0.1020699182282035,0.24982659774068208,1,1,0,0,0,0,1,0,0,0,0,0
2017-09-26,143.53,143.8,142.67,143.17,136.07,29628800.0,138.80700000000002,142.3742,0.0025788387857352824,42.8002488051464,0.20554846849256592,0.5446436249593406,1,-2.5,-0.008938817493858053,-0.460781797964246,0,0.10284975824959336,0.11768650854746576,1,1,0,0,0,0,0,0,0,0,0,0
2017-09-27,143.93,145.0,143.57,144.46,137.3,33249400.0,138.80700000000002,142.3742,0.009039464981259737,50.34981673399791,0.19383370995254268,0.47448164195798104,0,-0.8499999999999943,0.0010474792426822255,0.12219867156280384,0,0.10559033889619218,0.1365825272107157,1,1,0,0,0,0,0,0,0,0,0,0
2017-09-28,144.11,144.56,143.78,144.41,137.25,24149400.0,138.80700000000002,142.3742,-0.0003641660597233365,50.060566781686134,0.17845794517103286,0.4152769026005914,1,-0.05000000000001137,0.011254137707271683,-0.2736891492778817,0,0.10547893317885076,0.0890893576157385,1,1,0,0,0,0,0,0,0,0,0,0
2017-09-29,144.7,145.56,144.32,145.45,138.24,43102400.0,138.80700000000002,142.3742,0.00721311475409836,55.510406314985744,0.24335205600976906,0.380891933282427,1,1.0700000000000216,0.01588841367563476,0.7848228113327866,0,0.10768476638221075,0.18800562611393665,1,1,0,0,0,0,0,0,0,0,0,0
2017-10-02,145.67,146.17,144.93,145.58,138.36,27351300.0,138.80700000000002,142.3742,0.0008680555555555802,56.135271440664404,0.3009944271112488,0.3649124320481914,1,2.640000000000015,0.0077170042499306035,-0.36543440736478716,0,0.10795214010383014,0.1058001685746569,1,1,0,0,0,0,0,0,0,0,0,0
2017-10-03,145.77,146.06,145.45,145.89,138.66,19715200.0,138.80700000000002,142.3742,0.002168256721595707,57.73353524342843,0.3666573169815024,0.3652614090348536,1,2.5900000000000034,0.010249427031249647,-0.2791859984717363,0,0.10862057440787859,0.06594713644892006,1,1,0,0,0,0,0,0,0,0,0,0
2017-10-04,145.61,146.34,145.47,146.03,138.79,26381100.0,138.80700000000002,142.3742,0.0009375450742823421,58.44019970408948,0.4242945404755005,0.377068035322983,1,1.4899999999999807,0.0039738573514336295,0.3381096818698264,0,0.10891022927296629,0.10073666603168474,1,1,0,0,0,0,0,0,0,0,0,0
2017-10-05,146.56,147.54,146.41,147.46,140.15,31562400.0,138.80700000000002,142.3742,0.009798976871532528,65.02771420896272,0.5731066723813285,0.4162757627346521,1,2.9000000000000057,0.012904778667410577,0.19640196959186684,0,0.11194046478465275,0.12777802423195456,1,1,0,0,0,0,0,0,0,0,0,0
2017-10-06,146.96,147.66,146.96,147.66,140.34,23561100.0,138.80700000000002,142.3742,0.0013556903317872848,65.84229871392664,0.6983229390040719,0.47268519798853614,0,2.0999999999999943,0.012092212277602155,-0.25350733784503077,0,0.11236380651055011,0.08601900248686761,1,1,0,0,0,0,0,0,0,0,0,0
2017-10-09,147.85,148.01,147.3,147.49,140.18,13704800.0,138.80700000000002,142.3742,-0.001140088356847646,64.48025840583242,0.7757052226656924,0.5332892029239674,1,1.8199999999999932,0.010014578846472166,-0.4183293649277835,0,0.11200730821505761,0.034578680785881485,1,1,0,0,0,0,0,0,0,0,0,0
2017-10-10,147.99,148.14,146.95,147.6,140.28,19223100.0,138.80700000000002,142.3742,0.0007133685261806466,64.96802748695461,0.8354696304043898,0.5937252884200519,1,1.6200000000000045,0.0009289705011202853,0.40265454439320525,0,0.11223011964974045,0.0633788519700532,1,1,0,0,0,0,0,0,0,0,0,0
2017-10-11,147.53,148.07,147.34,148.04,140.7,12439100.0,138.80700000000002,142.3742,0.0029940119760478723,67.0167000361204,0.9062768486566029,0.6562356004673622,0,1.9099999999999966,0.002567292145380873,-0.3529087400055142,0,0.11316592767540828,0.027972954988478987,1,1,0,0,0,0,0,0,0,0,0,0
2017-10-12,147.82,148.35,147.62,147.77,140.45,14513500.0,138.80700000000002,142.3742,-0.0017768301350390425,64.59520469805715,0.9314816282142431,0.7112848060167384,1,0.29999999999998295,0.0019305503671894764,0.16676447652965254,0,0.1126088990887012,0.03879931004428347,1,1,0,0,0,0,0,0,0,0,0,0
2017-10-13,148.37,148.51,147.78,148.34,140.99,18409900.0,138.80700000000002,142.3742,0.0038447846208615744,67.34026383478906,0.9836907104520947,0.7657659869038097,1,0.6500000000000057,0.005061966461870404,0.26846728907568806,0,0.11381208083598854,0.059134737078335026,1,1,0,0,0,0,0,0,0,0,0,0
2017-10-16,148.71,148.89,148.39,148.85,141.47,21809400.0,138.80700000000002,142.3742,0.00340449677282062,69.5967940803091,1.051675709807114,0.8229479314844705,1,1.289999999999992,0.005472451258643152,0.1846560817820846,0,0.1148815757224661,0.0768768282913158,0,1,0,0,0,0,0,0,0,0,0,0
2017-10-17,148.8,149.06,148.57,149.04,141.65,13138200.0,138.961,142.3742,0.0012723545628048338,70.422094110139,1.1073143764265012,0.8798212204728768,0,1.3700000000000045,0.008521635956487028,-0.3975900299870698,0,0.11528263630489516,0.031621578599890926,0,1,0,0,0,0,0,0,0,0,0,0
2017-10-18,149.19,149.21,148.64,148.86,141.48,17218200.0,139.1275,142.3742,-0.0012001411930816497,68.53003570818262,1.1247257035336702,0.9288021170850356,0,0.7800000000000011,0.003476710142543804,0.31054482349180246,0,0.11490385686593435,0.05291521947324333,0,1,0,0,0,0,0,0,0,0,0,0
2017-10-19,147.99,148.33,147.27,148.31,140.96,27680300.0,139.3105,142.3742,-0.003675431156347053,62.957979488410004,1.0840681882639842,0.9598553313208253,1,0.5100000000000193,-0.003603217786623869,0.6076186825568295,0,0.11374523740558368,0.10751722932155225,0,1,0,0,0,0,0,0,0,0,0,0
2017-10-20,148.91,149.04,148.53,148.71,141.34,30173300.0,139.519,142.3742,0.0026958002270147663,65.18568279692127,1.0701733465197947,0.9819189343606193,0,0.3499999999999943,-0.0021797721224139366,0.09006405277399443,0,0.1145919208573784,0.12052827017872567,0,1,0,0,0,0,0,0,0,0,0,0
2017-10-23,149.02,149.03,147.53,147.74,140.42,29297100.0,139.754,142.3742,-0.006509126927975228,56.349905024299,0.9737010534549881,0.9802753581794932,1,-1.0500000000000114,-0.007488757857307515,-0.029038918514050494,0,0.11254205565829634,0.11595535642058072,0,1,0,0,0,0,0,0,0,0,0,0
2017-10-24,148.03,148.3,147.44,147.99,140.65,20289500.0,139.983,142.3742,0.001637943312918555,57.886770329013096,0.9053686181084686,0.9652940101652883,0,-1.0,-0.002175383388041907,-0.30745705206317353,0,0.11305452195806692,0.06894442516302944,0,1,0,0,0,0,0,0,0,0,0,0
2017-10-25,147.7,148.18,146.33,147.43,140.12,36179100.0,140.124,142.3742,-0.0037682189832918267,53.2353711038773,0.7992350164197433,0.9320822114161793,0,-1.3599999999999852,-0.0086394025983485,0.7831439907341236,0,0.11187362135424794,0.15187271830548546,0,1,0,0,0,0,0,0,0,0,0,0
2017-10-26,147.34,147.71,146.92,146.96,139.68,28230200.0,140.2455,142.3742,-0.0031401655723665156,49.66727824582307,0.6718741032286744,0.8800405897786784,1,-1.2800000000000011,-0.005270441242739787,-0.21970972191126925,0,0.11089325104164349,0.11038717371279158,0,1,0,0,0,0,0,0,0,0,0,0
2017-10-27,149.43,151.52,149.2,151.24,143.74,60165100.0,140.52050000000003,142.3742,0.02906643757159233,69.78882937187814,0.8883078709196752,0.8816940460068777,1,2.4000000000000057,0.022158053015933987,1.1312318014041698,0,0.11993939528976627,0.2770563629104441,0,1,0,0,0,0,0,0,0,0,0,0
2017-10-30,151.13,152.19,150.99,151.58,144.07,31733400.0,140.80599999999998,142.3742,0.002295811882565557,70.81027131877185,1.0740801063366234,0.920171258072827,1,3.6500000000000057,0.02822208388179137,-0.47256133539211276,0,0.12067467302421958,0.12867047829797007,0,1,0,0,0,0,0,0,0,0,0,0
2017-10-31,152.07,152.37,151.63,152.15,144.61,26319300.0,141.1035,142.3742,0.0037481779690429207,72.45164087604557,1.2504648479728075,0.9862299760528231,0,3.960000000000008,0.03511042742320081,-0.170612036529335,0,0.12187785477150692,0.10041413000080895,0,1,0,0,0,0,0,0,0,0,0,0
2017-11-01,152.76,152.83,151.5,152.1,144.56,29481600.0,141.392,142.3742,-0.00034575755480270587,72.04766340644385,1.3704191059730135,1.0630678020368611,0,4.439999999999998,0.005698232296805772,0.12015137180700086,0,0.12176644905416545,0.11691826738654482,0,1,0,0,0,0,0,0,0,0,0,0
2017-11-02,151.93,151.99,150.77,151.81,144.29,31017400.0,141.599,142.3742,-0.001867736579966861,69.78485116984845,1.4272445889535277,1.1359031594201945,1,4.609999999999985,0.0015346838342733538,0.05209350917182243,0,0.1211648581805218,0.12493365308588175,0,1,0,0,0,0,0,0,0,0,0,0
2017-11-03,152.36,153.29,151.84,153.27,145.67,26199200.0,141.8655,142.3742,0.009564072354286468,74.23835836316218,1.565586553237921,1.2218398381837399,1,1.9299999999999784,0.007350578219516901,-0.1553386163895104,0,0.12423965597914483,0.09978732454274777,0,1,0,0,0,0,0,0,0,0,0,0
2017-11-06,153.15,153.85,153.1,153.79,146.17,28693900.0,142.16500000000002,142.3742,0.003432415734193617,75.63936937359098,1.6960187297771085,1.3166756165024136,1,2.0999999999999943,0.011128751508513224,0.09522046474701518,0,0.12535371315255894,0.11280723775028509,0,1,0,0,0,0,0,0,0,0,0,0
2017-11-07,153.67,154.08,153.34,153.88,146.25,21333100.0,142.4635,142.3742,0.0005473079291236083,75.8655266194526,1.7852630990909972,1.4103931130201306,1,1.6399999999999864,0.013543796017603693,-0.2565283910517566,0,0.12553196230030528,0.07439100448053693,0,1,0,0,0,0,0,0,0,0,0,0
2017-11-08,153.8,154.54,153.62,154.5,146.84,17373500.0,142.77050000000003,142.3742,0.004034188034188091,77.52285950584265,1.8819045497033926,1.504695400356783,0,2.280000000000001,0.008013911697505316,-0.18560828009056352,0,0.12684654976493392,0.05372573477413345,0,1,0,0,0,0,0,0,0,0,0,0
2017-11-09,153.23,153.77,152.11,153.69,146.07,40594500.0,143.05149999999998,142.3742,-0.005243802778534534,70.69930789843424,1.874750078819062,1.5787063360492388,0,1.7800000000000011,-0.0006623068152228351,1.3365758194952084,0,0.12513090171787616,0.17491682171533846,0,1,0,0,0,0,0,0,0,0,0,0
2017-11-10,153.33,153.8,153.06,153.68,146.06,20150800.0,143.305,142.3742,-6.846032724028284e-05,70.61238073478759,1.846982330076969,1.632361534854785,1,0.3900000000000148,-0.0012780750715867262,-0.5036076315757061,0,0.1251086205744079,0.06822054575392797,0,1,0,0,0,0,0,0,0,0,0,0
2017-11-13,153.1,154.07,153.1,153.87,146.24,12522400.0,143.5435,142.3742,0.0012323702587977436,71.29650087853703,1.8185377140531216,1.6695967706944526,0,0.0700000000000216,-0.0040798928469770734,-0.3785656152609326,0,0.12550968115683697,0.02840770015630993,0,1,0,0,0,0,0,0,0,0,0,0
2017-11-14,153.33,153.5,152.57,153.31,145.71,25173800.0,143.74650000000003,142.3742,-0.003624179431072183,66.39539609505596,1.7332487674355264,1.6823271700426674,0,-0.539999999999992,-0.0024602694995147223,1.0103015396409636,0,0.12432878055301799,0.09443573156443022,0,1,0,0,0,0,0,0,0,0,0,0
2017-11-15,152.65,153.0,151.78,152.59,145.03,24808000.0,143.924,142.3742,-0.0046668039256057,60.63603518371001,1.5924298062116407,1.6643476972764621,1,-1.8100000000000023,-0.00705861309788014,-0.014530980622710965,0,0.12281366279717476,0.09252661052730465,0,1,0,0,0,0,0,0,0,0,0,0
2017-11-16,153.36,154.89,153.33,154.54,146.88,34790600.0,144.22,142.3742,0.012755981521064497,68.61294080798552,1.611532559597947,1.6537846697407592,0,0.8100000000000023,0.004464998164386613,0.40239438890680423,0,0.12693567433880704,0.14462609567003207,0,1,0,0,0,0,0,0,0,0,0,0
2017-11-17,154.58,154.69,153.8,153.95,146.32,28725800.0,144.469,142.3742,-0.0038126361655773655,64.36125553804578,1.563461696187204,1.6357200750300482,0,0.2599999999999909,0.004276541429881431,-0.17432294930239778,0,0.1256879303045832,0.11297372479534881,0,1,0,0,0,0,0,0,0,0,0,0
2017-11-20,154.06,154.2,153.61,153.83,146.21,21143900.0,144.7585,142.3742,-0.0007517769272825658,63.52850854039537,1.499207182732249,1.6084174965704885,1,-0.030000000000001137,0.008191568428204565,-0.26394042985748,0,0.12544283772643217,0.07340356407533147,0,1,0,0,0,0,0,0,0,0,0,0
2017-11-21,154.56,155.57,154.49,155.5,147.79,20147800.0,145.1155,142.3742,0.010806374392996254,69.61067972562971,1.5578202313617453,1.59829804352874,1,2.079999999999984,0.006241961300136323,-0.04711051414355916,0,0.1289632583944208,0.0682048886650505,0,1,0,0,0,0,0,0,0,0,0,0
2017-11-22,155.64,155.84,155.34,155.69,147.97,17299000.0,145.50799999999998,142.3742,0.0012179443805400147,70.21997838958106,1.6003481728080828,1.5987080693846085,1,2.9399999999999977,0.011272541846253703,-0.14139509028281005,0,0.1293643189768499,0.05333691706700973,0,1,0,0,0,0,0,0,0,0,0,0
2017-11-24,155.85,156.31,155.76,156.26,148.51,8280600.0,145.9495,142.3742,0.0036493883895383217,72.03165996948216,1.6585071221143721,1.6106678799305614,0,1.6299999999999955,0.01567370716307459,-0.5213249320769986,0,0.13056750072413714,0.006269620289499574,0,1,0,0,0,0,0,0,0,0,0,0
2017-11-27,156.21,156.56,155.83,156.19,148.45,22653400.0,146.185,142.3742,-0.00040401319776450784,71.51109794811845,1.680386559637924,1.624611615872034,1,2.1299999999999955,0.004463319572313829,1.7357196338429581,0,0.13043381386332742,0.08128168929550929,0,1,0,0,0,0,0,0,0,0,0,0
2017-11-28,156.54,156.69,155.7,156.59,148.83,25227300.0,146.423,142.3742,0.002559784439205348,72.8493746679535,1.7086922550237773,1.6414277437023828,0,2.6200000000000045,0.005805159630979162,0.11362091341697056,0,0.13128049731512226,0.09471494964941168,0,0,0,0,0,0,0,0,0,0,0,0
2017-11-29,156.41,156.45,153.12,153.86,146.23,71986300.0,146.504,142.5274,-0.01746959618356525,54.11746384620217,1.503989398075106,1.6139400745769275,1,-1.5600000000000023,-0.01531382494212441,1.8535079061175788,0,0.12548740001336867,0.33875155592320716,0,0,0,0,0,0,0,0,0,0,0,0
2017-11-30,154.51,155.45,154.15,155.15,147.46,56595500.0,146.649,142.7136,0.008411406688094258,59.431901886395785,1.4245898446472154,1.5760700285909852,0,-0.5099999999999909,-0.006498405056265644,-0.21380179284113787,0,0.1282279806599675,0.25842651475811107,0,0,0,0,0,0,0,0,0,0,0,0
2017-12-01,154.2,155.24,152.26,154.49,146.83,59015800.0,146.776,142.9042,-0.004272345042723447,55.862847829855276,1.2958911649570268,1.5200342558641937,0,-1.6799999999999784,-0.013330534538194438,0.042764884133897674,0,0.12682426862146567,0.2710581321614872,0,0,0,0,0,0,0,0,0,0,0,0
2017-12-04,155.46,155.63,152.56,152.71,145.14,51319100.0,146.7495,143.06359999999998,-0.011509909419056275,47.60418930473116,1.0454760607557887,1.4251226168425128,1,-3.3100000000000023,-0.007370847773685463,-0.1304176169771485,0,0.12305875537532585,0.23088882684042558,0,0,0,0,0,0,0,0,0,0,0,0
2017-12-05,152.68,154.55,152.1,152.81,145.24,40604200.0,146.703,143.25400000000002,0.0006889899407469535,48.09318919620385,0.8453448416721301,1.3091670618084363,1,-3.5900000000000034,-0.015093264521032768,-0.2087897098741015,0,0.12328156681000874,0.17496744630270894,0,0,0,0,0,0,0,0,0,0,0,0
2017-12-06,152.24,153.74,152.06,153.5,145.89,28647800.0,146.685,143.4504,0.004475351142935624,51.27629134677399,0.7307651704051921,1.1934866835277875,1,-0.3400000000000034,-0.006345568335373697,-0.2944621492357934,0,0.12472984113544705,0.11256664048453471,0,0,0,0,0,0,0,0,0,0,0,0
2017-12-07,153.49,154.46,153.33,154.02,146.39,32666200.0,146.6625,143.6322,0.0034272397011447797,53.63181596892176,0.672553004365227,1.0892999476952754,1,-1.0700000000000216,0.008591580784827357,0.1402690608004804,0,0.12584389830886117,0.13353878913293651,0,0,0,0,0,0,0,0,0,0,0,0
2017-12-08,155.15,155.53,154.46,154.7,147.03,28081700.0,146.7105,143.8278,0.004371883325363868,56.52878431050884,0.6703348913212039,1.0055069364204612,1,0.19999999999998863,0.012274474169444272,-0.14034384164671743,0,0.12726989149083134,0.10961214781335707,0,0,0,0,0,0,0,0,0,0,0,0
2017-12-11,154.77,155.95,154.76,155.9,148.17,20821500.0,146.816,144.0264,0.007753519689859045,61.18116954927566,0.7518980803457396,0.9547851652055169,0,3.030000000000001,0.015552642716367693,-0.2585384787957994,0,0.12980994184621553,0.07172094892396656,0,0,0,0,0,0,0,0,0,0,0,0
2017-12-12,155.83,156.15,155.36,155.69,147.97,20310300.0,146.90249999999997,144.2186,-0.0013498009043665382,59.96859736301521,0.7912778087228673,0.922083693908987,1,2.7299999999999898,0.010775602110856375,-0.024551545277717746,0,0.1293643189768499,0.06905298097924653,0,0,0,0,0,0,0,0,0,0,0,0
2017-12-13,156.32,156.49,155.76,155.99,148.26,24418500.0,147.03,144.4106,0.001959856727715037,61.170325589371544,0.8362473644744739,0.9049164280220845,0,2.3700000000000045,0.008363575513207544,0.20227175374071282,0,0.13001047213743006,0.09049379848804712,0,0,0,0,0,0,0,0,0,0,0,0
2017-12-14,156.26,156.66,155.71,155.88,148.15,24594700.0,147.186,144.5978,-0.0007419398354241435,60.429301376506075,0.8531751091291255,0.8945681642434927,1,1.7600000000000193,-0.00013188401207564482,0.00721584044884005,0,0.12976537955927903,0.09141339150811689,0,0,0,0,0,0,0,0,0,0,0,0
2017-12-15,156.49,157.82,156.23,157.65,149.84,49816200.0,147.334,144.7916,0.011407357408032448,67.03632593069793,0.9915296086833223,0.9139604531314587,0,2.8100000000000023,0.012625274300323341,1.0254851655031367,0,0.1335308928054188,0.22304514721577814,0,0,0,0,0,0,0,0,0,0,0,0
2017-12-18,0.33 Dividend,,,,,,152.3855,155.3164,0.0,67.03632593069793,0.9915296086833223,0.9294742842418315,0,0.0,0.010665417572608304,0.0,0,0.13631603573895412,0.10315516436029049,1,1,0,0,0,0,1,0,0,0,1,1
2017-12-18,158.36,158.77,158.07,158.64,151.09,26844500.0,152.3855,155.3164,0.008342231713827974,67.03632593069793,1.2424593785421223,0.9920713031018897,0,3.1200000000000045,0.019749589121860422,-0.4611291106106046,0,0.13631603573895412,0.10315516436029049,1,1,0,0,0,0,0,0,0,0,0,0
2017-12-19,158.34,158.5,157.26,157.7,150.2,31415000.0,152.3855,155.3164,-0.005890528823879859,60.402769790783736,1.3018868267696178,1.0540344078354353,0,1.9399999999999977,0.0024517028899481152,0.17025833969714466,0,0.13433301397027692,0.12700873926510844,1,1,0,0,0,0,0,0,0,0,0,0
2017-12-20,158.25,158.28,156.91,157.53,150.03,38972600.0,152.3855,155.3164,-0.0011318242343540952,59.19777495256804,1.3200492226541485,1.107237370799178,1,1.8799999999999955,0.00131987865559402,0.2405729746936176,0,0.13395423453131616,0.1664520775652183,1,1,0,0,0,0,0,0,0,0,0,0
2017-12-21,157.75,158.25,157.37,157.55,150.05,18638700.0,152.3855,155.3164,0.0001333066719990672,59.30064326979407,1.3208311656103717,1.149956129761417,0,0.21000000000000796,-0.006889046386234887,-0.5217486131281978,0,0.13399879681825272,0.06032885105672302,1,1,0,0,0,0,0,0,0,0,0,0
2017-12-22,157.31,157.43,156.95,157.37,149.88,23330400.0,152.3855,155.3164,-0.0011329556814396735,57.962964041077015,1.29283033840386,1.1785309714899055,0,0.0,-0.0021314732437947015,0.251718199230633,0,0.1336200173792919,0.08481497235219056,1,1,0,0,0,0,1,0,0,0,0,0
2017-12-26,156.49,156.72,155.95,156.52,149.07,21918700.0,152.3855,155.3164,-0.0054043234587670685,51.94987212193478,1.1915438744853475,1.181133552088994,1,-2.0200000000000102,-0.006403972468207675,-0.0605090354215958,0,0.13181524475836098,0.07744726822941811,1,1,0,0,0,0,0,0,0,0,0,0
2017-12-27,156.53,156.96,156.39,156.54,149.09,22388200.0,152.3855,155.3164,0.00013416515730879652,52.082054969076076,1.1002049768342488,1.164947837038045,1,-1.1099999999999852,-0.0064031139828979455,0.021420065971065716,0,0.1318598070452976,0.07989760263874138,1,1,0,0,0,0,0,0,0,0,0,0
2017-12-28,157.04,157.07,156.54,156.73,149.27,25393800.0,152.3855,155.3164,0.0012073244349051215,53.32650669456796,1.030464188340261,1.1380511072984882,0,-0.7599999999999909,-0.0040628338665531505,0.1342492920377698,0,0.1322608676277267,0.095583918082111,1,1,0,0,0,0,0,0,0,0,0,0
2017-12-29,156.87,156.9,155.7,155.76,148.35,33186000.0,152.3855,155.3164,-0.006163328197226647,46.656960058013475,0.8906904744108886,1.0885789807209685,1,-1.700000000000017,-0.004821838605012729,0.3068544290338586,0,0.13021100242864464,0.13625164073243862,1,1,0,0,0,0,0,0,0,0,0,0
2018-01-02,156.56,158.53,156.17,158.49,150.95,32573300.0,152.3855,155.3164,0.017526120660599886,61.36376130505487,0.9784382429914729,1.0665508331750693,1,1.0699999999999932,0.01257011689827836,-0.018462604712830677,0,0.13600409973039812,0.13305394128069767,1,1,0,0,0,0,0,0,0,0,0,0
2018-01-03,158.64,160.17,158.61,160.03,152.42,29383600.0,152.3855,155.3164,0.009738323948327299,66.91730302208308,1.1533011586259079,1.0839008982652372,1,3.3499999999999943,0.021101116411700538,-0.09792375964363453,0,0.13927942782023572,0.1164068024832143,1,1,0,0,0,0,0,0,0,0,0,0
2018-01-04,160.58,160.79,160.08,160.31,152.68,24776100.0,152.3855,155.3164,0.0017058128854481325,67.79893262097428,1.2978997260474614,1.126700663821682,1,3.5900000000000034,0.028970257494375318,-0.15680515661797734,0,0.13985873755041112,0.09236012348224096,1,1,0,0,0,0,0,0,0,0,0,0
2018-01-05,161.07,162.03,160.77,161.92,154.22,26992300.0,152.3855,155.3164,0.010086455331411948,72.477429134208,1.519247324727644,1.2052099960028744,1,4.949999999999989,0.02153059216518738,0.08944910619508306,0,0.14329003364452664,0.10392653693898693,1,1,0,0,0,0,0,0,0,0,0,0
2018-01-08,161.92,162.63,161.86,162.55,154.82,23159100.0,152.3855,155.3164,0.0038905459732849756,74.05882602895068,1.7232176960613685,1.3088115360145733,1,6.469999999999999,0.015682814190145056,-0.14201086976656307,0,0.1446269022526236,0.08392095257728731,1,1,0,0,0,0,0,0,0,0,0,0
2018-01-09,162.87,163.04,162.07,162.56,154.83,24782400.0,152.3855,155.3164,6.45911380958708e-05,74.08555161792292,1.8641834548434986,1.4198859197803584,0,3.880000000000024,0.014041592442792794,0.07009339741181653,0,0.1446491833960919,0.09239300336888362,1,1,0,0,0,0,0,0,0,0,0,0
2018-01-10,161.84,162.21,161.12,162.18,154.46,34004000.0,152.3855,155.3164,-0.0023897177549571103,71.16418833579209,1.9238667877372961,1.520682093371746,1,2.0400000000000205,0.0015654193564237362,0.3721027826199239,0,0.14382478108776542,0.14052080696636074,1,1,0,0,0,0,0,0,0,0,0,0
2018-01-11,162.46,163.3,162.21,163.29,155.52,20473500.0,152.3855,155.3164,0.006862618153567368,74.29179818885446,2.03326123045764,1.6231979207889249,1,2.8400000000000034,0.004537491536706129,-0.39790906952123284,0,0.14618658229540343,0.06990472661418062,1,1,0,0,0,0,0,0,0,0,0,0
2018-01-12,163.15,164.66,162.94,164.49,156.66,37762700.0,152.3855,155.3164,0.007330246913580085,77.16088291033392,2.1867382299626286,1.7359059826236658,0,2.4399999999999977,0.011803147312190343,0.8444672381371041,0,0.14872663265078762,0.16013757362093667,1,1,0,0,0,0,0,0,0,0,0,0
2018-01-16,165.58,166.42,163.53,164.02,156.22,41231800.0,152.3855,155.3164,-0.002808630154474634,73.74023256237716,2.246963933506862,1.8381175728003052,1,1.4000000000000057,0.01138423491267282,0.09186578290217606,0,0.14774626233818322,0.1782429092958746,1,1,0,0,0,0,0,0,0,0,0,0
2018-01-17,164.8,166.04,164.0,165.79,157.9,33849900.0,152.3855,155.3164,0.010754064780437833,77.78898473877511,2.4025599812010228,1.9510060544804486,1,3.069999999999993,0.015275681539543284,-0.17903414354939629,0,0.15148949444085474,0.13971655450102163,0,1,0,0,0,0,0,0,0,0,0,0
2018-01-18,165.53,166.2,165.14,165.82,157.93,26432200.0,152.72750000000002,155.3164,0.00018999366687788566,77.85464605756201,2.4994792780417185,2.0607006991927026,1,3.469999999999999,0.008135428292841085,-0.21913506391451676,0,0.15155633787125955,0.10100335844556421,0,1,0,0,0,0,0,0,0,0,0,0
2018-01-19,166.31,166.61,165.54,166.34,158.43,38937600.0,153.139,155.3164,0.0031659596023554393,78.9704907733879,2.586815145617294,2.1659235884776207,1,2.9099999999999966,0.014110018049671158,0.4731123402516628,0,0.15267039504467372,0.16626941152831454,0,1,0,0,0,0,0,0,0,0,0,0
2018-01-22,166.28,168.12,166.09,168.12,160.12,26081400.0,153.6435,155.3164,0.010667171621536298,82.22973194530282,2.7605761228275583,2.284854095347608,1,3.460000000000008,0.014023124890769623,-0.33017443293885607,0,0.1564359082908135,0.09917252285282596,0,1,0,0,0,0,0,0,0,0,0,0
2018-01-23,168.64,169.66,168.56,169.51,161.44,37989700.0,154.213,155.3164,0.008243817137147058,84.27916977301506,2.970553228928736,2.421993922063834,0,5.219999999999999,0.022076948361038795,0.456582085317506,0,0.1593770192286268,0.16132229334599818,0,1,0,0,0,0,0,0,0,0,0,0
2018-01-24,169.87,170.24,167.44,168.41,160.4,54287400.0,154.739,155.3164,-0.006442021803766074,76.76709397845818,3.0182497852310917,2.5412450946972855,0,2.5,0.012468966954917282,0.429003124531123,0,0.1570597803079254,0.24638047247875203,0,1,0,0,0,0,0,0,0,0,0,0
2018-01-25,169.57,169.63,167.81,168.35,160.34,28925000.0,155.3025,155.3164,-0.00037406483790525247,76.34430955469333,3.016436548314317,2.6362833854206924,1,2.4099999999999966,0.001427730495475732,-0.46718759785880337,0,0.15692609344711572,0.11401335549681246,0,1,0,0,0,0,0,0,0,0,0,0
2018-01-26,169.29,170.95,168.96,170.93,162.8,32038200.0,155.988,155.3164,0.015342397405513353,80.9714965557935,3.1768798920597305,2.7444026867485,0,4.3700000000000045,0.008526310763842027,0.1076300777873811,0,0.1624072547403133,0.13026123852792051,0,1,0,0,0,0,0,0,0,0,0,0
2018-01-29,170.57,170.91,169.74,170.1,162.01,37277800.0,156.625,155.3164,-0.00485257985258003,75.8409696742954,3.2033596640304722,2.8361940822048943,0,1.8899999999999864,0.01011575271502807,0.1635422714135002,0,0.16064704440631894,0.15760686615537572,0,1,0,0,0,0,0,0,0,0,0,0
2018-01-30,168.55,169.42,167.82,168.7,160.67,44987700.0,157.241,155.3164,-0.008271094376890331,67.97355282087223,3.0807058139901073,2.885096428561937,1,-0.7700000000000102,0.0022187231760429915,0.20682282752737557,0,0.15766137118156903,0.19784506266749824,0,1,0,0,0,0,0,0,0,0,0,0
2018-01-31,169.65,169.99,168.34,169.4,161.34,42449200.0,157.7605,155.3164,0.004170037966017448,69.66783736222091,3.0029490276167223,2.908666948372894,0,0.9399999999999977,-0.008953636263452913,-0.056426534363837266,0,0.159154207793944,0.18459655596234992,0,1,0,0,0,0,0,0,0,0,0,0
2018-02-01,168.1,169.73,167.42,167.96,159.97,38037900.0,158.138,155.3164,-0.008491384653526723,62.39868952092809,2.798519077864171,2.8866373742711495,0,-0.37000000000000455,-0.012592441064399607,-0.10391950849485976,0,0.15610169113878924,0.16157385057396279,0,1,0,0,0,0,0,0,0,0,0,0
2018-02-02,167.3,167.7,164.47,164.61,156.78,68478100.0,158.343,155.3164,-0.01994123898230915,49.458351794590406,2.3519882730396375,2.7797075540248475,0,-6.02000000000001,-0.024262585669818426,0.8002597409425862,0,0.14899400637240706,0.3204421561898996,0,1,0,0,0,0,0,0,0,0,0,0
2018-02-05,163.07,165.75,158.0,158.12,150.6,105372200.0,158.162,155.3164,-0.03941829314963652,34.52190321262513,1.482347462729365,2.5202355357657513,1,-11.409999999999997,-0.06785091678547239,0.5387722498141743,0,0.13522425970900825,0.5129935571079269,0,1,0,0,0,0,0,0,0,0,0,0
2018-02-06,155.81,162.51,155.1,162.31,154.59,118537900.0,158.1505,155.3164,0.02649402390438249,45.884951772191094,1.1024026972415015,2.2366689680609015,0,-6.079999999999984,-0.03286550822756318,0.12494471976479571,0,0.14411443595285311,0.5817057354526073,0,1,0,0,0,0,0,0,0,0,0,0
2018-02-07,161.79,163.55,160.2,160.21,152.59,91028300.0,158.0385,155.3164,-0.012937447441619732,41.95469299794366,0.6326180211784731,1.915858778684416,0,-8.75,-0.02586171668687376,-0.23207429859985707,0,0.13965820725919653,0.4381323180581035,0,1,0,0,0,0,0,0,0,0,0,0
2018-02-08,160.62,160.8,153.45,153.45,146.15,94184800.0,157.623,155.3164,-0.04220460056360176,32.34689232759024,-0.25638841187580397,1.481409340572372,1,-13.819999999999993,-0.028648024100838998,0.03467602932274905,1,0.12530915086562244,0.45460618507200956,0,1,0,0,0,0,0,0,0,0,0,0
2018-02-09,155.62,157.24,150.13,156.1,148.67,113836600.0,157.28050000000002,155.3164,0.017242559014710723,38.30105294833461,-0.7489559772388361,1.0353362770101304,1,-8.110000000000014,-0.037899488990510766,0.2086515021532136,0,0.13092399901962964,0.5571695114727319,0,1,0,0,0,0,0,0,0,0,0,0
2018-02-12,157.7,159.95,156.46,158.87,151.31,63050600.0,157.013,155.3164,0.017757449384543156,43.87400046385024,-0.9157373349763702,0.6451215546128303,1,0.710000000000008,-0.007204592164347878,-0.4461306820477773,0,0.13680622089525635,0.29211587289575247,0,1,0,0,0,0,0,0,0,0,0,0
2018-02-13,157.96,160.01,157.72,159.69,152.09,31785600.0,156.80649999999997,155.3164,0.005154979842707075,45.4419827024986,-0.9737485145715823,0.32134754077594774,1,-2.5,0.040154988241960954,-0.49587156981852676,0,0.1385441500857824,0.12894291164443794,0,1,0,0,0,0,0,0,0,0,0,0
2018-02-14,158.75,162.93,158.0,162.68,154.94,52107400.0,156.6585,155.3164,0.018738904595962946,50.84548574128423,-0.7807515924359336,0.10092771413357143,1,2.3499999999999943,0.04165133382321318,0.6393398268398269,0,0.14489427597424298,0.2350029878944608,0,1,0,0,0,0,0,0,0,0,0,0
2018-02-15,164.14,165.7,162.44,165.7,157.82,51633900.0,156.653,155.3164,0.018587840454369342,55.62801851756407,-0.3909021338688774,0.002561744533081667,0,11.669999999999987,0.04248172489303936,-0.009087001078541657,0,0.1513112452931084,0.23253177736663425,0,1,0,0,0,0,0,0,0,0,0,0
2018-02-16,165.16,166.76,164.68,164.96,157.11,62256300.0,156.58700000000002,155.3164,-0.004498796096819024,54.227261636288794,-0.13764797534634,-0.025480199442802665,1,8.440000000000026,0.032827948953513264,0.20572530837298753,0,0.14972928410686037,0.2879703976639624,0,1,0,0,0,0,0,0,0,0,0,0
2018-02-20,164.38,166.68,164.31,165.29,157.43,36785600.0,156.45250000000001,155.3164,0.0020367895105339873,54.779945227787145,0.08786622834335844,-0.002810913885570445,0,6.1200000000000045,0.016125833868084305,-0.4091264659158993,0,0.15044228069784543,0.15503805977354632,0,1,0,0,0,0,0,0,0,0,0,0
2018-02-21,166.1,167.72,164.72,164.82,156.98,41161800.0,156.2295,155.3164,-0.002858413263037596,53.79623146278282,0.22765238532713283,0.04328174595697021,0,4.889999999999986,-0.005320419849322633,0.11896502979426726,0,0.14943962924177268,0.1778775772220671,0,1,0,0,0,0,0,0,0,0,0,0
2018-02-22,165.54,166.42,164.38,164.8,156.96,37074400.0,156.0575,155.3164,-0.00012740476493811048,53.75003294363987,0.3329816834160795,0.10122173344879207,1,2.0200000000000102,-0.000949028517441719,-0.09930080803074692,0,0.14939506695483612,0.15654531552948361,0,1,0,0,0,0,0,0,0,0,0,0
2018-02-23,166.13,168.17,165.45,168.17,160.17,50096900.0,156.049,155.3164,0.020451070336391375,59.72782743588535,0.6677783507687707,0.2145330569127878,1,2.3499999999999943,0.01746525230841567,0.3512531558164125,0,0.15654731400815486,0.2245101288317463,0,1,0,0,0,0,0,0,0,0,0,0
2018-02-26,168.96,170.4,168.82,170.4,162.29,39266700.0,156.0235,155.3164,0.013235936817131755,63.11826969473043,1.0915902314494588,0.38994449182012203,0,5.179999999999978,0.03355960238858502,-0.21618503340526063,0,0.16127091642343083,0.16798699417817245,0,1,0,0,0,0,0,0,0,0,0,0
2018-02-27,170.45,170.73,168.21,168.29,160.28,42209900.0,155.93699999999998,155.3164,-0.012385236305379244,58.12209692997565,1.2508549216528593,0.5621265777866695,0,2.8499999999999943,0.021301770848143886,0.07495409596426494,0,0.156792406586306,0.1833476421728908,0,1,0,0,0,0,0,0,0,0,0,0
2018-02-28,169.25,169.8,167.1,167.21,159.25,42936300.0,155.86599999999999,155.3164,-0.006426254055403091,55.68943893616902,1.2792149504828103,0.7055442523258977,0,2.2700000000000102,-0.00557555354365058,0.01720923290507681,0,0.1544974488090729,0.18713874529308766,0,1,0,0,0,0,0,0,0,0,0,0
2018-03-01,167.3,168.07,163.0,164.48,156.65,76809900.0,155.63150000000002,155.3164,-0.01632653061224487,50.00045691527252,1.0794489907287073,0.7803252000064597,1,-0.3100000000000023,-0.035138020973027206,0.7889268521041637,0,0.14870435150731937,0.3639260672263206,0,0,0,0,0,0,0,0,0,0,0,0
2018-03-02,162.5,166.28,161.96,165.99,158.09,57445100.0,155.5375,155.4564,0.009192467283753558,52.87199513381133,1.0255075807705794,0.8293616761592837,1,-2.079999999999984,-0.013560317383894405,-0.25211333434882743,0,0.1519128361667521,0.26286060232820907,0,0,0,0,0,0,0,0,0,0,0,0
2018-03-05,165.21,168.26,164.59,167.83,159.84,38540200.0,155.69050000000001,155.6492,0.011069643873742763,56.166674991778685,1.1111602358658388,0.8857213881005948,1,-2.4499999999999886,0.003935580545251449,-0.32909508382786345,0,0.15581203627370155,0.164195369155013,0,0,0,0,0,0,0,0,0,0,0,0
2018-03-06,168.65,169.11,167.48,168.54,160.52,29480900.0,156.1865,155.859,0.004254254254254297,57.412541293463185,1.2198492364576907,0.952546957772014,1,0.2400000000000091,0.024516365411750618,-0.23506105313413006,0,0.15732715402954484,0.11691461406580675,0,0,0,0,0,0,0,0,0,0,0,0
2018-03-07,167.25,169.07,166.96,168.93,160.89,34609400.0,156.50150000000002,156.0758,0.002305008721654511,58.110215464111384,1.3206186900671355,1.0261613042310385,1,1.6399999999999864,0.01762890684965157,0.1739600894138238,0,0.15815155633787126,0.1436804075018332,0,0,0,0,0,0,0,0,0,0,0,0
2018-03-08,169.63,169.98,168.95,169.86,161.78,25828400.0,156.96099999999998,156.3138,0.005531729753247561,59.815521095473756,1.4555164820396271,1.1120323397927563,1,5.1299999999999955,0.012090992729156369,-0.25371719821782523,0,0.1601345781065484,0.09785210835749308,0,0,0,0,0,0,0,0,0,0,0,0
2018-03-09,171.07,173.16,170.82,173.16,164.92,38310500.0,157.8995,156.6308,0.01940907405118053,65.19843247838784,1.7951028833623184,1.2486464485066686,1,6.829999999999984,0.027245812526082602,0.4832703535642935,0,0.16713085715558917,0.16299655804996177,0,0,0,0,0,0,0,0,0,0,0,0
2018-03-12,173.67,174.48,173.28,174.08,165.8,37635000.0,158.756,156.965,0.005335920446277065,66.55076288738681,2.110903022479988,1.4210977633013326,0,5.960000000000008,0.030276724250705156,-0.017632241813602012,0,0.16909159778079813,0.15947110353771923,0,0,0,0,0,0,0,0,0,0,0,0
2018-03-13,174.48,175.21,171.27,171.71,163.54,55638900.0,159.3675,157.2504,-0.013630880579010962,60.0925132751094,2.1539840087120012,1.5676750123834664,0,3.019999999999982,0.011114113918446633,0.47838182542845753,0,0.16405605935696616,0.25343399101805,0,0,0,0,0,0,0,0,0,0,0,0
2018-03-14,172.61,172.74,170.93,171.68,163.51,40536400.0,159.9385,157.55360000000002,-0.0001834413599119955,60.00926454997186,2.1607969294497593,1.6862993957967252,0,2.6200000000000045,-0.008478401492645893,-0.2714377890288988,0,0.16398921592656135,0.17461359609407823,0,0,0,0,0,0,0,0,0,0,0,0
2018-03-15,171.8,172.53,170.9,171.53,163.37,28810400.0,160.36,157.80200000000002,-0.0008562167451531266,59.594354639155654,2.1303421302619654,1.7751079426897733,0,1.5900000000000034,-0.014670538684076084,-0.28927087753229197,0,0.1636772799180054,0.11341525470169331,0,0,0,0,0,0,0,0,0,0,0,0
2018-03-16,171.82,172.2,170.94,171.02,162.88,31176700.0,160.613,158.0112,-0.0029993266817653907,58.08072283340052,2.0431158103255314,1.8287095162169251,0,-2.039999999999992,-0.004038984786830513,0.08213353511232047,0,0.16258550388805953,0.12576504450527512,0,0,0,0,0,0,0,0,0,0,0,0
2018-03-19,169.1,169.22,165.64,167.1,159.41,71395100.0,160.728,158.1458,-0.02130402750491156,48.65598149901798,1.6746836131066516,1.7979043355948705,0,-6.390000000000015,-0.025159570931830078,1.2900146583827024,0,0.1548539471045654,0.3356660656084214,0,0,0,0,0,0,0,0,0,0,0,0
2018-03-19,0.28 Dividend,,,,,,153.49399999999997,156.3216,0.0,48.65598149901798,1.6746836131066516,1.773260191097227,0,0.0,-0.02430335418667695,0.0,0,0.15601256656491613,0.14089501139053215,1,1,0,0,0,0,1,0,0,0,1,1
2018-03-20,167.17,168.04,166.61,167.65,159.93,34075700.0,153.49399999999997,156.3216,0.0032620287309454987,48.65598149901798,1.3679657883944856,1.6922013105566789,0,-3.579999999999984,-0.01804199877396606,-0.5227165449729743,0,0.15601256656491613,0.14089501139053215,1,1,0,0,0,0,0,0,0,0,0,0
2018-03-21,167.21,168.76,166.19,166.92,159.24,43863500.0,153.49399999999997,156.3216,-0.004314387544550713,46.77108070237882,1.094534797685526,1.5726680079824484,0,-4.1299999999999955,-0.0010523588136052142,0.2872369459761648,0,0.1544751676656046,0.1919778295621495,1,1,0,0,0,0,0,0,0,0,0,0
2018-03-22,164.61,165.77,162.59,162.8,155.31,66607300.0,153.49399999999997,156.3216,-0.024679728711379134,37.791191334093426,0.5543306334812144,1.3690005330822017,0,-7.569999999999993,-0.02573208752498435,0.5185131145485427,0,0.14571867828256946,0.3106783955659125,1,1,0,0,0,0,0,0,0,0,0,0
2018-03-23,162.61,163.3,158.43,158.51,151.21,80110400.0,153.49399999999997,156.3216,-0.026398815272680398,31.08570486609031,-0.2022889325874644,1.0547426399482684,1,-8.199999999999989,-0.055392931528610245,0.20272702841880696,0,0.1365834094605735,0.381151474506345,1,1,0,0,0,0,0,0,0,0,0,0
2018-03-26,161.72,164.6,159.16,164.4,156.83,57481500.0,153.49399999999997,156.3216,0.03716685404404463,45.389544924970366,-0.3444576646060966,0.7749025790373955,0,0.0,-0.013911689940014904,-0.2824714394136092,0,0.14910541208974848,0.263050575006589,1,1,0,0,0,0,1,0,0,0,0,0
2018-03-27,165.62,165.62,157.68,159.08,151.76,78889100.0,153.49399999999997,156.3216,-0.03232799846968071,37.77266249427071,-0.8563624242833328,0.4486495783732498,0,-8.170000000000016,-0.021559959698316478,0.37242591094526056,0,0.13780887235132905,0.374777473624329,1,1,0,0,0,0,0,0,0,0,0,0
2018-03-28,158.17,159.78,156.04,157.25,150.01,89369700.0,153.49399999999997,156.3216,-0.011531365313653175,35.55480086699022,-1.3872694305912887,0.0814657765803421,1,-9.230000000000018,-0.006692509739289254,0.13285232053604368,0,0.13390967224437955,0.42947603552071567,1,1,0,0,0,0,0,0,0,0,0,0
2018-03-29,158.1,161.71,156.63,160.13,152.76,68692600.0,153.49399999999997,156.3216,0.018332111192587153,41.379648817393594,-1.5680396556976461,-0.24843530987525553,0,-2.5500000000000114,-0.02552725259074673,-0.23136588799112,0,0.14003698669815734,0.32156163804463833,1,1,0,0,0,0,0,0,0,0,0,0
2018-04-02,158.99,159.74,153.88,155.51,148.35,85549400.0,153.49399999999997,156.3216,-0.028868813825608797,35.792651374650546,-2.0435942234510662,-0.6074670925904176,1,-2.8600000000000136,-0.02206806794667482,0.2453947004480832,0,0.13021100242864464,0.40953777664118907,1,1,0,0,0,0,0,0,0,0,0,0
2018-04-03,156.87,157.92,154.44,157.26,150.02,64090000.0,153.49399999999997,156.3216,0.011257162116616204,39.143546799556795,-2.259671514728524,-0.937907977018039,1,-6.810000000000002,0.0007204594835945599,-0.25084220345204056,0,0.1339319533878479,0.2975405322888315,1,1,0,0,0,0,0,0,0,0,0,0
2018-04-04,154.22,160.23,154.04,159.74,152.39,65768700.0,153.49399999999997,156.3216,0.01579789361418471,43.63897992079917,-2.214151768410545,-1.1931567352965402,1,0.6299999999999955,-0.0018137580948078824,0.026192853799344773,0,0.13921258438983086,0.3063017173216984,1,1,0,0,0,0,0,0,0,0,0,0
2018-04-05,161.33,161.58,159.48,160.65,153.25,43054900.0,153.49399999999997,156.3216,0.005643414922239076,45.2202984292552,-2.084651662111156,-1.3714557206594635,0,3.240000000000009,0.03269847065303999,-0.3453588104980029,0,0.1411287627281032,0.1877577222067101,1,1,0,0,0,0,0,0,0,0,0,0
2018-04-06,158.88,160.46,155.88,156.63,149.42,59870900.0,153.49399999999997,156.3216,-0.024991843393148527,39.85702003828919,-2.2649618162969887,-1.5501569397869686,1,-3.3400000000000034,-0.003550534856724741,0.3905711080504193,0,0.13259508477975085,0.27552092439452736,1,1,0,0,0,0,0,0,0,0,0,0
2018-04-09,157.98,160.88,157.46,157.73,150.47,41810400.0,153.49399999999997,156.3216,0.007027171730692006,41.89176421779438,-2.296658241185611,-1.699457200066697,1,2.1200000000000045,-0.012321256740217446,-0.3016573995046007,0,0.1349346048439206,0.18126263983737503,1,1,0,0,0,0,0,0,0,0,0,0
2018-04-10,160.21,161.73,159.07,161.21,153.79,48296800.0,153.49399999999997,156.3216,0.022064198843623206,47.89440927755851,-2.030475574176023,-1.7656608748885625,0,3.769999999999982,0.0040995271811666845,0.15513843445649877,0,0.14233194447539044,0.21511535360230474,1,1,0,0,0,0,0,0,0,0,0,0
2018-04-11,160.2,162.0,160.1,160.28,152.9,41622100.0,153.49399999999997,156.3216,-0.0057871122959879395,46.50744876540444,-1.8697857288075284,-1.7864858456723558,1,0.5100000000000193,0.023304258278327272,-0.13820170280432653,0,0.14034892270671334,0.1802798965588328,1,1,0,0,0,0,0,0,0,0,0,0
2018-04-12,161.25,162.77,161.16,162.21,154.74,30467900.0,153.49399999999997,156.3216,0.012034009156311365,49.74748296707795,-1.575800400056636,-1.744348756549212,0,1.490000000000009,0.02831109570394663,-0.2679874393651449,0,0.14444865310487737,0.12206579630649272,1,1,0,0,0,0,0,0,0,0,0,0
2018-04-13,163.02,163.26,160.67,161.37,153.94,44604900.0,153.49399999999997,156.3216,-0.005169962517771798,48.37553109491981,-1.3913298387839177,-1.6737449729961533,1,4.52000000000001,0.0010769343425516276,0.46399653405715524,0,0.1426661616274147,0.1958472181267337,1,1,0,0,0,0,0,0,0,0,0,0
2018-04-16,162.5,163.19,161.48,162.6,155.11,28180800.0,153.49399999999997,156.3216,0.007600363778095476,50.52453975544797,-1.137612677230834,-1.5665185138430895,1,4.640000000000015,0.014464410416635043,-0.3682129093440407,0,0.14527305541320384,0.11012935364927598,1,1,0,0,0,0,0,0,0,0,0,0
2018-04-17,164.24,166.46,163.91,166.1,158.45,35536100.0,153.49399999999997,156.3216,0.021533105538005026,56.1378354130564,-0.659428431829042,-1.38510049744028,1,4.659999999999997,0.023963506798328704,0.261003945949015,0,0.15271495733161022,0.14851688225608212,0,1,0,0,0,0,0,0,0,0,0,0
2018-04-18,166.1,167.0,165.31,166.44,158.78,29573900.0,153.4365,156.3216,0.0020826759230041514,56.66102473233168,-0.25094301526834784,-1.1582690010058936,0,5.8799999999999955,0.031216145239104653,-0.16777868139722707,0,0.1534502350660636,0.11739998382100816,0,1,0,0,0,0,0,0,0,0,0,0
2018-04-19,165.6,165.99,164.34,164.91,157.32,34705700.0,153.3405,156.3216,-0.009195112734601385,53.61403558890815,-0.04451207049550021,-0.935517614903815,0,2.579999999999984,0.014420668726407793,0.1735246281349434,0,0.1501971881196943,0.1441830000547998,0,1,0,0,0,0,0,0,0,0,0,0
2018-04-20,164.49,164.61,161.73,162.3,154.83,49197100.0,153.3165,156.3216,-0.015827612509534572,48.79466828618781,-0.08090364287582474,-0.764594820498217,0,0.8900000000000148,-0.022940049321131806,0.4175510074713953,0,0.1446491833960919,0.21981404597443197,0,1,0,0,0,0,0,0,0,0,0,0
2018-04-23,163.09,163.73,161.02,161.89,154.44,33040600.0,153.478,156.3216,-0.0025188916876575096,48.06588498204164,-0.1396046908333517,-0.639596794565244,0,-0.6700000000000159,-0.027541616931793467,-0.3284035034585372,0,0.14378021880082886,0.13549279382484414,0,1,0,0,0,0,0,0,0,0,0,0
2018-04-24,162.66,162.91,157.39,158.46,151.17,70256800.0,153.195,156.3216,-0.02117327117327128,42.35389740680209,-0.44485930457972245,-0.6006492965681398,1,-7.280000000000001,-0.03951977537046336,1.1263778502811692,0,0.13649428488670035,0.32972524418534865,0,1,0,0,0,0,0,0,0,0,0,0
2018-04-25,158.74,159.31,156.47,158.65,151.35,52089300.0,153.17450000000002,156.3216,0.0011907124429451077,42.7571535280194,-0.6645903061806564,-0.6134374984906431,1,-7.430000000000007,-0.02250145041798368,-0.2585870691520251,0,0.13689534546912946,0.2349085234582334,0,1,0,0,0,0,0,0,0,0,0,0
2018-04-26,160.7,162.53,160.18,161.99,154.53,43005500.0,153.4005,156.3216,0.021010901883052657,49.48082610784666,-0.5754953324357643,-0.6058490652796674,1,-2.789999999999992,0.0010283431527264852,-0.17438898199822228,0,0.1439807490920434,0.1874999021431945,0,1,0,0,0,0,0,0,0,0,0,0
2018-04-27,164.37,164.41,161.17,162.09,154.63,51043400.0,153.494,156.3216,0.0006471235358829208,49.680985064766695,-0.4911560187331929,-0.5829104559703726,0,-0.20000000000001705,0.022848737861880686,0.1869040006510796,0,0.14420356052672623,0.2294499403725865,0,1,0,0,0,0,0,0,0,0,0,0
2018-04-30,162.47,163.48,160.54,160.94,153.53,35615300.0,153.753,156.3216,-0.007113755416154666,47.4537468647203,-0.5072302770148553,-0.5677744201792692,1,-0.9099999999999966,0.014544270002780912,-0.3022545520086828,0,0.14175263474521516,0.1489302294024472,0,1,0,0,0,0,0,0,0,0,0,0
2018-05-01,160.52,162.8,160.14,162.78,155.29,36513500.0,154.0165,156.3216,0.011463557610890351,51.22171854217733,-0.3736448066997866,-0.5289484974833727,0,4.1200000000000045,0.0049969257306186066,0.025219498361659154,0,0.1456741159956329,0.15361796181236023,0,1,0,0,0,0,0,0,0,0,0,0
2018-05-02,163.06,163.57,161.63,161.82,154.37,38646800.0,154.1155,156.3216,-0.005924399510592981,49.23428174914305,-0.33811607859880155,-0.4907820137064585,0,3.0200000000000102,-0.0015745973158572957,0.058424966108425735,0,0.1436242507965509,0.1647517177131256,0,1,0,0,0,0,0,0,0,0,0,0
2018-05-03,161,162.4,159.22,161.8,154.35,60337100.0,154.1705,156.3216,-0.0001295588521086355,49.189599058755675,-0.3080224474245199,-0.45423010045007084,1,-0.18000000000000682,0.0054095992481887345,0.5612443979837918,0,0.14357968850961428,0.27795403600608537,0,1,0,0,0,0,0,0,0,0,0,0
2018-05-04,161.1,165.25,160.98,164.87,157.28,41543200.0,154.5635,156.3216,0.018982831227729147,55.55360475773661,-0.04720239510936608,-0.37282455938192993,1,2.6500000000000057,0.01292887286502753,-0.31148165887986,0,0.15010806354582118,0.17986811512135548,0,1,0,0,0,0,0,0,0,0,0,0
2018-05-07,165.64,166.78,165.51,166.24,158.59,32500200.0,154.96949999999998,156.3216,0.008329094608341858,58.08157113412388,0.2621831432584827,-0.2458230188538474,0,5.060000000000002,0.02718236698396237,-0.21767702054728577,0,0.15302689334016623,0.13267243021505012,0,1,0,0,0,0,0,0,0,0,0,0
2018-05-08,165.89,166.43,164.86,166.07,158.43,26040200.0,155.2015,156.3216,-0.001008890850621058,57.650280975845,0.48882784547535607,-0.09889284598800671,1,3.140000000000015,0.026303034985449947,-0.19876800758149182,0,0.15267039504467372,0.09895749883224211,0,1,0,0,0,0,0,0,0,0,0,0
2018-05-09,166.37,168.0,165.78,167.88,160.15,29122700.0,155.564,156.3216,0.010856529697658157,61.00270414279396,0.7980357706256029,0.08049287733471523,1,5.780000000000001,0.018176733455378957,0.11837466686123754,0,0.15650275172121836,0.11504515765383741,0,1,0,0,0,0,0,0,0,0,0,0
2018-05-10,168.42,169.74,168.29,169.62,161.81,27067600.0,155.91750000000002,156.3216,0.010365282547611487,63.96732480607635,1.1636199197247663,0.2971182858127255,0,7.460000000000008,0.020212921394648586,-0.07056694605925962,0,0.16020142153695327,0.1043195298698113,0,1,0,0,0,0,0,0,0,0,0,0
2018-05-11,169.42,169.86,168.72,169.46,161.66,24688800.0,156.3035,156.3216,-0.0009270131635870094,63.49758249154073,1.4248198095349665,0.5226585905571737,1,4.3799999999999955,0.020294799081682635,-0.08788366903604306,0,0.15986720438492902,0.0919045021959067,0,1,0,0,0,0,0,0,0,0,0,0
2018-05-14,169.85,170.82,169.47,169.75,161.94,21821700.0,156.645,156.3216,0.0017320301868117838,64.02860174806744,1.6355625173972612,0.7452393759251912,0,3.3499999999999943,0.011170299570836262,-0.11612958102459414,0,0.16049107640204097,0.0769410223557134,0,1,0,0,0,0,0,0,0,0,0,0
2018-05-15,168.41,168.5,166.98,167.87,160.14,49361600.0,156.7295,156.3216,-0.011115227862171229,58.17008718283598,1.6384456928745976,0.9238806393150725,1,1.7099999999999795,-0.010310210838946454,1.2620419124082907,0,0.15648047057775,0.22067257634787965,0,1,0,0,0,0,0,0,0,0,0,0
2018-05-16,168.09,169.37,168.01,168.98,161.2,22941200.0,156.85049999999998,156.3216,0.0066192081928313495,60.464236444208595,1.7065912498112539,1.080422761414309,0,1.049999999999983,-0.0027639894825280953,-0.5352419694661437,0,0.158842271785388,0.08278372602182076,0,1,0,0,0,0,0,0,0,0,0,0
2018-05-17,168.39,169.61,167.51,168.33,160.58,27480200.0,157.0135,156.3216,-0.0038461538461537215,58.44515546810565,1.691074620632719,1.202553133257991,0,-1.2299999999999898,-0.0083421735154936,0.19785364322703258,0,0.1574608408903545,0.10647290149342534,0,1,0,0,0,0,0,0,0,0,0,0
2018-05-18,167.68,168.26,167.21,167.46,159.75,26217900.0,157.2595,156.3216,-0.0051687632332794164,55.760710241200016,1.593435385571098,1.2807295837206125,1,-1.9099999999999966,-0.0023957088866017884,-0.04593489130355677,0,0.15561150598248702,0.09988492039675062,0,1,0,0,0,0,0,0,0,0,0,0
2018-05-21,168.76,169.5,167.68,168.4,160.65,22954600.0,157.57,156.3216,0.005633802816901401,58.0127328079623,1.5705734733653003,1.3386983616495503,0,-1.289999999999992,-0.003381114262531737,-0.12446839754518857,0,0.15761680889463248,0.08285366101880677,0,1,0,0,0,0,0,0,0,0,0,0
2018-05-22,169.17,169.45,167.88,168.18,160.44,19477700.0,158.03349999999998,156.3216,-0.0013071895424836555,57.28002759843569,1.5180113088352414,1.3745609510866887,1,0.30000000000001137,-0.000842149958861671,-0.15146855096581946,0,0.15714890488179856,0.06470761691278741,0,1,0,0,0,0,0,0,0,0,0,0
2018-05-23,166.9,169.62,166.88,169.6,161.79,26557800.0,158.5555,156.3216,0.008414360508601337,60.71506267985376,1.5672231593163986,1.4130933927326308,0,0.5900000000000034,0.012740973783019083,0.3634977435734199,0,0.16015685925001671,0.10165886856656742,0,1,0,0,0,0,0,0,0,0,0,0
2018-05-24,169.55,169.85,167.84,169.55,161.75,27696500.0,158.91649999999998,156.3216,-0.0002472340688546293,60.55968282498259,1.584728476253872,1.4474204094368792,1,1.1699999999999875,0.0068599368972630526,0.04287629246398428,0,0.1600677346761436,0.10760177760149056,0,1,0,0,0,0,0,0,0,0,0,0
2018-05-25,169.53,170.33,169.21,169.72,161.91,27460500.0,159.28050000000002,156.3216,0.000989180834621406,60.98973567630724,1.5931474171449906,1.4765658109785016,0,2.1599999999999966,0.009156307274368114,-0.008520932247756963,0,0.1604242329716361,0.10637008660979663,0,1,0,0,0,0,0,0,0,0,0,0
2018-05-29,168.95,169.92,167.96,168.97,161.19,41220500.0,159.6635,156.3216,-0.004446914952751513,57.92867308184733,1.5241520298985165,1.4860830547625046,1,0.539999999999992,-0.003704968186984736,0.501083374301269,0,0.15881999064191976,0.17818393426110282,0,1,0,0,0,0,0,0,0,0,0,0
2018-05-30,169.58,170.48,169.22,170.18,162.35,22665800.0,160.0165,156.3216,0.007196476208201519,61.29882719809711,1.5452621734529828,1.4979188785006001,0,1.9099999999999966,0.003738742090071412,-0.45013282226076834,0,0.16140460328424056,0.08134640526286947,0,0,0,0,0,0,0,0,0,0,0,0
2018-05-31,170.18,171.2,169.63,170.07,162.24,35670900.0,160.41,156.3678,-0.0006775485063134079,60.801437508742126,1.5354167056001984,1.5054184439205198,1,0.45000000000001705,0.002072012749136598,0.5737763502722162,0,0.16115951070608947,0.14922040744964288,0,0,0,0,0,0,0,0,0,0,0,0
2018-06-01,170.92,172.84,170.87,172.74,164.79,45543300.0,160.932,156.47879999999998,0.01571745562130178,67.404361325342,1.713624197104707,1.5470595945573573,1,3.039999999999992,0.02223638332318989,0.27676341219313216,0,0.16684120229050153,0.20074475552760476,0,0,0,0,0,0,0,0,0,0,0,0
2018-06-04,173.18,174.34,173.07,174.3,166.28,20459600.0,161.382,156.69819999999999,0.009041810789489624,70.52829743216199,1.9525773691141808,1.628163149468722,1,4.3700000000000045,0.024081717904477995,-0.5507659743584676,0,0.1701610926672757,0.0698321821023817,0,0,0,0,0,0,0,0,0,0,0,0
2018-06-05,174.71,175.13,174.07,174.84,166.79,24779300.0,161.792,157.00979999999998,0.003067115708443424,71.53392870754287,2.158223559502062,1.73417523147539,1,5.599999999999994,0.027826382119234827,0.2111331599835773,0,0.17129743098415812,0.09237682437704359,0,0,0,0,0,0,0,0,0,0,0,0
2018-06-06,175.02,175.89,174.14,175.86,167.76,25036600.0,162.25849999999997,157.2284,0.005815696384675384,73.39347879983666,2.372126146734672,1.8617654145272464,0,5.409999999999997,0.017924622882608432,0.010383667012385356,0,0.1734587019005815,0.0937196806997675,0,0,0,0,0,0,0,0,0,0,0,0
2018-06-07,175.89,175.93,173.55,174.43,166.4,39600300.0,162.57099999999997,157.52120000000002,-0.008106819265617515,66.80422636745055,2.40419083876327,1.9702504993744514,1,4.159999999999997,0.0007759928275012928,0.5816963964755597,0,0.17042846638889508,0.16972806246134656,0,0,0,0,0,0,0,0,0,0,0,0
2018-06-08,173.61,174.88,173.18,174.44,166.41,31780300.0,162.801,157.8492,6.009615384616751e-05,66.82780934295766,2.402712283073299,2.056742856114221,1,1.6200000000000045,-0.002231026727095964,-0.19747325146526673,0,0.17045074753236333,0.12891525078742108,0,0,0,0,0,0,0,0,0,0,0,0
2018-06-11,174.31,175.34,174.28,174.91,166.86,22319700.0,163.06099999999998,158.13119999999998,0.0027041644131964304,67.93185452722953,2.4100699698338417,2.1274082788581454,1,0.5800000000000125,-0.005342558698574917,-0.2976875611621036,0,0.1714533989884361,0.0795400991093726,0,0,0,0,0,0,0,0,0,0,0,0
2018-06-12,175.15,176.0,174.96,175.83,167.74,22511800.0,163.351,158.519,0.0052738822965359144,70.03234310578499,2.4585687845911934,2.193640380004755,0,0.950000000000017,0.008038142863578512,0.008606746506449436,0,0.173414139613645,0.08054267470049294,0,0,0,0,0,0,0,0,0,0,0,0
2018-06-13,176.1,177.14,175.43,175.82,167.73,37858600.0,163.7305,158.8732,-5.961607249327372e-05,69.97625133328344,2.467750832796014,2.248462470563007,1,-0.030000000000001137,0.007918430637239071,0.6817224744356294,0,0.17339185847017669,0.16063807856205295,0,0,0,0,0,0,0,0,0,0,0,0
2018-06-14,176.63,177.89,176.5,177.6,169.42,35916000.0,164.1415,159.21380000000002,0.010075716926011946,73.79603606135578,2.581637043408989,2.3150973851322036,0,3.019999999999982,0.015289983150054587,-0.051311987236717704,0,0.17715737171631646,0.15049959161093177,0,0,0,0,0,0,0,0,0,0,0,0
2018-06-15,176.93,177.33,176.11,176.98,168.83,49615700.0,164.554,159.52540000000002,-0.0034824696021720225,70.42731468720169,2.5943782392634773,2.3709535559584585,0,2.420000000000016,0.00653363125134665,0.3814372424546164,0,0.1758427842516878,0.2219987317758009,0,0,0,0,0,0,0,0,0,0,0,0
2018-06-18,175.49,176.65,174.94,176.5,168.74,31633200.0,165.00349999999997,159.9118,-0.0005330806136349953,69.9031066011711,2.567615606508326,2.410285966068432,0,1.8799999999999955,0.006060166710204928,-0.36243568064140985,0,0.17564225396047328,0.12814753152946273,0,0,0,0,0,0,0,0,0,0,0,0
2018-06-18,0.38 Dividend,,,,,,167.3915,170.359,0.0,69.9031066011711,2.567615606508326,2.4417518941564107,0,0.0,-0.004015550215807018,0.0,0,0.17457275907399566,0.16260774034283806,1,1,0,0,0,0,1,0,0,0,1,1
2018-06-19,174.27,176.04,173.71,176.0,168.26,38236000.0,167.3915,170.359,-0.0028446130141046577,69.9031066011711,2.4874851688394415,2.450898549093017,1,0.5300000000000011,-0.003377693627739653,0.20873006840913977,0,0.17457275907399566,0.16260774034283806,1,1,0,0,0,0,0,0,0,0,0,0
2018-06-20,176.81,177.98,176.65,177.25,169.45,33038000.0,167.3915,170.359,0.007072387970997296,73.19764141745627,2.4818472019865396,2.4570882796717215,0,0.030000000000001137,0.004227774956892638,-0.13594518255047594,0,0.17722421514672132,0.135479224347817,1,1,0,0,0,0,0,0,0,0,0,0
2018-06-21,177.7,177.88,175.37,175.71,167.98,43469400.0,167.3915,170.359,-0.008675125405724349,63.89335293434908,2.3318818752273387,2.432046998782845,0,-0.8500000000000227,-0.004447350448831711,0.3157394515406502,0,0.17394888705688372,0.18992100998661318,1,1,0,0,0,0,0,0,0,0,0,0
2018-06-22,176.3,176.37,174.69,175.32,167.61,30073200.0,167.3915,170.359,-0.0022026431718060735,61.76521814039852,2.1582978514105378,2.3772971693083838,0,-1.1299999999999955,-0.0038053806065331264,-0.30817540614777295,0,0.17312448474855735,0.12000584531318093,1,1,0,0,0,0,0,0,0,0,0,0
2018-06-25,173.73,173.99,169.81,171.37,163.83,77799700.0,167.3915,170.359,-0.022552353678181536,45.201130797112654,1.6961645239026666,2.2410706402272407,1,0.0,-0.03343012225571196,1.587011026428847,0,0.1647022125175464,0.36909186274995887,1,1,0,0,0,0,1,0,0,0,0,0
2018-06-26,172,173.06,171.37,172.07,164.5,39008100.0,167.3915,170.359,0.004089605078434921,47.86971737893742,1.3682120362665842,2.0664989194351095,0,-3.759999999999991,-0.020665391771552688,-0.4986086064599221,0,0.16619504912992134,0.16663735311693498,1,1,0,0,0,0,0,0,0,0,0,0
2018-06-27,172.8,173.58,169.61,169.73,162.26,52843500.0,167.3915,170.359,-0.013617021276595809,40.72858726131844,0.916987585426142,1.8365966526333162,1,-7.189999999999998,-0.03207976987634242,0.35468018180839356,0,0.16120407299302597,0.2388447156020281,1,1,0,0,0,0,0,0,0,0,0,0
2018-06-28,169.52,171.77,169.17,171.19,163.66,46407700.0,167.3915,170.359,0.008628127696289845,46.1369037521898,0.6646950659878712,1.6022163353042274,1,-4.319999999999993,-0.0008992885018710428,-0.12178981331668037,0,0.1643234330785856,0.205256084736165,1,1,0,0,0,0,0,0,0,0,0,0
2018-06-29,172.01,172.92,171.4,171.65,164.1,36408500.0,167.3915,170.359,0.002688500549920647,47.75054832202053,0.49455482920873806,1.3806840340851294,1,-3.5100000000000193,-0.002300393030385317,-0.21546424408018494,0,0.16530380339119,0.15306996370164896,1,1,0,0,0,0,0,0,0,0,0,0
2018-07-02,170.04,172.85,169.67,172.8,165.2,31770000.0,167.3915,170.359,0.006703229737964556,51.65028411568247,0.44336740917714224,1.193220709103532,0,1.3699999999999761,0.018019857984175047,-0.1274015683150913,0,0.16775472917270112,0.12886149478227513,1,1,0,0,0,0,0,0,0,0,0,0
2018-07-03,173.45,173.45,170.63,170.8,163.29,25512700.0,167.3915,170.359,-0.011561743341404362,45.324532358090956,0.24584601275148543,1.0037457698331227,1,-1.210000000000008,-0.0021700130535191597,-0.19695624803273526,0,0.16349903077025912,0.09620446070462119,1,1,0,0,0,0,0,0,0,0,0,0
2018-07-05,171.91,173.06,171.03,172.92,165.31,31626200.0,167.3915,170.359,0.012370628942372619,52.01758469448994,0.24943071911027914,0.852882759688554,1,3.0500000000000114,0.007512115338932812,0.23962575501612915,0,0.16799982175085226,0.12811099832208198,1,1,0,0,0,0,0,0,0,0,0,0
2018-07-06,173.32,175.74,173.0,175.61,167.88,37005600.0,167.3915,170.359,0.015546548908111912,58.90949519054476,0.4544109794300084,0.7731884036368449,1,4.219999999999999,0.01635543450908017,0.1700931506156289,0,0.17372607562220094,0.15618624629122707,1,1,0,0,0,0,0,0,0,0,0,0
2018-07-09,176.52,177.23,175.82,177.19,169.4,27362100.0,167.3915,170.359,0.009054086252084925,62.35359828856636,0.7310831380346201,0.7647673505164,1,5.300000000000011,0.03697126410256946,-0.26059569362474866,0,0.1771128094293799,0.10585653409461579,1,1,0,0,0,0,0,0,0,0,0,0
2018-07-10,177.52,177.72,176.71,177.32,169.52,23902500.0,167.3915,170.359,0.0007083825265643551,62.619975208683236,0.9490902920634596,0.801631938825812,0,4.320000000000022,0.025309017686761193,-0.12643766377580667,0,0.17738018315099935,0.08780077920112313,1,1,0,0,0,0,0,0,0,0,0,0
2018-07-11,175.93,177.07,175.8,176.42,168.66,30280600.0,167.3915,170.359,-0.005073147711184611,59.377356610802515,1.040473785481339,0.8494003081569174,1,5.3700000000000045,0.004689321067464669,0.2668381968413347,0,0.175464004812727,0.12108827205757633,1,1,0,0,0,0,0,0,0,0,0,0
2018-07-12,177.2,179.46,177.08,179.46,171.57,27930100.0,167.3915,170.359,0.01725364638918525,65.82587075301866,1.3323500406038136,0.9459902546462966,1,6.259999999999991,0.012888881204564995,-0.07762395725315874,0,0.18194781756199724,0.1088209429220825,1,1,0,0,0,0,0,0,0,0,0,0
2018-07-13,179.45,179.9,178.95,179.61,171.71,28049800.0,167.3915,170.359,0.000815993472052412,66.10464419894888,1.5570126331857637,1.06819473035419,0,3.8300000000000125,0.012996492150053052,0.0042856989412856095,0,0.18225975357055324,0.10944566076829335,1,1,0,0,0,0,0,0,0,0,0,0
2018-07-16,179.65,179.95,178.88,179.18,171.3,21405300.0,167.3915,170.359,-0.0023877467823656406,64.44660611507065,1.6825800475085373,1.1910717937850595,1,1.9000000000000057,0.015681893078872022,-0.23688225941004926,0,0.18134622668835365,0.07476781841952125,1,1,0,0,0,0,0,0,0,0,0,0
2018-07-17,177.28,180.65,177.28,180.27,172.34,31034100.0,167.3915,170.359,0.0060712200817278905,66.72640443461643,1.8447473373909418,1.321806902506236,0,2.819999999999993,0.004499466771414662,0.4498325181146725,0,0.18366346560905505,0.12502081088063297,0,1,0,0,0,0,0,0,0,0,0,0
2018-07-18,180.29,180.44,179.38,179.93,172.01,23220800.0,167.579,170.359,-0.001914819542764401,65.2956506521463,1.9244539338812672,1.4423363087812422,0,3.3499999999999943,0.0017686537565978488,-0.25176499399048147,0,0.1829281878746017,0.0842429667052005,0,1,0,0,0,0,0,0,0,0,0,0
2018-07-19,179.28,179.88,178.82,179.03,171.15,31094100.0,167.66400000000002,170.359,-0.004999709319225554,61.589339143747964,1.8963670344490993,1.5331424539148135,0,-0.4199999999999875,-0.0008433087802620642,0.3390623923379039,0,0.1810120095363294,0.12533395265818226,0,1,0,0,0,0,0,0,0,0,0,0
2018-07-20,179.57,180.17,178.79,178.99,171.12,35897300.0,167.821,170.359,-0.0001752848378615557,61.45828655651424,1.8503574461823291,1.5965854523683167,1,-0.5900000000000034,-0.0070898136998515104,0.15447303507739418,0,0.18094516610592454,0.15040199575692892,0,1,0,0,0,0,0,0,0,0,0,0
2018-07-23,178.46,179.64,177.74,179.56,171.66,22184700.0,168.02349999999998,170.359,0.003155680224403934,62.9850589736518,1.836300276501163,1.644528417194886,1,0.3599999999999852,-0.0020193139326831755,-0.38199530326793385,0,0.18214834785321182,0.07883553010988667,0,1,0,0,0,0,0,0,0,0,0,0
2018-07-24,181.41,182.05,179.56,180.3,172.37,36900300.0,168.4505,170.359,0.004136082954677933,64.95099016302052,1.8609985022324054,1.6878224342023898,1,0.030000000000001137,0.007116478341220311,0.6633220192294689,0,0.18373030903945992,0.15563668247162804,0,1,0,0,0,0,0,0,0,0,0,0
2018-07-25,180.38,182.93,180.29,182.82,174.78,35026600.0,168.9645,170.359,0.01398155131403378,70.64937726547512,2.0513917160989763,1.7605362905817072,0,2.7700000000000102,0.021273314493115647,-0.050777364953672466,0,0.18910006461531603,0.145857786661726,0,1,0,0,0,0,0,0,0,0,0,0
2018-07-26,180.34,180.92,179.81,180.05,172.13,40873500.0,169.458,170.359,-0.015161917839569772,59.24346203758,1.9657864937312013,1.801586331211606,0,0.9799999999999898,0.0029557164291419413,0.16692742087442114,0,0.18319556159622108,0.1763729309809427,0,1,0,0,0,0,0,0,0,0,0,0
2018-07-27,181.19,181.31,176.6,177.62,169.81,59456100.0,169.7655,170.359,-0.01347818509266252,51.417158809338694,1.6912435247110977,1.7795177699115046,0,-1.3100000000000023,-0.014658551618198512,0.4546368674079784,0,0.1780263363115795,0.27335607090573655,0,1,0,0,0,0,0,0,0,0,0,0
2018-07-30,177.63,177.73,174.27,175.11,167.41,60193000.0,169.93099999999998,170.359,-0.014133443260114231,44.82080643603714,1.2654193350262801,1.6766980829344598,1,-4.25,-0.04277354619234652,0.012394018443860233,0,0.17267886187919163,0.2772019738370045,0,1,0,0,0,0,0,0,0,0,0,0
2018-07-31,175.8,177.13,174.82,176.45,168.69,47285100.0,170.1055,170.359,0.007645899289170366,48.60765240494847,1.0194839233355708,1.5452552510146822,1,-3.680000000000007,-0.019965729063606386,-0.21444187862376018,0,0.1755308482431318,0.20983526132986094,0,1,0,0,0,0,0,0,0,0,0,0
2018-08-01,176.86,177.65,176.1,177.12,169.33,37101900.0,170.4075,170.359,0.003793941549588009,50.43910677986783,0.8662355646225137,1.4094513137362485,1,-5.449999999999989,-0.0026936024213558563,-0.21535748047482184,0,0.17695684142510198,0.15668883884419368,0,1,0,0,0,0,0,0,0,0,0,0
2018-08-02,175.87,179.74,175.79,179.53,171.63,47178200.0,170.7235,170.359,0.013582944546152387,56.44610122335028,0.9197733398231378,1.3115157189536264,1,-0.5,0.025022785384910762,0.27158447411049025,0,0.18208150442280696,0.2092773470628606,0,1,0,0,0,0,0,0,0,0,0,0
2018-08-03,179.87,180.09,179.08,180.08,172.16,28934400.0,170.9375,170.359,0.003088038221756184,57.717868638411964,0.9935163450108178,1.2479158441650646,1,2.3499999999999943,0.02046492431749658,-0.38669978930946924,0,0.18326240502662594,0.11406241437529521,0,1,0,0,0,0,0,0,0,0,0,0
2018-08-06,179.96,181.19,179.74,181.14,173.17,24808800.0,171.126,170.359,0.00586663568773238,60.10838885297869,1.1205398807560414,1.22244065148326,1,5.759999999999991,0.02253761845564095,-0.14258460517584604,0,0.18551280051692248,0.09253078575100532,0,1,0,0,0,0,0,0,0,0,0,0
2018-08-07,181.65,182.14,181.26,181.8,173.8,29895700.0,171.34,170.359,0.0036380435410292566,61.56798453169095,1.2575464699494887,1.2294618151765058,1,5.110000000000014,0.01259271745051782,0.20504417787236795,0,0.18691651255542435,0.11907946755459758,0,1,0,0,0,0,0,0,0,0,0,0
2018-08-08,181.55,182.35,181.06,182.02,174.01,22680700.0,171.60750000000002,170.359,0.0012082853855004405,62.06622668200035,1.3673089376087546,1.2570312396629555,0,4.679999999999978,0.010712964614262077,-0.2413390554494459,0,0.18738441656825827,0.08142416880429422,0,1,0,0,0,0,0,0,0,0,0,0
2018-08-09,181.91,182.63,181.64,181.91,173.91,18852900.0,171.7245,170.359,-0.0005746796161140155,61.65631503493656,1.4297460967422637,1.291574211078817,0,2.280000000000001,0.004271649310415682,-0.1687690415198826,0,0.18716160513357544,0.061446767202574026,0,1,0,0,0,0,0,0,0,0,0,0
2018-08-10,180.68,181.22,179.84,180.52,172.58,33818500.0,171.768,170.359,-0.007647633833592016,56.32793637590373,1.3562738300036585,1.3045141348637856,0,0.4200000000000159,-0.007014028064205591,0.7938089100350609,0,0.1841982130522939,0.1395526769707708,0,1,0,0,0,0,0,0,0,0,0,0
2018-08-13,180.85,182.01,180.24,180.32,172.39,26089200.0,171.8225,170.359,-0.001100938695098086,55.588855623765085,1.2680972810773596,1.2972307641065004,1,-0.7800000000000011,-0.009323252144804117,-0.2285524195336872,0,0.18377487132639642,0.09921323128390738,0,1,0,0,0,0,0,0,0,0,0,0
2018-08-14,181.01,181.66,180.04,181.45,173.47,20913000.0,171.879,170.359,0.006264864551308147,58.890744836003556,1.2707156854106074,1.2919277483673217,0,-0.3300000000000125,-0.002483707977381955,-0.1984039372613955,0,0.186181234820971,0.07219849013472925,0,1,0,0,0,0,0,0,0,0,0,0
2018-08-15,180.01,180.58,178.12,179.23,171.35,58528000.0,171.846,170.359,-0.012221133337176449,50.89207961638285,1.089169242248147,1.2513760471434867,1,-2.6599999999999966,-0.007057207480966388,1.7986419930186965,0,0.18145763240569507,0.2685122895100114,0,1,0,0,0,0,0,0,0,0,0,0
2018-08-16,180.61,180.99,179.47,179.82,171.91,27711800.0,171.884,170.359,0.0032681645754304434,52.718896133574745,0.97919218002977,1.1969392737207434,1,-2.0,-0.0026881042104378583,-0.5265206396938218,0,0.1827053764399189,0.10768162875476561,0,1,0,0,0,0,0,0,0,0,0,0
2018-08-17,179.35,180.31,178.27,179.86,171.95,36092600.0,171.9255,170.359,0.00023267989064046368,52.85380691715514,0.8850598129922105,1.1345633815750369,0,-0.6300000000000239,-0.008720288871105542,0.30242712490707935,0,0.18279450101379202,0.15142127224285187,0,1,0,0,0,0,0,0,0,0,0,0
2018-08-20,180.26,180.33,179.0,179.7,171.79,24939000.0,171.932,170.359,-0.000930503053213072,52.212044279388635,0.7884596984985137,1.0653426449597323,1,-0.5999999999999943,0.002570341412857835,-0.30902733524323545,0,0.18243800271829946,0.09321030340828729,0,1,0,0,0,0,0,0,0,0,0,0
2018-08-21,180.24,181.44,180.13,180.36,172.43,26258700.0,171.935,170.359,0.0037254787822342816,54.58735083794594,0.7548446834564686,1.0032430526590796,1,-1.039999999999992,0.0030276556196616733,0.05291711776735242,0,0.18386399590026964,0.10009785680548416,0,1,0,0,0,0,0,0,0,0,0,0
2018-08-22,179.98,181.27,179.75,181.06,173.09,18042400.0,171.8505,170.359,0.0038276402018209144,56.963049488327236,0.7725554872445173,0.9571055395761672,0,1.740000000000009,0.006622615930842124,-0.31289820135802615,0,0.18533455136917626,0.05721674369084556,0,1,0,0,0,0,0,0,0,0,0,0
2018-08-23,180.74,182.05,180.5,180.8,172.85,25776200.0,171.8865,170.359,-0.0013865619042117139,55.819506499017365,0.7584821228363694,0.9173808562282078,1,0.9399999999999977,0.006166557079843482,0.42864585642708297,0,0.18479980392593748,0.09757967501102519,0,1,0,0,0,0,0,0,0,0,0,0
2018-08-24,181.4,182.63,181.36,182.48,174.45,23136100.0,172.11849999999998,170.359,0.009256580850448337,61.38505654440719,0.8664476393503548,0.9071942128526372,1,2.5,0.011697659148057538,-0.1024239414653828,0,0.18836478688086272,0.0838009148958934,0,1,0,0,0,0,0,0,0,0,0,0
2018-08-27,183.4,184.34,183.11,184.34,176.23,29343600.0,172.5595,170.359,0.010203496703926618,66.44878577218566,1.0831562618117516,0.9423866226444602,1,4.439999999999998,0.01807351565016324,0.268303646682025,0,0.19233083041821702,0.11619804129818143,0,1,0,0,0,0,0,0,0,0,0,0
2018-08-28,184.83,185.02,184.22,184.61,176.49,20277000.0,172.9495,170.359,0.0014753447199682412,67.1268860856558,1.2613392992181218,1.0061771579591925,1,4.060000000000002,0.020935422274343196,-0.3089804931910195,0,0.19291014014839242,0.06887918729270667,0,0,0,0,0,0,0,0,0,0,0,0
2018-08-29,184.93,186.84,184.86,186.74,178.53,29175600.0,173.4095,170.56439999999998,0.011558728539860619,71.92194762982487,1.5493021997590688,1.1148021663191678,0,5.439999999999998,0.023237569963755478,0.4388519011688119,0,0.1974554934159221,0.11532124432104338,0,0,0,0,0,0,0,0,0,0,0,0
2018-08-30,186.38,187.52,185.79,186.41,178.21,29315500.0,173.7385,170.7396,-0.001792415840474959,70.19234014168977,1.7317312278209727,1.238187978619529,1,5.360000000000014,0.011241657419353901,0.0047951027570984905,0,0.19674249682493705,0.11605138656569583,0,0,0,0,0,0,0,0,0,0,0,0
2018-08-31,186.18,187.18,185.98,186.65,178.44,28653200.0,174.0525,170.94879999999998,0.0012906121990909902,70.7370518819009,1.8732727030509864,1.3652049235058206,0,3.990000000000009,0.01105692489847665,-0.022592144087598687,0,0.19725496312470753,0.11259482324451414,0,0,0,0,0,0,0,0,0,0,0,0
2018-09-04,186.08,186.4,184.85,185.85,177.67,29063500.0,174.2775,171.15,-0.004315175969513585,66.36462013045313,1.9013946827548125,1.472442875355619,0,1.4399999999999977,-0.004816979610897554,0.014319517540798188,0,0.19553931507764977,0.11473619109998878,0,0,0,0,0,0,0,0,0,0,0,0
2018-09-05,185.52,185.55,182.82,183.45,175.38,42623300.0,174.35649999999998,171.38099999999997,-0.012889063995046968,55.397434869327036,1.7190811946851454,1.5217705392215244,0,-1.1100000000000136,-0.015913627765469562,0.466557709842242,0,0.19043693322341304,0.18550518902020546,0,0,0,0,0,0,0,0,0,0,0,0
2018-09-06,183.53,183.75,180.58,181.81,173.81,46091400.0,174.34650000000002,171.56719999999999,-0.008951989964648188,49.37323955286243,1.4314101576541134,1.5036984629080423,0,-4.719999999999999,-0.02615622992920874,0.08136629496073744,0,0.18693879369889266,0.2036053056655176,0,0,0,0,0,0,0,0,0,0,0,0
2018-09-07,180.5,182.67,180.44,181.11,173.14,46629500.0,174.308,171.7848,-0.003854783959496122,47.02316788977973,1.1362672066166226,1.4302122116497584,1,-5.070000000000022,-0.025695837919191278,0.0116746291065144,0,0.18544595708651762,0.20641366550717224,0,0,0,0,0,0,0,0,0,0,0,0
2018-09-10,182.15,182.25,180.73,181.72,173.73,26132000.0,174.3655,171.98620000000003,0.003407646990874369,49.31120639824309,0.9391464648452086,1.3319990622888485,1,-4.710000000000008,-0.009399126933269941,-0.4395822387115452,0,0.18676054455114632,0.09943660575189256,0,0,0,0,0,0,0,0,0,0,0,0
2018-09-11,180.99,183.42,180.52,183.12,175.06,30116500.0,174.499,172.2054,0.0076555574742416255,54.121492807965026,0.8801014795274398,1.2416195457365669,0,-2.609999999999985,0.0072084205056198725,0.15247589162712383,0,0.18972393663242798,0.120231829295979,0,0,0,0,0,0,0,0,0,0,0,0
2018-09-12,182.85,182.98,181.01,182.58,174.55,36204000.0,174.55300000000003,172.39239999999998,-0.0029132868730720185,52.08051867896834,0.7831277562211767,1.149921187833489,1,-0.8299999999999841,0.008149917592043976,0.20213172181362382,0,0.18858759831554556,0.15200267214316843,0,0,0,0,0,0,0,0,0,0,0,0
2018-09-13,183.72,184.88,183.64,184.53,176.41,31133200.0,174.80599999999998,172.6548,0.010655972500716038,58.26242471540506,0.8466027279188779,1.0892574958505667,0,2.5999999999999943,0.015398243101885645,-0.14006187161639594,0,0.19273189100064614,0.1255380167165519,0,0,0,0,0,0,0,0,0,0,0,0
2018-09-14,184.66,184.95,183.26,183.99,175.9,31224100.0,175.0055,172.8666,-0.0028909925741170683,56.124441750509874,0.8460021760818677,1.040606431896827,0,2.7600000000000193,0.004851693053526951,0.0029197127182558624,0,0.19159555268376371,0.1260124265095391,0,0,0,0,0,0,0,0,0,0,0,0
2018-09-17,183.68,183.81,181.17,181.34,173.36,33071200.0,175.076,172.97619999999998,-0.014440022740193292,46.89473334917849,0.6332695252000349,0.9591390505574687,1,-0.3699999999999761,-0.006675042813594323,0.059156228682331946,0,0.18593614224281996,0.1356524961313943,0,0,0,0,0,0,0,0,0,0,0,0
2018-09-18,181.49,183.73,181.4,182.84,174.8,31877300.0,175.22650000000002,173.0842,0.0083064143977849,51.740193043014834,0.5742536930254403,0.8821619790510631,0,-0.2599999999999909,-0.00902460091652546,-0.036100897457606584,0,0.18914462690225264,0.1294214966611258,0,0,0,0,0,0,0,0,0,0,0,0
2018-09-19,182.87,183.3,181.51,182.7,174.66,31843400.0,175.338,173.187,-0.0008009153318078166,51.25058734295555,0.5103039248769505,0.8077903682162406,1,0.10999999999998522,-0.006934523674216209,-0.0010634526763558805,0,0.18883269089369664,0.12924457155681043,0,0,0,0,0,0,0,0,0,0,0,0
2018-09-20,183.96,184.97,183.52,184.72,176.59,33295800.0,175.513,173.34560000000002,0.011050040077865697,57.255571817324494,0.6083455147904715,0.7679013975310869,0,0.18000000000000682,0.01855553914384278,0.04561070739933548,0,0.19313295158307525,0.13682469018535384,0,0,0,0,0,0,0,0,0,0,0,0
2018-09-21,185.22,185.48,183.48,183.71,175.63,38605400.0,175.652,173.42680000000001,-0.0054363214225041645,53.71145501741092,0.6016448172607056,0.7346500814770107,1,-0.27000000000001023,0.004812803323553716,0.15946756047309263,0,0.19099396181012007,0.1645356498866166,0,0,0,0,0,0,0,0,0,0,0,0
2018-09-24,182.05,183.96,181.3,183.89,176.12,34945600.0,175.7355,173.515,0.002789956157831952,55.23460347764471,0.6286269509082558,0.7134454553632598,0,2.759999999999991,0.008403674813193485,-0.09480020929714494,0,0.19208573784006594,0.14543504526203443,0,0,0,0,0,0,0,0,0,0,0,0
2018-09-24,0.33 Dividend,,,,,,171.51,164.8078,0.0,55.23460347764471,0.6286269509082558,0.696481754472259,0,0.0,-0.0026463652646722124,0.0,0,0.19262048528330478,0.09497694493662792,1,1,0,0,0,0,1,0,0,0,1,1
2018-09-25,183.81,184.28,183.18,184.14,176.36,25277500.0,171.51,164.8078,0.0013627072450601574,55.23460347764471,0.675870371206571,0.6923594778191214,1,1.700000000000017,0.0041526634028921094,-0.2766614394945286,0,0.19262048528330478,0.09497694493662792,1,1,0,0,0,0,0,0,0,0,0,0
2018-09-26,184.3,185.99,183.91,184.27,176.48,36210600.0,171.51,164.8078,0.0006804264005442207,55.68067150329769,0.7009706460614495,0.6940817114675871,1,-0.11000000000001364,0.002043133645604378,0.4325229947581841,0,0.1928878590049241,0.15203711773869885,1,1,0,0,0,0,0,0,0,0,0,0
2018-09-27,185.02,186.49,184.92,185.83,177.97,33113300.0,171.51,164.8078,0.008442883046237526,60.891634924425,0.8315082329584413,0.7215670157657581,0,2.3400000000000034,0.010486016691841904,-0.0855357271075321,0,0.19620774938169827,0.13587221727864138,1,1,0,0,0,0,0,0,0,0,0,0
2018-09-28,185.31,186.28,184.97,185.79,177.94,28076800.0,171.51,164.8078,-0.0001685677361352722,60.73679021922263,0.9219122314337937,0.7616360588993654,1,1.8199999999999932,0.008954741710646474,-0.15209900553554012,0,0.1961409059512934,0.10958657456819054,1,1,0,0,0,0,0,0,0,0,0,0
2018-10-01,186.87,187.53,185.7,186.17,178.3,27371300.0,171.51,164.8078,0.002023153872091843,61.98603578238417,1.0109534013910206,0.8114995273976964,0,0.0,0.010297469182194097,-0.025127507408251648,0,0.19694302711615164,0.10590454916717335,1,1,0,0,0,0,1,0,0,0,0,0
2018-10-02,186.01,187.18,185.32,185.75,177.9,25618600.0,171.51,164.8078,-0.0022434099831744048,59.71266313713239,1.03728533339293,0.8566566885967432,1,1.539999999999992,-0.00038882384721783403,-0.06403422563049621,0,0.1960517813774203,0.09675715594199572,1,1,0,0,0,0,0,0,0,0,0,0
2018-10-03,186.53,186.97,185.66,185.95,178.09,29128700.0,171.51,164.8078,0.001068015739179362,60.45457331027944,1.0612515441249855,0.8975756597023916,0,1.6100000000000136,0.0008477596280968003,0.13701373221019097,0,0.19647512310331766,0.11507647183159236,1,1,0,0,0,0,0,0,0,0,0,0
2018-10-04,185.2,185.32,181.06,182.38,174.67,80557300.0,171.51,164.8078,-0.01920377337301371,44.55092723669001,0.7951139423438178,0.8770833162306769,0,-3.3000000000000114,-0.020379167617008753,1.7655645463065635,0,0.1888549720371649,0.3834838588461248,1,1,0,0,0,0,0,0,0,0,0,0
2018-10-05,182.36,182.97,178.43,180.15,172.53,83325600.0,171.51,164.8078,-0.012251674586362782,37.84251313836223,0.4068281980156314,0.7830322925876678,0,-5.409999999999997,-0.03038743222019713,0.03436435928215076,0,0.18408680733495242,0.3979316985592869,1,1,0,0,0,0,0,0,0,0,0,0
2018-10-08,179.52,180.64,176.93,179.05,171.48,66864500.0,171.51,164.8078,-0.006085898104677523,35.053475300224406,0.01421881772412803,0.6292695976149599,1,-6.820000000000022,-0.037541346064054015,-0.19755153278224225,0,0.1817472872707827,0.31202072998567376,1,1,0,0,0,0,0,0,0,0,0,0
2018-10-09,179.18,181.02,178.75,179.63,172.04,49097900.0,171.51,164.8078,0.0032656869605784955,37.691070461264104,-0.2488707972361226,0.45364151864474345,0,-5.860000000000014,-0.01507188573046181,-0.2657105040791451,0,0.18299503130500655,0.21929631823555049,1,1,0,0,0,0,0,0,0,0,0,0
2018-10-10,178.51,178.62,171.5,171.73,164.47,114471100.0,171.51,164.8078,-0.044001395024412915,23.68698927608814,-1.05603364887466,0.15170648514086274,0,-13.620000000000005,-0.04682160616851194,1.3314866827298113,1,0.16612820569951647,0.5604809857703158,1,1,0,0,0,0,0,0,0,0,0,0
2018-10-11,171.02,173.4,167.81,169.6,162.43,143084500.0,171.51,164.8078,-0.01240347783790352,21.38145120776042,-1.839126667692625,-0.24646014542583483,1,-12.23999999999998,-0.05313918590173794,0.24996178074640674,0,0.16158285243198683,0.7098151680658016,1,1,0,0,0,0,0,0,0,0,0,0
2018-10-12,174.17,174.86,170.93,174.32,166.95,102078400.0,171.51,164.8078,0.027827371790925204,36.19918010365492,-2.071132575111932,-0.6113946313630543,0,-5.5800000000000125,-0.02857750107139123,-0.2865865974301899,0,0.17165392927965062,0.4958031173263955,1,1,0,0,0,0,0,0,0,0,0,0
2018-10-15,173.71,174.04,171.56,172.21,164.93,64885300.0,171.51,164.8078,-0.01209943096735544,33.18864458121041,-2.390440535909221,-0.9672038122722877,1,-6.549999999999983,0.0033244629856662433,-0.3643581795952915,0,0.16715313829905754,0.3016912265502475,1,1,0,0,0,0,0,0,0,0,0,0
2018-10-16,174.02,177.65,173.7,177.22,169.73,71979700.0,171.51,164.8078,0.029103255926756777,44.91254858421973,-2.230463120170242,-1.2198556738518787,1,-2.3100000000000023,0.04483119675032654,0.10933755411472235,0,0.1778480871638332,0.3387171103276768,1,1,0,0,0,0,0,0,0,0,0,0
2018-10-17,178.08,178.26,175.47,177.29,169.8,66987600.0,171.51,164.8078,0.00041241972544647787,45.063946853934596,-2.0741222603158462,-1.3907089911446722,0,5.3300000000000125,0.017416244684847815,-0.06935427627511648,0,0.17800405516811124,0.31266319253261243,1,1,0,0,0,0,0,0,0,0,0,0
2018-10-18,176.62,176.68,172.44,173.18,165.86,82486200.0,171.51,164.8078,-0.023203769140164865,38.628751082646815,-2.2422982560388505,-1.5610268441235078,0,3.430000000000007,0.00631190651203839,0.2313652078892212,0,0.16922528464160785,0.39355084509137217,1,1,0,0,0,0,0,0,0,0,0,0
2018-10-19,174.58,176.07,172.39,173.02,165.71,82923700.0,171.51,164.8078,-0.0009043771855782312,38.40390380623854,-2.3604726315364815,-1.7209160016061027,1,-1.2399999999999807,-0.023695726600296618,0.005303917503776345,0,0.1688910674895836,0.3958341705526691,1,1,0,0,0,0,0,0,0,0,0,0
2018-10-22,174.06,175.25,172.59,173.91,166.56,52909300.0,171.51,164.8078,0.005129443002836354,40.516825735134105,-2.358353152151011,-1.8484034317150846,0,1.6299999999999955,-0.018978703322906743,-0.36195201130677956,0,0.17078496468438759,0.23918812775140716,0,1,0,0,0,0,0,0,0,0,0,0
2018-10-23,170.64,174.13,168.82,173.27,165.95,77567000.0,170.9895,164.8078,-0.003662343900096121,39.47042588912449,-2.3784777406421824,-1.9544182935005043,0,-3.780000000000001,0.0005627219171620013,0.46603716170881104,0,0.16942581493282233,0.3678773945560302,0,1,0,0,0,0,0,0,0,0,0,0
2018-10-24,173.07,173.36,165.04,165.34,158.35,102997400.0,170.083,164.8078,-0.04579692678517622,29.31287320341437,-2.9734075152077253,-2.158216137841949,1,-11.450000000000017,-0.044329827682435985,0.32785076127734736,1,0.15249214589692744,0.5005994055525257,0,1,0,0,0,0,0,0,0,0,0,0
2018-10-25,167.91,172.08,167.16,171.06,163.83,83481100.0,169.376,164.8078,0.03460688348594898,41.08590080808649,-2.968484603369234,-2.320269830947406,0,-2.030000000000001,-0.014852387199323358,-0.18948342385341765,0,0.1647022125175464,0.3987432576661022,0,1,0,0,0,0,0,0,0,0,0,0
2018-10-26,165.2,169.96,164.23,166.66,159.62,130970900.0,168.45999999999998,164.8078,-0.025697369224195854,36.11010243157432,-3.2666391926311746,-2.50954370328416,0,-6.090000000000003,-0.03688741252342309,0.5688688816989713,0,0.15532185111739938,0.6465939307904481,0,1,0,0,0,0,0,0,0,0,0,0
2018-10-29,169.21,169.86,160.09,163.23,156.33,111871900.0,167.3615,164.8078,-0.020611452198972535,32.770103978823016,-3.725459578034304,-2.752726878234189,1,-10.22999999999999,-0.011701937937219409,-0.14582628660259644,0,0.14799135491633436,0.5469156839668801,0,1,0,0,0,0,0,0,0,0,0,0
2018-10-30,162.75,166.04,162.01,165.92,158.91,92584000.0,166.412,164.8078,0.016503550182306537,37.64116978059207,-3.836666893344102,-2.969514881256172,1,-7.039999999999992,-0.029805271240861853,-0.17241058746655769,0,0.15373988993115129,0.44625156244699427,0,1,0,0,0,0,0,0,0,0,0,0
2018-10-31,168.62,171.25,168.54,169.82,162.64,73828600.0,165.6395,164.8078,0.02347240576426901,43.962573769754385,-3.582522574645566,-3.0921164199340505,1,4.289999999999992,0.019364503747603012,-0.20257711915665777,0,0.1620507564448207,0.34836657420285844,0,1,0,0,0,0,0,0,0,0,0,0
2018-11-01,170.07,172.24,168.78,172.06,164.79,52706800.0,165.1455,164.8078,0.013219380226266564,47.280028927642014,-3.1710702158401887,-3.107907179115278,0,0.9599999999999795,0.05319533617284211,-0.28609238154319605,0,0.16684120229050153,0.2381312742521783,0,1,0,0,0,0,0,0,0,0,0,0
2018-11-02,171.53,172.55,168.22,169.38,162.22,75966800.0,164.63000000000002,164.8078,-0.01559560652952241,43.932014318936346,-3.0175839493591923,-3.0898425331640613,0,2.5999999999999943,0.021096179461013165,0.44130928077591514,0,0.16111494841915286,0.3595259033487903,0,1,0,0,0,0,0,0,0,0,0,0
2018-11-05,169.6,169.66,167.08,168.96,161.82,39573500.0,164.147,164.8078,-0.0024657872025644068,43.416693242634345,-2.8948515873087217,-3.0508443439929938,1,5.489999999999981,-0.004842013505820253,-0.4790684878130973,0,0.16022370268042152,0.16958819246737453,0,1,0,0,0,0,0,0,0,0,0,0
2018-11-06,168.97,171.19,168.72,170.24,163.04,34410400.0,163.69699999999997,164.8078,0.00753924113212201,45.515880810942996,-2.668382054792687,-2.9743518861529328,1,4.1299999999999955,-0.010522152599964807,-0.1304686216786486,0,0.16294200218355204,0.14264182060629468,0,1,0,0,0,0,0,0,0,0,0,0
2018-11-07,172.28,175.58,171.87,175.58,168.16,51169600.0,163.88150000000002,164.8078,0.03140333660451433,53.33949105503879,-2.0521066996329296,-2.789902848848932,0,5.52000000000001,0.036476790534071935,0.4870388022225838,0,0.17434994763931283,0.2301085819113652,0,1,0,0,0,0,0,0,0,0,0,0
2018-11-08,174.76,175.3,173.63,174.46,167.09,40296500.0,164.1145,164.8078,-0.0063629876308277655,51.66966431101805,-1.631240176933602,-2.5581703144658663,0,2.3000000000000114,0.032579590105808576,-0.21249140114442955,0,0.17196586528820662,0.1733615508868436,0,1,0,0,0,0,0,0,0,0,0,0
2018-11-09,172.83,173.25,170.16,171.52,164.27,50602700.0,163.98049999999998,164.8078,-0.016877132084505364,47.45329242233117,-1.5078690816343112,-2.3481100678995555,0,2.0500000000000114,0.008163216889181202,0.25575918504088446,0,0.16568258283015086,0.2271499140164869,0,1,0,0,0,0,0,0,0,0,0,0
2018-11-12,170.32,170.64,166.18,166.33,159.3,62578400.0,163.699,164.8078,-0.030255067876057695,41.0893720481252,-1.7904943593157157,-2.2365869261827878,1,-2.519999999999982,-0.053495187591390825,0.236661284872151,0,0.15460885452641432,0.28965144710643953,0,1,0,0,0,0,0,0,0,0,0,0
2018-11-13,167.11,169.48,166.0,166.47,159.43,64128100.0,163.184,164.8078,0.0008160703075956732,41.31108248264815,-1.981149555683544,-2.185499452082939,0,-3.609999999999985,-0.046316129652967386,0.02476413586796733,0,0.15489850939150202,0.2977393773175754,0,1,0,0,0,0,0,0,0,0,0,0
2018-11-14,168.12,168.7,164.25,165.2,158.22,75270700.0,162.605,164.8078,-0.007589537728156626,39.80931103224039,-2.2044702986420077,-2.189293621394753,1,-9.939999999999998,-0.03702853529661865,0.17375534282163363,0,0.15220249103183975,0.3558929368262559,0,1,0,0,0,0,0,0,0,0,0,0
2018-11-15,164.9,168.54,163.46,168.09,160.98,73254300.0,162.36100000000002,164.8078,0.01744406522563513,44.74363829198639,-2.134143583881354,-2.1782636138920735,0,-6.110000000000014,0.010670597805074178,-0.026788644186914734,0,0.1583520866290858,0.3453692854887491,0,1,0,0,0,0,0,0,0,0,0,0
2018-11-16,166.45,168.31,165.78,167.5,160.42,65390700.0,162.09650000000002,164.8078,-0.003478693005342315,43.95626078344902,-2.0993959460046767,-2.162490080314594,0,-3.8500000000000227,0.00637583449213619,-0.10734659944876956,0,0.15710434259486195,0.30432892412313783,0,1,0,0,0,0,0,0,0,0,0,0
2018-11-19,166.7,166.9,161.54,162.06,155.21,67280500.0,161.52900000000002,164.8078,-0.032477247226031514,37.36780446487146,-2.4638598086824572,-2.222764025988167,0,-4.090000000000003,-0.018511875005738698,0.028900134116931042,0,0.14549586684788668,0.3141918463100156,0,1,0,0,0,0,0,0,0,0,0,0
2018-11-20,158.37,161.38,157.13,159.16,152.43,102652800.0,160.853,164.8078,-0.01791121706075638,34.40453982333099,-2.9430966263510356,-2.366830546060741,1,-7.0,-0.05386715729213021,0.5257437147464719,0,0.13930170896370403,0.49880092794346753,0,1,0,0,0,0,0,0,0,0,0,0
2018-11-21,161.35,161.97,159.23,160.37,153.59,42965800.0,160.615,164.8078,0.0076100505149905295,36.66157332357403,-3.1924918923152745,-2.5319628153116476,0,-4.6299999999999955,-0.04277841377179736,-0.5814454160042395,0,0.14188632160602482,0.1872927066670494,0,1,0,0,0,0,0,0,0,0,0,0
2018-11-23,159.09,160.84,159.09,159.21,152.48,23503700.0,160.0475,164.8078,-0.0072270330099616364,35.40614328006147,-3.44005237827227,-2.7135807279037722,1,-8.5,-0.017528199555727486,-0.4529672437147685,0,0.1394131146810454,0.08571943018634545,0,1,0,0,0,0,0,0,0,0,0,0
2018-11-26,161.44,162.97,160.76,162.89,156.0,42012600.0,159.86650000000003,164.8078,0.023084994753410415,42.16922728808934,-3.3140094270616487,-2.8336664677353474,1,-4.4199999999999875,0.023468012258439308,0.7874887783625557,0,0.147256077181881,0.18231792762771618,0,1,0,0,0,0,0,0,0,0,0,0
2018-11-27,162,163.85,161.18,163.44,156.53,36608100.0,159.8765,164.8078,0.0033974358974357965,43.13465363010843,-3.13521213563385,-2.8939756013150477,1,1.3199999999999932,0.019255397640884575,-0.12863997943474104,0,0.14843697778569998,0.15411168201496295,0,1,0,0,0,0,0,0,0,0,0,0
2018-11-28,164.62,168.7,163.47,168.7,161.57,70141000.0,160.0095,164.8078,0.03219830064524376,51.43706790215098,-2.5573485923712553,-2.8266501995262896,0,9.139999999999986,0.05868073129608997,0.9159967329634697,0,0.1596666740937145,0.3291208805546785,0,1,0,0,0,0,0,0,0,0,0,0
2018-11-29,167.99,169.26,166.82,168.15,161.04,44885700.0,159.92950000000002,164.8078,-0.003280311939097613,50.60042355739967,-2.1177421286484446,-2.684868585350721,1,7.449999999999989,0.032315424603581944,-0.3600647267646597,0,0.1584857734898955,0.1973127216456644,0,1,0,0,0,0,0,0,0,0,0,0
2018-11-30,168.38,169.47,167.54,169.37,162.21,36722800.0,159.8005,164.8078,0.007265275707898811,52.43952438596237,-1.6558539632969485,-2.4790656609399666,1,9.730000000000018,0.03618326441404496,-0.181859701419383,0,0.1610926672756846,0.1547103047130447,0,1,0,0,0,0,0,0,0,0,0,0
2018-12-03,173.11,173.31,169.51,172.33,165.05,50771700.0,159.94199999999998,164.8078,0.01750816842364844,56.657582931629754,-1.0485529338814388,-2.192963115528261,0,9.050000000000011,0.021493132192449638,0.38256614419379775,0,0.16742051202067693,0.22803193002325076,0,1,0,0,0,0,0,0,0,0,0,0
2018-12-04,171.43,171.91,165.52,165.72,158.71,70594700.0,159.7865,164.8078,-0.03841260224174492,46.70028415516674,-1.0665529486256276,-1.9676810821477344,1,2.180000000000007,-0.013639158110197669,0.3904340410110356,0,0.15329426706178562,0.33148875429591373,0,0,0,0,0,0,0,0,0,0,0,0
2018-12-06,162.38,166.91,161.77,166.89,159.84,71715500.0,159.62650000000002,164.4774,0.007119904227836926,48.43958136147656,-0.9783586245804656,-1.7698165906342807,0,-1.7299999999999898,-0.013784529590259553,0.015876545972997924,0,0.15581203627370155,0.3373382427005347,0,0,0,0,0,0,0,0,0,0,0,0
2018-12-07,166.16,167.12,160.86,161.38,154.56,80432200.0,158.9465,164.03900000000002,-0.033033033033033066,41.607396487726604,-1.319307702612548,-1.6797148130299342,1,-6.47999999999999,-0.06432573104694106,0.12154555151954605,0,0.14404759252244825,0.3828309582399344,0,0,0,0,0,0,0,0,0,0,0,0
2018-12-10,161.08,163.78,159.41,163.07,156.18,73960800.0,158.401,163.6032,0.010481366459627273,44.207558279549325,-1.4421674338044852,-1.6322053371848446,1,-6.030000000000001,-0.015431762345568867,-0.08045782659183764,0,0.1476571377643101,0.34905652991939207,0,0,0,0,0,0,0,0,0,0,0,0
2018-12-11,165.73,165.77,162.23,163.61,156.69,59058300.0,158.022,163.1782,0.0032654629273913827,45.03731413371437,-1.4813063407633251,-1.6020255379005408,1,-8.360000000000014,-0.01928620364601441,-0.2014918713696986,0,0.14879347608119248,0.2712799409205846,0,0,0,0,0,0,0,0,0,0,0,0
2018-12-12,166,167.6,164.96,165.05,158.07,53780000.0,157.9605,162.77360000000002,0.008807198927819337,47.32034343480147,-1.3850042725315177,-1.5586212848267365,1,-0.6400000000000148,0.022554028314837993,-0.08937439784077772,0,0.1518682738798155,0.24373233684661008,0,0,0,0,0,0,0,0,0,0,0,0
2018-12-13,166.13,166.82,164.03,165.1,158.12,46378500.0,157.895,162.378,0.00031631555639921594,47.40558644083663,-1.2897818057113568,-1.5048533890036606,0,-1.7199999999999989,0.012388977411609936,-0.13762551134250656,0,0.1519796795971569,0.205103689071091,0,0,0,0,0,0,0,0,0,0,0,0
2018-12-14,163.21,163.81,160.7,161.08,154.27,56547400.0,157.6975,161.9016,-0.024348596003035627,41.797194436903986,-1.5076014478812283,-1.5054030007791743,0,-0.28999999999999204,-0.015225081518817074,0.2192589238548035,0,0.14340143936186805,0.25817547943310903,0,0,0,0,0,0,0,0,0,0,0,0
2018-12-17,160.39,161.67,156.17,157.43,150.78,74834100.0,157.1875,161.4238,-0.022622674531665332,37.46968288049694,-1.9394817778105278,-1.592218756185445,1,-5.400000000000006,-0.046654954978301744,0.3233871053311028,0,0.13562532029143737,0.3536143084916221,0,0,0,0,0,0,0,0,0,0,0,0
2018-12-18,158.65,159.95,157.04,158.42,151.72,63642100.0,156.7525,161.0076,0.006234248574081391,39.29281568240886,-2.180761446241661,-1.7099272941966883,0,-4.969999999999999,-0.04073702196061957,-0.1495574878297461,0,0.13771974777745594,0.295202928919426,0,0,0,0,0,0,0,0,0,0,0,0
2018-12-19,158.18,160.72,153.34,154.53,148.0,81856500.0,156.392,160.538,-0.024518850514104962,34.94997130550334,-2.641698377961262,-1.8962815109496032,0,-10.069999999999993,-0.0409072764716889,0.28620048678469123,0,0.12943116240725472,0.3902644221359922,0,0,0,0,0,0,0,0,0,0,0,0
2018-12-20,154.15,155.87,150.39,152.29,145.85,99002100.0,156.06300000000002,160.0142,-0.014527027027027017,32.70042607004201,-3.144236448363074,-2.1458724984322974,0,-12.27000000000001,-0.03281162896705059,0.20945923659086318,0,0.12464071656157394,0.4797478164884803,0,0,0,0,0,0,0,0,0,0,0,0
2018-12-21,153.05,154.09,146.72,147.57,141.33,141129400.0,155.45,159.5514,-0.030990743914981023,28.5412646328041,-3.86270090297009,-2.489238179339856,0,-12.939999999999998,-0.070036621456113,0.42551925666223234,0,0.11456963971391015,0.6996114432443576,0,0,0,0,0,0,0,0,0,0,0,0
2018-12-24,0.42 Dividend,,,,,,151.49099999999999,158.6992,0.0,28.5412646328041,-3.86270090297009,-2.763930724065903,0,0.0,-0.04551777094200804,0.0,0,0.10677123950001116,0.2561708501538309,1,1,0,0,0,0,1,0,0,0,1,1
2018-12-24,146.08,147.98,143.46,143.5,137.83,56163300.0,151.49099999999999,158.6992,-0.024764735017335338,28.5412646328041,-4.87851256584338,-3.1868470924213987,1,-13.889999999999986,-0.05575547893231636,-0.6020439398169339,0,0.10677123950001116,0.2561708501538309,1,1,0,0,0,0,0,0,0,0,0,0
2018-12-26,145.08,152.54,144.09,152.46,146.43,98982100.0,151.49099999999999,158.6992,0.0623957048538053,45.12671863864193,-4.723545019360046,-3.494186677809128,1,-1.5699999999999932,0.03763096983646996,0.7623982209022617,1,0.12593302288273434,0.4796434358959639,1,1,0,0,0,0,0,0,0,0,0,0
2018-12-27,150.37,153.18,147.08,153.05,147.0,85824300.0,151.49099999999999,158.6992,0.003892644949805346,46.020967148257306,-4.50283204112543,-3.6959157504723885,0,1.1500000000000057,0.04152361478627531,-0.13293110572517652,0,0.12720304806042648,0.4109724878853275,1,1,0,0,0,0,0,0,0,0,0,0
2018-12-28,154.15,155.59,151.72,152.97,146.92,77856600.0,151.49099999999999,158.6992,-0.0005442176870749105,45.907887508261254,-4.284976208706553,-3.8137278421192216,1,5.589999999999975,0.06574413211653574,-0.09283734326991311,0,0.12702479891268015,0.3693888255356681,1,1,0,0,0,0,0,0,0,0,0,0
2018-12-31,154.47,154.98,152.71,154.26,148.16,53015300.0,151.49099999999999,158.6992,0.00843996732915886,48.03907628494489,-3.9665424230939834,-3.844290758314174,1,0.0,0.011788394591889295,-0.31906479347929395,0,0.12978766070274728,0.23974134489174428,1,1,0,0,0,0,1,0,0,0,0,0
2019-01-02,150.99,155.75,150.88,154.88,148.76,58576700.0,151.49099999999999,158.6992,0.004049676025917881,49.08440539902942,-3.6239912529064213,-3.800230857232624,0,10.929999999999978,0.01194542566800183,0.10490179250140996,0,0.13112452931084423,0.26876645625278894,1,1,0,0,0,0,0,0,0,0,0,0
2019-01-03,152.6,153.26,149.49,149.82,143.9,74820200.0,151.49099999999999,158.6992,-0.03267007260016119,41.75664180571707,-3.702003968538321,-3.7805854794937637,1,-2.530000000000001,-0.020180429245084452,0.2773030915022525,0,0.12029589358525883,0.3535417639798232,1,1,0,0,0,0,0,0,0,0,0,0
2019-01-04,152.34,157.0,151.74,156.23,150.05,74709300.0,151.49099999999999,158.6992,0.042738012508686696,51.60289179469185,-3.2303386720272727,-3.6705361180004656,1,3.0500000000000114,0.014117615934443384,-0.001482220042181126,1,0.13399879681825272,0.3529629735943196,1,1,0,0,0,0,0,0,0,0,0,0
2019-01-07,156.62,158.86,156.11,158.09,151.84,52059300.0,151.49099999999999,158.6992,0.011929356881039688,54.03836054036442,-2.6811953351935074,-3.472667961439074,1,4.920000000000016,0.02199729678956519,-0.303175106713622,0,0.13798712149907533,0.23475195256945877,1,1,0,0,0,0,0,0,0,0,0,0
2019-01-08,159.54,160.11,157.2,159.52,153.21,49388700.0,151.49099999999999,158.6992,0.009022655426764947,55.86882320810562,-2.1111121472446257,-3.2003567986001844,1,5.050000000000011,0.06369002481649133,-0.051299191498925256,0,0.1410396381542301,0.2208140120507394,1,1,0,0,0,0,0,0,0,0,0,0
2019-01-09,160.14,161.52,159.47,160.82,154.46,46491700.0,151.49099999999999,158.6992,0.00815873637491027,57.53075808631585,-1.5406924171166168,-2.868423922303471,1,5.700000000000017,0.029110748682714904,-0.058657142220791436,0,0.14382478108776542,0.20569448322473402,1,1,0,0,0,0,0,0,0,0,0,0
2019-01-10,159.6,161.37,158.7,161.28,154.9,38943400.0,151.49099999999999,158.6992,0.0028486339505373603,58.128500882497775,-1.0411249087016472,-2.502964119583106,0,11.0,0.020030025752212577,-0.16235801229036584,0,0.14480515140036987,0.1662996819001443,1,1,0,0,0,0,0,0,0,0,0,0
2019-01-11,160.33,160.86,159.79,160.69,154.34,30176600.0,151.49099999999999,158.6992,-0.003615235635894165,57.02835389986812,-0.6825335569952813,-2.138878007065541,0,4.289999999999992,0.0073921346895534645,-0.22511645105460742,0,0.14355740736614603,0.12054549297649089,1,1,0,0,0,0,0,0,0,0,0,0
2019-01-14,159.33,159.96,158.59,159.27,152.97,30710200.0,151.49099999999999,158.6992,-0.008876506414409735,54.31980301451582,-0.5030955058635982,-1.8117215068251524,1,1.1299999999999955,-0.00964310809976654,0.017682575240418164,0,0.14050489071099131,0.12333036718482931,1,1,0,0,0,0,0,0,0,0,0,0
2019-01-15,160,162.6,159.91,162.38,155.96,40874200.0,151.49099999999999,158.6992,0.019546316271164432,58.90701829571753,-0.11825833753118786,-1.4730288729663594,0,2.75,0.007054574220860532,0.33096495626860123,0,0.14716695260800788,0.1763765843016808,1,1,0,0,0,0,0,0,0,0,0,0
2019-01-16,162.65,163.78,162.29,162.35,155.93,33812200.0,151.49099999999999,158.6992,-0.0001923570146191711,58.84316960997422,0.18220677540767838,-1.141981743291552,1,1.4699999999999989,0.010477452842135526,-0.17277402371177908,0,0.14710010917760302,0.13951979708412815,1,1,0,0,0,0,0,0,0,0,0,0
2019-01-17,161.83,164.36,161.57,163.63,157.16,39329000.0,151.49099999999999,158.6992,0.00788815494131967,60.72288890273788,0.5136571428052434,-0.810853966072193,1,2.259999999999991,0.02724211419786493,0.16316004282477925,0,0.1498406898242018,0.16831213972386114,1,1,0,0,0,0,0,0,0,0,0,0
2019-01-18,164.78,166.02,163.82,165.25,158.72,57183200.0,151.49099999999999,158.6992,0.00992618987019589,63.029181043447615,0.8919312808768041,-0.4702969166823936,0,4.3799999999999955,0.017621987796896388,0.45397035266597174,0,0.15331654820525387,0.2614937384692064,1,1,0,0,0,0,0,0,0,0,0,0
2019-01-22,164.06,164.14,160.76,161.94,155.54,56711700.0,151.49099999999999,158.6992,-0.020035282258064613,55.83225329865935,0.9244602348545072,-0.19134548637501347,1,2.569999999999993,-0.002220937446549054,-0.008245428727318482,0,0.14623114458233993,0.2590329660006315,1,1,0,0,0,0,0,0,0,0,0,0
2019-01-23,162.77,163.51,160.32,162.15,155.74,38106100.0,151.49099999999999,158.6992,0.0012858428700013302,56.171216423528364,0.9553651391406959,0.03799663872812839,1,-0.21999999999999886,-0.008823249517867393,-0.3280733957895814,0,0.14667676745170566,0.16192978839444383,0,1,0,0,0,0,0,0,0,0,0,0
2019-01-24,162.68,163.44,162.06,163.2,156.75,32417800.0,152.43699999999998,158.6992,0.006485167587003904,57.927216452531525,1.0492608317963459,0.24024947734177188,1,0.8199999999999932,-0.012264271801059379,-0.14927531287641616,0,0.1489271629420022,0.1322423821738824,0,1,0,0,0,0,0,0,0,0,0,0
2019-01-25,164.51,165.65,163.95,165.15,158.62,36515900.0,153.0465,158.6992,0.011929824561403457,61.03960208121731,1.2600422339419879,0.4442080286618151,0,1.460000000000008,0.01970083501840869,0.12641511762056656,0,0.1530937367705711,0.1536304874834622,0,1,0,0,0,0,0,0,0,0,0,0
2019-01-28,163.02,163.12,161.75,163.11,156.66,33491200.0,153.5295,158.6992,-0.012356575463371655,56.335532798243435,1.2544716261194253,0.6062607481533371,0,-2.0600000000000023,0.006058416685035706,-0.08283240999126407,0,0.14872663265078762,0.1378444885742394,0,1,0,0,0,0,0,0,0,0,0,0
2019-01-29,163.2,163.24,160.99,161.57,155.18,30784200.0,153.9425,158.6992,-0.009447210519596516,53.01324873834036,1.1177485387813135,0.7085583062789325,1,-0.3599999999999852,-0.009873961421564714,-0.08082720236957763,0,0.14542902341748182,0.12371657537714012,0,1,0,0,0,0,0,0,0,0,0,0
2019-01-30,163.4,166.28,162.89,165.68,159.13,41346500.0,154.491,158.6992,0.025454311122567352,59.823277222285235,1.3129911508237342,0.8294448751878929,1,3.3899999999999864,0.003650525139599181,0.34310782804165774,0,0.15423007508745346,0.17884153199395636,0,1,0,0,0,0,0,0,0,0,0,0
2019-01-31,166.7,168.99,166.47,168.16,161.51,37258400.0,155.1285,158.6992,0.014956325017281502,63.2769181010626,1.640853697001404,0.9917266395505953,0,4.759999999999991,0.03096342562025234,-0.0988741489606133,0,0.15953298723290477,0.15750561698063478,0,1,0,0,0,0,0,0,0,0,0,0
2019-02-01,167.33,168.6,166.99,167.45,160.83,32143700.0,155.975,158.6992,-0.004210265618227793,61.64639487088083,1.8247818605651105,1.1583376837534982,1,2.210000000000008,0.03620037052162106,-0.1372764262555558,0,0.1580178694770616,0.13081184615344468,0,1,0,0,0,0,0,0,0,0,0,0
2019-02-04,167.48,169.53,167.33,169.53,162.83,26718800.0,156.614,158.6992,0.012435490891002932,64.54053538197448,2.107634047282346,1.348196956459268,1,6.170000000000016,0.02318155029005664,-0.1687702411358991,0,0.16247409817071817,0.10249913233632471,0,1,0,0,0,0,0,0,0,0,0,0
2019-02-05,169.76,171.23,169.69,171.03,164.27,28156400.0,157.2355,158.6992,0.008843579193023476,66.50058822780181,2.4200950591288404,1.5625765769931825,0,9.090000000000003,0.017068804465798615,0.053804811593334945,0,0.16568258283015086,0.11000200932640594,0,1,0,0,0,0,0,0,0,0,0,0
2019-02-06,171.07,171.37,169.75,170.52,163.78,27970000.0,157.764,158.6992,-0.002982894015949422,65.18029558426238,2.5982329452293413,1.7697078506404145,0,4.650000000000006,0.018296176068076986,-0.006620164509667403,0,0.164590806800205,0.10902918220415278,0,1,0,0,0,0,0,0,0,0,0,0
2019-02-07,169.03,169.45,166.95,168.23,161.58,42036200.0,158.12,158.6992,-0.013432653559653174,59.47125531402888,2.532691597356717,1.9223045999836752,1,0.0700000000000216,-0.0075719683825791195,0.5029031104755095,0,0.1596889552371828,0.18244109672688558,0,1,0,0,0,0,0,0,0,0,0,0
2019-02-08,166.76,168.59,166.57,168.56,161.9,29020700.0,158.47,158.6992,0.001980443124149023,60.01978967325854,2.4780060217031803,2.0334448843275763,0,1.0699999999999932,-0.014435104451453573,-0.309625989028504,0,0.16040195182816785,0.1145128166320036,0,1,0,0,0,0,0,0,0,0,0,0
2019-02-11,169.17,169.58,167.98,168.4,161.74,21434100.0,158.84,158.6992,-0.0009882643607164177,59.58554322540218,2.3941582798469483,2.1055875634314507,1,-1.0900000000000034,-0.012440474796220569,-0.26142029654694754,0,0.1600454535326753,0.07491812647274493,0,1,0,0,0,0,0,0,0,0,0,0
2019-02-12,169.63,171.14,169.33,170.89,164.13,29722100.0,159.398,158.6992,0.014776802275256573,63.79888208723942,2.4918370202177584,2.1828374547887126,1,-0.14000000000001478,0.015768981038689178,0.386673571551873,0,0.16537064682159486,0.11817344401155494,0,1,0,0,0,0,0,0,0,0,0,0
2019-02-13,171.65,172.16,170.82,171.01,164.25,26094100.0,159.8125,158.6992,0.0007311277645769554,64.00180839623022,2.5495415943519504,2.2561782827013603,1,0.46999999999999886,0.01451966567911711,-0.12206405334750914,0,0.1656380205432143,0.09923880452907391,0,1,0,0,0,0,0,0,0,0,0,0
2019-02-14,170.4,171.83,169.83,171.22,164.45,30326800.0,160.2385,158.6992,0.0012176560121763824,64.36038570416042,2.581651541672443,2.321272934495577,1,2.869999999999976,0.01672558605200991,0.16220908174644832,0,0.16608364341257992,0.1213293912262893,0,1,0,0,0,0,0,0,0,0,0,0
2019-02-15,172.52,172.56,171.14,171.94,165.14,32521700.0,160.6375,158.6992,0.00419580419580412,65.63229581074489,2.63243111246004,2.3835045700884696,1,3.2399999999999807,0.006144587972557458,0.0723749291056095,0,0.1676210423118914,0.13278463935200527,0,1,0,0,0,0,0,0,0,0,0,0
2019-02-19,171.41,172.8,171.38,172.28,165.47,19487700.0,160.975,158.6992,0.0019983044689355633,66.2526120062152,2.6685412478354067,2.440511905637857,0,3.7299999999999898,0.007411764676916066,-0.4007785570864991,0,0.16835632004634477,0.06475980720904562,0,1,0,0,0,0,0,0,0,0,0,0
2019-02-20,172.4,173.08,171.32,172.25,165.44,32593000.0,161.47,158.6992,-0.0001813017465401856,66.13574528798924,2.664028775575815,2.4852152796254487,0,1.3100000000000023,0.006012806918199498,0.6724908532048419,0,0.1682894766159399,0.13315675616432637,0,1,0,0,0,0,0,0,0,0,0,0
2019-02-21,171.79,172.26,170.71,171.62,164.84,25207400.0,161.925,158.6992,-0.003626692456479619,63.7150262322533,2.5822708126877956,2.504626386237918,1,0.5900000000000034,-0.001809689734084241,-0.22660080385358816,0,0.16695260800784295,0.09461109095985784,0,1,0,0,0,0,0,0,0,0,0,0
2019-02-22,171.99,173.01,171.9,172.89,166.06,27735400.0,162.39050000000003,158.6992,0.00740111623392381,66.40745549359198,2.5861097783716787,2.5209230646646703,1,1.6100000000000136,0.0035931220309040057,0.10028801066353532,0,0.16967090751097347,0.10780479785393501,0,1,0,0,0,0,0,0,0,0,0,0
2019-02-25,174.21,174.66,173.4,173.52,166.66,32608800.0,162.7925,158.6992,0.0036131518728170775,67.67772398601288,2.607509426376197,2.5382403370069757,1,1.5200000000000102,0.007387575650261269,0.17571046388370104,0,0.17100777611907042,0.13323921683241435,0,1,0,0,0,0,0,0,0,0,0,0
2019-02-26,173.1,174.25,172.81,173.7,166.83,21939700.0,163.301,158.6992,0.0010200408016320939,68.04640830012684,2.608121578785699,2.5522165853627206,0,1.3600000000000136,0.012034308908372982,-0.327184686342337,0,0.17138655555803128,0.07755686785156035,0,1,0,0,0,0,0,0,0,0,0,0
2019-02-27,172.9,173.8,171.76,173.59,166.73,25162000.0,163.8785,158.6992,-0.0005994125756759727,67.55824307944249,2.5709017941631203,2.5559536271228005,0,1.289999999999992,0.004033780098773199,0.14687074116783738,0,0.1711637441233484,0.09437414701484553,0,1,0,0,0,0,0,0,0,0,0,0
2019-02-28,173.05,173.81,172.7,173.19,166.34,25085500.0,164.239,158.6992,-0.0023391111377675244,65.5821978291613,2.4813318569897262,2.5410292730961856,1,1.5,-0.0019184829118114033,-0.0030402988633654315,0,0.17029477952808542,0.09397489124847017,0,1,0,0,0,0,0,0,0,0,0,0
2019-03-01,174.44,174.65,173.18,174.39,167.5,31431200.0,164.5385,158.6992,0.006973668390044541,68.53058972453996,2.4754143067029872,2.5279062798175462,1,1.4399999999999977,0.0040351446766010435,0.2529628669948776,0,0.1728793921704062,0.12709328754504676,0,1,0,0,0,0,0,0,0,0,0,0
2019-03-04,175.54,175.79,172.47,174.42,167.52,38063500.0,164.873,158.6992,0.00011940298507462366,68.58056522277447,2.4441636413021968,2.5111577521144763,1,0.8600000000000136,0.00475396023735164,0.21101007915701597,0,0.17292395445734277,0.16170745773238382,0,1,0,0,0,0,0,0,0,0,0,0
2019-03-05,174.55,175.09,173.69,174.55,167.65,22319900.0,165.114,158.6992,0.0007760267430754197,68.92599816768218,2.4021961554035727,2.4893654327722956,0,0.8199999999999932,0.007869098118194584,-0.413614092240598,0,0.17321360932243046,0.07954114291529776,0,1,0,0,0,0,0,0,0,0,0,0
2019-03-06,174.72,174.75,173.28,173.56,166.7,27194600.0,165.2355,158.6992,-0.005666567253206134,63.43723410615599,2.2661567159627225,2.444723689410381,0,-0.030000000000001137,-0.004771137525056091,0.21840151613582504,0,0.17109690069294353,0.10498234663229067,0,1,0,0,0,0,0,0,0,0,0,0
2019-03-07,173.12,173.18,170.79,171.43,164.65,39407400.0,165.279,158.6992,-0.01229754049190157,53.530938271351644,1.9702151982701537,2.3498219911823357,0,-1.6899999999999977,-0.017188081002032285,0.44908915740624966,0,0.1665292662819456,0.16872131164652557,0,0,0,0,0,0,0,0,0,0,0,0
2019-03-08,169.51,171.26,169.34,171.17,164.4,39303200.0,165.42000000000002,159.2306,-0.0015183723048891595,52.45515190989539,1.6959565710378683,2.2190489071534425,1,-3.0999999999999943,-0.019482480049996864,-0.002644173429355856,0,0.16597223769523856,0.16817748875951494,0,0,0,0,0,0,0,0,0,0,0,0
2019-03-11,171.88,174.85,171.85,174.73,167.82,30518400.0,165.71599999999998,159.6584,0.020802919708029055,63.31609463882803,1.734574950601882,2.1221541158431303,1,0.29999999999998295,0.006987006911238325,-0.2235136070345417,0,0.17359238876139121,0.12232935730259673,0,0,0,0,0,0,0,0,0,0,0,0
2019-03-12,175.19,176.14,174.77,175.69,168.74,33953500.0,166.066,160.0932,0.005482064116315133,65.59306044454809,1.818454593273401,2.0614142113291845,1,1.0900000000000034,0.02476661151945503,0.11255832546922506,0,0.17564225396047328,0.14025724597025674,0,0,0,0,0,0,0,0,0,0,0,0
2019-03-13,176.6,177.93,176.35,177.01,170.01,42426100.0,166.35999999999999,160.555,0.007526371933151532,68.49973083173303,1.964759674075566,2.042083303878461,0,3.3100000000000023,0.03381135575749572,0.24953539399472802,0,0.17847195918094516,0.18447599637799345,0,0,0,0,0,0,0,0,0,0,0,0
2019-03-14,177.13,177.34,176.66,176.71,169.72,23751500.0,166.6335,160.9862,-0.0017057820128226764,67.10565052357488,2.03386183511347,2.040439010125463,1,5.069999999999993,0.011302654036643989,-0.4401677269416704,0,0.17782580602036496,0.08701270572762407,0,0,0,0,0,0,0,0,0,0,0,0
2019-03-15,177.4,178.88,177.28,178.35,171.3,38192000.0,166.976,161.437,0.009309450860240487,70.6145797317657,2.1908636782615076,2.070523943752672,1,6.900000000000006,0.015130040780569343,0.6079826537271331,0,0.18134622668835365,0.1623781030393019,0,0,0,0,0,0,0,0,0,0,0,0
2019-03-18,177.95,178.99,177.59,178.45,171.71,32935100.0,167.30450000000002,161.9932,0.0023934617629888244,71.46520734860123,2.3216102655910618,2.12074120812035,0,3.890000000000015,0.009997130610406635,-0.1376440092165898,0,0.18225975357055324,0.13494218619931997,0,0,0,0,0,0,0,0,0,0,0,0
2019-03-18,0.32 Dividend,,,,,,175.21,176.956,0.0,71.46520734860123,2.3216102655910618,2.1609150196144924,0,0.0,0.011702912623229311,0.0,0,0.1835297787482454,0.15560014926424728,1,1,0,0,0,0,1,0,0,0,1,1
2019-03-19,179.18,180.0,178.29,179.05,172.28,36893300.0,175.21,176.956,0.0033195504047520696,71.46520734860123,2.49502298312467,2.227736612316528,1,2.2700000000000102,0.005713012167740894,0.12018181210926948,0,0.1835297787482454,0.15560014926424728,1,1,0,0,0,0,0,0,0,0,0,0
2019-03-20,179.06,180.86,178.24,179.76,172.97,50105000.0,175.21,176.956,0.0040051079637799525,73.10183366876447,2.6067725301699056,2.3035437958872036,1,3.25,0.007324658368532022,0.3581056723036433,0,0.18506717764755687,0.22455240297171544,1,1,0,0,0,0,0,0,0,0,0,0
2019-03-21,179.22,182.83,179.2,182.57,175.67,42428500.0,175.21,176.956,0.01560964329074399,78.33760467753959,2.8800034000181824,2.4188357167133994,0,4.369999999999976,0.022934301659276013,-0.15320826264843823,0,0.19108308638399318,0.1844885220490954,1,1,0,0,0,0,0,0,0,0,0,0
2019-03-22,181.78,182.27,178.37,178.56,171.81,70794500.0,175.21,176.956,-0.02197301758979897,60.27426284154025,2.753332390354956,2.485735051441711,0,0.09999999999999432,-0.0023582663352750277,0.6685600480808891,0,0.18248256500523607,0.3325315164151529,1,1,0,0,0,0,0,0,0,0,0,0
2019-03-25,177.91,178.84,176.93,178.22,171.49,46336500.0,175.21,176.956,-0.001862522553984003,59.05847609095461,2.5971846489908046,2.5080249709515297,1,0.0,-0.008225896853038983,-0.3454788154447026,0,0.18176956841425101,0.2048844898268065,1,1,0,0,0,0,1,0,0,0,0,0
2019-03-26,179.6,180.69,178.14,179.05,172.28,33248100.0,175.21,176.956,0.004606682605399648,61.14231534353621,2.5082690721500853,2.508073791191241,0,0.0,-0.019228857538383326,-0.28246414813376064,0,0.1835297787482454,0.13657574247220214,1,1,0,0,0,0,0,0,0,0,0,0
2019-03-27,179.32,179.72,176.6,177.9,171.18,37096700.0,175.21,176.956,-0.006384954724866443,56.806706451562334,2.322272320241808,2.470913497001354,1,-1.789999999999992,-0.003640794673450798,0.11575398293436323,0,0.18107885296673426,0.15666169989013942,1,1,0,0,0,0,0,0,0,0,0,0
2019-03-28,178.36,178.98,177.24,178.31,171.57,30368200.0,175.21,176.956,0.002278303540133031,57.94532716901551,2.1811948386015274,2.412969765321389,1,-4.099999999999994,0.000500031420666236,-0.18137731927637768,0,0.18194781756199724,0.12154545905279832,1,1,0,0,0,0,0,0,0,0,0,0
2019-03-29,179.69,179.83,178.59,179.66,172.87,35205500.0,175.21,176.956,0.0075770822404850335,61.58090403109289,2.1495108306087047,2.360277978378852,1,1.0600000000000023,0.0034704310557516216,0.15928833450780755,0,0.18484436621287403,0.14679147106178547,1,1,0,0,0,0,0,0,0,0,0,0
2019-04-01,181.51,182.26,180.77,182.04,175.16,30969500.0,175.21,176.956,0.013246948574072936,66.99381854587196,2.2828693903794886,2.3447962607789794,1,3.6699999999999875,0.023102334354691,-0.12032210876141514,0,0.18994674806711082,0.12468366156680488,1,1,0,0,0,0,0,0,0,0,0,0
2019-04-02,182.24,182.91,181.78,182.73,175.83,22645200.0,175.21,176.956,0.003825074217858049,68.39676028485421,2.4147842803380115,2.358793864690786,1,3.5500000000000114,0.02464910503241602,-0.26879026138620254,0,0.1914395846794858,0.08123889325257755,1,1,0,0,0,0,0,0,0,0,0,0
2019-04-03,183.76,184.92,183.21,183.78,176.84,31633500.0,175.21,176.956,0.005744184723881052,70.43674914656287,2.571187293492528,2.4012725504511345,0,5.659999999999997,0.022816207515812037,0.39691855227597905,0,0.19368998016978234,0.12814909723835047,1,1,0,0,0,0,0,0,0,0,0,0
2019-04-04,183.83,184.5,182.65,183.71,176.77,28530800.0,175.21,176.956,-0.00039583804569098824,70.09901926913437,2.6588399414797834,2.452786028656864,1,5.200000000000017,0.009173420896048112,-0.09808272875274626,0,0.19353401216550437,0.11195601401831357,1,1,0,0,0,0,0,0,0,0,0,0
2019-04-05,184.24,184.77,184.02,184.66,177.68,25674700.0,175.21,176.956,0.005147932341460715,71.979926939743,2.769806090854644,2.5161900410964204,1,4.810000000000002,0.010496279019650778,-0.10010585051943865,0,0.19556159622111807,0.09704994350400431,1,1,0,0,0,0,0,0,0,0,0,0
2019-04-08,184.36,185.28,183.63,185.13,178.14,22697500.0,175.21,176.956,0.0025889239081493542,72.90767373791331,2.861875796594404,2.5853271921960173,0,2.9799999999999898,0.007341018203919081,-0.11595851168660198,0,0.19658652882065902,0.08151184850200802,1,1,0,0,0,0,0,0,0,0,0,0
2019-04-09,184.5,185.11,184.09,184.48,177.51,25631900.0,175.21,176.956,-0.0035365442910070266,69.51303284078914,2.851139801984914,2.638489714153797,1,1.6799999999999784,0.004200311958603042,0.12928296067848888,0,0.19518281678215726,0.09682656903601913,1,1,0,0,0,0,0,0,0,0,0,0
2019-04-10,184.72,185.53,184.52,185.47,178.46,24563000.0,175.21,176.956,0.005351811165568154,71.65615580034911,2.886020264305273,2.6879958241840924,0,1.6200000000000045,0.004404190782710482,-0.041701941721058566,0,0.19729952541164414,0.09124794826897833,1,1,0,0,0,0,0,0,0,0,0,0
2019-04-11,185.78,185.78,184.69,185.03,178.04,20654100.0,175.21,176.956,-0.0023534685643842312,69.33556124027692,2.846954868524307,2.7197876330521353,1,1.2699999999999818,-0.0005382016898231035,-0.15913772747628552,0,0.19636371738597624,0.07084728336460402,1,1,0,0,0,0,0,0,0,0,0,0
2019-04-12,185.85,185.95,185.06,185.83,178.81,24989100.0,175.21,176.956,0.0043248708155472215,71.17841049324241,2.8453286482568956,2.7448958360930873,1,1.1299999999999955,0.007323213416731145,0.20988568855578316,0,0.198079365433034,0.09347177679254096,1,1,0,0,0,0,0,0,0,0,0,0
2019-04-15,185.84,186.07,184.62,185.86,178.84,21073000.0,175.21,176.956,0.00016777585146243723,71.2509031821436,2.8140223087509924,2.7587211306246684,1,0.700000000000017,0.0021391781026254275,-0.15671232657438638,0,0.19814620886343887,0.07303353487486072,0,1,0,0,0,0,0,0,0,0,0,0
2019-04-16,186.54,186.91,185.93,186.5,179.45,27195700.0,175.5685,176.956,0.0034108700514425827,72.75165760532465,2.8060868882406567,2.7681942821478662,1,1.9399999999999977,0.007903516718452241,0.29054714563659667,0,0.19950535861500407,0.10498808756487907,0,1,0,0,0,0,0,0,0,0,0,0
2019-04-17,187.75,187.93,186.6,187.15,180.08,29651600.0,175.924,176.956,0.003510727222067578,74.24689588863411,2.8181478905389383,2.7781850038260805,1,1.6200000000000045,0.007089373124972598,0.09030471728986567,0,0.20090907065350594,0.1178055024229345,0,1,0,0,0,0,0,0,0,0,0,0
2019-04-18,187.46,187.79,186.29,187.39,180.31,28580900.0,176.156,176.956,0.0012772101288316406,74.79077427088276,2.8138293266354424,2.785313868387953,1,2.2700000000000102,0.008198807402341801,-0.036109349917036515,0,0.20142153695327647,0.11221748740256723,0,1,0,0,0,0,0,0,0,0,0,0
2019-04-22,186.57,187.99,186.43,187.92,180.82,17936000.0,176.6065,176.956,0.0028284620930618676,76.00106897912869,2.819063166008675,2.7920637279120974,1,2.009999999999991,0.007616399443961086,-0.37244803347690236,0,0.20255787527015884,0.05666143893865813,0,1,0,0,0,0,0,0,0,0,0,0
2019-04-23,188.4,190.54,188.13,190.31,183.12,33665600.0,177.188,176.956,0.012719831877004761,80.53884098790476,2.974513459922065,2.828553674314091,0,4.280000000000001,0.01682550409889827,0.8769848349687779,0,0.20768253826786393,0.1387546873409827,0,1,0,0,0,0,0,0,0,0,0,0
2019-04-24,190.47,190.71,189.65,189.71,182.54,24977100.0,177.701,176.956,-0.003167321974661519,76.6052073617954,3.0161396051827296,2.866070860487819,1,3.0900000000000034,0.01238097199540511,-0.2580824342949479,0,0.20639023194670347,0.0934091484370311,0,1,0,0,0,0,0,0,0,0,0,0
2019-04-25,191.13,191.22,189.45,190.48,183.28,29517500.0,178.30599999999998,176.956,0.004053905993206985,78.07646116936259,3.0734120596725916,2.9075391003247733,1,3.1999999999999886,0.013606415895550228,0.1817825127817081,0,0.20803903656335643,0.1171056305501118,0,1,0,0,0,0,0,0,0,0,0,0
2019-04-26,190.18,190.69,188.59,190.65,183.45,26359500.0,178.9,176.956,0.0009275425578350038,78.41233483799456,3.096820255530247,2.9453953313658685,1,3.1399999999999864,0.0018141265763804704,-0.1069873803675786,0,0.20841781600231724,0.10062393499176697,0,1,0,0,0,0,0,0,0,0,0,0
2019-04-29,190.65,191.32,190.34,191.02,183.8,21716200.0,179.44650000000001,176.956,0.001907876805669284,79.12153317751745,3.1077888391163526,2.9778740329159654,0,2.980000000000018,0.006889325356711273,-0.17615281018228723,0,0.20919765602370716,0.07639041473018922,0,1,0,0,0,0,0,0,0,0,0,0
2019-04-30,189.48,189.85,188.21,189.54,182.38,31495300.0,179.8075,176.956,-0.007725788900979413,69.19011892425343,2.9676897084317773,2.975837168019128,0,-0.7400000000000091,-0.0048903695374751255,0.45031359077555,0,0.20603373365121097,0.1274278273440619,0,1,0,0,0,0,0,0,0,0,0,0
2019-05-01,190.78,191.32,188.8,188.93,181.79,34797100.0,180.1055,176.956,-0.003235003838140127,65.51071800038173,2.7770400794517798,2.9360777503056585,0,-0.75,-0.009052915933450256,0.10483468962035603,0,0.20471914618658227,0.14466001936259992,0,1,0,0,0,0,0,0,0,0,0,0
2019-05-02,188.87,189.85,186.87,188.11,181.0,44110100.0,180.3135,176.956,-0.004345673579404741,60.84500789964613,2.533003588604714,2.8554629179654696,1,-2.280000000000001,-0.015306466318524281,0.26763724563253843,0,0.20295893585258795,0.19326484226787713,0,1,0,0,0,0,0,0,0,0,0,0
2019-05-03,189.67,191.25,189.33,191.11,183.89,30386200.0,180.6695,176.956,0.015966850828729173,69.4240806478062,2.5434820805210734,2.7930667504765903,0,0.4399999999999977,0.008386173411184306,-0.31112829034620193,0,0.20939818631492163,0.1216394015860631,0,1,0,0,0,0,0,0,0,0,0,0
2019-05-06,187.05,190.2,186.76,189.94,182.76,38371800.0,180.9235,176.956,-0.006144977975963917,63.55996973734608,2.4325637242672826,2.720966145234729,0,-1.0400000000000205,0.005476199273360516,0.2628035094878596,0,0.2068804171030057,0.16331648456602463,0,1,0,0,0,0,0,0,0,0,0,0
2019-05-07,187.87,188.67,184.51,186.24,179.2,58818100.0,180.97650000000002,176.956,-0.019479098270956507,49.40220706531797,2.0339517502875992,2.583563266245303,0,-3.180000000000007,-0.009657225418191251,0.5328470387107198,0,0.19894833002829704,0.2700263300044623,0,1,0,0,0,0,0,0,0,0,0,0
2019-05-08,185.63,187.17,184.96,185.77,178.75,37165300.0,181.0385,176.956,-0.0025111607142856984,47.94831718094434,1.662572548448395,2.3993651226859214,0,-3.039999999999992,-0.028135236961206123,-0.3681315785446997,0,0.19794567857222434,0.1570197253224708,0,1,0,0,0,0,0,0,0,0,0,0
2019-05-09,183.7,185.41,182.09,184.77,177.79,55351700.0,181.005,176.956,-0.005370629370629376,44.911712998351575,1.2760780450308005,2.174707707154897,1,-3.210000000000008,-0.027360888355871582,0.4893381729731765,0,0.19580668879926916,0.25193508570951406,0,1,0,0,0,0,0,0,0,0,0,0
2019-05-10,184.11,185.89,181.03,185.0,178.01,58526400.0,181.00349999999997,176.956,0.001237414927723668,45.75947670138708,0.9762766187631087,1.9350214894765394,0,-5.8799999999999955,-0.006644375157191407,0.05735505865221846,0,0.19629687395557138,0.26850393906261005,0,1,0,0,0,0,0,0,0,0,0,0
2019-05-13,180.29,181.26,178.06,178.58,171.83,67185800.0,180.6545,176.956,-0.03471715072186943,31.223422498453445,0.23727234896634286,1.5954716613745001,1,-10.929999999999978,-0.038850365164775136,0.14795716121271774,0,0.1825271272921727,0.31369760420445025,0,1,0,0,0,0,0,0,0,0,0,0
2019-05-14,179.52,181.63,178.86,180.54,173.72,43360600.0,180.39849999999998,176.956,0.010999243438281958,37.73746103415489,-0.19365432792818638,1.2376464635139628,1,-5.47999999999999,-0.0224804923558638,-0.35461660053166,0,0.18673826340767807,0.1893531795633238,0,1,0,0,0,0,0,0,0,0,0,0
2019-05-15,179.35,183.55,179.31,183.09,176.17,40944500.0,180.2345,176.956,0.014103154501496684,45.00846777306911,-0.33362646135918794,0.9233918785393327,1,-2.5800000000000125,-0.009614752782090785,-0.05572109242030787,0,0.19219714355740736,0.17674348208437604,0,1,0,0,0,0,0,0,0,0,0,0
2019-05-16,183.17,186.07,182.95,184.93,177.94,39281200.0,180.1275,176.956,0.010047113583470546,49.58869985441092,-0.2982926461115767,0.6790549736091509,0,0.15000000000000568,0.03514951152324919,-0.040623282736387045,0,0.1961409059512934,0.16806267010774686,0,1,0,0,0,0,0,0,0,0,0,0
2019-05-17,183.1,185.58,182.88,183.04,176.12,44702300.0,179.918,176.956,-0.010228166797796923,45.40131479880874,-0.4123952963180102,0.46076491962371874,0,-1.8899999999999864,0.013922101287170308,0.13800749467938855,0,0.19208573784006594,0.19635555161228874,0,1,0,0,0,0,0,0,0,0,0,0
2019-05-20,180.49,181.18,179.34,179.95,173.15,38608300.0,179.5345,176.956,-0.01686350215761978,39.53445537766031,-0.7340153750117508,0.2218088606966248,1,1.3199999999999932,-0.017044555371946157,-0.13632408175865673,0,0.18546823822998598,0.16455078507253146,0,1,0,0,0,0,0,0,0,0,0,0
2019-05-21,181.5,182.33,180.92,181.83,174.96,31613800.0,179.12650000000002,176.956,0.010453364135142973,44.2615966839805,-0.8332446061819212,0.010798167320915597,0,1.240000000000009,-0.01663830482027373,-0.1811657078918264,0,0.18950112519774515,0.1280462823547218,0,1,0,0,0,0,0,0,0,0,0,0
2019-05-22,180.82,182.07,180.75,181.02,174.18,24332600.0,178.70850000000002,176.956,-0.004458161865569243,42.71192233292511,-0.9637148630111483,-0.1841044387454972,0,-1.9899999999999807,-0.010868299888046051,-0.23031713998317194,0,0.18776319600721908,0.09004548384318903,0,1,0,0,0,0,0,0,0,0,0,0
2019-05-23,178.94,179.02,177.14,178.25,171.52,45351300.0,178.1205,176.956,-0.015271558158227116,37.84560388638744,-1.2671463763330735,-0.4007128262630124,0,-6.4199999999999875,-0.009276355888653387,0.8638082243574463,0,0.18183641184465588,0.19974270183944698,0,1,0,0,0,0,0,0,0,0,0,0
2019-05-24,179.21,179.85,177.94,178.16,171.43,25903300.0,177.51950000000002,176.956,-0.0005247201492537545,37.689140330933114,-1.4976166915986084,-0.6200935993301318,0,-4.689999999999998,-0.020254440173050114,-0.42883004456322094,0,0.18163588155344135,0.09824301367646712,0,1,0,0,0,0,0,0,0,0,0,0
2019-05-28,178.66,179.66,177.47,177.49,170.78,24763800.0,176.86849999999998,176.956,-0.0037916350697078105,36.514987990554516,-1.7129695973867456,-0.8386687989414545,0,-2.3700000000000045,-0.01958791337718868,-0.043990534024622385,0,0.18018760722800292,0.09229592941784334,0,1,0,0,0,0,0,0,0,0,0,0
2019-05-29,176.39,177.0,175.09,176.03,169.38,42178800.0,176.2185,176.956,-0.008197681227310016,34.054178531569676,-1.9738532746009412,-1.065705694073352,1,-5.5800000000000125,-0.012514036446271581,0.7032442516899668,0,0.17706824714244335,0.18318533035152773,0,0,0,0,0,0,0,0,0,0,0,0
2019-05-30,176.5,177.27,175.77,176.77,170.09,30354800.0,175.6335,176.9122,0.004191758176880445,36.39523284094478,-2.099117086952816,-1.2723879726492449,0,-4.090000000000003,-0.007797558120137382,-0.28033040295124567,0,0.17865020832869144,0.1214755240558123,0,0,0,0,0,0,0,0,0,0,0,0
2019-05-31,174.69,175.29,173.87,173.95,167.38,45446200.0,174.9525,176.8004,-0.015932741489799618,31.76066336866785,-2.389519024414227,-1.4958141830022413,0,-4.140000000000015,-0.01993866454022919,0.49716684017025314,0,0.17261201844878676,0.20023798775093746,0,0,0,0,0,0,0,0,0,0,0,0
2019-06-03,173.48,173.95,169.27,170.12,163.69,75842300.0,173.9425,176.56079999999997,-0.022045644640936723,26.763247771815685,-2.884169898215447,-1.7734853260448826,1,-7.740000000000009,-0.0337866279538559,0.6688369984729197,0,0.16439027650899046,0.35887613416037556,0,0,0,0,0,0,0,0,0,0,0,0
2019-06-04,172.03,174.97,171.37,174.91,168.3,47797800.0,173.2195,176.4906,0.028162991019610395,39.558537158389946,-2.8710995583364536,-1.9930081725031967,1,-2.4799999999999898,-0.009815395111125946,-0.36977385970625887,0,0.17466188364786883,0.21251105781901972,0,0,0,0,0,0,0,0,0,0,0,0
2019-06-05,176.58,176.61,174.38,176.21,169.55,34412700.0,172.737,176.4518,0.007427213309566305,42.49240156505672,-2.728425080558452,-2.140091554114248,1,0.17000000000001592,0.013544559688239977,-0.28003590123394806,0,0.17744702658140415,0.14265382437443405,0,0,0,0,0,0,0,0,0,0,0,0
2019-06-06,176.51,178.04,175.73,177.61,170.9,29913200.0,172.34449999999998,176.42419999999998,0.007962253022707033,45.5655755337343,-2.477857611295832,-2.207644765550565,1,0.8100000000000023,0.04355245735188373,-0.13075114710557445,0,0.18045498094962237,0.11917080057304946,0,0,0,0,0,0,0,0,0,0,0,0
2019-06-07,178.56,181.77,178.33,181.04,174.2,45888300.0,172.16500000000002,176.4846,0.01930953774136923,52.27889426907627,-1.9900585101778745,-2.164127514476027,1,6.819999999999993,0.03469900407364257,0.5340485136996376,0,0.18780775829415564,0.20254532074851322,0,0,0,0,0,0,0,0,0,0,0,0
2019-06-10,182.25,184.85,182.21,183.15,176.23,41385300.0,172.07600000000002,176.5778,0.011653272101033396,55.88329816291848,-1.4232636758526667,-2.0159547467513548,1,12.539999999999992,0.03892506286510966,-0.09812958858794074,0,0.19233083041821702,0.17904403034343824,0,0,0,0,0,0,0,0,0,0,0,0
2019-06-11,185.06,185.4,182.78,183.4,176.47,41260300.0,172.308,176.6498,0.001361856664586103,56.303511063964436,-0.9438288207448409,-1.8015295615500522,0,8.169999999999987,0.03232466650698873,-0.0030203961309933636,0,0.19286557786145586,0.17839165164021054,0,0,0,0,0,0,0,0,0,0,0,0
2019-06-12,182.9,183.28,182.0,182.34,175.45,27758100.0,172.3945,176.65560000000002,-0.005780019266730996,53.95147861234008,-0.6388148593840697,-1.5689866211168557,1,5.899999999999977,0.007235109498888503,-0.3272443486838438,0,0.19059290122769096,0.10792326982644118,0,0,0,0,0,0,0,0,0,0,0,0
2019-06-13,183.1,183.87,182.74,183.42,176.49,23715800.0,172.4105,176.6688,0.005927614705044215,55.9710713497325,-0.30960090265546114,-1.3171094774245768,0,5.590000000000003,0.0015094521028993224,-0.14562596143107776,0,0.19291014014839242,0.08682638636998223,0,0,0,0,0,0,0,0,0,0,0,0
2019-06-14,182.48,183.11,181.94,182.64,175.74,22844100.0,172.3005,176.6468,-0.004249532551419355,54.127423082069875,-0.10797058439052876,-1.0752816988177674,1,1.5400000000000205,-0.0041019371131061355,-0.036756086659526566,0,0.1912390543882712,0.08227695824515348,0,0,0,0,0,0,0,0,0,0,0,0
2019-06-17,183.04,184.25,182.84,183.74,176.8,20379500.0,172.3345,176.6474,0.006031637646523258,56.31746087584584,0.13579072575313944,-0.8330672139035861,1,0.5700000000000216,0.007709719800148118,-0.10788781348356902,0,0.19360085559590923,0.06941413782935339,0,0,0,0,0,0,0,0,0,0,0,0
2019-06-18,185.91,187.72,185.43,186.41,179.37,48177300.0,172.6455,176.6812,0.014536199095022573,61.15917218694176,0.5302385815550963,-0.5604060548118496,1,2.9000000000000057,0.016318304190126476,1.3640079491646016,0,0.19932710946725785,0.214491679562019,0,0,0,0,0,0,0,0,0,0,0,0
2019-06-19,186.66,187.53,185.57,187.11,180.04,31672900.0,172.8995,176.71920000000003,0.0037352957573728585,62.33136030849097,0.8866836129491844,-0.2709881212596428,1,4.590000000000003,0.02430313249891869,-0.34257627554885806,0,0.20081994607963277,0.12835472700560785,0,0,0,0,0,0,0,0,0,0,0,0
2019-06-20,189.72,189.76,187.16,188.85,181.71,40922000.0,173.276,176.8032,0.009275716507442855,65.15419648118748,1.28906437984827,0.041022378961939776,0,5.219999999999999,0.027547211359838286,0.2920193603995844,0,0.20454089703883604,0.17662605391779507,0,0,0,0,0,0,0,0,0,0,0,0
2019-06-21,188.63,189.77,188.17,188.57,181.45,39980400.0,173.7725,176.863,-0.0014308513565572945,64.34572078820483,1.5688890333464087,0.3465957098388336,0,5.7099999999999795,0.011580160908258419,-0.023009628072919175,0,0.20396158730866065,0.17171181562212137,0,0,0,0,0,0,0,0,0,0,0,0
2019-06-24,188.53,188.72,188.06,188.16,181.45,19375200.0,174.2735,176.9312,0.0,64.34572078820483,1.770245795678619,0.6313257270067907,0,4.649999999999977,0.00784486515088556,-0.5153825374433472,0,0.20396158730866065,0.06417266637614068,0,0,0,0,0,0,0,0,0,0,0,0
2019-06-24,0.42 Dividend,,,,,,183.894,182.04820000000004,0.0,64.34572078820483,1.770245795678619,0.8591097407411563,0,0.0,-0.0014308513565572945,0.0,0,0.19703215169002475,0.14008814941038011,1,1,0,0,0,0,1,0,0,0,1,1
2019-06-25,188.03,188.14,184.65,184.93,178.34,33921100.0,183.894,182.04820000000004,-0.017139707908514712,64.34572078820483,1.6546251282671847,1.018212818246362,1,-1.6999999999999886,-0.017139707908514712,0.7507483793715677,0,0.19703215169002475,0.14008814941038011,1,1,0,0,0,0,0,0,0,0,0,0
2019-06-26,186.16,187.33,185.49,185.79,179.17,22595700.0,183.894,182.04820000000004,0.004654031624985899,66.14930191200344,1.6152461592275813,1.1376194864426057,1,-2.5400000000000205,-0.012485676283528813,-0.33387478590022135,0,0.19888148659789218,0.08098055128609938,1,1,0,0,0,0,0,0,0,0,0,0
2019-06-27,186.46,186.94,185.99,186.5,179.85,19709200.0,183.894,182.04820000000004,0.003795278227381793,67.59555440135337,1.6202313412139233,1.2341418573968692,1,-1.5999999999999943,-0.00869039805614702,-0.12774554450625564,0,0.2003966043537354,0.06591582227116512,1,1,0,0,0,0,0,0,0,0,0,0
2019-06-28,186.95,187.15,186.07,186.74,180.08,21179200.0,183.894,182.04820000000004,0.0012788434806785265,68.09212159637215,1.6240205140953492,1.3121175887365653,1,-1.3699999999999761,0.009728153333046219,0.07458445801960512,0,0.20090907065350594,0.07358779582112297,1,1,0,0,0,0,0,0,0,0,0,0
2019-07-01,190.32,190.57,188.38,189.26,182.51,31025600.0,183.894,182.04820000000004,0.013494002665481952,72.8294638218742,1.8023280368475127,1.4101596783587547,1,0.0,0.018568124373542272,0.4649089672886606,0,0.2063233885162986,0.12497644912881348,1,1,0,0,0,0,1,0,0,0,0,0
2019-07-02,189.2,190.03,188.66,190.01,183.24,18035800.0,183.894,182.04820000000004,0.003999780833926936,74.07472780095824,1.979721930321773,1.5240721287513583,1,4.900000000000006,0.018772626980087415,-0.41868005775875405,0,0.20794991198948332,0.05718229809531514,1,1,0,0,0,0,0,0,0,0,0,0
2019-07-03,190.49,191.44,190.29,191.44,184.61,15792100.0,183.894,182.04820000000004,0.00747653350796762,76.27256907601435,2.205432565604184,1.6603442161219235,0,5.440000000000026,0.024970317007376508,-0.12440257709666336,0,0.21100242864463808,0.045472361323859053,1,1,0,0,0,0,0,0,0,0,0,0
2019-07-05,190.13,191.4,189.39,191.05,184.24,21415600.0,183.894,182.04820000000004,-0.002004225123232839,74.43717748495422,2.327622578254477,1.7937998885484343,0,4.390000000000015,0.009472089218661717,0.35609576940368926,0,0.2101780263363116,0.07482157442466722,1,1,0,0,0,0,0,0,0,0,0,0
2019-07-08,189.81,189.87,188.93,189.71,182.95,17598800.0,183.894,182.04820000000004,-0.007001736864958863,68.26900375180955,2.293923897815205,1.8938246904017886,1,2.869999999999976,-0.001529428480224082,-0.17822521899923416,0,0.20730375882890306,0.05490158214883106,1,1,0,0,0,0,0,0,0,0,0,0
2019-07-09,188.81,190.9,188.65,190.66,183.86,19193500.0,183.894,182.04820000000004,0.004974036622028111,70.14820591237077,2.313972807467451,1.977854313814921,1,1.3500000000000227,-0.004031925366163591,0.09061413278178065,0,0.20933134288451688,0.06322436869312889,1,1,0,0,0,0,0,0,0,0,0,0
2019-07-10,191.82,193.09,191.47,192.56,185.69,28374500.0,183.894,182.04820000000004,0.00995322528010445,73.54169318326876,2.4492934881640167,2.07214214868474,0,2.4499999999999886,0.007925525037173697,0.47833902102274206,0,0.2134087921392126,0.11114027968779763,1,1,0,0,0,0,0,0,0,0,0,0
2019-07-11,192.85,193.34,191.81,192.42,185.56,23736100.0,183.894,182.04820000000004,-0.0007000915504334904,72.90763987501492,2.517031417619563,2.161120002471705,1,0.9499999999999886,0.01422717035169907,-0.16347072195104762,0,0.2131191372741249,0.0869323326713864,1,1,0,0,0,0,0,0,0,0,0,0
2019-07-12,192.63,193.54,192.45,193.53,186.63,20211900.0,183.894,182.04820000000004,0.005766328950204791,74.83109302525644,2.626774451607588,2.2542508922988818,1,2.3899999999999864,0.01501946267987575,-0.14847426493821647,0,0.21550321962523117,0.06853942846406567,1,1,0,0,0,0,0,0,0,0,0,0
2019-07-15,193.98,194.19,193.44,194.15,187.23,15606100.0,183.894,182.04820000000004,0.0032149172158817407,75.86580561928311,2.7306839574203536,2.3495375053231764,0,4.280000000000001,0.008281154615653041,-0.2278756574097438,0,0.21684008823332812,0.044501621813456224,1,1,0,0,0,0,0,0,0,0,0,0
2019-07-16,193.91,194.09,192.56,193.15,186.26,20190900.0,183.894,182.04820000000004,-0.005180793676227147,70.79841828067615,2.7035967160209964,2.4203493474627407,0,2.3999999999999773,0.003800452489859385,0.2937825593838306,0,0.2146788173169047,0.06842982884192342,1,1,0,0,0,0,0,0,0,0,0,0
2019-07-17,193.15,193.49,192.18,192.2,185.35,16765100.0,183.894,182.04820000000004,-0.004885643723826938,66.322778922916,2.5789717067648894,2.4520738193231706,1,-0.3400000000000034,-0.006851520184172344,-0.16967049512404098,0,0.21265123326129093,0.05055047714978354,1,1,0,0,0,0,0,0,0,0,0,0
2019-07-18,191.29,192.79,190.69,192.42,185.56,28877000.0,183.894,182.04820000000004,0.0011329916374427373,66.84368611922247,2.4686931757890704,2.4553976906163504,0,0.0,-0.008933445762611347,0.7224472266792326,0,0.2131191372741249,0.11376284207477302,1,1,0,0,0,0,0,0,0,0,0,0
2019-07-19,193.74,193.83,190.81,191.01,184.2,29387900.0,183.894,182.04820000000004,-0.007329165768484636,60.334940543902704,2.245669333277675,2.4134520191486155,1,-2.430000000000007,-0.011081817854868836,0.017692281054126013,0,0.21008890176243844,0.11642924431060533,1,1,0,0,0,0,0,0,0,0,0,0
2019-07-22,191.44,192.94,191.44,192.53,185.67,18954900.0,183.894,182.04820000000004,0.007980456026058569,64.37305477377856,2.1626088374835604,2.3632833828156046,1,-1.5600000000000023,0.0017842818950166706,-0.35501005515875583,0,0.213364229852276,0.06197910822440783,1,1,0,0,0,0,0,0,0,0,0,0
2019-07-23,193.58,193.81,192.29,193.79,186.88,23786700.0,183.894,182.04820000000004,0.006516938654602233,67.32207456310849,2.1694120520324987,2.3245091166589837,1,0.6200000000000045,0.007168228912176167,0.2549103398065935,0,0.2160602482119382,0.08719641557045299,0,1,0,0,0,0,0,0,0,0,0,0
2019-07-24,193.05,195.16,193.03,195.15,188.19,20422900.0,184.38649999999998,182.04820000000004,0.007009845890410871,70.19822646750721,2.2545209859152067,2.3105114905102284,0,2.8400000000000034,0.021507240571071673,-0.14141516057292525,0,0.21897907800628325,0.06964064371511405,0,1,0,0,0,0,0,0,0,0,0,0
2019-07-25,194.49,194.52,192.93,193.3,186.41,23434700.0,184.7485,182.04820000000004,-0.009458525957808606,62.18877565107364,2.153514925727393,2.2791121775536616,1,0.8499999999999943,0.0040682585872044985,0.1474717106777197,0,0.21501303446892894,0.08535931714216376,0,1,0,0,0,0,0,0,0,0,0,0
2019-07-26,194.53,195.55,194.43,195.29,188.33,20431200.0,185.17249999999999,182.04820000000004,0.010299876616061354,66.61374453253482,2.2030000361132807,2.2638897492655854,0,4.130000000000024,0.00785119654866362,-0.12816464473622446,0,0.21929101401483925,0.06968396166100836,0,1,0,0,0,0,0,0,0,0,0,0
2019-07-29,195.11,195.18,193.39,194.62,187.68,20451700.0,185.55249999999998,182.04820000000004,-0.003451388520150811,63.88787698931862,2.1648131563744357,2.2440744306873555,0,2.0100000000000193,-0.0026100378618980624,0.0010033673988800729,0,0.21784273968940088,0.06979095176833772,0,1,0,0,0,0,0,0,0,0,0,0
2019-07-30,193.13,194.54,192.99,193.78,186.87,18705000.0,185.77050000000003,182.04820000000004,-0.004315856777493576,60.56206334925703,2.0456090408368652,2.2043813527172578,0,-0.009999999999990905,0.002532631318416967,-0.08540610316012853,0,0.21603796706846995,0.060674872720915,0,1,0,0,0,0,0,0,0,0,0,0
2019-07-31,194.3,194.43,189.32,191.1,184.29,41627500.0,185.823,182.04820000000004,-0.013806389468614566,51.38622887023163,1.7230917532694434,2.108123432827695,0,-3.9000000000000057,-0.021573634766258953,1.2254744720662925,0,0.21028943205365297,0.18030807931881226,0,1,0,0,0,0,0,0,0,0,0,0
2019-08-01,191.43,194.98,189.23,190.15,183.37,63251600.0,185.761,182.04820000000004,-0.0049921319659231855,48.56080512305407,1.3773805820611358,1.9619748626743834,0,-3.039999999999992,-0.023114378212031328,0.5194666986967749,0,0.20823956685457096,0.29316489785054267,0,1,0,0,0,0,0,0,0,0,0,0
2019-08-02,188.72,188.99,186.21,187.35,180.67,55214000.0,185.5825,182.04820000000004,-0.014724327861700526,41.37133335986234,0.8754429911479349,1.744668488369094,0,-7.660000000000025,-0.03352284929623828,-0.1270734653352642,0,0.20222365811813459,0.2512164253300384,0,1,0,0,0,0,0,0,0,0,0,0
2019-08-05,183.43,183.51,179.2,180.73,174.29,75040000.0,185.14950000000002,182.04820000000004,-0.035313001605136396,30.05000758294787,-0.03673538339828042,1.3883877140156191,1,-13.390000000000015,-0.05502946143276011,0.3590755967689354,0,0.18800828858537016,0.3546889066915788,0,1,0,0,0,0,0,0,0,0,0,0
2019-08-06,182.4,183.8,181.07,183.26,176.73,41897200.0,184.793,182.04820000000004,0.013999655746170125,37.13530981230196,-0.5563425385738583,0.9994416634977237,1,-10.140000000000015,-0.036037673720666796,-0.4416684434968017,0,0.1934448875916312,0.18171565160889636,0,1,0,0,0,0,0,0,0,0,0,0
2019-08-07,181.27,184.51,179.89,184.25,177.68,49990600.0,184.39249999999998,182.04820000000004,0.005375431449103241,39.69644264134314,-0.8813185998814959,0.6232896108218798,1,-6.609999999999985,-0.01593791440986303,0.19317281345770132,0,0.19556159622111807,0.22395534598252145,0,1,0,0,0,0,0,0,0,0,0,0
2019-08-08,185.08,188.32,184.57,188.26,181.55,38418100.0,184.192,182.04820000000004,0.021780729401170706,48.84022699978761,-0.8171680085996513,0.33519808693757364,0,-1.8199999999999932,0.04115581659644407,-0.231493520781907,0,0.20418439874334354,0.16355812563770017,0,1,0,0,0,0,0,0,0,0,0,0
2019-08-09,187.36,188.0,185.03,186.49,179.84,33608900.0,183.8525,182.04820000000004,-0.009418892866978834,45.553422424480274,-0.8940053743064595,0.08935739468876697,0,-0.8299999999999841,0.017737267983295113,-0.12518057894586143,0,0.20037432321026716,0.1384587683611986,0,1,0,0,0,0,0,0,0,0,0,0
2019-08-12,185.34,185.9,183.5,184.35,177.78,24642900.0,183.38,182.04820000000004,-0.011454626334519546,41.8956170506075,-1.1083479785006318,-0.1501836799491128,1,3.490000000000009,0.0009072101996723259,-0.26677457459184917,0,0.1957844076558009,0.0916649487360815,0,1,0,0,0,0,0,0,0,0,0,0
2019-08-13,184.19,189.68,184.02,188.39,181.67,40241900.0,183.15050000000002,182.04820000000004,0.021880976487793857,50.05179241498672,-0.9533360817467269,-0.3108141603086356,0,4.939999999999998,0.0010074572862954767,0.6330017976780331,0,0.20445177246496288,0.17307659186927374,0,1,0,0,0,0,0,0,0,0,0,0
2019-08-14,185.36,185.95,182.42,182.76,176.24,51000500.0,182.695,182.04820000000004,-0.02988935982825991,41.33046046492241,-1.2541861787999835,-0.4994885640069052,0,-1.4399999999999977,-0.0194630096749856,0.2673482116898058,0,0.19235311156168539,0.2292260440016388,0,1,0,0,0,0,0,0,0,0,0,0
2019-08-15,183,183.59,181.16,182.55,176.04,36685000.0,182.219,182.04820000000004,-0.0011348161597821704,41.04676203311634,-1.4915566402656282,-0.6979021792586498,1,-5.510000000000019,-0.009143199500248222,-0.2806933265360143,0,0.19190748869231966,0.15451302539318865,0,1,0,0,0,0,0,0,0,0,0,0
2019-08-16,184.21,185.95,184.1,185.48,178.87,32781400.0,181.95250000000001,182.04820000000004,0.016075891842763035,46.62928869064217,-1.434777866311208,-0.8452773166691615,1,-0.9699999999999989,-0.014948284145279045,-0.10640861387488076,0,0.19821305229384373,0.13414002134583117,0,1,0,0,0,0,0,0,0,0,0,0
2019-08-19,188.16,188.83,187.5,188.43,181.71,22494100.0,181.7545,182.04820000000004,0.015877452898753308,51.5841064084434,-1.1473896204345522,-0.9056997774222397,0,3.930000000000007,0.030818528581734173,-0.3138151512748083,0,0.20454089703883604,0.08045029787611589,0,1,0,0,0,0,0,0,0,0,0,0
2019-08-20,187.96,188.64,186.92,186.97,180.3,19902900.0,181.4255,182.04820000000004,-0.007759616972098371,49.14468568629752,-1.0216308566231191,-0.9288859932624156,1,-1.3699999999999761,0.024193727769417972,-0.1151946510418288,0,0.20139925580980816,0.06692674830968678,0,1,0,0,0,0,0,0,0,0,0,0
2019-08-21,188.61,189.23,187.96,188.63,181.9,20418500.0,181.111,182.04820000000004,0.0088740987243483,51.9230745942202,-0.7838240660970826,-0.899873607829349,0,5.659999999999997,0.016991934651003238,0.02590577252561177,0,0.2049642387647334,0.06961767998476043,0,1,0,0,0,0,0,0,0,0,0,0
2019-08-22,188.98,189.46,186.54,188.02,181.32,24243700.0,180.8565,182.04820000000004,-0.003188565145684552,50.83878680706938,-0.6348435428519394,-0.8468675948338671,0,5.280000000000001,-0.0020740833934346226,0.18733991233440261,0,0.203671932443573,0.08958151210945348,0,1,0,0,0,0,0,0,0,0,0,0
2019-08-23,186.74,188.45,181.56,182.07,175.58,55372400.0,180.219,182.04820000000004,-0.03165673946613712,41.58378053510955,-0.9687779643225269,-0.8712496687315991,1,-3.289999999999992,-0.02597120588747337,1.2839913049575764,0,0.1908825560927787,0.2520431196227685,0,1,0,0,0,0,0,0,0,0,0,0
2019-08-26,184.14,184.87,183.08,184.82,178.23,27598900.0,179.74650000000003,182.04820000000004,0.01509283517484894,46.432239193648876,-1.0079712806960401,-0.8985939911244873,0,-3.480000000000018,-0.01975246943697273,-0.5015765977273876,0,0.1967870591118736,0.10709240031001035,0,1,0,0,0,0,0,0,0,0,0,0
2019-08-27,186.11,186.42,183.71,184.43,177.85,28012800.0,179.2955,182.04820000000004,-0.002132076530325988,45.84463995821681,-1.0575048330605625,-0.9303761595117024,1,-2.450000000000017,-0.018695980821614167,0.014996974517100359,0,0.19594037566007888,0.10925255667213796,0,1,0,0,0,0,0,0,0,0,0,0
2019-08-28,183.83,185.4,182.91,185.09,178.49,21792400.0,179.00549999999998,182.04820000000004,0.0035985380938994282,47.05978564636434,-1.0332077036246403,-0.95094246833429,1,-3.4099999999999966,0.01655929673842238,-0.22205563171121778,0,0.197366368842049,0.07678810478767682,0,1,0,0,0,0,0,0,0,0,0,0
2019-08-29,187.39,188.46,186.68,187.92,181.22,25358900.0,178.898,182.04820000000004,0.015294974508375692,52.00670496194109,-0.7846192665608953,-0.9176778279796111,0,-0.09999999999999432,0.016761436071949132,0.1636579725041758,0,0.20344912100889018,0.09540177394816982,0,1,0,0,0,0,0,0,0,0,0,0
2019-08-30,188.93,188.97,186.41,187.47,180.79,26319800.0,178.904,182.04820000000004,-0.002372806533495253,51.195241039991444,-0.6152167102681005,-0.857185604437309,0,5.2099999999999795,0.016520706068779867,0.03789202213029741,0,0.20249103183975398,0.10041673951562186,0,1,0,0,0,0,0,0,0,0,0,0
2019-09-03,186.22,187.18,185.03,185.65,179.03,27964200.0,179.141,182.04820000000004,-0.00973505171746225,47.900801420422724,-0.6158817535114167,-0.8089248342521306,1,0.8000000000000114,0.0031871162574181877,0.06247767840181151,0,0.19856955058933623,0.10899891183232302,0,1,0,0,0,0,0,0,0,0,0,0
2019-09-04,187.44,188.49,186.9,188.33,181.61,21592100.0,179.385,182.04820000000004,0.014410992571077585,52.70538121794969,-0.403572237493961,-0.7278543149004967,1,3.7600000000000193,0.0023031343201200816,-0.22786634339619938,0,0.2043180856041532,0.07574273315362474,0,0,0,0,0,0,0,0,0,0,0,0
2019-09-05,190.41,192.33,190.34,191.78,184.94,33932600.0,179.748,182.1802,0.018335994713947423,58.078982009504244,0.0330072663658143,-0.5756819986472345,0,6.449999999999989,0.023011935567562758,0.5715284756924985,0,0.21173770637909134,0.14014816825107707,0,0,0,0,0,0,0,0,0,0,0,0
2019-09-06,192.1,192.17,191.17,191.59,184.76,19487800.0,179.9085,182.292,-0.0009732886341516922,57.69736946869141,0.3603216096591666,-0.38848127698595425,0,3.539999999999992,0.03177369865087332,-0.425690928487649,0,0.21133664579666228,0.0647603291120082,0,0,0,0,0,0,0,0,0,0,0,0
2019-09-09,192.19,192.27,190.22,191.19,184.37,24407600.0,180.13500000000002,182.38240000000002,-0.0021108465035721835,56.82614784714717,0.5815471309327904,-0.19447559540220533,0,3.5800000000000125,0.015251859576223548,0.2524553823417728,0,0.21046768120139925,0.09043691106512566,0,0,0,0,0,0,0,0,0,0,0,0
2019-09-10,190.16,190.74,188.91,190.64,183.84,23744700.0,180.43800000000002,182.4576,-0.002874654227911222,55.597509916994426,0.7059654495268433,-0.014387386416395614,1,4.810000000000002,-0.005958789365635098,-0.027159573247676927,0,0.20928678059758027,0.08697721632616848,0,0,0,0,0,0,0,0,0,0,0,0
2019-09-11,191,192.53,190.56,192.43,185.57,25063600.0,180.63299999999998,182.5188,0.009410356832027844,58.73385954798196,0.9334046968637892,0.17517103023964137,1,3.9599999999999795,0.004424856100544439,0.055545026890211346,0,0.21314141841759315,0.09386059449966466,0,0,0,0,0,0,0,0,0,0,0,0
2019-09-12,193.61,194.71,192.97,193.23,186.34,28689900.0,181.138,182.5808,0.004149377593360981,60.08524704241457,1.1623852502261514,0.37261387423694337,0,1.4000000000000057,0.010685080197477603,0.14468392409709696,0,0.21485706646465097,0.1127863616317818,0,0,0,0,0,0,0,0,0,0,0,0
2019-09-13,192.95,193.4,192.29,192.54,185.67,27669800.0,181.61950000000002,182.602,-0.0035955779757433914,58.296306747874425,1.2750921196670504,0.5531095233229648,0,0.9099999999999966,0.009964156449645434,-0.0355560667691418,0,0.213364229852276,0.10746242951048113,0,0,0,0,0,0,0,0,0,0,0,0
2019-09-16,191.3,192.08,191.11,191.68,184.85,20319000.0,181.9185,182.61419999999998,-0.004416437765928816,56.0950228463998,1.283451152765565,0.6991778492114848,1,0.47999999999998977,-0.003862638148311226,-0.2656614793023441,0,0.2115371760878768,0.06909838653699117,0,0,0,0,0,0,0,0,0,0,0,0
2019-09-17,191.7,192.6,191.29,192.6,185.73,20953400.0,182.1195,182.6698,0.004760616716256383,57.93093290115555,1.3455734590077952,0.828456971170747,0,1.8899999999999864,-0.0032513990254158243,0.031222008957133784,0,0.2134979167130857,0.07240933893161244,0,0,0,0,0,0,0,0,0,0,0,0
2019-09-18,192.2,192.6,190.11,192.52,185.66,29781300.0,182.3875,182.7058,-0.0003768911861303792,57.72415919508055,1.3733265655052094,0.9374308900376396,1,0.09000000000000341,-3.271223580281202e-05,0.42131109986923354,0,0.21334194870880774,0.11848241056540357,0,0,0,0,0,0,0,0,0,0,0,0
2019-09-19,192.86,194.04,192.47,192.84,185.96,26039400.0,182.5905,182.7112,0.0016158569427986436,58.409314098687794,1.4033516311028222,1.0306150382506762,0,-0.37999999999999545,0.005999582472924647,-0.12564595904141185,0,0.21401038301285624,0.09895332360854145,0,0,0,0,0,0,0,0,0,0,0,0
2019-09-20,193.11,193.31,190.16,190.8,184.0,29086100.0,182.72449999999998,182.68,-0.010539901053990164,52.43068578282787,1.254529655361921,1.0753979616729252,1,-1.6699999999999875,-0.0093009352973219,0.11700346398150496,0,0.20964327889307277,0.11485414116953235,0,0,0,0,0,0,0,0,0,0,0,0
2019-09-23,190.36,191.07,189.72,190.5,184.08,22485900.0,183.1495,182.629,0.00043478260869567187,52.64375236055543,1.1300163734524915,1.0863216440288386,0,-0.7699999999999818,-0.008489261502495848,-0.2269193876112645,0,0.2098215280408191,0.08040750183318415,0,0,0,0,0,0,0,0,0,0,0,0
2019-09-23,0.38 Dividend,,,,,,182.941,189.2668,0.0,52.64375236055543,1.1300163734524915,1.0950605899135692,0,0.0,-0.010105118445294492,0.0,0,0.20436264789108977,0.17609736621669933,1,1,0,0,0,0,1,0,0,0,1,1
2019-09-24,191.37,191.79,187.15,187.97,181.63,40820700.0,182.941,189.2668,-0.013309430682312162,52.64375236055543,0.7690473122707431,1.029857934385004,1,-4.030000000000001,-0.01287464807361649,0.8153909783464304,0,0.20436264789108977,0.17609736621669933,1,1,0,0,0,0,0,0,0,0,0,0
2019-09-25,187.78,190.58,186.21,190.08,183.67,34704900.0,182.941,189.2668,0.011231624731597112,58.55590134036788,0.6919433198505658,0.9622750114781164,0,-2.2900000000000205,-0.0020778059507150504,-0.14982104667484875,0,0.2089080011586194,0.14417882483109914,1,1,0,0,0,0,0,0,0,0,0,0
2019-09-26,189.83,190.0,187.98,189.38,183.0,26826000.0,182.941,189.2668,-0.0036478466815483834,56.07960644631031,0.5702015215743472,0.8838603134973626,0,-1.0,-0.005725652632263434,-0.22702557852061234,0,0.20741516454624453,0.10305861231221278,1,1,0,0,0,0,0,0,0,0,0,0
2019-09-27,189.73,189.83,185.75,187.03,180.73,40773500.0,182.941,189.2668,-0.012404371584699536,48.58319370411292,0.28723912666760043,0.7645360761314103,1,-3.3500000000000227,-0.004820593534650808,0.5199246999179901,0,0.2023573449789443,0.17585102801836056,1,1,0,0,0,0,0,0,0,0,0,0
2019-09-30,187.79,189.11,187.4,188.81,182.45,26307700.0,182.941,189.2668,0.00951695899961269,53.640030607119094,0.19947953947092856,0.651524768799314,0,0.0,-0.006535259266635229,-0.35478435748709336,0,0.20618970165548894,0.1003535892571494,1,1,0,0,0,0,1,0,0,0,0,0
2019-10-01,189.5,190.59,186.96,187.27,180.96,32367600.0,182.941,189.2668,-0.008166620992052565,49.13205760404196,0.009588358169082767,0.5231374866732678,0,-0.6699999999999875,-0.01105403357713941,0.23034700867046531,0,0.20286981127871484,0.13198038688666616,1,1,0,0,0,0,0,0,0,0,0,0
2019-10-02,186,186.03,183.02,184.05,177.85,48544300.0,182.941,189.2668,-0.017186118479222023,41.325354224776675,-0.38738722100669065,0.3410325451372761,1,-5.819999999999993,-0.015835780471661898,0.49978064484237317,0,0.19594037566007888,0.2164070634346956,1,1,0,0,0,0,0,0,0,0,0,0
2019-10-03,184.03,186.21,181.82,186.07,179.8,39392500.0,182.941,189.2668,0.010964295754849696,47.010616428458896,-0.5384377491813268,0.16513848627355548,1,-3.1999999999999886,-0.014388443716424892,-0.1885247083591688,0,0.20028519863639405,0.16864354810510082,1,1,0,0,0,0,0,0,0,0,0,0
2019-10-04,187.08,189.08,186.88,188.81,182.45,31887600.0,182.941,189.2668,0.014738598442713968,53.59162332723133,-0.43925012596565693,0.044260763825713006,0,1.7199999999999989,0.00851677571834164,-0.19051596116011926,0,0.20618970165548894,0.12947525266627175,1,1,0,0,0,0,0,0,0,0,0,0
2019-10-07,188.27,189.74,187.91,188.24,181.89,21216000.0,182.941,189.2668,-0.003069334064127127,52.11855569381453,-0.4012056903868313,-0.04483252701679586,0,-0.5600000000000023,0.022633560133436537,-0.33466300380085046,0,0.2049419576212651,0.07377985611135321,1,1,0,0,0,0,0,0,0,0,0,0
2019-10-08,187.06,187.86,185.27,185.42,179.17,32379300.0,182.941,189.2668,-0.014954093133212387,45.56703515101117,-0.5838067087750858,-0.15262736336845384,1,-1.7900000000000205,-0.003284828754625546,0.5261736425339367,0,0.19888148659789218,0.13204144953328828,1,1,0,0,0,0,0,0,0,0,0,0
2019-10-09,186.99,188.08,186.43,187.23,180.92,20147400.0,182.941,189.2668,0.009767260143997314,49.92814701397097,-0.5806159772128865,-0.2382250861373404,1,3.069999999999993,-0.0082561670533422,-0.37776913027767745,0,0.20278068670484167,0.06820280105320017,1,1,0,0,0,0,0,0,0,0,0,0
2019-10-10,187.28,189.43,187.12,188.68,182.32,25177700.0,182.941,189.2668,0.007738226840592555,53.16121980876461,-0.4598184983283886,-0.2825437685755501,1,2.519999999999982,0.0025513938513774814,0.2496748960163595,0,0.20590004679040125,0.09445608577997092,1,1,0,0,0,0,0,0,0,0,0,0
2019-10-11,190.83,192.63,190.72,191.11,184.67,40976700.0,182.941,189.2668,0.012889425186485282,58.05683757250126,-0.1724721146060233,-0.2605294377816447,0,2.219999999999999,0.03039491217107515,0.6274997319056148,0,0.2111361155054477,0.1769115348383275,1,1,0,0,0,0,0,0,0,0,0,0
2019-10-14,190.84,191.7,190.65,191.09,184.65,14975000.0,182.941,189.2668,-0.00010830129420036361,58.00127449668554,0.05302687109789872,-0.19781817600573603,1,2.7600000000000193,0.020519350732877473,-0.6345484140987439,0,0.2110915532185112,0.041207892216600164,1,1,0,0,0,0,0,0,0,0,0,0
2019-10-15,191.68,193.97,191.56,193.52,187.0,23234200.0,182.941,189.2668,0.012726780395342585,62.53803643365173,0.41655995823234093,-0.07494254915812065,0,7.8300000000000125,0.025507904287627503,0.5515325542570952,0,0.21632762193355765,0.08431290170218651,1,1,0,0,0,0,0,0,0,0,0,0
2019-10-16,192.86,193.53,192.43,193.04,186.53,20457100.0,182.941,189.2668,-0.002513368983957265,61.11609997149925,0.6591393289703262,0.07187382646756872,1,5.610000000000014,0.010105110117184957,-0.11952638782484437,0,0.21528040819054833,0.06981913452831714,1,1,0,0,0,0,0,0,0,0,0,0
2019-10-17,194.2,194.5,192.81,193.55,187.03,19045200.0,182.941,189.2668,0.002680533962365228,62.10327566176997,0.881568872095869,0.2338128355932288,0,4.710000000000008,0.012893945373750548,-0.06901760269050838,0,0.21639446536396245,0.06245038659961953,1,1,0,0,0,0,0,0,0,0,0,0
2019-10-18,193.2,193.67,190.71,191.69,185.23,27700800.0,182.941,189.2668,-0.009624124472009887,56.53840154847872,0.9022009201617891,0.3674904525069409,1,0.5600000000000023,-0.009456959493601924,0.454476718543255,0,0.21238385953967154,0.10762421942888159,1,1,0,0,0,0,0,0,0,0,0,0
2019-10-21,192.71,193.52,192.14,193.39,186.87,15801200.0,182.941,189.2668,0.008853857366517337,60.050808717133236,1.0389103490434763,0.5017744318142481,0,2.219999999999999,0.0019102668568726777,-0.429576041125166,0,0.21603796706846995,0.045519854493454026,0,1,0,0,0,0,0,0,0,0,0,0
2019-10-22,194.15,194.42,191.79,191.85,185.38,22392300.0,183.12849999999997,189.2668,-0.007973457483812285,55.65038556256066,1.0153190429075778,0.604483354032914,1,-1.6200000000000045,-0.008743724589304835,0.4171265473508341,0,0.2127180766916958,0.07991900066020724,0,1,0,0,0,0,0,0,0,0,0,0
2019-10-23,191.46,192.26,191.15,192.22,185.74,14828400.0,183.232,189.2668,0.0019419570611716175,56.48016700252894,1.0139831871839533,0.6863833206631218,1,-0.789999999999992,0.0028223569438766694,-0.3377902225318524,0,0.21352019785655402,0.0404427824734547,0,1,0,0,0,0,0,0,0,0,0,0
2019-10-24,193.59,194.21,192.74,194.09,187.55,18998500.0,183.4595,189.2668,0.009744804565521736,60.48342786021355,1.1457686770051794,0.7782603919315334,1,0.5200000000000102,0.0037133041428810687,0.281223867713307,0,0.21755308482431318,0.06220665791609366,0,1,0,0,0,0,0,0,0,0,0,0
2019-10-25,193.09,195.74,193.05,195.64,189.04,21507100.0,183.875,189.2668,0.00794454812050116,63.46298748699492,1.3548226228537033,0.8935728381159673,1,3.8100000000000023,0.019631309747194514,0.1320420033160512,0,0.22087297520108728,0.0752991156354299,0,1,0,0,0,0,0,0,0,0,0,0
2019-10-28,196.55,197.83,196.55,197.57,190.91,18818700.0,184.298,189.2668,0.009892086330935301,66.84208024717432,1.6523455419902575,1.0453273788908255,0,4.039999999999992,0.027581439016958198,-0.1250005812034165,0,0.22503954902965617,0.06126827638937092,0,1,0,0,0,0,0,0,0,0,0,0
2019-10-29,197.24,197.54,196.01,196.04,189.43,18569700.0,184.7215,189.2668,-0.007752344036456971,61.958141022700154,1.7485547174734108,1.1859728466073427,1,4.050000000000011,0.010084290414979491,-0.013231519711776052,0,0.22174193979635037,0.05996873801254132,0,1,0,0,0,0,0,0,0,0,0,0
2019-10-30,196.42,197.32,195.29,196.99,190.35,21764300.0,185.34650000000002,189.2668,0.004856675289024892,63.732138653760984,1.8773960405160608,1.3242574853890863,1,4.609999999999985,0.006996417583503223,0.1720329353732155,0,0.22379180499543233,0.07664145005519124,0,1,0,0,0,0,0,0,0,0,0,0
2019-10-31,197.56,197.65,195.94,197.08,190.44,26801800.0,185.87849999999997,189.2668,0.0004728132387707973,63.90944497970487,1.9641247575379168,1.4522309398188524,1,2.8899999999999864,-0.0024228555086612813,0.2314570190633285,0,0.22399233528664692,0.1029323117952679,0,1,0,0,0,0,0,0,0,0,0,0
2019-11-01,197.93,198.88,197.63,198.87,192.17,22131900.0,186.3645,189.2668,0.009084226002940454,67.22622749802171,2.147697116942055,1.591324175243493,1,3.1299999999999955,0.014413714530736144,-0.17423829742778474,0,0.2278469731066598,0.07855996534564329,0,1,0,0,0,0,0,0,0,0,0,0
2019-11-04,200.19,200.53,198.87,200.1,193.35,19015900.0,186.93749999999997,189.2668,0.006140396523911074,69.29875369235302,2.3611774883619034,1.745294837867175,1,2.4399999999999977,0.015697435765622325,-0.14079225010053364,0,0.2304761480359172,0.06229746903158295,0,1,0,0,0,0,0,0,0,0,0,0
2019-11-05,200.35,200.55,199.55,200.21,193.46,15048900.0,187.652,189.2668,0.0005689164727178397,69.4924300329136,2.5103011128263404,1.8982960928590082,0,4.030000000000001,0.015793538999569368,-0.20861489595548988,0,0.23072124061406835,0.041593578505948386,0,1,0,0,0,0,0,0,0,0,0,0
2019-11-06,199.98,200.0,198.79,199.76,193.03,19725500.0,188.2575,189.2668,-0.0022226816913056835,67.69465478596825,2.564226446947174,2.0314821636766416,1,2.680000000000007,0.00448663130532323,0.3107602549023516,0,0.22976315144493215,0.06600089245406601,0,1,0,0,0,0,0,0,0,0,0,0
2019-11-07,200.76,201.72,199.85,200.43,193.67,17832400.0,188.825,189.2668,0.003315546806195835,68.98089863727292,2.628307817589473,2.150847294459208,1,3.2299999999999898,0.001661781587607991,-0.0959722187016806,0,0.2311891446269022,0.05612074746942301,0,1,0,0,0,0,0,0,0,0,0,0
2019-11-08,200.07,201.25,199.54,201.23,194.45,15258800.0,189.314,189.2668,0.004027469406722828,70.5213764195771,2.710784016040378,2.262834638775442,0,2.280000000000001,0.005120334521612979,-0.14432157197012185,0,0.23292707381742828,0.04268905282440835,0,1,0,0,0,0,0,0,0,0,0,0
2019-11-11,200.21,201.04,199.94,200.96,194.19,10147600.0,189.791,189.2668,-0.0013371046541527098,69.28617930316398,2.723769253960171,2.355021561812388,1,0.8400000000000034,0.006005911558765953,-0.3349673630953941,0,0.23234776408725294,0.01601354860090863,0,1,0,0,0,0,0,0,0,0,0,0
2019-11-12,201.13,202.21,200.82,201.54,194.75,14778300.0,190.1785,189.2668,0.002883773623770569,70.48527433141916,2.747575132627105,2.4335322759753315,1,1.289999999999992,0.005574138376340687,0.456334502739564,0,0.23359550812147678,0.04018130908920105,0,1,0,0,0,0,0,0,0,0,0,0
2019-11-13,200.84,201.78,200.71,201.59,194.79,15774600.0,190.5915,189.2668,0.00020539152759946333,70.57364596053708,2.7381059477351073,2.4944470103272867,0,1.759999999999991,0.0017520604972173226,0.06741641460790482,0,0.2336846326953499,0.045381028305407176,0,1,0,0,0,0,0,0,0,0,0,0
2019-11-14,200.83,201.56,200.22,201.43,194.64,16945400.0,190.972,189.2668,-0.000770060064685052,69.73048066980937,2.6875177721332477,2.5330611626884787,1,0.9699999999999989,0.0023191050866849805,0.07422058245533969,0,0.23335041554332564,0.05149146819131918,0,1,0,0,0,0,0,0,0,0,0,0
2019-11-15,202.65,202.91,202.0,202.91,196.07,18427900.0,191.514,189.2668,0.007346896835182859,73.03765636169263,2.7313302525348604,2.572714980657755,1,1.6200000000000045,0.00678222829809727,0.08748686959292784,0,0.23653661905929008,0.05922867961159982,0,1,0,0,0,0,0,0,0,0,0,0
2019-11-18,202.59,203.39,201.77,203.07,196.22,18365900.0,191.98149999999998,189.2668,0.000765032896414608,73.3663732048133,2.7464958112251736,2.6074711467712386,1,2.030000000000001,0.007341869666912415,-0.003364463666505668,0,0.23687083621131433,0.058905099774798866,0,1,0,0,0,0,0,0,0,0,0,0
2019-11-19,203.84,203.84,202.59,203.37,196.51,16923300.0,192.538,189.2668,0.0014779329324228208,74.02569832176725,2.750212464771977,2.6360194103713863,0,1.759999999999991,0.009589862664020288,-0.07854774337222792,0,0.23751698937189453,0.051376127636588526,0,1,0,0,0,0,0,0,0,0,0,0
2019-11-20,202.84,203.45,200.62,202.15,195.34,36629000.0,193.01799999999997,189.2668,-0.0059538954760571805,66.83687225560074,2.6284495868981708,2.6345054456767434,0,0.5500000000000114,-0.0037109296472197517,1.1644123782004692,0,0.23491009558610548,0.15422075973414262,0,1,0,0,0,0,0,0,0,0,0,0
2019-11-21,201.93,202.07,201.07,201.7,194.9,17883600.0,193.38549999999998,189.2668,-0.002252482850414683,64.30763539862406,2.4679977642118445,2.601203909383764,1,0.2600000000000193,-0.006728445394049043,-0.5117639029184526,0,0.23392972527350103,0.05638796178626508,0,1,0,0,0,0,0,0,0,0,0,0
2019-11-22,202.2,202.32,200.74,201.83,195.03,17189600.0,193.685,189.2668,0.000667008722421647,64.73228050232812,2.324532686446645,2.5458696647963404,1,-1.039999999999992,-0.007539369604050217,-0.03880650428325394,0,0.23421938013858873,0.052765955225944836,0,1,0,0,0,0,0,0,0,0,0,0
2019-11-25,202.7,204.26,202.67,204.22,197.34,17752800.0,194.00650000000002,189.2668,0.011844331641285955,71.2726180122194,2.369914375531522,2.510678606943377,1,1.1200000000000045,0.010258857513292918,0.03276399683529574,0,0.239366324279762,0.0557053127112076,0,1,0,0,0,0,0,0,0,0,0,0
2019-11-26,204.35,204.87,204.05,204.61,197.71,14780600.0,194.4205,189.2668,0.0018749366575454562,72.16308597307743,2.4079779282272398,2.4901384712001495,1,1.200000000000017,0.014386277021253058,-0.16742147717543143,0,0.2401907265880885,0.04019331285734043,0,1,0,0,0,0,0,0,0,0,0,0
2019-11-27,205.14,206.05,204.89,206.04,199.09,16963100.0,194.8575,189.2668,0.006979920084972946,75.24516853636513,2.5204439261715095,2.4961995621944215,0,3.75,0.020699188383804357,0.14765977023936783,0,0.2432655243867115,0.051583845015696225,0,1,0,0,0,0,0,0,0,0,0,0
2019-11-29,205.52,205.83,205.0,205.1,198.19,9854600.0,195.245,189.2668,-0.004520568587071172,69.81608205000317,2.5080404325247514,2.4985677362604877,0,3.289999999999992,0.00433428815544723,-0.41905665827590477,0,0.24126022147456605,0.01448437292054288,0,1,0,0,0,0,0,0,0,0,0,0
2019-12-02,205.11,205.18,201.78,203.0,196.16,28007000.0,195.4445,189.2668,-0.01024269640244213,59.40472496164745,2.307803616333956,2.4604149122751813,0,1.1299999999999955,-0.007783344904540357,1.8420230146327605,0,0.23673714935050466,0.10922228630030817,0,1,0,0,0,0,0,0,0,0,0,0
2019-12-03,200.21,201.49,199.23,201.41,194.62,31104100.0,195.508,189.2668,-0.007850734094616563,52.95331834019658,2.001774160727706,2.3686867619656864,1,-2.719999999999999,-0.022613999084129865,0.11058306851858468,0,0.23330585325638914,0.12538614295444048,0,0,0,0,0,0,0,0,0,0,0,0
2019-12-04,202.44,202.91,202.14,202.43,195.61,15300100.0,195.6155,189.5464,0.005086835885315111,56.243184929066175,1.8181696110563905,2.2585833317838273,1,-2.0999999999999943,-0.013006594611743583,-0.5081002182991953,0,0.23551168645974913,0.0429045987479548,0,0,0,0,0,0,0,0,0,0,0,0
2019-12-05,203.15,203.15,201.84,202.83,195.99,14962300.0,195.7635,189.7928,0.0019426409692755442,57.47246980082019,1.683913401358808,2.1436493456988237,1,-3.0999999999999943,-0.0008212572400259077,-0.02207828707001913,0,0.23635836991154385,0.04114161054035223,0,0,0,0,0,0,0,0,0,0,0,0
2019-12-06,204.31,205.15,204.15,205.0,198.09,16555300.0,195.9845,190.09459999999999,0.010714832389407514,63.56437863298889,1.7270583834891227,2.0603311532568833,0,-0.09999999999999432,0.01774430924399817,0.10646758853919525,0,0.24103741003988327,0.049455524734286146,0,0,0,0,0,0,0,0,0,0,0,0
2019-12-09,204.63,205.59,203.98,204.07,197.19,13984100.0,196.1215,190.4238,-0.004543389368468875,59.62251647038915,1.6693849833520176,1.9821419192759104,0,1.0300000000000011,0.008114083990214183,-0.15530977994962336,0,0.23903210712773776,0.03603635576037348,0,0,0,0,0,0,0,0,0,0,0,0
2019-12-10,204.17,204.88,203.44,203.9,197.03,21799800.0,196.2635,190.71539999999996,-0.0008114001724225384,58.922941593853686,1.5924114079357423,1.9041958170078768,1,2.4099999999999966,0.0053600428485161,0.5588990353329852,0,0.23867560883224526,0.07682672560690791,0,0,0,0,0,0,0,0,0,0,0,0
2019-12-11,204.36,205.19,204.04,204.98,198.07,18780800.0,196.42950000000002,191.05759999999998,0.005278384002436187,62.04068459931623,1.5969203000405514,1.8427407136144118,1,2.4599999999999795,-7.640553845522646e-05,-0.13848750905971619,0,0.24099284775294666,0.061070475166552285,0,0,0,0,0,0,0,0,0,0,0,0
2019-12-12,204.77,207.32,204.49,206.51,199.55,32612000.0,196.6675,191.4916,0.007472105821174413,65.9960238615761,1.7003170639398775,1.8142559836795051,1,3.5600000000000023,0.011939089651188062,0.7364542511501107,0,0.24429045698625257,0.13325591772721698,0,0,0,0,0,0,0,0,0,0,0,0
2019-12-13,206.4,207.91,205.96,207.19,200.21,32519400.0,196.946,191.8998,0.0033074417439238335,67.61654767924472,1.8145986645568257,1.8143245198549693,1,2.1200000000000045,0.016057931567534434,-0.0028394456028455473,0,0.2457610124551592,0.1327726355838659,0,0,0,0,0,0,0,0,0,0,0,0
2019-12-16,208.55,209.53,208.48,209.27,202.22,21296600.0,197.2535,192.2952,0.010039458568503079,71.99393184252521,2.0437982244184525,1.8602192607676662,1,5.030000000000001,0.020819006133601325,-0.3451109184056287,0,0.250239522292284,0.07420050989919444,0,0,0,0,0,0,0,0,0,0,0,0
2019-12-17,209.54,209.71,209.04,209.39,202.33,15996100.0,197.55900000000003,192.704,0.0005439620215608176,72.21528148703142,2.208854310071672,1.9299462706284674,1,5.300000000000011,0.01389086233398773,-0.24888949409764938,0,0.25048461487043516,0.046537043367526676,0,0,0,0,0,0,0,0,0,0,0,0
2019-12-18,209.57,210.13,209.33,209.55,202.49,15443300.0,197.858,193.1704,0.0007907873276331578,72.55506389696511,2.32576315997008,2.00910964849679,1,4.420000000000016,0.011374207917697055,-0.03455842361575634,0,0.25084111316592766,0.04365196379037245,0,0,0,0,0,0,0,0,0,0,0,0
2019-12-19,209.64,210.93,209.62,210.86,203.75,17865900.0,198.27849999999998,193.627,0.006222529507629915,75.13397570383005,2.4913668097768777,2.105561080752808,1,4.199999999999989,0.00755727885682389,0.15687061703133387,0,0.2536485372429313,0.05629558496188804,0,0,0,0,0,0,0,0,0,0,0,0
2019-12-20,211.86,212.52,211.27,211.71,204.57,27672600.0,198.762,194.072,0.00402453987730067,76.67039463454434,2.658134719912937,2.2160758085848338,1,4.359999999999985,0.011037856712563743,0.5489060164895136,0,0.25547559100733047,0.10747704279343342,0,0,0,0,0,0,0,0,0,0,0,0
2019-12-23,212,212.15,211.63,211.81,205.11,23774700.0,199.26600000000002,194.48080000000002,0.0026396832380115587,77.64977152869395,2.8015781284820775,2.3331762725642826,0,2.890000000000015,0.012886752622942144,-0.1408577437609766,0,0.2566787727546178,0.08713378721494312,0,0,0,0,0,0,0,0,0,0,0,0
2019-12-23,0.46 Dividend,,,,,,211.0465,214.08919999999998,0.0,77.64977152869395,2.8015781284820775,2.4268566437478416,0,0.0,0.006664223115312229,0.0,0,0.25692386533276884,5.062458737047082e-05,1,1,0,0,0,0,1,0,0,0,1,1
2019-12-24,212,212.09,211.44,211.92,205.22,7089000.0,211.0465,214.08919999999998,0.0005362975964116057,77.64977152869395,2.9408903173919043,2.5296633784766542,1,2.7299999999999898,0.0031759808344231644,-0.7018258905475148,0,0.25692386533276884,5.062458737047082e-05,1,1,0,0,0,0,0,0,0,0,0,0
2019-12-26,212.26,213.81,212.23,213.79,207.03,17067500.0,211.0465,214.08919999999998,0.008819803138095716,80.99057093458299,3.111703302741546,2.6460713633296327,0,3.280000000000001,0.009356100734507322,1.4076033291014247,0,0.26095675230052806,0.05212871170863201,1,1,0,0,0,0,0,0,0,0,0,0
2019-12-27,214.54,214.56,213.04,213.61,206.86,18134100.0,211.0465,214.08919999999998,-0.0008211370332801282,79.78431084018173,3.1965088804058723,2.756158866744881,0,2.2900000000000205,0.008534963701227194,0.06249304233191744,0,0.26057797286156725,0.05769532870753341,1,1,0,0,0,0,0,0,0,0,0,0
2019-12-30,213.5,213.63,211.16,212.21,205.5,21815500.0,211.0465,214.08919999999998,-0.006574494827419564,70.71095629872994,3.1180345166909547,2.828533996734096,1,0.38999999999998636,0.0014241712773960247,0.20300979921804774,0,0.2575477373498808,0.07690866437203331,1,1,0,0,0,0,0,0,0,0,0,0
2019-12-31,211.53,212.76,211.2,212.61,205.89,18170900.0,211.0465,214.08919999999998,0.0018978102189779467,71.70470150138249,3.052129707322422,2.8732531388517613,1,0.0,-0.005497821641721745,-0.16706470170291765,0,0.25841670194514377,0.05788738899776365,1,1,0,0,0,0,1,0,0,0,0,0
2020-01-02,214.4,216.16,213.98,216.16,209.33,30969400.0,211.0465,214.08919999999998,0.016707950847540065,78.60130983437608,3.2401287346567926,2.9466282580127676,0,4.110000000000014,0.012031266239098448,0.7043404564440947,0,0.26608141529823315,0.12468313966384231,1,1,0,0,0,0,0,0,0,0,0,0
2020-01-03,213.3,215.47,213.28,214.18,207.41,27518900.0,211.0465,214.08919999999998,-0.009172120575168474,68.55739423600818,3.197334482743173,2.996769502958849,1,0.37999999999999545,0.009433640491349538,-0.11141643041195504,0,0.2618034357523228,0.10667487793994462,1,1,0,0,0,0,0,0,0,0,0,0
2020-01-06,212.5,215.59,212.24,215.56,208.74,21655300.0,211.0465,214.08919999999998,0.006412419844751938,71.29382057463074,3.233466228591567,3.0441088480853926,0,1.8799999999999955,0.013948250117123528,-0.2130753772861561,0,0.26476682783360445,0.07607257582597668,1,1,0,0,0,0,0,0,0,0,0,0
2020-01-07,215.64,216.14,214.85,215.53,208.72,22139300.0,211.0465,214.08919999999998,-9.58129730765922e-05,71.19348186697017,3.223330516893384,3.079953181846991,1,3.219999999999999,-0.002855513703493129,0.022350186790300652,0,0.26472226554666783,0.07859858616487436,1,1,0,0,0,0,0,0,0,0,0,0
2020-01-08,215.5,218.14,215.16,217.15,210.28,26397300.0,211.0465,214.08919999999998,0.007474128018397863,74.23898387279517,3.303100765370374,3.124582698551668,1,4.390000000000015,0.013790734890073209,0.1923276707032291,0,0.26819812392771997,0.10082121431162303,1,1,0,0,0,0,0,0,0,0,0,0
2020-01-09,218.94,219.41,217.71,218.99,212.07,23547000.0,211.0465,214.08919999999998,0.008512459577705966,77.21557577625879,3.47074867212163,3.1938158932656604,0,2.7399999999999807,0.015890774623027237,-0.10797695218829195,0,0.2721864486085426,0.08594541416914353,1,1,0,0,0,0,0,0,0,0,0,0
2020-01-10,219.85,219.87,218.04,218.43,211.52,21898500.0,211.0465,214.08919999999998,-0.002593483283821252,74.3720296200103,3.5186694119167896,3.2587865969958867,1,4.110000000000014,0.013393104312282578,-0.07000891833354572,0,0.27096098571778704,0.0773418438309765,1,1,0,0,0,0,0,0,0,0,0,0
2020-01-13,219.33,220.98,218.98,220.95,213.96,22756900.0,211.0465,214.08919999999998,0.011535552193645993,78.20641578594882,3.7107592289994216,3.349181123396594,0,5.219999999999999,0.017454528487530707,0.03919903189716201,0,0.276397584724048,0.08182185886178182,1,1,0,0,0,0,0,0,0,0,0,0
2020-01-14,220.84,221.21,219.74,220.08,213.12,24418100.0,211.0465,214.08919999999998,-0.003925967470555292,74.09631574258383,3.751960547465899,3.429737008210455,1,4.400000000000006,0.005016101439269449,0.07299764027613609,0,0.2745259686727123,0.09049171087619678,1,1,0,0,0,0,0,0,0,0,0,0
2020-01-15,220.2,221.2,219.45,220.17,213.21,25742100.0,211.0465,214.08919999999998,0.0004222972972973693,74.25244843677382,3.748662884754822,3.493522183519328,1,2.930000000000007,0.00803188202038807,0.05422207297046033,0,0.2747264989639268,0.09740170610078469,1,1,0,0,0,0,0,0,0,0,0,0
2020-01-16,221.27,222.32,220.8,222.28,215.25,18805000.0,211.0465,214.08919999999998,0.009568031518221387,77.55483202527557,3.866094483659225,3.568036643547308,1,3.180000000000007,0.006064361344963465,-0.26948461858201156,0,0.2792718522314565,0.06119677568349717,1,1,0,0,0,0,0,0,0,0,0,0
2020-01-17,223.28,223.56,222.12,223.38,216.32,24325200.0,211.0465,214.08919999999998,0.004970963995354127,79.0711010255972,3.9993973661779307,3.6543087880734326,0,4.799999999999983,0.014961292810872884,0.29354958787556495,0,0.2816559345825628,0.09000686302395797,1,1,0,0,0,0,0,0,0,0,0,0
2020-01-21,222.76,223.84,222.66,223.28,216.22,21146300.0,211.0465,214.08919999999998,-0.00046227810650889545,78.53711578908492,4.050282560559509,3.7335035425706478,1,2.259999999999991,0.014076717407066619,-0.13068340650847676,0,0.28143312314787994,0.07341608974643345,1,1,0,0,0,0,0,0,0,0,0,0
2020-01-22,224.41,225.15,223.59,223.87,216.79,20736400.0,211.0465,214.08919999999998,0.002636203866432263,79.3914323231346,4.089462897347801,3.804695413526079,1,3.6699999999999875,0.007144889755277495,-0.019384005712583252,0,0.28270314832557203,0.07127680950280914,1,1,0,0,0,0,0,0,0,0,0,0
2020-01-23,223.74,224.69,222.7,224.59,217.49,26496100.0,211.0465,214.08919999999998,0.003228931223764997,80.42206854180702,4.129396632468598,3.869635657314583,0,4.280000000000001,0.005402856983688364,0.2777579521999962,0,0.28426282836835187,0.10133685443865423,0,1,0,0,0,0,0,0,0,0,0,0
2020-01-24,225.64,225.88,221.67,222.7,215.66,37436500.0,211.5685,214.08919999999998,-0.008414179962297208,70.49634999243074,3.9676421898143133,3.889236963814529,0,0.4099999999999966,-0.002549044872099948,0.4129060503243873,0,0.2801853791136561,0.15843512615699362,0,1,0,0,0,0,0,0,0,0,0,0
2020-01-27,217.67,219.28,217.18,218.1,211.2,42264400.0,211.777,214.08919999999998,-0.020680701103588994,53.24767260922338,3.4399127297311622,3.799372116997856,1,-5.1200000000000045,-0.025865949842121205,0.12896237629051854,0,0.2702479891268019,0.18363207928749808,0,1,0,0,0,0,0,0,0,0,0,0
2020-01-28,219.64,221.96,219.06,221.45,214.45,26731900.0,212.1565,214.08919999999998,0.015388257575757569,60.77855613381417,3.2465074521192037,3.688799184022126,1,-1.7700000000000102,-0.013706623490128633,-0.36750787897142745,0,0.2774893607539939,0.10256750162442296,0,1,0,0,0,0,0,0,0,0,0,0
2020-01-29,222.68,222.93,220.83,221.81,214.8,28924500.0,212.62150000000003,214.08919999999998,0.0016320820704127659,61.49783485810012,3.0859020927125016,3.5682197657602015,1,-1.9899999999999807,-0.0036603614574186594,0.08202185403955564,0,0.2782692007753838,0.11401074598199956,0,1,0,0,0,0,0,0,0,0,0,0
2020-01-30,220.38,222.7,219.69,222.6,215.56,39568100.0,213.10499999999996,214.08919999999998,0.003538175046554848,63.08109640239234,2.985531488132125,3.4516821102345863,0,-1.9300000000000068,0.020558514692725183,0.3679787031755086,0,0.27996256767897326,0.1695600097073951,0,1,0,0,0,0,0,0,0,0,0,0
2020-01-31,223.53,223.56,218.29,219.07,212.14,52015800.0,213.2455,214.08919999999998,-0.0158656522545928,52.59911982425292,2.6000498863881774,3.2813556654653047,1,-3.5200000000000102,-0.010695395137625185,0.3145892777262491,0,0.27234241661282055,0.23452492478073553,0,1,0,0,0,0,0,0,0,0,0,0
2020-02-03,220.14,222.89,219.99,222.38,215.35,25408600.0,213.6425,214.08919999999998,0.015131516922786803,59.415687555580426,2.524472564379238,3.1299790452480916,1,4.150000000000006,0.0028040397147488516,-0.5115214992367704,0,0.27949466366613934,0.09566115972057315,0,1,0,0,0,0,0,0,0,0,0,0
2020-02-04,225.42,227.86,224.65,227.47,220.28,30691200.0,214.21949999999998,214.08919999999998,0.02289296494079407,67.21390892584745,2.829766997969074,3.0699366357922884,1,5.8300000000000125,0.022158829608988073,0.20790598458789544,0,0.29047926739600277,0.1232312056219387,0,1,0,0,0,0,0,0,0,0,0,0
2020-02-05,230.21,230.25,226.85,228.22,221.0,38534800.0,214.83350000000002,214.08919999999998,0.0032685672780097264,68.17566935663955,3.0941456339956233,3.0747784354329557,1,6.199999999999989,0.0412930491415906,0.2555651131268899,0,0.2920835097257191,0.16416718639503358,0,1,0,0,0,0,0,0,0,0,0,0
2020-02-06,228.79,230.25,227.98,230.19,222.91,22467100.0,215.465,214.08919999999998,0.008642533936651597,70.63644203398712,3.418383646449513,3.1434994776362677,0,7.349999999999994,0.03480406615545539,-0.4169659632332333,0,0.2963392081281611,0.08030938407621871,0,1,0,0,0,0,0,0,0,0,0,0
2020-02-07,229.16,230.44,228.54,229.2,221.95,25884900.0,215.959,214.08919999999998,-0.004306670853707839,67.79880523221111,3.5568791417173884,3.226175410452492,1,9.810000000000002,0.007604430360953485,0.15212466228396182,0,0.29420021835520593,0.09814698353135201,0,1,0,0,0,0,0,0,0,0,0,0
2020-02-10,228.44,231.98,228.38,231.97,224.64,21478900.0,216.61499999999995,214.08919999999998,0.012119846812345125,71.28035630329049,3.8394396677339273,3.3488282619087792,1,9.289999999999992,0.016455709895288884,-0.1702150674717693,0,0.300193845948174,0.07515193899998174,0,1,0,0,0,0,0,0,0,0,0,0
2020-02-11,233.25,234.02,231.4,232.01,224.67,30198000.0,217.15049999999997,214.08919999999998,0.00013354700854706358,71.31760146879719,4.019457861419426,3.482954181810909,1,4.389999999999986,0.00794672296718435,0.4059379204707876,0,0.30026068937857886,0.12065718021048347,0,1,0,0,0,0,0,0,0,0,0,0
2020-02-12,233.38,234.38,232.8,234.27,226.86,24471300.0,217.8375,214.08919999999998,0.009747629857123963,73.97129610826144,4.2893928238633805,3.644241910221403,0,5.860000000000014,0.02200102367801615,-0.18963838664812238,0,0.30514025979813286,0.09076936325229051,0,1,0,0,0,0,0,0,0,0,0,0
2020-02-13,232.64,234.93,232.36,233.97,226.57,22773200.0,218.50549999999998,214.08919999999998,-0.0012783214317201308,73.00803350839331,4.428864457415045,3.801166419660132,1,3.6599999999999966,0.008602855433950896,-0.06939149125710531,0,0.3044941066375526,0.08190692904468272,0,1,0,0,0,0,0,0,0,0,0,0
2020-02-14,234.34,234.86,233.55,234.64,227.22,23438500.0,219.10399999999998,214.08919999999998,0.0028688705477335485,73.83060782953942,4.5395175668083425,3.948836649089774,1,5.27000000000001,0.01133817897313738,0.029214164017353772,0,0.305942380962991,0.08537914945474188,0,1,0,0,0,0,0,0,0,0,0,0
2020-02-18,233.5,235.17,233.25,234.73,227.31,24394500.0,219.65349999999998,214.08919999999998,0.0003960918933192392,73.94898802597672,4.581658691640058,4.075401057599831,1,2.670000000000016,0.001986641009332657,0.04078759306269597,0,0.30614291125420556,0.09036854177702738,0,1,0,0,0,0,0,0,0,0,0,0
2020-02-19,236.13,237.47,235.85,236.98,229.49,22230500.0,220.317,214.08919999999998,0.009590427169944071,76.6985699473431,4.736365741674689,4.207593994414803,0,4.820000000000022,0.012855389610996859,-0.08870852036319665,0,0.3110002005302912,0.0790745616667493,0,1,0,0,0,0,0,0,0,0,0,0
2020-02-20,236.46,236.95,231.88,234.78,227.36,42604000.0,220.8455,214.08919999999998,-0.009281450172120786,69.03201252135351,4.633684761027467,4.292812147737337,0,0.5,0.000705068891142524,0.9164661163716517,0,0.30625431697154704,0.18540446174842712,0,1,0,0,0,0,0,0,0,0,0,0
2020-02-21,233.61,234.01,229.32,230.27,222.99,66017200.0,221.1205,214.08919999999998,-0.01922061928219565,56.54416850275478,4.151827186320645,4.264615155453999,0,-3.579999999999984,-0.018911642284372365,0.5495540324852126,0,0.2965174572759074,0.307598646183715,0,1,0,0,0,0,0,0,0,0,0,0
2020-02-24,221.68,224.25,220.26,221.39,214.39,84522600.0,221.05700000000002,214.08919999999998,-0.038566751872281424,40.873684336335195,3.0409492894839616,4.019881982259991,0,-12.830000000000013,-0.06706882132659786,0.28031179753155233,0,0.27735567389318416,0.40417887702139543,0,1,0,0,0,0,0,0,0,0,0,0
2020-02-25,223.25,223.99,214.74,215.37,208.56,97743000.0,220.925,214.08919999999998,-0.027193432529502237,33.995539489807385,1.6708774410850822,3.5500810740250097,1,-18.75,-0.08498080368397931,0.15641260443952265,0,0.26436576725117533,0.4731765362866083,0,1,0,0,0,0,0,0,0,0,0,0
2020-02-26,216.71,220.28,214.9,216.48,209.64,79537700.0,220.68449999999999,214.08919999999998,0.005178365937859475,36.139418554348566,0.6645718340365363,2.972979226027315,0,-19.850000000000023,-0.060581818463924186,-0.18625681634490454,0,0.26677213074574985,0.3781625362396369,0,1,0,0,0,0,0,0,0,0,0,0
2020-02-27,210.9,216.42,205.5,205.64,199.14,121822600.0,219.90150000000003,214.08919999999998,-0.05008586147681737,26.968166247079026,-0.9690245456628759,2.184578471689277,1,-28.220000000000027,-0.07210092806846014,0.5316334266643366,1,0.24337693010405292,0.5988486820645438,0,1,0,0,0,0,0,0,0,0,0,0
2020-02-28,198.64,207.17,198.17,205.8,199.29,148173700.0,219.08800000000002,214.08919999999998,0.0007532389273878781,27.25218960000106,-2.225898922399864,1.302482992871449,1,-23.700000000000017,-0.04415425661157002,0.21630715483005614,0,0.24371114725607718,0.7363758536375332,0,1,0,0,0,0,0,0,0,0,0,0
2020-03-02,208.88,216.57,205.94,216.42,209.58,112933900.0,218.95999999999998,214.08919999999998,0.05163329820864071,43.4885038700813,-2.3644084891037664,0.5691046964764059,0,-4.809999999999974,0.0023006756592112154,-0.2378276306793986,1,0.2666384438849402,0.5524582934295027,0,1,0,0,0,0,0,0,0,0,0,0
2020-03-03,217.11,219.61,207.62,209.48,202.86,131953500.0,218.3355,214.08919999999998,-0.03206412825651306,37.58839663268711,-2.9820509303777385,-0.14112642889442295,1,-5.699999999999989,0.02032240887951553,0.16841355872771602,0,0.25166551547425414,0.6517221493007805,0,1,0,0,0,0,0,0,0,0,0,0
2020-03-04,213.32,218.33,211.37,218.22,211.32,73086200.0,217.8875,214.08919999999998,0.041703637976929775,47.28473204513345,-2.757103544704904,-0.6643218520565192,0,1.6800000000000068,0.06127280792905743,-0.4461215503946466,1,0.27051536284842137,0.34449196660864845,0,1,0,0,0,0,0,0,0,0,0,0
2020-03-05,212.69,216.36,210.1,211.59,204.9,78705500.0,217.08250000000004,214.08919999999998,-0.030380465644520127,41.9575040540598,-3.0615794841953345,-1.1437733784842823,0,5.760000000000019,-0.02074095592410341,0.07688592374483827,0,0.25621086874178384,0.37381925978502817,0,1,0,0,0,0,0,0,0,0,0,0
2020-03-06,204.67,209.15,202.91,208.02,201.44,89828400.0,216.00899999999996,214.08919999999998,-0.016886285993167438,39.38232485405673,-3.5412506107568618,-1.6232688249387983,0,2.1500000000000057,-0.00556311366075779,0.14132303333312168,0,0.24850159310175796,0.43187000441008006,0,0,0,0,0,0,0,0,0,0,0,0
2020-03-09,193.48,201.16,192.11,193.57,187.45,116424000.0,214.28399999999996,213.7338,-0.0694499602859413,31.076900802086953,-4.992716586145434,-2.2971583771801254,1,-22.130000000000024,-0.11671671192362887,0.2960711757083505,1,0.21733027338963035,0.5706732287265829,0,0,0,0,0,0,0,0,0,0,0,0
2020-03-10,201.11,204.3,193.68,204.11,197.66,100599200.0,212.935,213.5464,0.05446785809549226,40.87659666596248,-5.258535038815751,-2.8894337095072506,0,-5.200000000000017,-0.03186838818361648,-0.13592386449529303,1,0.24007932087074707,0.48808312870388015,0,0,0,0,0,0,0,0,0,0,0,0
2020-03-11,199.35,200.75,192.73,195.22,189.05,89168800.0,211.154,213.1902,-0.04355964788019828,36.20201609560314,-6.093708640892885,-3.5302886957843778,0,-22.269999999999982,-0.058541750070647325,-0.11362316996556632,1,0.22089525634455565,0.4284275324688881,0,0,0,0,0,0,0,0,0,0,0,0
2020-03-12,182.09,190.78,176.94,177.32,171.71,137820700.0,208.3965,212.51440000000002,-0.09172176672837873,29.007403668508275,-8.061850823250808,-4.436601121277664,1,-33.19,-0.08081355651308475,0.5456157310628831,1,0.18225975357055324,0.6823432399214014,0,0,0,0,0,0,0,0,0,0,0,0
2020-03-13,187.07,194.48,178.13,192.34,186.26,134882000.0,206.381,212.1218,0.08473589191077968,39.815683128443695,-8.351285857026937,-5.219538068427519,0,-15.180000000000007,-0.05054552269779733,-0.02132263150600744,1,0.2146788173169047,0.6670060775599993,0,0,0,0,0,0,0,0,0,0,0,0
2020-03-16,174.15,184.68,169.16,169.3,163.95,92054400.0,203.2175,211.21419999999998,-0.11977880382261352,31.81691902548532,-10.262594947797112,-6.2281494443014385,1,-23.5,-0.12676467864021257,-0.31751901662193616,1,0.16496958623916574,0.4434875643571591,0,0,0,0,0,0,0,0,0,0,0,0
2020-03-17,175.47,184.39,169.78,182.14,176.38,121257100.0,200.671,210.5936,0.07581579749923772,39.1514928912448,-10.65153973460798,-7.112827502362746,0,-21.28,0.040772885587403884,0.31723307087982766,1,0.19266504757024128,0.5958973208111417,0,0,0,0,0,0,0,0,0,0,0,0
2020-03-18,171.61,179.22,166.8,176.6,171.02,114156300.0,197.7475,209.83919999999998,-0.030388932985599193,37.288743791478936,-11.262461835561112,-7.94275436900242,1,-18.03,-0.07435193930897499,-0.05855986989627826,0,0.18072235467124176,0.5588380352441071,0,0,0,0,0,0,0,0,0,0,0,0
2020-03-19,175.69,183.49,171.63,177.66,172.04,120896500.0,194.9815,209.1056,0.005964214711729587,37.89430428179466,-11.531389842455326,-8.660481463693001,0,0.3299999999999841,0.05139107922536812,0.05904360950731591,0,0.18299503130500655,0.5940153387280703,0,0,0,0,0,0,0,0,0,0,0,0
2020-03-20,181.74,182.87,170.1,170.7,165.3,118983900.0,192.097,208.206,-0.03917693559637281,35.45779450516248,-12.148340390962687,-9.35805324914694,1,-20.95999999999998,-0.06360165387024241,-0.015820143676615994,0,0.167977540607384,0.5840334226657238,0,0,0,0,0,0,0,0,0,0,0,0
2020-03-23,170.92,174.21,164.93,170.46,165.42,124639800.0,189.64849999999998,207.273,0.0007259528130669768,35.53726555990703,-12.483690930209605,-9.983180785359473,0,1.4699999999999989,-0.032486768071576244,0.04753500263481025,0,0.16824491432900335,0.6135517323264086,0,0,0,0,0,0,0,0,0,0,0,0
2020-03-23,0.36 Dividend,,,,,,191.27849999999998,206.5184,0.0,35.53726555990703,-12.483690930209605,-10.483282814329499,0,0.0,-0.03845098278330583,0.0,0,0.1967870591118736,0.45824384872120727,1,1,0,0,0,0,1,0,0,0,1,1
2020-03-24,179.91,183.83,177.95,183.66,178.23,94881800.0,191.27849999999998,206.5184,0.07743924555676451,35.53726555990703,-11.519325799062955,-10.690491411276192,0,7.2099999999999795,0.07816519836983149,-0.23875198772783657,1,0.1967870591118736,0.45824384872120727,1,1,0,0,0,0,0,0,0,0,0,0
2020-03-25,184.42,189.51,179.98,182.3,176.91,88754900.0,191.27849999999998,206.5184,-0.007406160579027099,34.9460979909839,-10.790530544409421,-10.71049923790284,1,4.8700000000000045,0.07003308497773741,-0.06457402789576083,0,0.19384594817406026,0.42626737610676046,1,1,0,0,0,0,0,0,0,0,0,0
2020-03-26,183.87,192.72,183.61,191.9,186.23,79887600.0,191.27849999999998,206.5184,0.05268215476796101,42.25075111969329,-9.3530923187474,-10.439017854071752,0,20.92999999999998,0.12271523974569842,-0.099907723404567,1,0.21461197388649983,0.37998867470571196,1,1,0,0,0,0,0,0,0,0,0,0
2020-03-27,186.93,190.51,184.66,185.3,179.82,58845000.0,191.27849999999998,206.5184,-0.03441980346882889,39.00666849776035,-8.631645363385474,-10.077543355934496,1,14.400000000000006,0.010856190720105019,-0.26340258062577926,0,0.20032976092333055,0.2701667219013969,1,1,0,0,0,0,0,0,0,0,0,0
2020-03-30,187.06,192.49,186.34,192.04,186.36,49356900.0,191.27849999999998,206.5184,0.03636970303636988,43.75202420858657,-7.446333414160193,-9.551301367579637,0,0.0,0.054632054335502,-0.16123884782054554,0,0.21490162875158758,0.2206480469086383,1,1,0,0,0,0,1,0,0,0,0,0
2020-03-31,191.72,195.25,189.2,190.4,184.77,62659300.0,191.27849999999998,206.5184,-0.008531873792659406,42.87858847262767,-6.559649312469048,-8.952970956557518,0,6.5400000000000205,-0.006581974225118414,0.2695144954403539,0,0.2113589269401306,0.29007366660316847,1,1,0,0,0,0,0,0,0,0,0,0
2020-04-01,184.77,187.66,180.86,182.31,176.92,53715400.0,191.27849999999998,206.5184,-0.042485251934837986,38.76406679183592,-6.416410779093127,-8.445658921064641,1,0.009999999999990905,-0.01464742269112751,-0.14273858788719307,1,0.19386822931752856,0.24339518753278203,1,1,0,0,0,0,0,0,0,0,0,0
2020-04-02,181.24,190.1,180.97,186.01,180.51,56465300.0,191.27849999999998,206.5184,0.02029165724621307,41.52744556271853,-5.9446836001907,-7.9454638568898535,0,-5.719999999999999,-0.030725468481284324,0.0511938848077087,0,0.20186715982264208,0.25774699710082905,1,1,0,0,0,0,0,0,0,0,0,0
2020-04-03,185.55,187.07,181.29,183.37,177.95,47487600.0,191.27849999999998,206.5184,-0.014182039776189703,40.13651968352954,-5.7115676212764015,-7.498684609767164,1,-1.8700000000000045,-0.03637563446481462,-0.15899499338531808,0,0.19616318709476166,0.21089211482908982,1,1,0,0,0,0,0,0,0,0,0,0
2020-04-06,190.48,197.65,189.19,196.48,190.67,64763500.0,191.27849999999998,206.5184,0.07148075302051127,49.234931245969904,-4.44913695265376,-6.888775078344484,0,4.309999999999974,0.07759037049053463,0.363798128353507,1,0.2245048015864174,0.3010555487418224,1,1,0,0,0,0,0,0,0,0,0,0
2020-04-07,202.37,202.66,196.0,196.4,190.6,69904500.0,191.27849999999998,206.5184,-0.00036712644883829526,49.19062330650312,-3.4149347256400233,-6.1940070078035925,1,5.829999999999984,0.05693158679548327,0.07938113289121196,0,0.22434883358213942,0.3278865800481716,1,1,0,0,0,0,0,0,0,0,0,0
2020-04-08,198.15,201.17,196.17,200.57,194.64,45940400.0,191.27849999999998,206.5184,0.021196222455403868,51.8820546218755,-2.243466488228762,-5.403898903888626,1,17.72,0.09230984902707684,-0.34281197920019457,0,0.23335041554332564,0.20281723219201853,1,1,0,0,0,0,0,0,0,0,0,0
2020-04-09,202.35,203.22,199.03,200.86,194.92,68252600.0,191.27849999999998,206.5184,0.0014385532264693524,52.071548064248454,-1.2777467411033854,-4.578668471331579,1,14.409999999999997,0.022267649233034925,0.48567709467048603,0,0.2339742875604376,0.3192652650092769,1,1,0,0,0,0,0,0,0,0,0,0
2020-04-13,200,203.42,198.75,203.03,197.03,42853900.0,191.27849999999998,206.5184,0.010824953827211159,53.55586650331289,-0.3382484008643587,-3.730584457238135,1,19.080000000000013,0.03345972950908438,-0.3721279482393345,0,0.23867560883224526,0.18670869725191994,1,1,0,0,0,0,0,0,0,0,0,0
2020-04-14,207.23,212.5,206.42,211.86,205.6,63959600.0,191.27849999999998,206.5184,0.04349591432776734,59.0966997592006,1.0853272036062265,-2.767402125069263,0,14.930000000000007,0.05575942138144785,0.4925035994390241,1,0.2577705487845636,0.29685997082562443,1,1,0,0,0,0,0,0,0,0,0,0
2020-04-15,208.48,211.83,207.12,209.43,203.24,47036000.0,191.27849999999998,206.5184,-0.011478599221789842,57.07729460476358,2.0000337062130313,-1.8139149588128043,1,12.640000000000015,0.042842268933188654,-0.26459827766277466,0,0.25251219892604887,0.20853520105006876,1,1,0,0,0,0,0,0,0,0,0,0
2020-04-16,211.69,214.37,209.69,213.25,206.95,64657400.0,191.27849999999998,206.5184,0.0182542806534145,59.424600178109976,2.9898461090392914,-0.8531627452423853,1,12.310000000000002,0.050271595759391996,0.3746364486776086,0,0.2607785031527818,0.3005018096985228,1,1,0,0,0,0,0,0,0,0,0,0
2020-04-17,216.17,216.51,212.08,215.29,208.93,62863200.0,191.27849999999998,206.5184,0.009567528388499724,60.661063177753526,3.8892165544554587,0.09531311469718351,0,14.01000000000002,0.016343209820124383,-0.027749337276166353,0,0.2651901695595018,0.29113782674387356,1,1,0,0,0,0,0,0,0,0,0,0
2020-04-20,213.36,215.88,212.57,212.74,206.45,38249100.0,191.27849999999998,206.5184,-0.01187000430766294,58.266065039446474,4.351695204801956,0.9465895327181381,0,9.419999999999987,0.015951804734251285,-0.3915502233421143,0,0.2596644459793676,0.16267610963093632,1,1,0,0,0,0,0,0,0,0,0,0
2020-04-21,210.6,211.16,203.63,204.89,198.84,72932800.0,191.27849999999998,206.5184,-0.036861225478323933,51.54142224347846,4.057378532511592,1.5687473326768289,1,-6.759999999999991,-0.03916370139748715,0.9067847348042175,0,0.24270849580000448,0.3436913674640474,0,1,0,0,0,0,0,0,0,0,0,0
2020-04-22,209.1,212.35,208.33,210.97,204.74,40089100.0,192.60399999999998,206.5184,0.029672098169382544,55.80056580557528,4.251205885759759,2.105239043293415,0,1.5,-0.01905913161660433,-0.4503282473729241,0,0.25585437044629133,0.1722791241424482,0,1,0,0,0,0,0,0,0,0,0,0
2020-04-23,211.79,214.44,210.1,210.52,204.3,43278500.0,193.9735,206.5184,-0.0021490671095046876,55.409436195740675,4.319518417384273,2.548094918111587,1,-2.6499999999999773,-0.009338194418446077,0.07955778503383715,0,0.2548740001336869,0.18892469723104383,0,1,0,0,0,0,0,0,0,0,0,0
2020-04-24,210.97,214.3,209.5,213.84,207.52,34231900.0,195.038,206.5184,0.01576113558492409,57.743758586310705,4.580680447376324,2.9546120239645344,1,-1.4099999999999966,0.04328416664480195,-0.20903219843571286,0,0.26204852833047393,0.1417102238180855,0,1,0,0,0,0,0,0,0,0,0,0
2020-04-27,216.19,216.63,214.5,215.56,209.19,36451700.0,196.50650000000002,206.5184,0.008047417116422428,58.944191149455484,4.866312460078035,3.3369521111872347,0,2.740000000000009,0.02165948559184183,0.06484594778554498,0,0.26576947928967715,0.15329542578148445,0,1,0,0,0,0,0,0,0,0,0,0
2020-04-28,217.32,217.32,211.21,211.5,205.25,46862800.0,197.45099999999996,206.5184,-0.018834552320856623,54.97606910964359,4.720339678461698,3.6136296246421273,1,6.409999999999997,0.004974000380489896,0.2856135653481182,0,0.2569907087631737,0.20763126511887645,0,1,0,0,0,0,0,0,0,0,0,0
2020-04-29,216.19,219.97,215.14,219.0,212.53,48716400.0,198.839,206.5184,0.035468940316687014,60.29483477259077,5.132921234990619,3.9174879467118258,0,7.789999999999992,0.02468180511225282,0.039553761192246295,0,0.2732113812080836,0.21730525843329948,0,1,0,0,0,0,0,0,0,0,0,0
2020-04-30,219.95,220.04,217.35,218.91,212.44,43359500.0,200.615,206.5184,-0.0004234696278172523,60.200154202458826,5.390494577171495,4.21208927280376,0,8.139999999999986,0.01621091836801314,-0.10996091665229779,0,0.27301085091686905,0.1893474386307354,0,1,0,0,0,0,0,0,0,0,0,0
2020-05-01,214.5,216.67,211.68,212.74,206.45,48795000.0,201.91199999999998,206.5184,-0.02819619657315009,54.11001265231602,5.053032157772805,4.380277849797569,1,-1.0700000000000216,0.006849274115719672,0.12535891788420073,0,0.2596644459793676,0.2177154741618891,0,1,0,0,0,0,0,0,0,0,0,0
2020-05-04,211.46,215.45,211.12,215.22,208.86,32841000.0,203.4575,206.5184,0.011673528699443159,56.03705587334081,4.9233048245371265,4.48888324474548,1,-0.3299999999999841,-0.016946137501524183,-0.3269597294804796,0,0.26503420155522384,0.13445107551153013,0,1,0,0,0,0,0,0,0,0,0,0
2020-05-05,217.44,220.14,216.85,217.66,211.23,37783100.0,204.4855,206.5184,0.011347313990232477,57.90894167401735,4.954620391665429,4.58203067412947,1,5.97999999999999,-0.005175353883474454,0.15048567339605978,0,0.2703148325572068,0.1602440418253034,0,1,0,0,0,0,0,0,0,0,0,0
2020-05-06,219.4,221.04,218.11,219.0,212.53,36455200.0,205.58200000000002,206.5184,0.006154428821663727,58.941640918885525,5.026396173413616,4.6709037739863,1,0.0,0.029175271511339362,-0.035145342759064224,0,0.2732113812080836,0.1533136923851748,0,1,0,0,0,0,0,0,0,0,0,0
2020-05-07,221.82,222.73,220.42,221.82,215.26,38624800.0,206.613,206.5184,0.012845245377123282,61.10006542303628,5.2431276699580565,4.785348553180651,1,2.819999999999993,0.030346988189019486,0.05951414338695171,0,0.27929413337492476,0.16463689906135753,0,1,0,0,0,0,0,0,0,0,0,0
2020-05-08,223.55,225.0,222.48,224.86,218.21,31852300.0,207.7775,206.5184,0.0137043575211373,63.34260893891267,5.588508441667159,4.945980530877954,1,11.76000000000002,0.03270403171992431,-0.1753407137383236,0,0.2858670706980682,0.12929102092048025,0,1,0,0,0,0,0,0,0,0,0,0
2020-05-11,223.49,227.93,223.25,226.87,220.17,35714100.0,208.93449999999999,206.5184,0.008982173135969829,64.79478010183325,5.951772482844717,5.147138921271306,0,11.309999999999974,0.03553177603423041,0.12124085230893855,0,0.29023417481785163,0.1494458695294784,0,1,0,0,0,0,0,0,0,0,0,0
2020-05-12,227.49,228.1,222.09,222.12,215.56,41054100.0,209.43249999999998,206.5184,-0.020938365808239046,58.88599975322888,5.8008053073246515,5.277872198481976,0,4.3300000000000125,0.0017481648488680834,0.14952077750804293,0,0.27996256767897326,0.1773154877313661,0,1,0,0,0,0,0,0,0,0,0,0
2020-05-13,222.66,224.61,216.71,219.34,212.86,65521200.0,209.91349999999997,206.5184,-0.012525514937836268,55.68320176620832,5.401035522432011,5.302504863271984,1,0.3300000000000125,-0.024481707610105485,0.5959721440733081,0,0.27394665894253695,0.3050100074893075,0,1,0,0,0,0,0,0,0,0,0,0
2020-05-14,217.97,221.87,215.99,221.83,215.27,51549300.0,210.3295,206.5184,0.011321995677910257,57.88507102659847,5.2185260268901175,5.28570909599561,1,0.010000000000019327,-0.022141885068165057,-0.21324243145729926,0,0.2793164145183931,0.2320902474602897,0,1,0,0,0,0,0,0,0,0,0,0
2020-05-15,218.78,223.33,218.33,223.27,216.67,55747200.0,210.7165,206.5184,0.006503460770195479,59.15465490321528,5.127744786486744,5.254116234093837,1,-1.5400000000000205,0.005299941510269468,0.08143466545617506,0,0.28243577460395264,0.2539992119265265,0,1,0,0,0,0,0,0,0,0,0,0
2020-05-18,226.28,228.68,225.47,227.43,220.71,42398100.0,211.42950000000002,206.5184,0.01864586698666182,62.65341551228601,5.3204632472933895,5.2673856367337475,0,0.5400000000000205,0.036471323434767555,-0.23945776648872052,0,0.2914373565651389,0.18432986354847042,0,1,0,0,0,0,0,0,0,0,0,0
2020-05-19,227.7,229.85,226.71,226.86,220.16,36237300.0,212.4955,206.5184,-0.002491957772642883,61.87634166075836,5.366946790691259,5.28729786752525,1,4.599999999999994,0.022657369984214415,-0.14530839825369535,0,0.2902118936743833,0.15217646582970829,0,1,0,0,0,0,0,0,0,0,0,0
2020-05-20,229.5,231.76,229.48,231.39,224.55,37417000.0,213.48600000000002,206.5184,0.019940043604651292,65.54919381986093,5.692403164684578,5.368318926957116,0,11.689999999999998,0.03609395281867023,0.032554853700468955,0,0.2999933156569595,0.1583333550792901,0,1,0,0,0,0,0,0,0,0,0,0
2020-05-21,231.44,232.14,228.34,228.87,222.11,43642900.0,214.3765,206.5184,-0.010866176798040472,61.97533220953344,5.687875786306847,5.432230298827062,1,6.840000000000003,0.0065819090339679365,0.1663922815832375,0,0.29455671665069855,0.19082651162669326,0,1,0,0,0,0,0,0,0,0,0,0
2020-05-22,228.45,229.87,227.5,229.66,222.87,28762400.0,215.144,206.5184,0.0034217279726260763,62.65825782396399,5.680136378332179,5.4818115147280855,0,6.200000000000017,0.012495594779236896,-0.34096038530895056,0,0.296250083554288,0.11316474127965387,0,1,0,0,0,0,0,0,0,0,0,0
2020-05-26,233.36,233.57,228.79,229.04,222.27,33055300.0,215.798,206.5184,-0.0026921523758244303,61.71587533373015,5.561478592843997,5.497744930351268,1,1.5600000000000023,-0.010136601201238826,0.14925388701916398,0,0.29491321494619105,0.13556951356034372,0,1,0,0,0,0,0,0,0,0,0,0
2020-05-27,228.69,230.41,223.94,230.29,223.48,55665600.0,216.70950000000002,206.5184,0.005443829576641024,62.92682874090587,5.501658634494646,5.498527671179944,0,3.319999999999993,0.00617340517344267,0.684014363808527,0,0.2976092333058532,0.25357333910905944,0,1,0,0,0,0,0,0,0,0,0,0
2020-05-28,229.11,233.47,229.05,229.99,223.19,42784300.0,217.24249999999998,206.5184,-0.00129765527116521,62.41725075448065,5.368960278129833,5.472614192569922,1,-1.3600000000000136,0.0014540219296513834,-0.23140503291081027,0,0.29696308014527306,0.18634545278996276,0,1,0,0,0,0,0,0,0,0,0,0
2020-05-29,230.38,233.6,228.76,233.36,226.46,50691800.0,217.9435,206.5184,0.014651194049912775,65.78207878295811,5.464664297751341,5.471024213606206,1,4.349999999999994,0.01879736835538859,0.1848224699247154,0,0.3042490140594015,0.22761492955614762,0,1,0,0,0,0,0,0,0,0,0,0
2020-06-01,232.46,234.45,232.0,234.06,227.14,25776000.0,218.978,206.5184,0.003002737790338106,66.45467158928084,5.53161571713855,5.483142514312676,1,4.269999999999982,0.01635627656908567,-0.49151539302214564,0,0.30576413181524476,0.09757863120510005,0,1,0,0,0,0,0,0,0,0,0,0
2020-06-02,234.5,235.69,232.01,235.63,228.67,33383400.0,219.9685,206.5184,0.00673593378533055,67.97974444467258,5.643083459198181,5.515130703289778,1,6.399999999999977,0.02438986562558143,0.295135009310987,0,0.309173146765892,0.1372818771805758,0,1,0,0,0,0,0,0,0,0,0,0
2020-06-03,236.26,237.47,235.35,236.69,229.7,37228700.0,220.892,206.5184,0.004504307517383177,69.00146057959333,5.748272334496193,5.561759029531061,0,6.219999999999999,0.014242979093051833,0.11518599064205559,0,0.3114681045431251,0.15735061180074789,0,0,0,0,0,0,0,0,0,0,0,0
2020-06-04,236.33,237.79,233.68,235.03,228.08,38716100.0,221.66950000000003,207.5154,-0.007052677405311125,65.46339053787179,5.635947124721156,5.57659664856908,1,4.890000000000015,0.004187563897402602,0.03995304697719759,0,0.3078585593012634,0.16511339646619505,0,0,0,0,0,0,0,0,0,0,0,0
2020-06-05,236.22,240.3,235.63,239.69,232.61,47365600.0,222.53699999999998,208.62939999999998,0.019861452122062362,70.08289673300575,5.845083246695509,5.630293968194366,1,6.150000000000006,0.017313082234134414,0.22340834949801236,0,0.31795191729239547,0.21025539321473957,0,0,0,0,0,0,0,0,0,0,0,0
2020-06-08,239.54,241.68,237.91,241.55,234.41,32937300.0,223.34699999999998,209.593,0.007738274364816666,71.70255031939371,6.085915442012208,5.721418262957934,1,7.27000000000001,0.020547049081567903,-0.30461558599489924,0,0.32196252311668627,0.13495366806449677,0,0,0,0,0,0,0,0,0,0,0,0
2020-06-09,240.66,244.18,240.47,243.3,236.11,35046300.0,224.144,210.71880000000002,0.0072522503306173824,73.17938675919538,6.34085900880433,5.845306412127214,1,7.440000000000026,0.03485197681749641,0.06403074933282338,0,0.32575031750629446,0.14596060154535467,0,0,0,0,0,0,0,0,0,0,0,0
2020-06-10,245.05,247.82,244.51,246.22,238.94,58084400.0,225.31300000000002,211.77039999999997,0.011985938757358872,75.47411851748106,6.6940956037690285,6.015064250455578,0,9.240000000000009,0.02697646345279292,0.6573618327754998,0,0.3320558811078185,0.2661971279679969,0,0,0,0,0,0,0,0,0,0,0,0
2020-06-11,242.16,243.59,233.96,234.02,227.1,72919400.0,226.025,212.61700000000002,-0.04955218883401691,54.474673792996704,5.950060507473353,6.0020635018591335,1,-0.9800000000000182,-0.030313999746040654,0.25540420491560556,1,0.30567500724137164,0.34362143246706145,0,0,0,0,0,0,0,0,0,0,0,0
2020-06-12,239.09,240.4,231.74,235.88,228.91,72034800.0,226.70700000000002,213.6568,0.00797005724350508,56.46866528420977,5.443707534506956,5.890392308388698,1,-3.700000000000017,-0.029596192833152957,-0.012131202396070129,0,0.3097078942091308,0.3390046788600596,0,0,0,0,0,0,0,0,0,0,0,0
2020-06-15,232.44,239.45,231.47,238.75,231.69,45307400.0,227.458,214.68040000000002,0.012144510943165487,59.409341668719655,5.206722070963423,5.753658260903643,1,-2.719999999999999,-0.02943762064734634,-0.37103455552038733,0,0.31590205209331346,0.19951358643887343,0,0,0,0,0,0,0,0,0,0,0,0
2020-06-16,243.78,244.39,239.1,242.85,235.67,48890100.0,228.206,215.8348,0.01717812594414947,63.238165510359885,5.27920671267762,5.658767951258439,1,-0.44000000000002615,0.03729269413082004,0.07907538282929494,0,0.3247699471936899,0.2182118038793047,0,0,0,0,0,0,0,0,0,0,0,0
2020-06-17,244.4,245.5,242.73,243.62,236.42,34749300.0,229.019,216.7498,0.003182416090295792,63.928666589864115,5.335663834104082,5.5941471278275685,1,-2.5200000000000102,0.03250505297761075,-0.28923647118741835,0,0.3264410329538111,0.14441054974648562,0,0,0,0,0,0,0,0,0,0,0,0
2020-06-18,243.29,244.53,242.49,244.28,237.06,30578600.0,229.64450000000002,217.67899999999997,0.0027070467811523002,64.5407354769906,5.37014546674186,5.549346795610427,0,9.960000000000008,0.02306758881559756,-0.12002256160555758,0,0.3278670261357812,0.12264354288607118,0,0,0,0,0,0,0,0,0,0,0,0
2020-06-19,246.73,247.0,242.45,244.24,237.02,49422100.0,230.38999999999996,218.5266,-0.00016873365392722217,64.46710781755786,5.3327718687601475,5.506031810240371,1,8.110000000000014,0.00572072921752087,0.6162316129580818,0,0.3277779015619081,0.22098832764024187,0,0,0,0,0,0,0,0,0,0,0,0
2020-06-22,243.68,246.87,243.38,246.74,239.86,24068700.0,231.2395,219.4254,0.01198211121424353,67.31786686667363,5.4692709373641435,5.498679635665126,0,8.170000000000016,0.014520424341468607,-0.5129972218906117,0,0.3341057463069005,0.0886681819249347,0,0,0,0,0,0,0,0,0,0,0,0
2020-06-22,0.42 Dividend,,,,,,248.00050000000002,259.0592,0.0,67.31786686667363,5.4692709373641435,5.492797896004929,0,0.0,0.011813377560316307,0.0,0,0.33867338071789843,0.13406695493106965,1,1,0,0,0,0,1,0,0,0,1,1
2020-06-23,248.39,251.15,247.82,248.84,241.91,32767400.0,248.00050000000002,259.0592,0.008546652213791361,67.31786686667363,5.782662632399564,5.550770843283857,0,5.490000000000009,0.02052876342803489,0.36141129350567325,0,0.33867338071789843,0.13406695493106965,1,1,0,0,0,0,0,0,0,0,0,0
2020-06-24,248.06,249.33,242.16,243.71,236.92,46032400.0,248.00050000000002,259.0592,-0.0206275060973089,57.240054903760196,5.461063104559315,5.532829295538949,1,-0.14000000000001478,-0.01208085388351754,0.4048230863602238,0,0.3275550901272253,0.20329738291759414,1,1,0,0,0,0,0,0,0,0,0,0
2020-06-25,243.8,246.34,241.14,246.03,239.17,36940800.0,248.00050000000002,259.0592,0.00949687658281273,60.13782267292267,5.326350504632558,5.491533537357671,0,2.1499999999999773,-0.0025839773007048095,-0.19750436648968983,0,0.3325683474075889,0.15584805317147382,1,1,0,0,0,0,0,0,0,0,0,0
2020-06-26,245.78,245.96,239.68,240.22,233.53,52824600.0,248.00050000000002,259.0592,-0.023581552870343248,50.837610847938436,4.71019276389643,5.335265382665423,1,-6.3300000000000125,-0.03471218238483942,0.42997985966735963,0,0.3200017824914775,0.2387460759421001,1,1,0,0,0,0,0,0,0,0,0,0
2020-06-29,239.97,242.85,237.35,242.84,236.07,34377800.0,248.00050000000002,259.0592,0.010876546910461249,54.26771522248694,4.376391767434853,5.143490659619309,1,0.0,-0.0032081293770692687,-0.3492085127005221,0,0.32566119293242124,0.1424716802404929,1,1,0,0,0,0,1,0,0,0,0,0
2020-06-30,242.77,248.16,242.58,247.6,240.7,38909200.0,248.00050000000002,259.0592,0.01961282670394371,59.77683877868655,4.434338089096713,5.001660145514791,1,-1.210000000000008,0.00690782074406171,0.13181180878357535,0,0.33597736235823616,0.1661211910869412,1,1,0,0,0,0,0,0,0,0,0,0
2020-07-01,247.64,251.52,247.08,250.49,243.51,34689200.0,248.00050000000002,259.0592,0.011674283340257663,62.71266891801732,4.6533634056226845,4.93200079753637,1,6.590000000000003,0.04216365695466262,-0.10845763983839296,0,0.3422383636728237,0.14409688606597376,1,1,0,0,0,0,0,0,0,0,0,0
2020-07-02,253.02,254.27,251.71,252.19,245.16,31956500.0,248.00050000000002,259.0592,0.006775902427005098,64.35773130433125,4.903558586312613,4.926312355291619,1,5.990000000000009,0.03806301247120647,-0.07877667977353187,0,0.3459147523450903,0.12983484380749089,1,1,0,0,0,0,0,0,0,0,0,0
2020-07-06,255.45,258.93,255.43,258.39,251.19,34589000.0,248.00050000000002,259.0592,0.024596182085168783,69.63089359894747,5.524725083020542,5.045994900837403,0,17.659999999999997,0.043046367852431544,0.08237760705959674,0,0.3593502818564649,0.14357393929746642,1,1,0,0,0,0,0,0,0,0,0,0
2020-07-07,258.13,260.88,256.3,256.61,249.46,36578200.0,248.00050000000002,259.0592,-0.006887216847804356,66.58713904669986,5.810428462686076,5.1988816132071385,1,13.390000000000015,0.024484867664369525,0.057509612882708394,0,0.35549564403645195,0.15395563302915088,1,1,0,0,0,0,0,0,0,0,0,0
2020-07-08,257.98,260.02,256.5,259.99,252.75,30426300.0,248.00050000000002,259.0592,0.01318848713220544,69.33262218766842,6.230504575384828,5.405206205642677,1,12.050000000000011,0.030897452369569867,-0.16818487514421154,0,0.3628261402375169,0.12184868467405854,1,1,0,0,0,0,0,0,0,0,0,0
2020-07-09,261.97,262.87,257.63,262.18,254.87,40312900.0,248.00050000000002,259.0592,0.008387734915924927,70.98695569216066,6.657737944873759,5.655712553488894,1,11.360000000000014,0.01468900520032601,0.3249359928745854,0,0.36754974265279294,0.17344714297270708,1,1,0,0,0,0,0,0,0,0,0,0
2020-07-10,262.03,264.23,259.26,263.97,256.61,32885300.0,248.00050000000002,259.0592,0.006827009848157983,72.30736557165899,7.055396705073122,5.93564938380574,0,11.450000000000017,0.02840323189628835,-0.1842487144313607,0,0.37142666161627413,0.13468227852395404,1,1,0,0,0,0,0,0,0,0,0,0
2020-07-13,266.91,269.79,257.69,258.54,251.34,64108100.0,248.00050000000002,259.0592,-0.02053700167569472,62.96118050247251,6.866150472123053,6.121749601469203,1,0.15000000000000568,-0.005322256911611811,0.9494454969241577,0,0.3596844990084891,0.2976349967250589,1,1,0,0,0,0,0,0,0,0,0,0
2020-07-14,255.93,260.79,252.76,260.37,253.11,72230500.0,248.00050000000002,259.0592,0.007042253521126751,64.61547397011526,6.780830483662186,6.2535657779077995,1,3.6500000000000057,-0.006667738306409987,0.12669849831768532,0,0.36362826140237514,0.3400260429578329,1,1,0,0,0,0,0,0,0,0,0,0
2020-07-15,261.83,262.69,257.49,260.9,253.63,54523900.0,248.00050000000002,259.0592,0.0020544427324087344,65.10852235579031,6.678191398871917,6.338490902100624,0,0.8799999999999955,-0.011440305422159236,-0.24514021085275606,0,0.3647868808627258,0.24761477298525883,1,1,0,0,0,0,0,0,0,0,0,0
2020-07-16,258.02,259.78,255.62,259.12,251.9,47594100.0,248.00050000000002,259.0592,-0.006820959665654658,62.0126442580943,6.383665718208647,6.347525865322229,1,-2.969999999999999,0.0022757365878808278,-0.12709655765636718,0,0.360932243042713,0.21144794148423984,1,1,0,0,0,0,0,0,0,0,0,0
2020-07-17,259.59,260.31,257.17,259.42,252.19,35137900.0,248.00050000000002,259.0592,0.0011512504962285508,62.33594718835711,6.103297555658116,6.298680203389408,1,-4.420000000000016,-0.0036152664370173726,-0.26171731370064777,0,0.36157839620329313,0.14643866465907993,1,1,0,0,0,0,0,0,0,0,0,0
2020-07-20,260.08,267.43,258.79,266.78,259.35,40610100.0,248.00050000000002,259.0592,0.028391292279630553,69.28624221327115,6.385250732512759,6.315994309214078,0,8.01000000000002,0.022721583110204446,0.15573497562461047,0,0.37753169492658367,0.1749982385775013,1,1,0,0,0,0,0,0,0,0,0,0
2020-07-21,268.4,268.41,263.13,264.0,256.64,43243800.0,248.00050000000002,259.0592,-0.010449199922884289,64.43929881927644,6.317205492355981,6.316236545842459,1,3.5299999999999727,0.019093342852974815,0.06485332466553895,0,0.371493505046679,0.18874359690302783,0,1,0,0,0,0,0,0,0,0,0,0
2020-07-22,264.51,265.89,262.55,264.93,257.55,29865500.0,248.78249999999997,259.0592,0.003545822942643495,65.31669984787538,6.264495341323084,6.305888304938584,0,3.920000000000016,0.02148791529938976,-0.30936920437149373,0,0.37352108910229276,0.11892185285989776,0,1,0,0,0,0,0,0,0,0,0,0
2020-07-23,264.51,265.24,256.55,258.01,250.82,51363500.0,249.47750000000002,259.0592,-0.02613084837895563,54.58931578216796,5.614941857279405,6.167699015406749,0,-1.0800000000000125,-0.03303422535919642,0.7198272253938491,0,0.3585258795481384,0.23112055175581206,0,1,0,0,0,0,0,0,0,0,0,0
2020-07-24,254.04,256.93,251.32,255.56,248.44,54054500.0,249.94099999999997,259.0592,-0.00948887648512875,51.37583946668219,4.852186941207805,5.90459660056696,1,-3.75,-0.032073901921440884,0.05239128953439698,0,0.3532229674026871,0.24516496047889816,0,1,0,0,0,0,0,0,0,0,0,0
2020-07-27,257.26,260.52,256.45,260.12,252.87,36445700.0,250.908,259.0592,0.017831267106746207,56.50787370861407,4.552681671451296,5.634213614743827,0,-6.480000000000018,-0.017788457757338172,-0.325760112479072,0,0.36309351395913636,0.15326411160372952,0,1,0,0,0,0,0,0,0,0,0,0
2020-07-28,259.31,259.85,256.51,256.81,249.65,31302400.0,251.58700000000005,259.0592,-0.012733815794677139,52.19558318507446,4.0092780364973635,5.309226499094534,1,-6.989999999999981,-0.004391425173059682,-0.14112227231195995,0,0.35591898576234937,0.12642107652924092,0,1,0,0,0,0,0,0,0,0,0,0
2020-07-29,258.4,260.66,257.91,259.77,252.53,27556900.0,252.17850000000004,259.0592,0.011536150610855112,55.46887000135737,3.7675882594081145,5.000898851157251,1,-5.02000000000001,0.01663360192292418,-0.11965536188918424,0,0.36233595508121474,0.10687320106572584,0,1,0,0,0,0,0,0,0,0,0,0
2020-07-30,257.74,261.71,256.55,261.13,253.85,41774500.0,252.69549999999998,259.0592,0.00522710173048746,56.92469938499299,3.640593838504458,4.728837848626692,1,3.030000000000001,0.0040294365466654325,0.5159361176329704,0,0.3652770660190281,0.18107527667380804,0,1,0,0,0,0,0,0,0,0,0,0
2020-07-31,265.91,265.95,260.85,265.79,258.38,53686300.0,253.3565,259.0592,0.01784518416387626,61.568208942389006,3.860976057585617,4.555265490418478,1,9.939999999999998,0.03460843650521883,0.2851452441082478,0,0.3753704240101602,0.24324331377067063,0,1,0,0,0,0,0,0,0,0,0,0
2020-08-03,268,270.15,267.87,269.38,261.87,32081600.0,253.89049999999997,259.0592,0.013507237402275774,64.72333993843478,4.268045020596929,4.497821396454168,1,9.0,0.03657952329663949,-0.4024248271905495,0,0.38314654308059093,0.13048774441368116,0,1,0,0,0,0,0,0,0,0,0,0
2020-08-04,268.86,270.48,268.09,270.38,262.85,24911300.0,254.56,259.0592,0.0037423148890671776,65.57791319591334,4.616511643804131,4.5215594459241615,1,13.200000000000017,0.03509473645521921,-0.22350194504014764,0,0.38533009514048266,0.09306573628765202,0,1,0,0,0,0,0,0,0,0,0,0
2020-08-05,270.88,271.52,269.96,271.05,263.5,21612100.0,255.0975,259.0592,0.0024728932851434404,66.16340451699463,4.888768836985776,4.595001324136485,1,10.969999999999999,0.01972244557648639,-0.13243788963241576,0,0.3867783694659209,0.07584711374614118,0,1,0,0,0,0,0,0,0,0,0,0
2020-08-06,270.85,274.98,270.19,274.64,266.99,28048200.0,255.7035,259.0592,0.013244781783681159,69.19328444888527,5.324767847746529,4.740954628858494,0,13.140000000000015,0.019459989957891777,0.2978007690136544,0,0.39455448853635167,0.10943731032089205,0,1,0,0,0,0,0,0,0,0,0,0
2020-08-07,274.08,274.88,269.25,271.47,263.91,44969400.0,256.06850000000003,259.0592,-0.011536012584740907,63.766514503823224,5.359983393524914,4.864760381791777,0,5.53000000000003,0.0041816624840836925,0.6032900506984404,0,0.3876918963481206,0.1977495544253457,0,1,0,0,0,0,0,0,0,0,0,0
2020-08-10,271.77,271.98,266.67,270.31,262.78,35088400.0,256.64050000000003,259.0592,-0.004281762722140314,61.84992522557705,5.236349038866649,4.939078113206752,0,0.9099999999999682,-0.0025729935232000622,-0.21972719226852033,0,0.3851741271362046,0.14618032269260176,0,1,0,0,0,0,0,0,0,0,0,0
2020-08-11,269.11,270.44,264.63,265.19,257.8,43104300.0,256.875,259.0592,-0.0189512139432223,54.12849253067057,4.682546065400857,4.887771703645573,1,-5.050000000000011,-0.03476898925010352,0.22844871809486889,0,0.3740781176889998,0.18801554227022568,0,1,0,0,0,0,0,0,0,0,0,0
2020-08-12,267.42,272.84,267.37,271.86,264.28,38773400.0,257.4075,259.0592,0.02513576415826213,60.958424700415414,4.71221557547301,4.85266047801106,1,0.7799999999999727,0.0019027874928995159,-0.10047489461608239,0,0.388516298656447,0.16541244686375461,0,1,0,0,0,0,0,0,0,0,0,0
2020-08-13,272.66,274.83,271.51,272.48,264.89,31895700.0,258.05699999999996,259.0592,0.002308158014227457,61.53896695547042,4.730421424384531,4.828212667285754,0,-2.1000000000000227,0.008492708229267287,-0.17738191646850676,0,0.38987544840801225,0.1295175268062409,0,1,0,0,0,0,0,0,0,0,0,0
2020-08-14,273.12,273.4,270.72,272.16,264.58,30799500.0,258.67650000000003,259.0592,-0.0011702971044584842,61.04219940636687,4.666047984934778,4.795779730815559,1,0.6699999999999591,0.026273625068031103,-0.03436826907702295,0,0.3891847329604955,0.1237964265304152,0,1,0,0,0,0,0,0,0,0,0,0
2020-08-17,273.93,275.84,272.2,275.32,267.65,24803000.0,259.0915,259.0592,0.011603295789553325,64.13030449927484,4.807338902916456,4.7980915652357385,1,4.8700000000000045,0.012741156699322298,-0.19469471907011482,0,0.3960250440052583,0.09250051537917556,0,1,0,0,0,0,0,0,0,0,0,0
2020-08-18,276.42,278.46,274.91,277.97,270.22,23529500.0,259.7705,259.0592,0.009602092284700436,66.52267182440845,5.068266671672291,4.852126586523049,0,12.420000000000016,0.020035090969795277,-0.05134459541184533,0,0.401751297876607,0.08585408115069165,0,1,0,0,0,0,0,0,0,0,0,0
2020-08-19,277.93,279.02,275.57,276.1,268.41,31999400.0,260.31350000000003,259.0592,-0.006698245873732467,63.31958741528139,5.070551770592999,4.895811623337039,1,4.130000000000052,0.014507142200521295,0.35996940011474954,0,0.39771841090884785,0.13005874017843863,0,1,0,0,0,0,0,0,0,0,0,0
2020-08-20,275.28,280.43,274.86,279.93,272.13,27723400.0,261.379,259.0592,0.013859394210349762,66.85224738363429,5.311310161250617,4.978911330919755,1,7.240000000000009,0.016763240621317732,-0.13362750551572844,0,0.406006996279049,0.10774216949842516,0,1,0,0,0,0,0,0,0,0,0,0
2020-08-21,280.13,282.34,279.46,281.87,274.02,34748900.0,262.658,259.0592,0.006945210009921654,68.51153859615084,5.590180009643348,5.101165066664474,1,9.439999999999998,0.01410635834653895,0.25341408340968274,0,0.4102181323945544,0.14440846213463532,0,1,0,0,0,0,0,0,0,0,0,0
2020-08-24,285.25,286.0,281.27,283.63,275.73,36418500.0,263.80100000000004,259.0592,0.006240420407269687,69.97592970056743,5.881372283915198,5.257206510114619,1,8.080000000000041,0.027045024627541103,0.048047564095553996,0,0.41402820792763084,0.15312215399790716,0,1,0,0,0,0,0,0,0,0,0,0
2020-08-25,282.83,286.06,282.37,285.86,277.89,34866600.0,265.21299999999997,259.0592,0.007833750408007711,71.76232242256759,6.214797885878454,5.448724785267387,1,7.669999999999959,0.021019380825199052,-0.04261295770007001,0,0.4188409349167799,0.1450227419215945,0,1,0,0,0,0,0,0,0,0,0,0
2020-08-26,287.15,292.22,285.83,291.96,283.82,42216700.0,266.77750000000003,259.0592,0.021339378890928185,75.98655206726362,6.878253296124569,5.734630487438824,0,15.409999999999968,0.03541354970620558,0.2108063304136336,0,0.43205365299347154,0.18338313157434638,0,1,0,0,0,0,0,0,0,0,0,0
2020-08-27,292.97,293.85,288.71,291.05,282.94,49482700.0,268.232,259.0592,-0.003100556690860401,74.21233280244869,7.249470460321618,6.037598482015383,1,10.810000000000002,0.026072572608075495,0.17211198412002826,0,0.43009291236826275,0.22130460083556666,0,1,0,0,0,0,0,0,0,0,0,0
2020-08-28,292.33,293.18,290.93,292.53,284.38,28021000.0,269.53200000000004,259.0592,0.005089418251219335,75.23147593743094,7.572566865771535,6.3445921587666145,1,10.360000000000014,0.02332824045128712,-0.43372128036667357,0,0.43330139702769543,0.10929535271506968,0,1,0,0,0,0,0,0,0,0,0,0
2020-08-31,293.07,296.75,292.62,294.88,286.66,36321000.0,270.7715,259.0592,0.00801744145157901,76.79519283299793,7.92128835875053,6.659931398763399,1,10.930000000000007,0.010006303011937945,0.29620641661610936,0,0.4383814977384639,0.15261329860938955,0,1,0,0,0,0,0,0,0,0,0,0
2020-09-01,297.62,300.04,295.79,299.92,291.56,36216200.0,272.207,259.0592,0.01709342077722731,79.75356305409665,8.49511530215284,7.026968179441287,1,13.670000000000016,0.030200280480025654,-0.002885383111698503,0,0.4492992580379225,0.15206634430460345,0,0,0,0,0,0,0,0,0,0,0,0
2020-09-02,303.28,303.5,296.89,302.76,294.32,50836800.0,273.748,260.1074,0.009466319110989163,81.2069135260592,9.068055325591729,7.435185608671376,0,10.5,0.03457718133979548,0.4037033150910365,0,0.4554488536351685,0.22837168885189177,0,0,0,0,0,0,0,0,0,0,0,0
2020-09-03,298.1,298.62,284.41,287.41,279.4,110083300.0,274.3685,260.957,-0.05069312313128571,57.27290710915597,8.223400867310602,7.592828660399221,0,-3.5400000000000205,-0.02413338324306924,1.1654254398388568,1,0.42220538758049053,0.5375809275781355,0,0,0,0,0,0,0,0,0,0,0,0
2020-09-04,285.56,288.93,271.8,283.58,275.68,123959000.0,274.957,261.68719999999996,-0.01331424481030774,53.07286422202301,7.171168447092498,7.508496617737878,0,-8.699999999999989,-0.05454104883060429,0.12604727510894032,0,0.41391680221028937,0.6099986169571492,0,0,0,0,0,0,0,0,0,0,0,0
2020-09-08,272.22,278.22,269.66,269.95,262.43,99568600.0,274.9395,262.2652,-0.048062971561230405,41.42126627663331,5.208067052937679,7.048410704777838,1,-24.230000000000018,-0.11207033950282386,-0.19676183254140478,1,0.3843942871148147,0.48270439677150834,0,0,0,0,0,0,0,0,0,0,0,0
2020-09-09,275.64,280.05,273.0,277.88,270.14,64837900.0,275.55649999999997,262.9466,0.02937926304157301,48.50555896161918,4.225716193666017,6.483871802555474,0,-21.420000000000016,-0.031997953329965134,-0.3488117739930058,0,0.4015730487288607,0.3014438445459836,0,0,0,0,0,0,0,0,0,0,0,0
2020-09-10,280.94,282.2,270.56,272.34,264.75,69667500.0,275.58,263.4276,-0.019952617161471786,44.457723872823856,2.977940264679262,5.782685494980232,0,-29.569999999999993,-0.03863632568112918,0.07448729832397416,0,0.3895635123994563,0.32664967002685186,0,0,0,0,0,0,0,0,0,0,0,0
2020-09-11,274.15,275.22,266.9,270.45,262.91,71809000.0,275.481,263.8156,-0.006949952785646696,43.13439215829649,1.8196207731405707,4.990072550612299,1,-16.489999999999952,0.0024766930944545296,0.030738866759967065,0,0.3854637820012924,0.337826221970549,0,0,0,0,0,0,0,0,0,0,0,0
2020-09-14,274.36,277.22,272.96,275.16,267.49,38525200.0,275.62649999999996,264.2622,0.017420410026244726,47.33646738324295,1.2567252082810114,4.243403082146042,1,-8.189999999999998,-0.009482159920873756,-0.46350457463549133,0,0.39566854570976584,0.1641170837106257,0,0,0,0,0,0,0,0,0,0,0,0
2020-09-15,279.03,280.45,275.13,279.06,271.28,41849900.0,275.808,264.664,0.014168753972110926,50.59022662297914,1.1037246921285941,3.6154674041425525,0,8.849999999999966,0.024639211212708956,0.08629935730379068,0,0.40411309908424486,0.18146879150759498,0,0,0,0,0,0,0,0,0,0,0,0
2020-09-16,279.88,280.36,274.25,274.61,266.96,42321000.0,275.645,265.014,-0.01592450604541429,47.02388338809032,0.6266590490789667,3.0177057331298354,0,-3.180000000000007,0.015664657952941363,0.01125689667119878,0,0.3944876451059468,0.18392747636431958,0,0,0,0,0,0,0,0,0,0,0,0
2020-09-17,267.55,274.4,266.68,270.32,262.79,81570800.0,275.364,265.21479999999997,-0.015620317650584248,43.81319312390518,-0.0869013156930123,2.396784323365266,0,-1.9599999999999795,-0.01737606972388761,0.9274308263037263,0,0.38519640827967294,0.388773345371895,0,0,0,0,0,0,0,0,0,0,0,0
2020-09-18,271.79,272.09,262.63,266.87,259.43,86251100.0,274.729,265.306,-0.012785874652764595,41.36257632252641,-0.9130024411902014,1.7348269704541726,1,-3.480000000000018,-0.04433069834876313,0.05737714966630225,0,0.3777099440743299,0.41319996972962814,0,0,0,0,0,0,0,0,0,0,0,0
2020-09-21,262.47,267.65,260.11,267.51,260.06,57168600.0,274.031,265.375,0.002428400724665547,42.01744438321318,-1.4995716712385843,1.0879472421156213,1,-7.430000000000007,-0.025977791578683296,-0.3371841054780751,0,0.37911365611283165,0.26141754063666944,0,0,0,0,0,0,0,0,0,0,0,0
2020-09-22,269.99,273.08,266.54,272.48,264.89,41128900.0,273.489,265.646,0.018572637083749788,46.91254991592825,-1.5567461771597664,0.5590085582605437,0,-6.389999999999986,0.00821516315565074,-0.28056835395654256,0,0.38987544840801225,0.17770587114737757,0,0,0,0,0,0,0,0,0,0,0,0
2020-09-23,272.15,272.34,263.25,264.16,256.8,48837300.0,272.4345,265.7198,-0.03054097927441568,40.712706085577565,-2.229156446161767,0.0013755573760816375,1,-10.159999999999968,-0.009539941466000346,0.18742052425423483,0,0.37185000334217155,0.21793623911506135,0,0,0,0,0,0,0,0,0,0,0,0
2020-09-24,261.39,268.7,261.22,265.39,257.99,70631700.0,271.143,265.807,0.004633956386292937,41.92843943643361,-2.635641341292569,-0.5260278223576484,1,-4.800000000000011,-0.007334385804372956,0.44626545693557995,0,0.3745014594148972,0.3316818583920692,0,0,0,0,0,0,0,0,0,0,0,0
2020-09-25,265.91,272.4,264.3,271.56,263.99,55242400.0,270.1955,266.04879999999997,0.02325671537656504,47.74653402498123,-2.4454441355825907,-0.9099110850026368,1,4.560000000000002,-0.0026503075115577035,-0.2178809231549007,0,0.38787014549586685,0.2513646457714117,0,0,0,0,0,0,0,0,0,0,0,0
2020-09-28,276.58,277.2,271.67,277.2,269.48,58438300.0,269.45050000000003,266.3946,0.020796242281904576,52.441684559902534,-1.8306122036378838,-1.0940513087296864,0,9.420000000000016,0.04868691404476255,0.05785230185509671,0,0.40010249325995406,0.26804414255257525,0,0,0,0,0,0,0,0,0,0,0,0
2020-09-29,276.62,277.71,275.37,275.95,268.26,27050000.0,268.5305,266.57280000000003,-0.004527237642867887,51.33774977780597,-1.425366533839167,-1.1603143537515825,1,3.3700000000000045,0.03952572001560173,-0.5371186362368515,0,0.39738419375682354,0.10422767494839685,0,0,0,0,0,0,0,0,0,0,0,0
2020-09-30,276.15,281.09,275.87,277.84,270.1,49380800.0,267.4575,266.842,0.006859017371207088,52.94654574852896,-0.9448422451497436,-1.1172199320312148,1,13.300000000000011,0.023128022010243776,0.8255378927911274,0,0.4014839241549877,0.22077278171669543,0,0,0,0,0,0,0,0,0,0,0,0
2020-10-01,281.79,282.88,279.84,282.25,274.39,50020200.0,266.461,267.1788,0.015883006293964996,56.553094324180115,-0.21537344637425804,-0.9368506348998235,0,16.399999999999977,0.018214786022304197,0.012948352396072949,0,0.4110425347028809,0.2241098292594458,0,0,0,0,0,0,0,0,0,0,0,0
2020-10-02,276.02,282.24,273.44,274.31,266.67,75497400.0,265.82450000000006,267.49580000000003,-0.028135136120120863,49.23909334717907,-0.25723836532370115,-0.800928180984599,1,2.680000000000007,-0.0053931124549487786,0.5093382273561482,0,0.39384149194536666,0.35707609084242964,0,0,0,0,0,0,0,0,0,0,0,0
2020-10-05,276.34,280.49,276.23,280.16,272.35,28184600.0,265.658,267.974,0.021299733753328054,53.95728211341286,0.1659983889504133,-0.6075428669975965,0,2.8700000000000045,0.009047603927172188,-0.6266811837228832,0,0.4064971814353513,0.1101491859618541,0,0,0,0,0,0,0,0,0,0,0,0
2020-10-06,279.45,281.19,274.25,275.16,267.49,49704200.0,265.911,268.26640000000003,-0.01784468514778781,49.700519000610825,0.10801010937655064,-0.46443227172276713,1,-0.7699999999999818,-0.024680087514580618,0.7635233425345755,0,0.39566854570976584,0.22246061589768615,0,0,0,0,0,0,0,0,0,0,0,0
2020-10-07,277.89,280.74,277.28,279.92,272.12,27539700.0,266.01000000000005,268.7158,0.01730905828255258,53.466872381732706,0.430691541512374,-0.2854075090757389,1,2.019999999999982,0.020764106888092826,-0.4459281107029185,0,0.40598471513558076,0.10678343375616173,0,0,0,0,0,0,0,0,0,0,0,0
2020-10-08,282.4,282.47,280.31,281.41,273.57,25443300.0,266.451,269.1366,0.005328531530207181,54.61307144767498,0.794265979322347,-0.06947281139612174,1,-0.8199999999999932,0.004792904664971953,-0.07612283358206517,0,0.4092154809384817,0.09584226004858917,0,0,0,0,0,0,0,0,0,0,0,0
2020-10-09,283.11,285.79,282.71,285.71,277.75,30201100.0,267.193,269.6146,0.015279453156413325,57.83725423543363,1.4035135761328092,0.22512446610966447,1,11.079999999999984,0.03791704296917309,0.18699618367114335,0,0.4185289989082239,0.1206733592023235,0,0,0,0,0,0,0,0,0,0,0,0
2020-10-12,290.55,297.46,289.47,294.53,286.32,79370700.0,268.1345,270.1734,0.03085508550855076,63.553761930608566,2.548496581313259,0.6897988891503835,0,13.96999999999997,0.05146307019517127,1.6280731496534893,0,0.4376239388605423,0.3772909582921248,0,0,0,0,0,0,0,0,0,0,0,0
2020-10-13,296.39,297.05,293.11,294.52,286.31,64240000.0,268.886,270.6622,-3.4925956971187944e-05,63.542935805429344,3.4157226214824163,1.23498363561679,0,18.819999999999993,0.0460996127079929,-0.19063331934832373,0,0.43760165771707404,0.29832338673270475,0,0,0,0,0,0,0,0,0,0,0,0
2020-10-14,295.35,296.35,290.26,292.06,283.92,36949100.0,269.73400000000004,271.0836,-0.00834759526387474,60.87395244267251,3.865592338179283,1.7611053761292887,0,11.800000000000011,0.022472564287704833,-0.4248272104607721,0,0.4322764644281545,0.15589137111736814,0,0,0,0,0,0,0,0,0,0,0,0
2020-10-15,287.2,290.71,286.54,290.1,282.02,42514200.0,270.6955,271.45399999999995,-0.006692025922795275,58.76091344611123,4.022435081025151,2.2133713171084612,0,8.449999999999989,-0.015074547143641204,0.15061530592084793,0,0.4280430471691806,0.18493579288802833,0,0,0,0,0,0,0,0,0,0,0,0
2020-10-16,291.8,293.27,288.15,288.51,280.47,40570700.0,271.7475,271.72360000000003,-0.0054960641089283335,57.02198728606296,3.9758311321890005,2.565863280124569,0,2.7200000000000273,-0.02053568529559835,-0.04571413786452527,0,0.42458946993159696,0.17479260881024392,0,0,0,0,0,0,0,0,0,0,0,0
2020-10-19,290.49,291.48,282.79,283.8,275.89,36756800.0,272.53900000000004,271.9632,-0.016329732235176864,52.11439199405724,3.5286533246143676,2.758421289022529,1,-10.430000000000007,-0.028517822266900472,-0.09400626560547387,0,0.4143847062231233,0.15488775172032265,0,0,0,0,0,0,0,0,0,0,0,0
2020-10-20,284.56,287.62,282.95,284.41,276.49,32195400.0,273.119,272.2374,0.0021747798035449684,52.68885270033362,3.1859510158352577,2.8439272343850748,0,-9.819999999999993,-0.01965101654056023,-0.12409676576851081,0,0.4157215748312203,0.13108166998509968,0,0,0,0,0,0,0,0,0,0,0,0
2020-10-21,284.67,287.32,283.69,284.19,276.27,29306100.0,274.09250000000003,272.6068,-0.0007956888133386908,52.44043774172483,2.8635950643321166,2.847860800374483,0,-7.650000000000034,-0.014950641244970586,-0.08974263404088778,0,0.415231389674918,0.11600232768721311,0,0,0,0,0,0,0,0,0,0,0,0
2020-10-22,285.05,285.98,280.82,284.18,276.26,32196200.0,275.006,272.8464,-3.619647446340135e-05,52.42833769374035,2.5776056998856802,2.7938097802767228,1,-5.759999999999991,0.0013428945157428762,0.09861769392720277,0,0.41520910853144977,0.13108584520880032,0,0,0,0,0,0,0,0,0,0,0,0
2020-10-23,284.77,284.91,281.78,284.74,276.81,24658500.0,275.64700000000005,273.0848,0.0019908781582567148,53.06972630502548,2.368040178454578,2.708655859912294,0,-3.660000000000025,0.0011589928704546226,-0.2341176909076227,0,0.4164345714222054,0.09174636559824431,0,0,0,0,0,0,0,0,0,0,0,0
2020-10-26,282.38,285.3,276.76,280.47,272.65,38421100.0,275.8055,273.2462,-0.015028358802066544,47.818244450609,1.8450126026501152,2.5359272084598583,1,-3.240000000000009,-0.01307367711827323,0.5581280288744246,0,0.4071656157393997,0.16357378272657766,0,0,0,0,0,0,0,0,0,0,0,0
2020-10-27,281.5,283.51,280.2,282.66,274.78,30559100.0,276.13149999999996,273.3888,0.007812213460480555,50.51816965675143,1.584121908186205,2.3455661484051276,0,-1.7100000000000364,-0.005225267183329274,-0.20462714498023227,0,0.41191149929814386,0.12254177180836767,0,0,0,0,0,0,0,0,0,0,0,0
2020-10-28,278.01,278.64,271.38,271.64,264.07,53413500.0,275.83000000000004,273.26579999999996,-0.0389766358541378,39.46196030447628,0.5073087212622909,1.9779146629765603,1,-12.199999999999989,-0.04619278119572379,0.7478754282685027,0,0.38804839464361307,0.24181956248874645,0,0,0,0,0,0,0,0,0,0,0,0
2020-10-29,273,279.49,272.52,276.39,268.69,43246300.0,275.54499999999996,273.27139999999997,0.017495361078502025,45.048879464424864,0.026417378558164728,1.5876152060928812,0,-7.569999999999993,-0.013669061315155218,-0.19034888183698873,0,0.39834228292595975,0.18875664447709237,0,0,0,0,0,0,0,0,0,0,0,0
2020-10-30,274.34,275.24,267.07,269.38,261.87,65838300.0,275.30499999999995,273.0662,-0.025382410956864776,39.28519694318607,-0.8946959797263503,1.091152968929035,1,-14.939999999999998,-0.04686368573250055,0.5224030726328033,0,0.38314654308059093,0.30666496178365554,0,0,0,0,0,0,0,0,0,0,0,0
2020-11-02,271.85,273.52,266.97,269.98,262.46,39987400.0,274.8105,272.835,0.0022530263107647386,40.000379448066596,-1.559104497131898,0.5611014757168484,1,-10.189999999999998,-0.005634023567598012,-0.39264227660799256,0,0.38446113054521946,0.17174834882950213,0,0,0,0,0,0,0,0,0,0,0,0
2020-11-03,271.96,276.82,270.84,274.65,267.0,43604100.0,274.78599999999994,272.6604,0.017297873961746646,45.33630543599668,-1.699719666072042,0.10893724735907034,1,-7.779999999999973,-0.0058315106843533915,0.09044599048700341,0,0.3945767696798199,0.19062401327721137,0,0,0,0,0,0,0,0,0,0,0,0
2020-11-04,283.59,288.77,281.87,286.91,278.92,75728200.0,275.126,272.68100000000004,0.044644194756554345,56.320011344548774,-0.8396350301582061,-0.08077720814438495,1,14.850000000000023,0.06419509502906573,0.7367220054994827,1,0.4211358926940131,0.35828064288006933,0,0,0,0,0,0,0,0,0,0,0,0
2020-11-05,293.53,295.39,292.0,294.39,286.19,52054200.0,275.757,272.7284,0.02606482145418032,61.41259660792717,0.42373196413501546,0.020124626311495128,1,17.5,0.08800689017248131,-0.31261802076373135,0,0.4373342839954546,0.23472533551836708,0,0,0,0,0,0,0,0,0,0,0,0
2020-11-06,293.71,295.36,289.83,294.61,286.4,40959800.0,276.1895,272.79760000000005,0.0007337782591982922,61.55204023103334,1.4254726922663963,0.30119423950247537,0,24.529999999999973,0.07144279446993296,-0.2131316973462276,0,0.4378021880082885,0.17682333323765112,0,0,0,0,0,0,0,0,0,0,0,0
2020-11-09,297.65,299.14,288.12,288.59,280.55,86537100.0,275.901,272.721,-0.02042597765363119,55.53177139687155,1.7274009243662931,0.5864355764752389,0,18.090000000000032,0.006372622059747424,1.112732484045332,0,0.4247677190793432,0.4146926122026132,0,0,0,0,0,0,0,0,0,0,0,0
2020-11-10,285.17,286.66,280.62,283.42,275.52,69024900.0,275.3615,272.4982,-0.01792906790233484,50.92008901452037,1.5430153406911131,0.7777515293184138,1,8.519999999999982,-0.037621267296767735,-0.20236638389777328,0,0.4135603039147968,0.3232959215892989,0,0,0,0,0,0,0,0,0,0,0,0
2020-11-11,286.03,290.25,283.38,289.76,281.69,36102900.0,275.25,272.30080000000004,0.02239401858304313,55.77204228643849,1.8731632128465208,0.9968338660240353,0,2.769999999999982,-0.015961026972922898,-0.47695831504283237,0,0.42730776943472737,0.15147502824799786,0,0,0,0,0,0,0,0,0,0,0,0
2020-11-12,290.76,292.07,287.25,288.4,280.36,34414600.0,275.16700000000003,272.0216,-0.004721502360751084,54.52084278098756,2.0043826202292507,1.1983436168650785,1,-5.829999999999984,-0.0002565516800427936,-0.046763556390206906,0,0.42434437735344577,0.14266374053072312,0,0,0,0,0,0,0,0,0,0,0,0
2020-11-13,290.17,291.57,287.87,290.93,282.82,24806900.0,275.2845,272.09,0.00877443287202162,56.466223078409016,2.2805871972929594,1.4147923329506547,1,-3.579999999999984,0.026446949094313665,-0.27917511753732427,0,0.4298255386466433,0.09252086959471625,0,0,0,0,0,0,0,0,0,0,0,0
2020-11-16,290.62,293.51,289.99,293.2,285.03,30168400.0,275.7415,272.277,0.007814157414610001,58.19623598201064,2.647293493313896,1.661292565023303,0,4.479999999999961,0.011867087925880537,0.2161293833570499,0,0.4347496713531338,0.12050269693355914,0,0,0,0,0,0,0,0,0,0,0,0
2020-11-17,293.4,293.74,291.61,292.27,284.13,21843500.0,276.12350000000004,272.711,-0.003157562361856603,57.19934206179718,2.832635537281078,1.895561159474858,0,8.610000000000014,0.013431027924775019,-0.27594768035427797,0,0.4327443684409884,0.07705479720155631,0,0,0,0,0,0,0,0,0,0,0,0
2020-11-18,291.7,293.37,290.02,290.11,282.03,28069600.0,276.41150000000005,272.9488,-0.007390983000739149,54.83884315102257,2.7780444260042714,2.0720578127807405,1,0.339999999999975,-0.0027343879479857502,0.2850321605969739,0,0.4280653283126489,0.10954899755488462,0,0,0,0,0,0,0,0,0,0,0,0
2020-11-19,289.54,292.7,288.85,292.38,284.23,22718400.0,276.81,273.3384,0.007800588589866431,56.84794663466101,2.8791135618870953,2.2334689626020117,0,3.8700000000000045,-0.002747956772729321,-0.19064040812836658,0,0.43296717987567124,0.08162092622118769,0,0,0,0,0,0,0,0,0,0,0,0
2020-11-20,292.3,293.07,290.29,290.38,282.29,25907300.0,277.08399999999995,273.726,-0.006825458255638073,54.54361542121063,2.770730536588701,2.3409212773993495,1,-0.5299999999999727,-0.006415852666510791,0.14036639904218617,0,0.4286446380428244,0.09826388979497042,0,0,0,0,0,0,0,0,0,0,0,0
2020-11-23,291.41,292.75,288.07,290.39,282.3,26875600.0,277.5665,274.0222,3.542456339222788e-05,54.55384152631639,2.6550375049549757,2.4037445229104746,1,-2.7299999999999613,0.0010105548976205858,0.03737556596017333,0,0.4286669191862926,0.10331747618165354,0,0,0,0,0,0,0,0,0,0,0,0
2020-11-24,291.49,294.98,289.63,294.47,286.26,24516800.0,278.14050000000003,274.3218,0.014027630180658779,58.53221933323439,2.8500354145871825,2.4930027012458162,1,2.1299999999999955,0.007237596488412934,-0.08776734286862431,0,0.43749025199973257,0.09100682910026539,0,0,0,0,0,0,0,0,0,0,0,0
2020-11-25,295.57,296.94,294.59,296.28,288.02,23326800.0,279.33799999999997,274.743,0.006148256829455745,60.199834691346275,3.110731378947605,2.616548436786174,1,5.990000000000009,0.02021131157350675,-0.04853814527181366,0,0.4414117332501504,0.0847961838455376,0,0,0,0,0,0,0,0,0,0,0,0
2020-11-27,298.31,300.17,297.9,299.01,290.68,17163100.0,280.4375,275.30080000000004,0.009235469759044657,62.64489041009977,3.491724155823192,2.791583580593578,1,6.449999999999989,0.02941135676915918,-0.2642325565444038,0,0.4473385174127136,0.05262765094086057,0,0,0,0,0,0,0,0,0,0,0,0
2020-11-30,299.34,299.97,294.78,299.62,291.27,27836200.0,281.9075,275.93760000000003,0.002029723407183104,63.185124859714115,3.7974965689783744,2.9927661782705375,1,8.979999999999961,0.017413449995683505,0.6218631832244759,0,0.4486531048773422,0.10833087604021785,0,0,0,0,0,0,0,0,0,0,0,0
2020-12-01,301.97,305.14,300.83,303.46,295.0,27521300.0,283.53450000000004,276.63640000000004,0.012805987571669064,66.4851070775513,4.291335393313943,3.252480021279219,1,12.699999999999989,0.024071180737896825,-0.011312607324275636,0,0.45696397139101175,0.10668740361104659,0,0,0,0,0,0,0,0,0,0,0,0
2020-12-02,302.25,304.2,300.35,303.85,295.38,23620000.0,284.95349999999996,277.2462,0.0012881355932203853,66.81149598669431,4.659655436388107,3.5339151043009966,1,9.120000000000005,0.016123846572072553,-0.14175565834462767,0,0.4578106548428065,0.0863264033318285,0,0,0,0,0,0,0,0,0,0,0,0
2020-12-03,304.17,305.88,303.53,304.28,295.8,22828700.0,285.7975,278.0262,0.0014218972171440303,67.19179950572845,4.928628057755134,3.8128576949918243,1,7.78000000000003,0.01551602038203348,-0.0335012701100762,0,0.4587464628684744,0.08219658518891583,0,0,0,0,0,0,0,0,0,0,0,0
2020-12-04,304.33,305.67,303.63,305.52,297.01,19332100.0,286.33849999999995,278.8066,0.004090601757944512,68.31815102681068,5.179719108025552,4.08622997759857,1,6.329999999999984,0.0068006345683089275,-0.15316684699522964,0,0.4614424812281366,0.06394772619926777,0,0,0,0,0,0,0,0,0,0,0,0
2020-12-07,305.71,307.63,305.52,307.25,298.69,20851000.0,286.953,279.5006,0.005656375206221975,69.86507933451527,5.4514318213938395,4.359270346357624,1,7.420000000000016,0.011168874181310517,0.07856880525136956,0,0.46518571333080805,0.07187491029792831,0,0,0,0,0,0,0,0,0,0,0,0
2020-12-08,306.76,308.6,304.95,308.29,299.7,18341500.0,287.9105,280.105,0.0033814322541765307,70.78852207828888,5.682757373789002,4.6239677518438995,0,4.699999999999989,0.013128409218343018,-0.12035393985899956,0,0.46743610882110465,0.05877775545192883,0,0,0,0,0,0,0,0,0,0,0,0
2020-12-09,308.07,308.36,300.21,301.31,292.91,48839300.0,288.78000000000003,280.598,-0.02265598932265589,57.93519697758909,5.257582152744874,4.750690632024095,1,-2.4699999999999704,-0.013618181862257384,1.662775672654908,0,0.4523072124061407,0.21794667717431296,0,0,0,0,0,0,0,0,0,0,0,0
2020-12-10,299.21,303.68,298.09,302.52,294.09,27519500.0,289.4,281.0778,0.004028541190126411,59.31766604886665,4.958683251325738,4.792289155884424,0,-1.7100000000000364,-0.015246015878352948,-0.43652959809006275,0,0.454936387335398,0.10667800935772012,0,0,0,0,0,0,0,0,0,0,0,0
2020-12-11,300.81,301.98,298.47,301.85,293.44,26760400.0,290.054,281.4588,-0.0022102077595292924,58.18330582348232,4.616142137663132,4.757059752240165,1,-3.569999999999993,-0.02083765589205877,-0.027584076745580388,0,0.4534881130099596,0.10271624396875889,0,0,0,0,0,0,0,0,0,0,0,0
2020-12-14,303.08,306.05,303.01,304.04,295.57,28804800.0,290.6915,282.03679999999997,0.007258724100327241,60.82696284234497,4.465078391771783,4.698663480146489,1,-3.1200000000000045,0.00907705753092436,0.07639646642053188,0,0.4582339965687039,0.11338602813578871,0,0,0,0,0,0,0,0,0,0,0,0
2020-12-15,306.37,307.29,304.11,307.29,298.73,25709000.0,291.37649999999996,282.56440000000003,0.010691206820719446,64.42068996984858,4.547919292947768,4.668514642706745,1,-0.9699999999999704,0.015739723161517394,-0.1074751430317169,0,0.46527483790468127,0.09722895622016997,0,0,0,0,0,0,0,0,0,0,0,0
2020-12-16,307.7,309.79,306.62,308.98,300.37,25461900.0,292.1885,283.222,0.005489907274127015,66.15601486732697,4.691821203636152,4.673175954892626,1,7.4599999999999795,0.0234398381951737,-0.00961142012524796,0,0.4689289454334796,0.09593933399962945,0,0,0,0,0,0,0,0,0,0,0,0
2020-12-17,310.63,311.24,309.39,311.0,302.33,23730500.0,293.20349999999996,283.8262,0.006525285481239651,68.15505141725001,4.907450094304977,4.720030782775096,0,8.240000000000009,0.02270639957608611,-0.06799963867582548,0,0.473296049553263,0.08690310610548181,0,0,0,0,0,0,0,0,0,0,0,0
2020-12-18,311.66,311.98,307.61,310.06,301.42,41173400.0,294.063,284.3832,-0.0030099560083352017,66.19996043154977,4.947872158569112,4.765599057933899,0,7.980000000000018,0.009005236747031464,0.7350414024146141,0,0.47126846549764934,0.17793811796572664,0,0,0,0,0,0,0,0,0,0,0,0
2020-12-21,0.56 Dividend,,,,,,304.941,312.0022,0.0,66.19996043154977,4.947872158569112,4.802053678060942,0,0.0,0.0035153294729044493,0.0,0,0.47002072146342555,0.15665543705458843,1,1,0,0,0,0,1,0,0,0,1,1
2020-12-21,306.46,309.47,303.6,308.92,300.86,37095500.0,304.941,312.0022,-0.0018578727357175806,66.19996043154977,4.916935931286105,4.825030128705975,1,2.1299999999999955,-0.004867828744052782,-0.09904209999659974,0,0.47002072146342555,0.15665543705458843,1,1,0,0,0,0,0,0,0,0,0,0
2020-12-22,309.85,310.71,306.85,309.76,301.67,26176300.0,304.941,312.0022,0.002692282124576284,67.24456045634614,4.8619023197413185,4.832404566913044,0,1.3000000000000114,0.0008344093888587034,-0.2943537625857584,0,0.47182549408435637,0.09966780876431644,1,1,0,0,0,0,0,0,0,0,0,0
2020-12-23,309.81,310.18,308.04,308.2,300.16,21201300.0,304.941,312.0022,-0.00500546955282255,63.31608973404565,4.642922683120844,4.7945081901546045,1,-2.169999999999959,-0.004171060163963847,-0.19005741835171508,0,0.4684610414206457,0.07370313637585364,1,1,0,0,0,0,0,0,0,0,0,0
2020-12-24,308.47,310.02,308.39,309.56,301.48,16785000.0,304.941,312.0022,0.0043976545842217,65.22845988318959,4.523745786245911,4.740355709372866,1,0.060000000000002274,0.0020844671559754335,-0.2083032644224646,0,0.47140215235845906,0.050654335839337386,1,1,0,0,0,0,0,0,0,0,0,0
2020-12-28,312.25,313.17,310.36,312.68,304.52,22497700.0,304.941,312.0022,0.010083587634337254,69.20950695448221,4.621328037569015,4.716550175012096,1,0.0,0.009475772665736404,0.34034554661900507,0,0.4781756199728169,0.08046908638276885,1,1,0,0,0,0,1,0,0,0,0,0
2020-12-29,314.05,314.69,312.03,312.96,304.79,25871900.0,304.941,312.0022,0.0008866412715093919,69.54303691071652,4.666655122935367,4.706571164596751,1,3.930000000000007,0.015367883490068346,0.149979775710406,0,0.47877721084646063,0.09807913614621633,1,1,0,0,0,0,0,0,0,0,0,0
2020-12-30,314.16,314.49,312.33,312.97,304.8,18138100.0,304.941,312.0022,3.2809475376538444e-05,69.55619031354536,4.6497842624908685,4.695213784175575,1,3.1299999999999955,0.011003038381223185,-0.29892663468860037,0,0.4787994919899289,0.05771620482603669,1,1,0,0,0,0,0,0,0,0,0,0
2020-12-31,312.87,314.24,311.76,313.74,305.55,21611400.0,304.941,312.0022,0.002460629921259949,70.58232830573802,4.643406417270967,4.684852310794653,0,5.389999999999986,0.0033800806681458795,0.19149194237544176,0,0.4804705777500501,0.0758434604254031,1,1,0,0,0,0,0,0,0,0,0,0
2021-01-04,315.11,315.29,305.18,309.31,301.24,45305900.0,304.941,312.0022,-0.014105711012927569,58.400231928534936,4.2416755537252016,4.596216959380763,1,-0.2400000000000091,-0.011612271616291081,1.0963889428727431,0,0.4708674049152203,0.1995057578944347,1,1,0,0,0,0,0,0,0,0,0,0
2021-01-05,308.29,312.14,308.29,311.86,303.72,29323400.0,304.941,312.0022,0.008232638427831729,62.419506066302326,4.0764257255485745,4.492258712614325,0,-0.7999999999999545,-0.0034124426638358907,-0.3527686239540545,0,0.4763931284953544,0.11609261689973982,1,1,0,0,0,0,0,0,0,0,0,0
2021-01-06,307,311.88,305.98,307.54,299.51,52809600.0,304.941,312.0022,-0.013861451336757646,53.04925721208217,3.564661037084875,4.306739177508435,1,-5.28000000000003,-0.019734523921853486,0.8009371355299864,0,0.4670127670952072,0.23866779049771278,1,1,0,0,0,0,0,0,0,0,0,0
2021-01-07,310.28,315.84,310.25,314.98,306.76,30394800.0,304.941,312.0022,0.024206203465660492,63.27386426428202,3.701430457381605,4.185677433483069,1,1.9599999999999795,0.018577390556734574,-0.4244455553535721,0,0.48316659610971224,0.12168428524084518,1,1,0,0,0,0,0,0,0,0,0,0
2021-01-08,317.34,319.39,315.08,319.03,310.7,33955800.0,304.941,312.0022,0.012843917068718236,67.42554726378009,4.080706436732214,4.164683234132898,0,5.149999999999977,0.02318866919762108,0.11715819811283512,0,0.4919453666362157,0.14026924973839613,1,1,0,0,0,0,0,0,0,0,0,0
2021-01-11,315.98,317.19,313.75,314.42,306.21,32746400.0,304.941,312.0022,-0.014451239137431626,59.21095820284337,3.9731795665740037,4.126382500621119,0,4.96999999999997,0.0225988813969471,-0.03561689019254444,0,0.4819411332189567,0.1339573553089274,1,1,0,0,0,0,0,0,0,0,0,0
2021-01-12,314.46,315.58,311.2,313.92,305.73,29266800.0,304.941,312.0022,-0.0015675516802193812,58.39193945625293,3.805365869822481,4.0621791744613915,1,2.009999999999991,-0.0031748737489327716,-0.10625900862384874,0,0.48087163833247926,0.11579721982291832,1,1,0,0,0,0,0,0,0,0,0,0
2021-01-13,314.19,316.86,313.57,316.04,307.79,22898400.0,304.941,312.0022,0.006737971412684507,60.89209468921944,3.7948523937940877,4.008713818327931,0,8.28000000000003,-0.0092808194049665,-0.21759809750297265,0,0.48546155388694545,0.08256035155383559,1,1,0,0,0,0,0,0,0,0,0,0
2021-01-14,316.5,317.53,313.86,314.35,306.14,23500100.0,304.941,312.0022,-0.005360797946652007,57.89151067196584,3.611745227175959,3.929320100097537,0,-0.6200000000000045,-0.0001903782141868815,0.026276945114069195,0,0.48178516521467873,0.08570064167969249,1,1,0,0,0,0,0,0,0,0,0,0
2021-01-15,314.13,315.12,310.58,311.86,303.72,35118700.0,304.941,312.0022,-0.007904880120206292,53.7110456854319,3.2340772735329324,3.7902715347846163,1,-6.979999999999961,-0.006527706654173793,0.4944064067812477,0,0.4763931284953544,0.14633845929026415,1,1,0,0,0,0,0,0,0,0,0,0
2021-01-19,314.25,316.93,313.12,316.41,308.15,24537000.0,304.941,312.0022,0.014585802713025009,59.4794777879949,3.254718309584291,3.683160889744552,1,1.9399999999999977,0.0013201246461667093,-0.301312406210936,0,0.48626367505180357,0.091112253498707,1,1,0,0,0,0,0,0,0,0,0,0
2021-01-20,320.14,324.74,316.51,323.77,315.32,30728100.0,304.941,312.0022,0.023267889015090137,66.71033728612363,3.8057650664953826,3.7076817250947185,1,9.589999999999975,0.029948811607908854,0.25231690915759875,0,0.5022392549185624,0.12342378781513152,0,1,0,0,0,0,0,0,0,0,0,0
2021-01-21,325.15,327.13,323.73,326.36,317.84,25130600.0,305.79,312.0022,0.007991881263478273,68.81656312715128,4.395151955055383,3.8451757710868515,0,10.049999999999955,0.04584557299159342,-0.18216225539489916,0,0.5078541030725696,0.09421026948459474,0,1,0,0,0,0,0,0,0,0,0,0
2021-01-22,325.29,326.46,324.71,325.42,316.93,21609400.0,306.553,312.0022,-0.002863075761389333,67.16400159194265,4.734242514980679,4.022989119865617,1,10.79000000000002,0.028396694517179077,-0.14011603383922389,0,0.505826519016956,0.07583302236615146,0,1,0,0,0,0,0,0,0,0,0,0
2021-01-25,328.91,330.32,321.41,328.11,319.55,39080600.0,307.5225,312.0022,0.008266809705613332,69.43946665860571,5.154963124437984,4.24938392078009,1,15.829999999999984,0.013395615207702272,0.8085000046276158,0,0.5116641786056461,0.16701573276480705,0,1,0,0,0,0,0,0,0,0,0,0
2021-01-26,328.85,329.76,327.22,328.59,320.01,25498100.0,308.449,312.0022,0.0014395243310905137,69.83471369477176,5.462536671740054,4.492014470972083,0,11.860000000000014,0.006843258275314512,-0.3475509587877361,0,0.512689111205187,0.0961282628720842,0,1,0,0,0,0,0,0,0,0,0,0
2021-01-27,326.26,326.27,317.36,319.43,311.09,55264000.0,308.7775,312.0022,-0.027874128933470854,54.984312193843586,4.929695015959737,4.579550579969614,1,-4.230000000000018,-0.01816779489676701,1.1673771771230013,0,0.49281433123147866,0.2514773768113294,0,1,0,0,0,0,0,0,0,0,0,0
2021-01-28,320.67,326.42,320.03,321.32,312.93,42836300.0,309.18449999999996,312.0022,0.005914687068051094,57.01490293824988,4.6028282484286365,4.584206113661418,0,-4.909999999999968,-0.020519917534329246,-0.22487876375217142,0,0.4969140616296428,0.1866168423305055,0,1,0,0,0,0,0,0,0,0,0,0
2021-01-29,319.58,320.72,312.76,314.56,306.35,55259000.0,309.26200000000006,312.0022,-0.02102706675614352,48.5762148159302,3.769381883571725,4.421241267643479,1,-10.579999999999984,-0.04298650862156328,0.2900040386307874,0,0.48225306922751277,0.2514512816632004,0,1,0,0,0,0,0,0,0,0,0,0
2021-02-01,318.11,323.54,316.02,322.42,314.0,35646000.0,309.6845,312.0022,0.024971437897829185,56.615873784979975,3.6836973312357486,4.273732480361933,1,-5.550000000000011,0.00985905820973676,-0.35492860891438494,0,0.499298143980749,0.14909045361195994,0,1,0,0,0,0,0,0,0,0,0,0
2021-02-02,325.48,328.87,325.31,327.68,319.13,33930800.0,310.57900000000006,312.0022,0.01633757961783444,61.0172334261783,3.983816871927104,4.215749358674968,0,-0.8799999999999955,0.020281950759520107,-0.04811760085283057,0,0.5107283705799781,0.1401387739977506,0,1,0,0,0,0,0,0,0,0,0,0
2021-02-03,329.82,330.2,326.32,326.38,317.86,24824500.0,311.286,312.0022,-0.003979569454454213,59.41033277721301,4.072243100423975,4.187048107024769,1,6.770000000000039,0.037329448061209414,-0.26837858229101585,0,0.5078986653595062,0.0926127245161307,0,1,0,0,0,0,0,0,0,0,0,0
2021-02-04,327.82,330.33,326.46,330.24,321.62,22350900.0,312.3915,312.0022,0.011829107154093021,62.554495451909894,4.395058600238656,4.228650205667547,1,8.689999999999998,0.02418711731747325,-0.09964349735140687,0,0.5162763753035805,0.07970293283369823,0,1,0,0,0,0,0,0,0,0,0,0
2021-02-05,331.22,332.4,329.53,331.36,322.71,22732000.0,313.18899999999996,312.0022,0.0033890927181143837,63.43866369877071,4.684842155931165,4.319888595720271,1,16.359999999999957,0.011238630417753193,0.017050767530613964,0,0.5187050199416233,0.08169190502409887,0,1,0,0,0,0,0,0,0,0,0,0
2021-02-08,333.1,333.74,331.41,333.58,324.87,20462800.0,313.8975,312.0022,0.006693315980291992,65.19261895982743,5.0307997319759465,4.462070822971406,0,10.870000000000005,0.021911515852499397,-0.09982403660038708,0,0.5235177469307725,0.06984888299718434,0,1,0,0,0,0,0,0,0,0,0,0
2021-02-09,332.62,334.81,332.61,333.51,324.8,17597500.0,314.827,312.0022,-0.00021547080370609706,65.08365137302854,5.238934018256373,4.6174434620284,0,5.670000000000016,0.009866937894700278,-0.14002482553707218,0,0.5233617789264945,0.0548947974103175,0,1,0,0,0,0,0,0,0,0,0,0
2021-02-10,334.99,335.46,329.5,332.75,324.06,28068700.0,315.74350000000004,312.0022,-0.0022783251231527357,63.868297889133416,5.283267900461681,4.750608349715057,1,6.199999999999989,0.004199520053433159,0.5950390680494388,0,0.5217129743098415,0.10954430042822139,0,1,0,0,0,0,0,0,0,0,0,0
2021-02-11,334.33,335.0,332.12,334.58,325.85,22046100.0,316.6465,312.0022,0.005523668456458797,65.54438542144264,5.40058626514724,4.880603932801494,1,4.230000000000018,0.003029872529599964,-0.2145664031465654,0,0.5257012989906642,0.07811217260374778,0,1,0,0,0,0,0,0,0,0,0,0
2021-02-12,333.71,336.62,332.63,336.45,327.67,20346800.0,317.723,312.0022,0.005585392051557392,67.20992050203083,5.576142405397718,5.0197116273207385,0,4.960000000000036,0.008830735384863453,-0.07707939272705833,0,0.5297564671018916,0.06924347556058902,0,1,0,0,0,0,0,0,0,0,0,0
2021-02-16,337.27,338.19,334.34,335.54,326.78,27080800.0,318.876,312.0022,-0.002716147343363895,65.54147023754925,5.579143456529664,5.131597993162524,0,1.9099999999999682,0.008392913164652294,0.33096113393752336,0,0.5277734453332144,0.10438842106087215,0,1,0,0,0,0,0,0,0,0,0,0
2021-02-17,332.47,335.66,330.17,333.93,325.21,31360300.0,319.729,312.0022,-0.004804455597037793,62.589735483855186,5.39267255976381,5.183812906482782,0,0.40999999999996817,-0.0019352108888442965,0.1580270893031226,0,0.524275305808694,0.12672325834457598,0,1,0,0,0,0,0,0,0,0,0,0
2021-02-18,330.23,333.87,328.36,332.47,323.79,32236200.0,320.15250000000003,312.0022,-0.0043664093970048334,59.95951221331375,5.07184581660232,5.16141948850669,0,-0.2699999999999818,-0.011887012337406522,0.027930217504296806,0,0.521111383436198,0.1312946063938332,0,1,0,0,0,0,0,0,0,0,0,0
2021-02-19,333.86,333.99,329.97,331.02,322.38,39157700.0,320.3795,312.0022,-0.004354674325952046,57.380978004765616,4.650208387440443,5.059177268293441,0,-3.4700000000000273,-0.013525539319994673,0.2147120318151643,0,0.5179697422071701,0.1674181199489579,0,1,0,0,0,0,0,0,0,0,0,0
2021-02-22,326.5,327.8,322.23,322.44,314.02,47256900.0,320.23400000000004,312.0022,-0.025932129784726143,45.01912211626105,3.599977257613375,4.767337266157428,0,-13.650000000000034,-0.03465321350768302,0.20683543721924424,0,0.4993427062676856,0.20968808469441277,0,1,0,0,0,0,0,0,0,0,0,0
2021-02-23,317,323.2,311.0,321.48,313.09,97241900.0,319.91099999999994,312.0022,-0.002961594802878831,43.886441540283535,2.6619331843003238,4.346256449786007,1,-13.689999999999998,-0.03324839891355702,1.0577291358510608,0,0.49727055992513525,0.470561280541109,0,1,0,0,0,0,0,0,0,0,0,0
2021-02-24,318.74,324.45,315.96,324.13,315.67,58206300.0,319.69399999999996,312.0022,0.008240442045418295,47.80948781390914,2.1024749139348273,3.8975001426157716,0,-9.539999999999964,-0.02065328254218668,-0.4014277795888398,0,0.5030190949399523,0.2668333276793846,0,1,0,0,0,0,0,0,0,0,0,0
2021-02-25,321.39,324.03,311.24,312.83,304.66,110182600.0,319.37250000000006,312.0022,-0.03487819558399596,36.183730421247205,0.7619024808685708,3.2703806102663315,1,-19.129999999999995,-0.0295993483414565,0.8929669125163426,0,0.47848755598137294,0.5380991772199795,0,1,0,0,0,0,0,0,0,0,0,0
2021-02-26,315.85,319.11,310.88,314.14,305.94,104739800.0,319.023,312.0022,0.00420140484474496,38.06920699067812,-0.19497794368038512,2.5773088994769884,1,-16.439999999999998,-0.02243634869383271,-0.049397999321126984,0,0.4813395423453132,0.5096930427725573,0,1,0,0,0,0,0,0,0,0,0,0
2021-03-01,319.27,323.94,317.94,323.59,315.14,49164500.0,319.4625,312.0022,0.030071255801791263,49.59618956957291,-0.20854547922522215,2.0201380237365463,0,1.1200000000000045,-0.0006055349374597396,-0.5306034573294965,0,0.5018381943361333,0.2196439056086302,0,1,0,0,0,0,0,0,0,0,0,0
2021-03-02,324.25,324.33,318.14,318.4,310.09,48370000.0,319.267,312.0022,-0.01602462397664539,44.68018587073778,-0.619647730957297,1.4921808727977777,0,-3.0,0.018248036669890833,-0.016160034170997317,0,0.49058621688465043,0.21549738657091486,0,1,0,0,0,0,0,0,0,0,0,0
2021-03-03,317.27,318.24,309.1,309.16,301.09,86301100.0,318.36499999999995,312.0022,-0.029023831790770394,37.53883329720578,-1.6526235950669275,0.8632199792248367,0,-14.580000000000041,-0.014977199965624521,0.7841864792226587,0,0.47053318776319597,0.41346092121091926,0,1,0,0,0,0,0,0,0,0,0,0
2021-03-04,308.78,312.04,300.11,304.1,296.16,139131600.0,317.28000000000003,312.0022,-0.016373841708459125,34.30435762928096,-2.836378205465394,0.12330034228679065,1,-8.5,-0.06142229747587491,0.6121648507377078,0,0.45954858403333265,0.6891848658578911,0,0,0,0,0,0,0,0,0,0,0,0
2021-03-05,306.8,309.61,297.45,308.68,300.62,121523700.0,316.23,311.9974,0.015059427336574727,39.392098543669135,-3.375714402154074,-0.5765026066013823,0,-5.319999999999993,-0.03033824616265479,-0.1265557213458337,0,0.46948597402018666,0.5972887141093857,0,0,0,0,0,0,0,0,0,0,0,0
2021-03-08,308.12,310.06,299.51,299.94,292.11,88409800.0,314.7,311.8062,-0.028308163129532216,33.984024631548024,-4.43866197047538,-1.3489344793761817,1,-23.029999999999973,-0.029622577501416614,-0.2724892346102036,0,0.450524720928678,0.4244662889828894,0,0,0,0,0,0,0,0,0,0,0,0
2021-03-09,307.47,313.73,306.92,311.77,303.63,80391100.0,313.63800000000003,311.8756,0.039437198315702915,44.99325690613311,-4.301898247986628,-1.9395272330982711,0,-6.4599999999999795,0.026188462522745426,-0.09069922112706963,0,0.47619259820413984,0.3826164561223132,0,0,0,0,0,0,0,0,0,0,0,0
2021-03-10,316.16,316.47,310.17,310.88,302.77,76798100.0,312.5365,311.90139999999997,-0.002832394690906792,44.398003232446,-4.214326690504208,-2.3944871245794586,1,1.6800000000000068,0.008296640495263907,-0.04469400219676056,0,0.47427641986586744,0.3638644826767359,0,0,0,0,0,0,0,0,0,0,0,0
2021-03-11,315.77,319.86,314.85,318.04,309.74,53484800.0,311.82050000000004,312.0058,0.023020774845592396,50.153803183857804,-3.5416785848925656,-2.62392541664208,0,13.579999999999984,0.05962557847038852,-0.30356610384892335,0,0.48980637686326056,0.24219167930106753,0,0,0,0,0,0,0,0,0,0,0,0
2021-03-12,313.86,318.23,311.39,315.46,307.23,69315600.0,310.8895,312.0546,-0.008103570736746946,48.21804746956189,-3.1745419940584725,-2.7340487321253586,1,6.610000000000014,0.012084809417938658,0.2959868972119182,0,0.48421380985272167,0.3248130935015252,0,0,0,0,0,0,0,0,0,0,0,0
2021-03-15,315.79,319.0,314.1,318.83,310.51,42955700.0,310.0315,312.16880000000003,0.010676040751228522,50.885759322009214,-2.5890698275182444,-2.705052951203936,1,18.399999999999977,0.02559324486007397,-0.380288131387451,0,0.4915220249103184,0.1872399944678286,0,0,0,0,0,0,0,0,0,0,0,0
2021-03-16,321.09,324.2,319.1,320.58,312.21,54925900.0,309.303,312.302,0.005474863933528695,52.258585461293045,-1.9652489582628618,-2.5570921526157213,1,8.579999999999984,0.008047333948010271,0.2786638327393105,0,0.49530981929992635,0.24971282289483918,0,0,0,0,0,0,0,0,0,0,0,0
2021-03-17,317.45,323.85,315.68,321.9,313.5,78258700.0,308.71750000000003,312.54720000000003,0.0041318343422696024,53.32474039289199,-1.3511984315441055,-2.315913408401398,0,10.730000000000018,0.02028273902702682,0.42480505553846193,0,0.49818408680733495,0.371487397348211,0,0,0,0,0,0,0,0,0,0,0,0
2021-03-18,316.87,317.88,311.57,312.04,303.89,82718100.0,307.72249999999997,312.5506,-0.030653907496012822,45.2226132632544,-1.6213161279150086,-2.1769939523041204,1,-5.850000000000023,-0.021047209220214524,0.056982801912119685,0,0.4767719079343151,0.3947611380616002,0,0,0,0,0,0,0,0,0,0,0,0
2021-03-19,311.87,314.73,309.66,313.14,304.97,78446200.0,306.852,312.6598,0.0035539175359506903,46.21171966880541,-1.728316418485747,-2.0872584455404457,0,-2.259999999999991,-0.02296815561779253,-0.051644077898307605,0,0.4791782714288898,0.37246596540305266,0,0,0,0,0,0,0,0,0,0,0,0
2021-03-22,0.40 Dividend,,,,,,319.3995,321.7786,0.0,46.21171966880541,-1.728316418485747,-2.015470040129506,0,0.0,-0.027099989960062132,0.0,0,0.49192308549274744,0.25633524958704423,1,1,0,0,0,0,1,0,0,0,1,1
2021-03-22,315.21,320.74,315.21,318.61,310.69,56194800.0,319.3995,321.7786,0.018755943207528603,46.21171966880541,-1.2685524051457264,-1.8660865131327502,0,-1.5199999999999818,0.022309860743479293,-0.2836517256412675,0,0.49192308549274744,0.25633524958704423,1,1,0,0,0,0,0,0,0,0,0,0
2021-03-23,319.73,321.09,316.38,317.22,309.33,53455400.0,319.3995,321.7786,-0.0043773536322380124,44.935571283559156,-1.0656569980926633,-1.706000610124733,0,-4.170000000000016,0.01437858957529059,-0.04874828275925891,0,0.488892849981061,0.24203823983006842,1,1,0,0,0,0,0,0,0,0,0,0
2021-03-24,318.63,318.67,311.72,311.87,304.11,64803700.0,319.3995,321.7786,-0.01687518184463188,40.33180772183892,-1.310959377203801,-1.6269923635405465,0,0.22000000000002728,-0.002496592269341291,0.21229473542429766,0,0.4772620930906174,0.3012653537327805,1,1,0,0,0,0,0,0,0,0,0,0
2021-03-25,309.97,312.89,307.39,311.33,303.59,78729000.0,319.3995,321.7786,-0.0017099075992240698,39.89333696590848,-1.5296896243456217,-1.6075318157015617,1,-1.3800000000000523,-0.022962443076093964,0.21488433530801476,0,0.4761034736302666,0.373941906981235,1,1,0,0,0,0,0,0,0,0,0,0
2021-03-26,311.11,316.33,309.67,316.0,308.14,63519600.0,319.3995,321.7786,0.014987318422873042,45.47870557203295,-1.3206641527405054,-1.5501582831093503,0,0.0,-0.0035977710209829095,-0.19318675456312162,0,0.4862413939083353,0.29456359779026287,1,1,0,0,0,0,1,0,0,0,0,0
2021-03-29,315.45,316.99,312.47,315.91,308.05,54608000.0,319.3995,321.7786,-0.0002920750308300635,45.38886049243546,-1.1490269410529095,-1.4699320146980623,0,-2.6399999999999864,0.012985335792818908,-0.1402968532547434,0,0.48604086361712084,0.24805369337679048,1,1,0,0,0,0,0,0,0,0,0,0
2021-03-30,313.89,314.91,311.54,314.32,306.5,44635700.0,319.3995,321.7786,-0.005031650706054269,43.78457657842038,-1.1251057416844787,-1.4009667600953457,1,-2.829999999999984,0.009663592685988709,-0.1826161002050981,0,0.48258728637953696,0.196007964239209,1,1,0,0,0,0,0,0,0,0,0,0
2021-03-31,316.16,320.74,315.81,319.13,311.19,55032500.0,319.3995,321.7786,0.015301794453507434,49.59048637655508,-0.7194112892825615,-1.2646556659327888,1,7.079999999999984,0.0099780687166231,0.2329256626422349,0,0.4930371426661616,0.2502691714529518,1,1,0,0,0,0,0,0,0,0,0,0
2021-04-01,323.07,324.71,322.81,324.57,316.5,55685600.0,319.3995,321.7786,0.017063530319097575,55.22846176496039,0.030228652505570608,-1.0056788022451169,1,12.910000000000025,0.02733367406655074,0.011867532821514537,0,0.5048684298478198,0.25367771970157593,1,1,0,0,0,0,0,0,0,0,0,0
2021-04-05,327.13,331.84,326.88,331.05,322.82,42172500.0,319.3995,321.7786,0.01996840442338077,60.84201951352939,1.1213684513139128,-0.5802693515333109,0,14.680000000000007,0.05233372919598578,-0.2426677632996681,0,0.5189501125197744,0.18315245046488507,1,1,0,0,0,0,0,0,0,0,0,0
2021-04-06,330.73,332.83,330.02,330.82,322.59,33537200.0,319.3995,321.7786,-0.0007124713462611787,60.54450622964596,1.9451233540689827,-0.07519081041285225,1,14.539999999999964,0.036319463396217166,-0.20476139664473292,0,0.5184376462200039,0.1380845639370272,1,1,0,0,0,0,0,0,0,0,0,0
2021-04-07,330.33,332.48,329.37,331.62,323.37,32046400.0,319.3995,321.7786,0.0024179298800335314,61.23677398603718,2.630570946209673,0.46596154091165287,1,16.870000000000005,0.021673862957153123,-0.04445213076822152,0,0.5201755754105301,0.13030403457085224,1,1,0,0,0,0,0,0,0,0,0,0
2021-04-08,334.56,335.27,333.74,335.08,326.75,29940800.0,319.3995,321.7786,0.010452422921112037,64.17046627068126,3.4072541486422665,1.0542200624577758,1,15.560000000000002,0.01215788145488439,-0.06570472814419093,0,0.5277066019028096,0.11931484579072213,1,1,0,0,0,0,0,0,0,0,0,0
2021-04-09,333.68,337.32,332.92,337.11,328.73,36664900.0,319.3995,321.7786,0.006059678653404843,65.80319254542141,4.134886240022297,1.67035329797068,0,12.230000000000018,0.01893003145455041,0.224579837546091,0,0.5321182683095297,0.15440812289770964,1,1,0,0,0,0,0,0,0,0,0,0
2021-04-12,336.04,337.1,334.73,336.67,328.3,25833000.0,319.3995,321.7786,-0.0013080643689350469,65.10928264420326,4.623545157883882,2.2609916699533206,1,5.480000000000018,0.015204037205581833,-0.29542968888500987,0,0.5311601791403935,0.09787611589377188,1,1,0,0,0,0,0,0,0,0,0,0
2021-04-13,338.24,341.08,338.02,340.6,332.13,30374000.0,319.3995,321.7786,0.011666159000913723,68.31432708838747,5.2592346786257735,2.860640271687811,0,9.54000000000002,0.01641777328538352,0.17578291332791385,0,0.5396938570887457,0.12157572942462808,1,1,0,0,0,0,0,0,0,0,0,0
2021-04-14,340.85,340.98,335.67,336.51,328.14,42564300.0,319.3995,321.7786,-0.012013368259416568,61.931746725513236,5.379057127313843,3.3643236428130177,1,4.769999999999982,-0.001655273627437892,0.4013399618094422,0,0.5308036808449009,0.185197266272282,1,1,0,0,0,0,0,0,0,0,0,0
2021-04-15,339.47,342.01,336.22,341.61,333.11,36342800.0,319.3995,321.7786,0.015145974279271224,66.17145515049378,5.808102554322318,3.8530794251148777,1,6.360000000000014,0.014798765020768379,-0.14616709308035136,0,0.5418774091486375,0.15272707345523245,1,1,0,0,0,0,0,0,0,0,0,0
2021-04-16,342.15,342.23,340.08,342.01,333.5,40860100.0,319.3995,321.7786,0.0011707844255650635,66.48686913456439,6.1091711646072895,4.30429777301336,0,4.769999999999982,0.004303390445419719,0.12429697216505065,0,0.5427463737439004,0.1763029959839567,1,1,0,0,0,0,0,0,0,0,0,0
2021-04-19,340.39,341.58,336.9,338.88,330.45,34533100.0,319.3995,321.7786,-0.009145427286356811,61.64600927414923,6.032126102413429,4.649863438893374,0,2.1499999999999773,0.007171331418479476,-0.15484543601214873,0,0.5359506249860743,0.143282195541383,0,1,0,0,0,0,0,0,0,0,0,0
2021-04-20,338.2,339.52,334.38,336.41,328.04,38081800.0,320.26699999999994,321.7786,-0.007293085186866333,58.04945466755472,5.710770271892102,4.862044805493119,1,-4.089999999999975,-0.01526772804765808,0.10276227735129484,0,0.5305808694102181,0.16180296597453636,0,1,0,0,0,0,0,0,0,0,0,0
2021-04-21,335.09,339.48,333.97,339.29,330.85,36598100.0,321.34299999999996,321.7786,0.00856602853310573,60.912901263822874,5.618075301860927,5.013250904766681,0,2.7100000000000364,-0.007872483940117414,-0.0389608684463445,0,0.5368418707248056,0.15405949171870473,0,1,0,0,0,0,0,0,0,0,0,0
2021-04-22,338.89,339.9,334.01,335.2,326.86,45936100.0,322.4805,321.7786,-0.012059845851594364,55.15591936126964,5.1631367891372975,5.043228081640805,1,-6.25,-0.010786902505354967,0.25514985750626407,0,0.5279516944809608,0.2027947903646275,0,1,0,0,0,0,0,0,0,0,0,0
2021-04-23,335.85,340.77,335.85,339.42,330.98,36381900.0,323.85,321.7786,0.012604784923208712,59.420721645063104,5.076525284420654,5.049887522196776,1,-2.519999999999982,0.009110967604720077,-0.20798892374407052,0,0.5371315255898933,0.1529311375136021,0,1,0,0,0,0,0,0,0,0,0,0
2021-04-26,339.67,341.92,338.9,341.63,333.13,30812000.0,325.09950000000003,321.7786,0.006495860777086193,61.47950911943996,5.122325099421289,5.064375037641678,0,2.680000000000007,0.007040799848700541,-0.1530953578565165,0,0.5419219714355741,0.12386166440073798,0,1,0,0,0,0,0,0,0,0,0,0
2021-04-27,341.93,342.15,339.17,340.15,331.69,33187200.0,326.2815,321.7786,-0.004322636808453129,59.30912101187652,4.984962275283124,5.048492485169968,0,3.6499999999999773,0.014778008891841776,0.0770868492795016,0,0.5387134867761413,0.1362579035679896,0,1,0,0,0,0,0,0,0,0,0,0
2021-04-28,339.81,340.85,338.33,339.0,330.57,33615700.0,327.485,321.7786,-0.00337664686906447,57.6057354971475,4.731188412778408,4.985031670691656,1,-0.28000000000002956,-0.0012034229004314057,0.012911604474014071,0,0.5362179987076936,0.1384942577626542,0,1,0,0,0,0,0,0,0,0,0,0
2021-04-29,342.37,342.8,336.9,340.22,331.76,37708900.0,328.51349999999996,321.7786,0.0035998426959493735,58.95460376119288,4.573374834886977,4.902700303530721,0,4.899999999999977,-0.004099440981568225,0.12176453264397291,0,0.5388694547804193,0.15985678982706744,0,1,0,0,0,0,0,0,0,0,0,0
2021-04-30,337.7,340.26,337.05,337.99,329.58,38263400.0,329.16749999999996,321.7786,-0.006571015191704888,55.472555240035746,4.223710352665648,4.766902313357706,0,-1.400000000000034,-0.006347819364819984,0.014704751398211036,0,0.5340121655043336,0.16275074175458557,0,1,0,0,0,0,0,0,0,0,0,0
2021-05-03,339.23,340.0,335.73,336.19,327.83,29729700.0,329.418,321.7786,-0.005309788215304367,52.777709733237195,3.7620221075900986,4.565926272204185,0,-5.300000000000011,-0.008280960711059882,-0.2230251362921225,0,0.5301129653973842,0.11821310863671117,0,1,0,0,0,0,0,0,0,0,0,0
2021-05-04,333.56,333.89,326.21,330.14,321.93,65147000.0,329.385,321.7786,-0.017997132660220183,44.86443025221832,2.886773230592439,4.230095663881836,0,-9.759999999999991,-0.029877936067229438,1.1913103731285548,0,0.5169670907510974,0.303057046603325,0,1,0,0,0,0,0,0,0,0,0,0
2021-05-05,332.25,333.14,328.23,329.03,320.85,46219300.0,329.259,321.7786,-0.0033547665641598945,43.57643549883848,2.081985384163147,3.8004736079380987,1,-9.71999999999997,-0.026661687439684445,-0.2905383210278294,0,0.5145607272565228,0.2042728195546602,0,1,0,0,0,0,0,0,0,0,0,0
2021-05-06,328.76,331.67,326.45,331.51,323.26,46814300.0,329.08450000000005,321.7786,0.007511298114383669,47.217903859803826,1.6199779787365287,3.364374482097785,1,-8.5,-0.013840601109996409,0.012873410025681986,0,0.5199304828323789,0.2073781421820241,0,1,0,0,0,0,0,0,0,0,0,0
2021-05-07,334.37,336.65,331.69,334.2,325.89,53324500.0,328.9425,321.7786,0.008135865866485181,50.93903915707428,1.4493456470920023,2.9813687150966284,0,-3.6899999999999977,0.012292397416708956,0.1390643457234222,0,0.5257904235645373,0.24135506885204835,0,1,0,0,0,0,0,0,0,0,0,0
2021-05-10,332.78,332.96,325.55,325.76,317.66,60700500.0,328.4105,321.7786,-0.025253920034367328,41.160058612304844,0.6426183713352316,2.513618646344349,0,-10.169999999999959,-0.009606756053498477,0.1383229097319243,0,0.5074530424901406,0.27985063137210897,0,1,0,0,0,0,0,0,0,0,0,0
2021-05-11,319.7,326.13,319.02,325.31,317.22,71963600.0,327.665,321.7786,-0.0013851287540137536,40.71008979507127,-0.03185591447237357,2.0045237341810043,0,-4.7099999999999795,-0.0185031829218959,0.18555201357484696,0,0.5064726721775362,0.338633083950701,0,1,0,0,0,0,0,0,0,0,0,0
2021-05-12,320.23,322.62,316.0,316.89,309.01,91164900.0,326.7085,321.7786,-0.02588109198663402,33.37780436749918,-1.2148559285441252,1.3606478016359784,1,-11.840000000000032,-0.0525201407750151,0.2668196143605934,0,0.48817985339007597,0.4388452375049907,0,1,0,0,0,0,0,0,0,0,0,0
2021-05-13,319.92,322.4,316.9,319.34,311.4,69877800.0,325.623,321.7786,0.007734377528235248,36.9385479177341,-1.9372080087593986,0.701076639556903,1,-11.860000000000014,-0.019531843212412525,-0.23350105139148947,0,0.49350504667899553,0.32774723195716216,0,1,0,0,0,0,0,0,0,0,0,0
2021-05-14,322.6,327.33,322.08,326.39,318.27,44370000.0,324.86150000000004,321.7786,0.022061657032755422,45.890872244083184,-1.9330427381730146,0.1742527640109195,0,-7.6200000000000045,0.00391494257435665,-0.365034388604106,0,0.5088121922417058,0.1946212680676282,0,1,0,0,0,0,0,0,0,0,0,0
2021-05-17,324.63,326.37,321.45,324.41,316.34,39395000.0,324.15600000000006,321.7786,-0.00606403368209385,44.00105342249973,-2.061710486423806,-0.2729398860760256,0,-1.32000000000005,0.02373200087889682,-0.11212530989407254,0,0.5045119315523272,0.16865659567916538,0,1,0,0,0,0,0,0,0,0,0,0
2021-05-18,325.39,326.65,321.94,322.22,314.21,36528500.0,323.4645,321.7786,-0.006733261680470393,41.94794661913353,-2.308937805008668,-0.6801394698625541,1,-3.0100000000000477,0.009264361670191179,-0.07276304099505015,0,0.49976604799358293,0.15369624725674755,0,1,0,0,0,0,0,0,0,0,0,0
2021-05-19,316.66,322.9,316.3,322.59,314.57,66319100.0,322.6505,321.7786,0.001145730562362779,42.43682495164992,-2.447603791877043,-1.033632334265452,1,5.560000000000002,-0.011651564800201464,0.815544027266381,0,0.5005681691584412,0.30917427122775065,0,1,0,0,0,0,0,0,0,0,0,0
2021-05-20,324.12,329.71,323.89,328.83,320.65,46466100.0,322.34000000000003,321.7786,0.019327971516673426,50.08259092754868,-2.0433380688607485,-1.2355734811845114,0,9.25,0.013740440398565812,-0.29935569089447833,0,0.514115104387157,0.205560876066313,0,1,0,0,0,0,0,0,0,0,0,0
2021-05-21,330.43,330.86,326.64,327.01,318.88,50330400.0,321.735,321.7786,-0.005520037423982438,48.080430035429245,-1.8445163420661288,-1.357362053360835,1,0.6100000000000136,0.014953664655053767,0.08316385493940737,0,0.5101713419932711,0.22572877224937568,0,1,0,0,0,0,0,0,0,0,0,0
2021-05-24,329.37,333.67,326.9,332.51,324.24,32475800.0,321.29049999999995,321.7786,0.01680883090817864,54.06864826837609,-1.2401458570610657,-1.3339188141008813,1,7.900000000000034,0.030616765000869628,-0.35474782636339075,0,0.5221140348922707,0.13254508589218006,0,1,0,0,0,0,0,0,0,0,0,0
2021-05-25,334.07,334.81,331.76,332.97,324.69,31280300.0,320.94050000000004,321.7786,0.0013878608438193663,54.54267498071292,-0.7166060655948172,-1.2104562643996686,1,10.480000000000018,0.012676654328015569,-0.03681202618565205,0,0.5231166863483434,0.12630573597451025,0,1,0,0,0,0,0,0,0,0,0,0
2021-05-26,333.66,334.61,332.95,334.13,325.82,25444900.0,320.703,321.7786,0.0034802426930302666,55.77689734382662,-0.2081164162626692,-1.0099882947722687,0,11.25,0.021676934445028273,-0.18655191925908643,0,0.5256344555602593,0.09585061049599047,0,1,0,0,0,0,0,0,0,0,0,0
2021-05-27,333.67,334.54,332.67,332.88,324.6,27931700.0,320.345,321.7786,-0.0037443987477747687,54.069982576310856,0.09532266986667537,-0.78892610184448,1,3.9500000000000455,0.0011237047890748642,0.09773274801630194,0,0.5229161560571288,0.1088292933694838,0,1,0,0,0,0,0,0,0,0,0,0
2021-05-28,334.12,335.57,333.6,333.93,325.62,29927400.0,320.14700000000005,321.7786,0.0031423290203327348,55.30159630496912,0.4133410687444439,-0.5484726677266952,0,6.740000000000009,0.0028781729655882327,0.0714492852207349,0,0.5251888326908937,0.11924491079373611,0,1,0,0,0,0,0,0,0,0,0,0
2021-06-01,335.3,335.79,331.43,332.82,324.54,31145400.0,319.9825,321.7786,-0.0033167495854062867,53.66084160128929,0.5716364972811903,-0.32445083472511815,1,0.30000000000001137,-0.003918819312848321,0.04069849034663897,0,0.5227824691963192,0.12560168887798692,0,0,0,0,0,0,0,0,0,0,0,0
2021-06-02,333.25,334.34,331.7,333.47,325.18,22047900.0,320.145,322.06839999999994,0.0019720219387440174,54.52193229603191,0.7401968871914164,-0.11152129034181121,0,0.4900000000000091,0.0017976013736704655,-0.29209770945308133,0,0.5242084623782892,0.07812156685707426,0,0,0,0,0,0,0,0,0,0,0,0
2021-06-03,330.55,331.86,328.28,330.0,321.79,37057800.0,320.192,322.31759999999997,-0.010424995387170122,49.296510633706525,0.593397228150252,0.029462413356601422,1,-4.029999999999973,-0.011769723033832391,0.6807859251901542,0,0.5166551547425414,0.15645867963769497,0,0,0,0,0,0,0,0,0,0,0,0
2021-06-04,331.85,336.06,331.78,335.6,327.25,38736500.0,320.3915,322.7804,0.01696758755710248,56.523855146302246,0.9071764442501831,0.20500521953531775,1,2.6499999999999773,0.008514614108676377,0.045299505097442294,0,0.5288206590762238,0.1652198646705618,0,0,0,0,0,0,0,0,0,0,0,0
2021-06-07,335.05,336.66,334.34,336.6,328.23,32611900.0,320.5085,323.2732,0.0029946524064172753,57.689606921567496,1.2208533065023062,0.4081748369287155,1,2.6100000000000136,0.009537244576349635,-0.15810927678029763,0,0.5310042111361155,0.13325539582425439,0,0,0,0,0,0,0,0,0,0,0,0
2021-06-08,338.4,339.29,335.03,336.76,328.38,27282800.0,321.0445,323.67800000000005,0.0004569966182248475,57.875788500810685,1.4646644856854891,0.6194727666800703,1,3.839999999999975,0.020419236581744604,-0.16340967560921016,0,0.5313384282881397,0.10544266504528813,0,0,0,0,0,0,0,0,0,0,0,0
2021-06-09,338.17,338.97,336.65,336.84,328.46,21485300.0,321.6065,324.08619999999996,0.0002436201961142359,57.98198460791052,1.6453750735278163,0.8246532280496195,1,3.2799999999999727,0.0036952692207563587,-0.21249651795270286,0,0.5315166774358859,0.075185340789587,0,0,0,0,0,0,0,0,0,0,0,0
2021-06-10,337.19,340.46,336.73,340.35,331.88,33702100.0,322.75,324.5938,0.010412226755160514,62.351608348765076,2.0410272426518077,1.0679280309700572,1,10.089999999999975,0.011112843569499598,0.568612027758514,0,0.5391368285020387,0.1389451819223252,0,0,0,0,0,0,0,0,0,0,0,0
2021-06-11,340.36,341.25,339.69,341.24,332.75,21222800.0,323.8175,325.025,0.0026214294323250176,63.39448479817664,2.3971532755249996,1.3337730798810457,1,5.5,0.013277276383599768,-0.3702825639945285,0,0.5410752879837792,0.0738153455128088,0,0,0,0,0,0,0,0,0,0,0,0
2021-06-14,341.68,344.52,340.46,344.51,335.94,27827700.0,324.70099999999996,325.4138,0.009586776859504154,67.00366263315281,2.903324346573527,1.647683333219542,0,7.7099999999999795,0.022620433046989685,0.3112171815217597,0,0.5481829727501615,0.10828651428839836,0,0,0,0,0,0,0,0,0,0,0,0
2021-06-15,344.15,344.47,341.52,342.26,333.75,35963800.0,325.5715,325.63239999999996,-0.006519021253795332,62.45125597290397,3.0921099509953365,1.936568656774701,0,5.3700000000000045,0.005689185038033839,0.29237414518627114,0,0.5433034023306076,0.15074906122704607,0,0,0,0,0,0,0,0,0,0,0,0
2021-06-16,342.74,343.84,337.45,341.01,332.53,55399500.0,326.4875,325.83119999999997,-0.0036554307116105633,60.00538722078713,3.1074592427674474,2.17074677397325,1,4.069999999999993,-0.0005876751059017415,0.5404239818929035,0,0.540585102827477,0.25218455532562833,0,0,0,0,0,0,0,0,0,0,0,0
2021-06-17,339.97,346.38,339.92,345.34,336.75,59722700.0,327.5965,326.0988,0.012690584308182817,65.09737514073933,3.420710576859392,2.4207395345504787,0,4.8700000000000045,0.002516132342776922,0.07803680538633029,0,0.5499877453710924,0.27474746420398055,0,0,0,0,0,0,0,0,0,0,0,0
2021-06-18,343.63,344.81,341.86,342.63,334.11,55414900.0,328.2695,326.24600000000004,-0.007839643652561179,59.954741762309865,3.416554663947238,2.6199025604298307,1,1.3600000000000136,0.001195509944011075,-0.0721300276109419,0,0.5441055234954658,0.252264928381866,0,0,0,0,0,0,0,0,0,0,0,0
2021-06-21,342.43,344.69,340.15,344.36,336.18,32992600.0,329.1345,326.395,0.006195564335099268,62.458999540005976,3.539491716065129,2.8038203915568904,0,0.2400000000000091,0.011046504990720907,-0.40462583168064903,0,0.5487177201934003,0.1352422804028047,0,0,0,0,0,0,0,0,0,0,0,0
2021-06-21,0.40 Dividend,,,,,,348.10499999999996,355.14700000000005,0.0,62.458999540005976,3.539491716065129,2.950954656458538,0,0.0,-0.0016440793174619106,0.0,0,0.555713999242441,0.11409999138860111,1,1,0,0,0,0,1,0,0,0,1,1
2021-06-22,344.15,348.03,343.84,347.57,339.32,28941600.0,348.10499999999996,355.14700000000005,0.009340234398238945,62.458999540005976,3.9518979428759167,3.151143313742014,1,6.7900000000000205,0.015535798733338213,-0.12278510938816578,0,0.555713999242441,0.11409999138860111,1,1,0,0,0,0,0,0,0,0,0,0
2021-06-23,347.51,348.92,346.88,347.74,339.48,27188500.0,348.10499999999996,355.14700000000005,0.00047153129789001547,62.68427995947371,4.140001581066485,3.3489149672069085,1,2.730000000000018,0.00981176569612896,-0.060573707051441494,0,0.5560704975379337,0.10495051055157315,1,1,0,0,0,0,0,0,0,0,0,0
2021-06-24,349.73,351.46,349.17,349.89,341.58,32581600.0,348.10499999999996,355.14700000000005,0.00618593142453161,65.60194533521226,4.40771808869647,3.560675591504821,0,7.46999999999997,0.01599769712066057,0.19835960056641588,0,0.560749537666273,0.133097259226592,1,1,0,0,0,0,0,0,0,0,0,0
2021-06-25,350.47,350.72,348.84,349.46,341.16,28682800.0,348.10499999999996,355.14700000000005,-0.0012295801861934574,64.51546427146691,4.533732810187757,3.7552870352414085,1,4.980000000000018,0.005427882536228168,-0.11966263166940849,0,0.5598137296406052,0.11274930652143847,1,1,0,0,0,0,0,0,0,0,0,0
2021-06-28,350.78,353.85,350.72,353.71,345.31,39130300.0,348.10499999999996,355.14700000000005,0.012164380349396042,69.83206989519664,4.911849953120395,3.986599618817206,1,0.0,0.017120731587734195,0.3642426820254647,0,0.5690604041799425,0.1672751185372104,1,1,0,0,0,0,1,0,0,0,0,0
2021-06-29,353.53,355.02,352.67,354.99,346.56,29426000.0,348.10499999999996,355.14700000000005,0.0036199357099417906,71.23029571171409,5.251835179599027,4.23964673097357,0,7.240000000000009,0.014554735873144375,-0.24799963199873243,0,0.5718455471134778,0.11662808933934912,1,1,0,0,0,0,0,0,0,0,0,0
2021-06-30,354.83,355.23,353.83,354.43,346.02,32724000.0,348.10499999999996,355.14700000000005,-0.0015581717451523813,69.72680754274454,5.415278474650961,4.474773079709048,1,6.539999999999964,0.014226144314185452,0.1120777543668865,0,0.5706423653661905,0.133840449045309,1,1,0,0,0,0,0,0,0,0,0,0
2021-07-01,354.07,355.09,352.68,354.57,346.15,29290000.0,348.10499999999996,355.14700000000005,0.0003757008265417028,69.89156977097329,5.491990133456341,4.678216490458507,1,4.569999999999993,0.002437464791331112,-0.1049382716049383,0,0.5709320202312782,0.11591830131023739,1,1,0,0,0,0,0,0,0,0,0,0
2021-07-02,356.52,358.97,356.28,358.64,350.13,32727200.0,348.10499999999996,355.14700000000005,0.011497905532283692,74.47230723972257,5.806997955785846,4.903972783523974,1,8.96999999999997,0.010315434613673014,0.11735063161488557,0,0.5797999153316548,0.13385714994011164,1,1,0,0,0,0,0,0,0,0,0,0
2021-07-06,359.26,360.48,356.49,360.19,351.64,38842400.0,348.10499999999996,355.14700000000005,0.004312683860280497,75.96629349171725,6.1080781817615275,5.144793863171485,1,6.329999999999984,0.016186290219105892,0.1868537485638857,0,0.5831643679953654,0.16577255990793632,1,1,0,0,0,0,0,0,0,0,0,0
2021-07-07,362.45,362.76,358.94,360.95,352.38,35265200.0,348.10499999999996,355.14700000000005,0.0021044249800932224,76.68637924735816,6.333390858161124,5.382513262169413,0,5.819999999999993,0.017915014372657412,-0.09209523613370951,0,0.5848131726120184,0.14710304713044703,1,1,0,0,0,0,0,0,0,0,0,0
2021-07-08,355.74,359.65,354.42,358.77,350.25,50890000.0,348.10499999999996,355.14700000000005,-0.006044610931380867,70.16943489410824,6.26782795952073,5.559576201639676,1,4.230000000000018,0.0003724979089928526,0.44306568515136746,0,0.5800672890532742,0.2286493412279855,1,1,0,0,0,0,0,0,0,0,0,0
2021-07-09,358.17,361.5,357.57,361.01,352.44,35184500.0,348.10499999999996,355.14700000000005,0.0062526766595289995,72.73498615771642,6.319733631987447,5.711607687709231,1,6.2900000000000205,0.002312490708241355,-0.30861662409117707,0,0.5849468594728281,0.14668187143964323,1,1,0,0,0,0,0,0,0,0,0,0
2021-07-12,362.45,362.89,360.83,362.42,353.82,25717700.0,348.10499999999996,355.14700000000005,0.003915560095335335,74.23850846297555,6.398466182985771,5.848979386764539,0,3.6899999999999977,0.004123625823483468,-0.2690616606744447,0,0.5880216572714511,0.09727436177791463,1,1,0,0,0,0,0,0,0,0,0,0
2021-07-13,362.03,365.47,361.54,362.42,353.82,39723000.0,348.10499999999996,355.14700000000005,0.0,74.23850846297555,6.387234236525899,5.956630356716812,1,2.180000000000007,0.010168236754864335,0.5445782476660044,0,0.5880216572714511,0.17036843739643487,1,1,0,0,0,0,0,0,0,0,0,0
2021-07-14,364.83,365.49,362.22,363.07,354.45,35336400.0,348.10499999999996,355.14700000000005,0.0017805663896897084,74.96932365592238,6.355901694581291,6.036484624289708,0,2.069999999999993,0.005696126485025044,-0.11042972585152178,0,0.5894253693099529,0.14747464203980554,1,1,0,0,0,0,0,0,0,0,0,0
2021-07-15,362.98,363.19,358.46,360.52,351.96,53391600.0,348.10499999999996,355.14700000000005,-0.007024968260685549,66.89222004529807,6.060288999957038,6.041245499423175,0,1.7099999999999795,-0.005244401870995841,0.5109518796481816,0,0.5838773645863505,0.24170526573994097,1,1,0,0,0,0,0,0,0,0,0,0
2021-07-16,361.4,362.41,357.24,357.6,349.11,47262000.0,348.10499999999996,355.14700000000005,-0.008097511080804587,59.050268826074195,5.5322700625738435,5.93945041205331,0,-3.329999999999984,-0.013341912951800428,-0.11480457600071925,0,0.5775272386978899,0.20971470174550447,1,1,0,0,0,0,0,0,0,0,0,0
2021-07-19,354.05,355.18,352.04,354.67,346.25,64404600.0,348.10499999999996,355.14700000000005,-0.008192260319097144,52.41023230703034,4.827386051090457,5.71703753986074,1,-7.569999999999993,-0.02331473966058728,0.36271423130633496,0,0.571154831665961,0.299182439009115,1,1,0,0,0,0,0,0,0,0,0,0
2021-07-20,355.63,360.28,353.8,358.79,350.27,42183700.0,348.10499999999996,355.14700000000005,0.011610108303249156,59.33239617722629,4.540797312166546,5.481789494321902,1,-3.5500000000000114,-0.004679663096652575,-0.34502038674256186,0,0.5801118513402107,0.18321090359669426,0,1,0,0,0,0,0,0,0,0,0,0
2021-07-21,358.35,361.56,358.12,361.56,352.98,30259900.0,348.788,355.14700000000005,0.0077368886858710795,63.21664911272429,4.480697333668729,5.281571062191267,1,-1.4699999999999704,0.011154736670023091,-0.28266368289173305,0,0.5861500412201154,0.12098023814432182,0,1,0,0,0,0,0,0,0,0,0,0
2021-07-22,361.77,363.96,361.77,363.95,355.31,30252200.0,349.5795,355.14700000000005,0.006600940563204594,66.20532301859505,4.568417323920698,5.1389403145371535,1,3.3500000000000227,0.02594793755232483,-0.00025446217601510224,0,0.5913415476482252,0.120940051616203,0,1,0,0,0,0,0,0,0,0,0,0
2021-07-23,365.31,368.49,363.92,368.2,359.46,31960800.0,350.4735,355.14700000000005,0.01167994145957052,70.76203194915044,4.916136207178852,5.094379493065493,1,10.349999999999966,0.026017770708646193,0.056478537098128445,0,0.6005882221875626,0.1298572856348819,0,1,0,0,0,0,0,0,0,0,0,0
2021-07-26,367.49,368.89,366.6,368.49,359.74,28438100.0,351.4025,355.14700000000005,0.0007789461970735267,71.04570016275969,5.154877369763653,5.106479068405126,0,13.490000000000009,0.01905982821984864,-0.11021939375735279,0,0.6012120942046746,0.11147220997199991,0,1,0,0,0,0,0,0,0,0,0,0
2021-07-27,368.22,368.22,360.16,364.43,355.78,57933100.0,351.92600000000004,355.14700000000005,-0.011007950186245674,61.8989171579859,4.967282812019391,5.078639817127979,1,5.509999999999991,0.0014509374703983724,1.0371649301465289,0,0.5923887613912345,0.26540748878561005,0,1,0,0,0,0,0,0,0,0,0,0
2021-07-28,365.6,367.45,363.24,365.83,357.14,42066200.0,352.455,355.14700000000005,0.003822586991961252,63.63070187703475,4.87218983587195,5.037349820876774,1,4.159999999999968,-0.006406416997210895,-0.2738831514281128,0,0.595418996902921,0.1825976676156602,0,1,0,0,0,0,0,0,0,0,0,0
2021-07-29,365.25,367.68,365.25,366.48,357.78,25672500.0,353.043,355.14700000000005,0.0017920143361147556,64.44959437762722,4.793217392042777,4.988523335109975,0,2.4699999999999704,-0.0053933488581696665,-0.3897119302432832,0,0.596844990084891,0.09703846163882748,0,1,0,0,0,0,0,0,0,0,0,0
2021-07-30,362.44,365.17,362.41,364.57,355.91,36484600.0,353.531,355.14700000000005,-0.00522667561071033,60.18546924419202,4.527547045543656,4.896328077196712,1,-3.5499999999999545,0.00038792571736567805,0.42115493232057655,0,0.5926784162563223,0.15346713185617397,0,1,0,0,0,0,0,0,0,0,0,0
2021-08-02,366.28,366.88,363.87,364.6,355.94,27334100.0,353.8215,355.14700000000005,8.429097243678463e-05,60.23092820867995,4.270197947340137,4.771102051225397,1,-3.8000000000000114,-0.0033503703021587894,-0.2508044490004002,0,0.5927452596867271,0.10571040126509279,0,1,0,0,0,0,0,0,0,0,0,0
2021-08-03,365.28,366.93,362.0,366.81,358.1,35558500.0,354.1445,355.14700000000005,0.00606843850087091,63.46537335636384,4.192215628834958,4.655324766747309,1,2.32000000000005,0.0009260538625973647,0.3008842434907313,0,0.5975579866758762,0.14863378851970052,0,1,0,0,0,0,0,0,0,0,0,0
2021-08-04,366.77,368.32,365.63,367.34,358.62,29602200.0,354.4565,355.14700000000005,0.0014521083496230602,64.21982442654033,4.124825315147575,4.549224876427363,1,1.4800000000000182,0.0076048378229307545,-0.16750706582111174,0,0.5987166061362269,0.11754768235941893,0,1,0,0,0,0,0,0,0,0,0,0
2021-08-05,368.18,369.91,367.45,369.67,360.89,21443900.0,354.9885,355.14700000000005,0.006329819865038111,67.38601777683398,4.206102701117345,4.48060044136536,0,3.1100000000000136,0.013850366715532081,-0.27559775962597377,0,0.603774425703527,0.07496927296307797,0,1,0,0,0,0,0,0,0,0,0,0
2021-08-06,368.37,369.37,366.91,368.05,359.31,33332100.0,355.332,355.14700000000005,-0.00437806533846874,63.19432940465075,4.095808884414225,4.403642129975133,1,3.3999999999999773,0.0034038628761924317,0.5543860958127953,0,0.6002540050355384,0.13701414096077116,0,1,0,0,0,0,0,0,0,0,0,0
2021-08-09,368.52,369.27,367.39,368.73,359.98,25960200.0,355.64,355.14700000000005,0.0018646850908685675,64.21097927591455,4.016167758684901,4.326147255717087,0,4.0400000000000205,0.003816439617437939,-0.22116518311177513,0,0.6017468416479134,0.09853997646217638,0,1,0,0,0,0,0,0,0,0,0,0
2021-08-10,369.26,369.56,365.62,366.84,358.13,35130800.0,355.8555,355.14700000000005,-0.005139174398577806,59.3372054320604,3.760424224182543,4.213002649410178,0,0.029999999999972715,-0.007652554646177978,0.35325613824238644,0,0.597624830106281,0.1464016095487366,0,1,0,0,0,0,0,0,0,0,0,0
2021-08-11,368.14,368.65,364.84,366.21,357.52,34249800.0,356.009,355.14700000000005,-0.001703292100633913,57.7798935161497,3.468540552145896,4.064110229957322,1,-1.1000000000000227,-0.0049777814083431515,-0.025077709588167685,0,0.5962656803547157,0.14180364444838772,0,1,0,0,0,0,0,0,0,0,0,0
2021-08-12,365.69,367.9,364.3,367.53,358.8,25969200.0,356.351,355.14700000000005,0.003580219288431552,60.143691755811346,3.302437497961648,3.9117756835581874,1,-2.089999999999975,-0.003262247210780167,-0.24177075486572186,0,0.599117666718656,0.09858694772880877,0,1,0,0,0,0,0,0,0,0,0,0
2021-08-13,367.89,369.16,367.38,368.82,360.06,19336200.0,356.89849999999996,355.14700000000005,0.003511705685618649,62.37671406823961,3.2351779825983726,3.7764561433662243,1,0.75,0.005388632873416288,-0.2554179566563467,0,0.6019250907956596,0.06396912422073364,0,1,0,0,0,0,0,0,0,0,0,0
2021-08-16,367.67,369.02,363.7,368.98,360.22,34856900.0,357.597,355.14700000000005,0.0004443703827141654,62.6627838917142,3.1583771887086414,3.652840352434708,0,0.2400000000000091,0.0075362953567643665,0.8026758101384968,0,0.6022815890911521,0.14497211733422405,0,1,0,0,0,0,0,0,0,0,0,0
2021-08-17,366.15,367.15,363.23,365.73,357.05,44793900.0,357.93600000000004,355.14700000000005,-0.008800177669202158,53.91585173371267,2.809335231231387,3.484139328194044,0,-1.079999999999984,-0.004844101600869344,0.2850798550645639,0,0.5952184666117065,0.196833614726014,0,1,0,0,0,0,0,0,0,0,0,0
2021-08-18,365.18,366.62,361.87,362.21,353.61,38541900.0,357.9675,355.14700000000005,-0.009634504971292479,46.35416473692089,2.2294381394046923,3.233199090436174,1,-3.909999999999968,-0.017990312257780472,-0.13957257573017756,0,0.5875537532586173,0.1642042415053769,0,1,0,0,0,0,0,0,0,0,0,0
2021-08-19,360.22,365.68,359.96,363.96,355.32,48499400.0,357.96799999999996,355.14700000000005,0.004835836090608225,50.10061338740237,1.8861063650173264,2.9637805453524044,1,-3.480000000000018,-0.013598846549886412,0.25835519266045526,0,0.5913638287916936,0.21617272900449622,0,1,0,0,0,0,0,0,0,0,0,0
2021-08-20,365.06,368.14,364.74,367.73,359.0,39486000.0,357.945,355.14700000000005,0.010356861420691255,57.05188518506561,1.8891813980184793,2.7488607158856198,1,-1.0600000000000023,0.005558192540007001,-0.18584559808987333,0,0.5995632895880216,0.16913152737511514,0,1,0,0,0,0,0,0,0,0,0,0
2021-08-23,368.8,373.94,368.79,373.23,364.37,34034700.0,358.17650000000003,355.14700000000005,0.014958217270194973,64.76535979535743,2.2984375475434717,2.6587760822171904,1,4.149999999999977,0.030150914781494453,-0.13805652636377452,0,0.6115282636304895,0.14068103117587347,0,1,0,0,0,0,0,0,0,0,0,0
2021-08-24,373.84,374.99,373.36,374.37,365.48,21732900.0,358.6615,355.14700000000005,0.00304635398084363,66.11987633425123,2.6814338179970036,2.6633076293731532,1,8.430000000000007,0.028361432671729858,-0.3614487567100636,0,0.6140014705554689,0.07647757252494043,0,1,0,0,0,0,0,0,0,0,0,0
2021-08-25,374.63,375.39,373.86,374.8,365.9,20441900.0,359.0995,355.14700000000005,0.0011491736893947113,66.64241693739697,2.9844487442155128,2.7275358523416253,0,12.289999999999964,0.019153744940433315,-0.05940302490693827,0,0.6149372785811367,0.06973980527800466,0,1,0,0,0,0,0,0,0,0,0,0
2021-08-26,373.92,374.62,371.97,372.42,363.58,29133300.0,359.38950000000006,355.14700000000005,-0.006340530199508088,61.04191935622169,3.0027715639683947,2.7825829946669796,1,8.259999999999991,-0.002145002529269746,0.4251757419809312,0,0.6097680532964951,0.11510047936787113,0,1,0,0,0,0,0,0,0,0,0,0
2021-08-27,373.07,376.56,372.57,376.04,367.11,27104700.0,359.9495,355.14700000000005,0.009709004895758877,65.75728590539762,3.264502872162609,2.8789669701661054,1,8.110000000000014,0.004517648385645501,-0.06963165861745835,0,0.6176332969407989,0.10451315586892929,0,1,0,0,0,0,0,0,0,0,0,0
2021-08-30,376.85,380.76,376.83,380.26,371.23,27295700.0,360.714,355.14700000000005,0.011222794257851776,70.27886823689231,3.7610216706377173,3.055377910260428,0,6.860000000000014,0.014591268954102565,0.007046748349917253,0,0.6268131280497315,0.10550999052746124,0,1,0,0,0,0,0,0,0,0,0,0
2021-08-31,380.51,380.58,378.36,379.95,370.93,29628200.0,361.3555,355.14700000000005,-0.0008081243433990526,69.55862042864132,4.083239855532554,3.2609502993148536,1,5.449999999999989,0.0201236748102116,0.08545302007275879,0,0.626144693745683,0.11768337712969026,0,0,0,0,0,0,0,0,0,0,0,0
2021-09-01,381.04,382.71,380.37,380.58,371.54,28138300.0,362.00149999999996,355.7914,0.0016445151376269784,70.22677407511856,4.337818321127884,3.47632390367746,0,5.640000000000043,0.012059185052079702,-0.05028655132610149,0,0.6275038434972483,0.10990754489017857,0,0,0,0,0,0,0,0,0,0,0,0
2021-09-02,381.97,382.31,379.15,380.4,371.37,25453400.0,362.5255,356.42920000000004,-0.0004575550411799467,69.76718785323452,4.47427930333356,3.6759149836086804,1,7.7900000000000205,0.0003788357530479791,-0.09541798900431087,0,0.6271250640582874,0.09589497224780996,0,0,0,0,0,0,0,0,0,0,0,0
2021-09-03,379.22,381.98,379.2,381.57,372.51,24605400.0,363.1855,357.0478,0.003069714839647686,71.13154609782045,4.621144411291482,3.864960869145241,1,5.399999999999977,0.004256674936094718,-0.033315784924607295,0,0.6296651144136717,0.09146923512511318,0,0,0,0,0,0,0,0,0,0,0,0
2021-09-07,381.68,382.78,380.49,382.11,373.04,23970200.0,363.8385,357.6854,0.0014227805964941442,71.76940641649387,4.725826254719664,4.037133946260126,0,1.8100000000000023,0.004034940394961883,-0.02581547140058682,0,0.6308460150174907,0.08815410750679126,0,0,0,0,0,0,0,0,0,0,0,0
2021-09-08,381.93,381.93,378.45,380.78,371.74,32949200.0,364.519,358.21399999999994,-0.00348488097791122,67.81156840089874,4.650282670457045,4.15976369109951,0,0.8100000000000023,0.0010076144582306101,0.3745901160607754,0,0.6279494663666139,0.13501577451704405,0,0,0,0,0,0,0,0,0,0,0,0
2021-09-09,381.01,382.15,379.22,379.47,370.46,29399000.0,365.166,358.69200000000006,-0.00344326679937601,64.06534940978322,4.435993165174921,4.215009585914592,0,-1.080000000000041,-0.005505367180793086,-0.10774768431403492,0,0.6250974800026736,0.11648717553945195,0,0,0,0,0,0,0,0,0,0,0,0
2021-09-10,381.23,381.97,376.25,376.59,367.65,40249400.0,365.6085,359.1246,-0.007585164390217614,56.66450152045533,3.9933903543108613,4.170685739593846,0,-3.7200000000000273,-0.014513312167504844,0.36907377801966046,0,0.6188364786880862,0.1731157345914674,0,0,0,0,0,0,0,0,0,0,0,0
2021-09-13,378.99,379.43,374.22,376.33,367.4,48741800.0,365.9755,359.5496,-0.0006799945600435287,56.04419367159447,3.5811700283711048,4.052782597349299,0,-5.110000000000014,-0.011708425749637152,0.21099444960670222,0,0.6182794501013791,0.21743782178579538,0,0,0,0,0,0,0,0,0,0,0,0
2021-09-14,377.86,378.61,374.28,375.26,366.35,41826600.0,366.28200000000004,359.874,-0.00285792052259104,53.400126619873994,3.13363364732578,3.868952807344595,1,-6.689999999999998,-0.011123079472852182,-0.14187412036486136,0,0.6159399300372095,0.18134718811731335,0,0,0,0,0,0,0,0,0,0,0,0
2021-09-15,375.73,378.41,373.37,378.05,369.07,34097900.0,366.883,360.22259999999994,0.007424593967517268,58.82003671515601,2.964268862776521,3.6880160184309805,1,-2.670000000000016,0.0038866788848826994,-0.18477954220519954,0,0.6220004010605824,0.1410108738482254,0,0,0,0,0,0,0,0,0,0,0,0
2021-09-16,376.68,378.9,374.7,378.31,369.33,35193100.0,367.669,360.56160000000006,0.0007044734061290026,59.3072437829751,2.818535554508344,3.5141199256464533,0,-1.1299999999999955,0.005271146851055231,0.03211928007296638,0,0.6225797107907577,0.1467267550944253,0,0,0,0,0,0,0,0,0,0,0,0
2021-09-17,377.82,377.87,372.76,373.83,364.95,60912300.0,368.1505,360.85560000000004,-0.011859312809682332,48.82696568531396,2.3228352639333707,3.275862993303837,0,-2.6999999999999886,-0.0037302454360360615,0.7308023447778116,0,0.6128205699516498,0.280956021846858,0,0,0,0,0,0,0,0,0,0,0,0
2021-09-20,367.46,369.25,360.93,365.7,357.41,76203200.0,368.071,360.955,-0.020660364433483958,36.77830666139929,1.306513551785713,2.8819931050002126,0,-9.989999999999952,-0.03181520383703729,0.25103140088290865,0,0.5960205877765647,0.36075968195233465,0,0,0,0,0,0,0,0,0,0,0,0
2021-09-20,0.41 Dividend,,,,,,355.12850000000003,371.13019999999995,0.0,36.77830666139929,1.306513551785713,2.566897194357313,0,0.0,-0.03251967724316629,0.0,0,0.5970009580891691,0.18187378820655875,1,1,0,0,0,0,1,0,0,0,1,1
2021-09-21,367.58,368.81,364.99,366.15,357.85,41927500.0,355.12850000000003,371.13019999999995,0.0012310791527936349,36.77830666139929,0.37372283813681406,2.1282623231132134,1,-11.21999999999997,-0.019429285280690323,-0.449793446994352,0,0.5970009580891691,0.18187378820655875,1,1,0,0,0,0,0,0,0,0,0,0
2021-09-22,367.09,371.07,365.96,369.57,361.2,46972900.0,355.12850000000003,371.13019999999995,0.009361464300684519,44.392746111134855,0.05414583590379607,1.71343902567133,1,-8.129999999999995,0.010592543453478154,0.12033629479458585,0,0.6044651411510438,0.2082058802806794,1,1,0,0,0,0,0,0,0,0,0,0
2021-09-23,370.76,374.04,370.1,372.98,364.53,44652000.0,355.12850000000003,371.13019999999995,0.00921926910298998,50.74342473986468,0.06878897277647411,1.3845090150923591,1,-0.4200000000000159,0.019811812556468134,-0.0494093402791822,0,0.611884761925982,0.1960930344221099,1,1,0,0,0,0,0,0,0,0,0,0
2021-09-24,370.65,373.76,370.27,373.33,364.87,36056800.0,355.12850000000003,371.13019999999995,0.0009327078704086667,51.35429996508084,0.10660010311511314,1.12892723269691,0,7.4599999999999795,0.019513441274083165,-0.19249305742183997,0,0.6126423208039036,0.15123443098224748,1,1,0,0,0,0,0,0,0,0,0,0
2021-09-27,370.2,371.25,367.73,370.35,361.96,43338100.0,355.12850000000003,371.13019999999995,-0.007975443308575692,46.08615702614054,-0.09712736004536282,0.8837163141484555,0,0.0,0.002176533664822955,0.2019397173348716,0,0.6061585080546332,0.1892357513967428,1,1,0,0,0,0,1,0,0,0,0,0
2021-09-28,365.67,370.3,359.35,359.87,351.72,97701600.0,355.12850000000003,371.13019999999995,-0.02829041883080985,33.18530912430299,-1.0725021262247765,0.49247262607380915,0,-6.1299999999999955,-0.035333154268976874,1.2544043232167539,0,0.5833426171431118,0.4729604684600992,1,1,0,0,0,0,0,0,0,0,0,0
2021-09-29,361.17,363.37,358.64,359.28,351.14,58076600.0,355.12850000000003,371.13019999999995,-0.0016490390083021556,32.62818319422503,-1.8707301951547493,0.019832061828097436,0,-10.060000000000002,-0.037914901147687696,-0.405571659010702,0,0.5820503108219514,0.2661564195369155,1,1,0,0,0,0,0,0,0,0,0,0
2021-09-30,360.97,362.68,357.1,357.96,349.85,61384600.0,355.12850000000003,371.13019999999995,-0.003673748362476359,31.36686399731181,-2.57770967713509,-0.49967628596454006,1,-14.67999999999995,-0.033613206201588364,0.056959257256795404,0,0.5791760433145429,0.28342096953913354,1,1,0,0,0,0,0,0,0,0,0,0
2021-10-01,358.6,361.25,354.38,360.18,352.02,56375500.0,355.12850000000003,371.13019999999995,0.006202658282120854,35.85870663673437,-2.9291299587193294,-0.9855670205154979,0,-12.850000000000023,0.0008798709113423397,-0.08160190015085211,0,0.5840110514471601,0.2572783282404303,1,1,0,0,0,0,0,0,0,0,0,0
2021-10-04,358.52,358.86,350.32,352.62,344.63,76766000.0,355.12850000000003,371.13019999999995,-0.020993125390602718,28.91768238934158,-3.76059451028857,-1.5405725184701125,1,-17.329999999999984,-0.018464215470958223,0.3616908054030563,0,0.5675452864240992,0.363696951825747,1,1,0,0,0,0,0,0,0,0,0,0
2021-10-05,353.71,359.69,353.48,357.38,349.28,47232900.0,355.12850000000003,371.13019999999995,0.01349273133505502,37.16015048063033,-3.9982309024263714,-2.0321041952613643,1,-2.4400000000000546,-0.0012977357734268447,-0.3847158898470677,0,0.5779060181368507,0.20956282798339304,1,1,0,0,0,0,0,0,0,0,0,0
2021-10-06,354.08,359.95,353.15,359.67,351.52,56806500.0,355.12850000000003,371.13019999999995,0.006413192853870875,40.725819303933015,-3.960159917321562,-2.417715339673404,1,0.37999999999999545,-0.001087201201676824,0.2026892272123879,0,0.5828969942737461,0.2595277300091594,1,1,0,0,0,0,0,0,0,0,0,0
2021-10-07,362.8,365.69,362.25,362.97,354.75,39411200.0,355.12850000000003,371.13019999999995,0.009188666363222575,45.52576368699992,-3.6275383772272107,-2.6596799471841654,0,4.899999999999977,0.02909459055214847,-0.30622023888111394,0,0.5900938036140014,0.1687411439591037,1,1,0,0,0,0,0,0,0,0,0,0
2021-10-08,364.08,364.32,360.61,361.16,352.98,41822300.0,355.12850000000003,371.13019999999995,-0.004989429175475624,43.44937065338194,-3.466794568011096,-2.8211028713495514,0,0.9600000000000364,0.010612430041617826,0.06117804075998712,0,0.5861500412201154,0.18132474628992232,1,1,0,0,0,0,0,0,0,0,0,0
2021-10-11,359.58,363.2,358.3,358.39,350.27,34847200.0,355.12850000000003,371.13019999999995,-0.007677488809564426,40.4104021193224,-3.5175303919242538,-2.9603883754644924,0,5.639999999999986,-0.003478251621817474,-0.16677944541548406,0,0.5801118513402107,0.14492149274685356,1,1,0,0,0,0,0,0,0,0,0,0
2021-10-12,359.88,360.33,356.48,357.14,349.05,43905100.0,355.12850000000003,371.13019999999995,-0.0034830273788790667,39.0850578771626,-3.614516802204662,-3.0912140608125265,1,-0.22999999999996135,-0.016149945363919116,0.2599319314033839,0,0.5773935518370803,0.1921949411945837,1,1,0,0,0,0,0,0,0,0,0,0
2021-10-13,359.51,360.69,357.43,360.0,351.84,40120800.0,355.12850000000003,371.13019999999995,0.007993124194241474,43.637600819590666,-3.426748128752479,-3.158320874400517,1,0.3199999999999932,-0.003167391994202018,-0.08619272020790292,0,0.5836099908647311,0.17244456738158673,1,1,0,0,0,0,0,0,0,0,0,0
2021-10-14,363.69,366.85,363.01,366.63,358.32,43433900.0,355.12850000000003,371.13019999999995,0.018417462482946956,52.51424908076703,-2.7236615825577815,-3.0713890160319703,1,3.569999999999993,0.022927559298309363,0.08257811409543181,0,0.5980481718321784,0.18973573443489652,1,1,0,0,0,0,0,0,0,0,0,0
2021-10-15,367.88,369.06,366.82,368.94,360.58,40419900.0,355.12850000000003,371.13019999999995,0.006307211431122894,55.166302188719335,-1.9614865212079735,-2.8494085170671712,1,7.599999999999966,0.032717798108311325,-0.06939280147534532,0,0.6030837102560103,0.17400557914267,1,1,0,0,0,0,0,0,0,0,0,0
2021-10-18,367.61,372.87,366.99,372.65,364.21,34513500.0,355.12850000000003,371.13019999999995,0.010067114093959662,59.11592773327297,-1.0524150455497647,-2.4900098227636898,1,13.939999999999998,0.03479178800802951,-0.1461260418754129,0,0.611171765334997,0.1431799025607169,0,1,0,0,0,0,0,0,0,0,0,0
2021-10-19,373.75,375.52,372.7,375.47,366.96,29091000.0,355.584,371.13019999999995,0.007550588945937742,61.85733257924188,-0.10881300569730001,-2.013770459350412,0,17.909999999999968,0.023924914471020298,-0.15711243426485288,0,0.6172990797887746,0.11487971441469888,0,1,0,0,0,0,0,0,0,0,0,0
2021-10-20,375.94,376.57,373.46,374.98,366.48,31390300.0,355.848,371.13019999999995,-0.00130804447351196,61.08738039123415,0.5934257777278162,-1.4923312119347665,1,14.640000000000043,0.016309658566385443,0.07903819050565475,0,0.6162295849022972,0.12687982923335064,0,1,0,0,0,0,0,0,0,0,0,0
2021-10-21,374.16,377.47,373.85,377.27,368.72,25469300.0,356.0575,371.13019999999995,0.006112202575856873,63.37826368287494,1.3155396305226645,-0.9307570434432803,0,10.400000000000034,0.012354747048282655,-0.1886251485331456,0,0.6212205610391925,0.09597795481886054,0,1,0,0,0,0,0,0,0,0,0,0
2021-10-22,375.98,376.97,372.39,374.1,365.62,36275800.0,356.09499999999997,371.13019999999995,-0.008407463658060332,58.2658613314885,1.6190129951850736,-0.4208030357176095,1,5.0400000000000205,-0.0036033055557154192,0.4242951317861112,0,0.6143134065640248,0.1523773984703024,0,1,0,0,0,0,0,0,0,0,0,0
2021-10-25,375.56,378.87,373.56,377.93,369.37,32597800.0,356.4655,371.13019999999995,0.010256550516930085,62.23443901935274,2.137472035929761,0.09085197861186461,1,5.160000000000025,0.007961289434726626,-0.10138990732113418,0,0.6226688353646309,0.1331818075065303,0,1,0,0,0,0,0,0,0,0,0,0
2021-10-26,380.23,382.71,377.91,379.12,370.53,47191300.0,357.406,371.13019999999995,0.0031404824430787404,63.3940349878153,2.6118490959328255,0.5950514020760568,1,3.569999999999993,0.004989569301948493,0.4476835860088717,0,0.6252534480069516,0.20934571635095886,0,1,0,0,0,0,0,0,0,0,0,0
2021-10-27,379.58,383.15,379.31,380.0,371.39,45760500.0,358.4185,371.13019999999995,0.002320999649151334,64.26996487529286,3.022351361223798,1.080511393905605,1,4.909999999999968,0.01571803260916016,-0.030319147809024116,0,0.627169626345224,0.20187832876233322,0,1,0,0,0,0,0,0,0,0,0,0
2021-10-28,381.95,384.48,381.16,384.22,375.51,38007000.0,359.7015,371.13019999999995,0.011093459705430853,68.19622931300684,3.63818816324698,1.59204674777388,1,6.789999999999964,0.016554941797660927,-0.169436522765267,0,0.6363494574541565,0.1614125825585249,0,1,0,0,0,0,0,0,0,0,0,0
2021-10-29,381.06,386.28,380.7,386.11,377.36,37310100.0,360.9685,371.13019999999995,0.004926633112300571,69.80094694361671,4.226798898014408,2.118997177821986,1,11.740000000000009,0.018341092466882758,-0.018336095982319,0,0.6404714689957889,0.15777544081228978,0,1,0,0,0,0,0,0,0,0,0,0
2021-11-01,386.56,387.56,384.42,387.43,378.65,30765300.0,362.66949999999997,371.13019999999995,0.0034184863260546816,70.90341177389165,4.742698489094153,2.6437374400764195,1,9.279999999999973,0.019438579143786106,-0.17541630818464704,0,0.6433457365031973,0.12361793571721211,0,1,0,0,0,0,0,0,0,0,0,0
2021-11-02,386.8,389.54,386.75,389.05,380.23,25135300.0,364.217,371.13019999999995,0.004172718869668746,72.2401330455764,5.218885365420476,3.158767025145231,1,9.700000000000045,0.012517838308023999,-0.18299837804279495,0,0.646866157171186,0.0942347989238361,0,1,0,0,0,0,0,0,0,0,0,0
2021-11-03,389.55,393.61,388.48,393.18,384.27,33748900.0,365.8545,371.13019999999995,0.010625147936774937,75.35752925105135,5.854770976611576,3.6979678154385,1,12.879999999999995,0.018216353132498364,0.34268936515577697,0,0.6558677391323722,0.13918943250881363,0,1,0,0,0,0,0,0,0,0,0,0
2021-11-04,394.48,399.2,393.92,398.22,389.2,40265300.0,367.577,371.13019999999995,0.01282952090977707,78.52656018805118,6.679527270546316,4.294279706460063,1,13.689999999999998,0.027627387716220753,0.19308481165312052,0,0.6668523428622356,0.17319871716251797,0,1,0,0,0,0,0,0,0,0,0,0
2021-11-05,400.04,400.99,397.16,398.6,389.57,43383800.0,369.4065,371.13019999999995,0.0009506680369990583,78.747458597237,7.279099554733989,4.891243676114849,0,12.20999999999998,0.024405336883551065,0.07744882069672898,0,0.6676767451705621,0.18947426105064286,0,1,0,0,0,0,0,0,0,0,0,0
2021-11-08,398.57,399.62,397.4,398.06,389.04,29256300.0,371.34499999999997,371.13019999999995,-0.00136047436917619,77.51733532940054,7.623618016080627,5.437718544108005,0,10.390000000000043,0.012419714577599938,-0.3256399854323503,0,0.6664958445667432,0.1157424200118472,0,1,0,0,0,0,0,0,0,0,0,0
2021-11-09,399.16,399.57,393.92,395.32,386.36,50490700.0,373.2105,371.13019999999995,-0.0068887517993008185,71.44020711332509,7.5928718759267895,5.868749210471762,0,6.1299999999999955,-0.00729855813147795,0.7258060657020882,0,0.6605244981172433,0.2265653826983949,0,1,0,0,0,0,0,0,0,0,0,0
2021-11-10,392.47,395.36,387.53,389.51,380.68,54937400.0,374.65250000000003,371.13019999999995,-0.014701314835904311,60.597187218273085,7.029149152148989,6.100829198807207,1,-3.589999999999975,-0.02295054100438132,0.0880696841200459,0,0.6478688086272587,0.24977284173553613,0,1,0,0,0,0,0,0,0,0,0,0
2021-11-11,392.57,392.75,390.24,390.59,381.74,32243000.0,375.82349999999997,371.13019999999995,0.0027844909110013027,61.76353351289782,6.591940190190314,6.199051397083829,1,-7.4599999999999795,-0.018805575724203827,-0.41309563248351755,0,0.6502306098348967,0.1313300957952888,0,1,0,0,0,0,0,0,0,0,0,0
2021-11-12,391.77,395.25,390.13,394.7,385.76,34730600.0,377.0825,371.13019999999995,0.010530727720437838,65.88753033947903,6.494959491331656,6.258233015933395,0,-3.8100000000000023,-0.0013860962044651703,0.07715162981112189,0,0.6591876295091463,0.14431295389248278,0,1,0,0,0,0,0,0,0,0,0,0
2021-11-15,395.91,396.24,392.1,394.61,385.67,33716900.0,378.15549999999996,371.13019999999995,-0.00023330568228940862,65.71664017711932,6.337781342751953,6.274142681297107,1,-3.3700000000000045,0.013081912949149732,-0.029187517635744897,0,0.6589870992179319,0.13902242356078734,0,1,0,0,0,0,0,0,0,0,0,0
2021-11-16,393.86,397.93,393.66,397.42,388.41,27872900.0,379.22799999999995,371.13019999999995,0.007104519407783894,68.40350306969428,6.360986139816305,6.291511373000947,1,2.0500000000000114,0.017401941445932323,-0.17332554297696412,0,0.6650921325282414,0.1085224144274855,0,1,0,0,0,0,0,0,0,0,0,0
2021-11-17,397.75,399.72,396.64,397.63,388.62,28703300.0,380.335,371.13019999999995,0.0005406657913029633,68.60657701925554,6.323428802589547,6.297894858918667,1,7.939999999999998,0.007411879516797448,0.0297923789774297,0,0.6655600365410752,0.11285629662876781,0,1,0,0,0,0,0,0,0,0,0,0
2021-11-18,399.73,402.27,397.45,401.75,392.65,45721500.0,381.5315,371.13019999999995,0.010370027276002114,72.28753509312196,6.543423153165861,6.347000517768107,1,10.909999999999968,0.01801521247508897,0.5929004678904517,0,0.6745393373587931,0.20167478660692617,0,1,0,0,0,0,0,0,0,0,0,0
2021-11-19,403.43,405.3,402.58,403.99,394.84,45191700.0,382.99249999999995,371.13019999999995,0.005577486310963886,74.06703559683586,6.815915329222321,6.4407834800589505,0,9.079999999999984,0.016488179378268963,-0.011587546340343202,0,0.6794189077783471,0.19890974471116585,0,1,0,0,0,0,0,0,0,0,0,0
2021-11-22,405.57,408.71,399.19,399.3,390.25,61715400.0,384.0365,371.13019999999995,-0.01162496200992802,64.69098434501821,6.585578255429311,6.469742435133023,0,4.579999999999984,0.004322551577037981,0.36563572514421905,0,0.6691918629264053,0.2851474245393554,0,1,0,0,0,0,0,0,0,0,0,0
2021-11-23,398.11,400.23,392.92,397.48,388.47,70098700.0,384.9335,371.13019999999995,-0.004561178731582238,61.44267682413154,6.188071109233306,6.41340816995308,1,0.060000000000002274,-0.010608654430546371,0.13583805662768134,0,0.665225819389051,0.3289001156015062,0,1,0,0,0,0,0,0,0,0,0,0
2021-11-24,394.93,399.05,392.54,398.76,389.72,46954400.0,385.85,371.13019999999995,0.0032177516925373517,62.853291538078025,5.905829657265144,6.311892467415493,0,1.1000000000000227,-0.012968389048972906,-0.3301673212199371,0,0.6680109623225864,0.2081093282326017,0,1,0,0,0,0,0,0,0,0,0,0
2021-11-26,396.11,397.54,389.77,391.2,382.34,51533300.0,386.1915,371.13019999999995,-0.01893667248280828,50.991941685776645,5.028679463759943,6.055249866684384,1,-10.310000000000002,-0.020280099521853168,0.09751801748078992,0,0.6515674784429936,0.23200674298627658,0,1,0,0,0,0,0,0,0,0,0,0
2021-11-29,395.89,400.73,395.14,399.69,390.63,54447100.0,386.855,371.13019999999995,0.02168227232306319,60.10061529304165,4.945457181512211,5.83329132964995,0,-4.2099999999999795,0.00596335153279226,0.05654208055762,0,0.6700385463782,0.24721395150999573,0,1,0,0,0,0,0,0,0,0,0,0
2021-11-30,398.78,401.19,391.75,393.82,384.9,81332700.0,387.1675,371.13019999999995,-0.014668612241763301,52.796353257884576,4.3668020352324675,5.539993470766453,0,-5.350000000000023,-0.011923012401508393,0.493793057848811,0,0.6572714511708739,0.3875306944179868,0,0,0,0,0,0,0,0,0,0,0,0
2021-12-01,398.28,400.48,386.64,387.12,378.35,77766500.0,387.0735,371.5402,-0.01701740711873201,45.92533474732715,3.3411684928738623,5.100228475187935,1,-10.120000000000005,-0.01000374703743212,-0.04384706274352135,0,0.6426773021991489,0.3689185909663816,0,0,0,0,0,0,0,0,0,0,0,0
2021-12-02,385.8,391.74,384.34,389.91,381.08,84416600.0,386.91400000000004,371.9378,0.007215541165587425,48.909762984121144,2.7173112332724827,4.623645026804844,0,-8.640000000000043,-0.024470478194907885,0.08551368519863956,0,0.6487600543659899,0.40362565988105836,0,0,0,0,0,0,0,0,0,0,0,0
2021-12-03,391.31,392.34,378.9,383.13,374.45,105349100.0,386.1765,372.13620000000003,-0.017397921696231777,42.74038604204761,1.6686787793594817,4.032651777315772,1,-7.889999999999986,-0.02719978764937636,0.24796663215528691,0,0.6339876562465185,0.5128729975235705,0,0,0,0,0,0,0,0,0,0,0,0
2021-12-06,383.63,387.6,379.3,386.2,377.45,67588800.0,385.5705,372.38779999999997,0.008011750567499032,46.05612475332664,1.0674006028822305,3.439601542429064,1,-13.180000000000007,-0.0021706299631453208,-0.3584302096553269,0,0.6406719992870034,0.31580087314365635,0,0,0,0,0,0,0,0,0,0,0,0
2021-12-07,393.03,398.46,392.99,397.83,388.82,56005300.0,385.55949999999996,372.925,0.030123195125182134,56.368446481002344,1.4911581500537636,3.0499128639540043,1,3.920000000000016,0.02073702399644939,-0.17138194493762282,0,0.6660056594104409,0.2553462434729511,0,0,0,0,0,0,0,0,0,0,0,0
2021-12-08,398.17,399.82,396.22,399.61,390.56,39204000.0,385.7695,373.7018,0.004475078442466973,57.70109881481802,1.9449720898598457,2.828924709135173,0,12.20999999999998,0.04261002413514814,-0.2999948219186398,0,0.6698825783739221,0.16765976102063343,0,0,0,0,0,0,0,0,0,0,0,0
2021-12-09,398.35,400.2,393.53,393.73,384.81,49973700.0,385.976,374.37519999999995,-0.014722449815649297,52.04404263798536,1.819669939111293,2.627073755130397,1,3.730000000000018,0.01987582375199981,0.2747092133455771,0,0.6570709208796595,0.2238671443818451,0,0,0,0,0,0,0,0,0,0,0,0
2021-12-10,396.62,398.28,393.36,398.01,388.99,52545800.0,386.3385,375.158,0.010862503573191962,55.462464884355015,2.034209052466565,2.508500814597631,0,14.54000000000002,0.0006151322000096382,0.05146907273225709,0,0.6663844388494017,0.237291010482421,0,0,0,0,0,0,0,0,0,0,0,0
2021-12-13,398,398.33,391.88,392.26,383.37,50166400.0,386.219,375.785,-0.014447672176662651,50.27364893794872,1.7307942945259356,2.3529595105832923,0,5.920000000000016,-0.018307618419119986,-0.04528240125756955,0,0.6538624362202268,0.2248728513907409,0,0,0,0,0,0,0,0,0,0,0,0
2021-12-14,387.3,390.09,383.63,388.2,379.4,75199200.0,385.90549999999996,376.4803999999999,-0.010355531210058277,46.933319895233566,1.1566568711306218,2.113698982692758,1,-9.420000000000016,-0.013940699813528967,0.4989953434968426,0,0.6450168222633185,0.3555197762080097,0,0,0,0,0,0,0,0,0,0,0,0
2021-12-15,387.94,397.42,383.88,397.05,388.05,73858000.0,385.8875,377.2558,0.02279915656299436,54.0907814783169,1.3836813186569543,1.9676954498855974,0,-2.509999999999991,-0.0020040468237265685,-0.01783529612017154,0,0.6642900113633832,0.34852001367385765,0,0,0,0,0,0,0,0,0,0,0,0
2021-12-16,398.04,398.48,385.21,386.84,378.07,82591400.0,385.36,377.7868,-0.025718335266074033,46.32704442315185,0.7496556713495579,1.7240874941783897,0,-6.740000000000009,-0.01327470991313795,0.11824582306588316,0,0.6420534301820369,0.3940998870080086,0,0,0,0,0,0,0,0,0,0,0,0
2021-12-17,383.33,389.19,381.77,384.91,376.19,80492500.0,384.537,378.2156,-0.004972624117226987,45.016266768112445,0.09439733603636569,1.398149462549985,0,-12.800000000000011,-0.00789180282030666,-0.02541305753383527,0,0.6378645752099997,0.38314566572637154,0,0,0,0,0,0,0,0,0,0,0,0
2021-12-20,379.57,381.5,377.47,380.69,372.54,65336800.0,383.422,378.6068,-0.009702543927270768,42.50193361118008,-0.711225545887487,0.9762744608624907,0,-10.829999999999984,-0.04039350331057179,-0.18828710749448707,0,0.6297319578440765,0.304047618426306,0,0,0,0,0,0,0,0,0,0,0,0
2021-12-20,0.49 Dividend,,,,,,380.633,358.1982,0.0,42.50193361118008,-0.711225545887487,0.6387744595124951,0,0.0,-0.014675168044497755,0.0,0,0.6483144314966244,0.21826086275778742,1,1,0,0,0,0,1,0,0,0,1,1
2021-12-21,384.05,389.53,380.2,389.21,380.88,48899500.0,380.633,358.1982,0.02238685778708316,42.501933611180085,-0.6674327627993648,0.37753301505012316,1,-7.170000000000016,0.01268431385981239,-0.2515779774950717,0,0.6483144314966244,0.21826086275778742,1,1,0,0,0,0,0,0,0,0,0,0
2021-12-22,388.91,394.16,388.23,393.95,385.52,37042200.0,380.633,358.1982,0.012182314639781477,47.18558920219279,-0.2564649890867372,0.2507334142227511,1,7.449999999999989,0.034569172426864636,-0.2424830519739466,0,0.6586528820659076,0.15637726277553216,1,1,0,0,0,0,0,0,0,0,0,0
2021-12-23,394.31,398.43,394.14,396.92,388.42,29595500.0,380.633,358.1982,0.007522307532683126,49.93074826524914,0.299780018683407,0.2605427351148823,1,12.230000000000018,0.04209147995954776,-0.2010328760170832,0,0.6651144136717096,0.1175127148609259,1,1,0,0,0,0,0,0,0,0,0,0
2021-12-27,398.25,403.48,398.22,403.48,394.84,32820700.0,380.633,358.1982,0.01652850007723594,55.451179429202135,1.2443049675781026,0.45729518160752636,0,22.299999999999955,0.036233122249700545,0.10897602676082507,0,0.6794189077783471,0.13434512921012595,1,1,0,0,0,0,0,0,0,0,0,0
2021-12-28,404.4,404.58,400.71,401.61,393.01,33113700.0,380.633,358.1982,-0.004634788775200072,53.63584044971718,1.824154372352325,0.7306670197564862,0,0.0,0.019416018834718995,0.008927292836533152,0,0.6753414585236514,0.1358743048904917,1,1,0,0,0,0,1,0,0,0,0,0
2021-12-29,401.75,403.05,399.11,401.55,392.95,32248500.0,380.633,358.1982,-0.00015266787104650792,53.57391272056677,2.2528779302540443,1.0351092018559978,0,12.069999999999993,0.011741043430989362,-0.026128158435934412,0,0.6752077716628416,0.1313588004582308,1,1,0,0,0,0,0,0,0,0,0,0
2021-12-30,401.33,403.57,399.75,400.35,391.78,23850100.0,380.633,358.1982,-0.0029774780506426346,52.30568211495765,2.469765299775247,1.3220404214398478,0,6.259999999999991,-0.007764934696889214,-0.2604276167883778,0,0.6726008778770526,0.08752730204873008,1,1,0,0,0,0,0,0,0,0,0,0
2021-12-31,399.66,401.06,397.34,397.85,389.33,34752900.0,380.633,358.1982,-0.0062535096227474,49.65491245973575,2.416104232593625,1.5408531836706034,1,0.9099999999999682,-0.009383655544436542,0.4571385444924758,0,0.6671419977273233,0.14442933825313858,1,1,0,0,0,0,0,0,0,0,0,0
2022-01-03,399.05,401.94,396.88,401.68,393.08,40575900.0,380.633,358.1982,0.009631931780237801,53.53629810475704,2.6456734337179455,1.761817233680072,0,-1.759999999999991,0.00040094410684776705,0.16755436236975907,0,0.6754974265279293,0.17481974776429818,1,1,0,0,0,0,0,0,0,0,0,0
2022-01-04,402.24,402.28,393.29,396.47,387.98,58027200.0,380.633,358.1982,-0.012974458125572297,48.10455200529381,2.3885476119924647,1.8871633093425504,0,-5.029999999999973,-0.009596035968081895,0.43009027526191645,0,0.6641340433591052,0.2658985994733999,1,1,0,0,0,0,0,0,0,0,0,0
2022-01-05,394.74,395.89,384.03,384.29,376.06,75739800.0,380.633,358.1982,-0.030723233156348284,38.31880752136715,1.2089926506748725,1.751529177609015,0,-16.889999999999986,-0.03406575950168278,0.30524650508726947,0,0.637574920344912,0.3583411836237288,1,1,0,0,0,0,0,0,0,0,0,0
2022-01-06,382.42,387.35,380.13,384.02,375.8,70814300.0,380.633,358.1982,-0.0006913790352602867,38.13657279664643,0.25032146843830105,1.4512876357748723,0,-15.979999999999961,-0.04438907031718087,-0.06503185907541342,0,0.6369956106147368,0.33263485320174424,1,1,0,0,0,0,0,0,0,0,0,0
2022-01-07,384.03,385.76,378.04,379.86,371.73,72652300.0,380.633,358.1982,-0.010830228845130407,35.30600553527151,-0.8282992181395343,0.9953702649919911,1,-17.599999999999966,-0.04224484103673898,0.025955209611618013,0,0.6279271852231456,0.34222742965400443,1,1,0,0,0,0,0,0,0,0,0,0
2022-01-10,374.82,380.64,369.31,380.11,371.97,91770500.0,380.633,358.1982,0.0006456298926640347,35.609503029841406,-1.6447877991547557,0.46733865216264175,1,-21.109999999999957,-0.01087597798772666,0.263146521170011,0,0.6284619326663845,0.44200588184638834,1,1,0,0,0,0,0,0,0,0,0,0
2022-01-11,379.36,385.99,377.22,385.82,377.56,68295700.0,380.633,358.1982,0.015028093663467468,42.38878121966056,-1.8198168834355783,0.009907545042997734,1,-10.420000000000016,0.004843494711001095,-0.25579897679537544,0,0.6409170918651544,0.3194902051861498,1,1,0,0,0,0,0,0,0,0,0,0
2022-01-12,388.46,390.2,385.01,387.35,379.06,54576400.0,380.633,358.1982,0.003972878482890074,44.089829460574805,-1.8165511587731658,-0.355384195720235,0,3.0,0.019646602039021577,-0.20088087536989885,0,0.6442592633853969,0.24788877204061446,1,1,0,0,0,0,0,0,0,0,0,0
2022-01-13,388.77,389.47,376.7,377.66,369.57,77994000.0,380.633,358.1982,-0.025035614414604557,36.70565169634717,-2.5503281419148607,-0.7943729849591602,1,-6.230000000000018,-0.006034642268247015,0.42907923571360507,0,0.6231144582339965,0.3701059202062561,1,1,0,0,0,0,0,0,0,0,0,0
2022-01-14,375.07,380.35,374.86,380.01,371.87,80121200.0,380.633,358.1982,0.006223448873014625,39.35655505443747,-2.912685286633689,-1.218035445294066,0,0.13999999999998636,-0.014839287058699857,0.02727389286355364,0,0.6282391212317016,0.3812078400263039,1,1,0,0,0,0,0,0,0,0,0,0
2022-01-18,374.04,376.22,369.77,370.55,362.62,75450900.0,380.633,358.1982,-0.024874284023986837,33.31360299782301,-3.901282077662586,-1.7546847717677703,0,-9.350000000000023,-0.04368644956557677,-0.05829043998342509,0,0.60762906352354,0.35683340596482893,1,1,0,0,0,0,0,0,0,0,0,0
2022-01-19,372.15,374.69,366.21,366.48,358.63,81791500.0,380.633,358.1982,-0.011003254095196091,31.095672790839146,-4.949655266330069,-2.39367887068023,0,-18.930000000000007,-0.029654089246168303,0.0840361082505312,0,0.5987388872796952,0.38992518521031383,0,1,0,0,0,0,0,0,0,0,0,0
2022-01-20,369.79,373.87,361.17,361.72,353.98,88610700.0,379.288,358.1982,-0.01296600953629079,28.69773133466431,-6.085564114815043,-3.132055919507193,0,-25.079999999999984,-0.04884354765547372,0.08337296662856164,0,0.5883781555669437,0.425514792034717,0,1,0,0,0,0,0,0,0,0,0,0
2022-01-21,359.47,362.18,351.4,351.69,344.16,143388900.0,377.22,358.1982,-0.027741680320922057,24.41569013893441,-7.689531855197174,-4.0435511066451895,1,-25.409999999999968,-0.05171094395240894,0.6181894511610899,0,0.56649807268109,0.7114038406839017,0,1,0,0,0,0,0,0,0,0,0,0
2022-01-24,345.91,353.98,334.15,353.3,345.74,198685800.0,375.086,358.1982,0.004590887959088796,26.32062227126822,-8.732531858571235,-4.981347257030398,0,-26.129999999999995,-0.03611680189812405,0.3856428217246941,0,0.5700184933490786,1.0,0,1,0,0,0,0,0,0,0,0,0,0
2022-01-25,346.67,351.03,341.68,345.11,337.72,124398400.0,372.23,358.1982,-0.02319662173887882,23.133548763396277,-10.089953150575752,-6.003068435739469,0,-24.899999999999977,-0.04634741410071208,-0.37389385653126694,0,0.5521490162875159,0.6122918585747352,0,1,0,0,0,0,0,0,0,0,0,0
2022-01-26,352.91,356.88,340.78,344.57,337.19,146559500.0,369.43899999999996,358.1982,-0.0015693473883691134,22.93589828659168,-11.080753842025729,-7.018605516996722,0,-21.439999999999998,-0.020175081168159137,0.1781461819444623,0,0.5509681156836969,0.7279512960155319,0,1,0,0,0,0,0,0,0,0,0,0
2022-01-27,349.4,351.27,340.05,341.1,333.8,95255700.0,366.4815,358.1982,-0.010053678934725196,21.66109125523596,-12.001173143395022,-8.015119042276382,1,-20.180000000000007,-0.03481964806197313,-0.35005441475987564,0,0.5434148080479491,0.460195243898302,0,1,0,0,0,0,0,0,0,0,0,0
2022-01-28,343.03,352.02,337.95,351.8,344.27,108167900.0,364.106,358.1982,0.031366087477531446,33.88381863959435,-11.750320195540326,-8.762159272929171,1,0.1099999999999568,0.019743061154437136,0.13555304301999782,0,0.5667431652592411,0.5275843982328366,0,1,0,0,0,0,0,0,0,0,0,0
2022-01-31,353.2,363.65,351.52,363.05,355.28,94326400.0,362.4035,358.1982,0.03198071281261794,43.8118018449214,-10.541585604536863,-9.118044539250711,1,9.539999999999964,0.05329312135542419,-0.12796310180746784,0,0.5912747042178204,0.4553451996670259,0,1,0,0,0,0,0,0,0,0,0,0
2022-02-01,364.43,366.19,359.14,365.52,357.69,74433000.0,360.634,358.1982,0.006783382121144044,45.73270663596047,-9.282188581904052,-9.15087334778138,1,19.96999999999997,0.07013018241129343,-0.2108995996878923,0,0.5966444597936765,0.3515209557087051,0,1,0,0,0,0,0,0,0,0,0,0
2022-02-02,369.76,370.1,364.29,368.49,360.6,78777100.0,359.265,358.1982,0.008135536358299111,48.04248208170653,-7.957564833893741,-8.912211645003852,0,23.410000000000025,0.046899631292061095,0.058362554243413634,0,0.6031282725429469,0.374192942306237,0,1,0,0,0,0,0,0,0,0,0,0
2022-02-03,358.53,361.93,352.46,353.55,345.98,95384800.0,357.761,358.1982,-0.04054353854686632,39.049795963502724,-7.995337511846969,-8.728836818372475,1,12.180000000000007,-0.025624620067423165,0.21081888010602068,0,0.5705532407923175,0.4608690206229956,0,1,0,0,0,0,0,0,0,0,0,0
2022-02-04,354.08,361.4,351.97,358.01,350.34,86318300.0,356.488,358.1982,0.012601884501994176,42.50608220000676,-7.586010265094103,-8.5002715077168,0,6.069999999999993,-0.019806117686573033,-0.09505183215774426,0,0.5802678193444887,0.4135506885204834,0,1,0,0,0,0,0,0,0,0,0,0
2022-02-07,358.62,361.05,353.84,355.13,347.53,58198100.0,355.27799999999996,358.1982,-0.00802077981389504,40.89645709029067,-7.403021564474727,-8.280821519068386,1,-7.75,-0.035962433858767184,-0.3257733296415708,0,0.5740068180299012,0.26679053163645283,0,1,0,0,0,0,0,0,0,0,0,0
2022-02-08,353.96,360.24,352.8,359.12,351.43,64720900.0,354.25100000000003,358.1982,0.01122205277242272,44.062519919883705,-6.864178319664973,-7.997492879187703,1,-6.259999999999991,0.015803157460521855,0.11207926031949489,0,0.5826964639825316,0.3008332180797624,0,1,0,0,0,0,0,0,0,0,0,0
2022-02-09,363.76,366.81,362.12,366.73,358.88,55766400.0,353.317,358.1982,0.021199100816663208,49.61496103953325,-5.769481437609841,-7.551890590872132,0,-1.7200000000000273,0.024400373775190887,-0.13835561619198744,0,0.5992959158664022,0.25409941729534224,0,1,0,0,0,0,0,0,0,0,0,0
2022-02-10,359.52,366.49,356.54,358.43,350.76,112468500.0,351.902,358.1982,-0.022625947391885837,44.43751834137146,-5.493813151810457,-7.140275103059797,0,4.779999999999973,0.00979520619720009,1.0167789206403857,0,0.5812036273701566,0.5500293570416452,0,1,0,0,0,0,0,0,0,0,0,0
2022-02-11,358.43,360.07,345.8,347.06,339.63,101569100.0,350.40500000000003,358.1982,-0.031731098186794426,38.506130256701944,-6.103089416192006,-6.93283796568624,1,-10.70999999999998,-0.033157944762017055,-0.09691069054890922,0,0.5564047146899579,0.49314506553796456,0,1,0,0,0,0,0,0,0,0,0,0
2022-02-14,346.49,350.98,343.89,347.49,340.05,80254400.0,348.81399999999996,358.1982,0.0012366398728027583,38.83789313465305,-6.477387464739422,-6.841747865496877,1,-7.479999999999961,-0.053120405705877505,-0.20985417809156526,0,0.5573405227156257,0.38190301477246336,0,1,0,0,0,0,0,0,0,0,0,0
2022-02-15,352.91,356.37,351.82,356.13,348.5,55128800.0,348.108,358.1982,0.02484928686957799,45.239057545320804,-6.022750466139939,-6.6779483856254895,0,-2.930000000000007,-0.005645171444413677,-0.31307442333379853,0,0.5761680889463247,0.2507717640059184,0,1,0,0,0,0,0,0,0,0,0,0
2022-02-16,353.82,357.09,350.71,356.04,348.42,58947100.0,347.59749999999997,358.1982,-0.00022955523672874012,45.19083558318505,-5.604299820899428,-6.463218672680277,0,-10.45999999999998,0.02585637150565201,0.06926143866726653,0,0.5759898397985784,0.2706995848261933,0,1,0,0,0,0,0,0,0,0,0,0
2022-02-17,352.74,353.46,345.02,345.45,338.05,61801400.0,346.801,358.1982,-0.02976292979737105,39.33740480728497,-6.039823676384515,-6.378539673421125,0,-12.70999999999998,-0.0051431981645218006,0.04842138120450379,0,0.5528842940219691,0.28559626108717606,0,1,0,0,0,0,0,0,0,0,0,0
2022-02-18,346.41,346.81,339.14,341.51,334.2,80001500.0,346.303,358.1982,-0.011388847803579405,37.40051737336689,-6.619338677959604,-6.426699474328821,0,-5.430000000000007,-0.0413813328376792,0.2944933286300957,0,0.5443060537866803,0.38058312218009305,0,1,0,0,0,0,0,0,0,0,0,0
2022-02-22,338.49,344.04,334.35,338.08,330.84,85967100.0,345.558,358.1982,-0.010053859964093359,35.74629844908941,-7.265974776880682,-6.594554534839193,0,-9.210000000000036,-0.051205637565043816,0.0745686018387155,0,0.5368195895813372,0.41171776531589477,0,1,0,0,0,0,0,0,0,0,0,0
2022-02-23,341.32,342.18,329.1,329.42,322.37,86215400.0,344.79049999999995,358.1982,-0.02560149921412158,31.914266994861606,-8.36546488541569,-6.948736604954493,1,-26.129999999999995,-0.047044206981794345,0.0028883142504516623,0,0.5179474610637017,0.41301365037198634,0,1,0,0,0,0,0,0,0,0,0,0
2022-02-24,318.84,341.04,318.26,340.49,333.2,130614100.0,344.591,358.1982,0.03359493749418374,40.671924884759285,-8.267624202525269,-7.212514124468648,1,-15.220000000000027,-0.0020604216840311995,0.514974122952512,0,0.5420779394398519,0.644731781019955,0,1,0,0,0,0,0,0,0,0,0,0
2022-02-25,341.31,345.98,337.39,345.77,338.37,78842100.0,344.81949999999995,358.1982,0.015516206482593109,44.351773528872265,-7.684328804790425,-7.3068770605330045,1,0.3199999999999932,0.02350964476265527,-0.3963737452541495,0,0.5535972906129543,0.3745321792319154,0,1,0,0,0,0,0,0,0,0,0,0
2022-02-28,342.51,348.54,341.32,346.8,339.37,77515500.0,344.57450000000006,358.1982,0.0029553447409640388,45.061580079321175,-7.059988207650065,-7.257499289956417,0,5.170000000000016,0.05206648871774089,-0.016826035836183917,0,0.5558254049597825,0.36760861453030036,0,1,0,0,0,0,0,0,0,0,0,0
2022-03-01,345.75,348.08,338.9,341.49,334.18,67407000.0,343.5195,358.1982,-0.01529304299142531,42.062836879140676,-6.90439385709675,-7.186878203384484,1,3.340000000000032,0.003178508232131838,-0.13040617682915034,0,0.5442614914997438,0.314852053557682,0,1,0,0,0,0,0,0,0,0,0,0
2022-03-02,343.08,348.59,340.24,347.22,339.79,70609000.0,342.6245,358.1982,0.01678736010533255,46.22833133452687,-6.2562855327932425,-7.000759669266236,0,17.420000000000016,0.0044496618548712785,0.04750248490512865,0,0.5567612129854504,0.33156338641956296,0,1,0,0,0,0,0,0,0,0,0,0
2022-03-03,349.93,350.04,340.35,342.26,334.93,71089400.0,341.341,358.1982,-0.014302951823184973,43.322433949774016,-6.064903962096253,-6.8135885278322394,0,1.7300000000000182,-0.012808634709277733,0.0068036652551375365,0,0.545932577259865,0.3340706082518078,0,0,0,0,0,0,0,0,0,0,0,0
2022-03-04,339.84,341.31,334.92,337.3,330.08,76936300.0,340.546,357.18219999999997,-0.014480637745200586,40.58095761902469,-6.232740008278483,-6.697418823921488,0,-8.29000000000002,-0.01199622946305301,0.08224714233064279,0,0.5351262226777478,0.36458575257102444,0,0,0,0,0,0,0,0,0,0,0,0
2022-03-07,337.29,338.48,324.65,324.86,317.9,89933800.0,338.924,355.82980000000003,-0.03690014541929232,34.650696061730685,-7.264831041517709,-6.810901267440732,0,-21.470000000000027,-0.06568373498767788,0.1689384594788157,0,0.5079877899333793,0.4324200901326416,0,0,0,0,0,0,0,0,0,0,0,0
2022-03-08,324.05,333.21,319.94,323.35,316.43,116153900.0,337.369,354.39,-0.004624095627555724,34.00482353329302,-8.107924232328855,-7.070305860418356,1,-17.75,-0.05600487879204863,0.2915488948537701,0,0.5047124618435418,0.5692635688246485,0,0,0,0,0,0,0,0,0,0,0,0
2022-03-09,331.75,336.38,329.09,334.99,327.82,64723400.0,336.18850000000003,353.0496,0.035995322820213005,42.887734515789,-7.767465344989148,-7.209737757332515,0,-11.970000000000027,-0.005528918226635038,-0.44277893381109024,0,0.5300906842539158,0.300846265653827,0,0,0,0,0,0,0,0,0,0,0,0
2022-03-10,330.82,332.51,326.71,331.27,324.18,69362700.0,334.45349999999996,351.673,-0.011103654444512223,40.98896433130623,-7.702576298270117,-7.308305465520037,0,-10.75,0.020267572748145057,0.07167886730301554,0,0.521980348031461,0.32505890979690144,0,0,0,0,0,0,0,0,0,0,0,0
2022-03-11,334.32,334.64,323.9,324.4,317.45,66228400.0,332.78799999999995,350.163,-0.020760071565179894,37.66837936528504,-8.100824751145296,-7.466809322645089,0,-12.629999999999995,0.004131596810520888,-0.04518711065169034,0,0.5069851384773066,0.3087009052406886,0,0,0,0,0,0,0,0,0,0,0,0
2022-03-14,323.13,326.59,317.45,318.17,311.36,79802600.0,331.3745,348.55460000000005,-0.019184123484013105,34.91217468485499,-8.806337644410519,-7.734714986998175,1,-6.539999999999964,-0.05104784949370522,0.20496040973358864,0,0.4934159221051224,0.3795450571875171,0,0,0,0,0,0,0,0,0,0,0,0
2022-03-15,320.88,328.95,319.23,328.15,321.12,76471000.0,330.428,347.1904,0.031346351490236346,42.210163663743785,-8.48015728848543,-7.883803447295627,1,4.689999999999998,-0.008597843558956653,-0.04174801322262678,0,0.5151623181301664,0.3621573380861296,0,0,0,0,0,0,0,0,0,0,0,0
2022-03-16,332.17,340.44,328.4,340.32,333.03,105243000.0,329.6545,345.98940000000005,0.03708893871449925,49.63190172809951,-7.177877439387601,-7.742618245714022,1,5.2099999999999795,0.049251166720722495,0.3762472048227432,0,0.5416991600008911,0.5123192584802708,0,0,0,0,0,0,0,0,0,0,0,0
2022-03-17,338.37,344.5,337.04,344.44,337.07,67810000.0,329.087,344.97119999999995,0.012131039245713682,51.88901171994663,-5.753494338933308,-7.344793464357879,1,12.889999999999986,0.08056632945044928,-0.355681613028895,0,0.5507007419620774,0.3169553224968882,0,0,0,0,0,0,0,0,0,0,0,0
2022-03-18,342.74,351.79,341.55,351.49,343.96,85446300.0,329.3825,344.32919999999996,0.020440857982021443,55.547610777358145,-4.022328156652236,-6.6803004028167505,0,26.50999999999999,0.06966083594223438,0.26008405839846627,0,0.5660524498117242,0.4089996946867669,0,0,0,0,0,0,0,0,0,0,0,0
2022-03-21,350.2,352.48,345.58,350.08,343.01,73799100.0,329.823,343.6734,-0.0027619490638446376,54.92738681017432,-2.6959463539345165,-5.883429593040304,0,31.649999999999977,0.029809948163890487,-0.13631017375825516,0,0.5639357411822374,0.3482126128288967,0,0,0,0,0,0,0,0,0,0,0,0
2022-03-21,0.43 Dividend,,,,,,347.45349999999996,320.1696,0.0,54.92738681017432,-2.6959463539345165,-5.245932945219147,0,0.0,0.017678908918176806,0.0,0,0.57895323187986,0.29365705234425765,1,1,0,0,0,0,1,0,0,0,1,1
2022-03-22,350.59,357.85,350.2,356.96,349.75,63345900.0,347.45349999999996,320.1696,0.019649572898749357,54.927386810174326,-0.7635789146636967,-4.3494621391080575,0,16.720000000000027,0.01688762383490472,-0.14164400378866404,0,0.57895323187986,0.29365705234425765,1,1,0,0,0,0,0,0,0,0,0,0
2022-03-23,354.01,357.66,351.77,351.83,344.72,70615500.0,347.45349999999996,320.1696,-0.014381701215153586,51.15052021055938,0.05059213991512479,-3.4694512833034215,1,7.650000000000034,0.005267871683595771,0.11476038701794433,0,0.5677458167153139,0.3315973101121309,1,1,0,0,0,0,0,0,0,0,0,0
2022-03-24,353.8,359.7,351.59,359.65,352.38,53555300.0,347.45349999999996,320.1696,0.0222209329310743,56.10095401911291,1.2989530272356546,-2.5157704211956067,0,8.420000000000016,0.02748880461467007,-0.24159285142780262,0,0.5848131726120184,0.242559620889688,1,1,0,0,0,0,0,0,0,0,0,0
2022-03-25,359.59,360.67,354.94,359.35,352.09,57584200.0,347.45349999999996,320.1696,-0.0008229751972302912,55.870110992050655,2.2390767648545307,-1.5648009839855792,1,9.079999999999984,0.0070162565186904224,0.07522878221203122,0,0.5841670194514381,0.2635865693491609,1,1,0,0,0,0,0,0,0,0,0,0
2022-03-28,359.34,365.01,358.07,364.91,357.54,56833900.0,347.45349999999996,320.1696,0.015478996847397175,59.26263288159631,3.3848822371786014,-0.5748643397527431,1,0.0,0.036876954581241184,-0.013029615762657154,0,0.5963102426416523,0.2596707314209069,1,1,0,0,0,0,1,0,0,0,0,0
2022-03-29,368.9,371.83,366.06,371.19,363.69,68073000.0,347.45349999999996,320.1696,0.017200872629635766,62.74326345776868,4.73461721136772,0.4870319704713495,0,13.939999999999998,0.03185689427980265,0.19775345348462792,0,0.6100131458746463,0.31832792728847925,1,1,0,0,0,0,0,0,0,0,0,0
2022-03-30,369.28,370.98,365.57,367.09,359.67,68757700.0,347.45349999999996,320.1696,-0.01105336962797987,59.18365386215493,5.417462365374945,1.4731180494520686,0,14.949999999999989,0.02162649984905307,0.010058319744979727,0,0.6010561262003966,0.32190139687327934,1,1,0,0,0,0,0,0,0,0,0,0
2022-03-31,367.24,367.6,361.68,362.54,355.22,67011400.0,347.45349999999996,320.1696,-0.012372452525926558,55.43449371676601,5.5357317895644655,2.285640797474548,0,2.840000000000032,-0.006224949524270662,-0.02539788270986376,0,0.5911410173570107,0.312787405437707,1,1,0,0,0,0,0,0,0,0,0,0
2022-04-01,362.81,363.61,358.59,361.85,354.54,54527800.0,347.45349999999996,320.1696,-0.001914306626879081,54.86256498954865,5.511062742538343,2.930725186487307,1,2.4500000000000455,-0.02534012878078551,-0.18629069083767835,0,0.5896258996011675,0.24763512720079953,1,1,0,0,0,0,0,0,0,0,0,0
2022-04-04,362.71,369.31,362.44,369.3,361.84,45950200.0,347.45349999999996,320.1696,0.02059006035990274,59.67272311760977,6.011267190110061,3.546833587211858,0,4.2999999999999545,0.006303301207097101,-0.1573069150048232,0,0.6058911343330139,0.20286837868235158,1,1,0,0,0,0,0,0,0,0,0,0
2022-04-05,367.81,368.54,359.93,361.1,353.81,62738700.0,347.45349999999996,320.1696,-0.022192129117842074,52.98398127320358,5.6940909915966245,3.9762850680888118,0,-9.879999999999995,-0.0035163753848184154,0.36536293639635953,0,0.5879993761279828,0.2904880575554587,1,1,0,0,0,0,0,0,0,0,0,0
2022-04-06,355.65,356.78,350.56,353.26,346.12,90077100.0,347.45349999999996,320.1696,-0.021734829428224134,47.49363806429558,4.767253901689003,4.13447883480885,1,-13.550000000000011,-0.02333689818616347,0.4357501829014627,0,0.5708651768008733,0.4331679770780219,1,1,0,0,0,0,0,0,0,0,0,0
2022-04-07,352.24,356.35,348.69,354.1,346.95,63777400.0,347.45349999999996,320.1696,0.002398012250086623,48.11852814287674,4.052982632938779,4.118179594434836,0,-8.270000000000039,-0.041528946295979585,-0.2919687689767988,0,0.5727145117087408,0.2959090636277997,1,1,0,0,0,0,0,0,0,0,0,0
2022-04-08,352.32,353.09,348.5,349.15,342.1,61956100.0,347.45349999999996,320.1696,-0.01397895950425121,44.76588588733112,3.0602859678730283,3.906600869122475,0,-12.439999999999998,-0.03331577668238872,-0.028557137794892884,0,0.5619081571266238,0.2864036449702907,1,1,0,0,0,0,0,0,0,0,0,0
2022-04-11,344.81,345.75,340.54,340.89,334.0,66107400.0,347.45349999999996,320.1696,-0.023677287342882214,39.7807621466995,1.6015032705380463,3.4455813494055896,0,-27.839999999999975,-0.0352582345970468,0.06700389469317791,0,0.5438604309173146,0.30806940265596416,1,1,0,0,0,0,0,0,0,0,0,0
2022-04-12,345.76,347.69,338.04,339.45,332.59,72790200.0,347.45349999999996,320.1696,-0.0042215568862276065,38.96728072877685,0.32785297182215345,2.8220356738889025,1,-21.220000000000027,-0.04187780373336103,0.10109004438232327,0,0.5407187896882867,0.3429471338394052,1,1,0,0,0,0,0,0,0,0,0,0
2022-04-13,339.8,347.43,339.06,346.35,339.35,61367800.0,347.45349999999996,320.1696,0.020325325475811118,44.79580835286248,-0.13449815078234906,2.230728908954652,0,-6.769999999999982,-0.0075735187532987025,-0.15692222304650905,0,0.555780842672846,0.2833332898414198,1,1,0,0,0,0,0,0,0,0,0,0
2022-04-14,346.44,346.97,338.21,338.43,331.59,73519400.0,347.45349999999996,320.1696,-0.022867246205982128,40.06572441862706,-1.1142376553780196,1.5617355960881179,1,-15.360000000000014,-0.0067634776163986166,0.1980126385498584,0,0.5384906753414584,0.3467528502425544,1,1,0,0,0,0,0,0,0,0,0,0
2022-04-18,337.35,341.04,335.79,338.69,331.85,58560600.0,347.45349999999996,320.1696,0.0007841008474323008,40.29320876182685,-1.8484012255840412,0.8797082317536862,1,-10.25,-0.0017578198827387093,-0.20346738411902165,0,0.5390699850716338,0.26868242987581314,1,1,0,0,0,0,0,0,0,0,0,0
2022-04-19,338.03,346.85,336.98,346.26,339.27,56515700.0,347.45349999999996,320.1696,0.022359499773994207,46.530520469330554,-1.8106273706105753,0.3416411112808339,0,5.269999999999982,0.0002763544154443798,-0.03491938265659844,0,0.5556025935250997,0.25801003619397045,0,1,0,0,0,0,0,0,0,0,0,0
2022-04-20,347.09,347.56,339.96,341.21,334.32,65500000.0,346.682,320.1696,-0.014590149438500233,43.282129367659586,-2.155270334712725,-0.15774117791787784,0,1.7300000000000182,0.008553451182926275,0.15896998533150963,0,0.5445734275082996,0.3048993640612401,0,1,0,0,0,0,0,0,0,0,0,0
2022-04-21,345.19,347.87,333.2,334.15,327.4,75801000.0,345.816,320.1696,-0.02069873175400816,39.16568965823701,-2.9527510577589737,-0.7167431538860971,0,-11.950000000000045,-0.012929381418514185,0.157267175572519,0,0.529154876228248,0.3586605882368291,0,1,0,0,0,0,0,0,0,0,0,0
2022-04-22,334.31,335.56,324.96,325.4,318.83,82562100.0,344.13849999999996,320.1696,-0.02617593158216247,34.75695219585312,-4.227555030997394,-1.4189055293083566,1,-12.759999999999991,-0.06146481277467086,0.08919539320061731,0,0.5100599362759296,0.393946969439972,0,1,0,0,0,0,0,0,0,0,0,0
2022-04-25,323.73,329.9,322.43,329.58,322.92,101755900.0,342.67999999999995,320.1696,0.012828152934165615,38.32510968348542,-4.851888001130135,-2.105502023672712,0,-8.930000000000007,-0.034046510402005015,0.23247712933658415,0,0.5191729239544574,0.49411998027206805,0,1,0,0,0,0,0,0,0,0,0,0
2022-04-26,327.47,327.66,316.86,317.14,310.73,105819600.0,340.3395,320.1696,-0.03774928774928776,32.60214540841572,-6.258167245523225,-2.936035068042815,0,-28.539999999999964,-0.05109706639728462,0.03993576785228181,0,0.49201221006662066,0.5153285509625196,0,1,0,0,0,0,0,0,0,0,0,0
2022-04-27,317.24,322.88,315.0,316.76,310.36,111204200.0,337.673,320.1696,-0.0011907443761465242,32.443783101520026,-7.318150502577396,-3.812458154949731,1,-23.95999999999998,-0.026111879191268672,0.05088471322892918,0,0.4911878077582942,0.543430937885719,0,1,0,0,0,0,0,0,0,0,0,0
2022-04-28,321.85,329.89,317.52,328.01,321.38,99450000.0,335.7585,320.1696,0.03550715298363194,41.550303300598515,-7.186135669755686,-4.487193657910923,0,-6.019999999999982,-0.0034328791418023474,-0.1056992451723946,0,0.5157416278603417,0.4820854198578859,0,1,0,0,0,0,0,0,0,0,0,0
2022-04-29,323.7,327.23,312.6,313.25,306.92,91977900.0,333.3435,320.1696,-0.044993465679258104,34.90202564346441,-8.154316234698683,-5.220618173268475,1,-11.909999999999968,-0.010677057071772689,-0.07513423831070887,1,0.4835230944052049,0.44308830859078374,0,1,0,0,0,0,0,0,0,0,0,0
2022-05-02,312.83,318.72,309.65,318.48,312.05,115511800.0,331.219,320.1696,0.016714453277727026,38.65233215259137,-8.410704811395362,-5.858635500893853,1,-10.870000000000005,0.0072281405821008615,0.2558647240260976,0,0.4949533210044339,0.5659124299019084,0,1,0,0,0,0,0,0,0,0,0,0
2022-05-03,318.5,321.17,315.98,318.82,312.38,78185500.0,328.746,320.1696,0.0010575228328792985,38.896196768200916,-8.489405778193145,-6.384789556353711,1,1.6499999999999773,-0.02722148956865178,-0.32313841529609966,0,0.49568859873888726,0.37110536437960095,0,1,0,0,0,0,0,0,0,0,0,0
2022-05-04,319.31,330.29,313.89,329.6,322.94,116083400.0,327.2025,320.1696,0.03380498111274721,46.258223827843786,-7.611927552428426,-6.630217155568655,0,12.579999999999984,0.05157695722335354,0.4847177545708603,0,0.5192174862413939,0.568895627236028,0,1,0,0,0,0,0,0,0,0,0,0
2022-05-05,325.17,325.25,309.62,313.0,306.68,154607400.0,325.2305,320.1696,-0.050349910200037096,38.555315421846075,-8.134793015975447,-6.931132327650014,0,-14.699999999999989,-0.015487406254410585,0.3318648488931233,1,0.482988346961966,0.769953524541182,0,1,0,0,0,0,0,0,0,0,0,0
2022-05-06,310.95,315.09,305.11,309.25,303.0,139572800.0,323.033,320.1696,-0.011999478283552856,37.051536597148754,-8.745302504327412,-7.293966362985493,0,-3.920000000000016,-0.02854440737084274,-0.09724372830795935,0,0.47478888616563797,0.6914875017288036,0,1,0,0,0,0,0,0,0,0,0,0
2022-05-09,303.48,309.35,295.72,297.15,291.15,113387300.0,320.4855,320.1696,-0.039108910891089144,32.637178806798175,-10.069259482331631,-7.849024986854721,1,-20.900000000000034,-0.1014582993746791,-0.18761176962846626,0,0.4483857311557228,0.5548246014618502,0,1,0,0,0,0,0,0,0,0,0,0
2022-05-10,304.51,305.76,296.57,300.76,294.68,124124600.0,318.5195,320.1696,0.01212433453546291,35.11707094882861,-10.710202875556206,-8.421260564595018,0,-17.69999999999999,-0.03898405463917909,0.09469579044566712,0,0.45625097480002674,0.6108628882631852,0,1,0,0,0,0,0,0,0,0,0,0
2022-05-11,298.44,304.09,290.95,291.84,285.94,140326100.0,316.187,320.1696,-0.029659291434776747,31.978104635691466,-11.787520885911022,-9.094512628858219,0,-37.0,-0.05664386779040298,0.1305261003862248,0,0.43677725540874757,0.6954189967459351,0,1,0,0,0,0,0,0,0,0,0,0
2022-05-12,287.45,295.75,284.94,291.15,285.27,120910900.0,313.483,320.1696,-0.0023431489123593163,31.74385651744231,-12.550690029227042,-9.785748108931983,1,-21.410000000000025,-0.019878105811673152,-0.1383577253269349,0,0.4352844187963726,0.5940904927546822,0,1,0,0,0,0,0,0,0,0,0,0
2022-05-13,295.72,303.0,294.08,301.94,295.84,83684900.0,311.6955,320.1696,0.03705261681915384,39.29840267398221,-12.162395881919338,-10.261077663529456,0,-7.160000000000025,0.0050501764720177755,-0.30787960390667835,0,0.4588355874423474,0.39980689590384455,0,1,0,0,0,0,0,0,0,0,0,0
2022-05-16,300.15,302.26,297.13,298.44,292.41,59190400.0,309.7235,320.1696,-0.011594104921579085,37.834998889122936,-11.993192252183462,-10.607500581260258,1,1.2600000000000477,0.023115362985215437,-0.2926991607804992,0,0.4511931552327265,0.2719693747341557,0,1,0,0,0,0,0,0,0,0,0,0
2022-05-17,304.45,306.56,300.55,306.17,299.99,62715300.0,307.7595,320.1696,0.02592250607024371,42.89577673216154,-11.119278385556413,-10.70985614211949,0,5.310000000000002,0.051381017967818465,0.059551886792452935,0,0.4680822619816849,0.2903659322622145,0,1,0,0,0,0,0,0,0,0,0,0
2022-05-18,301.54,302.25,289.85,291.14,285.26,79477100.0,305.3065,320.1696,-0.04910163672122414,36.65151027616266,-11.482915346055904,-10.864467982906772,0,-0.6800000000000068,-0.03477323557255951,0.2672681147981433,1,0.43526213765290434,0.3778462630443121,0,1,0,0,0,0,0,0,0,0,0,0
2022-05-19,289.29,294.39,287.58,289.58,283.73,79920700.0,303.123,320.1696,-0.005363528009535101,36.064267911427706,-11.759007946492204,-11.04337597562386,0,-1.5399999999999636,-0.02854265866051553,0.005581481961470569,0,0.43185312270225706,0.3801614245863266,0,1,0,0,0,0,0,0,0,0,0,0
2022-05-20,293.13,293.8,280.21,288.68,282.85,91764200.0,301.324,320.1696,-0.003101540196665864,35.70987117657738,-11.911513454566375,-11.217003471412365,1,-12.989999999999952,-0.057566704927425105,0.14819064397584114,0,0.42989238207704816,0.44197300195974565,0,1,0,0,0,0,0,0,0,0,0,0
2022-05-23,289.75,293.87,287.29,293.48,287.55,63648400.0,299.55550000000005,320.1696,0.016616581226798655,39.14923787879968,-11.52032530898839,-11.27766783892757,0,-4.860000000000014,0.00815151302059769,-0.3063918172882235,0,0.44036451950714106,0.2952358088060687,0,1,0,0,0,0,0,0,0,0,0,0
2022-05-24,288.13,288.86,282.25,287.24,281.44,73491100.0,298.091,320.1696,-0.021248478525473846,36.42139823552888,-11.569960519045594,-11.336126374951174,1,-18.55000000000001,-0.007733437495341056,0.15464175061745467,0,0.42675074084802034,0.34660515170414363,0,1,0,0,0,0,0,0,0,0,0,0
2022-05-25,285.71,293.39,285.5,291.26,285.38,67144500.0,296.842,320.1696,0.013999431495167691,39.355831681552075,-11.16269510790471,-11.301440121541882,1,0.12000000000000455,0.0093675341964925,-0.08635875636641721,0,0.43552951137452367,0.3134820582809038,0,1,0,0,0,0,0,0,0,0,0,0
2022-05-26,290.44,300.92,290.15,299.33,293.28,59462200.0,295.437,320.1696,0.027682388394421498,44.85198373626977,-10.086202889969229,-11.058392675227351,1,9.549999999999955,0.020433341364115343,-0.11441443454043143,0,0.45313161471446706,0.273387906986454,0,1,0,0,0,0,0,0,0,0,0,0
2022-05-27,302.54,309.25,302.42,309.1,302.86,66985600.0,295.23400000000004,320.1696,0.03266503000545562,50.68834750171148,-8.363638298823503,-10.51944179994658,0,20.00999999999999,0.07434684989504481,0.12652407748115602,0,0.474476950157082,0.3126527544733607,0,1,0,0,0,0,0,0,0,0,0,0
2022-05-31,309.07,311.33,304.33,308.28,302.05,60968300.0,294.734,320.1696,-0.002674503070725809,50.2045542942013,-6.983353923437903,-9.812224224644845,0,14.5,0.05767291532915131,-0.08982975445468877,0,0.4726721775361511,0.281248287505904,0,1,0,0,0,0,0,0,0,0,0,0
2022-06-01,310.47,312.65,303.73,306.0,299.82,65341700.0,294.106,320.1696,-0.007382883628538339,48.822960816463485,-6.000243898011149,-9.049828159318107,1,18.379999999999995,0.02260764330619147,0.07173235927522992,0,0.4677034825427241,0.3040731916714725,0,0,0,0,0,0,0,0,0,0,0,0
2022-06-02,304.85,314.56,303.4,314.38,308.03,59291300.0,293.3605,319.3352,0.027383096524581374,53.8575160075579,-4.506693377827673,-8.141201203020021,0,22.649999999999977,0.017325709825317226,-0.09259630526907014,0,0.4859963013301841,0.27249597482340104,0,0,0,0,0,0,0,0,0,0,0,0
2022-06-03,309.03,310.47,304.92,306.2,300.01,60914700.0,293.027,318.44100000000003,-0.026036425023536647,48.80649194627429,-3.924946464546281,-7.297950255325273,1,6.730000000000018,-0.006036212127493612,0.02738007093789485,0,0.4681268242686214,0.28096854751795997,0,0,0,0,0,0,0,0,0,0,0,0
2022-06-06,310.75,312.35,305.62,307.22,301.01,51785000.0,292.92749999999995,317.4136,0.0033332222259256916,49.44317490557237,-3.3446610314677514,-6.507292410553769,1,-1.8500000000000227,0.004679893726970419,-0.14987679492798944,0,0.47035493861544975,0.2333203727430959,0,0,0,0,0,0,0,0,0,0,0,0
2022-06-07,303.81,310.67,302.69,309.87,303.61,44900300.0,293.5505,316.44399999999996,0.008637586791136576,51.1444716885574,-2.6444982445091227,-5.734733577344841,0,1.5600000000000023,-0.01406561600647438,-0.13294776479675585,0,0.4761480359172032,0.19738891947820142,0,0,0,0,0,0,0,0,0,0,0,0
2022-06-08,309.05,311.72,306.77,307.64,301.43,38342100.0,293.88800000000003,315.3218,-0.0071802641546721,49.636243601786305,-2.239704058208133,-5.035727673517499,0,1.6100000000000136,0.004790544862390167,-0.14606138489052412,0,0.4712907466411176,0.16316147938613773,0,0,0,0,0,0,0,0,0,0,0,0
2022-06-09,305.91,309.05,299.23,299.4,293.35,55900500.0,294.2585,313.915,-0.026805560163221887,44.40893396627772,-2.5415923275368186,-4.536900604321363,0,-14.67999999999995,-0.02534823752675741,0.45794048839265455,0,0.45328758271874514,0.25479928916816497,0,0,0,0,0,0,0,0,0,0,0,0
2022-06-10,293.65,294.87,288.38,288.84,283.01,85963500.0,294.14549999999997,312.3818,-0.0352479972728823,38.780511216290904,-3.5739937655860103,-4.344319236574293,0,-17.0,-0.06923382159077629,0.5377948318888024,0,0.4302488803725407,0.41169897680924183,0,0,0,0,0,0,0,0,0,0,0,0
2022-06-13,279.75,282.34,274.53,275.41,269.85,94442000.0,292.846,310.67440000000005,-0.04650012367054157,33.04083482130636,-5.391926587241755,-4.553840706707786,1,-31.159999999999968,-0.10855368110664576,0.09862906931430193,1,0.40092689556828054,0.45594851949177084,0,0,0,0,0,0,0,0,0,0,0,0
2022-06-14,277.66,278.66,273.34,275.91,270.34,64697500.0,291.74249999999995,308.99039999999997,0.0018158236057066457,33.435872929457645,-6.715698153071912,-4.986212195980611,1,-33.27000000000004,-0.07993229733771723,-0.3149499163507762,0,0.40201867159822635,0.3007110927865182,0,0,0,0,0,0,0,0,0,0,0,0
2022-06-15,279.42,286.83,276.61,282.8,277.09,86051400.0,290.59749999999997,307.2954,0.024968558112007155,38.79289206706961,-7.137847406607534,-5.4165392381059965,0,-24.340000000000032,-0.01971574195282777,0.33005757564048066,0,0.4170584434393172,0.4121577295133516,0,0,0,0,0,0,0,0,0,0,0,0
2022-06-16,275.59,276.06,269.28,271.39,265.91,81910300.0,289.63,305.5374,-0.040347901403875785,33.923190350194176,-8.279099985228243,-5.989051387530446,1,-27.439999999999998,-0.013563519686161984,-0.04812356335864376,0,0.3921481250417772,0.3905452059298614,0,0,0,0,0,0,0,0,0,0,0,0
2022-06-17,272.18,277.19,270.51,274.69,269.14,82703400.0,288.9005,303.99780000000004,0.012146967018916044,36.4069262865801,-8.821231207962626,-6.555487351616883,0,-13.870000000000005,-0.0032323762729525862,0.009682542976890529,0,0.39934493438203245,0.3946844183261006,0,0,0,0,0,0,0,0,0,0,0,0
2022-06-21,0.53 Dividend,,,,,,282.56149999999997,299.12919999999997,0.0,36.4069262865801,-8.821231207962626,-7.008636122886032,0,0.0,-0.02820093438495974,0.0,0,0.4144738307969965,0.23253073356070905,1,1,0,0,0,0,1,0,0,0,1,1
2022-06-21,278.75,283.45,278.64,281.08,275.93,51633700.0,282.56149999999997,299.12919999999997,0.02522850561046308,36.4069262865801,-8.651709979687894,-7.337250894246405,0,5.590000000000032,0.037375472629379125,-0.3756762116188693,0,0.4144738307969965,0.23253073356070905,1,1,0,0,0,0,0,0,0,0,0,0
2022-06-22,278.52,285.18,277.91,280.67,275.53,67472900.0,282.56149999999997,299.12919999999997,-0.0014496430254050674,36.19648339835931,-8.401629129439186,-7.550126541284961,1,-1.5600000000000023,0.023778862585058014,0.30676089453205946,0,0.41358258505826506,0.31519598761002365,1,1,0,0,0,0,0,0,0,0,0,0
2022-06-23,283.21,285.72,280.31,284.85,279.63,57457800.0,282.56149999999997,299.12919999999997,0.01488041229630177,40.023330690258945,-7.782886250988554,-7.596678483225681,1,13.71999999999997,0.038659274881359784,-0.14843144432801914,0,0.42271785388026106,0.2629268840044571,1,1,0,0,0,0,0,0,0,0,0,0
2022-06-24,287.74,295.04,287.5,294.61,289.21,58422300.0,282.56149999999997,299.12919999999997,0.03425955727210961,47.88831669168412,-6.445205804897739,-7.3663839475600925,0,20.069999999999993,0.04769032654300631,0.016786232678591917,0,0.44406318932287603,0.2679606380785621,1,1,0,0,0,0,0,0,0,0,0,0
2022-06-27,296,296.58,291.29,292.45,287.09,54151500.0,282.56149999999997,299.12919999999997,-0.007330313612945671,46.43708875590259,-5.492832739671087,-6.991673705982292,0,0.0,0.04180965595546571,-0.07310222295253699,0,0.4393395869076,0.24567120635260284,1,1,0,0,0,0,1,0,0,0,0,0
2022-06-28,293,295.65,283.35,283.54,278.35,61609800.0,282.56149999999997,299.12919999999997,-0.030443414956981996,40.93015667212328,-5.381283098941708,-6.669595584574175,1,2.420000000000016,-0.0035141712978180584,0.1377302567795906,0,0.41986586751632093,0.2845962950108686,1,1,0,0,0,0,0,0,0,0,0,0
2022-06-29,283.4,285.34,280.84,283.8,278.6,57302700.0,282.56149999999997,299.12919999999997,0.0008981498113884712,41.1451575317796,-5.212618473311068,-6.378200162321553,0,3.07000000000005,-0.036875578758539196,-0.06990933260617627,0,0.4204228961030281,0.26211741250949205,1,1,0,0,0,0,0,0,0,0,0,0
2022-06-30,280.75,283.94,275.78,280.28,275.15,79313600.0,282.56149999999997,299.12919999999997,-0.012383345297918291,39.033720679829976,-5.296284439289252,-6.1618170177150935,1,-4.480000000000018,-0.041928610443511816,0.3841162807337175,0,0.41273590160647033,0.3769929517004903,1,1,0,0,0,0,0,0,0,0,0,0
2022-07-01,278.95,282.53,277.03,282.13,276.96,56675100.0,282.56149999999997,299.12919999999997,0.0065782300563328455,40.75155197250899,-5.15709071532018,-5.960871757236111,1,-12.25,-0.0049069654301969745,-0.28543024147182827,0,0.4167687885742296,0.25884194951632644,1,1,0,0,0,0,0,0,0,0,0,0
2022-07-05,278.31,287.08,276.75,286.96,281.7,61829300.0,282.56149999999997,299.12919999999997,0.017114384748700306,45.11313081294994,-4.611145880696824,-5.690926581928254,1,-5.389999999999986,0.01130926950711486,0.090942936139504,0,0.4273300505781956,0.28574187201373646,1,1,0,0,0,0,0,0,0,0,0,0
2022-07-06,287.35,290.95,285.59,288.8,283.51,63194700.0,282.56149999999997,299.12919999999997,0.006425275115371054,46.72588402969669,-3.9864751882632277,-5.350036303195249,1,5.159999999999968,0.030117889920404206,0.02208338118012021,0,0.4313629375459548,0.29286793506483344,1,1,0,0,0,0,0,0,0,0,0,0
2022-07-07,289.63,295.7,289.63,294.98,289.58,56620100.0,282.56149999999997,299.12919999999997,0.02141017953511337,51.836915447800045,-2.9674143872024956,-4.873511919996698,1,10.979999999999961,0.04494983939918473,-0.1040372056517398,0,0.4448875916312024,0.2585549028869062,1,1,0,0,0,0,0,0,0,0,0,0
2022-07-08,292.08,296.75,291.12,295.35,289.94,59895500.0,282.56149999999997,299.12919999999997,0.0012431797776089049,52.130242433902204,-2.10647029079081,-4.320103594155521,0,14.79000000000002,0.02907863442809333,0.05784871450244711,0,0.4456897127960606,0.2756493125233226,1,1,0,0,0,0,0,0,0,0,0,0
2022-07-11,292.88,293.11,288.14,289.04,283.75,55273900.0,282.56149999999997,299.12919999999997,-0.021349244671311274,46.847089606313936,-1.9017252546758527,-3.8364279262595873,0,6.7900000000000205,0.0013041146414110028,-0.07716105550500452,0,0.43189768498919356,0.25152904520462516,1,1,0,0,0,0,0,0,0,0,0,0
2022-07-12,290.32,292.28,284.61,286.24,281.0,55797100.0,282.56149999999997,299.12919999999997,-0.00969162995594719,44.68063547402276,-1.9390136137917011,-3.4569450637660104,0,-0.6999999999999886,-0.02979769484964956,0.009465588641293543,0,0.4257703705354159,0.254259641504855,1,1,0,0,0,0,0,0,0,0,0,0
2022-07-13,280.6,288.05,280.02,285.65,280.42,73939400.0,282.56149999999997,299.12919999999997,-0.002064056939501735,44.216196932795185,-1.9923989251925036,-3.1640358360513092,1,-3.089999999999975,-0.0331049315667602,0.3251477227311097,0,0.4244780642142555,0.3489448426853995,1,1,0,0,0,0,0,0,0,0,0,0
2022-07-14,282.99,287.56,279.8,286.67,281.42,63741800.0,282.56149999999997,299.12919999999997,0.0035660794522502925,45.27245864751573,-1.931747543239453,-2.917578177488938,1,-8.159999999999968,-0.008189607443198632,-0.13791834935095493,0,0.4267061785610837,0.2957232661731204,1,1,0,0,0,0,0,0,0,0,0,0
2022-07-15,289.73,291.98,288.08,291.87,286.52,63818100.0,282.56149999999997,299.12919999999997,0.01812237936180794,50.42778973804456,-1.4553768303902643,-2.6251379080692034,0,-3.420000000000016,0.019624401874556496,0.00119701671430672,0,0.43806956172990796,0.2961214781335706,1,1,0,0,0,0,0,0,0,0,0,0
2022-07-18,294.72,296.16,288.2,289.4,284.1,59519600.0,282.56149999999997,299.12919999999997,-0.008446181767415739,48.111823036104674,-1.2586148550196299,-2.351833297459289,1,0.35000000000002274,0.013242277046642492,-0.06735549945861752,0,0.43267752501058354,0.2736874792869761,1,1,0,0,0,0,0,0,0,0,0,0
2022-07-19,293.11,298.6,291.47,298.3,292.84,55172600.0,282.56149999999997,299.12919999999997,0.030763815557901975,55.97568274610038,-0.3929054457688608,-1.9600477271212033,1,11.839999999999975,0.040440013152294174,-0.07303476501858208,0,0.4521512444018626,0.25100035750352934,0,1,0,0,0,0,0,0,0,0,0,0
2022-07-20,298.73,304.24,297.93,303.03,297.48,67769400.0,283.639,299.12919999999997,0.015844829941265015,59.486128915597824,0.6599769169861815,-1.4360427982997266,1,17.060000000000002,0.03816246373175125,0.22831622943272567,0,0.4624896949711459,0.3167434298940798,0,1,0,0,0,0,0,0,0,0,0,0
2022-07-21,303.5,307.44,300.78,307.38,301.75,55049400.0,284.95,299.12919999999997,0.014353906144950912,62.45325853158892,1.8179904272132035,-0.7852361531971407,0,20.329999999999984,0.0609625516441179,-0.18769533152130613,0,0.4720037432321026,0.25035737305362815,0,1,0,0,0,0,0,0,0,0,0,0
2022-07-22,306.43,308.55,300.12,301.99,296.46,57127700.0,285.7915,299.12919999999997,-0.017531068765534452,56.894060006279275,2.2825538277932083,-0.17167815699907096,0,9.939999999999998,0.012667667320681475,0.03775336334274315,0,0.46021701833738105,0.2612040823249733,0,1,0,0,0,0,0,0,0,0,0,0
2022-07-25,302.02,302.5,298.22,300.27,294.77,40582400.0,286.06949999999995,299.12919999999997,-0.00570060041826892,55.20346668814669,2.485701177788428,0.35979770995842886,0,10.669999999999959,-0.00887776303885246,-0.28961957159136464,0,0.4564515050912412,0.17485367145686603,0,1,0,0,0,0,0,0,0,0,0,0
2022-07-26,298.53,298.79,293.54,294.37,288.98,50074100.0,286.164,299.12919999999997,-0.01964243308342084,49.74921701721669,2.1546547861574936,0.7187691251982419,1,-3.859999999999957,-0.04287410226722421,0.2338871037691217,0,0.4435507230231056,0.22439113495627758,0,1,0,0,0,0,0,0,0,0,0,0
2022-07-27,299.04,308.54,298.46,306.81,301.19,69304400.0,287.306,299.12919999999997,0.04225205896601825,58.95828963003049,2.8447505786271563,1.1439654158840247,1,3.7099999999999795,0.016909025464328487,0.3840368573773667,1,0.4707559991978788,0.324754640369716,0,1,0,0,0,0,0,0,0,0,0,0
2022-07-28,306.59,310.4,302.75,309.81,304.14,55139900.0,288.58299999999997,299.12919999999997,0.009794481888508955,60.82621546965641,3.5883327456204483,1.6328388818313093,1,2.3899999999999864,0.03240410777110636,-0.20438096282487117,0,0.47732893652102215,0.25082969523476495,0,1,0,0,0,0,0,0,0,0,0,0
2022-07-29,311.39,316.39,309.93,315.46,309.68,57501000.0,290.3095,299.12919999999997,0.018215295587558522,64.12809379989534,4.57195600755972,2.2206623069769917,0,13.220000000000027,0.07026183644208572,0.042820171962589804,0,0.48967269000245095,0.2631523460842925,0,1,0,0,0,0,0,0,0,0,0,0
2022-08-01,313.65,318.81,312.53,315.27,309.49,46358800.0,291.93600000000004,299.12919999999997,-0.0006135365538620929,63.92907574328628,5.275342255431724,2.8315982966679383,0,14.720000000000027,0.027396240922205384,-0.19377402132136834,0,0.48924934827655353,0.20500087418746232,0,1,0,0,0,0,0,0,0,0,0,0
2022-08-02,312.92,318.55,311.84,314.33,308.57,48676500.0,293.2795,299.12919999999997,-0.002972632395230934,62.9109779492885,5.69292017321817,3.4038626719779845,1,19.589999999999975,0.014629126638465495,0.04999482298937852,0,0.4871994830774715,0.21709701915122923,0,1,0,0,0,0,0,0,0,0,0,0
2022-08-03,316.05,323.73,315.99,322.89,316.98,53735700.0,294.95300000000003,299.12919999999997,0.027254755809054787,67.93763720549316,6.626088967230714,4.04830793102853,1,15.79000000000002,0.02366858685996176,0.10393516378539958,0,0.5059379247342973,0.24350113383418623,0,1,0,0,0,0,0,0,0,0,0,0
2022-08-04,322.97,324.72,320.77,324.4,318.46,38973700.0,296.39700000000005,299.12919999999997,0.004669064294277048,68.74054535203723,7.399755811916066,4.718597507206038,0,14.319999999999993,0.0289511877081009,-0.27471494741856906,0,0.5092355339676031,0.1664578184978067,0,1,0,0,0,0,0,0,0,0,0,0
2022-08-05,319.19,323.83,318.39,321.75,315.86,53894000.0,297.693,299.12919999999997,-0.008164290648747019,65.63114504089151,7.7141699402374115,5.317711993812313,0,6.180000000000007,0.023759529454584816,0.38282995969076583,0,0.5034424366658496,0.2443273062239538,0,1,0,0,0,0,0,0,0,0,0,0
2022-08-08,322.69,326.47,319.21,320.71,314.84,43878500.0,299.24750000000006,299.12919999999997,-0.0032292787944027124,64.40041211880923,7.791227505842585,5.812415096218368,0,5.349999999999966,-0.006724505148872684,-0.18583701339666758,0,0.5011697600320848,0.19205611500653683,0,1,0,0,0,0,0,0,0,0,0,0
2022-08-09,318.77,319.03,315.42,317.08,311.27,39764200.0,300.761,299.12919999999997,-0.011339092872570178,60.148983818680996,7.4780250001959985,6.145537077013895,1,2.6999999999999886,-0.02273266231571991,-0.09376573948516931,0,0.49321539181390783,0.17058346141701874,0,1,0,0,0,0,0,0,0,0,0,0
2022-08-10,324.59,326.23,322.06,325.93,319.96,51459600.0,302.738,299.12919999999997,0.027917884794551373,66.02798749274103,7.840638136795462,6.484557288970208,0,2.9799999999999613,0.013349513127578483,0.294118830505832,0,0.5125777054878455,0.2316221005028535,0,1,0,0,0,0,0,0,0,0,0,0
2022-08-11,328.31,330.36,323.36,324.08,318.14,45897700.0,304.574,299.12919999999997,-0.005688211026378287,63.90174238951642,7.890199561347231,6.765685743445613,1,-0.3199999999999932,0.010890580895602908,-0.10808284557206038,0,0.5085225373766181,0.20259437962699595,0,1,0,0,0,0,0,0,0,0,0,0
2022-08-12,326.18,330.59,325.1,330.39,324.34,40928400.0,306.46500000000003,299.12919999999997,0.01948827560193611,67.715745266825,8.333699827747068,7.079288560305904,1,8.479999999999961,0.0417179493701092,-0.10826904180383767,0,0.5223368463269534,0.17665945570740033,0,1,0,0,0,0,0,0,0,0,0,0
2022-08-15,329.42,333.57,329.4,333.06,326.96,38266600.0,308.608,299.12919999999997,0.008077942899426649,69.19684486705792,8.79520345723131,7.422471539690985,0,12.120000000000005,0.021878007474984473,-0.06503552545420788,0,0.5281745059156435,0.1627674426493882,0,1,0,0,0,0,0,0,0,0,0,0
2022-08-16,332.06,334.42,329.16,332.28,326.19,41186900.0,310.2755,299.12919999999997,-0.0023550281379984828,68.20648443225004,8.995125634665044,7.737002358685798,0,14.920000000000016,0.025211190363364278,0.07631459288256592,0,0.5264588578685858,0.17800857486567523,0,1,0,0,0,0,0,0,0,0,0,0
2022-08-17,329.07,331.43,326.36,328.49,322.47,47842200.0,311.525,299.12919999999997,-0.011404396210797252,63.479568755158816,8.752499128270756,7.9401017126027895,1,2.5100000000000477,-0.005681481449369086,0.16158778640781413,0,0.5181702724983847,0.2127427827344062,0,1,0,0,0,0,0,0,0,0,0,0
2022-08-18,328.44,330.49,326.79,329.28,323.25,41937200.0,312.6,299.12919999999997,0.002418829658572763,64.04227373411057,8.524885778494422,8.057058525781116,0,5.110000000000014,-0.011340594690222972,-0.12342659827516289,0,0.5199082016889106,0.18192441279392924,0,1,0,0,0,0,0,0,0,0,0,0
2022-08-19,326.17,326.84,322.08,322.86,316.95,51770600.0,313.6245,299.12919999999997,-0.01948955916473316,56.47358186658282,7.74684243290335,7.995015307205564,0,-7.389999999999986,-0.02847512571695765,0.23447917362151016,0,0.5058710813038925,0.23324521871648404,0,1,0,0,0,0,0,0,0,0,0,0
2022-08-22,318.5,318.74,313.53,314.36,308.6,51098900.0,314.316,299.12919999999997,-0.026344849345322552,48.322197571061714,6.382884342392913,7.672589114243034,0,-18.359999999999957,-0.04341557885148295,-0.01297454539835352,0,0.4872663265078764,0.2297395965168196,0,1,0,0,0,0,0,0,0,0,0,0
2022-08-23,314.12,317.0,313.33,314.1,308.35,39497100.0,315.2845,299.12919999999997,-0.0008101101749837802,48.098348951879885,5.2215737661537105,7.18238604462517,1,-17.839999999999975,-0.04664451868503949,-0.22704598337733295,0,0.48670929792116935,0.16918945860396176,0,1,0,0,0,0,0,0,0,0,0,0
2022-08-24,313.61,316.87,312.99,315.01,309.24,38057100.0,315.687,299.12919999999997,0.0028863304686232993,49.00403614997175,4.3232070894289905,6.610550253585934,1,-13.230000000000018,-0.024268629051683033,-0.03645837289319975,0,0.4886923196898465,0.16167405594277856,0,1,0,0,0,0,0,0,0,0,0,0
2022-08-25,316.83,320.6,315.76,320.58,314.71,38098300.0,316.21549999999996,299.12919999999997,0.017688526710645247,54.284178019327044,4.006444512628434,6.089729105394435,0,-8.54000000000002,0.019764747004284766,0.0010825838017085587,0,0.5008801051669971,0.1618890799633624,0,1,0,0,0,0,0,0,0,0,0,0
2022-08-26,320.28,321.51,307.35,307.44,301.81,69047700.0,315.822,299.12919999999997,-0.04099011788630791,42.9815604587329,2.6835513882105033,5.408493561957648,0,-15.139999999999986,-0.020415260707039362,0.8123564568497808,1,0.4721374300929123,0.32341491546476764,0,1,0,0,0,0,0,0,0,0,0,0
2022-08-29,304.62,307.22,303.28,304.41,298.83,48321900.0,315.289,299.12919999999997,-0.009873761638116707,40.864824710654,1.3787940811798194,4.602553665802083,0,-9.770000000000039,-0.03317535281377937,-0.3001664067014542,0,0.465497649339364,0.21524635124591282,0,1,0,0,0,0,0,0,0,0,0,0
2022-08-30,306.1,306.73,298.44,301.02,295.51,51184500.0,314.636,299.12919999999997,-0.0111099956497005,38.58496026383187,0.07599226990305397,3.6972413866222773,0,-12.840000000000032,-0.061973875174125115,0.05924022027279552,0,0.45810030970789417,0.23018634545278996,0,0,0,0,0,0,0,0,0,0,0,0
2022-08-31,303.99,304.91,299.16,299.27,293.79,50044000.0,313.4765,299.4864,-0.005820446008595215,37.420189620672545,-1.0827953858824912,2.7412340321213238,1,-15.449999999999989,-0.02680420329641242,-0.02228213619357422,0,0.4542679530313496,0.22423404216454032,0,0,0,0,0,0,0,0,0,0,0,0
2022-09-01,296.72,299.78,292.95,299.4,293.92,57990700.0,312.2495,299.8542,0.0004424929371320552,37.57357727162543,-1.9679675334537023,1.7993937190063187,0,-20.789999999999964,-0.01648794872116366,0.15879426105027572,0,0.4545576078964373,0.26570810489205743,0,0,0,0,0,0,0,0,0,0,0,0
2022-09-02,302.34,303.75,293.52,295.17,289.76,64666800.0,310.94449999999995,300.05679999999995,-0.014153511159499255,34.64702202205767,-2.970903346696673,0.8453343058657204,0,-12.050000000000011,-0.019531464230962414,0.11512363189270003,0,0.44528865221363156,0.3005508685770055,0,0,0,0,0,0,0,0,0,0,0,0
2022-09-06,295.66,296.6,290.87,293.05,287.68,57005400.0,309.5865,300.0262,-0.007178354500276041,33.2524143386982,-3.8887487462836248,-0.10148230456414864,1,-11.149999999999977,-0.02088937272264324,-0.11847501345358047,0,0.44065417437222876,0.2605657950017354,0,0,0,0,0,0,0,0,0,0,0,0
2022-09-07,293.54,299.99,293.27,298.97,293.49,49260400.0,308.6975,300.1542,0.020196051167964413,40.46151962109042,-4.100066381330009,-0.9011991199173208,1,-2.019999999999982,-0.0011358144918108826,-0.13586432162567053,0,0.4535995187273011,0.2201444105497465,0,0,0,0,0,0,0,0,0,0,0,0
2022-09-08,296.85,301.87,295.45,300.52,295.02,55649800.0,307.45050000000003,300.4876,0.005213124808340908,42.23097978701785,-4.096852945752914,-1.5403298850844396,1,1.2299999999999613,0.01823082147602928,0.12970662032789004,0,0.45700853367794825,0.2534908784409715,0,0,0,0,0,0,0,0,0,0,0,0
2022-09-09,302.83,307.6,300.52,307.09,301.46,56125200.0,306.6165,300.9448,0.02182902854043789,49.089487527114734,-3.533915320206688,-1.9390469721088894,1,7.539999999999964,0.04723820451674321,0.008542708149894551,0,0.47135759007152245,0.2559720051250871,0,0,0,0,0,0,0,0,0,0,0,0
2022-09-12,308.5,311.08,308.18,310.74,305.05,45905700.0,305.652,301.5428,0.011908710940091716,52.47664209378495,-2.766213017340533,-2.1044801811552185,0,15.29000000000002,0.03895086428887051,-0.1820839836650916,0,0.479356520576636,0.20263613186400253,0,0,0,0,0,0,0,0,0,0,0,0
2022-09-13,301.8,303.02,292.79,293.7,288.32,79562200.0,303.71999999999997,301.77,-0.054843468283887975,39.34082289460237,-3.467799953643805,-2.377144135652936,1,0.6399999999999864,-0.02110572880335837,0.7331660338476484,1,0.4420801675541989,0.37829040246546963,0,0,0,0,0,0,0,0,0,0,0,0
2022-09-14,294.87,296.93,293.06,296.03,290.61,54907200.0,301.941,301.9482,0.007942563817980197,41.49943884384803,-3.7952791777714765,-2.6607711440766444,0,-2.8799999999999955,-0.03499219352581606,-0.3098833365593209,0,0.4471825494084356,0.2496152270408363,0,0,0,0,0,0,0,0,0,0,0,0
2022-09-15,294.07,296.53,289.46,291.1,285.77,65299400.0,300.106,301.9934,-0.016654623034307203,38.38993692998331,-4.394697040802839,-3.0075563234218836,0,-9.25,-0.06355552750021498,0.18926843838330853,0,0.43639847596978665,0.30385242671830026,0,0,0,0,0,0,0,0,0,0,0,0
2022-09-16,287.72,289.72,285.62,289.32,284.02,79920400.0,298.1445,301.88219999999995,-0.006123805857857767,37.30162418069002,-4.953845542712884,-3.396814167280084,1,-17.439999999999998,-0.014835865074184773,0.22390711093823223,0,0.4324992758628372,0.38015985887743886,0,0,0,0,0,0,0,0,0,0,0,0
2022-09-19,286.1,291.21,286.04,291.05,286.23,52613800.0,296.6085,301.808,0.007781142173086453,39.62919133432033,-5.159174476771113,-3.7492862291782902,0,-18.819999999999993,-0.014997286719078518,-0.3416724641017813,0,0.4374234085693278,0.2376459044969769,0,0,0,0,0,0,0,0,0,0,0,0
2022-09-19,0.52 Dividend,,,,,,269.12149999999997,271.5502,0.0,39.62919133432033,-5.159174476771113,-4.031263878696855,0,0.0,0.0016573363152286857,0.0,0,0.43234330785855923,0.23063831341838611,1,1,0,0,0,0,1,0,0,0,1,1
2022-09-20,288.49,291.07,286.38,288.73,283.95,51271100.0,269.12149999999997,271.5502,-0.007965622052195864,39.62919133432033,-5.561703250493622,-4.3373517530562085,0,-6.660000000000025,-0.00018447987910941155,-0.02551992062918851,0,0.43234330785855923,0.23063831341838611,1,1,0,0,0,0,0,0,0,0,0,0
2022-09-21,289.59,293.95,283.42,283.56,278.87,82931000.0,269.12149999999997,271.5502,-0.017890473674942675,35.81234895669046,-6.103268320450411,-4.690535066535049,0,-6.899999999999977,-0.02585609572713854,0.6174999171072983,0,0.4210244869766716,0.3958722694689376,1,1,0,0,0,0,0,0,0,0,0,0
2022-09-22,282,283.03,278.82,280.07,275.43,62757100.0,269.12149999999997,271.5502,-0.012335496826478276,33.46206079662062,-6.732434477021172,-5.098914948632274,0,-8.589999999999975,-0.038191592553616815,-0.24326126538929949,0,0.41335977362358234,0.29058408770057387,1,1,0,0,0,0,0,0,0,0,0,0
2022-09-23,277.55,277.85,272.02,275.51,270.95,74815200.0,269.12149999999997,271.5502,-0.016265475801474083,30.641695558310275,-7.506026941832772,-5.580337347272374,0,-15.28000000000003,-0.046491446302895034,0.1921392161205664,0,0.4033778213497916,0.35351566883169416,1,1,0,0,0,0,0,0,0,0,0,0
2022-09-26,275.03,279.49,273.56,274.37,269.83,71176700.0,269.12149999999997,271.5502,-0.004133603985975287,29.96179531873456,-8.11592386506885,-6.08745465083167,1,0.0,-0.032734576613927646,-0.04863316545300955,0,0.4008823332813439,0.33452622953814193,1,1,0,0,0,0,1,0,0,0,0,0
2022-09-27,277.81,280.21,272.11,274.48,269.94,69780100.0,269.12149999999997,271.5502,0.00040766408479409044,30.125782049149763,-8.49249924521024,-6.568463569707384,1,-14.009999999999991,-0.01999141570265528,-0.019621589649421844,0,0.4011274258594951,0.3272373327627194,1,1,0,0,0,0,0,0,0,0,0,0
2022-09-28,274.46,281.25,272.95,279.94,275.31,79652100.0,269.12149999999997,271.5502,0.019893309624360977,37.784225306795825,-8.26238024964914,-6.907246905695736,0,-3.5600000000000023,0.01616736972317978,0.14147299874892694,0,0.413092399901963,0.378759593228831,1,1,0,0,0,0,0,0,0,0,0,0
2022-09-29,275.86,276.25,268.84,271.87,267.37,81216000.0,269.12149999999997,271.5502,-0.02884021648323709,32.16982761227406,-8.621319723216345,-7.250061469199858,0,-8.060000000000002,-0.008539242774082023,0.019634133939971488,0,0.3954011719881464,0.38692163366065346,1,1,0,0,0,0,0,0,0,0,0,0
2022-09-30,271.03,275.19,267.1,267.26,262.84,78482400.0,269.12149999999997,271.5502,-0.0169428133298426,29.478534940386098,-9.165658972042934,-7.633180969768474,1,-8.110000000000014,-0.025889720188718712,-0.03365839243498814,0,0.3853078139970143,0.37265489427550735,1,1,0,0,0,0,0,0,0,0,0,0
2022-10-03,269.07,275.16,267.53,273.53,269.0,61267400.0,269.12149999999997,271.5502,0.023436311063765203,37.17532497752831,-8.996287626000594,-7.905802301014898,1,-0.8299999999999841,-0.022346718749314487,-0.2193485418386798,0,0.3990329983734765,0.2828092992669873,1,1,0,0,0,0,0,0,0,0,0,0
2022-10-04,278.99,282.85,278.99,282.13,277.46,66696900.0,269.12149999999997,271.5502,0.031449814126393916,45.90710650039323,-8.086195686782219,-7.941880978168363,0,7.519999999999982,0.03794331186031652,0.08861972272366714,0,0.41788284574764367,0.3111460206203861,1,1,0,0,0,0,0,0,0,0,0,0
2022-10-05,278.28,283.81,275.42,281.98,277.31,55766300.0,269.12149999999997,271.5502,-0.0005406184675267323,45.785597883036466,-7.292976125436951,-7.812100007622081,0,2.0,0.054345506722632386,-0.1638846782983917,0,0.4175486285956195,0.25409889539237973,1,1,0,0,0,0,0,0,0,0,0,0
2022-10-06,280.96,284.18,279.43,279.76,275.13,53489400.0,269.12149999999997,271.5502,-0.007861238325339914,43.9643150740802,-6.762300103010489,-7.602140026699763,0,7.759999999999991,0.02304795733352727,-0.04082931806485279,0,0.41269133931953383,0.24221568683734632,1,1,0,0,0,0,0,0,0,0,0,0
2022-10-07,275.02,275.15,267.74,269.1,264.65,71354700.0,269.12149999999997,271.5502,-0.03809108421473495,36.45650894447274,-7.105476437542336,-7.502807308868277,0,1.8100000000000023,-0.046492941007601596,0.33399701623125333,0,0.38934070096477347,0.3354552168115382,1,1,0,0,0,0,0,0,0,0,0,0
2022-10-10,269.3,269.7,263.64,266.41,262.0,60393000.0,269.12149999999997,271.5502,-0.010013225014169569,34.83650315304422,-7.504768706049674,-7.5031995883045575,0,-7.0,-0.05596554755424443,-0.15362267657211093,0,0.3834361979456785,0.2782457797621688,1,1,0,0,0,0,0,0,0,0,0,0
2022-10-11,264.7,267.63,261.03,262.75,258.4,66522500.0,269.12149999999997,271.5502,-0.013740458015267243,32.71001235844854,-8.019259586435226,-7.606411587930691,0,-19.060000000000002,-0.06184476724417176,0.10149355057705356,0,0.3754149862970967,0.31023582185364273,1,1,0,0,0,0,0,0,0,0,0,0
2022-10-12,263.4,265.36,261.95,262.66,258.31,50580200.0,269.12149999999997,271.5502,-0.0003482972136221729,32.656343642833704,-8.3381426455814,-7.752757799460833,1,-19.0,-0.024101980243058985,-0.23965274906986356,0,0.3752144560058822,0.2270324858499059,1,1,0,0,0,0,0,0,0,0,0,0
2022-10-13,255.16,270.17,254.26,268.82,264.37,112894100.0,269.12149999999997,271.5502,0.02346018350044532,39.81665067763972,-8.00953942815363,-7.804114125199393,0,-10.759999999999991,0.009371428271555904,1.2319820799443262,0,0.3887168289476616,0.552250576050395,1,1,0,0,0,0,0,0,0,0,0,0
2022-10-14,271.2,271.81,260.14,260.74,256.42,77244300.0,269.12149999999997,271.5502,-0.030071490713772353,34.616693952732405,-8.29499799651478,-7.902290899462471,1,-8.229999999999961,-0.006959604426949206,-0.315780895547243,0,0.3710033198903768,0.3661932136957775,1,1,0,0,0,0,0,0,0,0,0,0
2022-10-17,266.84,270.24,266.74,269.35,264.89,64576500.0,269.12149999999997,271.5502,0.03303174479369764,43.13717989261886,-7.748448464643673,-7.871522412498712,1,2.8899999999999864,0.026420437580370604,-0.16399656673696317,0,0.38987544840801225,0.30007959020179376,0,1,0,0,0,0,0,0,0,0,0,0
2022-10-18,276.53,277.21,268.74,271.48,266.99,69781000.0,268.2735,271.5502,0.007927819094718735,45.049198382158906,-7.064417367426756,-7.710101403484321,0,8.590000000000032,0.01088807317464402,0.0805943338520978,0,0.39455448853635167,0.32724202988938267,0,1,0,0,0,0,0,0,0,0,0,0
2022-10-19,269.93,273.68,268.07,270.49,266.01,53115400.0,267.6305,271.5502,-0.0036705494587813137,44.30057307951319,-6.526166024964198,-7.473314327780297,0,7.699999999999989,0.03728901442963506,-0.2388271879164816,0,0.39237093647645993,0.24026376975728905,0,1,0,0,0,0,0,0,0,0,0,0
2022-10-20,269.58,274.84,267.92,269.11,264.66,60605500.0,267.092,271.5502,-0.005074997180557039,43.23470774432938,-6.137779178021049,-7.206207297828448,1,0.29000000000002046,-0.0008177275446196175,0.14101559999548163,0,0.38936298210824183,0.27935482355765595,0,1,0,0,0,0,0,0,0,0,0,0
2022-10-21,267.98,275.97,266.82,275.42,270.86,77897700.0,267.0875,271.5502,0.023426282777903706,49.27126880684117,-5.268954392774674,-6.818756716817694,1,14.439999999999998,0.014680736138565353,0.28532393924643795,0,0.40317729105857714,0.3696033276532894,0,1,0,0,0,0,0,0,0,0,0,0
2022-10-24,275.69,279.4,271.97,278.45,273.84,63963600.0,267.288,271.5502,0.011001993649855768,51.91793453254671,-4.290485351424763,-6.313102443739108,1,8.949999999999989,0.029353279247202435,-0.1788769116418072,0,0.40981707181212534,0.29688084694412764,0,1,0,0,0,0,0,0,0,0,0,0
2022-10-25,279.41,284.6,277.9,284.21,279.51,59014500.0,267.7665,271.5502,0.020705521472392796,56.56169144284267,-3.022676440379371,-5.655017243067162,0,12.519999999999982,0.05513379790015227,-0.07737369378834213,0,0.42245048015864173,0.27105134742297365,0,1,0,0,0,0,0,0,0,0,0,0
2022-10-26,278.46,283.98,277.43,277.93,273.33,63492400.0,267.6675,271.5502,-0.022110121283675066,50.80249963377776,-2.48792385833093,-5.021598566119915,0,7.319999999999993,0.009597393838573498,0.07587796219573151,0,0.4086807334952429,0.2944216401844405,0,1,0,0,0,0,0,0,0,0,0,0
2022-10-27,276.79,278.28,272.34,272.87,268.35,57760300.0,267.7165,271.5502,-0.018219734387004527,46.67795047171318,-2.437870708767832,-4.504852994649499,1,3.6899999999999977,-0.019624334198286797,-0.09028009651548852,0,0.39758472404803813,0.2645056404662681,0,1,0,0,0,0,0,0,0,0,0,0
2022-10-28,272.23,281.7,272.06,281.22,276.56,62651300.0,268.40250000000003,271.5502,0.030594373020309318,53.395592966651684,-1.7159445008905436,-3.9470712958977083,0,5.699999999999989,-0.009735482650370275,0.08467753803217781,0,0.41587754283549827,0.29003191436616194,0,1,0,0,0,0,0,0,0,0,0,0
2022-10-31,278.92,279.76,275.99,277.95,273.35,47742000.0,268.62,271.5502,-0.011606884582007426,50.70582706858736,-1.3868462525435348,-3.4350262872268735,0,-0.48999999999995225,0.0007677540512973646,-0.2379727156499546,0,0.40872529578217953,0.21221983596589886,0,1,0,0,0,0,0,0,0,0,0,0
2022-11-01,281.5,282.07,274.74,275.11,270.56,45895900.0,268.275,271.5502,-0.01020669471373703,48.42264054720858,-1.335765331444975,-3.0151740960704942,0,-8.949999999999989,0.008780793724564862,-0.03866825855640732,0,0.40250885675452863,0.20258498537366948,0,1,0,0,0,0,0,0,0,0,0,0
2022-11-02,275.08,278.21,265.61,265.68,261.28,79803100.0,267.4735,271.5502,-0.03429923122412781,41.69722490744709,-2.0208071701119366,-2.8163007108787825,0,-12.050000000000011,-0.05611281051987227,0.7387849459319895,0,0.38183195561596217,0.3795476667023301,0,1,0,0,0,0,0,0,0,0,0,0
2022-11-03,263.01,264.5,260.1,260.49,256.18,70038900.0,266.526,271.5502,-0.019519289650949068,38.530015841163056,-2.941329326673099,-2.8413064340376457,1,-12.170000000000016,-0.06402521558881391,-0.12235364290359652,0,0.37046857244713793,0.3285880176298821,0,1,0,0,0,0,0,0,0,0,0,0
2022-11-04,265.53,266.61,259.08,264.68,260.3,78313200.0,266.3085,271.5502,0.01608244203294551,42.34026968492579,-3.3003557533045296,-2.9331162978910226,1,-16.25999999999999,-0.03773607884213137,0.11813863438746175,0,0.37964840355607055,0.37177183446281836,0,1,0,0,0,0,0,0,0,0,0,0
2022-11-07,265.75,268.14,263.57,267.59,263.16,47333800.0,266.3665,271.5502,0.010987322320399562,44.89382110138251,-3.315885224274382,-3.0096700831676944,1,-10.189999999999998,0.007550474702396004,-0.39558337547182343,0,0.3860208105879994,0.21008942807263845,0,1,0,0,0,0,0,0,0,0,0,0
2022-11-08,269.14,272.85,265.52,269.54,265.08,63213800.0,266.70050000000003,271.5502,0.007295941632466718,46.60346230755319,-3.1371019297433804,-3.035156452482832,0,-5.480000000000018,0.03436570598581179,0.33548965010204124,0,0.39029879013390967,0.29296761853068654,0,1,0,0,0,0,0,0,0,0,0,0
2022-11-09,267.76,268.56,263.03,263.32,258.96,64862100.0,266.733,271.5502,-0.023087369850611106,42.11799921136786,-3.4494842268516663,-3.118022007356599,1,-2.319999999999993,-0.004804105897744826,0.02607500261018947,0,0.3766627303313206,0.30157014506292845,0,1,0,0,0,0,0,0,0,0,0,0
2022-11-10,276.01,283.05,273.85,282.75,278.07,99256700.0,267.418,271.5502,0.0737951807228916,56.27110016417292,-2.1304733858185045,-2.9205122830489807,1,21.889999999999986,0.05800375250474721,0.530272686206583,1,0.41924199549920893,0.48107658143121457,0,1,0,0,0,0,0,0,0,0,0,0
2022-11-11,282.56,288.64,281.19,287.96,283.19,66961800.0,268.7565,271.5502,0.018412629913331147,59.15289654902055,-0.6643483863102233,-2.4692795037012294,0,22.889999999999986,0.06912044078561164,-0.3253674563026979,0,0.4306499409549698,0.31252854156826626,0,1,0,0,0,0,0,0,0,0,0,0
2022-11-14,285.86,289.21,284.44,285.44,280.71,55290700.0,269.5475,271.5502,-0.008757371376107992,57.187009635372476,0.29406121029944643,-1.9166113609010942,1,17.549999999999955,0.08345043926011475,-0.1742948964932245,0,0.42512421737483563,0.2516167249023389,0,1,0,0,0,0,0,0,0,0,0,0
2022-11-15,292.21,293.26,285.97,289.39,284.6,73985400.0,270.428,271.5502,0.01385771792953605,59.462733580452436,1.351914185303599,-1.2629062516601557,0,19.52000000000004,0.023512976466759206,0.3381165367774328,0,0.4337915821839977,0.3491849180481873,0,1,0,0,0,0,0,0,0,0,0,0
2022-11-16,287.39,289.48,284.6,285.44,280.71,48859800.0,271.163,271.5502,-0.013668306394940433,56.243159594496646,1.8549965539216373,-0.6393256905437972,0,21.75,-0.008567959841512374,-0.33960213771906345,0,0.42512421737483563,0.2180536672816423,0,1,0,0,0,0,0,0,0,0,0,0
2022-11-17,280.88,286.32,280.72,284.81,280.1,55462100.0,271.935,271.5502,-0.002173061166328094,55.73355282895977,2.1793488762984907,-0.07559077717533957,1,2.0300000000000296,-0.001983649631732476,0.1351274462850851,0,0.4237650676232705,0.25251126658020473,0,1,0,0,0,0,0,0,0,0,0,0
2022-11-18,287.89,287.99,282.32,284.82,280.11,53588600.0,272.3975,271.5502,3.570153516596619e-05,55.74063270289098,2.4094329023624823,0.4214139587322248,0,-3.079999999999984,-0.01580566602610256,-0.033779824420640425,0,0.42378734876673874,0.24273341457622785,0,1,0,0,0,0,0,0,0,0,0,0
2022-11-21,283.4,284.58,281.04,281.89,277.22,40083500.0,272.5665,271.5502,-0.010317375316839739,53.0975667328791,2.3316989295936423,0.8034709529045083,1,-3.4899999999999523,-0.012454734948001867,-0.25201442097759597,0,0.417348098304405,0.1722498975765436,0,1,0,0,0,0,0,0,0,0,0,0
2022-11-22,282.64,286.11,280.46,285.95,281.22,41873400.0,272.652,271.5502,0.014428973378544097,56.193699122930276,2.563312495890443,1.1554392615016953,1,-3.3799999999999955,0.004147299596870324,0.04465428418177053,0,0.42626055569171817,0.1815914387038018,0,1,0,0,0,0,0,0,0,0,0,0
2022-11-23,285.97,289.46,285.79,288.82,284.04,46390000.0,273.1875,271.5502,0.010027736291871037,58.284420821602886,2.940521842751025,1.5124557777515613,0,3.330000000000041,0.014139334353575395,0.1078632258187775,0,0.4325438381497738,0.20516370791178795,0,1,0,0,0,0,0,0,0,0,0,0
2022-11-25,287.19,287.91,286.42,286.92,282.17,15498800.0,273.87850000000003,271.5502,-0.006583579777496129,56.36339171248168,3.053372221713005,1.8206390665438499,0,2.069999999999993,0.017873129892919004,-0.6659021340806208,0,0.42837726432120493,0.04394161993460556,0,1,0,0,0,0,0,0,0,0,0,0
2022-11-28,284.9,286.96,281.76,282.71,278.03,38714200.0,273.952,271.5502,-0.014672006237374746,52.256921297696074,2.776735085894529,2.0118582704139856,0,-2.080000000000041,-0.011227849722999839,1.497883707125713,0,0.4191528709253358,0.165103480309906,0,1,0,0,0,0,0,0,0,0,0,0
2022-11-29,282.94,283.35,279.17,280.57,275.93,35618900.0,274.081,271.5502,-0.007553141747293379,50.25673925731669,2.360831516966698,2.081652919724528,1,-1.2900000000000205,-0.028808727762164255,-0.07995257554075763,0,0.4144738307969965,0.14894901790910017,0,0,0,0,0,0,0,0,0,0,0,0
2022-11-30,280.84,293.47,279.97,293.36,288.5,74718100.0,274.978,271.6412,0.045555032073351986,60.10109586499756,3.010812122314178,2.267484760242458,1,7.279999999999973,0.02332988408868386,1.0977093621644687,1,0.44248122813662794,0.3530089010550268,0,0,0,0,0,0,0,0,0,0,0,0
2022-12-01,293.69,295.75,290.88,293.72,288.86,51547300.0,276.357,271.841,0.001247833622183725,60.3431559286138,3.514462885793762,2.516880385352719,0,4.819999999999993,0.03924972394824233,-0.3101095986113137,0,0.44328334930148616,0.2320798094010381,0,0,0,0,0,0,0,0,0,0,0,0
2022-12-02,288.54,293.45,288.36,292.55,287.71,53583200.0,277.9335,272.0866,-0.003981167347504089,59.109484879432955,3.77727231147378,2.7689587705769316,0,5.539999999999964,0.04282169834803162,0.03949576408463673,0,0.4407210178026335,0.2427052318162484,0,0,0,0,0,0,0,0,0,0,0,0
2022-12-05,290.38,291.68,286.15,287.64,282.88,41482100.0,279.0625,272.3252,-0.016787737652497303,54.10623027652408,3.554832148556727,2.926133446172891,0,4.850000000000023,-0.019521071377817667,-0.2258375759566431,0,0.429959225507453,0.17954923241121779,0,0,0,0,0,0,0,0,0,0,0,0
2022-12-06,287.48,287.62,280.26,281.68,277.02,53937600.0,279.7555,272.469,-0.020715497737556654,48.7182915550673,2.8725803724985894,2.915422831438031,0,1.089999999999975,-0.041484402737558046,0.30026204073564267,0,0.4169024754350392,0.2445548559156396,0,0,0,0,0,0,0,0,0,0,0,0
2022-12-07,280.47,282.57,278.78,280.53,275.89,45614300.0,280.296,272.58799999999997,-0.004079127860804221,47.7312316232306,2.2151742189202537,2.7753731089344758,1,-12.610000000000014,-0.04158236325085818,-0.15431350301088664,0,0.4143847062231233,0.20111530663103808,0,0,0,0,0,0,0,0,0,0,0,0
2022-12-08,281.91,284.84,279.79,283.85,279.15,42594900.0,281.3055,272.6648,0.011816303599260447,50.82655446469529,1.9349252470977376,2.6072835365671283,0,-9.710000000000036,-0.012978321999100428,-0.06619415402625928,0,0.4216483589937835,0.18535696857883213,0,0,0,0,0,0,0,0,0,0,0,0
2022-12-09,282.81,285.64,281.59,282.04,277.37,47860500.0,281.27049999999997,272.8648,-0.00637650008955748,49.11624032181884,1.551312232170119,2.3960892756877263,1,-10.339999999999975,0.001360675648898746,0.12362043343217155,0,0.4176823154564292,0.21283829097655874,0,0,0,0,0,0,0,0,0,0,0,0
2022-12-12,282.22,285.64,281.16,285.58,280.85,35732500.0,281.1535,273.225,0.012546418141832216,52.482754149883256,1.5106887904784685,2.2190091786458748,1,-2.0299999999999727,0.017986221651535184,-0.25340311948266314,0,0.4254361533833917,0.1495418996745935,0,0,0,0,0,0,0,0,0,0,0,0
2022-12-13,296.65,296.88,285.91,288.65,283.87,80667700.0,281.31149999999997,273.5224,0.010753071034359962,55.24975330221487,1.7025571619112156,2.115718775298943,0,6.850000000000023,0.0169229890866347,1.2575442524312601,0,0.432165058710813,0.38406003971681546,0,0,0,0,0,0,0,0,0,0,0,0
2022-12-14,288.05,291.41,283.19,286.51,281.77,64984400.0,281.17,273.6086,-0.007397752492338094,52.941155811392285,1.6659576562028064,2.025766551479716,0,5.8799999999999955,0.015901736683854084,-0.1944185838941732,0,0.4274860185824736,0.30220843238616646,0,0,0,0,0,0,0,0,0,0,0,0
2022-12-15,282.33,283.01,275.67,276.89,272.31,60554100.0,280.75,273.50859999999994,-0.033573481917876236,44.01823522108369,0.8636536827138457,1.793343977726542,0,-6.839999999999975,-0.030218163375854368,-0.0681748234961006,0,0.4064080568614781,0.27908656543488874,0,0,0,0,0,0,0,0,0,0,0,0
2022-12-16,276.2,277.77,272.61,274.25,269.71,68300400.0,280.2305,273.4002,-0.009547941684110106,41.92667246397751,0.01781833388099585,1.438238848957433,0,-7.660000000000025,-0.050519176094324436,0.12792362532016832,0,0.4006149595597245,0.31951473462539115,0,0,0,0,0,0,0,0,0,0,0,0
2022-12-19,0.66 Dividend,,,,,,266.3745,282.20959999999997,0.0,41.9266724639775,0.01781833388099585,1.1541547459421455,0,0.0,-0.04312142360198634,0.0,0,0.39217040618524546,0.19356650218024962,1,1,0,0,0,0,1,0,0,0,1,1
2022-12-19,273.87,273.96,268.49,269.75,265.92,44167900.0,266.3745,282.20959999999997,-0.01405213006562589,41.9266724639775,-1.1598127856713063,0.6913612396194552,0,-17.94999999999999,-0.023600071749735996,-0.35332882384290576,0,0.39217040618524546,0.19356650218024962,1,1,0,0,0,0,0,0,0,0,0,0
2022-12-20,268.56,271.32,266.95,269.54,265.71,51064200.0,266.3745,282.20959999999997,-0.0007897111913358623,41.726662368172974,-1.8840761025460324,0.17627377118635762,1,-16.060000000000002,-0.014841841256961752,0.1561382814215755,0,0.3917025021724114,0.2295584961888036,1,1,0,0,0,0,0,0,0,0,0,0
2022-12-21,270.6,274.78,269.74,273.45,269.57,46394700.0,266.3745,282.20959999999997,0.014527116028753229,46.75466799285392,-2.1221276915213707,-0.28340652135518807,0,-2.740000000000009,-0.00031472522820852333,-0.09144371203308777,0,0.40030302355116865,0.2051882373510293,1,1,0,0,0,0,0,0,0,0,0,0
2022-12-22,270.38,270.51,262.46,266.76,262.97,60278400.0,266.3745,282.20959999999997,-0.0244834365841895,40.34472795084744,-2.8109472818408676,-0.788914673452324,1,-6.739999999999952,-0.010746031746772133,0.29925185419886313,0,0.385597468862102,0.27764767896704967,1,1,0,0,0,0,0,0,0,0,0,0
2022-12-23,265.47,268.04,263.53,267.36,263.56,39373600.0,266.3745,282.20959999999997,0.0022436019317793043,41.12182646489734,-3.271521635716965,-1.2854360659052522,0,0.0,-0.007712718623656967,-0.3468041620215533,0,0.38691205632673065,0.16854490844517278,1,1,0,0,0,0,1,0,0,0,0,0
2022-12-27,266.74,266.85,263.03,263.58,259.84,38009000.0,266.3745,282.20959999999997,-0.014114433146152794,37.780134889907785,-3.8918403273781337,-1.8067169181998284,0,-6.080000000000041,-0.03635426779856299,-0.034657740211715415,0,0.3786234709565294,0.16142302061777652,1,1,0,0,0,0,0,0,0,0,0,0
2022-12-28,263.17,265.47,259.73,260.1,256.41,47139000.0,266.3745,282.20959999999997,-0.01320043103448254,34.95921049000509,-4.607111777227942,-2.3667958900054513,1,-9.299999999999955,-0.02507126224885603,0.24020626693677816,0,0.3709810387469086,0.2090727611015284,1,1,0,0,0,0,0,0,0,0,0,0
2022-12-29,262.96,267.4,262.25,266.44,262.66,45893600.0,266.3745,282.20959999999997,0.02437502437502448,43.2711521618846,-4.616431439905398,-2.8167229999854406,0,-6.909999999999968,-0.0029398398056108554,-0.026419737372451735,0,0.38490675341458525,0.20257298160553008,1,1,0,0,0,0,0,0,0,0,0,0
2022-12-30,263.62,266.41,262.29,266.28,262.5,37858300.0,266.3745,282.20959999999997,-0.000609152516561462,43.119233068838994,-4.5838877973887975,-3.170155959466112,0,-0.4700000000000273,0.010565440823980476,-0.1750854149598201,0,0.3845502551190927,0.16063651285316521,1,1,0,0,0,0,0,0,0,0,0,0
2023-01-03,268.65,270.15,262.13,264.48,260.72,42335300.0,266.3745,282.20959999999997,-0.006780952380952332,41.37872628228857,-4.648146905988199,-3.4657541487705297,1,-2.839999999999975,0.016984919477510685,0.11825676271781882,0,0.3805842115817384,0.18400210848796883,1,1,0,0,0,0,0,0,0,0,0,0
2023-01-04,266.64,267.45,262.53,265.74,261.97,47754900.0,266.3745,282.20959999999997,0.004794415464866475,43.1152287442376,-4.545806926617445,-3.681764704339913,0,2.1300000000000523,-0.002595689432647319,0.12801610003944708,0,0.38336935451527376,0.21228716144807197,1,1,0,0,0,0,0,0,0,0,0,0
2023-01-05,264.04,264.21,261.26,261.58,257.87,45396700.0,266.3745,282.20959999999997,-0.01565064702065133,39.03118473118037,-4.740887490624857,-3.893589261596902,1,1.4599999999999795,-0.01763718393673719,-0.04938132003208051,0,0.37423408569327776,0.1999796457844593,1,1,0,0,0,0,0,0,0,0,0,0
2023-01-06,263.35,269.94,260.34,268.8,264.98,54659700.0,266.3745,282.20959999999997,0.027572032419436177,48.19545717826364,-4.272521693301599,-3.9693757479378413,1,2.319999999999993,0.01671580086365132,0.20404566851775563,0,0.39007597869922683,0.24832351720844545,1,1,0,0,0,0,0,0,0,0,0,0
2023-01-09,270.83,275.29,269.92,270.54,266.7,45568700.0,266.3745,282.20959999999997,0.006491055928749212,50.14763567945076,-3.7196707501759647,-3.9194347483854663,1,4.199999999999989,0.018412441327534057,-0.16631997614330118,0,0.3939083353757714,0.20087731888010063,1,1,0,0,0,0,0,0,0,0,0,0
2023-01-10,269.49,272.94,268.97,272.83,268.96,35247800.0,266.3745,282.20959999999997,0.008473940757405263,52.67135154856986,-3.0638511138218973,-3.7483180214727527,1,8.239999999999952,0.04253702910559065,-0.226490990526392,0,0.3989438737996033,0.14701223601495775,1,1,0,0,0,0,0,0,0,0,0,0
2023-01-11,273.92,277.66,273.12,277.55,273.61,44077000.0,266.3745,282.20959999999997,0.01728881618084488,57.44484244124644,-2.144176457261665,-3.427489708630535,1,11.639999999999986,0.032253812866999354,0.25048939224575717,0,0.4093046055123549,0.19309209238726244,1,1,0,0,0,0,0,0,0,0,0,0
2023-01-12,278.12,280.1,273.74,279.05,275.09,60600000.0,266.3745,282.20959999999997,0.005409159021965371,58.86683577688849,-1.2811358977656369,-2.998218946457556,1,17.21999999999997,0.031171915960215513,0.3748667105293011,0,0.4126022147456606,0.2793261188947139,1,1,0,0,0,0,0,0,0,0,0,0
2023-01-13,276.5,281.22,276.16,280.97,276.98,44802900.0,266.3745,282.20959999999997,0.0068704787524085376,60.67404887474437,-0.4395954491830594,-2.4864942470026565,1,12.0,0.029568453955218787,-0.26067821782178213,0,0.4168133508611662,0.19688058599264638,1,1,0,0,0,0,0,0,0,0,0,0
2023-01-17,280.77,282.85,279.58,281.54,277.54,36269700.0,266.3745,282.20959999999997,0.0020218066286374903,61.21775113831017,0.26941311251761135,-1.935312775098603,0,10.840000000000032,0.014301444403011399,-0.19046088534447547,0,0.41806109489539,0.1523455623895849,1,1,0,0,0,0,0,0,0,0,0,0
2023-01-18,283.11,284.69,277.67,277.88,273.93,47754500.0,266.3745,282.20959999999997,-0.013007134106795437,55.85657510719919,0.5338567080093526,-1.441478878477012,0,4.970000000000027,-0.004114848725749409,0.31664998607653216,0,0.41001760210333993,0.21228507383622164,0,1,0,0,0,0,0,0,0,0,0,0
2023-01-19,276.22,277.38,273.89,275.15,271.24,44150400.0,266.64050000000003,282.20959999999997,-0.009820027014200705,52.188902030293825,0.5203711294572599,-1.0491088768901577,1,-2.3700000000000045,-0.020805354492358652,-0.07547142154142539,0,0.40402397451037186,0.19347516916179774,0,1,0,0,0,0,0,0,0,0,0,0
2023-01-20,276.79,283.02,275.71,282.68,278.67,60613600.0,267.2885,282.20959999999997,0.02739271493879958,60.001285694275836,1.096581902620585,-0.6199707209880092,1,3.580000000000041,0.004565553817803436,0.37288903384793803,0,0.42057886410730605,0.2793970976976251,0,1,0,0,0,0,0,0,0,0,0,0
2023-01-23,283.54,290.21,282.73,288.96,284.86,52799900.0,268.053,282.20959999999997,0.022212652958696566,65.11544807864766,2.029321603502183,-0.09011225608997081,0,7.8799999999999955,0.03978534088329544,-0.12891001359430887,0,0.434370891914173,0.2386171659103423,0,1,0,0,0,0,0,0,0,0,0,0
2023-01-24,287.31,289.55,286.78,288.37,284.28,44875100.0,269.1185,282.20959999999997,-0.0020360879028296086,64.28604203132176,2.6907065930418526,0.4660515137363939,0,6.739999999999952,0.047569279994666536,-0.15009119335453291,0,0.4330785855930126,0.19725739993163072,0,1,0,0,0,0,0,0,0,0,0,0
2023-01-25,283.77,288.36,281.18,287.73,283.64,50872000.0,270.1225,282.20959999999997,-0.0022513015336991238,63.32749780316493,3.127168261848851,0.9982748633588855,1,9.70999999999998,0.017925263522167834,0.13363535680143324,0,0.4316525924110425,0.22855539869472066,0,1,0,0,0,0,0,0,0,0,0,0
2023-01-26,291.22,293.52,288.52,293.34,289.17,51596300.0,271.58900000000006,282.20959999999997,0.019496544916090874,67.7957574182647,3.874627765764899,1.5735454438400884,1,17.930000000000007,0.015209155479562142,0.01423769460607005,0,0.4439740647490029,0.2323355418527033,0,1,0,0,0,0,0,0,0,0,0,0
2023-01-27,292,298.26,291.88,296.26,292.05,56441900.0,273.371,282.20959999999997,0.009959539371304116,69.85569992585314,4.645832473781525,2.1880028498283757,0,13.379999999999995,0.027204782753695866,0.0939137108668644,0,0.4503910340678684,0.25762487180758487,0,1,0,0,0,0,0,0,0,0,0,0
2023-01-30,292.93,294.38,289.89,290.27,286.15,49405800.0,274.5455,282.20959999999997,-0.020202020202020332,61.216827922692595,4.726453456144611,2.695692971091623,1,1.2899999999999636,0.009254064085374658,-0.1246609345185049,0,0.4372451594215815,0.22090325745734093,0,1,0,0,0,0,0,0,0,0,0,0
2023-01-31,290.31,294.72,290.2,294.62,290.44,46705100.0,275.9425,282.20959999999997,0.01499213699108859,64.64092486441163,5.077977548239403,3.172149886521179,1,6.160000000000025,0.004749656160372373,-0.05466362248966716,0,0.4468037699694748,0.20680822414688438,0,1,0,0,0,0,0,0,0,0,0,0
2023-02-01,294.41,303.43,292.3,300.92,296.65,67562200.0,277.739,282.20959999999997,0.021381352430794642,68.91872544984967,5.790904087080207,3.695900726632985,1,13.009999999999991,0.0161714692198629,0.4465700747884065,0,0.46064036006327835,0.3156620469556095,0,1,0,0,0,0,0,0,0,0,0,0
2023-02-02,307.57,313.68,306.73,311.72,307.29,83070600.0,280.005,282.20959999999997,0.035867183549637804,74.59083642093846,7.1322464854645204,4.3831698783992925,0,18.120000000000005,0.07224067297152104,0.22954255486055808,0,0.4843474967135314,0.39660084600470236,0,1,0,0,0,0,0,0,0,0,0,0
2023-02-03,304.94,312.39,304.54,306.18,301.83,76170800.0,282.20300000000003,282.20959999999997,-0.017768231963292136,67.75741183169731,7.666321054164939,5.039800113552422,0,9.779999999999973,0.03948030401714031,-0.08305946989669033,0,0.4721819923798488,0.36059058539245803,0,1,0,0,0,0,0,0,0,0,0,0
2023-02-06,303.51,305.91,302.22,303.59,299.28,40802300.0,283.918,282.20959999999997,-0.008448464367359132,64.77286592580194,7.793971259794375,5.590634342800813,1,13.129999999999995,0.009650487218986536,-0.46433147610370373,0,0.4665003007954367,0.17600133607158422,0,1,0,0,0,0,0,0,0,0,0,0
2023-02-07,303.46,311.03,302.32,309.88,305.48,67584000.0,285.857,282.20959999999997,0.020716385993050146,68.41562113237198,8.299748813950828,6.132457237030816,0,15.04000000000002,-0.005500310337601122,0.6563772140296014,0,0.4803146097457721,0.31577582180145247,0,1,0,0,0,0,0,0,0,0,0,0
2023-02-08,308.54,309.5,303.67,304.37,300.05,56720900.0,287.41150000000005,282.20959999999997,-0.01777530443891584,62.33589906108434,8.168266854227795,6.539619160470212,0,3.400000000000034,-0.005507382813224826,-0.16073478929924245,0,0.4682159488424946,0.2590809810731891,0,1,0,0,0,0,0,0,0,0,0,0
2023-02-09,308.84,308.99,300.2,301.68,297.4,49137800.0,288.601,282.20959999999997,-0.008831861356440651,59.55443600447141,7.7607722492684275,6.783849778229856,0,-9.890000000000043,-0.005890779802306345,-0.13369146117216058,0,0.46231144582339956,0.21950455751762074,0,1,0,0,0,0,0,0,0,0,0,0
2023-02-10,299.48,301.57,297.25,299.7,295.44,50050100.0,289.6185,282.20959999999997,-0.006590450571620665,57.51045546651599,7.1967149690379415,6.866422816391473,1,-6.389999999999986,-0.033197616366977156,0.01856615477290391,0,0.4579443417036162,0.22426587824525787,0,1,0,0,0,0,0,0,0,0,0,0
2023-02-13,301.13,305.1,299.93,304.5,300.18,39636700.0,290.7785,282.20959999999997,0.01604386677497982,60.99679653921506,7.050895561802804,6.90331736547374,1,0.9000000000000341,0.0006215548469185039,-0.2080595243565947,0,0.4685056037075822,0.16991803513972648,0,1,0,0,0,0,0,0,0,0,0,0
2023-02-14,302.89,307.72,300.91,306.75,302.39,64079100.0,292.021,282.20959999999997,0.007362249317076408,62.54010578729247,7.032593797595155,6.929172651898023,1,-3.090000000000032,0.016815665520435563,0.6166608219150433,0,0.4734297364140727,0.29748364486591006,0,1,0,0,0,0,0,0,0,0,0,0
2023-02-15,304.9,309.27,304.2,309.1,304.71,43100600.0,293.56,282.20959999999997,0.007672211382651506,64.14406785017823,7.123182514553889,6.967974624429196,0,4.659999999999968,0.031078327474707734,-0.32738443579887977,0,0.4785989616987143,0.18799623186061015,0,1,0,0,0,0,0,0,0,0,0,0
2023-02-16,304.38,308.43,303.15,303.3,298.99,59498600.0,294.9475,282.20959999999997,-0.01877194709723995,57.5960077853127,6.656684415139239,6.905716582571205,0,1.5900000000000318,-0.0037374863975120354,0.38045874071358643,0,0.46585414763485666,0.27357787966483393,0,1,0,0,0,0,0,0,0,0,0,0
2023-02-17,301.07,301.93,298.1,301.16,296.88,58230700.0,295.858,282.20959999999997,-0.007057092210441818,55.35132345203637,6.0470157114367,6.733976408344304,0,1.4399999999999977,-0.01815682792503026,-0.021309745103246125,0,0.4611528263630489,0.2669606720022546,0,1,0,0,0,0,0,0,0,0,0,0
2023-02-21,297.26,298.73,293.89,294.03,289.86,46526700.0,296.108,282.20959999999997,-0.023645917542441275,48.56923435023107,4.940443186183302,6.375269763912104,1,-10.319999999999993,-0.04947495685012304,-0.20099363394223324,0,0.4455114636483144,0.20587714926163778,0,1,0,0,0,0,0,0,0,0,0,0
2023-02-22,294.62,296.36,292.56,294.25,290.07,51389200.0,296.3975,282.20959999999997,0.0007244876837093628,48.77144983679259,4.033921199888653,5.907000051107413,1,-12.319999999999993,-0.02997852206917373,0.10450988357222846,0,0.4459793676611483,0.23125468081719566,0,1,0,0,0,0,0,0,0,0,0,0
2023-02-23,297.97,298.13,292.55,296.82,292.61,69294400.0,296.846,282.20959999999997,0.0087565070500224,51.267258959620854,3.4803336470949944,5.42166677030493,0,-12.099999999999966,-0.014164922808709512,0.3484234041393912,0,0.4516387781020922,0.3247024500734579,0,1,0,0,0,0,0,0,0,0,0,0
2023-02-24,291.76,292.97,290.05,291.85,287.71,74332000.0,296.773,282.20959999999997,-0.01674583917159367,46.555162259428315,2.616066092660162,4.860546634775977,1,-11.28000000000003,-0.007264844437861906,0.07269851532014138,0,0.4407210178026335,0.35099383371649706,0,1,0,0,0,0,0,0,0,0,0,0
2023-02-27,295.07,296.49,293.34,293.94,289.77,48995000.0,296.659,282.20959999999997,0.007159987487400432,48.690316510704854,2.073451158642399,4.303127539549262,0,-7.110000000000014,-0.0008293446341708366,-0.3408626163698003,0,0.4453109333570998,0.2187592800870534,0,1,0,0,0,0,0,0,0,0,0,0
2023-02-28,293.3,296.12,292.96,293.56,289.39,48243100.0,296.821,282.20959999999997,-0.00131138489146565,48.306932485599,1.5943830347408152,3.761378638587573,0,-0.4700000000000273,-0.010897236575658886,-0.015346463924890252,0,0.4444642499053051,0.2148350917113981,0,1,0,0,0,0,0,0,0,0,0,0
2023-03-01,293.26,293.93,290.2,291.2,287.07,58287000.0,296.6525,282.20959999999997,-0.008016863056774626,45.929166808806805,1.01580392872404,3.2122636966148668,1,-3.0,-0.0021682604608398437,0.2081935033196458,0,0.4392950246206635,0.2672545033701884,0,1,0,0,0,0,0,0,0,0,0,0
2023-03-02,288.66,294.43,288.37,293.61,289.44,53565900.0,296.29200000000003,282.20959999999997,0.008255826105131092,48.706736529587154,0.739984926246791,2.717807942541252,1,-3.170000000000016,-0.0010724218431091836,-0.0809974779968089,0,0.44457565562264656,0.2426149426037217,0,0,0,0,0,0,0,0,0,0,0,0
2023-03-03,295.39,299.92,294.87,299.68,295.42,60511500.0,295.6985,282.7996,0.02066058595909359,54.989532448306065,0.9924915775680461,2.372744669546611,1,7.710000000000036,0.020899549007450058,0.12966458138479897,0,0.4578997794166797,0.27886423477282873,0,0,0,0,0,0,0,0,0,0,0,0
2023-03-06,300.94,304.0,299.82,300.02,295.76,56736300.0,295.395,283.4006,0.0011509037979824388,55.32459319635791,1.206136485838897,2.1394230328050683,0,5.990000000000009,0.030067315862207122,-0.062388141097146854,0,0.4586573382946012,0.25916135412942676,0,0,0,0,0,0,0,0,0,0,0,0
2023-03-07,300.07,301.01,295.72,296.34,292.13,65955800.0,295.0375,283.8518,-0.012273464971598536,50.96270164407192,1.0702043030216828,1.9255792868483912,1,2.740000000000009,0.009538024785477495,0.16249737822170296,0,0.4505692832156146,0.30727819776468956,0,0,0,0,0,0,0,0,0,0,0,0
2023-03-08,296.77,298.43,294.88,297.82,293.59,50876300.0,294.443,284.4642,0.004997774963201307,52.582014082890076,1.067975905623257,1.7540586106033644,0,6.519999999999982,-0.00612478621041479,-0.22863038580382622,0,0.4538223301619838,0.22857784052211175,0,0,0,0,0,0,0,0,0,0,0,0
2023-03-09,298.33,300.98,291.83,292.66,288.5,71456700.0,293.8655,284.96299999999997,-0.01733710276235556,46.78195885154352,0.6480194585946606,1.5328507802016238,0,-0.9399999999999977,-0.02461279277075279,0.4045184103403745,0,0.44248122813662794,0.3359875578333721,0,0,0,0,0,0,0,0,0,0,0,0
2023-03-10,292.83,294.35,287.38,288.55,284.45,98593600.0,293.21799999999996,285.4552,-0.01403812824956674,42.742044750830985,-0.011468007978692185,1.2239870225655607,1,-10.970000000000027,-0.026377456048720993,0.3797670477366013,0,0.4334573650319734,0.4776158428863322,0,0,0,0,0,0,0,0,0,0,0,0
2023-03-13,286.73,294.47,285.19,290.69,286.56,97123600.0,292.774,286.0582,0.007417823870627505,45.388066424124126,-0.359710689676092,0.9072474801172302,1,-9.199999999999989,-0.023957407141294795,-0.014909689878450538,0,0.4381586863037811,0.46994386933637433,0,0,0,0,0,0,0,0,0,0,0,0
2023-03-14,294.31,297.93,293.45,297.37,293.15,73602500.0,292.4225,286.668,0.022996929089893925,52.73468893866585,-0.10275312474180964,0.7052473591454224,1,1.0199999999999818,0.01637662471095469,-0.24217697861281917,0,0.45284195984937936,0.3471865516044602,0,0,0,0,0,0,0,0,0,0,0,0
2023-03-15,294.71,299.27,293.24,298.93,294.69,83631500.0,292.0375,287.3118,0.00525328330206376,54.28244722089412,0.22258688339456967,0.6087152639952519,1,1.1000000000000227,0.03566803626258519,0.13625895859515635,0,0.456273255943495,0.39952819972182574,0,0,0,0,0,0,0,0,0,0,0,0
2023-03-16,298,307.18,297.19,306.81,302.45,98198100.0,291.92449999999997,288.14639999999997,0.0263327564559368,61.18063115204214,1.0939776375369092,0.7057677387035834,0,13.949999999999989,0.054582968847894486,0.17417599827816077,0,0.47356342327488243,0.4755517166693197,0,0,0,0,0,0,0,0,0,0,0,0
2023-03-17,306.72,309.15,303.37,305.36,301.02,89923700.0,292.02599999999995,288.9274,-0.004728054223838707,59.40189673976228,1.6501501356536892,0.8946442180936047,1,16.569999999999993,0.026857985534161855,-0.08426232279443291,0,0.470377219758918,0.43236737793342084,0,0,0,0,0,0,0,0,0,0,0,0
2023-03-20,304.26,306.3,302.01,305.97,302.09,56359500.0,292.2865,289.8118,0.0035545810909574094,60.33124428491259,2.1524488149684657,1.146205137468577,0,15.529999999999973,0.025159283323055504,-0.3732519902984419,0,0.4727613021100242,0.2571948237664171,0,0,0,0,0,0,0,0,0,0,0,0
2023-03-20,0.47 Dividend,,,,,,310.894,317.86440000000005,0.0,60.33124428491259,2.1524488149684657,1.347453872968555,0,0.0,-0.0011734731328812975,0.0,0,0.4823867560883225,0.22273618066192954,1,1,0,0,0,0,1,0,0,0,1,1
2023-03-21,307.94,310.8,306.4,310.34,306.41,49757000.0,310.894,317.86440000000005,0.014300374060710608,60.33124428491259,3.0466271988850053,1.6872885381518452,0,11.720000000000027,0.017854955151668017,-0.11714972631055987,0,0.4823867560883225,0.22273618066192954,1,1,0,0,0,0,0,0,0,0,0,0
2023-03-22,310.27,315.25,305.95,306.12,302.24,75791900.0,310.894,317.86440000000005,-0.013609216409386171,54.2828338787425,3.20694733659667,1.9912202978408104,1,-0.20999999999997954,0.0006911576513244366,0.5232409510219667,0,0.4730955192620485,0.35861309506723416,1,1,0,0,0,0,0,0,0,0,0,0
2023-03-23,309.92,314.15,307.01,309.75,305.82,74576000.0,310.894,317.86440000000005,0.011844891476971986,58.16088160360328,3.581591919287007,2.30929462213005,1,4.800000000000011,0.012536049128296423,-0.016042611413620733,0,0.48107216862369373,0.35226727694519755,1,1,0,0,0,0,0,0,0,0,0,0
2023-03-24,309.32,310.99,306.95,310.89,306.95,57195200.0,310.894,317.86440000000005,0.003694983977503119,59.33348436021789,3.9244434650497055,2.6323243907139813,0,4.860000000000014,0.0019306590450889338,-0.23306157476936284,0,0.48358993783560966,0.2615563668247163,1,1,0,0,0,0,0,0,0,0,0,0
2023-03-27,311.6,312.7,307.89,308.76,304.85,50287400.0,310.894,317.86440000000005,-0.006841505131128689,56.18216517910518,3.9808149785098976,2.9020225082731645,0,0.0,0.008698370323346416,-0.12077586930371775,0,0.47891089770727036,0.22550435397546534,1,1,0,0,0,0,1,0,0,0,0,0
2023-03-28,308.17,308.2,304.77,307.12,303.23,48585900.0,310.894,317.86440000000005,-0.005314088896178459,53.807953601210585,3.850384512092546,3.091694909037041,1,-3.180000000000007,-0.00846061004980403,-0.0338355134685826,0,0.4753013524654085,0.21662417506712975,1,1,0,0,0,0,0,0,0,0,0,0
2023-03-29,310.88,313.35,310.05,312.72,308.76,53274300.0,310.894,317.86440000000005,0.018236981828974708,60.019057253251695,4.145455975587822,3.3024471223471976,1,6.519999999999982,0.006081387801667559,0.0964971318839416,0,0.4876228248033688,0.2410930735648321,1,1,0,0,0,0,0,0,0,0,0,0
2023-03-30,315.24,316.32,312.81,315.68,311.68,58354800.0,310.894,317.86440000000005,0.009457183573001737,62.85892701660501,4.562330131026215,3.5544237240830014,1,5.860000000000014,0.022380076505797986,0.09536493205917296,0,0.4941289186961074,0.26760835357881907,1,1,0,0,0,0,0,0,0,0,0,0
2023-03-31,315.91,321.17,315.6,320.93,316.86,62138100.0,310.894,317.86440000000005,0.016619609856262763,67.29673132279962,5.250167943622955,3.8935725679909927,0,9.910000000000025,0.04431377525823921,0.06483271299019111,0,0.505670551012678,0.2873535083621902,1,1,0,0,0,0,0,0,0,0,0,0
2023-04-03,318.77,320.42,317.42,320.15,316.09,47126800.0,310.894,317.86440000000005,-0.00243009531023175,66.03366900543986,5.667816737610451,4.248421401914884,0,11.239999999999952,0.02364669811903275,-0.24157964276345756,0,0.5039549029656201,0.20900908894009337,1,1,0,0,0,0,0,0,0,0,0,0
2023-04-04,320.6,321.63,317.83,319.07,315.03,45875400.0,310.894,317.86440000000005,-0.0033534752760290276,64.24604159249833,5.845885545006752,4.567914230533257,0,11.799999999999955,0.010836039270001985,-0.026553892901703513,0,0.5015931017579821,0.20247799526634014,1,1,0,0,0,0,0,0,0,0,0,0
2023-04-05,318.1,319.06,314.07,315.92,311.92,62795700.0,310.894,317.86440000000005,-0.009872075675332326,59.183684426839214,5.670687197012342,4.788468823829074,1,3.160000000000025,-0.015655646261593104,0.3688316614133065,0,0.4946636661393463,0.29078554224413056,1,1,0,0,0,0,0,0,0,0,0,0
2023-04-06,314.24,318.55,312.82,318.05,314.02,46916500.0,310.894,317.86440000000005,0.006732495511669656,61.39568795225389,5.636321685654764,4.958039396194213,0,2.339999999999975,-0.006493055439691697,-0.2528708175878285,0,0.4993427062676856,0.20791152700978308,1,1,0,0,0,0,0,0,0,0,0,0
2023-04-10,315.07,317.92,313.25,317.87,313.84,45134700.0,310.894,317.86440000000005,-0.0005732118973313938,61.090082834000896,5.530806579199009,5.072592832795173,0,-3.0200000000000387,-0.0037127920609940634,-0.037978110046572144,0,0.49894164568525645,0.19861226002249402,1,1,0,0,0,0,0,0,0,0,0,0
2023-04-11,317.83,317.89,315.31,315.83,311.83,40113600.0,310.894,317.86440000000005,-0.006404537343869476,57.639809318419736,5.2247670333525775,5.103027672906654,0,-4.259999999999991,-0.00024525372953121405,-0.1112470006447368,0,0.4944631358481316,0.17240699036828083,1,1,0,0,0,0,0,0,0,0,0,0
2023-04-12,317.82,318.42,312.57,313.04,309.07,62813300.0,310.894,317.86440000000005,-0.008850976493602225,53.196905719247404,4.705280015571361,5.023478141439595,1,-5.9599999999999795,-0.015828725734803095,0.5658853855051653,0,0.4883135402508856,0.29087739716554506,1,1,0,0,0,0,0,0,0,0,0,0
2023-04-13,314.83,319.65,313.63,319.17,315.13,54613800.0,310.894,317.86440000000005,0.01960720872294308,60.4121985795103,4.7280718960496415,4.964396892361605,0,3.2099999999999795,0.00435169488547138,-0.13053764091362818,0,0.501815913192665,0.2480839637486202,1,1,0,0,0,0,0,0,0,0,0,0
2023-04-14,317.59,320.36,315.61,318.57,314.53,56278300.0,310.894,317.86440000000005,-0.0019039761368324637,59.4352165933635,4.644184373392477,4.900354388567779,1,0.5099999999999909,0.008852256092508393,0.030477644844343343,0,0.5004790445845679,0.2567710385608004,1,1,0,0,0,0,0,0,0,0,0,0
2023-04-17,318.15,319.2,316.04,318.84,314.8,43007000.0,310.894,317.86440000000005,0.0008584236797763989,59.75065742070868,4.547073814348892,4.829698273724002,1,0.9600000000000364,0.018561656265887017,-0.23581558078335696,0,0.5010806354582117,0.18750773068763324,1,1,0,0,0,0,0,0,0,0,0,0
2023-04-18,320.99,321.42,317.64,318.86,314.82,46746900.0,310.894,317.86440000000005,6.353240152479067e-05,59.775609637055126,4.420766979607151,4.747912014900632,0,2.990000000000009,-0.0009820200555312741,0.08696026228288423,0,0.5011251977451482,0.20702637958524372,0,1,0,0,0,0,0,0,0,0,0,0
2023-04-19,316.41,319.79,316.28,318.71,314.67,38960100.0,311.307,317.86440000000005,-0.0004764627406136368,59.477791517461185,4.259463710454952,4.650222354011497,0,5.600000000000023,0.00044549334068755275,-0.16657361236787893,0,0.500790980593124,0.16638683969489554,0,1,0,0,0,0,0,0,0,0,0,0
2023-04-20,315.69,319.27,314.97,316.28,312.27,62462100.0,311.8085,317.86440000000005,-0.0076270378491754,54.77541454327949,3.89309261684042,4.498796406577282,1,-2.8600000000000136,-0.008039968188264246,0.6032325379041634,0,0.49544350616073607,0.28904447396095645,0,1,0,0,0,0,0,0,0,0,0,0
2023-04-21,315.91,317.4,314.1,316.61,312.6,59002300.0,312.1475,317.86440000000005,0.0010567777884524787,55.29873749056823,3.5880087957255,4.316638884406926,0,-1.92999999999995,-0.007046722801336558,-0.05539038873172697,0,0.49617878389518955,0.27098767526153866,0,1,0,0,0,0,0,0,0,0,0,0
2023-04-24,316.38,317.74,313.74,315.95,311.95,44043100.0,312.3975,317.86440000000005,-0.0020793346129239776,53.973898586340745,3.256242168974836,4.1045595413205085,0,-2.8500000000000227,-0.008649594673646899,-0.25353587910979747,0,0.49473050956975106,0.19291516728294708,0,1,0,0,0,0,0,0,0,0,0,0
2023-04-25,314.29,314.97,309.89,309.99,306.06,57121600.0,312.45799999999997,317.86440000000005,-0.01888123096650096,43.7462593326531,2.4893453284268503,3.781516698741777,1,-8.759999999999991,-0.01990378779097246,0.29694776253261,0,0.4816069160669325,0.26117224624425583,0,1,0,0,0,0,0,0,0,0,0,0
2023-04-26,313.44,314.94,311.34,311.87,307.92,55400500.0,312.6925,317.86440000000005,0.006077239756910435,47.15193315440499,2.008507686078133,3.4269148962090488,1,-6.75,-0.014883325822514504,-0.03013045853057339,0,0.48575120875203315,0.25218977435525414,0,1,0,0,0,0,0,0,0,0,0,0
2023-04-27,315.7,320.86,315.05,320.35,316.29,65430400.0,313.069,317.86440000000005,0.027182385035074086,59.139958338083765,2.2765863687271235,3.1968491907126637,1,4.020000000000039,0.01437839382548356,0.1810434923872528,0,0.5044005258349858,0.30453611959928295,0,1,0,0,0,0,0,0,0,0,0,0
2023-04-28,320.11,322.65,318.96,322.56,318.47,59652500.0,313.40849999999995,317.86440000000005,0.006892408865281974,61.58419999619082,2.634578654349866,3.0843950834401044,0,5.8700000000000045,0.040152033657266495,-0.08830604734190839,0,0.5092578151110715,0.2743810883242479,0,1,0,0,0,0,0,0,0,0,0,0
2023-05-01,322.09,323.63,321.09,322.19,318.11,41013400.0,313.471,317.86440000000005,-0.0011304047476999868,60.93593952778669,2.8563153037197253,3.0387791274960287,0,6.160000000000025,0.03294438915265607,-0.31246133858597713,0,0.5084556939462133,0.17710307322559515,0,1,0,0,0,0,0,0,0,0,0,0
2023-05-02,322.12,322.45,317.61,319.38,315.33,56519400.0,313.433,317.86440000000005,-0.008739115400333342,56.03097996561197,2.7757236152919518,2.9861680250552136,0,9.269999999999982,-0.0029771112827513546,0.37807155710084994,0,0.5022615360620306,0.258029346603586,0,1,0,0,0,0,0,0,0,0,0,0
2023-05-03,319.75,322.47,317.18,317.29,313.27,59882100.0,313.34499999999997,317.86440000000005,-0.0065328386135160565,52.64908690109088,2.5166193167767688,2.8922582833995247,0,5.349999999999966,-0.016402358761549385,0.0594963853119459,0,0.4976716205075644,0.27557937752633654,0,1,0,0,0,0,0,0,0,0,0,0
2023-05-04,317.06,318.23,315.12,316.17,312.16,50224500.0,313.357,317.86440000000005,-0.003543269384237102,50.86747829023637,2.1963909425352313,2.753084815226666,1,-4.1299999999999955,-0.0188152233980865,-0.16127690912643344,0,0.4951984135825851,0.22517607701200118,0,1,0,0,0,0,0,0,0,0,0,0
2023-05-05,318.47,323.76,316.21,322.89,318.8,51776000.0,313.596,317.86440000000005,0.0212711430035879,59.66122494455426,2.450156279610553,2.6924991081034437,1,0.3299999999999841,0.011195035005834741,0.030891298071658246,0,0.5099930928455249,0.2332734014764635,0,1,0,0,0,0,0,0,0,0,0,0
2023-05-08,322.42,324.04,321.32,323.69,319.59,36465800.0,313.8835,317.86440000000005,0.002478042659974866,60.56554962231068,2.6840732100300784,2.6908139284887707,0,1.4799999999999613,0.020205916279325664,-0.29570071075401727,0,0.5117533031795191,0.15336901409920853,0,1,0,0,0,0,0,0,0,0,0,0
2023-05-09,322,322.88,321.32,321.64,317.56,31768800.0,314.17,317.86440000000005,-0.006351888356957214,57.02768624426777,2.6748164095322977,2.6876144246974762,1,2.230000000000018,0.017397297306605553,-0.12880562060889933,0,0.5072302310554577,0.12885523194672416,0,1,0,0,0,0,0,0,0,0,0,0
2023-05-10,324.12,326.01,321.6,325.14,321.02,60446600.0,314.7675,317.86440000000005,0.01089557878826053,61.189039029623224,2.9130930882358825,2.7327101574051578,1,7.75,0.007021733091278182,0.9027032812067186,0,0.5149395066954835,0.27852551975011286,0,1,0,0,0,0,0,0,0,0,0,0
2023-05-11,325.7,326.75,324.12,326.2,322.07,44278500.0,315.1145,317.86440000000005,0.0032708242477104132,62.37964105218541,3.1503401374966415,2.8162361534234543,0,9.909999999999968,0.007814514679013729,-0.26747740981295887,0,0.5172790267596532,0.1941437268568655,0,1,0,0,0,0,0,0,0,0,0,0
2023-05-12,326.74,327.17,322.94,325.03,320.91,48396200.0,315.4335,317.86440000000005,-0.00360170149346406,60.18309598290939,3.2077805306497,2.8945450288687034,1,2.1100000000000136,0.010564701542506882,0.09299547184299373,0,0.5146944141173325,0.21563412514711142,0,1,0,0,0,0,0,0,0,0,0,0
2023-05-15,325.51,327.03,323.96,326.79,322.65,33375600.0,315.82599999999996,317.86440000000005,0.005422080957277586,62.32605697785384,3.3550312029987595,2.9866422636947147,1,3.0600000000000023,0.0050912037115239395,-0.31036734289055756,0,0.5185713330808136,0.1372411687494944,0,1,0,0,0,0,0,0,0,0,0,0
2023-05-16,326.06,328.9,326.02,327.16,323.01,40019200.0,316.2355,317.86440000000005,0.0011157601115761029,62.77248227160424,3.4608825137793247,3.0814903137116367,1,5.449999999999989,0.002936139575389629,0.1990555975023669,0,0.5193734542456718,0.17191431397160326,0,1,0,0,0,0,0,0,0,0,0,0
2023-05-17,328.24,331.71,327.04,331.12,326.92,47486100.0,316.848,317.86440000000005,0.012104888393548174,67.30416127007061,3.8162830277665876,3.228448856522627,1,5.900000000000034,0.018642729462401864,0.18658294018870936,0,0.5280853813417704,0.21088428628465108,0,1,0,0,0,0,0,0,0,0,0,0
2023-05-18,331.52,337.49,331.5,337.27,333.0,64213500.0,317.8845,317.86440000000005,0.018597822097148997,72.84056016731887,4.536254564049898,3.490009998028081,0,10.930000000000007,0.031818470602273274,0.35225887154346225,0,0.5416323165704864,0.29818508244762054,0,1,0,0,0,0,0,0,0,0,0,0
2023-05-19,337.49,338.21,335.43,336.51,332.25,61462400.0,318.867,317.86440000000005,-0.0022522522522522292,71.238091544143,4.988810558983573,3.78977011021918,1,11.339999999999975,0.028450458238444942,-0.04284301587672379,0,0.5399612308103652,0.28382701004402255,0,1,0,0,0,0,0,0,0,0,0,0
2023-05-22,336.25,338.67,336.24,337.64,333.36,43015900.0,319.9375,317.86440000000005,0.0033408577878104584,72.21243733103549,5.375071688245157,4.106830425824375,0,10.710000000000036,0.019686427632707226,-0.30012658145467797,0,0.5424344377353446,0.18755418005130306,0,1,0,0,0,0,0,0,0,0,0,0
2023-05-23,335.89,337.06,333.0,333.36,329.14,48216700.0,321.0915,317.86440000000005,-0.012658987281017553,63.41668301402715,5.2798053742678235,4.341425415513065,0,6.1299999999999955,-0.011570381745459324,0.12090413079814666,0,0.5330317951917292,0.21469730932927641,0,1,0,0,0,0,0,0,0,0,0,0
2023-05-24,331.37,332.91,329.56,331.65,327.45,62891200.0,322.068,317.86440000000005,-0.0051345931822325275,60.25157574787892,5.01018298725694,4.47517692986184,1,0.5299999999999727,-0.014452722675439622,0.3043447602179328,0,0.5292662819455893,0.2912839595733965,0,1,0,0,0,0,0,0,0,0,0,0
2023-05-25,339.14,341.01,336.67,339.72,335.41,66862800.0,323.024,317.86440000000005,0.02430905481752954,68.28145793764679,5.376830028917766,4.655507549673025,1,2.410000000000025,0.00651547435427946,0.06315032945785748,0,0.5470020721463426,0.3120118576353099,0,1,0,0,0,0,0,0,0,0,0,0
2023-05-26,340.76,349.25,340.66,348.4,343.98,63007000.0,324.2995,317.86440000000005,0.025550818401359532,74.30093784689554,6.286461414504856,4.981698322639392,1,11.730000000000018,0.044725280036656545,-0.05766734267784179,0,0.5660970120986609,0.29188832320406666,0,1,0,0,0,0,0,0,0,0,0,0
2023-05-30,352.71,353.93,348.53,349.98,345.54,72652200.0,325.671,317.86440000000005,0.0045351473922903285,75.2227190700757,7.051939435526037,5.3957465452167215,0,12.180000000000007,0.0543950206111794,0.15308140365356238,0,0.5695728704797131,0.3422269077510418,0,1,0,0,0,0,0,0,0,0,0,0
2023-05-31,348.37,350.6,346.51,347.99,343.58,65105400.0,327.0835,317.86440000000005,-0.005672281067314988,71.74099664581914,7.414955669254596,5.7995883700242965,1,14.439999999999998,0.024413684726334872,-0.10387572571787229,0,0.5652057663599295,0.3028399349708909,0,0,0,0,0,0,0,0,0,0,0,0
2023-06-01,347.73,353.36,346.66,352.01,347.55,50488600.0,328.7975,318.6872,0.011554805285522995,74.33247848842423,7.931564334776851,6.2259835629748075,1,20.100000000000023,0.010417671610498336,-0.22450979488644562,0,0.5740513803168379,0.22655442273618068,0,0,0,0,0,0,0,0,0,0,0,0
2023-06-02,353.8,355.83,352.01,354.65,350.16,53293500.0,330.6975,319.6456,0.007509710832973804,75.89739102040875,8.454131644405095,6.6716131792608655,1,14.75,0.013392235051181811,0.055555115412192047,0,0.5798667587620597,0.24119327893364786,0,0,0,0,0,0,0,0,0,0,0,0
2023-06-05,354.43,357.5,353.85,354.9,350.4,47266200.0,332.27750000000003,320.5372,0.0006854009595611554,76.04203867993354,8.786352395317238,7.09456102247214,0,6.419999999999959,0.019749917078057955,-0.11309634383179934,0,0.5804015062052984,0.2097366216699329,0,0,0,0,0,0,0,0,0,0,0,0
2023-06-06,354.28,355.82,352.93,354.84,350.34,41390400.0,333.815,321.405,-0.00017123287671239051,75.919372551628,8.941723611612304,7.463993540300174,0,4.7999999999999545,0.008023878915822569,-0.12431293397819165,0,0.5802678193444887,0.17907064739452994,0,0,0,0,0,0,0,0,0,0,0,0
2023-06-07,355.13,357.12,348.18,348.82,344.4,69225900.0,335.157,322.19599999999997,-0.016954958040760415,64.77844603582105,8.48770705900455,7.66873624404105,1,0.8199999999999932,-0.01644078995791165,0.6725110170474313,0,0.5670328201243287,0.3243449465440891,0,0,0,0,0,0,0,0,0,0,0,0
2023-06-08,349.12,353.62,348.89,353.15,348.67,47153900.0,336.5395,323.1048,0.012398373983739885,68.37157183308028,8.375896858995588,7.810168367031958,1,1.1200000000000045,-0.00472781693373292,-0.3188402028720464,0,0.5765468683852856,0.20915052464295314,0,0,0,0,0,0,0,0,0,0,0,0
2023-06-09,354.63,357.66,353.03,354.5,350.01,53155900.0,337.93649999999997,323.9298,0.0038431754954539876,69.42567330059293,8.299739045780598,7.908082502781686,1,-0.1500000000000341,-0.000713408561566542,0.1272853358895023,0,0.5795325416100353,0.24047514045713478,0,0,0,0,0,0,0,0,0,0,0,0
2023-06-12,356.19,360.59,355.2,360.49,355.92,44606500.0,339.687,324.8146,0.0168852318505186,73.60406561977351,8.616940314107637,8.049854065046876,1,5.520000000000039,0.033126781329712474,-0.16083633237326433,0,0.5927006973997906,0.195855568574135,0,0,0,0,0,0,0,0,0,0,0,0
2023-06-13,363.29,364.11,360.03,363.26,358.66,57097800.0,341.4875,325.6506,0.007698359181838699,75.29011686161026,8.985836574886775,8.237050567014856,1,8.32000000000005,0.028426766527811287,0.28003317902099467,0,0.5988057307101,0.26104803333916127,0,0,0,0,0,0,0,0,0,0,0,0
2023-06-14,363.27,366.19,360.42,365.9,361.26,69525600.0,343.4,326.554,0.007249205375564616,76.8042027177228,9.379862573219384,8.465612968255762,1,16.860000000000014,0.031832796407921915,0.21765812343032476,0,0.6045988280118535,0.32590908972294785,0,0,0,0,0,0,0,0,0,0,0,0
2023-06-15,364.61,371.77,363.98,370.26,365.57,71138800.0,345.3325,327.5648,0.011930465592647987,79.09135131598971,9.92549704401307,8.757589783407225,0,16.899999999999977,0.026878030150051302,0.023202964088048228,0,0.6142020008466834,0.3343284283153233,0,0,0,0,0,0,0,0,0,0,0,0
2023-06-16,372.72,372.85,367.48,367.93,363.27,80875900.0,346.846,328.5918,-0.006291544710999242,74.84992712995424,10.056401577609051,9.01735214224759,0,13.259999999999991,0.012888126257213361,0.13687467317413282,0,0.6090773378489783,0.38514664168491153,0,0,0,0,0,0,0,0,0,0,0,0
2023-06-20,365.95,368.32,363.89,366.9,362.75,49204700.0,348.371,329.5664,-0.001431442177994291,73.88520906656719,10.002877761165962,9.214457266031266,0,6.829999999999984,0.004207478703654455,-0.3916024427548874,0,0.6079187183886277,0.21985371059958822,0,0,0,0,0,0,0,0,0,0,0,0
2023-06-20,0.50 Dividend,,,,,,365.996,366.631,0.0,73.88520906656719,10.002877761165962,9.372141365058205,0,0.0,-0.007722986888993533,0.0,0,0.5968895523718277,0.24163585264591755,1,1,0,0,0,0,1,0,0,0,1,1
2023-06-21,365.74,366.18,360.96,361.9,357.8,53378300.0,365.996,366.631,-0.013645761543762847,73.88520906656719,9.439398204159602,9.385592732878484,1,-3.4599999999999795,-0.015077203721757138,0.0848211654577713,0,0.5968895523718277,0.24163585264591755,1,1,0,0,0,0,0,0,0,0,0,0
2023-06-22,360.63,366.33,360.22,366.17,362.03,47603000.0,365.996,366.631,0.011822247065399472,76.90894510474806,9.234141225493829,9.355302431401554,0,-3.5400000000000205,-0.001823514478363375,-0.10819565254045183,0,0.6063144760589112,0.21149439084790964,1,1,0,0,0,0,0,0,0,0,0,0
2023-06-23,362.21,364.88,360.82,362.54,358.44,48873900.0,365.996,366.631,-0.009916305278568016,69.54880993389153,8.681713208299925,9.220584586781229,0,-4.829999999999984,-0.011739819756931391,0.026697897191353404,0,0.5983155455537977,0.21812725559936638,1,1,0,0,0,0,0,0,0,0,0,0
2023-06-26,362,364.84,357.59,357.68,353.63,52685500.0,365.996,366.631,-0.013419261243164837,61.11042127236524,7.766258628352546,8.929719395095493,1,-9.120000000000005,-0.011513319456333382,0.07798845600617099,0,0.5875983155455538,0.2380201089211483,1,1,0,0,0,0,0,0,0,0,0,0
2023-06-27,359.25,364.57,358.51,363.83,359.71,49428100.0,365.996,366.631,0.0171931114441648,66.62305993442206,7.445532007272959,8.632881917530987,1,0.0,-0.006142455077568054,-0.06182725797420541,0,0.6011452507742696,0.2210196418179968,1,1,0,0,0,0,1,0,0,0,0,0
2023-06-28,361.98,366.52,361.9,364.54,360.41,46498000.0,365.996,366.631,0.0019460120652750046,67.19954139875668,7.165241554777253,8.339353844980241,0,2.6100000000000136,0.0057198622662749665,-0.059280045156500094,0,0.6027049308170496,0.2057273631113767,1,1,0,0,0,0,0,0,0,0,0,0
2023-06-29,364.24,364.89,362.14,363.81,359.69,46151000.0,365.996,366.631,-0.001997724813406987,65.93802214031761,6.806549701058088,8.03279301619581,1,-2.339999999999975,0.017141398696032817,-0.007462686567164201,0,0.6011006884873331,0.2039163598312166,1,1,0,0,0,0,0,0,0,0,0,0
2023-06-30,367.55,370.49,367.23,369.42,365.24,58668800.0,365.996,366.631,0.015429953571130639,70.530485744506,6.890690844713447,7.804372581899338,1,6.800000000000011,0.015378240822998657,0.27123572620311576,0,0.61346672311223,0.26924712888132707,1,1,0,0,0,0,0,0,0,0,0,0
2023-07-03,370.07,370.93,368.97,370.29,366.1,19432900.0,365.996,366.631,0.002354616142810295,71.17893506024225,6.946690990372588,7.632836263593989,0,12.470000000000027,0.015786844900533947,-0.6687694311115959,0,0.6153829014505025,0.06447380438555059,1,1,0,0,0,0,0,0,0,0,0,0
2023-07-05,368.7,372.01,368.66,370.28,366.09,34460900.0,365.996,366.631,-2.731494127306e-05,71.15932760976727,6.910603457879006,7.488389702450993,0,6.3799999999999955,0.017757254772667874,0.7733277071358367,0,0.6153606203070341,0.14290538160239866,1,1,0,0,0,0,0,0,0,0,0,0
2023-07-06,366.51,367.91,364.52,367.46,363.3,49374700.0,365.996,366.631,-0.007621076784397163,65.71987432140594,6.581012331761485,7.306914228313092,0,2.8899999999999864,-0.0052937755828599276,0.4327745357782298,0,0.6091441812793832,0.22074094563597788,1,1,0,0,0,0,0,0,0,0,0,0
2023-07-07,367.23,370.48,366.01,366.24,362.09,47083200.0,365.996,366.631,-0.0033305807872282545,63.45444097629624,6.151264157945604,7.0757842142395955,1,2.3999999999999773,-0.010978972512898477,-0.046410408569571016,0,0.6064481629197209,0.20878153924840753,1,1,0,0,0,0,0,0,0,0,0,0
2023-07-10,365.96,367.05,363.41,366.36,362.21,48498800.0,365.996,366.631,0.0003314093181252531,63.588493123854605,5.7540396438967605,6.811435300171029,1,-3.0300000000000296,-0.010620248253500164,0.03006592585040946,0,0.6067155366413404,0.2161695975867207,1,1,0,0,0,0,0,0,0,0,0,0
2023-07-11,366.79,368.63,364.62,368.17,364.0,38214100.0,365.996,366.631,0.004941884542116526,65.61463244830269,5.520042777973629,6.5531567957315495,1,-2.1000000000000227,0.0019427130730135245,-0.2120609169711416,0,0.610703861322163,0.16249344359403256,1,1,0,0,0,0,0,0,0,0,0,0
2023-07-12,372.34,374.19,370.3,372.82,368.6,61975400.0,365.996,366.631,0.012637362637362592,70.20331566982016,5.640756996660912,6.370676835917422,1,2.5100000000000477,0.01791065649760437,0.6217940498402421,0,0.6209531873175731,0.28650437224206904,1,1,0,0,0,0,0,0,0,0,0,0
2023-07-13,376.05,379.99,375.46,379.15,374.86,46960000.0,365.996,366.631,0.016983179598480724,75.07754925343272,6.170424752080805,6.330626419150099,0,11.560000000000002,0.03456242677795984,-0.24228000141991823,0,0.6349011831287181,0.20813855479850632,1,1,0,0,0,0,0,0,0,0,0,0
2023-07-14,379.59,382.86,378.18,379.07,374.78,55097800.0,365.996,366.631,-0.00021341300752286685,74.9089047534465,6.508706614565483,6.3662424582331765,1,12.689999999999998,0.02940712922832045,0.17329216354344124,0,0.6347229339809718,0.25060997408751795,1,1,0,0,0,0,0,0,0,0,0,0
2023-07-17,379.8,383.5,379.31,382.61,378.28,40868900.0,365.996,366.631,0.009338812103100391,77.31024971012474,6.978771246260806,6.488748215838703,1,16.069999999999993,0.02610857869405825,-0.2582480607211177,0,0.6425213341948708,0.17634892344466394,1,1,0,0,0,0,0,0,0,0,0,0
2023-07-18,381.96,387.13,380.0,385.74,381.37,55343400.0,365.996,366.631,0.008168552395051432,79.20267015269926,7.514021071705656,6.693802787012094,0,17.370000000000005,0.017293951490628956,0.3541690625389966,0,0.6494062075265702,0.25189176776361966,1,1,0,0,0,0,0,0,0,0,0,0
2023-07-19,386.82,387.98,384.3,385.65,381.29,54093000.0,365.996,366.631,-0.00020977003959410379,79.01891683983418,7.841364711906579,6.923315171990992,0,12.689999999999998,0.01729759445855772,-0.02259347998135275,0,0.649227958378824,0.24536589311949228,0,1,0,0,0,0,0,0,0,0,0,0
2023-07-20,382.61,384.1,375.72,376.76,372.5,71941700.0,366.731,366.631,-0.023053318996039796,61.99881006837415,7.307273664065065,7.000106870405807,0,-2.3600000000000136,-0.015094536640582468,0.32996321150610974,0,0.6296428332702034,0.33851878720189554,0,1,0,0,0,0,0,0,0,0,0,0
2023-07-21,379.18,379.92,375.19,375.63,371.38,60439400.0,367.19849999999997,366.631,-0.0030067114093960123,60.21898041976084,6.7162077586158375,6.943327048047813,1,-3.3999999999999773,-0.02626980044502991,-0.1598836279932223,0,0.6271473452017557,0.278487942736807,0,1,0,0,0,0,0,0,0,0,0,0
2023-07-24,376.62,377.58,374.34,376.23,371.97,40380100.0,367.875,366.631,0.0015886692875222153,60.85647094267975,6.2236494821685255,6.7993915348719565,1,-6.309999999999945,-0.024471361117913593,-0.33189111738369337,0,0.6284619326663845,0.1737978617635623,0,1,0,0,0,0,0,0,0,0,0,0
2023-07-25,376.95,380.47,376.93,378.78,374.49,38894400.0,368.918,366.631,0.006774739898378845,63.543693879919,5.967842861223573,6.63308180014228,0,-6.8799999999999955,0.005356697776505048,-0.0367928756986734,0,0.6340767808203917,0.16604394944847906,0,1,0,0,0,0,0,0,0,0,0,0
2023-07-26,377.72,379.24,375.18,377.52,373.25,47075700.0,369.59499999999997,366.631,-0.003311169857673102,61.31318763601407,5.600497584286927,6.426564956971211,0,-8.04000000000002,0.005052239328227959,0.21034647661359984,0,0.6313139190303246,0.20874239652621387,0,1,0,0,0,0,0,0,0,0,0,0
2023-07-27,383.07,384.71,375.31,376.62,372.36,63940200.0,370.1925,366.631,-0.0023844608171466053,59.69357346194356,5.177870970341814,6.176826159645332,1,-0.13999999999998636,0.0010791092235591382,0.3582421504088096,0,0.6293308972616475,0.29675872165088346,0,1,0,0,0,0,0,0,0,0,0,0
2023-07-28,380.74,384.52,380.22,383.48,379.14,56902900.0,371.16499999999996,366.631,0.01820818562681259,66.8726521290106,5.328600877133056,6.007181103142877,1,7.759999999999991,0.012512554951992882,-0.11006065042023638,0,0.6444375125331431,0.2600308444650886,0,1,0,0,0,0,0,0,0,0,0,0
2023-07-31,383.79,384.88,382.34,383.68,379.34,44019900.0,371.87,366.631,0.0005275096270507262,67.05903914863329,5.4019237285834265,5.886129628230987,0,7.369999999999948,0.01635123443671671,-0.22640322373727872,0,0.6448831354025087,0.192794085795628,0,1,0,0,0,0,0,0,0,0,0,0
2023-08-01,382.31,383.56,380.69,382.79,378.46,41060600.0,372.48799999999994,366.631,-0.0023198186323614145,65.3176458095721,5.327610592499411,5.774425821084672,0,3.9699999999999704,0.0164158766215019,-0.06722641350843594,0,0.6429223947772998,0.17734941142393396,0,1,0,0,0,0,0,0,0,0,0,0
2023-08-02,379.26,379.26,373.13,374.39,370.15,72687100.0,372.69100000000003,366.631,-0.021957406330920026,51.67190642431045,4.545768556051769,5.528694368078091,0,-3.1000000000000227,-0.023749715336230715,0.7702395970833353,0,0.6244067645551569,0.34240905188498305,0,1,0,0,0,0,0,0,0,0,0,0
2023-08-03,371.94,375.95,371.77,373.79,369.56,47666400.0,373.004,366.631,-0.0015939483992974957,50.85949823671006,3.834345096657785,5.189824513794031,0,-2.8000000000000114,-0.025871173362578936,-0.34422476615520503,0,0.6230921770905282,0.21182527732618675,0,1,0,0,0,0,0,0,0,0,0,0
2023-08-04,375.75,378.1,371.53,372.04,367.83,61646200.0,373.291,366.631,-0.00468124255871849,48.45387771270493,3.09526010600257,4.770911632235739,1,-11.310000000000002,-0.028232597288936012,0.293284158233053,0,0.6192375392705153,0.28478626768924853,0,1,0,0,0,0,0,0,0,0,0,0
2023-08-07,373.88,375.29,371.51,375.19,370.94,37230400.0,373.7275,366.631,0.008454992795585037,52.77800390253195,2.7290224625433552,4.362533798297262,0,-8.399999999999977,0.002179801837569051,-0.3960633421038118,0,0.6261669748891513,0.15735948415111178,0,1,0,0,0,0,0,0,0,0,0,0
2023-08-08,372.64,372.66,368.82,372.0,367.79,44726500.0,373.91700000000003,366.631,-0.008491939397207049,48.35349495399894,2.1597021155305924,3.9219674617439284,0,-10.669999999999959,-0.004718189160340502,0.20134352572091618,0,0.6191484146966423,0.1964818521292336,0,1,0,0,0,0,0,0,0,0,0,0
2023-08-09,372.29,372.45,367.14,367.91,363.75,51150900.0,373.67449999999997,366.631,-0.010984529215041228,43.33569464389072,1.3667622184063362,3.4109264130764103,1,-6.399999999999977,-0.01102147581666324,0.14363744089074704,0,0.6101468327354559,0.23001098605736234,0,1,0,0,0,0,0,0,0,0,0,0
2023-08-10,370.97,374.36,367.04,368.59,364.42,72035300.0,373.15250000000003,366.631,0.0018419243986254052,44.366787466797106,0.7833846668883666,2.885418063838802,0,-5.139999999999986,-0.01763454421362287,0.40828998121245186,0,0.6116396693478309,0.3390072883748725,0,1,0,0,0,0,0,0,0,0,0,0
2023-08-11,365.99,368.0,364.69,366.24,362.09,48683800.0,372.51800000000003,366.631,-0.006393721530102758,41.53617450025261,0.13152607619031187,2.334639666309104,1,-5.740000000000009,-0.01553632634651858,-0.32416745678854675,0,0.6064481629197209,0.21713511806749772,0,1,0,0,0,0,0,0,0,0,0,0
2023-08-14,365.43,370.47,364.7,370.35,366.16,42130800.0,371.91200000000003,366.631,0.01124029937308424,47.800985633306745,-0.056015851862980526,1.8565085626746871,0,-4.779999999999973,0.006688502241606886,-0.1346032971953709,0,0.6155165883113122,0.1829348169294883,0,1,0,0,0,0,0,0,0,0,0,0
2023-08-15,369.36,370.17,365.74,366.42,362.27,45539900.0,370.957,366.631,-0.010623771029058426,43.05246183201075,-0.5126254439063018,1.3826817613584894,0,-5.520000000000039,-0.005777193186076945,0.0809170488098967,0,0.6068492235021501,0.20072701082687697,0,1,0,0,0,0,0,0,0,0,0,0
2023-08-16,365.87,367.43,362.44,362.54,358.44,53190500.0,369.8145,366.631,-0.010572225135948243,38.949841583109,-1.1700531819013804,0.8721347727065154,0,-5.310000000000002,-0.00995569679192243,0.16799773385536643,0,0.5983155455537977,0.24065571888218826,0,1,0,0,0,0,0,0,0,0,0,0
2023-08-17,363.96,364.31,358.16,358.58,354.52,62604300.0,368.91549999999995,366.631,-0.01093627943309905,35.247599212179324,-1.9845045073175243,0.30080691670170745,0,-9.900000000000034,-0.03213227559810572,0.17698273187881286,0,0.5895813373142309,0.2897866199737483,0,1,0,0,0,0,0,0,0,0,0,0
2023-08-18,355.26,359.41,354.71,358.13,354.08,61119500.0,368.0505,366.631,-0.0012411147466997452,34.847213564706976,-2.6350916767196395,-0.286372801982562,1,-8.009999999999991,-0.02274961931574704,-0.023717220702092368,0,0.5886009670016265,0.28203740478532824,0,1,0,0,0,0,0,0,0,0,0,0
2023-08-21,359.62,364.59,359.15,363.9,359.78,50696500.0,367.441,366.631,0.016098056936285632,43.75978093353106,-2.6600805795079623,-0.7611143574876421,0,-6.380000000000052,0.003920662756486837,-0.1705347720449284,0,0.6013012187785476,0.22763945899538898,0,1,0,0,0,0,0,0,0,0,0,0
2023-08-22,366.55,366.56,362.68,363.38,359.27,44613500.0,366.68,366.631,-0.0014175329367946965,43.19048521417965,-2.6900282317836286,-1.1468971323468395,1,-3.0,0.01343940925279119,-0.11998855936800368,0,0.6001648804616652,0.19589210178151575,0,1,0,0,0,0,0,0,0,0,0,0
2023-08-23,364.58,370.22,364.36,369.11,364.93,51770600.0,366.264,366.631,0.0157541681743536,50.83499750226613,-2.2313259282186095,-1.3637828915211936,0,6.490000000000009,0.030434692173844535,0.16042453517433053,0,0.6127760076647133,0.23324521871648404,0,1,0,0,0,0,0,0,0,0,0,0
2023-08-24,372.64,372.74,361.01,361.22,357.13,66842500.0,365.50249999999994,366.631,-0.021373962129723534,42.37287204764325,-2.4687377880669032,-1.5847738708303356,1,2.6100000000000136,-0.00703732689216463,0.2911285555894658,0,0.5953967157594527,0.31190591133390566,0,1,0,0,0,0,0,0,0,0,0,0
2023-08-25,362.07,365.74,358.58,364.02,359.9,69960500.0,364.5405,366.631,0.007756279226052154,45.82200123943702,-2.405641806032804,-1.7489474578708295,1,5.819999999999993,0.00213648527068222,0.04664696862026396,0,0.601568592500167,0.32817884570721767,0,1,0,0,0,0,0,0,0,0,0,0
2023-08-28,366.99,367.71,364.25,366.76,362.61,40910000.0,363.704,366.631,0.007529869408169132,49.0358224413252,-2.1126105744558004,-1.8216800811878238,1,2.830000000000041,-0.006087813495502248,-0.4152414576796907,0,0.6076067823800717,0.17656342556228521,0,1,0,0,0,0,0,0,0,0,0,0
2023-08-29,366.56,375.13,366.23,374.77,370.53,58492400.0,363.3075,366.631,0.021841648051625695,57.053788060661724,-1.2271574947364456,-1.7027755638975484,1,11.259999999999991,0.03712779668584698,0.42978244927890485,0,0.6252534480069516,0.2683264920553321,0,1,0,0,0,0,0,0,0,0,0,0
2023-08-30,374.88,377.45,373.86,376.86,372.59,41731500.0,363.42949999999996,366.631,0.005559603810757485,58.86647106123109,-0.3551112642471139,-1.4332427039674616,1,7.659999999999968,0.03493112127055231,-0.2865483379037277,0,0.6298433635614179,0.1808508583998977,0,0,0,0,0,0,0,0,0,0,0,0
2023-08-31,376.94,379.72,376.87,377.99,373.71,35730700.0,363.637,366.94919999999996,0.003005985131109279,59.85850387962857,0.4215074207716043,-1.0622926790196485,0,16.579999999999984,0.03040723699349246,-0.143795454273151,0,0.6323388516298656,0.14953250542126703,0,0,0,0,0,0,0,0,0,0,0,0
2023-09-01,380.4,380.83,376.08,377.59,373.32,39772400.0,363.91150000000005,367.175,-0.0010435899494259937,59.32199479078227,0.9940547389968515,-0.6510231954163486,1,13.420000000000016,0.00752199899244077,0.113115612064695,0,0.6314698870346026,0.17062625745995047,0,0,0,0,0,0,0,0,0,0,0,0
2023-09-05,376.77,379.31,375.83,378.07,373.79,32344200.0,364.054,367.48199999999997,0.0012589735347692255,59.789736479660135,1.468796316079306,-0.22705929311721762,0,11.180000000000007,0.0032213687164525107,-0.18676770825999944,0,0.6325171007776119,0.13185826159342193,0,0,0,0,0,0,0,0,0,0,0,0
2023-09-06,377.28,377.63,372.7,374.74,370.5,42998700.0,364.1895,367.8194,-0.008801733593729155,55.02045118203559,1.561556283125924,0.13066382213141073,0,-0.029999999999972715,-0.008586350008385923,0.329409909659228,0,0.6251866045765468,0.18746441274173892,0,0,0,0,0,0,0,0,0,0,0,0
2023-09-07,370.21,372.85,369.15,372.06,367.85,52060700.0,364.3945,367.98220000000003,-0.007152496626180782,51.45980010421089,1.4050399463890244,0.3855390469829335,1,-4.739999999999952,-0.014695256685140712,0.2107505575749964,0,0.6192821015574519,0.2347592592109349,0,0,0,0,0,0,0,0,0,0,0,0
2023-09-08,372.01,374.85,371.6,372.58,368.36,35800100.0,364.5915,368.1412,0.0013864346880521072,52.10223555706902,1.3070850962801046,0.5698482568423677,1,-5.349999999999966,-0.01456779553185783,-0.3123392501445428,0,0.6204184398743343,0.14989470607729904,0,0,0,0,0,0,0,0,0,0,0,0
2023-09-11,375.66,377.49,373.66,376.97,372.7,39936600.0,365.12199999999996,368.40139999999997,0.011781952437832421,57.28341571905616,1.5616551129039067,0.7682096280546755,0,-0.6200000000000045,0.0060158904997037466,0.11554436998779338,0,0.630088456139569,0.1714832221245104,0,0,0,0,0,0,0,0,0,0,0,0
2023-09-12,375.27,376.95,372.5,372.79,368.57,41391000.0,365.24249999999995,368.46799999999996,-0.011081298631607228,51.56692277703227,1.4138492272056737,0.8973375478848753,1,-5.220000000000027,0.0020870884942773005,0.036417722089511884,0,0.6208863438871682,0.17907377881230543,0,0,0,0,0,0,0,0,0,0,0,0
2023-09-13,373.03,375.84,371.88,374.21,369.97,46300700.0,365.6275,368.54540000000003,0.0037984643351332004,53.26933751577672,1.3936155648813155,0.9965931512841635,1,-0.5299999999999727,0.004499118141358394,0.11861757386871541,0,0.6240057039727279,0.2046976485662021,0,0,0,0,0,0,0,0,0,0,0,0
2023-09-14,375.99,378.27,373.89,377.27,373.0,48039400.0,366.3555,368.6836,0.008189853231342914,56.807900262287895,1.6035907232895283,1.1179926656852366,0,5.149999999999977,0.0009070189348688862,0.03755234802065632,0,0.6307568904436175,0.2137719753766182,0,0,0,0,0,0,0,0,0,0,0,0
2023-09-15,375.91,376.32,369.86,370.81,366.61,69757700.0,366.96,368.74980000000005,-0.017131367292225197,48.47189672405946,1.240083047133112,1.1424107419748117,0,-1.75,-0.005143049725749083,0.45209348992701814,0,0.6165192397673849,0.327120426499101,0,0,0,0,0,0,0,0,0,0,0,0
2023-09-18,0.54 Dividend,,,,,,358.7615,363.09680000000003,0.0,48.47189672405946,1.240083047133112,1.1619452030064719,0,0.0,-0.008941514060882283,0.0,0,0.6173882043626479,0.15565338336643067,1,1,0,0,0,0,1,0,0,0,1,1
2023-09-18,369.32,371.79,369.03,370.66,367.0,36903500.0,358.7615,363.09680000000003,0.001063800769209644,48.47189672405946,0.9267424477767463,1.1149046519605268,0,-1.5699999999999932,-0.016067566523015553,-0.4709759639437654,0,0.6173882043626479,0.15565338336643067,1,1,0,0,0,0,0,0,0,0,0,0
2023-09-19,369.32,370.68,366.8,369.87,366.21,37621700.0,358.7615,363.09680000000003,-0.0021525885558583147,47.39793486934749,0.6502351607632022,1.0219707537210618,0,-3.7600000000000477,-0.0010887877866486706,0.01946156868589699,0,0.6156279940286534,0.15940169044369581,1,1,0,0,0,0,0,0,0,0,0,0
2023-09-20,370.95,371.31,364.46,364.54,360.94,45514200.0,358.7615,363.09680000000003,-0.01439065017339769,40.88947044310383,0.005789449732503726,0.8187344929233503,0,-12.060000000000002,-0.01547943796004636,0.20978584168179526,0,0.6038858314208685,0.20059288176549334,1,1,0,0,0,0,0,0,0,0,0,0
2023-09-21,360.8,361.6,357.69,357.86,354.32,69584700.0,358.7615,363.09680000000003,-0.01834099850390647,34.483778862160094,-1.027275303351189,0.4495325336684425,1,-12.29000000000002,-0.034884237233162474,0.5288569281674731,0,0.5891357144448652,0.32621753437383383,1,1,0,0,0,0,0,0,0,0,0,0
2023-09-22,359.63,361.8,357.59,357.91,354.37,51589700.0,358.7615,363.09680000000003,0.0001411153759314221,34.56715600981488,-1.8209610751022183,-0.004566188085689704,1,0.0,-0.03259053330137274,-0.25860569924135623,0,0.5892471201622067,0.2323010962571729,1,1,0,0,0,0,1,0,0,0,0,0
2023-09-25,356.93,359.7,355.93,359.61,356.05,39168000.0,358.7615,363.09680000000003,0.004740807630442712,37.447642461578965,-2.2880258697778117,-0.4612581244241141,0,-10.949999999999989,-0.013459075497532336,-0.24077868256648127,0,0.5929903522648782,0.16747187595410384,1,1,0,0,0,0,0,0,0,0,0,0
2023-09-26,356.99,357.54,353.21,354.21,350.71,53657700.0,358.7615,363.09680000000003,-0.014997893554276165,32.54361893970764,-3.053868362816729,-0.9797801721026372,1,-15.5,-0.010115970547902031,0.3699371936274509,0,0.5810922216528152,0.24309404952337213,1,1,0,0,0,0,0,0,0,0,0,0
2023-09-27,355.38,356.98,351.36,355.04,351.53,56066000.0,358.7615,363.09680000000003,0.002338114111374079,33.973511937824384,-3.553672385991831,-1.494558614880476,1,-9.410000000000025,-0.007918971812459374,0.04488265430683769,0,0.5829192754172143,0.2556630385712384,1,1,0,0,0,0,0,0,0,0,0,0
2023-09-28,354.11,360.17,353.24,358.01,354.47,56453300.0,358.7615,363.09680000000003,0.008363439820214591,38.96869404637897,-3.670229129094878,-1.9296927177233565,1,0.1500000000000341,-0.004296339622687495,0.006907929939713897,0,0.5894699315968895,0.2576843687453192,1,1,0,0,0,0,0,0,0,0,0,0
2023-09-29,361.54,362.95,357.02,358.27,354.73,64754300.0,358.7615,363.09680000000003,0.0007334894349309007,39.40528883614001,-3.6989818009951136,-2.2835505343777083,1,0.36000000000001364,0.01143504336651957,0.14704189126233547,0,0.5900492413270649,0.3010075336692649,1,1,0,0,0,0,0,0,0,0,0,0
2023-10-02,358.54,362.68,357.92,361.26,357.69,51625100.0,358.7615,363.09680000000003,0.008344374594762227,44.291274152487496,-3.443229828255994,-2.5154863931533655,0,1.6399999999999864,0.01744130384990772,-0.2027541028163381,0,0.5966444597936765,0.232485849905927,1,1,0,0,0,0,0,0,0,0,0,0
2023-10-03,358.78,361.01,353.28,354.92,351.41,60478500.0,358.7615,363.09680000000003,-0.017557102518940937,37.40077537860614,-3.7045839256454656,-2.7533058996517856,1,0.7000000000000455,-0.008479238489247809,0.17149409880077715,0,0.582651901695595,0.2786920067951766,1,1,0,0,0,0,0,0,0,0,0,0
2023-10-04,355.77,360.61,355.3,359.75,356.19,54786700.0,358.7615,363.09680000000003,0.013602344839361402,44.48071113138579,-3.4858205099176303,-2.8998088217049545,0,4.660000000000025,0.0043896169151826925,-0.09411278388187538,0,0.5933022882734341,0.24898633397092476,1,1,0,0,0,0,0,0,0,0,0,0
2023-10-05,359.74,360.15,355.14,358.69,355.14,45897400.0,358.7615,363.09680000000003,-0.0029478649035626914,43.32163675460691,-3.3584609048896255,-2.991539238341889,1,0.6699999999999591,-0.006902622583142226,-0.1622528825426609,0,0.5909627682092644,0.2025928139181082,1,1,0,0,0,0,0,0,0,0,0,0
2023-10-06,355.65,365.91,354.85,364.7,361.09,74959200.0,358.7615,363.09680000000003,0.016753956186292607,51.09803114061889,-2.7457608051681177,-2.9423835517071346,1,6.359999999999957,0.027408436122091318,0.633190551098755,0,0.6042200485728927,0.3542672090978124,1,1,0,0,0,0,0,0,0,0,0,0
2023-10-09,362.3,367.11,360.78,366.56,362.94,45304800.0,358.7615,363.09680000000003,0.0051233764435461016,53.245958462096795,-2.0868560454983367,-2.771278050465375,1,5.25,0.018929467726276017,-0.3956072103224154,0,0.6083420601145251,0.19950001696184627,1,1,0,0,0,0,0,0,0,0,0,0
2023-10-10,366.9,371.28,366.39,368.59,364.95,46968800.0,358.7615,363.09680000000003,0.005538105471978749,55.53132787769473,-1.3864964070619408,-2.4943217217846883,1,13.539999999999964,0.027415438101817458,0.03672900001765811,0,0.6128205699516498,0.20818448225921354,1,1,0,0,0,0,0,0,0,0,0,0
2023-10-11,369.94,371.41,368.19,371.22,367.55,38215100.0,358.7615,363.09680000000003,0.007124263597753089,58.36627214648676,-0.6145736543603562,-2.118372108299822,0,11.360000000000014,0.01778574551327794,-0.18637265589071894,0,0.6186136672534034,0.1624986626236584,1,1,0,0,0,0,0,0,0,0,0,0
2023-10-12,371.73,373.74,367.5,369.93,366.27,49587900.0,358.7615,363.09680000000003,-0.0034825193851177882,56.45801339850908,-0.10489544464422806,-1.7156767755687032,0,11.129999999999995,0.00917984968461405,0.29759963993290617,0,0.6157616808894631,0.22185364275220307,1,1,0,0,0,0,0,0,0,0,0,0
2023-10-13,370.57,371.16,363.86,365.28,361.67,52469900.0,358.7615,363.09680000000003,-0.012559041144510785,50.11655611593201,-0.07133108723536452,-1.3868076379020355,1,0.5800000000000409,-0.008917296931875485,0.0581190169375998,0,0.6055123548940532,0.23689488613382112,0,1,0,0,0,0,0,0,0,0,0,0
2023-10-16,366.62,370.48,366.47,369.41,365.76,44201100.0,358.6995,363.09680000000003,0.011308651533165515,54.960581529968344,0.2820464701333094,-1.0530368162949666,0,2.819999999999993,-0.004732908996463059,-0.15759130472899696,0,0.6146253425725807,0.1937397739638269,0,1,0,0,0,0,0,0,0,0,0,0
2023-10-17,365.81,369.92,363.66,368.2,364.56,50999100.0,358.617,363.09680000000003,-0.0032808398950130435,53.32444716294057,0.4599685282411201,-0.7504357473877492,0,-0.38999999999998636,-0.004531229506358314,0.15379707744829885,0,0.6119516053563868,0.2292187373601626,0,1,0,0,0,0,0,0,0,0,0,0
2023-10-18,365.67,367.91,362.02,363.37,359.78,54280500.0,358.55899999999997,363.09680000000003,-0.013111696291419839,47.28592245765271,0.21281380421459062,-0.5577858370672814,0,-7.770000000000039,-0.005083884653267368,0.06434231192315165,0,0.6013012187785476,0.24634446117433387,0,1,0,0,0,0,0,0,0,0,0,0
2023-10-19,364.81,366.02,359.16,359.97,356.41,72274200.0,358.6635,363.09680000000003,-0.009366835288231568,43.54221669239744,-0.2520830742017779,-0.4966452844941807,0,-9.859999999999957,-0.02575937147466445,0.3314947356785587,0,0.5937924734297364,0.3402541145524812,0,1,0,0,0,0,0,0,0,0,0,0
2023-10-20,359.46,360.04,354.37,354.6,351.09,72369800.0,358.4995,363.09680000000003,-0.014926629443618444,38.37680362184586,-1.0378332430556725,-0.6048828762064791,1,-10.580000000000041,-0.03740516102326985,0.0013227403416433692,0,0.5819389051046099,0.34075305378470977,0,1,0,0,0,0,0,0,0,0,0,0
2023-10-23,353.26,359.26,351.12,355.67,352.15,60665200.0,358.3045,363.09680000000003,0.0030191688740779377,39.90648522849159,-1.5570639081912532,-0.795319082603434,1,-13.610000000000014,-0.021274295857772074,-0.1617332091563055,0,0.5843007063122478,0.27966639962631745,0,1,0,0,0,0,0,0,0,0,0,0
2023-10-24,357.51,359.91,355.79,359.13,355.58,47082100.0,358.548,363.09680000000003,0.009740167542240608,44.69087496097486,-1.672506008702726,-0.9707564678232924,0,-8.980000000000018,-0.002167293027299899,-0.22390266577873308,0,0.5919431385218689,0.20877579831581913,0,1,0,0,0,0,0,0,0,0,0,0
2023-10-25,356.7,356.88,349.75,350.34,346.88,71190500.0,358.31550000000004,363.09680000000003,-0.024467067889082594,36.707846665191596,-2.4379092953290638,-1.2641870333244467,0,-12.899999999999977,-0.011707731472764049,0.5120502271563927,0,0.5725585437044629,0.33459825214697836,0,1,0,0,0,0,0,0,0,0,0,0
2023-10-26,349.12,350.07,342.35,343.66,340.26,78621400.0,357.60499999999996,363.09680000000003,-0.019084409594095963,32.0207516856575,-3.5378929609727265,-1.7189282188541029,1,-16.150000000000034,-0.03381130994093795,0.10438050020719047,0,0.5578084267284596,0.3733803393934966,0,1,0,0,0,0,0,0,0,0,0,0
2023-10-27,346.43,348.84,344.08,345.31,341.9,63476700.0,356.9635,363.09680000000003,0.004819843648974365,34.26021357467971,-4.22855944589611,-2.2208544642625045,1,-9.189999999999998,-0.03873163383420419,-0.19262821572752453,0,0.561462534257258,0.2943397014193151,0,1,0,0,0,0,0,0,0,0,0,0
2023-10-30,347.83,350.54,346.45,349.2,345.75,55298500.0,356.3665,363.09680000000003,0.011260602515355433,39.31443519475478,-4.414368692535277,-2.659557309917059,1,-6.399999999999977,-0.0030039634297661655,-0.1288378255328333,0,0.5700407744925469,0.2516574333334203,0,1,0,0,0,0,0,0,0,0,0,0
2023-10-31,349.23,351.25,346.62,350.87,347.4,47671900.0,356.166,363.09680000000003,0.004772234273318743,41.394016242397875,-4.378015610072737,-3.003248969948195,1,-8.180000000000007,0.02085268043764854,-0.13791694168919588,0,0.5737171631648135,0.21185398198912875,0,1,0,0,0,0,0,0,0,0,0,0
2023-11-01,351.72,357.53,351.62,356.96,353.43,58992700.0,356.028,363.09680000000003,0.01735751295336807,48.35876032440546,-3.8186162934986783,-3.1663224346582917,1,6.550000000000011,0.03339034974204225,0.2374732284637282,0,0.5871526926761881,0.2709375725771307,0,1,0,0,0,0,0,0,0,0,0,0
2023-11-02,361.54,363.68,360.3,363.44,359.85,58162400.0,356.26349999999996,363.09680000000003,0.018164841694253475,54.55152926685984,-2.8246867287354576,-3.097995293473725,1,19.590000000000032,0.04029458892094029,-0.014074622792311642,0,0.6014571867828257,0.26660421227881104,0,1,0,0,0,0,0,0,0,0,0,0
2023-11-03,364.75,369.02,364.52,367.71,364.07,53239100.0,356.4125,363.09680000000003,0.011727108517437745,58.107714529223585,-1.6771386454738604,-2.8138239638737526,1,22.170000000000016,0.04724946316505929,-0.08464746984306015,0,0.610859829326441,0.24090936372200314,0,1,0,0,0,0,0,0,0,0,0,0
2023-11-06,368.49,369.78,366.91,369.21,365.56,38848700.0,356.5435,363.09680000000003,0.004092619551185228,59.31810305888465,-0.6400894218874669,-2.3790770554764955,1,19.810000000000002,0.03398456976287645,-0.27029758204026744,0,0.6141797197032152,0.16580543979457898,0,1,0,0,0,0,0,0,0,0,0,0
2023-11-07,370.27,373.58,369.05,372.7,369.02,50777400.0,356.747,363.09680000000003,0.009464930517562031,62.05947871843252,0.4557193934225552,-1.8121177656966854,1,21.620000000000005,0.025284658586185005,0.3070553197404289,0,0.6218889953432409,0.22806167849211798,0,1,0,0,0,0,0,0,0,0,0,0
2023-11-08,373.08,373.79,370.62,372.94,369.25,35663400.0,356.832,363.09680000000003,0.000623272451357737,62.241623649043376,1.3274132584840004,-1.1842115608605484,0,15.819999999999993,0.014180822520104996,-0.297652105070366,0,0.6224014616430115,0.14918126472744922,0,1,0,0,0,0,0,0,0,0,0,0
2023-11-09,373.64,374.8,369.57,370.07,366.41,53859400.0,356.839,363.09680000000003,-0.007691266079891568,58.506596061962476,1.7686843691904528,-0.5936323748503481,1,6.560000000000002,0.0023969368890282006,0.5102149542668395,0,0.6160736168980192,0.24414672779890037,0,1,0,0,0,0,0,0,0,0,0,0
2023-11-10,371.82,378.54,371.28,378.39,374.65,58309800.0,357.48799999999994,363.09680000000003,0.022488469201167982,65.05825200847055,2.7515755884711552,0.07540921781395249,0,10.579999999999984,0.015420475572634151,0.08262995874443457,0,0.6344332791158841,0.26737349724565707,0,1,0,0,0,0,0,0,0,0,0,0
2023-11-13,376.79,378.28,375.24,377.21,373.48,40733500.0,357.874,363.09680000000003,-0.0031229147204056007,63.524494954081796,3.3969567364719637,0.7397187215455547,1,7.920000000000016,0.011674288400870814,-0.3014296053150586,0,0.6318263853300952,0.17564226683332768,0,1,0,0,0,0,0,0,0,0,0,0
2023-11-14,383.71,386.26,383.18,385.33,381.52,67792600.0,358.722,363.09680000000003,0.021527257148977075,68.94288392292182,4.50525300072934,1.4928255773823118,1,12.5,0.040892811629739456,0.6642959726024034,0,0.6497404246785944,0.3168645113813988,0,1,0,0,0,0,0,0,0,0,0,0
2023-11-15,387.25,387.75,384.24,385.62,381.81,54141400.0,359.8235,363.09680000000003,0.0007601174250366771,69.12106346233465,5.345368273287363,2.263334116563322,1,12.560000000000002,0.01916445985360815,-0.20136711086460768,0,0.6503865778391746,0.24561849415338208,0,1,0,0,0,0,0,0,0,0,0,0
2023-11-16,384.84,386.19,383.56,385.95,382.13,45343500.0,361.1095,363.09680000000003,0.0008381131976638034,69.33015906236895,5.968189432433462,3.0043051797373503,1,15.71999999999997,0.023125487771677555,-0.162498568563059,0,0.6510995744301596,0.19970199340836559,0,1,0,0,0,0,0,0,0,0,0,0
2023-11-17,385.21,387.07,384.29,386.04,382.22,46571900.0,362.666,363.09680000000003,0.00023552194279452543,69.39293330527417,6.395320660454672,3.682508275880815,1,7.57000000000005,0.001833752565495006,0.027090983272133773,0,0.6513001047213743,0.20611304940072492,0,1,0,0,0,0,0,0,0,0,0,0
2023-11-20,386.05,391.41,386.05,390.74,386.88,44429600.0,364.4025,363.09680000000003,0.01219193134843799,72.52826918835322,7.028824378585796,4.3517714964218115,0,13.399999999999977,0.013265566488896319,-0.04599984110590294,0,0.661683117577594,0.19493232223332715,0,1,0,0,0,0,0,0,0,0,0,0
2023-11-21,389.01,389.23,386.7,388.47,384.63,43337000.0,365.85499999999996,363.09680000000003,-0.005815756823821294,68.86040520879256,7.265571458277293,4.934531488792908,1,3.1100000000000136,0.006611696467411221,-0.02459171363235324,0,0.6566698602972304,0.18923001046415439,0,1,0,0,0,0,0,0,0,0,0,0
2023-11-22,390.57,393.07,389.04,390.06,386.2,44121000.0,367.82099999999997,363.09680000000003,0.0040818448898942705,70.0004513945065,7.49350069212926,5.446325329460178,0,4.389999999999986,0.010458019414510966,0.01809077693425931,0,0.6601679998217508,0.19332172969079858,0,1,0,0,0,0,0,0,0,0,0,0
2023-11-24,389.65,390.25,388.5,389.51,385.66,15718800.0,370.091,363.09680000000003,-0.0013982392542722932,69.06388348098162,7.543604784838067,5.865781220535757,0,3.5300000000000296,-0.003132151188199317,-0.6437342761950091,0,0.6589648180744636,0.04508980645228633,0,1,0,0,0,0,0,0,0,0,0,0
2023-11-27,389.01,391.15,388.28,389.17,385.32,34139700.0,372.262,363.09680000000003,-0.0008816055593010574,68.44296145237203,7.469770614910942,6.186579099410794,1,3.099999999999966,0.0018020000763209199,1.1719024353004048,0,0.6582072591965419,0.14122902928658473,0,0,0,0,0,0,0,0,0,0,0,0
2023-11-28,388.41,390.78,388.05,390.19,386.33,35491100.0,374.291,363.48339999999996,0.0026211979653274486,69.32521761973393,7.4073675402966614,6.430736787587969,0,-0.5500000000000114,0.00034135315175409797,0.03958441345413122,0,0.6604576546868385,0.14828202592292014,0,0,0,0,0,0,0,0,0,0,0,0
2023-11-29,392.69,394.14,389.46,389.81,385.96,38811700.0,376.219,363.87840000000006,-0.0009577304377087481,68.56892332111889,7.24454612810257,6.593498655690889,0,1.329999999999984,0.0007818619683176431,0.09356148442849044,0,0.659633252378512,0.1656123356984236,0,0,0,0,0,0,0,0,0,0,0,0
2023-11-30,390.08,390.55,385.82,388.83,384.99,52834400.0,377.79699999999997,364.35939999999994,-0.0025132138045392827,66.52008781257813,6.957041647003507,6.666207253953414,1,-1.2099999999999795,-0.0008497462769205821,0.3613008448483319,0,0.6574719814620886,0.23879722243243315,0,0,0,0,0,0,0,0,0,0,0,0
2023-12-01,387.75,390.54,386.07,389.94,386.08,40440500.0,379.1085,364.9946,0.002831242369931708,67.68844872230613,6.7394578894814,6.6808573810590115,0,0.4199999999999591,-0.0006397018723163228,-0.2345801220417001,0,0.6599006261001313,0.17411309115296192,0,0,0,0,0,0,0,0,0,0,0,0
2023-12-04,386.09,386.6,382.66,386.32,382.5,51186900.0,380.03,365.5572,-0.009272689598010753,60.251393354570396,6.206599300089692,6.586005764865148,1,-2.819999999999993,-0.008954661032618327,0.265733608634908,0,0.6519239767384861,0.23019887112389195,0,0,0,0,0,0,0,0,0,0,0,0
2023-12-05,384.39,388.5,384.21,387.29,383.46,42933000.0,380.925,366.10540000000003,0.002509803921568521,61.47379949820021,5.794968219511077,6.427798255794334,0,-2.8700000000000045,-0.003931643306510524,-0.1612502417610756,0,0.6540629665114412,0.18712152249532243,0,0,0,0,0,0,0,0,0,0,0,0
2023-12-06,390.27,390.37,384.7,385.05,381.24,41994100.0,381.53599999999994,366.716,-0.005789391331559979,57.100586704896614,5.229331695188648,6.188104943673197,1,-4.71999999999997,-0.01255227700800221,-0.021868958609927103,0,0.6491165526614826,0.18222137557963847,0,0,0,0,0,0,0,0,0,0,0,0
2023-12-07,388.07,391.27,386.96,390.43,386.57,49593500.0,382.402,367.4168,0.013980694575595365,63.76546422993972,5.151760837725931,5.980836122483745,1,1.579999999999984,0.010701107165603907,0.18096351630348062,0,0.6609924021300773,0.22188286931810766,0,0,0,0,0,0,0,0,0,0,0,0
2023-12-08,388.67,392.62,388.48,392.17,388.29,46623600.0,383.496,368.0932,0.004449388209121219,65.62161079391042,5.16948440139214,5.818565778265424,1,2.2100000000000364,0.012640691453156605,-0.05988486394386361,0,0.664824758806622,0.20638287323237992,0,0,0,0,0,0,0,0,0,0,0,0
2023-12-11,391.74,395.79,391.53,395.52,391.61,41198000.0,384.344,368.8308,0.00855031033505882,68.93005881235662,5.3893021860150725,5.732713059815354,1,9.110000000000014,0.026980393119775403,-0.11637025025952519,0,0.6722220984380918,0.17806650609452185,0,0,0,0,0,0,0,0,0,0,0,0
2023-12-12,395.56,398.79,394.41,398.67,394.73,39221200.0,385.4065,369.5716,0.007967110135083333,71.68756911849601,5.748996436804987,5.735969735213281,1,11.270000000000039,0.02096680867926337,-0.04798291179183456,0,0.679173815200196,0.16774952833019757,0,0,0,0,0,0,0,0,0,0,0,0
2023-12-13,399.62,404.36,398.84,403.74,399.75,55408100.0,386.31800000000004,370.53839999999997,0.012717553770932088,75.46123331172886,6.365748383300684,5.861925464830762,0,18.50999999999999,0.02923497424107424,0.4127079232659887,0,0.6903589492212739,0.2522294389804104,0,0,0,0,0,0,0,0,0,0,0,0
2023-12-14,404.98,406.3,400.34,403.39,399.4,55447800.0,387.1975,371.4026,-0.0008755472170106637,74.71352138442677,6.748494228751156,6.03923921761484,1,12.829999999999984,0.019809116689004758,0.0007165017389154649,0,0.6895791091998841,0.2524366344565555,0,0,0,0,0,0,0,0,0,0,0,0
2023-12-15,404.18,406.54,403.57,405.34,401.33,62598000.0,388.15749999999997,372.3264,0.004832248372558912,76.11873297172696,7.125420526710911,6.256475479434054,1,13.039999999999964,0.016674254926480336,0.12895371863265992,0,0.6938793698892626,0.28975374008710564,0,0,0,0,0,0,0,0,0,0,0,0
2023-12-18,404.93,407.99,404.6,407.08,403.86,46610000.0,389.2395,373.1818,0.006304039070091916,77.85596572543048,7.541355141617146,6.5134514118706734,0,12.25,0.010260740225640164,-0.2554075210070609,0,0.6995164991867382,0.20631189442946873,0,0,0,0,0,0,0,0,0,0,0,0
2023-12-18,0.81 Dividend,,,,,,407.59900000000005,420.9264,0.0,77.85596572543048,7.541355141617146,6.719032157819969,0,0.0,0.011136287442650827,0.0,0,0.7041064147412045,0.1494343876643016,1,1,0,0,0,0,1,0,0,0,1,1
2023-12-19,407.54,409.28,407.35,409.16,405.92,35711900.0,407.59900000000005,420.9264,0.005100777497152542,77.85596572543048,8.116560261835673,6.998537778623111,0,6.170000000000016,0.011404816567244458,-0.23381463205320752,0,0.7041064147412045,0.1494343876643016,1,1,0,0,0,0,0,0,0,0,0,0
2023-12-20,408.35,410.47,402.9,403.08,399.89,54042400.0,407.59900000000005,420.9264,-0.014855143870713516,63.99751725262534,7.826884861662336,7.164207195230956,1,0.4900000000000091,-0.009754366373560974,0.5132882876576155,0,0.6906708852298299,0.24510181022042574,1,1,0,0,0,0,0,0,0,0,0,0
2023-12-21,407.06,408.14,404.47,407.77,404.54,45568900.0,407.59900000000005,420.9264,0.011628197754382619,68.63412583981872,7.881676102419192,7.307700976668603,1,3.2100000000000364,0.0018738313808216445,-0.15679355469039125,0,0.7010316169425815,0.2008783626860258,1,1,0,0,0,0,0,0,0,0,0,0
2023-12-22,409,409.97,406.48,408.38,405.15,34292400.0,407.59900000000005,420.9264,0.0015078854995795865,69.19460102314491,7.883445010676951,7.422849783470274,1,1.2899999999999636,-0.0017190606167513112,-0.2474604390274946,0,0.7023907666941467,0.1420259751104477,1,1,0,0,0,0,0,0,0,0,0,0
2023-12-26,409.25,411.56,409.15,410.88,407.63,22722500.0,407.59900000000005,420.9264,0.006121189682833483,71.429812466747,7.992825836113354,7.536844993998891,0,0.0,0.01925727293679569,-0.33738962568965714,0,0.7079164902742808,0.08164232424265357,1,1,0,0,0,0,1,0,0,0,0,0
2023-12-27,0.22 Dividend,,,,,,407.59900000000005,420.9264,0.0,71.429812466747,7.992825836113354,7.628041162421784,0,0.0,0.00762907518241307,0.0,0,0.7097658251821483,0.1299601005185106,1,1,0,0,0,0,1,0,0,0,1,1
2023-12-27,410.95,411.79,410.08,411.5,408.46,31980500.0,407.59900000000005,420.9264,0.002036160243357843,71.429812466747,8.153848210083595,7.733202571954147,0,8.569999999999993,0.008157349926191326,0.4074375618879964,0,0.7097658251821483,0.1299601005185106,1,1,0,0,0,0,0,0,0,0,0,0
2023-12-28,412.67,412.92,410.94,411.3,408.26,27029200.0,407.59900000000005,420.9264,-0.0004896440287910364,70.91156023578561,8.071312044864499,7.800824466536218,0,3.7199999999999704,0.0015465162145668065,-0.15482246994262128,0,0.7093202023127826,0.10411911913217975,1,1,0,0,0,0,0,0,0,0,0,0
2023-12-29,411.28,411.64,407.58,409.52,406.49,42633400.0,407.59900000000005,420.9264,-0.004335472493019132,66.32519971056385,7.773469612913743,7.795353495811723,0,1.3400000000000318,-0.002788956278452326,0.5773089843576575,0,0.7053764399188966,0.18555790121942628,1,1,0,0,0,0,0,0,0,0,0,0
2024-01-02,405.84,406.09,400.24,402.59,399.62,58026900.0,407.59900000000005,420.9264,-0.016900784767152954,52.21035895230759,6.903496543859319,7.6169821054212425,0,-8.009999999999991,-0.021725901288963123,0.36106667542349435,0,0.6900692943561864,0.2658970337645121,1,1,0,0,0,0,0,0,0,0,0,0
2024-01-03,399.93,401.0,397.89,398.33,395.39,47002800.0,407.59900000000005,420.9264,-0.010585055803012944,45.753907106191456,5.805785489257005,7.254742782188395,0,0.0,-0.03182131306318503,-0.18998257704616306,0,0.6806443706691027,0.20836192926649147,1,1,0,0,0,0,1,0,0,0,0,0
2024-01-04,396.44,399.59,396.06,396.28,393.35,39432800.0,407.59900000000005,420.9264,-0.0051594628088721395,42.9926554408407,4.716857620389021,6.747165749828521,1,-15.109999999999957,-0.03264530337903804,-0.16105423506684713,0,0.6760990174015731,0.16885387499902144,1,1,0,0,0,0,0,0,0,0,0,0
2024-01-05,396.45,399.56,395.34,396.75,393.82,44867900.0,407.59900000000005,420.9264,0.0011948646243802319,43.833675173889176,3.847448519476643,6.1672223037581455,1,-14.439999999999998,-0.014549653987504851,0.13783195715242136,0,0.6771462311445823,0.1972198229183248,1,1,0,0,0,0,0,0,0,0,0,0
2024-01-08,397.99,405.24,397.84,404.95,401.96,42473800.0,407.59900000000005,420.9264,0.020669341323447332,55.95353646254552,3.771786705149566,5.6881351840364305,1,-4.53000000000003,0.016704743138955425,-0.05335886012048707,0,0.6952830819277644,0.18472494409114512,1,1,0,0,0,0,0,0,0,0,0,0
2024-01-09,401.91,406.69,401.71,405.75,402.75,39132900.0,407.59900000000005,420.9264,0.0019653696885262306,56.92501704850862,3.732544124635183,5.297016972156181,1,3.1299999999999955,0.023829575636353795,-0.07865790204785073,0,0.6970432922617589,0.16728868801423752,1,1,0,0,0,0,0,0,0,0,0,0
2024-01-10,406.07,409.52,405.17,408.5,405.48,33962800.0,407.59900000000005,420.9264,0.00677839851024209,60.19246449705887,3.8770401755183457,5.013021612828614,1,10.090000000000032,0.029413109522215652,-0.13211645444114795,0,0.7031260444286,0.1403057829457769,1,1,0,0,0,0,0,0,0,0,0,0
2024-01-11,409.79,411.2,404.24,409.35,406.33,54536200.0,407.59900000000005,420.9264,0.002096280950971696,61.179838741113386,4.013872805976462,4.813191851458184,1,12.979999999999961,0.010840049149740016,0.6057627757428716,0,0.705019941623404,0.24767896704965645,1,1,0,0,0,0,0,0,0,0,0,0
2024-01-12,410.4,411.25,408.15,409.56,406.53,39581400.0,407.59900000000005,420.9264,0.0004922107646494478,61.42230345769673,4.091290134045039,4.668811507975555,0,12.70999999999998,0.009366890225863234,-0.2742178589634041,0,0.7054655644927696,0.16962942280141854,1,1,0,0,0,0,0,0,0,0,0,0
2024-01-16,408.31,411.12,406.83,409.52,406.49,43903000.0,407.59900000000005,420.9264,-9.839372248043876e-05,61.33978556162326,4.102129463625317,4.555475099105507,0,4.53000000000003,0.0024900979931407052,0.10918259586573487,0,0.7053764399188966,0.19218398123236946,1,1,0,0,0,0,0,0,0,0,0,0
2024-01-17,406.17,407.59,402.92,407.21,404.2,54386000.0,407.59900000000005,420.9264,-0.005633594922384355,56.647714169266195,3.881195839067118,4.42061924709783,1,1.4499999999999886,-0.005239777880215346,0.23877639341275092,0,0.7002740580646598,0.24689506879985804,1,1,0,0,0,0,0,0,0,0,0,0
2024-01-18,410.52,413.58,409.16,412.99,409.94,59562500.0,407.59900000000005,420.9264,0.014200890648194076,64.06720993938407,4.121761280349858,4.360847653748236,1,4.4599999999999795,0.008468902003329282,0.09518074504468066,0,0.7130634344154542,0.2739113756579239,1,1,0,0,0,0,0,0,0,0,0,0
2024-01-19,415.22,421.34,414.63,421.18,418.07,70268500.0,407.59900000000005,420.9264,0.019832170561545626,71.50568549591986,4.911813847960559,4.4710408925907,1,11.740000000000009,0.028399466287355346,0.17974396642182588,0,0.7311780040551681,0.32978630683197074,1,1,0,0,0,0,0,0,0,0,0,0
2024-01-22,423.41,424.73,421.12,421.73,418.61,44880600.0,407.59900000000005,420.9264,0.0012916497237305258,71.92145770343485,5.5179027388468285,4.6804132618419265,1,12.080000000000041,0.03532471093347023,-0.36129844809551936,0,0.7323811858024554,0.19728610459457274,1,1,0,0,0,0,0,0,0,0,0,0
2024-01-23,422.43,423.7,420.57,423.48,420.35,33003800.0,407.59900000000005,420.9264,0.00415661355438246,73.27465385074022,6.068680043799418,4.958066618233425,1,13.860000000000014,0.02528043383965861,-0.2646310432569975,0,0.7362581047659366,0.13530073353461392,1,1,0,0,0,0,0,0,0,0,0,0
2024-01-24,427.44,429.85,425.33,425.83,422.68,46948000.0,407.59900000000005,420.9264,0.005542999881051447,75.01133692864542,6.616910923248895,5.289835479236519,1,18.480000000000018,0.010991263159164433,0.42250286330664943,0,0.7414496111940464,0.20807592644299644,1,1,0,0,0,0,0,0,0,0,0,0
2024-01-25,428.36,429.04,423.98,426.35,423.2,44367200.0,407.59900000000005,420.9264,0.001230245102677996,75.39561173407719,7.012511630244944,5.634370709438204,0,13.259999999999991,0.010929858538111903,-0.0549714577830791,0,0.7426082306543971,0.1946066547846759,0,1,0,0,0,0,0,0,0,0,0,0
2024-01-26,424.44,426.21,423.15,423.81,420.68,37137000.0,408.21000000000004,420.9264,-0.005954631379962105,69.7941688705329,7.0415149006236675,5.915799547675297,1,2.6100000000000136,0.0008186136037673375,-0.16296272922339028,0,0.7369933825003899,0.15687202678406004,0,1,0,0,0,0,0,0,0,0,0,0
2024-01-29,424.27,428.35,423.61,428.15,424.99,38694700.0,409.04650000000004,420.9264,0.010245317105638474,73.43002286256896,7.327810740372001,6.1982017862146375,0,6.3799999999999955,0.0055209308283543646,0.041944691278239965,0,0.7465965553352197,0.16500170923220245,0,1,0,0,0,0,0,0,0,0,0,0
2024-01-30,427.1,427.68,424.38,425.3,422.16,36739000.0,409.83000000000004,420.9264,-0.00665898021129907,67.67022657166429,7.242853797264559,6.407132188424622,0,1.8100000000000023,-0.0023682944856227017,-0.05054180546689857,0,0.7402909917336957,0.154794852992983,0,1,0,0,0,0,0,0,0,0,0,0
2024-01-31,420.85,422.87,416.79,416.97,413.89,64010600.0,410.54350000000005,420.9264,-0.019589729012696733,54.27284799089395,6.434037345573358,6.41251321985437,1,-8.79000000000002,-0.01600339211835733,0.7423065407332807,0,0.7218644860854259,0.29712614133654125,0,1,0,0,0,0,0,0,0,0,0,0
2024-02-01,418.79,422.38,417.81,421.88,418.76,51008600.0,411.712,420.9264,0.011766411365338625,59.37364659262278,6.11551690797404,6.353113957478304,1,-4.439999999999998,-0.014482297858657178,-0.20312260781808011,0,0.7327154029544796,0.22926831814160795,0,1,0,0,0,0,0,0,0,0,0,0
2024-02-02,423.8,430.24,422.79,429.01,425.84,59582300.0,413.3365,420.9264,0.01690705893590594,65.41389332946578,6.361057682983471,6.354702702579338,0,5.159999999999968,0.00908374128854783,0.1680834212270088,0,0.7484904525300238,0.27401471244451514,0,1,0,0,0,0,0,0,0,0,0,0
2024-02-05,429.07,429.61,425.0,428.45,425.28,39889200.0,414.90950000000004,420.9264,-0.0013150479053165576,64.595822843256,6.436269883540888,6.371016138771649,0,0.2899999999999636,0.027358422395928006,-0.33051929851650574,0,0.7472427084957999,0.17123584012024645,0,1,0,0,0,0,0,0,0,0,0,0
2024-02-06,429.61,430.22,425.22,427.59,424.43,35846100.0,416.033,420.9264,-0.0019986832204664795,63.30176955982264,6.354042748552615,6.367621460727843,1,2.269999999999982,0.013593327810122902,-0.10135826238681145,0,0.745348811300996,0.15013478144008685,0,1,0,0,0,0,0,0,0,0,0,0
2024-02-07,430.41,432.83,429.09,431.99,428.8,37712700.0,417.33549999999997,420.9264,0.010296161911269142,66.96579726324701,6.565813024575448,6.407259773497365,1,14.910000000000025,0.0069824307854861045,0.05207261040950062,0,0.7550856709966355,0.15987662213964557,0,1,0,0,0,0,0,0,0,0,0,0
2024-02-08,432.11,433.56,431.42,432.79,429.59,29889900.0,418.541,420.9264,0.001842350746268595,67.59566174619614,6.719925770467057,6.4697929728913035,1,10.829999999999984,0.010139829437071257,-0.20743144882228004,0,0.7568458813306298,0.1190491971827678,0,1,0,0,0,0,0,0,0,0,0,0
2024-02-09,433.94,437.85,433.14,437.05,433.82,36943900.0,419.91550000000007,420.9264,0.009846597918945932,70.80549429140098,7.101524921573457,6.596139362627735,0,7.980000000000018,0.02198511057648367,0.2359994513196766,0,0.7662708050177134,0.15586423216331388,0,1,0,0,0,0,0,0,0,0,0,0
2024-02-12,436.94,439.14,434.65,435.34,432.12,33203300.0,421.195,420.9264,-0.00391867594855011,67.89472046445181,7.18395702091243,6.713702894284674,0,6.840000000000032,0.007770272716664417,-0.10125081542555059,0,0.7624830106281054,0.13634192994496533,0,1,0,0,0,0,0,0,0,0,0,0
2024-02-13,427.28,431.27,425.33,428.55,425.38,64491700.0,422.13950000000006,420.9264,-0.01559751920762753,57.756970690061934,6.629008300782971,6.696763975584334,1,0.9499999999999886,-0.009669597237231708,0.9423280216123096,0,0.7474655199304827,0.2996370164895241,0,1,0,0,0,0,0,0,0,0,0,0
2024-02-14,431.26,433.65,428.88,433.22,430.02,45092700.0,423.43050000000005,420.9264,0.010907894118200145,61.96720767780885,6.488817613493097,6.655174703166087,1,1.2199999999999704,-0.008608301037977495,-0.3007983973131426,0,0.757803970499766,0.1983930607782095,0,1,0,0,0,0,0,0,0,0,0,0
2024-02-15,433.92,434.98,431.33,434.51,431.3,38796100.0,424.4985,420.9264,0.0029766057392679457,63.060947223442135,6.407143227570884,6.605568408047047,0,1.7100000000000364,-0.0017130193501594393,-0.13963679265158213,0,0.7606559568637062,0.16553091883626078,0,1,0,0,0,0,0,0,0,0,0,0
2024-02-16,434.89,434.99,429.85,430.57,427.39,53661500.0,424.96449999999993,420.9264,-0.009065615580802322,57.61076736939853,5.958228614924508,6.476100449422539,0,-6.430000000000007,0.004818884276665769,0.3831673802263629,0,0.7519440297676075,0.24311388183595026,0,1,0,0,0,0,0,0,0,0,0,0
2024-02-20,428.55,430.08,423.5,427.32,424.16,53999500.0,425.242,420.9264,-0.007557500175483622,53.497435448293956,5.280951028208108,6.237070565179653,0,-7.9599999999999795,-0.013646510017017999,0.006298743046690758,0,0.7447472204273523,0.24487791384947796,0,1,0,0,0,0,0,0,0,0,0,0
2024-02-21,424.55,425.7,421.63,425.61,422.47,50179700.0,425.34799999999996,420.9264,-0.00398434552998872,51.42842728117606,4.555323847410875,5.900721221625899,1,-2.909999999999968,-0.020607461286274664,-0.07073769201566682,0,0.7409817071812126,0.22494226448476437,0,1,0,0,0,0,0,0,0,0,0,0
2024-02-22,434.49,439.12,433.71,438.07,434.83,53887800.0,425.9554999999999,420.9264,0.029256515255521087,62.76930833868446,4.920882906929762,5.704753558686671,0,4.810000000000002,0.017714669550048745,0.07389641627989008,0,0.76852120050801,0.24429494824027367,0,1,0,0,0,0,0,0,0,0,0,0
2024-02-23,439.65,440.59,435.79,436.78,433.55,39853900.0,426.47299999999996,420.9264,-0.0029436791389737538,61.176278658360005,5.0491028776988855,5.573623422489114,0,2.25,0.022328490586558614,-0.2604281488574408,0,0.7656692141440699,0.17105160837445493,0,1,0,0,0,0,0,0,0,0,0,0
2024-02-26,437.6,438.6,436.36,436.55,433.32,33043200.0,427.105,420.9264,-0.0005305039787798504,60.87730392683768,5.0736729074729965,5.4736333194858915,1,5.930000000000007,0.025782332137767483,-0.17089168186802295,0,0.7651567478442993,0.13550636330187127,0,1,0,0,0,0,0,0,0,0,0,0
2024-02-27,437.67,437.99,435.03,437.6,434.37,33713200.0,427.57399999999996,420.9264,0.002423151481584007,61.79524539592736,5.118863980287756,5.402679451646265,0,10.20999999999998,-0.001051031636169597,0.02027648653883407,0,0.767496267908469,0.1390031131511718,0,1,0,0,0,0,0,0,0,0,0,0
2024-02-28,435.43,436.67,434.3,435.27,432.05,32938800.0,428.0685,420.9264,-0.005341068674171723,58.52763293529113,4.910864234142139,5.30431640814544,1,9.579999999999984,-0.003448421171367566,-0.022970231244734962,0,0.7623270426238274,0.1349614966089355,0,1,0,0,0,0,0,0,0,0,0,0
2024-02-29,438.23,440.09,435.02,439.0,435.76,42495200.0,429.162,420.9264,0.00858696910079848,61.98905645738947,4.987891621245865,5.241031450765526,1,0.9300000000000068,0.005669051908210765,0.2901259305135584,0,0.7705933468505602,0.18483663132513772,0,1,0,0,0,0,0,0,0,0,0,0
2024-03-01,439.9,446.58,439.84,445.61,442.32,43809200.0,430.34000000000003,420.9264,0.015054158252248984,67.20173973288043,5.514703487253087,5.295765858063039,0,8.769999999999982,0.01830005867887574,0.030921139328677016,0,0.7852097769657538,0.19169443625346738,0,1,0,0,0,0,0,0,0,0,0,0
2024-03-04,445.61,446.04,443.77,444.02,440.74,34325700.0,431.08500000000004,420.9264,-0.0035720745161873513,64.89344403416987,5.738562316891205,5.384325149828672,0,7.420000000000016,0.020069052836860113,-0.21647279566848976,0,0.7816893562977651,0.14219976879698756,0,1,0,0,0,0,0,0,0,0,0,0
2024-03-05,440.94,440.95,433.65,436.05,432.83,57917100.0,431.4625,420.9264,-0.017947088986704274,54.75367072395515,5.217556416272657,5.350971403117469,1,-1.5400000000000205,-0.006465005250642641,0.6872809585820536,0,0.7640649718143534,0.265323984311597,0,1,0,0,0,0,0,0,0,0,0,0
2024-03-06,440.32,441.99,436.89,438.79,435.55,46234500.0,432.01849999999996,420.9264,0.006284222442991538,57.228574136522376,4.966881634690992,5.274153449432174,1,3.5,-0.015234941059900087,-0.2017124476190969,0,0.7701254428377264,0.20435214880497268,0,1,0,0,0,0,0,0,0,0,0,0
2024-03-07,442.42,446.72,440.86,445.45,442.16,44526700.0,432.68649999999997,420.9264,0.015176213982321274,62.584598582864366,5.24117482137558,5.267557723820856,0,6.400000000000034,0.0035133474386085384,-0.03693778455482377,0,0.7848532786702613,0.19543909000999443,0,1,0,0,0,0,0,0,0,0,0,0
2024-03-08,445.81,448.64,438.34,439.02,435.78,71954300.0,432.996,420.9264,-0.014429165912791864,55.376536563919785,4.887402533776537,5.191526685811993,0,-6.5400000000000205,0.0070312705125209485,0.6159809732138246,0,0.7706379091374969,0.3385845469751809,0,0,0,0,0,0,0,0,0,0,0,0
2024-03-11,437.51,438.66,435.44,437.39,434.16,45860000.0,433.01300000000003,421.4404,-0.0037174721189590088,53.68574886937386,4.425302849375271,5.038281918524648,1,-6.579999999999984,-0.0029704240494295986,-0.3626510159920949,0,0.7670283638956351,0.20239762221010246,0,0,0,0,0,0,0,0,0,0,0,0
2024-03-12,439.73,444.02,436.46,443.66,440.38,55300900.0,433.42599999999993,422.08279999999996,0.014326515570296516,58.87738308412287,4.509010471575152,4.932427629134749,0,7.550000000000011,-0.003820122461454356,0.20586349760139555,0,0.7808872351329069,0.25166995900452227,0,0,0,0,0,0,0,0,0,0,0,0
2024-03-13,442.65,442.67,439.12,440.25,437.0,37928700.0,434.00699999999995,422.69300000000004,-0.0076751896089740645,55.25282607536409,4.2535790021126445,4.7966579037303285,0,1.4499999999999886,0.002933853842363443,-0.31413955288250284,0,0.7733562086406274,0.16100393253882306,0,0,0,0,0,0,0,0,0,0,0,0
2024-03-14,441.5,442.03,436.39,439.14,435.9,52195200.0,434.30100000000004,423.4186,-0.002517162471395884,54.08587942930208,3.917231508919997,4.620772624768263,0,-6.260000000000048,0.004134163489926568,0.37613996788711446,0,0.7709052828591162,0.2354612186956079,0,0,0,0,0,0,0,0,0,0,0,0
2024-03-15,436.07,438.87,432.74,433.92,430.71,73038800.0,434.2715,424.125,-0.011906400550585006,48.8442173962758,3.195053484237235,4.335628796662057,0,-5.069999999999993,-0.022098752630954954,0.3993394028569677,0,0.7593413693990775,0.34424458460438445,0,0,0,0,0,0,0,0,0,0,0,0
2024-03-18,0.57 Dividend,,,,,,438.76099999999997,436.89,0.0,48.8442173962758,3.195053484237235,4.107513734177092,0,0.0,-0.01442356302198089,0.0,0,0.7684989193645417,0.21003723777638023,1,1,0,0,0,0,1,0,0,0,1,1
2024-03-18,438.73,441.04,437.24,437.48,434.82,47323800.0,438.76099999999997,436.89,0.009542383506303542,48.844217396275795,2.894968582825868,3.865004703906848,1,-5.560000000000002,-0.0023640170442814634,-0.35207314468474293,0,0.7684989193645417,0.21003723777638023,1,1,0,0,0,0,0,0,0,0,0,0
2024-03-19,435.45,438.98,433.33,438.57,435.91,43004100.0,438.76099999999997,436.89,0.0025067844165402864,50.112425999513924,2.7364575973065257,3.6392952825867835,1,-1.089999999999975,0.012049167922843829,-0.09127965209894384,0,0.7709275640025846,0.18749259550171837,1,1,0,0,0,0,0,0,0,0,0,0
2024-03-20,439.78,444.11,438.06,443.77,441.07,43653500.0,438.76099999999997,436.89,0.011837305865889602,55.71011083013195,2.9927073083975415,3.5099776877489353,1,5.170000000000016,0.02388647378873343,0.015100885729500302,0,0.7824246340322184,0.19088183334072695,1,1,0,0,0,0,0,0,0,0,0,0
2024-03-21,448.88,449.34,445.67,445.87,443.16,39345700.0,438.76099999999997,436.89,0.004738476885755238,57.776678902072476,3.326091471692223,3.473200444537593,1,12.450000000000045,0.019082567168185127,-0.09868166355504138,0,0.7870813930170897,0.16839929751861235,1,1,0,0,0,0,0,0,0,0,0,0
2024-03-22,445.35,447.49,444.49,446.38,443.67,28229300.0,438.76099999999997,436.89,0.0011508258868129229,58.288140750156806,3.5900694745961914,3.4965742505493127,0,0.0,0.017726608638457764,-0.2825315091611027,0,0.788217731333972,0.11038247658612835,1,1,0,0,0,0,1,0,0,0,0,0
2024-03-25,443.55,446.26,442.54,444.76,442.06,27789200.0,438.76099999999997,436.89,-0.003628823224468669,55.98269433119189,3.6275443261637292,3.5227682656721964,0,7.240000000000009,0.002260479548099492,-0.015590184666286477,0,0.7846304672355785,0.10808558164780421,1,1,0,0,0,0,0,0,0,0,0,0
2024-03-26,446.3,447.23,443.09,443.32,440.63,34142000.0,438.76099999999997,436.89,-0.003234854997059222,53.94191505153648,3.5014913543016633,3.51851288339809,1,4.71999999999997,-0.0057128523347149684,0.22860679688512087,0,0.7814442637196141,0.14124103305472413,1,1,0,0,0,0,0,0,0,0,0,0
2024-03-27,446.44,446.54,441.93,444.83,442.13,41359200.0,438.76099999999997,436.89,0.0034042166897396697,55.76355427995225,3.482486987694017,3.511307704257276,0,1.0600000000000023,-0.0034594615317882216,0.2113877335832699,0,0.7847864352398565,0.1789078136702043,1,1,0,0,0,0,0,0,0,0,0,0
2024-03-28,444.78,445.64,443.65,444.01,441.31,36839600.0,438.76099999999997,436.89,-0.001854658132223519,54.49468204802439,3.3624979598653226,3.4815457553788853,1,-1.8500000000000227,-0.0016852964395430714,-0.10927677517940382,0,0.7829593814754573,0.15531988737334068,1,1,0,0,0,0,0,0,0,0,0,0
2024-04-01,444.97,447.53,443.02,444.95,442.25,38729000.0,438.76099999999997,436.89,0.0021300219800139963,55.73804165926192,3.3051561521947974,3.4462678347420677,0,-1.420000000000016,0.003679580537530147,0.05128720181543778,0,0.7850538089614758,0.16518072194836814,1,1,0,0,0,0,0,0,0,0,0,0
2024-04-02,440.08,441.43,438.03,441.11,438.43,44259700.0,438.76099999999997,436.89,-0.008637648388920227,49.78482387620258,2.917835292598852,3.3405813263134245,1,-3.6299999999999955,-0.00836228454112975,0.14280513310439202,0,0.7765424121565918,0.19404560909990007,1,1,0,0,0,0,0,0,0,0,0,0
2024-04-03,438.96,444.0,438.95,442.1,439.41,39949800.0,438.76099999999997,436.89,0.0022352485003307443,51.22412778534324,2.659303732600904,3.2043258075709207,0,-1.2199999999999704,-0.0042723779085754865,-0.0973775240229825,0,0.7787259642164835,0.17155211331557124,1,1,0,0,0,0,0,0,0,0,0,0
2024-04-04,446.33,446.95,435.11,435.34,432.7,57267700.0,438.76099999999997,436.89,-0.01527047632052081,42.28687172813766,1.8911744051655432,2.9416955270898453,1,-9.430000000000007,-0.021672876209110292,0.4334915318724999,0,0.7637753169492657,0.2619347464725883,1,1,0,0,0,0,0,0,0,0,0,0
2024-04-05,436.78,443.17,435.96,440.47,437.79,54723000.0,438.76099999999997,436.89,0.011763346429396915,49.48660101176023,1.6738517195091163,2.6881267655736996,1,-3.519999999999982,-0.0012718813907931503,-0.044435170261770573,0,0.7751164189746218,0.24865388178375994,1,1,0,0,0,0,0,0,0,0,0,0
2024-04-08,441.41,442.5,439.2,440.6,437.92,28144900.0,438.76099999999997,436.89,0.00029694602434959805,49.65933220661223,1.4948797951969368,2.449477371498347,1,-4.329999999999984,-0.0032101838667742966,-0.4856842643860899,0,0.7754060738397094,0.10994199048570899,1,1,0,0,0,0,0,0,0,0,0,0
2024-04-09,442.96,443.24,437.44,442.23,439.54,39521600.0,438.76099999999997,436.89,0.00369930580928024,51.86811689693289,1.4668547286254352,2.252952842923765,0,1.1100000000000136,0.015759598263026753,0.404218881573571,0,0.7790156190815712,0.1693173248297944,1,1,0,0,0,0,0,0,0,0,0,0
2024-04-10,437,439.24,436.28,438.37,435.71,61502200.0,438.76099999999997,436.89,-0.00871365518496614,46.65604092848848,1.1226544089055324,2.026893156120119,1,-3.7000000000000455,-0.004717403351336302,0.5561667543824136,0,0.7704819411332189,0.2840347274231302,1,1,0,0,0,0,0,0,0,0,0,0
2024-04-11,440.26,446.33,437.96,445.37,442.66,45474600.0,438.76099999999997,436.89,0.015950976566982744,55.41191978076716,1.3946039657186589,1.900435318039827,0,9.960000000000036,0.010936627191296844,-0.26060205976371575,0,0.7859673358436755,0.20038620819231082,1,1,0,0,0,0,0,0,0,0,0,0
2024-04-12,441.1,442.24,436.88,438.27,435.61,53602600.0,438.76099999999997,436.89,-0.01592644467537163,46.986746051402484,1.0293837727292612,1.7262250089777138,0,-2.180000000000007,-0.008689123293355028,0.1787371411733143,0,0.770259129698536,0.24280648099098937,1,1,0,0,0,0,0,0,0,0,0,0
2024-04-15,442.06,442.15,430.21,431.06,428.44,63453600.0,438.76099999999997,436.89,-0.016459677234223258,40.27909986120308,0.1595459147150109,1.4128891901251734,1,-9.480000000000018,-0.016435145342612145,0.18377839880901292,0,0.7542835498317773,0.2942191418349587,0,1,0,0,0,0,0,0,0,0,0,0
2024-04-16,430.9,433.76,429.7,431.1,428.48,47619000.0,438.4440000000001,436.89,9.33619643357364e-05,40.33027680168524,-0.5205782864609318,1.0261956948079525,0,-11.060000000000002,-0.03229275994525915,-0.2495461250425508,0,0.7543726744056505,0.21157789532192278,0,1,0,0,0,0,0,0,0,0,0,0
2024-04-17,433.1,433.12,424.9,425.84,423.25,56880500.0,437.81100000000004,436.89,-0.012205937266616895,35.98787007546103,-1.464714588961158,0.5280136380541305,0,-12.45999999999998,-0.028572252536504417,0.19449169449169457,0,0.7427196363717385,0.25991393820147024,0,1,0,0,0,0,0,0,0,0,0,0
2024-04-18,426.49,428.24,422.83,423.41,420.84,46549400.0,436.7995000000001,436.89,-0.005694034258712399,34.162507775639,-2.379981326373411,-0.053585354831377774,0,-21.82000000000005,-0.017806609560993558,-0.1816281502448115,0,0.7373498807958824,0.20599562123414394,0,1,0,0,0,0,0,0,0,0,0,0
2024-04-19,422.22,422.75,413.07,414.65,412.13,75136600.0,435.24800000000005,436.89,-0.02069670183442629,28.530230694961702,-3.7647631710539713,-0.7958209180758965,1,-23.480000000000018,-0.038596673359755584,0.6141260682199985,0,0.7179430048350081,0.35519306495343317,0,1,0,0,0,0,0,0,0,0,0,0
2024-04-22,417.31,421.18,413.94,418.82,416.28,47807700.0,433.8785000000001,436.89,0.01006963822094975,34.10469768595745,-4.475748796703385,-1.5318064938013944,1,-12.160000000000025,-0.01632109787218894,-0.36372287274111414,0,0.7271896793743454,0.21256272621231534,0,1,0,0,0,0,0,0,0,0,0,0
2024-04-23,420.77,426.28,418.87,425.07,422.49,44384700.0,432.9,436.89,0.014917843759008509,41.46242791384527,-4.486398517121529,-2.1227248984654215,1,-5.990000000000009,0.004290780145531969,-0.07159934487540709,0,0.7410262694681491,0.19469798780312778,0,1,0,0,0,0,0,0,0,0,0,0
2024-04-24,428.2,429.73,424.2,426.51,423.92,48440300.0,432.06450000000007,436.89,0.0033846954957514885,43.03964408247259,-4.329541192467673,-2.564088157265872,0,0.6700000000000159,0.028372177475709748,0.09137382926999615,0,0.7442124729841135,0.21586428435361013,0,1,0,0,0,0,0,0,0,0,0,0
2024-04-25,419.24,425.32,418.14,424.45,421.87,57392200.0,431.0514999999999,436.89,-0.004835818078882781,41.32083321023499,-4.320840539904452,-2.9154386337935883,1,1.0300000000000296,0.013466721175877217,0.1848027365643896,0,0.7396448385731155,0.26258451566100316,0,1,0,0,0,0,0,0,0,0,0,0
2024-04-26,427.62,432.55,426.92,431.0,428.38,41874900.0,430.40500000000003,436.89,0.015431294000521456,48.37193636715582,-3.745467201971394,-3.0814443474291497,1,16.25,0.013980171417390164,-0.2703729775126237,0,0.7541498629709676,0.18159926724824052,0,1,0,0,0,0,0,0,0,0,0,0
2024-04-29,433.13,433.76,429.98,432.75,430.12,30022200.0,429.7985,436.89,0.004061814277043663,50.097950915696494,-3.1131893195227462,-3.087793341847869,0,13.840000000000032,0.014657290198682338,-0.2830502281796494,0,0.7580267819344488,0.11973967480226402,0,1,0,0,0,0,0,0,0,0,0,0
2024-04-30,431.15,432.56,424.51,424.59,422.01,43665900.0,428.97749999999996,436.89,-0.018855203199107273,42.899101333471,-3.2292885361852655,-3.1160923807153487,0,-0.4800000000000182,0.0006379050784578455,0.45445370425884835,0,0.7399567745816714,0.19094654930808713,0,1,0,0,0,0,0,0,0,0,0,0
2024-05-01,423.15,430.14,420.66,421.52,418.96,52251700.0,427.95500000000004,436.89,-0.007227316888225421,40.53977436490215,-3.526753295266303,-3.1982245636255398,1,-4.960000000000036,-0.022020705810289032,0.1966248262374073,0,0.7331610258238451,0.23575609386946686,0,1,0,0,0,0,0,0,0,0,0,0
2024-05-02,425.3,427.81,420.63,426.9,424.31,36559000.0,427.53549999999996,436.89,0.012769715485965394,46.13578928718442,-3.292838182919354,-3.217147287484303,1,2.4399999999999977,-0.0133128046013673,-0.3003289845115087,0,0.7450814375793765,0.1538554276603351,0,1,0,0,0,0,0,0,0,0,0,0
2024-05-03,434.44,436.48,432.62,435.48,432.83,48515300.0,427.2875,436.89,0.020079658740072004,53.6215959594458,-2.3923880158906172,-3.052195433165566,1,4.449999999999989,0.025622057337811976,0.3270412210399627,0,0.7640649718143534,0.21625571157554677,0,1,0,0,0,0,0,0,0,0,0,0
2024-05-06,437.3,440.34,436.52,440.25,437.58,30227200.0,427.27049999999997,436.89,0.010974285516253568,57.19340087282978,-1.2807260557867153,-2.697901557689796,1,7.4599999999999795,0.043823659742290966,-0.3769553110049819,0,0.7746485149617878,0.12080957587555746,0,1,0,0,0,0,0,0,0,0,0,0
2024-05-07,440.7,441.97,439.58,440.32,437.64,30996100.0,427.1755,436.89,0.00013711778417668796,57.23820007007652,-0.3903843371208495,-2.236398113576007,0,15.629999999999995,0.03119106204050226,0.025437354435740023,0,0.7747822018225975,0.12482248775485175,0,1,0,0,0,0,0,0,0,0,0,0
2024-05-08,437.67,441.48,437.55,440.06,437.39,24896700.0,427.2595,436.89,-0.0005712457727813369,56.97066284363471,0.29168264288375667,-1.7307819622840543,1,18.430000000000007,0.010540157527648919,-0.1967795948522556,0,0.7742251732358904,0.09298953845511504,0,1,0,0,0,0,0,0,0,0,0,0
2024-05-09,440.33,441.6,438.46,441.02,438.34,24580100.0,427.04350000000005,436.89,0.002171974667916521,57.77827437486985,0.8985250614869074,-1.204920557529862,1,14.029999999999973,0.0017378466793118719,-0.01271654476296058,0,0.7763418818653772,0.09133719367557991,0,1,0,0,0,0,0,0,0,0,0,0
2024-05-10,442.54,444.31,440.5,442.06,439.37,27116600.0,427.23150000000004,436.89,0.0023497741479217016,58.683709789640474,1.445897041173282,-0.6747570377892333,1,6.5400000000000205,0.0039505030430568855,0.10319323355071797,0,0.7786368396426104,0.10457526232147657,0,1,0,0,0,0,0,0,0,0,0,0
2024-05-13,443.99,444.09,441.65,443.08,440.39,22994200.0,427.829,436.89,0.0023215057923844373,59.60749273526822,1.9396397940195698,-0.15187767142747277,1,2.8100000000000023,0.00684325460822266,-0.15202495888127565,0,0.7809095162763752,0.0830603345919893,0,1,0,0,0,0,0,0,0,0,0,0
2024-05-14,442.65,446.47,442.46,445.93,443.22,34478300.0,428.566,436.89,0.006426122300688064,62.136992676056856,2.53012611269952,0.3845230853979258,1,5.580000000000041,0.011097402240994203,0.4994346400396621,0,0.7872150798778993,0.14299619271788797,0,1,0,0,0,0,0,0,0,0,0,0
2024-05-15,448.43,453.15,446.9,452.9,450.15,41464700.0,429.91099999999994,436.89,0.015635576011912677,67.50360824180648,3.516745010665886,1.010967470451518,0,12.759999999999991,0.02438320410498518,0.20263180029177774,0,0.8026559123014192,0.17945842129572848,0,1,0,0,0,0,0,0,0,0,0,0
2024-05-16,452.71,454.69,451.81,451.98,449.23,34780400.0,431.33050000000003,436.89,-0.0020437631900476205,66.16288514307206,4.1762698451333335,1.6440279453878812,0,10.890000000000043,0.02001793512255312,-0.16120459089297645,0,0.8006060471023373,0.14457286156784868,0,1,0,0,0,0,0,0,0,0,0,0
2024-05-17,452.11,452.72,449.54,451.76,449.02,35803700.0,433.1749999999999,436.89,-0.00046746655388119063,65.84142474741883,4.6286466260393695,2.240951681518179,1,9.649999999999977,0.013124346267983866,0.029421743280698243,0,0.8001381430895032,0.149913494583952,0,1,0,0,0,0,0,0,0,0,0,0
2024-05-20,451.98,455.58,451.79,454.91,452.15,24474200.0,434.96850000000006,436.89,0.006970736270099254,68.31263075245185,5.180011378874212,2.828763620989386,1,11.759999999999991,0.0044595065261704425,-0.31643377639741144,0,0.8071121409950757,0.09078449843820538,0,1,0,0,0,0,0,0,0,0,0,0
2024-05-21,453.04,455.99,452.84,455.8,453.03,23167700.0,436.4955,436.89,0.00194625677319471,68.99184708063063,5.623160272076689,3.387642951206847,0,9.809999999999945,0.008449526489412773,-0.053382745912021634,0,0.8090728816202846,0.08396583623206937,0,1,0,0,0,0,0,0,0,0,0,0
2024-05-22,456.06,456.82,453.08,455.71,452.94,25120000.0,437.9465,436.89,-0.0001986623402423504,68.82935203102922,5.899095612653241,3.889933483496126,0,2.7900000000000205,0.008718330703051613,0.08426818372130174,0,0.8088723513290701,0.09415494777056102,0,1,0,0,0,0,0,0,0,0,0,0
2024-05-23,460.55,460.58,451.85,453.66,450.9,40899200.0,439.39799999999997,436.89,-0.004503907802357987,65.08729072541126,5.885323066237163,4.289011400044334,1,1.669999999999959,-0.0027563133694056274,0.6281528662420381,0,0.8043269980615404,0.17650706004232633,0,1,0,0,0,0,0,0,0,0,0,0
2024-05-24,455.29,459.23,453.57,457.95,455.17,29651000.0,440.7375,436.89,0.00946994899090714,68.89879822741052,6.148090181538009,4.660827156343069,1,6.150000000000034,0.0047673788483068025,-0.27502249432751746,0,0.8138410463224972,0.117802371005159,0,1,0,0,0,0,0,0,0,0,0,0
2024-05-28,459.18,459.74,456.69,459.68,456.89,26216800.0,442.0759999999999,436.89,0.0037788079179206235,70.30510564270739,6.42110612450557,5.01288294997557,0,4.740000000000009,0.008744849106469776,-0.11582071430980401,0,0.8176734029990418,0.09987917946416222,0,0,0,0,0,0,0,0,0,0,0,0
2024-05-29,455.48,458.24,455.34,456.44,453.67,29739200.0,443.65899999999993,437.267,-0.007047648230427361,64.43139263966299,6.304966408887424,5.271299641757941,0,0.6400000000000432,0.006201108678400402,0.13435659577065096,0,0.8104988748022548,0.11826268941815649,0,0,0,0,0,0,0,0,0,0,0,0
2024-05-30,455.5,455.64,450.21,451.55,448.81,30714100.0,445.15150000000006,437.525,-0.010712632530253341,56.72790041935096,5.754429977461484,5.3679257088986505,0,-4.1299999999999955,-0.013981472842760079,0.03278164846398024,0,0.7996702390766693,0.12335072140037004,0,0,0,0,0,0,0,0,0,0,0,0
2024-05-31,451.78,452.48,443.06,450.71,447.97,55941300.0,446.33450000000005,437.66299999999995,-0.0018716160513356783,55.49293297435234,5.190511918908783,5.332442950900678,1,-2.92999999999995,-0.01963189681201638,0.8213556640109918,0,0.7977986230253337,0.2550122255768985,0,0,0,0,0,0,0,0,0,0,0,0
2024-06-03,454.57,455.58,447.9,453.13,450.38,32997500.0,447.2120000000001,437.8074,0.005379824541821954,58.29796901579149,4.881795355439749,5.242313431808492,1,-4.7900000000000205,-0.007204424039767066,-0.4101406295527633,0,0.8031683786011898,0.13526785364797123,0,0,0,0,0,0,0,0,0,0,0,0
2024-06-04,452.87,455.58,451.13,454.37,451.61,23767400.0,447.91349999999994,437.9662,0.0027310271326435043,59.69417668498352,4.68241006661998,5.13033275877079,1,-5.279999999999973,0.00623923562312978,-0.27972119099931814,0,0.8059089592477886,0.08709568829867463,0,0,0,0,0,0,0,0,0,0,0,0
2024-06-05,457.98,463.61,454.41,463.53,460.71,33817400.0,449.067,438.3392,0.020150129536546935,68.18185071315393,5.198761648694244,5.144018536755481,0,7.039999999999964,0.028260981211012393,0.4228481028635862,0,0.8261847998039258,0.1395469360381824,0,0,0,0,0,0,0,0,0,0,0,0
2024-06-06,464.22,464.54,462.19,463.37,460.55,21966800.0,450.225,438.73759999999993,-0.00034729005231048937,67.91106564386476,5.531301929251754,5.221475215254736,0,11.740000000000009,0.02253386661687995,-0.3504290690591234,0,0.8258283015084333,0.07769830355442013,0,0,0,0,0,0,0,0,0,0,0,0
2024-06-07,463,465.74,461.84,462.96,460.15,25829700.0,451.3155,439.098,-0.0008685267614808589,67.19260644634919,5.696895574369364,5.316559287077662,1,12.17999999999995,0.018934312722755586,0.1758517398983921,0,0.824937055769702,0.09785889309600665,0,0,0,0,0,0,0,0,0,0,0,0
2024-06-10,461.82,465.19,461.53,464.83,462.01,20719800.0,452.44749999999993,439.51199999999994,0.004042160165163455,68.84324295844053,5.910088366705224,5.435265103003175,1,11.629999999999995,0.002826343351372107,-0.1978304045343151,0,0.8290813484548025,0.07119017361102051,0,0,0,0,0,0,0,0,0,0,0,0
2024-06-11,463.54,468.14,462.03,468.02,465.18,22053300.0,453.687,439.9706,0.006861323347979509,71.47716773958518,6.262645815210988,5.600741245444738,1,13.569999999999993,0.010034956751662105,0.0643587293313641,0,0.8361444709342483,0.0781497496170537,0,0,0,0,0,0,0,0,0,0,0,0
2024-06-12,471.99,476.5,471.29,474.15,471.27,34532600.0,455.08950000000004,440.62739999999997,0.013091706436218153,75.72321652128645,6.953308821131884,5.871254760582167,1,10.560000000000002,0.023995189949361118,0.565869960504777,0,0.8497136873064324,0.14327958602657007,0,0,0,0,0,0,0,0,0,0,0,0
2024-06-13,477.72,478.39,474.42,476.72,473.82,25859000.0,456.273,441.31559999999996,0.005410910942771574,77.25034217071828,7.618605377666711,6.220724883999076,1,13.269999999999982,0.025363940726969236,-0.2511713569207068,0,0.8553953788908446,0.09801181066404324,0,0,0,0,0,0,0,0,0,0,0,0
2024-06-14,476.52,479.26,476.05,479.19,476.28,23372600.0,457.6255,442.1872,0.0051918450044319275,78.64588995983756,8.249266721075287,6.626433251414319,1,16.129999999999995,0.023694462383421655,-0.09615221006226071,0,0.8608765401840421,0.08503521540240024,0,0,0,0,0,0,0,0,0,0,0,0
2024-06-17,479.46,486.86,478.14,485.06,482.11,37054500.0,459.28000000000003,443.07359999999994,0.012240698748635426,81.53657193159738,9.114437098719293,7.124034020875315,1,20.100000000000023,0.022843454695838927,0.5853820285291325,0,0.8738664468260511,0.15644145683992974,0,0,0,0,0,0,0,0,0,0,0,0
2024-06-18,485.01,485.9,483.43,485.21,482.26,24438600.0,460.78549999999996,443.9604,0.00031113231420221155,81.60556614233971,9.700374721104538,7.63930216092116,0,17.079999999999984,0.017743676067269565,-0.3404687689754281,0,0.8742006639780753,0.09059870098352613,0,0,0,0,0,0,0,0,0,0,0,0
2024-06-20,486.42,486.84,479.62,481.47,478.54,33918700.0,462.06100000000004,444.7404,-0.007713681416663176,74.200274170375,9.752144941251345,8.061870716987197,0,7.270000000000039,0.004838149646174461,0.3879150196819785,0,0.8659120786078742,0.14007562373927815,0,0,0,0,0,0,0,0,0,0,0,0
2024-06-21,481.19,482.54,478.67,480.18,477.26,39432900.0,463.27700000000004,445.5714,-0.0026748025243449325,71.7863910502304,9.579461838047223,8.365388941199203,0,3.4399999999999977,-0.010077351626805897,0.16257108910424045,0,0.8630600922439338,0.168854396901984,0,0,0,0,0,0,0,0,0,0,0,0
2024-06-24,478.18,479.93,473.82,473.96,471.83,37751000.0,464.3235000000001,446.1548,-0.011377446255709689,62.497797049683236,8.901838759034945,8.47267890476635,0,-4.449999999999989,-0.021765930196717798,-0.04265220158801408,0,0.8509614313406564,0.16007651097431455,0,0,0,0,0,0,0,0,0,0,0,0
2024-06-24,0.76 Dividend,,,,,,485.47249999999997,471.16799999999995,0.0,62.497797049683236,8.901838759034945,8.558510875620069,0,0.0,-0.014052248780054621,0.0,0,0.8629709676700608,0.11571058393112968,1,1,0,0,0,0,1,0,0,0,1,1
2024-06-25,476.07,479.68,475.12,479.38,477.22,29250200.0,485.47249999999997,471.16799999999995,0.011423605959773653,62.49779704968323,8.751566737379505,8.597122047971956,1,-5.039999999999964,4.615970406396386e-05,-0.22518078991284995,0,0.8629709676700608,0.11571058393112968,1,1,0,0,0,0,0,0,0,0,0,0
2024-06-26,478.55,480.92,478.13,480.37,478.21,22737100.0,485.47249999999997,471.16799999999995,0.0020745148987886264,63.571150437780275,8.558463625806212,8.589390363538808,1,-0.3300000000000409,0.01349812085856228,-0.22266856294999693,0,0.8651768008734206,0.08171852207519056,1,1,0,0,0,0,0,0,0,0,0,0
2024-06-27,480.12,483.1,479.3,481.61,479.44,26222100.0,485.47249999999997,471.16799999999995,0.0025720917588507586,64.91473591747965,8.407759323282335,8.553064155487514,0,2.180000000000007,0.016070212617413038,0.1532737244415514,0,0.8679173815200196,0.09990684032117908,1,1,0,0,0,0,0,0,0,0,0,0
2024-06-28,482.41,487.2,478.46,479.11,476.96,34881600.0,485.47249999999997,471.16799999999995,-0.005172701485065989,60.10150758778164,7.99603647289149,8.44165861896831,1,5.1299999999999955,-0.0005260948274266042,0.3302367087304221,0,0.8623916579398854,0.14510102736598185,1,1,0,0,0,0,0,0,0,0,0,0
2024-07-01,480.04,482.49,476.26,481.92,479.75,24898300.0,485.47249999999997,471.16799999999995,0.005849547131834942,63.3902310966197,7.8049027699026965,8.314307449155187,1,0.0,0.0032489374056197118,-0.28620533461767805,0,0.8686080969675363,0.09299788890251634,1,1,0,0,0,0,1,0,0,0,0,0
2024-07-02,480.41,487.04,480.28,486.98,484.79,26723600.0,485.47249999999997,471.16799999999995,0.01050547159979165,68.44950378017387,7.968260663345632,8.245098091993276,1,7.569999999999993,0.011182317246560602,0.07331022599936543,0,0.8798377932755508,0.10252418367852864,1,1,0,0,0,0,0,0,0,0,0,0
2024-07-03,486.22,491.17,486.22,491.04,488.83,18064900.0,485.47249999999997,471.16799999999995,0.008333505229068283,71.81220109212056,8.327720429851126,8.261622559564845,1,10.620000000000005,0.024688523960694875,-0.32400948973940635,0,0.888839375236737,0.05733417185742655,1,1,0,0,0,0,0,0,0,0,0,0
2024-07-05,491.89,496.6,491.59,496.16,493.93,28495900.0,485.47249999999997,471.16799999999995,0.010433074893112071,75.37958928412155,8.921283261958251,8.393554700043527,1,14.490000000000009,0.029272051721972003,0.5774180870085082,0,0.9002027584055614,0.1117738698843724,1,1,0,0,0,0,0,0,0,0,0,0
2024-07-08,496.53,497.9,495.5,497.34,495.1,22109400.0,485.47249999999997,471.16799999999995,0.0023687567064158976,76.12606149670282,9.377991654498487,8.59044209093452,1,18.140000000000043,0.021135336828596252,-0.22411996111721333,0,0.9028096521913505,0.0784425371790623,1,1,0,0,0,0,0,0,0,0,0,0
2024-07-09,498.87,500.0,496.24,497.77,495.53,25614500.0,485.47249999999997,471.16799999999995,0.0008685114118358594,76.40915449998148,9.663241914699597,8.805002055687536,1,15.779999999999973,0.013670343011363828,0.1585343790423983,0,0.9037677413604865,0.09673575792052982,1,1,0,0,0,0,0,0,0,0,0,0
2024-07-10,499.71,503.52,498.39,502.96,500.7,28046900.0,485.47249999999997,471.16799999999995,0.010433273464775183,79.54911348099517,10.189027823236643,9.081807209197358,0,15.909999999999968,0.01367054158302694,0.09496183802143321,0,0.9152870925335888,0.10943052558237848,1,1,0,0,0,0,0,0,0,0,0,0
2024-07-11,503.07,503.28,490.73,491.93,489.72,49966600.0,485.47249999999997,471.16799999999995,-0.021929298981425926,60.98415575344226,9.60895663678292,9.18723709471447,1,0.8900000000000432,-0.010627514104814884,0.7815373535043089,0,0.8908223970054143,0.22383008927150175,1,1,0,0,0,0,0,0,0,0,0,0
2024-07-12,492.51,499.62,492.04,494.82,492.6,37109400.0,485.47249999999997,471.16799999999995,0.00588091154128878,63.39710865105801,9.274724719911433,9.204734619753864,1,-1.329999999999984,-0.005615113975361963,-0.2573158870125244,0,0.8972393663242797,0.15672798156638737,1,1,0,0,0,0,0,0,0,0,0,0
2024-07-15,496.61,501.01,494.09,496.15,493.92,31151400.0,485.47249999999997,471.16799999999995,0.0026796589524968883,64.48136077403802,9.01246638367411,9.166280972537914,1,-1.1800000000000068,-0.013368728487640258,-0.1605523128910734,0,0.9001804772620932,0.12563300305574185,1,1,0,0,0,0,0,0,0,0,0,0
2024-07-16,497.62,498.44,493.15,496.34,494.11,25950600.0,485.47249999999997,471.16799999999995,0.0003846776805960239,64.64370840239133,8.719443853759685,9.076913548782269,0,-1.419999999999959,0.008945248174381693,-0.16695236811186653,0,0.9006038189879904,0.0984898737777685,1,1,0,0,0,0,0,0,0,0,0,0
2024-07-17,488.28,488.8,481.7,481.77,479.6,56268800.0,485.47249999999997,471.16799999999995,-0.02936593066321258,46.982386748302,7.233008038541641,8.708132446734144,0,-21.099999999999966,-0.026301594030119668,1.1683043937327073,0,0.8682738798155121,0.25672145777935507,1,1,0,0,0,0,0,0,0,0,0,0
2024-07-18,485.53,485.71,476.27,479.49,477.33,49347400.0,485.47249999999997,471.16799999999995,-0.004733110925771555,44.9149556671643,5.80491151051001,8.127488259489319,0,-12.390000000000043,-0.03371436390838811,-0.12300599977252047,0,0.8632160602482117,0.22059846612719294,1,1,0,0,0,0,0,0,0,0,0,0
2024-07-19,479.15,481.69,473.94,475.24,473.1,42042900.0,485.47249999999997,471.16799999999995,-0.008861793727609757,41.270482898548046,4.282443729168847,7.358479353425225,1,-19.5,-0.04296083531659389,-0.14802198292108604,0,0.8537911365611284,0.18247606422537857,1,1,0,0,0,0,0,0,0,0,0,0
2024-07-22,481.16,483.35,477.71,482.32,480.15,40300000.0,485.47249999999997,471.16799999999995,0.014901712111604182,48.73644659469049,3.603217476218674,6.607426977983915,0,-13.770000000000039,0.0013068074582228695,-0.04145527544484329,0,0.8694993427062676,0.173379817490534,1,1,0,0,0,0,0,0,0,0,0,0
2024-07-23,481.41,484.43,480.14,480.62,478.46,23282500.0,485.47249999999997,471.16799999999995,-0.0035197334166405803,47.18783755317338,2.8951830332952113,5.864978189046175,0,-15.650000000000034,0.0025201849673538446,-0.42227047146401986,0,0.8657338294601278,0.0845649808331137,0,1,0,0,0,0,0,0,0,0,0,0
2024-07-24,473.82,474.19,462.51,463.38,461.3,58818600.0,484.67650000000003,471.16799999999995,-0.03586506709024784,35.01987669302369,0.9385727656679137,4.879697104370523,0,-18.30000000000001,-0.024483088395284236,1.5263008697519598,0,0.8274993872685545,0.2700289395192752,0,1,0,0,0,0,0,0,0,0,0,0
2024-07-25,463.72,467.94,455.63,458.27,456.21,59256800.0,483.5765,471.16799999999995,-0.011034034251029778,32.35478912036348,-1.0111198686915372,3.7015337097581114,1,-21.120000000000005,-0.050418834757918196,0.007450024312037451,0,0.8161582852431986,0.2723159183013102,0,1,0,0,0,0,0,0,0,0,0,0
2024-07-26,462.65,465.93,459.77,462.97,460.89,39992100.0,482.649,471.16799999999995,0.010258433616097795,37.09497086639482,-2.153800766053621,2.5304668145957647,1,-12.210000000000036,-0.03664066772517982,-0.3251053043701314,0,0.826585860386355,0.1717728782687435,0,1,0,0,0,0,0,0,0,0,0,0
2024-07-29,465.71,467.91,461.62,463.9,461.81,28218500.0,481.8915,471.16799999999995,0.001996137907092743,38.014519218126104,-2.951128525912111,1.4341477464941896,0,-18.339999999999975,0.00122053727216076,-0.2943981436333676,0,0.8286357255854371,0.11032611106616946,0,1,0,0,0,0,0,0,0,0,0,0
2024-07-30,465.85,466.56,454.15,457.53,455.47,41317200.0,480.67749999999995,471.16799999999995,-0.013728589679738334,34.294077996576945,-4.047939408696891,0.33773031545597343,1,-22.989999999999952,-0.0014740181565477961,0.46418838705104815,0,0.8145094806265458,0.1786886144259198,0,1,0,0,0,0,0,0,0,0,0,0
2024-07-31,467.87,472.79,466.41,471.07,468.95,44552100.0,479.88550000000004,471.16799999999995,0.029595802138450367,46.322814219942316,-3.7858061754519667,-0.48697698272561457,0,7.649999999999977,0.017863350365804775,0.07829426969881803,0,0.8445444620217908,0.1955716533624903,0,1,0,0,0,0,0,0,0,0,0,0
2024-08-01,471.76,475.55,455.98,459.66,457.59,56653900.0,478.3235000000001,471.16799999999995,-0.02422433095212717,39.723013816222526,-4.443498871052611,-1.278281360391014,0,1.3799999999999955,-0.008357118493415139,0.2716325380846245,0,0.8192330830418215,0.258731306088259,0,1,0,0,0,0,0,0,0,0,0,0
2024-08-02,450.89,453.57,444.47,448.75,446.73,66323200.0,475.9635,471.16799999999995,-0.023733036124041096,34.64174875349491,-5.7744717935767085,-2.177519447028153,0,-14.159999999999968,-0.0183615649377179,0.17067315754078716,0,0.7950357612352665,0.3091956692492165,0,1,0,0,0,0,0,0,0,0,0,0
2024-08-05,424.71,442.29,423.45,435.37,433.41,87483500.0,472.879,471.16799999999995,-0.029816667785910966,29.634626453488764,-7.8140150030349105,-3.3048185582295044,1,-28.399999999999977,-0.07777403486207923,0.31904823651452285,0,0.7653572781355139,0.4196319018404908,0,1,0,0,0,0,0,0,0,0,0,0
2024-08-06,437.23,447.07,434.56,439.53,437.55,63164400.0,469.98,471.16799999999995,0.009552156156987568,32.881828470332024,-8.992642702718229,-4.44238338712725,0,-17.920000000000016,-0.043997547752964494,-0.27798499145553157,0,0.7745816715313829,0.29270979846717105,0,1,0,0,0,0,0,0,0,0,0,0
2024-08-07,446.49,449.0,434.37,434.77,432.82,54929200.0,466.58599999999996,471.16799999999995,-0.010810193120786238,31.115110828656782,-10.190910641755465,-5.592088838052893,1,-36.129999999999995,-0.031074704749709636,-0.13037723781117216,0,0.7640426906708851,0.24973004569260435,0,1,0,0,0,0,0,0,0,0,0,0
2024-08-08,441.06,448.99,437.15,448.07,446.06,47890100.0,464.4030000000001,471.16799999999995,0.0305900836375399,40.716927658079946,-9.95740648411504,-6.465152367265323,1,-11.529999999999973,0.02933204667374123,-0.12814859855960037,0,0.7935429246228916,0.21299277425348304,0,1,0,0,0,0,0,0,0,0,0,0
2024-08-09,446.74,452.06,445.61,450.41,448.39,33574000.0,462.1925,471.16799999999995,0.005223512531946417,42.24269731986675,-9.475117967626204,-7.067145487337499,1,1.6599999999999682,0.02500340304870008,-0.29893652341506904,0,0.7987344310510014,0.13827662422725742,0,1,0,0,0,0,0,0,0,0,0,0
2024-08-12,451.39,454.37,448.55,451.38,449.35,27795000.0,459.96400000000006,471.16799999999995,0.002140993331698038,42.894826632937935,-8.912696845389917,-7.436255758947983,1,15.939999999999998,0.037954589501184355,-0.1721272413176863,0,0.8008734208239567,0.108115852019634,0,1,0,0,0,0,0,0,0,0,0,0
2024-08-13,455.82,462.85,455.68,462.58,460.5,40084500.0,458.2835,471.16799999999995,0.024813619672860776,49.961562751825575,-7.481025631724492,-7.445209733503285,1,22.94999999999999,0.03217812553650523,0.44214786832164066,0,0.8257168957910919,0.1722551166061694,0,1,0,0,0,0,0,0,0,0,0,0
2024-08-14,463.51,465.11,458.4,462.73,460.65,34733700.0,457.33599999999996,471.16799999999995,0.00032573289902271263,50.05111372385869,-6.262126240599457,-7.20859303492252,1,27.829999999999984,0.027280345903581527,-0.13348800658608684,0,0.8260511129431161,0.1443291328843228,0,1,0,0,0,0,0,0,0,0,0,0
2024-08-15,468.76,474.82,468.38,474.42,472.29,38280600.0,457.084,471.16799999999995,0.02526864213611213,56.54952898068872,-4.307237814611483,-6.628321990860313,1,26.230000000000018,0.05040799470799562,0.10211696421630867,0,0.8519863639401974,0.1628405090641497,0,1,0,0,0,0,0,0,0,0,0,0
2024-08-16,472.62,476.41,471.65,475.03,472.89,38383600.0,457.0735000000001,471.16799999999995,0.001270405894683302,56.861083344564506,-2.678681494368959,-5.838393891562042,1,24.5,0.026864780929818144,0.002690657931171403,0,0.8533232325482942,0.16337806911560934,0,1,0,0,0,0,0,0,0,0,0,0
2024-08-19,475.17,481.31,473.37,481.27,479.11,23737700.0,457.0215,471.16799999999995,0.013153164583729948,60.05842028385811,-0.8760384344140562,-4.8459228001324455,0,29.75999999999999,0.03969221261452538,-0.3815666065715566,0,0.8671821037855663,0.08694068311878772,0,1,0,0,0,0,0,0,0,0,0,0
2024-08-20,480.35,482.94,478.55,480.26,478.1,29209300.0,457.0035,471.16799999999995,-0.002108075389785191,59.289969478800714,0.4657022927234493,-3.7835977815612667,1,17.600000000000023,0.012315495088628059,0.23050253394389508,0,0.8649317082952697,0.11549712561943357,0,1,0,0,0,0,0,0,0,0,0,0
2024-08-21,481.05,484.37,479.32,482.5,480.33,25658800.0,457.9549999999999,471.16799999999995,0.00466429617234887,60.49194597855824,1.6895082493955442,-2.688976575369905,0,19.680000000000007,0.015709385366293627,-0.12155375171606309,0,0.8699004032886968,0.09696696093295373,0,1,0,0,0,0,0,0,0,0,0,0
2024-08-22,484.84,485.54,473.81,474.85,472.72,37739600.0,458.7805,471.16799999999995,-0.015843274415505926,54.57063299478005,2.022011397792312,-1.7467789807374619,1,0.4300000000000068,-0.013287053632942247,0.47082482423184246,0,0.8529444531093335,0.16001701403658017,0,1,0,0,0,0,0,0,0,0,0,0
2024-08-23,479.24,482.74,475.28,480.0,477.84,36061500.0,459.62800000000004,471.16799999999995,0.010830935860551616,57.57926219951437,2.667909745991494,-0.8638412353916708,0,4.949999999999989,-0.0003480423826054402,-0.04446523015612247,0,0.8643523985650943,0.15125896042148884,0,1,0,0,0,0,0,0,0,0,0,0
2024-08-26,479.45,480.38,473.24,475.34,473.2,27452600.0,460.19749999999993,471.16799999999995,-0.009710363301523528,54.08359381501715,2.7734094803813605,-0.13639109223706447,1,-5.910000000000025,-0.014722701856477838,-0.23872828362658238,0,0.8540139479958111,0.10632885627575264,0,1,0,0,0,0,0,0,0,0,0,0
2024-08-27,473.69,477.84,471.71,476.76,474.62,27510000.0,461.15500000000003,471.16799999999995,0.003000845308537725,54.98430008360487,2.9377365146710304,0.47843442914455453,0,-3.480000000000018,0.004121417867565813,0.0020908766382783384,0,0.8571778703683073,0.1066284285762748,0,1,0,0,0,0,0,0,0,0,0,0
2024-08-28,476.29,477.02,467.89,471.35,469.23,37372400.0,461.169,471.16799999999995,-0.01135645358391979,50.90260630089931,2.6030327778361766,0.903354098882879,0,-11.099999999999966,-0.018065971576905593,0.35850236277717196,0,0.8451683340389029,0.15810058635797847,0,1,0,0,0,0,0,0,0,0,0,0
2024-08-29,473.28,477.93,469.37,470.66,468.54,41081500.0,461.7165000000001,471.16799999999995,-0.0014704942139249777,50.38694474690171,2.256093579144135,1.1739019949351304,1,-4.180000000000007,-0.009826102489307043,0.09924703792103262,0,0.8436309351395914,0.17745848914311363,0,1,0,0,0,0,0,0,0,0,0,0
2024-08-30,475.04,476.9,470.51,476.27,474.13,33466500.0,463.0865,471.16799999999995,0.011930678277201512,54.41584097148558,2.4044905764179134,1.420019711231687,0,-3.7099999999999795,-0.0008962695206432558,-0.18536324136168347,0,0.8560860943383615,0.1377155785424816,0,1,0,0,0,0,0,0,0,0,0,0
2024-09-03,473.2,473.33,459.41,461.81,459.73,44985200.0,464.4025,471.16799999999995,-0.0303714171218864,44.41089022456226,1.344636479394012,1.404943064864152,0,-13.46999999999997,-0.019911233058609867,0.3441859770217979,0,0.8240012477440342,0.19783201509343368,0,1,0,0,0,0,0,0,0,0,0,0
2024-09-04,458.67,464.45,457.73,460.61,458.54,32505100.0,465.45200000000006,471.16799999999995,-0.0025884758445173794,43.695901057622,0.40401419278674666,1.2047572904486712,1,-16.079999999999984,-0.02102921468920227,-0.27742679814694615,0,0.8213497916713086,0.13269800346021665,0,0,0,0,0,0,0,0,0,0,0,0
2024-09-05,458.97,465.36,457.94,461.04,458.97,34452400.0,466.7595,470.80300000000005,0.0009377589741352832,44.04644610567943,-0.3032427462108558,0.9031572831167659,0,-10.259999999999991,-0.0320221339922685,0.05990752220420803,0,0.8223078808404447,0.14286101985057917,0,0,0,0,0,0,0,0,0,0,0,0
2024-09-06,460.33,461.22,448.19,448.69,446.67,50624400.0,466.78999999999996,470.1721999999999,-0.02679913719850968,36.958238531439484,-1.8351022540156237,0.35550537569028806,1,-21.870000000000005,-0.028449854068891778,0.46940126087006995,0,0.7949020743744568,0.22726316695936724,0,0,0,0,0,0,0,0,0,0,0,0
2024-09-09,453.06,455.46,449.82,454.46,452.42,32981200.0,466.9915,469.6318,0.012873038260908576,41.68288182535837,-2.5556747771787514,-0.2267306548835198,1,-21.70999999999998,-0.012988339963465823,-0.34851178483103007,0,0.8077137318687195,0.13518278346507034,0,0,0,0,0,0,0,0,0,0,0,0
2024-09-10,456.24,459.17,452.23,458.66,456.6,29680300.0,467.354,469.2246,0.009239202510941125,44.91485890696936,-2.7576541069826135,-0.7329153453033386,1,-3.1299999999999955,-0.004686896426659981,-0.10008429044425304,0,0.8170272498384616,0.1179552885731956,0,0,0,0,0,0,0,0,0,0,0,0
2024-09-11,459.91,469.37,451.28,468.62,466.51,57843000.0,467.6545,468.95980000000003,0.021703898379325404,51.74316675752327,-2.0939324524758263,-1.0051187667378363,1,7.96999999999997,0.043816139151175104,0.9488684413567248,0,0.83910786301553,0.2649372542163235,0,0,0,0,0,0,0,0,0,0,0,0
2024-09-12,468.65,474.04,466.85,473.22,471.09,40175500.0,468.17650000000003,468.68580000000003,0.009817581616685667,54.54739836538665,-1.1847040057543268,-1.0410358145411345,1,12.119999999999948,0.040760682506952195,-0.3054388603633975,0,0.8493126267240034,0.1727300483021192,0,0,0,0,0,0,0,0,0,0,0,0
2024-09-13,472.48,476.53,472.25,475.34,473.2,29111800.0,468.2219999999999,468.37320000000005,0.00447897429365951,55.821111157699036,-0.2905255474310593,-0.8909337611191195,0,26.529999999999973,0.03600045428967058,-0.275384251596122,0,0.8540139479958111,0.11498827023091596,0,0,0,0,0,0,0,0,0,0,0,0
2024-09-16,473.19,473.86,469.89,473.24,471.11,22585600.0,468.133,467.9168,-0.004416737109044777,54.200913918807466,0.24662880649663066,-0.6634212475959695,1,18.689999999999998,0.0098798188013004,-0.22417713779292248,0,0.8493571890109399,0.08092783908687858,0,0,0,0,0,0,0,0,0,0,0,0
2024-09-17,476.29,477.6,470.97,473.49,471.36,30084400.0,467.7455,467.44199999999995,0.0005306616289189048,54.37151581655073,0.6846086700410865,-0.3938152640685584,0,14.759999999999991,0.0005928988135336377,0.33201686030036837,0,0.8499142175976471,0.12006429844499011,0,0,0,0,0,0,0,0,0,0,0,0
2024-09-18,474.7,478.83,470.83,471.44,469.32,39909200.0,467.3065,466.9178,-0.004327902240325865,52.64812107005639,0.8572184358376376,-0.1436085240873192,1,2.8100000000000023,-0.008213977720451737,0.32657457020914493,0,0.8453688643301174,0.17134022071276286,0,0,0,0,0,0,0,0,0,0,0,0
2024-09-19,482.61,486.23,480.49,483.36,481.19,52782500.0,467.3495000000001,466.5276,0.02529191170203693,60.49460315656787,1.9295797231615666,0.27102912536245793,0,10.100000000000023,0.02149467109062997,0.3225647219187555,0,0.871816581626969,0.23852635479485298,0,0,0,0,0,0,0,0,0,0,0,0
2024-09-20,482.49,483.69,478.3,482.44,480.27,34577700.0,467.727,466.3386,-0.0019119266817680947,59.669305623854925,2.6743689970117543,0.7516970996923172,1,7.069999999999993,0.01905208277994297,-0.34490219296168234,0,0.869766716427887,0.14351496426269464,0,0,0,0,0,0,0,0,0,0,0,0
2024-09-23,482.95,484.14,481.6,483.04,481.54,24843000.0,467.912,466.1174,0.002644345888771049,60.4710026819491,3.3287267586093208,1.2671030314757181,0,10.430000000000007,0.026024330909039883,-0.28153116025646585,0,0.872596421648359,0.09270927656420841,0,0,0,0,0,0,0,0,0,0,0,0
2024-09-23,0.68 Dividend,,,,,,487.4115,495.45980000000003,0.0,60.4710026819491,3.3287267586093208,1.6794277769024388,0,0.0,0.0007324192070029545,0.0,0,0.8777879280764689,0.09850031183702015,1,1,0,0,0,0,1,0,0,0,1,1
2024-09-24,484.46,486.33,480.17,485.37,483.87,25952600.0,487.4115,495.45980000000003,0.0048386426880424604,60.4710026819491,4.170986148326449,2.177739451187241,1,14.550000000000011,0.00748298857681351,0.04466449301614128,0,0.8777879280764689,0.09850031183702015,1,1,0,0,0,0,0,0,0,0,0,0
2024-09-25,484.74,487.79,484.56,485.82,484.32,26549900.0,487.4115,495.45980000000003,0.000930001860003804,60.81570914396924,4.644648494774401,2.671121259904673,1,3.1299999999999955,0.0057686445480462645,0.02301503510245606,0,0.8787905795325415,0.10161763823252343,1,1,0,0,0,0,0,0,0,0,0,0
2024-09-26,493.37,493.7,485.8,489.47,487.95,32020200.0,487.4115,495.45980000000003,0.007495044598612388,63.57508563969909,5.252393655156425,3.1873757389550237,0,7.680000000000007,0.013263689146658653,0.2060384408227527,0,0.8868786346115283,0.1301672959946557,1,1,0,0,0,0,0,0,0,0,0,0
2024-09-27,490.5,490.64,485.56,486.75,485.24,22851100.0,487.4115,495.45980000000003,-0.00555384773030021,60.16852827099501,5.452508596707503,3.64040231050552,1,3.6999999999999886,0.0028711987283159823,-0.28635361428098516,0,0.8808404447316236,0.08231349145253423,1,1,0,0,0,0,0,0,0,0,0,0
2024-09-30,485.78,488.41,482.92,488.07,486.56,30281100.0,487.4115,495.45980000000003,0.0027203033550406985,61.25747344946391,5.652456102518613,4.0428130689081385,0,0.0,0.004661500223352877,0.32514846112440976,0,0.8837815556694368,0.12109088157238923,1,1,0,0,0,0,1,0,0,0,0,0
2024-10-01,487.7,488.0,477.4,481.27,479.78,42735400.0,487.4115,495.45980000000003,-0.013934560999671275,53.21074334445283,5.203839976273571,4.275018450381225,1,-4.090000000000032,-0.016768105374930786,0.41128955024751424,0,0.868674940397941,0.18609024224126008,1,1,0,0,0,0,0,0,0,0,0,0
2024-10-02,480.36,483.88,477.72,481.95,480.46,23744000.0,487.4115,495.45980000000003,0.001417316269957114,53.86530700605543,4.847302099856222,4.389475180276224,0,-3.8600000000000136,-0.009796941374673462,-0.444395044857425,0,0.8701900581537843,0.0869735630054304,1,1,0,0,0,0,0,0,0,0,0,0
2024-10-03,479.74,484.55,478.99,481.59,480.1,25337200.0,487.4115,495.45980000000003,-0.0007492819381424987,53.43907802663249,4.484005449103563,4.408381234041692,1,-7.849999999999966,-0.01326652666785666,0.06709905660377369,0,0.8693879369889264,0.09528852100528948,1,1,0,0,0,0,0,0,0,0,0,0
2024-10-04,487.45,487.88,482.39,487.32,485.81,30686600.0,487.4115,495.45980000000003,0.011893355550926854,58.98298773153686,4.603770119321837,4.447459011097721,0,0.5699999999999932,0.01256138988274147,0.21112830146977557,0,0.8821104699093156,0.12320719808565994,1,1,0,0,0,0,0,0,0,0,0,0
2024-10-07,485.39,486.57,480.87,482.1,480.61,24975100.0,487.4115,495.45980000000003,-0.010703773080010692,52.81550512604845,4.23032340659455,4.404031890197087,1,-5.949999999999989,0.0004403005327736631,-0.1861235848872146,0,0.8705242753058087,0.09339871037777947,1,1,0,0,0,0,0,0,0,0,0,0
2024-10-08,484.66,489.99,483.85,489.3,487.78,28272000.0,487.4115,495.45980000000003,0.014918541020785936,59.15709668898601,4.461493948969462,4.415524301951563,1,8.0,0.016108123491702098,0.13200747944953184,0,0.8864998551725674,0.11060532915115093,1,1,0,0,0,0,0,0,0,0,0,0
2024-10-09,489,493.73,487.95,493.15,491.62,24995000.0,487.4115,495.45980000000003,0.007872401492476255,62.09534350737028,4.898092021212335,4.512037845803718,0,11.160000000000025,0.012087169433251499,-0.11590973401245053,0,0.8950558142643881,0.09350256906733331,1,1,0,0,0,0,0,0,0,0,0,0
2024-10-10,490.85,494.47,489.53,492.59,491.06,25750400.0,487.4115,495.45980000000003,-0.0011390911679752813,61.40160961823733,5.1396649607620475,4.637563268795384,1,10.95999999999998,0.02165185134528691,0.030222044408881876,0,0.8938080702301641,0.09744502404667901,1,1,0,0,0,0,0,0,0,0,0,0
2024-10-11,490.74,494.39,490.17,493.36,491.83,20644500.0,487.4115,495.45980000000003,0.0015680364924857138,62.02976138331824,5.3317843298023035,4.7764074809967685,1,6.019999999999982,0.008301346816986688,-0.198284298496334,0,0.8955237182772218,0.07079718068019614,1,1,0,0,0,0,0,0,0,0,0,0
2024-10-14,495.77,498.83,495.26,497.5,495.96,26060100.0,487.4115,495.45980000000003,0.008397210418233936,65.29236574427526,5.751002817457163,4.971326548288848,0,15.349999999999966,0.008826155742744368,0.2623265276465887,0,0.9047258305296226,0.09906135752179598,1,1,0,0,0,0,0,0,0,0,0,0
2024-10-15,497.83,498.5,488.68,490.85,489.33,34784500.0,487.4115,495.45980000000003,-0.013368013549479807,56.84770541254859,5.485022967984946,5.074065832228068,1,1.5500000000000114,-0.0034027666387601574,0.3347799893323511,0,0.8899534324101512,0.14459425958931454,1,1,0,0,0,0,0,0,0,0,0,0
2024-10-16,491.18,491.69,487.57,490.91,489.39,22996800.0,487.4115,495.45980000000003,0.00012261663907797704,56.902030320310885,5.2189131375666875,5.103035293295792,1,-2.230000000000018,-0.004848186492167894,-0.33887794851154973,0,0.890087119270961,0.08307390406901645,1,1,0,0,0,0,0,0,0,0,0,0
2024-10-17,496.44,496.49,491.19,491.25,489.73,27210700.0,487.4115,495.45980000000003,0.0006947424344592168,57.23060985582376,4.978070243221168,5.078042283280867,1,-1.329999999999984,-0.012550654475942613,0.1832385375356571,0,0.8908446781488826,0.10506637300926638,1,1,0,0,0,0,0,0,0,0,0,0
2024-10-18,494.06,495.57,493.3,494.47,492.94,25335000.0,487.4115,495.45980000000003,0.006554632144242678,60.307440571890425,4.9887138987257345,5.060176606369841,1,1.1100000000000136,0.007371991217779872,-0.06893244201729465,0,0.8979969252022013,0.09527703914011268,1,1,0,0,0,0,0,0,0,0,0,0
2024-10-21,493.25,496.23,491.31,495.42,493.89,30336500.0,487.4115,495.45980000000003,0.0019272122367832711,61.197128437652054,5.015984980403289,5.05133828117653,1,-2.069999999999993,0.009176586815485166,0.19741464377343587,0,0.9001136338316882,0.12138001581365976,0,1,0,0,0,0,0,0,0,0,0,0
2024-10-22,492.73,497.45,491.97,495.96,494.42,26685800.0,487.939,495.45980000000003,0.0010731134463140002,61.71273666276584,5.022468192767178,5.0455642634946605,0,5.090000000000032,0.00955495782733995,-0.12034018426647763,0,0.9012945344355072,0.10232690435867259,0,1,0,0,0,0,0,0,0,0,0,0
2024-10-23,493.59,494.25,485.05,488.36,486.85,39346600.0,488.0655,495.45980000000003,-0.015310869301403685,51.2398077565817,4.366436884017901,4.909738787599309,1,-2.5399999999999636,-0.012310543618306413,0.47443958959446597,0,0.8844277088300172,0.1684039946452756,0,1,0,0,0,0,0,0,0,0,0,0
2024-10-24,492.11,493.0,489.44,492.32,490.8,22024900.0,488.20799999999997,495.45980000000003,0.008113381945157538,55.48489527815456,4.117791991020454,4.751349428283538,1,1.0699999999999932,-0.006124373909932146,-0.44023371777993525,0,0.8932287604999889,0.07800152917568036,0,1,0,0,0,0,0,0,0,0,0,0
2024-10-25,495.14,500.28,494.43,495.32,493.79,38762100.0,488.63550000000004,495.45980000000003,0.006092094539527304,58.43481205632451,4.114576852734501,4.62399491317373,1,0.8500000000000227,-0.001105392816718842,0.7599217249567536,0,0.8998908223970055,0.16535347182898283,0,1,0,0,0,0,0,0,0,0,0,0
2024-10-28,498.46,498.52,495.1,495.4,493.87,20477800.0,489.0009999999999,495.45980000000003,0.00016201219141742662,58.51402700168939,4.071549871425134,4.513505904824011,1,-0.01999999999998181,0.014367488676102269,-0.4717056093452109,0,0.9000690715447517,0.06992716844157165,0,1,0,0,0,0,0,0,0,0,0,0
2024-10-29,495.72,501.35,493.85,500.16,498.61,28014100.0,489.9425,495.45980000000003,0.009597667402352794,63.01194848757917,4.369559502918605,4.48471662444293,0,4.189999999999998,0.015851774133297525,0.36802293215091475,0,0.9106303335487176,0.10925934141065152,0,1,0,0,0,0,0,0,0,0,0,0
2024-10-30,499.39,500.35,495.89,496.38,494.84,29756000.0,490.6615,495.45980000000003,-0.007561019634584221,57.657507392611606,4.252506541804735,4.438274607915291,0,7.989999999999952,0.002198659959186,0.062179402515162074,0,0.9022303424611751,0.1183503691158703,0,1,0,0,0,0,0,0,0,0,0,0
2024-10-31,492.38,492.43,483.75,483.85,482.35,41245200.0,490.77400000000006,495.45980000000003,-0.02524048177188576,44.24378579101549,3.115983492022565,4.173816384736746,1,-8.449999999999989,-0.023203834004117185,0.38611372496303265,0,0.87440119426929,0.17831284429286062,0,1,0,0,0,0,0,0,0,0,0,0
2024-11-01,485.5,490.75,485.2,487.43,485.92,33655800.0,490.7795,495.45980000000003,0.00740126464185753,47.96975896679599,2.4748217465577227,3.8340174571009413,0,-7.8700000000000045,-0.02540023676461245,-0.1840068662535277,0,0.8823555624874668,0.13870354085064965,0,1,0,0,0,0,0,0,0,0,0,0
2024-11-04,486.82,489.38,484.25,486.01,484.51,23291600.0,490.9745000000001,495.45980000000003,-0.002901712216002661,46.64396070062422,1.8318053163894774,3.433575028958649,1,-9.360000000000014,-0.02074092934603089,-0.3079469214815871,0,0.8792139212584389,0.08461247400270867,0,1,0,0,0,0,0,0,0,0,0,0
2024-11-05,487.61,492.88,487.52,492.21,490.69,24353600.0,491.12,495.45980000000003,0.012755154692369652,52.80131137824064,1.8001336937061296,3.1068867619081453,1,-7.920000000000016,0.01725470711822452,0.04559583712583071,0,0.8929836679218377,0.0901550834653313,0,1,0,0,0,0,0,0,0,0,0,0
2024-11-06,500.56,506.41,499.6,505.58,504.01,43082200.0,491.73949999999996,495.45980000000003,0.027145448246346904,62.77300124061228,2.8173695027866756,3.0489833100838513,1,9.170000000000016,0.036998890722713895,0.7690279876486432,0,0.9226621510215904,0.18790020171549504,0,1,0,0,0,0,0,0,0,0,0,0
2024-11-07,508.4,514.33,508.34,513.54,511.95,32853100.0,492.784,495.45980000000003,0.01575365568143483,67.21893376078629,4.215632663715439,3.282313180810169,1,29.599999999999966,0.05565425862015139,-0.2374321645598414,0,0.9403533789354068,0.13451422577000258,0,1,0,0,0,0,0,0,0,0,0,0
2024-11-08,513.04,514.92,512.41,514.14,512.55,22924500.0,493.82,495.45980000000003,0.001171989452094957,67.53446534119499,5.310959839215627,3.688042512491261,0,26.62999999999994,0.04407109337987669,-0.3022119678203883,0,0.9416902475435038,0.08269656822706954,0,1,0,0,0,0,0,0,0,0,0,0
2024-11-11,515.37,515.58,510.92,513.84,512.25,24167500.0,494.6345,495.45980000000003,-0.0005853087503657761,67.18624445945603,6.084666773419826,4.1673673646769736,0,27.74000000000001,0.01634033638316401,0.05422146611703638,0,0.9410218132394554,0.08918382205196587,0,1,0,0,0,0,0,0,0,0,0,0
2024-11-12,513.77,514.66,509.83,512.91,511.32,25835300.0,495.73400000000004,495.45980000000003,-0.0018155197657393485,66.04928792521201,6.547318453797288,4.643357582501037,0,20.629999999999995,-0.0012288390640101676,0.06901003413675388,0,0.9389496668969051,0.09788811966191127,0,1,0,0,0,0,0,0,0,0,0,0
2024-11-13,512.4,514.98,509.95,512.25,510.66,24567400.0,496.79749999999996,495.45980000000003,-0.0012907768129546415,65.20596004153307,6.782531953195075,5.071192456639845,0,6.650000000000034,-0.003691605329059766,-0.04907626387152464,0,0.9374791114279986,0.09127091199933196,0,1,0,0,0,0,0,0,0,0,0,0
2024-11-14,511.91,512.79,507.77,508.69,507.11,28679500.0,497.6665,495.45980000000003,-0.006951787882348404,60.71544068662804,6.606331339296503,5.378220233171176,0,-4.839999999999975,-0.010058084461042394,0.167380349568941,0,0.929569305496758,0.11273208372367324,0,1,0,0,0,0,0,0,0,0,0,0
2024-11-15,502.94,503.33,494.49,496.57,495.03,51461100.0,497.771,495.45980000000003,-0.023821261659206172,48.480550261288926,5.429349874398213,5.388446161416584,1,-17.519999999999982,-0.03206382635450922,0.7943513659582628,0,0.9026536841870723,0.2316299290472922,0,1,0,0,0,0,0,0,0,0,0,0
2024-11-18,498.13,502.14,496.73,500.02,498.47,27192700.0,498.0,495.45980000000003,0.006949073793507621,51.47906563428849,4.719756420424858,5.254708213218239,1,-13.779999999999973,-0.023823975748046955,-0.47158727660310407,0,0.9103183975401616,0.1049724304760016,0,1,0,0,0,0,0,0,0,0,0,0
2024-11-19,497.42,503.95,497.08,503.46,501.9,24523000.0,498.37399999999997,495.45980000000003,0.0068810560314560565,54.3330861331808,4.383638968788489,5.0804943643322895,0,-9.420000000000016,-0.009991131834242495,-0.09817708429100458,0,0.9179608297497825,0.09103918708394548,0,1,0,0,0,0,0,0,0,0,0,0
2024-11-20,503.16,503.48,496.56,503.17,501.61,29565500.0,499.11199999999997,495.45980000000003,-0.0005778043434946367,54.04364441890033,4.047209182249617,4.873837327915755,1,-9.050000000000011,0.01325232548146904,0.2056232924193615,0,0.9173146765892024,0.11735614397215124,0,1,0,0,0,0,0,0,0,0,0,0
2024-11-21,506.24,506.96,497.56,504.98,503.42,34526700.0,499.74300000000005,495.45980000000003,0.0036083810131377625,55.632297072925546,3.881890014081023,4.675447865148809,1,-3.6899999999999977,0.009911632701099182,0.16780369011178564,0,0.9213475635569617,0.14324879375177774,0,1,0,0,0,0,0,0,0,0,0,0
2024-11-22,504.42,506.53,502.78,505.79,504.22,23826600.0,500.26449999999994,495.45980000000003,0.0015891303484167896,56.350518823356,3.7719460502556785,4.494747502170183,1,9.190000000000055,0.004619707018059915,-0.309907984255663,0,0.9231300550344244,0.08740465485252327,0,1,0,0,0,0,0,0,0,0,0,0
2024-11-25,509.9,511.45,504.26,506.59,505.02,26375200.0,500.822,495.45980000000003,0.001586609019872176,57.09842907658451,3.706640140702973,4.337126029876742,1,6.5499999999999545,0.006784120381426728,0.10696448507130696,0,0.9249125465118868,0.10070587375689238,0,1,0,0,0,0,0,0,0,0,0,0
2024-11-26,508.08,510.14,507.23,509.31,507.73,26557100.0,501.27799999999996,495.45980000000003,0.0053661241138964755,59.622348269147615,3.8294159649485664,4.2355840168911065,0,5.830000000000041,0.008541863482185441,0.006896630167733342,0,0.9309507363917915,0.10165521524582935,0,1,0,0,0,0,0,0,0,0,0,0
2024-11-27,508.17,508.24,501.93,505.3,503.74,24957400.0,501.72299999999996,495.45980000000003,-0.007858507474445053,54.53527442194746,3.5636771837740184,4.101202650267689,1,2.1299999999999955,-0.0009057743406764018,-0.06023624567441477,0,0.9220605601479468,0.09330633355340243,0,1,0,0,0,0,0,0,0,0,0,0
2024-11-29,505.93,510.34,505.31,509.74,508.16,15334000.0,503.0135,495.45980000000003,0.008774367729384336,58.73547361375055,3.667458170787995,4.0144537543717504,1,4.740000000000009,0.006281984368835758,-0.3855930505581511,0,0.9319088255609278,0.04308152385227014,0,1,0,0,0,0,0,0,0,0,0,0
2024-12-02,511.01,516.26,510.62,515.29,513.69,25147200.0,504.40199999999993,495.45980000000003,0.010882399244332541,63.303302627262376,4.148113266929556,4.041185656883312,1,9.470000000000027,0.011798259499271824,0.6399634798487022,0,0.9442302978988881,0.09429690537638336,0,1,0,0,0,0,0,0,0,0,0,0
2024-12-03,513.95,517.15,513.37,516.87,515.27,18597900.0,505.93999999999994,495.45980000000003,0.003075785006521281,64.5120364946116,4.603462834938739,4.153641092494397,1,10.25,0.022732551980238158,-0.26043853788891014,0,0.9477507185668768,0.0601159146479895,0,0,0,0,0,0,0,0,0,0,0,0
2024-12-04,520.32,523.52,519.6,523.26,521.64,26086200.0,507.4875,496.2152,0.012362450753973686,68.95222333021107,5.415905227710141,4.406093919537547,0,13.909999999999968,0.02632063500482751,0.4026422338005904,0,0.961943806956173,0.09919757419502992,0,0,0,0,0,0,0,0,0,0,0,0
2024-12-05,523.31,524.04,521.42,521.81,520.19,18169600.0,508.29650000000004,496.9325999999999,-0.002779694808680233,66.90029836727098,5.875044934551397,4.699884122540317,1,16.450000000000045,0.012658540951814734,-0.3034784675422254,0,0.958713041153272,0.05788060425925008,0,0,0,0,0,0,0,0,0,0,0,0
2024-12-06,522.48,526.72,522.35,526.48,524.85,23762600.0,508.9415,497.67060000000004,0.008958265249235708,69.99106607259787,6.539555588805399,5.067818415793334,0,16.689999999999998,0.01854102119452916,0.3078218562874251,0,0.9690960540094917,0.08707063695647069,0,0,0,0,0,0,0,0,0,0,0,0
2024-12-09,525.55,526.35,521.22,522.38,520.76,20674400.0,509.35200000000003,498.381,-0.007792702676955421,64.31464938804407,6.659390937992384,5.386132920233144,0,7.069999999999936,-0.0016141322363999455,-0.12996052620504495,0,0.9599830663309641,0.0709532296660082,0,0,0,0,0,0,0,0,0,0,0,0
2024-12-10,523.62,525.38,519.16,520.6,518.99,24350000.0,509.689,499.0296,-0.003398878562101526,61.972236386915434,6.536191955868333,5.616144727360182,1,3.7200000000000273,-0.0022333159898212385,0.17778508687071937,0,0.956039303937078,0.09013629495867834,0,0,0,0,0,0,0,0,0,0,0,0
2024-12-11,525,530.61,524.59,529.92,528.28,32168600.0,510.5370000000001,499.9996,0.017900152218732535,68.4643049993886,7.106264639892288,5.914168709866604,0,6.639999999999986,0.006708570979675588,0.3210924024640658,0,0.9767384862191126,0.13094179999112765,0,0,0,0,0,0,0,0,0,0,0,0
2024-12-12,527.68,528.96,526.02,526.5,524.87,23577500.0,511.24750000000006,500.88779999999997,-0.006454910274854231,64.13609636587887,7.19989691780404,6.171314351454091,1,4.67999999999995,0.008046363381776778,-0.2670647774537903,0,0.9691406162964282,0.08610459457273109,0,0,0,0,0,0,0,0,0,0,0,0
2024-12-13,530.46,533.17,527.3,530.53,528.89,28780400.0,512.3365,501.8636,0.007659039381180177,66.80068098188188,7.511889193457932,6.43942931985486,1,4.039999999999964,0.01910428132505848,0.2206722510868413,0,0.9780976359706779,0.11325868381291868,0,0,0,0,0,0,0,0,0,0,0,0
2024-12-16,533.08,539.15,533.0,538.17,536.5,31979900.0,514.41,502.8774000000001,0.014388625233980656,71.1677825181967,8.277787538275561,6.807100963539001,0,15.740000000000009,0.015592754340306603,0.11116940695751265,0,0.9950535861500411,0.1299569691007351,0,0,0,0,0,0,0,0,0,0,0,0
2024-12-17,536.36,537.48,534.13,535.8,534.14,28579100.0,516.1935000000001,503.94800000000004,-0.004398881640260921,68.1728463505357,8.595254474662283,7.164731665763657,0,15.149999999999977,0.017648782974899913,-0.10634179594057513,0,0.9897952362915263,0.11220809314924077,0,0,0,0,0,0,0,0,0,0,0,0
2024-12-18,535.15,536.88,515.01,516.47,514.87,54703200.0,516.842,504.48980000000006,-0.03607668401542663,49.7594437678266,7.208822536222669,7.173549839855459,0,-13.409999999999968,-0.026086940421706895,0.9140980646696362,0,0.9468594728281454,0.2485505449971687,0,0,0,0,0,0,0,0,0,0,0,0
2024-12-19,521.19,521.76,513.83,514.17,512.58,46441800.0,517.3905,504.909,-0.004447724668362851,48.096881236571626,5.857756800565198,6.910391231997408,1,-12.289999999999964,-0.0449232903240504,-0.15102224367130257,0,0.9417570909739088,0.20543405364640552,0,0,0,0,0,0,0,0,0,0,0,0
2024-12-20,510.44,524.82,509.29,518.66,517.05,60530000.0,518.072,505.4288,0.008720589956689562,51.5031046725808,5.089055648120507,6.546124115222028,1,-11.840000000000032,-0.03180381872709992,0.3033517219401487,0,0.9517167621042311,0.2789607868209064,0,0,0,0,0,0,0,0,0,0,0,0
2024-12-23,519.55,523.25,516.13,522.87,522.09,29672800.0,518.9655,506.034,0.009747606614447513,55.082448736862105,4.830853256340561,6.203069943445735,0,-14.409999999999968,0.014020471902774223,-0.5097835783908806,0,0.9629464584122458,0.11791614585100194,0,0,0,0,0,0,0,0,0,0,0,0
2024-12-23,0.84 Dividend,,,,,,518.2615,,0.0,55.082448736862105,4.830853256340561,5.928626606024701,0,0.0,0.018468196571137074,0.0,0,0.9787215079877898,0.05468968954602271,1,1,0,0,0,0,1,0,0,0,1,1
2024-12-24,524.83,530.05,524.19,529.96,529.17,17558200.0,518.2615,,0.01356088030799274,55.082448736862105,5.258470273908074,5.7945953396013765,0,14.299999999999955,0.023308486922440252,-0.4082728963899598,0,0.9787215079877898,0.05468968954602271,1,1,0,0,0,0,0,0,0,0,0,0
2024-12-26,528.32,531.24,526.31,529.6,528.81,19090500.0,518.2615,,-0.000680310675208351,54.722136864477946,5.3878470476551,5.713245681212122,0,16.229999999999905,0.012880569632784389,0.08726976569352218,0,0.9779193868229314,0.06268680864166926,1,1,0,0,0,0,0,0,0,0,0,0
2024-12-27,526.01,526.45,517.86,522.56,521.78,33839600.0,518.2615,,-0.01329399973525458,48.104692696607444,4.867012929677344,5.543999130905167,0,4.730000000000018,-0.0004134301024701914,0.7725884602289097,0,0.9622557429647287,0.13966279849587565,1,1,0,0,0,0,0,0,0,0,0,0
2024-12-30,515.51,519.36,511.83,515.61,514.84,34584000.0,518.2615,,-0.013300624784391757,42.62472882017441,3.849869242604427,5.20517315324502,0,-7.25,-0.027274935194854688,0.02199789595621704,0,0.9467926293977407,0.1435478441493373,1,1,0,0,0,0,0,0,0,0,0,0
2024-12-31,516.9,517.66,510.26,511.23,510.47,29117000.0,518.2615,,-0.00848807396472695,39.568103960080194,2.660484653101662,4.696235453216348,0,0.0,-0.03508269848437329,-0.1580788804071247,0,0.9370557697021011,0.11501540918497025,1,1,0,0,0,0,1,0,0,0,0,0
2025-01-02,514.3,516.64,505.71,510.23,509.47,36389800.0,518.2615,,-0.0019589789801555124,38.8810019696775,1.6185396367892508,4.080696289930929,1,-19.699999999999932,-0.02374767772927422,0.24977847992581648,0,0.9348276553552728,0.1529723678476461,1,1,0,0,0,0,0,0,0,0,0,0
2025-01-03,513.35,519.65,512.53,518.58,517.81,29059500.0,518.2615,,0.01636995308850353,47.12728624481256,1.44905519794861,3.554368071534465,1,-11.0,0.005922900143621068,-0.2014383151322623,0,0.9534101290078205,0.11471531498148549,1,1,0,0,0,0,0,0,0,0,0,0
2025-01-06,524.02,527.92,522.03,524.54,523.76,36109700.0,518.2615,,0.011490701222456101,52.09336229494593,1.7743986695355716,3.198374191134687,0,1.9800000000000182,0.02590167533080412,0.24261257075999243,0,0.9666674093714489,0.15151051764945345,1,1,0,0,0,0,0,0,0,0,0,0
2025-01-07,525.59,525.99,513.28,515.18,514.41,36690300.0,518.2615,,-0.017851687795937154,44.94874936106696,1.263207387507805,2.811340830409311,1,-0.43000000000006366,0.010008966515022477,0.016078782155487303,0,0.9458345402286044,0.1545406862502055,1,1,0,0,0,0,0,0,0,0,0,0
2025-01-08,515.08,516.92,510.57,515.27,514.5,30777800.0,518.2615,,0.00017495771855147169,45.02690531786309,0.8554853587110074,2.4201697360696506,0,4.029999999999973,-0.006186028854929582,-0.16114613399181799,0,0.946035070519819,0.12368317358753486,1,1,0,0,0,0,0,0,0,0,0,0
2025-01-10,511.48,511.58,503.92,507.19,506.43,40532500.0,518.2615,,-0.01568513119533521,39.59831234512977,-0.1174647818985477,1.912642832476011,0,-3.0400000000000205,-0.033361861272720894,0.31693948235416447,0,0.9280541877409147,0.17459324187853753,1,1,0,0,0,0,0,0,0,0,0,0
2025-01-13,501.2,506.02,499.7,505.56,504.81,31694200.0,518.2615,,-0.0031988626266216125,38.59243838870719,-1.0076397948331532,1.3285863070141781,0,-12.999999999999943,-0.018709036103405352,-0.21805464750508852,0,0.9244446424990529,0.12846589233663785,1,1,0,0,0,0,0,0,0,0,0,0
2025-01-14,508.74,510.16,501.59,505.08,504.33,33737200.0,518.2615,,-0.0009508527961015201,38.28214391241957,-1.7318778842281972,0.7164934687657031,1,-19.430000000000007,-0.019834846618058344,0.06445974342308691,0,0.9233751476125753,0.13912836986219151,1,1,0,0,0,0,0,0,0,0,0,0
2025-01-15,513.03,517.85,511.46,516.7,515.93,34957600.0,518.2615,,0.023000812959768302,48.96203065218401,-1.3542082632786787,0.3023531223568267,0,1.5199999999999818,0.01885109753704517,0.0361737192179552,0,0.9492212740357833,0.1454976736175443,1,1,0,0,0,0,0,0,0,0,0,0
2025-01-16,518.98,519.06,512.95,513.08,512.32,28229000.0,518.2615,,-0.006997073246370444,46.27813538841762,-1.3308578962866022,-0.02428908137185906,1,-2.17999999999995,0.015052886917296338,-0.19247888871089547,0,0.9411777812437334,0.11038091087724058,1,1,0,0,0,0,0,0,0,0,0,0
2025-01-17,522.85,524.07,513.11,521.74,520.96,51837900.0,518.2615,,0.01686445971267947,52.928633475583965,-0.6081662082295907,-0.1410645067434054,1,14.53000000000003,0.03286819942607733,0.8363349746714372,0,0.9604286892003298,0.23359645941030185,1,1,0,0,0,0,0,0,0,0,0,0
2025-01-21,524.48,525.97,520.06,524.8,524.02,23628000.0,518.2615,,0.00587377149877133,55.05097717804613,0.20907846142438302,-0.07103591310984772,1,19.20999999999998,0.015741157965080355,-0.5441944986197358,0,0.9672467191016241,0.08636815556883509,1,1,0,0,0,0,0,0,0,0,0,0
2025-01-22,529.57,533.82,529.26,531.51,530.72,33593000.0,518.2615,,0.012785771535437584,59.37052404894716,1.3814601432168274,0.21946329815548732,1,26.390000000000043,0.03552400274688838,0.4217453868291856,0,0.9821750852253737,0.13837578579014803,1,1,0,0,0,0,0,0,0,0,0,0
2025-01-23,529.04,532.76,528.45,532.64,531.85,23096600.0,518.2615,,0.0021291829966836318,60.06752360876952,2.3743921144990736,0.6504490614242047,0,15.920000000000073,0.020788726030892546,-0.31245795254963826,0,0.9846928544372897,0.08359476322567345,1,1,0,0,0,0,0,0,0,0,0,0
2025-01-24,533.02,533.79,528.15,529.63,528.84,19878300.0,518.2615,,-0.00565949045783587,57.250173461972665,2.8851577089283182,1.0973907909250273,0,16.519999999999982,0.009255464074285347,-0.139340855363993,0,0.9779862302533366,0.06679836018089157,0,1,0,0,0,0,0,0,0,0,0,0
2025-01-27,511,517.99,510.15,514.21,513.44,60771700.0,517.475,,-0.0291203388548521,45.49339458169635,2.0239608645758835,1.2827048056551986,1,-7.519999999999982,-0.03265064631600434,2.0571879889125326,0,0.9436732693121812,0.28022222628146753,0,1,0,0,0,0,0,0,0,0,0,0
2025-01-28,515.22,523.0,511.78,521.81,521.03,33194200.0,517.086,,0.014782642567777948,50.85056888610238,1.9316389966122642,1.4124916438466117,0,-2.990000000000009,-0.019997186744910023,-0.45378852327645924,0,0.9605846572046075,0.13629443677537034,0,1,0,0,0,0,0,0,0,0,0,0
2025-01-29,522.46,522.59,516.9,520.83,520.05,26649000.0,516.9995000000001,,-0.0018808897760206333,50.16499168118672,1.7591174305825916,1.4818168011938078,1,-10.670000000000073,-0.016218586063094786,-0.1971790252513993,0,0.9584011051447159,0.10213484406844237,0,1,0,0,0,0,0,0,0,0,0,0
2025-01-30,523.71,526.1,518.21,523.05,522.27,27431300.0,517.371,,0.00426882030573994,51.751901818740166,1.7809980562791452,1.5416530522108753,0,-9.580000000000041,0.017170573097497255,0.02935569815002448,0,0.9633475189946747,0.10621769094472264,0,1,0,0,0,0,0,0,0,0,0,0
2025-01-31,526.92,531.52,521.19,522.29,521.51,38845500.0,517.923,,-0.0014551860148964701,51.15139139231946,1.7172179418672613,1.5767660301421527,0,-7.330000000000041,0.0009327445148228364,0.416101314921276,0,0.9616541520910853,0.16578873889977636,0,1,0,0,0,0,0,0,0,0,0,0
2025-02-03,513.47,520.85,511.05,518.11,517.34,40580800.0,518.3165,,-0.007996011581752893,47.869244900238456,1.3150287588737228,1.5244185758884667,1,3.8999999999999773,-0.0051823772909094235,0.044671841011185265,0,0.9523629152648114,0.1748453210094647,0,1,0,0,0,0,0,0,0,0,0,0
2025-02-04,518.63,525.11,518.23,524.47,523.69,26046800.0,518.6105,,0.012274326361773724,52.83249093866113,1.4914898974528796,1.5178328402013495,1,2.660000000000082,0.002823128765124361,-0.35814966683751925,0,0.9665114413671709,0.09899194442777254,0,1,0,0,0,0,0,0,0,0,0,0
2025-02-05,521.82,527.01,520.62,526.85,526.07,21134100.0,518.726,,0.004544673375470154,54.57801489900814,1.8026034402432742,1.5747869602097346,1,6.0200000000000955,0.008822988155490985,-0.18861050109802358,0,0.9718143535126222,0.07335241758499841,0,1,0,0,0,0,0,0,0,0,0,0
2025-02-06,527.36,529.81,525.74,529.6,528.81,19434500.0,519.446,,0.005208432337901581,56.570635590350854,2.2443863761590137,1.7087068433995904,0,6.539999999999964,0.02202743207514546,-0.0804197954963779,0,0.9779193868229314,0.0644821548329519,0,1,0,0,0,0,0,0,0,0,0,0
2025-02-07,530.14,532.1,522.19,522.92,522.14,29605500.0,519.8280000000001,,-0.012613225922353921,50.73574735501074,2.0328557832021943,1.7735366313601113,1,0.6299999999999955,-0.0028601202089821864,0.5233476549435283,0,0.963057864129587,0.11756490515718412,0,1,0,0,0,0,0,0,0,0,0,0
2025-02-10,527.22,530.36,526.75,529.25,528.46,20852800.0,520.9295,,0.012104033401003633,55.427004440878534,2.348119782644062,1.8884532616169016,0,11.120000000000005,0.004699239816551293,-0.29564439040043233,0,0.9771395468015418,0.07188430455125479,0,1,0,0,0,0,0,0,0,0,0,0
2025-02-11,525.96,529.92,525.83,527.99,527.2,19325500.0,522.0490000000001,,-0.0023842864171366163,54.316482552788166,2.4678494712933343,2.004332503552188,1,3.509999999999991,-0.002893478938486904,-0.07324196271004368,0,0.9743321227245383,0.06391328060373734,0,1,0,0,0,0,0,0,0,0,0,0
2025-02-12,522.3,529.19,521.95,528.3,527.51,25009400.0,523.2080000000001,,0.0005880121396053539,54.557718307256174,2.558260486944164,2.1151181002305837,1,1.4399999999999409,0.010307759123472371,0.294113994463274,0,0.9750228381720549,0.09357772309394513,0,1,0,0,0,0,0,0,0,0,0,0
2025-02-13,529.98,536.22,529.19,535.9,535.1,28714800.0,524.1665,,0.01438835282743467,60.111565186309385,3.2054114480727094,2.333176769799009,1,6.290000000000077,0.012592078549903407,0.1481602917303093,0,0.9919342260644817,0.11291631546946476,0,1,0,0,0,0,0,0,0,0,0,0
2025-02-14,536.01,538.84,535.67,538.15,537.35,17862600.0,525.418,,0.004204821528686287,61.60946697728321,3.855396828466155,2.6376207815324384,1,15.210000000000036,0.01918118649572631,-0.3779305445275607,0,0.9969474833448453,0.056278362164122825,0,1,0,0,0,0,0,0,0,0,0,0
2025-02-18,539.73,540.0,536.04,539.37,538.57,20565000.0,526.2985,,0.00227040104215126,62.43322982041162,4.4180304247462345,2.993702710175198,1,10.110000000000014,0.020863575398272216,0.15128816633636766,0,0.9996657828479758,0.0703822678249433,0,1,0,0,0,0,0,0,0,0,0,0
2025-02-19,538.57,540.81,536.46,539.52,538.72,19666900.0,527.0335,,0.00027851532762679376,62.53966026593997,4.820458109299125,3.359053789999984,0,11.519999999999982,0.00675373789846434,-0.043671286165815726,0,1.0,0.06569505731799287,0,1,0,0,0,0,0,0,0,0,0,0
2025-02-20,538.73,539.1,532.46,537.23,536.43,26550800.0,527.3190000000001,,-0.004250816750816844,59.756268128513945,4.898138396520949,3.6668707113041767,0,8.919999999999959,-0.00170190038103879,0.3500246607243642,0,0.9948976181457629,0.10162233535918666,0,1,0,0,0,0,0,0,0,0,0,0
2025-02-21,538.38,538.4,525.71,526.08,525.3,47093800.0,526.9915,,-0.020748280297522514,48.466080844027765,4.015316531563371,3.736559875356016,0,-9.800000000000068,-0.024720581720712564,0.7737243322235112,0,0.9700987054655643,0.20883686096244125,0,1,0,0,0,0,0,0,0,0,0,0
2025-02-24,527.88,529.07,519.53,519.87,519.1,39268400.0,526.5045,,-0.011802779364172733,43.5319872763099,2.783301491706993,3.5459081986262113,0,-18.25,-0.03680187641251209,-0.16616624693696413,0,0.9562843965152292,0.16799586652853635,0,1,0,0,0,0,0,0,0,0,0,0
2025-02-25,519.24,519.32,509.44,513.32,512.56,48940000.0,526.4604999999999,,-0.01259872856867672,39.01944476773174,1.264619605874259,3.089650480075821,1,-26.010000000000105,-0.04514978823037197,0.24629473062309648,0,0.9417125286869721,0.2184722334576332,0,1,0,0,0,0,0,0,0,0,0,0
2025-02-26,515.53,519.66,511.37,514.56,513.79,34457600.0,526.0985000000001,,0.002399719057281091,40.27343003278302,0.15847716420046254,2.5034158169007497,0,-24.930000000000064,-0.022001788875568362,-0.29592153657539844,0,0.9444531093335709,0.14288815880463346,0,1,0,0,0,0,0,0,0,0,0,0
2025-02-27,518.13,519.07,500.05,500.27,499.53,52448000.0,525.0725,,-0.02775453006091977,32.045852465440746,-1.8475145170449423,1.6332297501116113,1,-36.89999999999998,-0.0379535395723154,0.5221025260029717,0,0.9126801987477997,0.23678058938501564,0,1,0,0,0,0,0,0,0,0,0,0
2025-02-28,500.13,508.78,496.93,508.17,507.41,47654000.0,524.3295,,0.015774828338638525,39.411863066846145,-2.769502136059941,0.7526833728773008,0,-17.88999999999993,-0.009579982665000153,-0.09140482001220251,0,0.9302377398008066,0.21176056135882657,0,1,0,0,0,0,0,0,0,0,0,0
2024-07-24,473.82,474.19,462.51,463.38,461.3,58818600.0,484.67650000000003,471.16799999999995,-0.03586506709024784,35.01987669302369,0.9385727656679137,4.879697104370523,0,-18.30000000000001,-0.024483088395284236,1.5263008697519598,0,0.8274993872685545,0.2700289395192752,0,1,0,0,0,0,0,0,0,0,0,0
2022-05-31,309.07,311.33,304.33,308.28,302.05,60968300.0,294.734,320.1696,-0.002674503070725809,50.2045542942013,-6.983353923437903,-9.812224224644845,0,14.5,0.05767291532915131,-0.08982975445468877,0,0.4726721775361511,0.281248287505904,0,1,0,0,0,0,0,0,0,0,0,0
2024-08-02,450.89,453.57,444.47,448.75,446.73,66323200.0,475.9635,471.16799999999995,-0.023733036124041096,34.64174875349491,-5.7744717935767085,-2.177519447028153,0,-14.159999999999968,-0.0183615649377179,0.17067315754078716,0,0.7950357612352665,0.3091956692492165,0,1,0,0,0,0,0,0,0,0,0,0
2024-04-09,442.96,443.24,437.44,442.23,439.54,39521600.0,438.76099999999997,436.89,0.00369930580928024,51.86811689693289,1.4668547286254352,2.252952842923765,0,1.1100000000000136,0.015759598263026753,0.404218881573571,0,0.7790156190815712,0.1693173248297944,1,1,0,0,0,0,0,0,0,0,0,0
2023-10-24,357.51,359.91,355.79,359.13,355.58,47082100.0,358.548,363.09680000000003,0.009740167542240608,44.69087496097486,-1.672506008702726,-0.9707564678232924,0,-8.980000000000018,-0.002167293027299899,-0.22390266577873308,0,0.5919431385218689,0.20877579831581913,0,1,0,0,0,0,0,0,0,0,0,0
2015-12-23,112.36,112.69,112.16,112.61,105.11,25656900.0,100.9735,97.21340000000001,0.00737972014567756,58.42078138341349,-0.18553667833614895,-0.004315187856058618,0,0.5900000000000034,0.02505940904126791,-0.03328523038548925,0,0.03386733807178985,0.09695704477666467,1,1,0,0,0,0,0,0,0,0,0,0
2018-12-03,173.11,173.31,169.51,172.33,165.05,50771700.0,159.94199999999998,164.8078,0.01750816842364844,56.657582931629754,-1.0485529338814388,-2.192963115528261,0,9.050000000000011,0.021493132192449638,0.38256614419379775,0,0.16742051202067693,0.22803193002325076,0,1,0,0,0,0,0,0,0,0,0,0
2017-10-18,149.19,149.21,148.64,148.86,141.48,17218200.0,139.1275,142.3742,-0.0012001411930816497,68.53003570818262,1.1247257035336702,0.9288021170850356,0,0.7800000000000011,0.003476710142543804,0.31054482349180246,0,0.11490385686593435,0.05291521947324333,0,1,0,0,0,0,0,0,0,0,0,0
2015-09-03,104.31,105.02,103.1,103.39,95.98,45131800.0,98.809,100.91279999999999,-0.004872991187143572,42.61228769195521,-1.8405008320402771,-1.6518264315023679,0,-2.089999999999989,-0.007919683254029697,0.026571982276246686,0,0.013524654085247667,0.19859712483657913,0,0,0,0,0,0,0,0,0,0,0,0
2024-07-18,485.53,485.71,476.27,479.49,477.33,49347400.0,485.47249999999997,471.16799999999995,-0.004733110925771555,44.9149556671643,5.80491151051001,8.127488259489319,0,-12.390000000000043,-0.03371436390838811,-0.12300599977252047,0,0.8632160602482117,0.22059846612719294,1,1,0,0,0,0,0,0,0,0,0,0
2022-06-27,296,296.58,291.29,292.45,287.09,54151500.0,282.56149999999997,299.12919999999997,-0.007330313612945671,46.43708875590259,-5.492832739671087,-6.991673705982292,0,0.0,0.04180965595546571,-0.07310222295253699,0,0.4393395869076,0.24567120635260284,1,1,0,0,0,0,1,0,0,0,0,0
2016-01-12,105.33,106.08,104.08,105.54,98.51,46734200.0,100.9735,97.21340000000001,0.011604025467241819,36.484776586108225,-1.750496565034453,-0.9758950605226746,0,-3.519999999999996,0.006418506369096244,-0.06576630064309008,0,0.01916178338272323,0.20696009790899578,1,1,0,0,0,0,0,0,0,0,0,0
2021-09-27,370.2,371.25,367.73,370.35,361.96,43338100.0,355.12850000000003,371.13019999999995,-0.007975443308575692,46.08615702614054,-0.09712736004536282,0.8837163141484555,0,0.0,0.002176533664822955,0.2019397173348716,0,0.6061585080546332,0.1892357513967428,1,1,0,0,0,0,1,0,0,0,0,0
2017-11-28,156.54,156.69,155.7,156.59,148.83,25227300.0,146.423,142.3742,0.002559784439205348,72.8493746679535,1.7086922550237773,1.6414277437023828,0,2.6200000000000045,0.005805159630979162,0.11362091341697056,0,0.13128049731512226,0.09471494964941168,0,0,0,0,0,0,0,0,0,0,0,0
2022-01-14,375.07,380.35,374.86,380.01,371.87,80121200.0,380.633,358.1982,0.006223448873014625,39.35655505443747,-2.912685286633689,-1.218035445294066,0,0.13999999999998636,-0.014839287058699857,0.02727389286355364,0,0.6282391212317016,0.3812078400263039,1,1,0,0,0,0,0,0,0,0,0,0
2018-04-05,161.33,161.58,159.48,160.65,153.25,43054900.0,153.49399999999997,156.3216,0.005643414922239076,45.2202984292552,-2.084651662111156,-1.3714557206594635,0,3.240000000000009,0.03269847065303999,-0.3453588104980029,0,0.1411287627281032,0.1877577222067101,1,1,0,0,0,0,0,0,0,0,0,0
2023-02-07,303.46,311.03,302.32,309.88,305.48,67584000.0,285.857,282.20959999999997,0.020716385993050146,68.41562113237198,8.299748813950828,6.132457237030816,0,15.04000000000002,-0.005500310337601122,0.6563772140296014,0,0.4803146097457721,0.31577582180145247,0,1,0,0,0,0,0,0,0,0,0,0
2017-04-12,131.43,131.54,130.78,130.92,123.82,15955200.0,124.3665,127.5432,-0.004021879021879005,47.13212718354104,0.4692847723443805,0.6777113052737659,0,-0.9900000000000091,-0.007946113921396325,-0.5276508064325132,0,0.07555535750094694,0.04632358505583056,1,1,0,0,0,0,0,0,0,0,0,0
2025-01-30,523.71,526.1,518.21,523.05,522.27,27431300.0,517.371,,0.00426882030573994,51.751901818740166,1.7809980562791452,1.5416530522108753,0,-9.580000000000041,0.017170573097497255,0.02935569815002448,0,0.9633475189946747,0.10621769094472264,0,1,0,0,0,0,0,0,0,0,0,0
2018-11-09,172.83,173.25,170.16,171.52,164.27,50602700.0,163.98049999999998,164.8078,-0.016877132084505364,47.45329242233117,-1.5078690816343112,-2.3481100678995555,0,2.0500000000000114,0.008163216889181202,0.25575918504088446,0,0.16568258283015086,0.2271499140164869,0,1,0,0,0,0,0,0,0,0,0,0
2015-03-12,105.03,105.92,104.96,105.8,97.77,21473200.0,99.47449999999999,96.64659999999999,0.00658910738185936,46.57136340941774,0.4847452836565651,0.9820420648641192,0,-2.6200000000000045,-0.01772880476321481,-0.15658079238954115,0,0.017512978766070275,0.07512219053111455,0,1,0,0,0,0,0,0,0,0,0,0
2017-01-13,122.8,123.37,122.8,123.16,116.24,16930800.0,114.3155,117.79980000000002,0.0034530386740330155,68.00153838629198,1.1097776094089795,0.9025111873900237,0,1.1599999999999966,0.004580693600660601,-0.13717416231367052,0,0.05866625075198861,0.0514152703587822,1,1,0,0,0,0,0,0,0,0,0,0
2021-07-15,362.98,363.19,358.46,360.52,351.96,53391600.0,348.10499999999996,355.14700000000005,-0.007024968260685549,66.89222004529807,6.060288999957038,6.041245499423175,0,1.7099999999999795,-0.005244401870995841,0.5109518796481816,0,0.5838773645863505,0.24170526573994097,1,1,0,0,0,0,0,0,0,0,0,0
2022-05-18,301.54,302.25,289.85,291.14,285.26,79477100.0,305.3065,320.1696,-0.04910163672122414,36.65151027616266,-11.482915346055904,-10.864467982906772,0,-0.6800000000000068,-0.03477323557255951,0.2672681147981433,1,0.43526213765290434,0.3778462630443121,0,1,0,0,0,0,0,0,0,0,0,0
2018-12-24,0.42 Dividend,,,,,,151.49099999999999,158.6992,0.0,28.5412646328041,-3.86270090297009,-2.763930724065903,0,0.0,-0.04551777094200804,0.0,0,0.10677123950001116,0.2561708501538309,1,1,0,0,0,0,1,0,0,0,1,1
2024-03-04,445.61,446.04,443.77,444.02,440.74,34325700.0,431.08500000000004,420.9264,-0.0035720745161873513,64.89344403416987,5.738562316891205,5.384325149828672,0,7.420000000000016,0.020069052836860113,-0.21647279566848976,0,0.7816893562977651,0.14219976879698756,0,1,0,0,0,0,0,0,0,0,0,0
2019-05-08,185.63,187.17,184.96,185.77,178.75,37165300.0,181.0385,176.956,-0.0025111607142856984,47.94831718094434,1.662572548448395,2.3993651226859214,0,-3.039999999999992,-0.028135236961206123,-0.3681315785446997,0,0.19794567857222434,0.1570197253224708,0,1,0,0,0,0,0,0,0,0,0,0
2021-02-19,333.86,333.99,329.97,331.02,322.38,39157700.0,320.3795,312.0022,-0.004354674325952046,57.380978004765616,4.650208387440443,5.059177268293441,0,-3.4700000000000273,-0.013525539319994673,0.2147120318151643,0,0.5179697422071701,0.1674181199489579,0,1,0,0,0,0,0,0,0,0,0,0
2023-04-04,320.6,321.63,317.83,319.07,315.03,45875400.0,310.894,317.86440000000005,-0.0033534752760290276,64.24604159249833,5.845885545006752,4.567914230533257,0,11.799999999999955,0.010836039270001985,-0.026553892901703513,0,0.5015931017579821,0.20247799526634014,1,1,0,0,0,0,0,0,0,0,0,0
2016-06-21,107.3,107.72,107.1,107.5,100.91,22804100.0,101.7605,105.96740000000001,0.0031812307386418492,42.26350315380145,-0.09016583392869393,0.17047300169945695,0,0.060000000000002274,0.00948375174704541,0.10899780185577845,0,0.02450925781511107,0.08206819706012061,1,1,0,0,0,0,0,0,0,0,0,0
2023-02-09,308.84,308.99,300.2,301.68,297.4,49137800.0,288.601,282.20959999999997,-0.008831861356440651,59.55443600447141,7.7607722492684275,6.783849778229856,0,-9.890000000000043,-0.005890779802306345,-0.13369146117216058,0,0.46231144582339956,0.21950455751762074,0,1,0,0,0,0,0,0,0,0,0,0
2021-01-11,315.98,317.19,313.75,314.42,306.21,32746400.0,304.941,312.0022,-0.014451239137431626,59.21095820284337,3.9731795665740037,4.126382500621119,0,4.96999999999997,0.0225988813969471,-0.03561689019254444,0,0.4819411332189567,0.1339573553089274,1,1,0,0,0,0,0,0,0,0,0,0
2023-02-09,308.84,308.99,300.2,301.68,297.4,49137800.0,288.601,282.20959999999997,-0.008831861356440651,59.55443600447141,7.7607722492684275,6.783849778229856,0,-9.890000000000043,-0.005890779802306345,-0.13369146117216058,0,0.46231144582339956,0.21950455751762074,0,1,0,0,0,0,0,0,0,0,0,0
2019-10-01,189.5,190.59,186.96,187.27,180.96,32367600.0,182.941,189.2668,-0.008166620992052565,49.13205760404196,0.009588358169082767,0.5231374866732678,0,-0.6699999999999875,-0.01105403357713941,0.23034700867046531,0,0.20286981127871484,0.13198038688666616,1,1,0,0,0,0,0,0,0,0,0,0
2022-03-21,0.43 Dividend,,,,,,347.45349999999996,320.1696,0.0,54.92738681017432,-2.6959463539345165,-5.245932945219147,0,0.0,0.017678908918176806,0.0,0,0.57895323187986,0.29365705234425765,1,1,0,0,0,0,1,0,0,0,1,1
2024-11-01,485.5,490.75,485.2,487.43,485.92,33655800.0,490.7795,495.45980000000003,0.00740126464185753,47.96975896679599,2.4748217465577227,3.8340174571009413,0,-7.8700000000000045,-0.02540023676461245,-0.1840068662535277,0,0.8823555624874668,0.13870354085064965,0,1,0,0,0,0,0,0,0,0,0,0
2020-08-13,272.66,274.83,271.51,272.48,264.89,31895700.0,258.05699999999996,259.0592,0.002308158014227457,61.53896695547042,4.730421424384531,4.828212667285754,0,-2.1000000000000227,0.008492708229267287,-0.17738191646850676,0,0.38987544840801225,0.1295175268062409,0,1,0,0,0,0,0,0,0,0,0,0
2015-03-10,106.95,106.98,105.72,105.72,97.69,34234500.0,99.394,96.64659999999999,-0.01858549326903769,45.25880047782518,0.8824089664853574,1.2242407591516702,0,-2.9099999999999966,-0.027019291631745546,0.3048126507883875,0,0.017334729618324024,0.14172379329511264,0,1,0,0,0,0,0,0,0,0,0,0
2022-04-08,352.32,353.09,348.5,349.15,342.1,61956100.0,347.45349999999996,320.1696,-0.01397895950425121,44.76588588733112,3.0602859678730283,3.906600869122475,0,-12.439999999999998,-0.03331577668238872,-0.028557137794892884,0,0.5619081571266238,0.2864036449702907,1,1,0,0,0,0,0,0,0,0,0,0
2016-04-25,108.65,108.99,108.45,108.98,102.03,14351900.0,102.83699999999999,101.1566,0.0,50.1208648720574,0.8067854404777677,1.0907473163337924,0,-2.0999999999999943,-0.014962824930617402,-0.6326994932691816,0,0.02700474588355875,0.03795591485675068,0,1,0,0,0,0,0,0,0,0,0,0
2018-04-12,161.25,162.77,161.16,162.21,154.74,30467900.0,153.49399999999997,156.3216,0.012034009156311365,49.74748296707795,-1.575800400056636,-1.744348756549212,0,1.490000000000009,0.02831109570394663,-0.2679874393651449,0,0.14444865310487737,0.12206579630649272,1,1,0,0,0,0,0,0,0,0,0,0
2020-03-04,213.32,218.33,211.37,218.22,211.32,73086200.0,217.8875,214.08919999999998,0.041703637976929775,47.28473204513345,-2.757103544704904,-0.6643218520565192,0,1.6800000000000068,0.06127280792905743,-0.4461215503946466,1,0.27051536284842137,0.34449196660864845,0,1,0,0,0,0,0,0,0,0,0,0
2017-08-31,145.06,146.21,144.98,146.2,138.65,38480700.0,135.7095,134.67940000000002,0.010715847791223254,63.967973274654334,0.40613232917371533,0.19257371571032578,0,3.730000000000018,0.026366558141381224,0.1438053426151884,0,0.10859829326441034,0.16388483689227662,0,0,0,0,0,0,0,0,0,0,0,0
2015-02-06,103.92,104.17,102.76,103.13,95.3,34169300.0,94.40899999999999,96.64659999999999,-0.006049228201918999,53.75907055768342,0.15224413700032358,0.8365925298342243,0,1.8799999999999955,0.0017360365707230763,0.4475143504691703,0,0.012009536329404435,0.14138351256350906,0,1,0,0,1,1,0,0,0,0,0,0
2016-12-09,119.01,119.54,119.0,119.5,112.45,21863100.0,110.5415,110.5262,0.007797096253808977,59.813305085537166,0.2789938338757736,0.12131622711728059,0,3.5700000000000074,0.022230263271016515,0.1768020927528744,0,0.05022169737750942,0.07715709018222242,0,0,0,0,0,0,0,0,0,0,0,0
2021-10-19,373.75,375.52,372.7,375.47,366.96,29091000.0,355.584,371.13019999999995,0.007550588945937742,61.85733257924188,-0.10881300569730001,-2.013770459350412,0,17.909999999999968,0.023924914471020298,-0.15711243426485288,0,0.6172990797887746,0.11487971441469888,0,1,0,0,0,0,0,0,0,0,0,0
2019-10-07,188.27,189.74,187.91,188.24,181.89,21216000.0,182.941,189.2668,-0.003069334064127127,52.11855569381453,-0.4012056903868313,-0.04483252701679586,0,-0.5600000000000023,0.022633560133436537,-0.33466300380085046,0,0.2049419576212651,0.07377985611135321,1,1,0,0,0,0,0,0,0,0,0,0
2022-09-12,308.5,311.08,308.18,310.74,305.05,45905700.0,305.652,301.5428,0.011908710940091716,52.47664209378495,-2.766213017340533,-2.1044801811552185,0,15.29000000000002,0.03895086428887051,-0.1820839836650916,0,0.479356520576636,0.20263613186400253,0,0,0,0,0,0,0,0,0,0,0,0
2015-09-18,0.26 Dividend,,,,,,97.1845,101.7732,0.0,53.324957487890615,-0.412447644149907,-0.8927793825056402,0,0.0,0.005965797029095166,0.0,0,0.018114569639713946,0.21557045298567637,1,1,0,0,0,0,1,0,0,0,1,1
2023-02-07,303.46,311.03,302.32,309.88,305.48,67584000.0,285.857,282.20959999999997,0.020716385993050146,68.41562113237198,8.299748813950828,6.132457237030816,0,15.04000000000002,-0.005500310337601122,0.6563772140296014,0,0.4803146097457721,0.31577582180145247,0,1,0,0,0,0,0,0,0,0,0,0
2019-05-06,187.05,190.2,186.76,189.94,182.76,38371800.0,180.9235,176.956,-0.006144977975963917,63.55996973734608,2.4325637242672826,2.720966145234729,0,-1.0400000000000205,0.005476199273360516,0.2628035094878596,0,0.2068804171030057,0.16331648456602463,0,1,0,0,0,0,0,0,0,0,0,0
2021-10-11,359.58,363.2,358.3,358.39,350.27,34847200.0,355.12850000000003,371.13019999999995,-0.007677488809564426,40.4104021193224,-3.5175303919242538,-2.9603883754644924,0,5.639999999999986,-0.003478251621817474,-0.16677944541548406,0,0.5801118513402107,0.14492149274685356,1,1,0,0,0,0,0,0,0,0,0,0
2015-04-24,110.21,110.69,110.03,110.54,102.38,32508100.0,99.17699999999999,100.2116,0.01356301356301337,66.9859043963177,0.6556243923722889,0.35487010368908045,0,4.189999999999998,0.02283482695796968,0.10297151310342945,0,0.027784585904948644,0.13271366054909411,0,1,0,0,0,0,0,0,0,0,0,0
2016-08-30,116.75,117.09,116.16,116.56,109.41,19843300.0,109.7065,106.14380000000001,-0.0032795845859524553,57.399564839765844,0.8643907588067776,1.1674417783030056,0,-0.9399999999999977,-0.0004494999719378834,0.7741151016102066,0,0.043448229763151464,0.06661569414398781,0,0,0,0,0,0,0,0,0,0,0,0
2024-05-07,440.7,441.97,439.58,440.32,437.64,30996100.0,427.1755,436.89,0.00013711778417668796,57.23820007007652,-0.3903843371208495,-2.236398113576007,0,15.629999999999995,0.03119106204050226,0.025437354435740023,0,0.7747822018225975,0.12482248775485175,0,1,0,0,0,0,0,0,0,0,0,0
2023-08-31,376.94,379.72,376.87,377.99,373.71,35730700.0,363.637,366.94919999999996,0.003005985131109279,59.85850387962857,0.4215074207716043,-1.0622926790196485,0,16.579999999999984,0.03040723699349246,-0.143795454273151,0,0.6323388516298656,0.14953250542126703,0,0,0,0,0,0,0,0,0,0,0,0
2023-08-16,365.87,367.43,362.44,362.54,358.44,53190500.0,369.8145,366.631,-0.010572225135948243,38.949841583109,-1.1700531819013804,0.8721347727065154,0,-5.310000000000002,-0.00995569679192243,0.16799773385536643,0,0.5983155455537977,0.24065571888218826,0,1,0,0,0,0,0,0,0,0,0,0
2019-10-11,190.83,192.63,190.72,191.11,184.67,40976700.0,182.941,189.2668,0.012889425186485282,58.05683757250126,-0.1724721146060233,-0.2605294377816447,0,2.219999999999999,0.03039491217107515,0.6274997319056148,0,0.2111361155054477,0.1769115348383275,1,1,0,0,0,0,0,0,0,0,0,0
2024-08-01,471.76,475.55,455.98,459.66,457.59,56653900.0,478.3235000000001,471.16799999999995,-0.02422433095212717,39.723013816222526,-4.443498871052611,-1.278281360391014,0,1.3799999999999955,-0.008357118493415139,0.2716325380846245,0,0.8192330830418215,0.258731306088259,0,1,0,0,0,0,0,0,0,0,0,0
2021-03-01,319.27,323.94,317.94,323.59,315.14,49164500.0,319.4625,312.0022,0.030071255801791263,49.59618956957291,-0.20854547922522215,2.0201380237365463,0,1.1200000000000045,-0.0006055349374597396,-0.5306034573294965,0,0.5018381943361333,0.2196439056086302,0,1,0,0,0,0,0,0,0,0,0,0
2018-05-23,166.9,169.62,166.88,169.6,161.79,26557800.0,158.5555,156.3216,0.008414360508601337,60.71506267985376,1.5672231593163986,1.4130933927326308,0,0.5900000000000034,0.012740973783019083,0.3634977435734199,0,0.16015685925001671,0.10165886856656742,0,1,0,0,0,0,0,0,0,0,0,0
2021-05-10,332.78,332.96,325.55,325.76,317.66,60700500.0,328.4105,321.7786,-0.025253920034367328,41.160058612304844,0.6426183713352316,2.513618646344349,0,-10.169999999999959,-0.009606756053498477,0.1383229097319243,0,0.5074530424901406,0.27985063137210897,0,1,0,0,0,0,0,0,0,0,0,0
2016-04-08,109.76,110.02,108.62,109.0,102.04,22898000.0,102.08099999999999,101.1566,-0.0007833920877399203,57.40276602607729,1.2968277873417264,1.35621110746201,0,-1.279999999999987,0.0013176559857637216,-0.19845137080287878,0,0.027027027027027056,0.08255826394198526,1,1,0,0,0,0,0,0,0,0,0,0
2016-08-18,117.15,117.46,116.95,117.29,110.1,10036300.0,108.80649999999999,105.96740000000001,0.0002725538293812946,69.07626593244788,1.5155638372196023,1.6245706694734385,0,0.1599999999999966,-0.003428474382025537,-0.3719579732545697,0,0.044985628662462945,0.015432670603554681,0,1,0,0,0,0,0,0,0,0,0,0
2023-06-06,354.28,355.82,352.93,354.84,350.34,41390400.0,333.815,321.405,-0.00017123287671239051,75.919372551628,8.941723611612304,7.463993540300174,0,4.7999999999999545,0.008023878915822569,-0.12431293397819165,0,0.5802678193444887,0.17907064739452994,0,0,0,0,0,0,0,0,0,0,0,0
2017-03-22,129.85,130.82,129.68,130.69,123.6,29177900.0,124.3665,127.5432,0.006760609269365503,55.329213796023616,0.9333326997786031,1.1913405482904766,0,-0.9900000000000091,-0.007517449853536307,-0.1859276433448004,0,0.07506517234464471,0.11533324808918277,1,1,0,0,0,0,0,0,0,0,0,0
2022-02-10,359.52,366.49,356.54,358.43,350.76,112468500.0,351.902,358.1982,-0.022625947391885837,44.43751834137146,-5.493813151810457,-7.140275103059797,0,4.779999999999973,0.00979520619720009,1.0167789206403857,0,0.5812036273701566,0.5500293570416452,0,1,0,0,0,0,0,0,0,0,0,0
2018-11-01,170.07,172.24,168.78,172.06,164.79,52706800.0,165.1455,164.8078,0.013219380226266564,47.280028927642014,-3.1710702158401887,-3.107907179115278,0,0.9599999999999795,0.05319533617284211,-0.28609238154319605,0,0.16684120229050153,0.2381312742521783,0,1,0,0,0,0,0,0,0,0,0,0
2023-08-07,373.88,375.29,371.51,375.19,370.94,37230400.0,373.7275,366.631,0.008454992795585037,52.77800390253195,2.7290224625433552,4.362533798297262,0,-8.399999999999977,0.002179801837569051,-0.3960633421038118,0,0.6261669748891513,0.15735948415111178,0,1,0,0,0,0,0,0,0,0,0,0
2017-06-23,140.54,141.42,140.15,141.24,133.95,21654300.0,132.1945,134.42780000000002,0.003897174548452176,50.16461937017209,0.5419943590523815,0.6743124842636445,0,0.0,0.013509709336492981,-0.10144777190849452,0,0.09812615583431739,0.07606735679635085,1,1,0,0,0,0,1,0,0,0,0,0
2021-04-16,342.15,342.23,340.08,342.01,333.5,40860100.0,319.3995,321.7786,0.0011707844255650635,66.48686913456439,6.1091711646072895,4.30429777301336,0,4.769999999999982,0.004303390445419719,0.12429697216505065,0,0.5427463737439004,0.1763029959839567,1,1,0,0,0,0,0,0,0,0,0,0
2017-11-09,153.23,153.77,152.11,153.69,146.07,40594500.0,143.05149999999998,142.3742,-0.005243802778534534,70.69930789843424,1.874750078819062,1.5787063360492388,0,1.7800000000000011,-0.0006623068152228351,1.3365758194952084,0,0.12513090171787616,0.17491682171533846,0,1,0,0,0,0,0,0,0,0,0,0
2022-07-22,306.43,308.55,300.12,301.99,296.46,57127700.0,285.7915,299.12919999999997,-0.017531068765534452,56.894060006279275,2.2825538277932083,-0.17167815699907096,0,9.939999999999998,0.012667667320681475,0.03775336334274315,0,0.46021701833738105,0.2612040823249733,0,1,0,0,0,0,0,0,0,0,0,0
2024-02-16,434.89,434.99,429.85,430.57,427.39,53661500.0,424.96449999999993,420.9264,-0.009065615580802322,57.61076736939853,5.958228614924508,6.476100449422539,0,-6.430000000000007,0.004818884276665769,0.3831673802263629,0,0.7519440297676075,0.24311388183595026,0,1,0,0,0,0,0,0,0,0,0,0
2021-12-15,387.94,397.42,383.88,397.05,388.05,73858000.0,385.8875,377.2558,0.02279915656299436,54.0907814783169,1.3836813186569543,1.9676954498855974,0,-2.509999999999991,-0.0020040468237265685,-0.01783529612017154,0,0.6642900113633832,0.34852001367385765,0,0,0,0,0,0,0,0,0,0,0,0
2016-10-03,118.57,118.7,118.09,118.55,111.56,19216400.0,111.11949999999999,110.60520000000001,-0.0014321518080916418,58.66133886320777,0.6555942054638138,0.5936280895231206,0,1.1400000000000006,-0.001198823563667628,-0.24769018760374584,0,0.04823867560883227,0.0633438844715602,1,1,0,0,0,0,0,0,0,0,0,0
2021-09-13,378.99,379.43,374.22,376.33,367.4,48741800.0,365.9755,359.5496,-0.0006799945600435287,56.04419367159447,3.5811700283711048,4.052782597349299,0,-5.110000000000014,-0.011708425749637152,0.21099444960670222,0,0.6182794501013791,0.21743782178579538,0,0,0,0,0,0,0,0,0,0,0,0
2016-06-17,107.53,107.68,106.24,106.49,99.96,29208800.0,102.058,101.32279999999999,-0.01176470588235301,39.245595809535345,0.03703954744840132,0.37701518948755897,0,-2.030000000000001,-0.011657303595149826,-0.08949840866087488,0,0.022392549185624194,0.11549451610462066,0,0,0,0,0,0,0,0,0,0,0,0
2018-03-20,167.17,168.04,166.61,167.65,159.93,34075700.0,153.49399999999997,156.3216,0.0032620287309454987,48.65598149901798,1.3679657883944856,1.6922013105566789,0,-3.579999999999984,-0.01804199877396606,-0.5227165449729743,0,0.15601256656491613,0.14089501139053215,1,1,0,0,0,0,0,0,0,0,0,0
2019-03-06,174.72,174.75,173.28,173.56,166.7,27194600.0,165.2355,158.6992,-0.005666567253206134,63.43723410615599,2.2661567159627225,2.444723689410381,0,-0.030000000000001137,-0.004771137525056091,0.21840151613582504,0,0.17109690069294353,0.10498234663229067,0,1,0,0,0,0,0,0,0,0,0,0
2024-01-02,405.84,406.09,400.24,402.59,399.62,58026900.0,407.59900000000005,420.9264,-0.016900784767152954,52.21035895230759,6.903496543859319,7.6169821054212425,0,-8.009999999999991,-0.021725901288963123,0.36106667542349435,0,0.6900692943561864,0.2658970337645121,1,1,0,0,0,0,0,0,0,0,0,0
2025-01-15,513.03,517.85,511.46,516.7,515.93,34957600.0,518.2615,,0.023000812959768302,48.96203065218401,-1.3542082632786787,0.3023531223568267,0,1.5199999999999818,0.01885109753704517,0.0361737192179552,0,0.9492212740357833,0.1454976736175443,1,1,0,0,0,0,0,0,0,0,0,0
2015-02-24,108.38,108.73,108.05,108.6,100.35,19745000.0,96.6715,96.64659999999999,0.0006980454726763785,73.33345472313415,1.476884638225684,1.0562311125686583,0,1.4699999999999989,0.00842924036598447,0.10504813073651209,0,0.023261513780887227,0.06610266353176954,0,1,0,0,0,0,0,0,0,0,0,0
2015-07-08,107.2,107.33,105.89,106.09,98.49,39691500.0,101.4545,101.3468,-0.017360071834780055,33.85841890465727,-0.4589546427722553,-0.17473057581299478,0,-0.9100000000000108,-0.01715475185650428,-0.10262758078081335,0,0.019117221095786646,0.1702040379632215,1,1,0,0,0,0,0,0,0,0,0,0
2019-05-31,174.69,175.29,173.87,173.95,167.38,45446200.0,174.9525,176.8004,-0.015932741489799618,31.76066336866785,-2.389519024414227,-1.4958141830022413,0,-4.140000000000015,-0.01993866454022919,0.49716684017025314,0,0.17261201844878676,0.20023798775093746,0,0,0,0,0,0,0,0,0,0,0,0
2024-10-29,495.72,501.35,493.85,500.16,498.61,28014100.0,489.9425,495.45980000000003,0.009597667402352794,63.01194848757917,4.369559502918605,4.48471662444293,0,4.189999999999998,0.015851774133297525,0.36802293215091475,0,0.9106303335487176,0.10925934141065152,0,1,0,0,0,0,0,0,0,0,0,0
2020-08-18,276.42,278.46,274.91,277.97,270.22,23529500.0,259.7705,259.0592,0.009602092284700436,66.52267182440845,5.068266671672291,4.852126586523049,0,12.420000000000016,0.020035090969795277,-0.05134459541184533,0,0.401751297876607,0.08585408115069165,0,1,0,0,0,0,0,0,0,0,0,0
2024-03-13,442.65,442.67,439.12,440.25,437.0,37928700.0,434.00699999999995,422.69300000000004,-0.0076751896089740645,55.25282607536409,4.2535790021126445,4.7966579037303285,0,1.4499999999999886,0.002933853842363443,-0.31413955288250284,0,0.7733562086406274,0.16100393253882306,0,0,0,0,0,0,0,0,0,0,0,0
2024-12-04,520.32,523.52,519.6,523.26,521.64,26086200.0,507.4875,496.2152,0.012362450753973686,68.95222333021107,5.415905227710141,4.406093919537547,0,13.909999999999968,0.02632063500482751,0.4026422338005904,0,0.961943806956173,0.09919757419502992,0,0,0,0,0,0,0,0,0,0,0,0
2020-02-06,228.79,230.25,227.98,230.19,222.91,22467100.0,215.465,214.08919999999998,0.008642533936651597,70.63644203398712,3.418383646449513,3.1434994776362677,0,7.349999999999994,0.03480406615545539,-0.4169659632332333,0,0.2963392081281611,0.08030938407621871,0,1,0,0,0,0,0,0,0,0,0,0
2018-04-23,163.09,163.73,161.02,161.89,154.44,33040600.0,153.478,156.3216,-0.0025188916876575096,48.06588498204164,-0.1396046908333517,-0.639596794565244,0,-0.6700000000000159,-0.027541616931793467,-0.3284035034585372,0,0.14378021880082886,0.13549279382484414,0,1,0,0,0,0,0,0,0,0,0,0
2018-07-18,180.29,180.44,179.38,179.93,172.01,23220800.0,167.579,170.359,-0.001914819542764401,65.2956506521463,1.9244539338812672,1.4423363087812422,0,3.3499999999999943,0.0017686537565978488,-0.25176499399048147,0,0.1829281878746017,0.0842429667052005,0,1,0,0,0,0,0,0,0,0,0,0
2017-06-13,140.01,140.56,139.28,140.36,132.75,51193000.0,132.9615,129.55880000000002,0.008125759416767853,52.60451673469604,1.144240486799788,1.5405200877933565,0,-2.3600000000000136,-0.022275846044529257,-0.5098990943381776,0,0.09545241861812348,0.23023070720460945,0,0,0,0,0,0,0,0,0,0,0,0
2018-03-19,0.28 Dividend,,,,,,153.49399999999997,156.3216,0.0,48.65598149901798,1.6746836131066516,1.773260191097227,0,0.0,-0.02430335418667695,0.0,0,0.15601256656491613,0.14089501139053215,1,1,0,0,0,0,1,0,0,0,1,1
2016-10-31,117.53,117.53,116.93,116.99,110.09,18749400.0,111.04750000000001,110.60520000000001,-0.0009981851179673429,44.790163641721726,0.0672193922259936,0.20889903611962501,0,-2.4299999999999926,-0.011798664607159837,-0.46989620942455745,0,0.044963347518994695,0.06090659763630148,0,1,0,0,0,0,0,0,0,0,0,0
2023-08-08,372.64,372.66,368.82,372.0,367.79,44726500.0,373.91700000000003,366.631,-0.008491939397207049,48.35349495399894,2.1597021155305924,3.9219674617439284,0,-10.669999999999959,-0.004718189160340502,0.20134352572091618,0,0.6191484146966423,0.1964818521292336,0,1,0,0,0,0,0,0,0,0,0,0
2015-05-08,108.46,108.92,108.3,108.69,100.67,33023300.0,100.3005,100.2116,0.012471085185557618,53.64423568216201,0.26325633382884917,0.43782021626748324,0,-0.3299999999999983,0.011608836506234788,0.12569965707429143,0,0.023974510371872315,0.13540250461231743,0,1,0,0,0,0,0,0,0,0,0,0
2023-11-28,388.41,390.78,388.05,390.19,386.33,35491100.0,374.291,363.48339999999996,0.0026211979653274486,69.32521761973393,7.4073675402966614,6.430736787587969,0,-0.5500000000000114,0.00034135315175409797,0.03958441345413122,0,0.6604576546868385,0.14828202592292014,0,0,0,0,0,0,0,0,0,0,0,0
2016-01-26,102.66,103.59,101.76,103.15,96.28,36143900.0,98.7745,97.21340000000001,0.009012785579542992,42.22697244906163,-2.3402655642565406,-2.287637174529398,0,1.9500000000000028,0.023039105371334467,-0.0704088062446151,0,0.014193088389296171,0.15168900846265654,0,1,0,0,0,0,0,0,0,0,0,0
2016-08-15,117.35,117.97,117.31,117.7,110.48,11777800.0,108.203,105.96740000000001,0.00427233887828371,74.4544339957584,1.6939164682152352,1.6822260394244077,0,0.980000000000004,0.009202463532174132,-0.3922390216213427,0,0.04583231211425773,0.024521610696923123,0,1,0,0,0,0,0,0,0,0,0,0
2021-11-08,398.57,399.62,397.4,398.06,389.04,29256300.0,371.34499999999997,371.13019999999995,-0.00136047436917619,77.51733532940054,7.623618016080627,5.437718544108005,0,10.390000000000043,0.012419714577599938,-0.3256399854323503,0,0.6664958445667432,0.1157424200118472,0,1,0,0,0,0,0,0,0,0,0,0
2022-11-25,287.19,287.91,286.42,286.92,282.17,15498800.0,273.87850000000003,271.5502,-0.006583579777496129,56.36339171248168,3.053372221713005,1.8206390665438499,0,2.069999999999993,0.017873129892919004,-0.6659021340806208,0,0.42837726432120493,0.04394161993460556,0,1,0,0,0,0,0,0,0,0,0,0
2023-12-18,404.93,407.99,404.6,407.08,403.86,46610000.0,389.2395,373.1818,0.006304039070091916,77.85596572543048,7.541355141617146,6.5134514118706734,0,12.25,0.010260740225640164,-0.2554075210070609,0,0.6995164991867382,0.20631189442946873,0,0,0,0,0,0,0,0,0,0,0,0
2024-02-02,423.8,430.24,422.79,429.01,425.84,59582300.0,413.3365,420.9264,0.01690705893590594,65.41389332946578,6.361057682983471,6.354702702579338,0,5.159999999999968,0.00908374128854783,0.1680834212270088,0,0.7484904525300238,0.27401471244451514,0,1,0,0,0,0,0,0,0,0,0,0
2019-04-10,184.72,185.53,184.52,185.47,178.46,24563000.0,175.21,176.956,0.005351811165568154,71.65615580034911,2.886020264305273,2.6879958241840924,0,1.6200000000000045,0.004404190782710482,-0.041701941721058566,0,0.19729952541164414,0.09124794826897833,1,1,0,0,0,0,0,0,0,0,0,0
2018-06-14,176.63,177.89,176.5,177.6,169.42,35916000.0,164.1415,159.21380000000002,0.010075716926011946,73.79603606135578,2.581637043408989,2.3150973851322036,0,3.019999999999982,0.015289983150054587,-0.051311987236717704,0,0.17715737171631646,0.15049959161093177,0,0,0,0,0,0,0,0,0,0,0,0
2022-01-12,388.46,390.2,385.01,387.35,379.06,54576400.0,380.633,358.1982,0.003972878482890074,44.089829460574805,-1.8165511587731658,-0.355384195720235,0,3.0,0.019646602039021577,-0.20088087536989885,0,0.6442592633853969,0.24788877204061446,1,1,0,0,0,0,0,0,0,0,0,0
2015-10-12,106.73,106.99,106.35,106.79,99.38,16162000.0,97.1845,101.7732,0.0025219408857055647,59.79715289571357,0.17868088621611378,-0.3411635301800908,0,1.1999999999999886,0.010947792584671046,-0.32422374791982,0,0.021100242864463797,0.047402880382450496,1,1,0,0,0,0,0,0,0,0,0,0
2020-12-31,312.87,314.24,311.76,313.74,305.55,21611400.0,304.941,312.0022,0.002460629921259949,70.58232830573802,4.643406417270967,4.684852310794653,0,5.389999999999986,0.0033800806681458795,0.19149194237544176,0,0.4804705777500501,0.0758434604254031,1,1,0,0,0,0,0,0,0,0,0,0
2021-04-30,337.7,340.26,337.05,337.99,329.58,38263400.0,329.16749999999996,321.7786,-0.006571015191704888,55.472555240035746,4.223710352665648,4.766902313357706,0,-1.400000000000034,-0.006347819364819984,0.014704751398211036,0,0.5340121655043336,0.16275074175458557,0,1,0,0,0,0,0,0,0,0,0,0
2023-02-17,301.07,301.93,298.1,301.16,296.88,58230700.0,295.858,282.20959999999997,-0.007057092210441818,55.35132345203637,6.0470157114367,6.733976408344304,0,1.4399999999999977,-0.01815682792503026,-0.021309745103246125,0,0.4611528263630489,0.2669606720022546,0,1,0,0,0,0,0,0,0,0,0,0
2020-03-30,187.06,192.49,186.34,192.04,186.36,49356900.0,191.27849999999998,206.5184,0.03636970303636988,43.75202420858657,-7.446333414160193,-9.551301367579637,0,0.0,0.054632054335502,-0.16123884782054554,0,0.21490162875158758,0.2206480469086383,1,1,0,0,0,0,1,0,0,0,0,0
2020-07-27,257.26,260.52,256.45,260.12,252.87,36445700.0,250.908,259.0592,0.017831267106746207,56.50787370861407,4.552681671451296,5.634213614743827,0,-6.480000000000018,-0.017788457757338172,-0.325760112479072,0,0.36309351395913636,0.15326411160372952,0,1,0,0,0,0,0,0,0,0,0,0
2023-09-11,375.66,377.49,373.66,376.97,372.7,39936600.0,365.12199999999996,368.40139999999997,0.011781952437832421,57.28341571905616,1.5616551129039067,0.7682096280546755,0,-0.6200000000000045,0.0060158904997037466,0.11554436998779338,0,0.630088456139569,0.1714832221245104,0,0,0,0,0,0,0,0,0,0,0,0
2019-04-10,184.72,185.53,184.52,185.47,178.46,24563000.0,175.21,176.956,0.005351811165568154,71.65615580034911,2.886020264305273,2.6879958241840924,0,1.6200000000000045,0.004404190782710482,-0.041701941721058566,0,0.19729952541164414,0.09124794826897833,1,1,0,0,0,0,0,0,0,0,0,0
2021-09-20,367.46,369.25,360.93,365.7,357.41,76203200.0,368.071,360.955,-0.020660364433483958,36.77830666139929,1.306513551785713,2.8819931050002126,0,-9.989999999999952,-0.03181520383703729,0.25103140088290865,0,0.5960205877765647,0.36075968195233465,0,0,0,0,0,0,0,0,0,0,0,0
2018-05-14,169.85,170.82,169.47,169.75,161.94,21821700.0,156.645,156.3216,0.0017320301868117838,64.02860174806744,1.6355625173972612,0.7452393759251912,0,3.3499999999999943,0.011170299570836262,-0.11612958102459414,0,0.16049107640204097,0.0769410223557134,0,1,0,0,0,0,0,0,0,0,0,0
2022-06-24,287.74,295.04,287.5,294.61,289.21,58422300.0,282.56149999999997,299.12919999999997,0.03425955727210961,47.88831669168412,-6.445205804897739,-7.3663839475600925,0,20.069999999999993,0.04769032654300631,0.016786232678591917,0,0.44406318932287603,0.2679606380785621,1,1,0,0,0,0,0,0,0,0,0,0
2021-12-20,379.57,381.5,377.47,380.69,372.54,65336800.0,383.422,378.6068,-0.009702543927270768,42.50193361118008,-0.711225545887487,0.9762744608624907,0,-10.829999999999984,-0.04039350331057179,-0.18828710749448707,0,0.6297319578440765,0.304047618426306,0,0,0,0,0,0,0,0,0,0,0,0
2018-04-27,164.37,164.41,161.17,162.09,154.63,51043400.0,153.494,156.3216,0.0006471235358829208,49.680985064766695,-0.4911560187331929,-0.5829104559703726,0,-0.20000000000001705,0.022848737861880686,0.1869040006510796,0,0.14420356052672623,0.2294499403725865,0,1,0,0,0,0,0,0,0,0,0,0
2016-09-07,117.96,118.12,117.47,117.92,110.69,17546900.0,109.92699999999999,107.196,0.0006327969625745666,67.4918100961412,0.7318075212342734,0.8673158654648336,0,1.2800000000000011,0.010103259920301921,-0.05280914645995727,0,0.04630021612709165,0.05463071451125093,0,0,0,0,0,0,0,0,0,0,0,0
2023-10-11,369.94,371.41,368.19,371.22,367.55,38215100.0,358.7615,363.09680000000003,0.007124263597753089,58.36627214648676,-0.6145736543603562,-2.118372108299822,0,11.360000000000014,0.01778574551327794,-0.18637265589071894,0,0.6186136672534034,0.1624986626236584,1,1,0,0,0,0,0,0,0,0,0,0
2022-08-25,316.83,320.6,315.76,320.58,314.71,38098300.0,316.21549999999996,299.12919999999997,0.017688526710645247,54.284178019327044,4.006444512628434,6.089729105394435,0,-8.54000000000002,0.019764747004284766,0.0010825838017085587,0,0.5008801051669971,0.1618890799633624,0,1,0,0,0,0,0,0,0,0,0,0
2022-06-08,309.05,311.72,306.77,307.64,301.43,38342100.0,293.88800000000003,315.3218,-0.0071802641546721,49.636243601786305,-2.239704058208133,-5.035727673517499,0,1.6100000000000136,0.004790544862390167,-0.14606138489052412,0,0.4712907466411176,0.16316147938613773,0,0,0,0,0,0,0,0,0,0,0,0
2021-06-24,349.73,351.46,349.17,349.89,341.58,32581600.0,348.10499999999996,355.14700000000005,0.00618593142453161,65.60194533521226,4.40771808869647,3.560675591504821,0,7.46999999999997,0.01599769712066057,0.19835960056641588,0,0.560749537666273,0.133097259226592,1,1,0,0,0,0,0,0,0,0,0,0
2019-10-04,187.08,189.08,186.88,188.81,182.45,31887600.0,182.941,189.2668,0.014738598442713968,53.59162332723133,-0.43925012596565693,0.044260763825713006,0,1.7199999999999989,0.00851677571834164,-0.19051596116011926,0,0.20618970165548894,0.12947525266627175,1,1,0,0,0,0,0,0,0,0,0,0
2023-08-15,369.36,370.17,365.74,366.42,362.27,45539900.0,370.957,366.631,-0.010623771029058426,43.05246183201075,-0.5126254439063018,1.3826817613584894,0,-5.520000000000039,-0.005777193186076945,0.0809170488098967,0,0.6068492235021501,0.20072701082687697,0,1,0,0,0,0,0,0,0,0,0,0
2015-09-25,104.91,105.01,102.28,102.92,95.78,44700000.0,97.1845,101.7732,-0.008385961279635645,44.493772783127255,-0.5888764849332802,-0.5733020609270568,0,-2.260000000000005,-0.011273366458324885,0.16758044420297624,0,0.013079031215882025,0.19634354784414934,1,1,0,0,0,0,0,0,0,0,0,0
2019-02-05,169.76,171.23,169.69,171.03,164.27,28156400.0,157.2355,158.6992,0.008843579193023476,66.50058822780181,2.4200950591288404,1.5625765769931825,0,9.090000000000003,0.017068804465798615,0.053804811593334945,0,0.16568258283015086,0.11000200932640594,0,1,0,0,0,0,0,0,0,0,0,0
2016-10-31,117.53,117.53,116.93,116.99,110.09,18749400.0,111.04750000000001,110.60520000000001,-0.0009981851179673429,44.790163641721726,0.0672193922259936,0.20889903611962501,0,-2.4299999999999926,-0.011798664607159837,-0.46989620942455745,0,0.044963347518994695,0.06090659763630148,0,1,0,0,0,0,0,0,0,0,0,0
2021-07-16,361.4,362.41,357.24,357.6,349.11,47262000.0,348.10499999999996,355.14700000000005,-0.008097511080804587,59.050268826074195,5.5322700625738435,5.93945041205331,0,-3.329999999999984,-0.013341912951800428,-0.11480457600071925,0,0.5775272386978899,0.20971470174550447,1,1,0,0,0,0,0,0,0,0,0,0
2019-08-08,185.08,188.32,184.57,188.26,181.55,38418100.0,184.192,182.04820000000004,0.021780729401170706,48.84022699978761,-0.8171680085996513,0.33519808693757364,0,-1.8199999999999932,0.04115581659644407,-0.231493520781907,0,0.20418439874334354,0.16355812563770017,0,1,0,0,0,0,0,0,0,0,0,0
2023-12-26,409.25,411.56,409.15,410.88,407.63,22722500.0,407.59900000000005,420.9264,0.006121189682833483,71.429812466747,7.992825836113354,7.536844993998891,0,0.0,0.01925727293679569,-0.33738962568965714,0,0.7079164902742808,0.08164232424265357,1,1,0,0,0,0,1,0,0,0,0,0
2019-06-21,188.63,189.77,188.17,188.57,181.45,39980400.0,173.7725,176.863,-0.0014308513565572945,64.34572078820483,1.5688890333464087,0.3465957098388336,0,5.7099999999999795,0.011580160908258419,-0.023009628072919175,0,0.20396158730866065,0.17171181562212137,0,0,0,0,0,0,0,0,0,0,0,0
2025-01-28,515.22,523.0,511.78,521.81,521.03,33194200.0,517.086,,0.014782642567777948,50.85056888610238,1.9316389966122642,1.4124916438466117,0,-2.990000000000009,-0.019997186744910023,-0.45378852327645924,0,0.9605846572046075,0.13629443677537034,0,1,0,0,0,0,0,0,0,0,0,0
2024-05-28,459.18,459.74,456.69,459.68,456.89,26216800.0,442.0759999999999,436.89,0.0037788079179206235,70.30510564270739,6.42110612450557,5.01288294997557,0,4.740000000000009,0.008744849106469776,-0.11582071430980401,0,0.8176734029990418,0.09987917946416222,0,0,0,0,0,0,0,0,0,0,0,0
2019-12-02,205.11,205.18,201.78,203.0,196.16,28007000.0,195.4445,189.2668,-0.01024269640244213,59.40472496164745,2.307803616333956,2.4604149122751813,0,1.1299999999999955,-0.007783344904540357,1.8420230146327605,0,0.23673714935050466,0.10922228630030817,0,1,0,0,0,0,0,0,0,0,0,0
2020-12-21,0.56 Dividend,,,,,,304.941,312.0022,0.0,66.19996043154977,4.947872158569112,4.802053678060942,0,0.0,0.0035153294729044493,0.0,0,0.47002072146342555,0.15665543705458843,1,1,0,0,0,0,1,0,0,0,1,1
2019-09-19,192.86,194.04,192.47,192.84,185.96,26039400.0,182.5905,182.7112,0.0016158569427986436,58.409314098687794,1.4033516311028222,1.0306150382506762,0,-0.37999999999999545,0.005999582472924647,-0.12564595904141185,0,0.21401038301285624,0.09895332360854145,0,0,0,0,0,0,0,0,0,0,0,0
2023-07-31,383.79,384.88,382.34,383.68,379.34,44019900.0,371.87,366.631,0.0005275096270507262,67.05903914863329,5.4019237285834265,5.886129628230987,0,7.369999999999948,0.01635123443671671,-0.22640322373727872,0,0.6448831354025087,0.192794085795628,0,1,0,0,0,0,0,0,0,0,0,0
2020-08-10,271.77,271.98,266.67,270.31,262.78,35088400.0,256.64050000000003,259.0592,-0.004281762722140314,61.84992522557705,5.236349038866649,4.939078113206752,0,0.9099999999999682,-0.0025729935232000622,-0.21972719226852033,0,0.3851741271362046,0.14618032269260176,0,1,0,0,0,0,0,0,0,0,0,0
2021-12-20,0.49 Dividend,,,,,,380.633,358.1982,0.0,42.50193361118008,-0.711225545887487,0.6387744595124951,0,0.0,-0.014675168044497755,0.0,0,0.6483144314966244,0.21826086275778742,1,1,0,0,0,0,1,0,0,0,1,1
2023-11-28,388.41,390.78,388.05,390.19,386.33,35491100.0,374.291,363.48339999999996,0.0026211979653274486,69.32521761973393,7.4073675402966614,6.430736787587969,0,-0.5500000000000114,0.00034135315175409797,0.03958441345413122,0,0.6604576546868385,0.14828202592292014,0,0,0,0,0,0,0,0,0,0,0,0
2016-06-21,107.3,107.72,107.1,107.5,100.91,22804100.0,101.7605,105.96740000000001,0.0031812307386418492,42.26350315380145,-0.09016583392869393,0.17047300169945695,0,0.060000000000002274,0.00948375174704541,0.10899780185577845,0,0.02450925781511107,0.08206819706012061,1,1,0,0,0,0,0,0,0,0,0,0
2020-06-22,243.68,246.87,243.38,246.74,239.86,24068700.0,231.2395,219.4254,0.01198211121424353,67.31786686667363,5.4692709373641435,5.498679635665126,0,8.170000000000016,0.014520424341468607,-0.5129972218906117,0,0.3341057463069005,0.0886681819249347,0,0,0,0,0,0,0,0,0,0,0,0
2020-05-22,228.45,229.87,227.5,229.66,222.87,28762400.0,215.144,206.5184,0.0034217279726260763,62.65825782396399,5.680136378332179,5.4818115147280855,0,6.200000000000017,0.012495594779236896,-0.34096038530895056,0,0.296250083554288,0.11316474127965387,0,1,0,0,0,0,0,0,0,0,0,0
2023-03-27,311.6,312.7,307.89,308.76,304.85,50287400.0,310.894,317.86440000000005,-0.006841505131128689,56.18216517910518,3.9808149785098976,2.9020225082731645,0,0.0,0.008698370323346416,-0.12077586930371775,0,0.47891089770727036,0.22550435397546534,1,1,0,0,0,0,1,0,0,0,0,0
2021-03-19,311.87,314.73,309.66,313.14,304.97,78446200.0,306.852,312.6598,0.0035539175359506903,46.21171966880541,-1.728316418485747,-2.0872584455404457,0,-2.259999999999991,-0.02296815561779253,-0.051644077898307605,0,0.4791782714288898,0.37246596540305266,0,0,0,0,0,0,0,0,0,0,0,0
2020-08-26,287.15,292.22,285.83,291.96,283.82,42216700.0,266.77750000000003,259.0592,0.021339378890928185,75.98655206726362,6.878253296124569,5.734630487438824,0,15.409999999999968,0.03541354970620558,0.2108063304136336,0,0.43205365299347154,0.18338313157434638,0,1,0,0,0,0,0,0,0,0,0,0
2017-09-07,145.4,145.84,144.94,145.47,137.96,22721100.0,135.9305,135.073,0.0023249055507121863,59.03350836888903,0.6968253409371812,0.45601358191675956,0,0.7800000000000011,-0.00356997119992275,-0.2604458592506518,0,0.10706089436509886,0.08163501760117742,0,0,0,0,0,0,0,0,0,0,0,0
2020-12-31,312.87,314.24,311.76,313.74,305.55,21611400.0,304.941,312.0022,0.002460629921259949,70.58232830573802,4.643406417270967,4.684852310794653,0,5.389999999999986,0.0033800806681458795,0.19149194237544176,0,0.4804705777500501,0.0758434604254031,1,1,0,0,0,0,0,0,0,0,0,0
2020-10-14,295.35,296.35,290.26,292.06,283.92,36949100.0,269.73400000000004,271.0836,-0.00834759526387474,60.87395244267251,3.865592338179283,1.7611053761292887,0,11.800000000000011,0.022472564287704833,-0.4248272104607721,0,0.4322764644281545,0.15589137111736814,0,0,0,0,0,0,0,0,0,0,0,0
2024-08-28,476.29,477.02,467.89,471.35,469.23,37372400.0,461.169,471.16799999999995,-0.01135645358391979,50.90260630089931,2.6030327778361766,0.903354098882879,0,-11.099999999999966,-0.018065971576905593,0.35850236277717196,0,0.8451683340389029,0.15810058635797847,0,1,0,0,0,0,0,0,0,0,0,0
2018-09-27,185.02,186.49,184.92,185.83,177.97,33113300.0,171.51,164.8078,0.008442883046237526,60.891634924425,0.8315082329584413,0.7215670157657581,0,2.3400000000000034,0.010486016691841904,-0.0855357271075321,0,0.19620774938169827,0.13587221727864138,1,1,0,0,0,0,0,0,0,0,0,0
2019-10-04,187.08,189.08,186.88,188.81,182.45,31887600.0,182.941,189.2668,0.014738598442713968,53.59162332723133,-0.43925012596565693,0.044260763825713006,0,1.7199999999999989,0.00851677571834164,-0.19051596116011926,0,0.20618970165548894,0.12947525266627175,1,1,0,0,0,0,0,0,0,0,0,0
2024-08-28,476.29,477.02,467.89,471.35,469.23,37372400.0,461.169,471.16799999999995,-0.01135645358391979,50.90260630089931,2.6030327778361766,0.903354098882879,0,-11.099999999999966,-0.018065971576905593,0.35850236277717196,0,0.8451683340389029,0.15810058635797847,0,1,0,0,0,0,0,0,0,0,0,0
2023-01-24,287.31,289.55,286.78,288.37,284.28,44875100.0,269.1185,282.20959999999997,-0.0020360879028296086,64.28604203132176,2.6907065930418526,0.4660515137363939,0,6.739999999999952,0.047569279994666536,-0.15009119335453291,0,0.4330785855930126,0.19725739993163072,0,1,0,0,0,0,0,0,0,0,0,0
2024-05-07,440.7,441.97,439.58,440.32,437.64,30996100.0,427.1755,436.89,0.00013711778417668796,57.23820007007652,-0.3903843371208495,-2.236398113576007,0,15.629999999999995,0.03119106204050226,0.025437354435740023,0,0.7747822018225975,0.12482248775485175,0,1,0,0,0,0,0,0,0,0,0,0
2021-02-18,330.23,333.87,328.36,332.47,323.79,32236200.0,320.15250000000003,312.0022,-0.0043664093970048334,59.95951221331375,5.07184581660232,5.16141948850669,0,-0.2699999999999818,-0.011887012337406522,0.027930217504296806,0,0.521111383436198,0.1312946063938332,0,1,0,0,0,0,0,0,0,0,0,0
2015-11-27,114.4,114.54,113.92,114.31,106.37,8828000.0,105.6555,101.7732,0.0013178951332015743,61.34320710210204,1.023214543454344,1.1276729885310512,0,0.5500000000000114,0.0013187821148904488,-0.3765492694157445,0,0.036674762148793505,0.009126517106674358,0,0,0,0,0,0,0,0,0,0,0,0
2015-01-05,102.49,102.61,101.14,101.43,93.73,36521300.0,94.15,96.64659999999999,-0.01461312026913375,60.8119815623653,0.15224413700032358,0.8365925298342243,0,0.0,0.0,0.16627068523947286,0,0.008511396804884053,0.15365867024344163,1,1,0,1,1,1,1,1,0,0,0,0
2020-07-23,264.51,265.24,256.55,258.01,250.82,51363500.0,249.47750000000002,259.0592,-0.02613084837895563,54.58931578216796,5.614941857279405,6.167699015406749,0,-1.0800000000000125,-0.03303422535919642,0.7198272253938491,0,0.3585258795481384,0.23112055175581206,0,1,0,0,0,0,0,0,0,0,0,0
2016-10-10,119.08,119.48,119.03,119.22,112.19,19687300.0,111.11949999999999,110.60520000000001,0.006368855400071816,61.1224468293032,0.6365575487159987,0.6200741681507157,0,0.6299999999999955,0.003594597843804226,-0.014856736822089434,0,0.04964238764733406,0.06580152552235963,1,1,0,0,0,0,0,0,0,0,0,0
2022-05-13,295.72,303.0,294.08,301.94,295.84,83684900.0,311.6955,320.1696,0.03705261681915384,39.29840267398221,-12.162395881919338,-10.261077663529456,0,-7.160000000000025,0.0050501764720177755,-0.30787960390667835,0,0.4588355874423474,0.39980689590384455,0,1,0,0,0,0,0,0,0,0,0,0
2018-03-29,158.1,161.71,156.63,160.13,152.76,68692600.0,153.49399999999997,156.3216,0.018332111192587153,41.379648817393594,-1.5680396556976461,-0.24843530987525553,0,-2.5500000000000114,-0.02552725259074673,-0.23136588799112,0,0.14003698669815734,0.32156163804463833,1,1,0,0,0,0,0,0,0,0,0,0
2024-10-30,499.39,500.35,495.89,496.38,494.84,29756000.0,490.6615,495.45980000000003,-0.007561019634584221,57.657507392611606,4.252506541804735,4.438274607915291,0,7.989999999999952,0.002198659959186,0.062179402515162074,0,0.9022303424611751,0.1183503691158703,0,1,0,0,0,0,0,0,0,0,0,0
2024-02-16,434.89,434.99,429.85,430.57,427.39,53661500.0,424.96449999999993,420.9264,-0.009065615580802322,57.61076736939853,5.958228614924508,6.476100449422539,0,-6.430000000000007,0.004818884276665769,0.3831673802263629,0,0.7519440297676075,0.24311388183595026,0,1,0,0,0,0,0,0,0,0,0,0
2021-05-10,332.78,332.96,325.55,325.76,317.66,60700500.0,328.4105,321.7786,-0.025253920034367328,41.160058612304844,0.6426183713352316,2.513618646344349,0,-10.169999999999959,-0.009606756053498477,0.1383229097319243,0,0.5074530424901406,0.27985063137210897,0,1,0,0,0,0,0,0,0,0,0,0
2016-12-20,120.47,120.77,120.33,120.55,113.78,11461800.0,114.3155,117.79980000000002,0.003882124580907087,61.25178428968547,0.8519102762142126,0.6218268476281499,0,0.6599999999999966,0.007957248606420997,-0.45778122590320125,0,0.053185089458791024,0.02287239733516347,1,1,0,0,0,0,0,0,0,0,0,0
2022-03-30,369.28,370.98,365.57,367.09,359.67,68757700.0,347.45349999999996,320.1696,-0.01105336962797987,59.18365386215493,5.417462365374945,1.4731180494520686,0,14.949999999999989,0.02162649984905307,0.010058319744979727,0,0.6010561262003966,0.32190139687327934,1,1,0,0,0,0,0,0,0,0,0,0
2016-08-23,117.81,118.01,117.51,117.56,110.35,11997900.0,109.326,105.96740000000001,0.0018157058556513839,70.33718568597337,1.3413652168222683,1.507975023580971,0,0.47999999999998977,0.002270036503302153,-0.17259285822655612,0,0.04554265724917003,0.025670319117566467,0,1,0,0,0,0,0,0,0,0,0,0
2015-12-24,112.61,112.9,112.54,112.59,105.09,11468600.0,100.9735,97.21340000000001,-0.0001902768528208032,58.31457069097595,-0.13297859191102646,-0.030047868667052186,0,0.0,0.013749350682399575,-0.5530013368723423,0,0.03382277578485329,0.02290788673661906,1,1,0,0,0,0,1,0,0,0,0,0
2018-05-21,168.76,169.5,167.68,168.4,160.65,22954600.0,157.57,156.3216,0.005633802816901401,58.0127328079623,1.5705734733653003,1.3386983616495503,0,-1.289999999999992,-0.003381114262531737,-0.12446839754518857,0,0.15761680889463248,0.08285366101880677,0,1,0,0,0,0,0,0,0,0,0,0
2021-09-20,367.46,369.25,360.93,365.7,357.41,76203200.0,368.071,360.955,-0.020660364433483958,36.77830666139929,1.306513551785713,2.8819931050002126,0,-9.989999999999952,-0.03181520383703729,0.25103140088290865,0,0.5960205877765647,0.36075968195233465,0,0,0,0,0,0,0,0,0,0,0,0
2017-06-19,139.49,140.59,139.28,140.46,133.21,39626500.0,132.1945,134.42780000000002,0.016715005342695655,44.37244179648596,0.5445142418850253,0.9239069472843813,0,0.46000000000000796,0.012383369200131722,-0.17594837732961233,0,0.09647735121766454,0.1698648010375431,1,1,0,0,0,0,0,0,0,0,0,0
2017-04-25,134.6,135.37,134.48,135.13,127.8,19384400.0,124.9845,127.5432,0.0071715659232405304,73.74819033965093,0.7107017591415428,0.4903182501023833,0,3.6400000000000006,0.019056444100104875,-0.13731703300860265,0,0.0844232526013235,0.06422068144869825,0,1,0,0,0,0,0,0,0,0,0,0
2022-08-05,319.19,323.83,318.39,321.75,315.86,53894000.0,297.693,299.12919999999997,-0.008164290648747019,65.63114504089151,7.7141699402374115,5.317711993812313,0,6.180000000000007,0.023759529454584816,0.38282995969076583,0,0.5034424366658496,0.2443273062239538,0,1,0,0,0,0,0,0,0,0,0,0
2016-08-01,115.31,116.13,115.17,115.84,108.74,13990100.0,105.36949999999999,105.96740000000001,0.005362426035502965,74.19857314135018,1.731186951278417,1.471888279426592,0,2.049999999999997,0.011026677229186488,-0.37503182892344533,0,0.04195539315077651,0.036067669938128405,0,1,0,0,0,0,0,0,0,0,0,0
2023-04-19,316.41,319.79,316.28,318.71,314.67,38960100.0,311.307,317.86440000000005,-0.0004764627406136368,59.477791517461185,4.259463710454952,4.650222354011497,0,5.600000000000023,0.00044549334068755275,-0.16657361236787893,0,0.500790980593124,0.16638683969489554,0,1,0,0,0,0,0,0,0,0,0,0
2021-08-05,368.18,369.91,367.45,369.67,360.89,21443900.0,354.9885,355.14700000000005,0.006329819865038111,67.38601777683398,4.206102701117345,4.48060044136536,0,3.1100000000000136,0.013850366715532081,-0.27559775962597377,0,0.603774425703527,0.07496927296307797,0,1,0,0,0,0,0,0,0,0,0,0
2016-02-22,102.58,103.38,102.48,103.28,96.4,23979100.0,93.96000000000001,97.21340000000001,0.016234450769555098,54.36162967001481,-0.9743053504983976,-1.6933514855112293,0,4.910000000000011,0.00769825200734553,-0.15141960301367052,0,0.014460462110915562,0.08820055687046108,0,1,0,0,0,0,0,0,0,0,0,0
2020-03-23,170.92,174.21,164.93,170.46,165.42,124639800.0,189.64849999999998,207.273,0.0007259528130669768,35.53726555990703,-12.483690930209605,-9.983180785359473,0,1.4699999999999989,-0.032486768071576244,0.04753500263481025,0,0.16824491432900335,0.6135517323264086,0,0,0,0,0,0,0,0,0,0,0,0
2024-10-02,480.36,483.88,477.72,481.95,480.46,23744000.0,487.4115,495.45980000000003,0.001417316269957114,53.86530700605543,4.847302099856222,4.389475180276224,0,-3.8600000000000136,-0.009796941374673462,-0.444395044857425,0,0.8701900581537843,0.0869735630054304,1,1,0,0,0,0,0,0,0,0,0,0
2016-06-16,107.19,108.14,106.5,108.04,101.15,32079900.0,101.98949999999999,101.36599999999999,0.0029747149231533765,46.47924553566326,0.20038968666153778,0.46200909999734835,0,-2.009999999999991,0.00010740228720318434,0.30375888513637084,0,0.025044005258349877,0.13047887206331726,0,0,0,0,0,0,0,0,0,0,0,0
2018-11-19,166.7,166.9,161.54,162.06,155.21,67280500.0,161.52900000000002,164.8078,-0.032477247226031514,37.36780446487146,-2.4638598086824572,-2.222764025988167,0,-4.090000000000003,-0.018511875005738698,0.028900134116931042,0,0.14549586684788668,0.3141918463100156,0,1,0,0,0,0,0,0,0,0,0,0
2020-10-01,281.79,282.88,279.84,282.25,274.39,50020200.0,266.461,267.1788,0.015883006293964996,56.553094324180115,-0.21537344637425804,-0.9368506348998235,0,16.399999999999977,0.018214786022304197,0.012948352396072949,0,0.4110425347028809,0.2241098292594458,0,0,0,0,0,0,0,0,0,0,0,0
2021-09-13,378.99,379.43,374.22,376.33,367.4,48741800.0,365.9755,359.5496,-0.0006799945600435287,56.04419367159447,3.5811700283711048,4.052782597349299,0,-5.110000000000014,-0.011708425749637152,0.21099444960670222,0,0.6182794501013791,0.21743782178579538,0,0,0,0,0,0,0,0,0,0,0,0
2023-02-03,304.94,312.39,304.54,306.18,301.83,76170800.0,282.20300000000003,282.20959999999997,-0.017768231963292136,67.75741183169731,7.666321054164939,5.039800113552422,0,9.779999999999973,0.03948030401714031,-0.08305946989669033,0,0.4721819923798488,0.36059058539245803,0,1,0,0,0,0,0,0,0,0,0,0
2018-05-25,169.53,170.33,169.21,169.72,161.91,27460500.0,159.28050000000002,156.3216,0.000989180834621406,60.98973567630724,1.5931474171449906,1.4765658109785016,0,2.1599999999999966,0.009156307274368114,-0.008520932247756963,0,0.1604242329716361,0.10637008660979663,0,1,0,0,0,0,0,0,0,0,0,0
2016-03-02,105.66,105.85,105.01,105.83,98.78,29209800.0,94.268,97.21340000000001,0.00030379746835440535,59.98469350633849,0.36376333259222804,-0.4315452099551652,0,3.0600000000000023,0.02348169329956562,-0.22520013368771186,0,0.019763374256366845,0.1154997351342465,0,0,0,0,0,0,0,0,0,0,0,0
2024-12-24,524.83,530.05,524.19,529.96,529.17,17558200.0,518.2615,,0.01356088030799274,55.082448736862105,5.258470273908074,5.7945953396013765,0,14.299999999999955,0.023308486922440252,-0.4082728963899598,0,0.9787215079877898,0.05468968954602271,1,1,0,0,0,0,0,0,0,0,0,0
2022-06-08,309.05,311.72,306.77,307.64,301.43,38342100.0,293.88800000000003,315.3218,-0.0071802641546721,49.636243601786305,-2.239704058208133,-5.035727673517499,0,1.6100000000000136,0.004790544862390167,-0.14606138489052412,0,0.4712907466411176,0.16316147938613773,0,0,0,0,0,0,0,0,0,0,0,0
2019-02-20,172.4,173.08,171.32,172.25,165.44,32593000.0,161.47,158.6992,-0.0001813017465401856,66.13574528798924,2.664028775575815,2.4852152796254487,0,1.3100000000000023,0.006012806918199498,0.6724908532048419,0,0.1682894766159399,0.13315675616432637,0,1,0,0,0,0,0,0,0,0,0,0
2022-11-23,285.97,289.46,285.79,288.82,284.04,46390000.0,273.1875,271.5502,0.010027736291871037,58.284420821602886,2.940521842751025,1.5124557777515613,0,3.330000000000041,0.014139334353575395,0.1078632258187775,0,0.4325438381497738,0.20516370791178795,0,1,0,0,0,0,0,0,0,0,0,0
2019-09-05,190.41,192.33,190.34,191.78,184.94,33932600.0,179.748,182.1802,0.018335994713947423,58.078982009504244,0.0330072663658143,-0.5756819986472345,0,6.449999999999989,0.023011935567562758,0.5715284756924985,0,0.21173770637909134,0.14014816825107707,0,0,0,0,0,0,0,0,0,0,0,0
2017-11-09,153.23,153.77,152.11,153.69,146.07,40594500.0,143.05149999999998,142.3742,-0.005243802778534534,70.69930789843424,1.874750078819062,1.5787063360492388,0,1.7800000000000011,-0.0006623068152228351,1.3365758194952084,0,0.12513090171787616,0.17491682171533846,0,1,0,0,0,0,0,0,0,0,0,0
2022-06-27,296,296.58,291.29,292.45,287.09,54151500.0,282.56149999999997,299.12919999999997,-0.007330313612945671,46.43708875590259,-5.492832739671087,-6.991673705982292,0,0.0,0.04180965595546571,-0.07310222295253699,0,0.4393395869076,0.24567120635260284,1,1,0,0,0,0,1,0,0,0,0,0
2020-07-22,264.51,265.89,262.55,264.93,257.55,29865500.0,248.78249999999997,259.0592,0.003545822942643495,65.31669984787538,6.264495341323084,6.305888304938584,0,3.920000000000016,0.02148791529938976,-0.30936920437149373,0,0.37352108910229276,0.11892185285989776,0,1,0,0,0,0,0,0,0,0,0,0
2018-12-20,154.15,155.87,150.39,152.29,145.85,99002100.0,156.06300000000002,160.0142,-0.014527027027027017,32.70042607004201,-3.144236448363074,-2.1458724984322974,0,-12.27000000000001,-0.03281162896705059,0.20945923659086318,0,0.12464071656157394,0.4797478164884803,0,0,0,0,0,0,0,0,0,0,0,0
2016-03-14,106.09,106.92,106.06,106.67,99.57,25374900.0,96.951,96.1894,0.0017102615694164491,61.25279981772433,0.8897890741221914,0.5449716928685391,0,1.539999999999992,0.017681496775615035,-0.19326953646595024,0,0.02152358459036119,0.09548527842218296,0,0,0,0,0,0,0,0,0,0,0,0
2017-03-06,130.59,130.95,130.21,130.73,123.39,12026200.0,121.92150000000001,118.1984,-0.0021834061135370675,70.18029655586164,1.6058880651389131,1.6936339316815203,0,0.29999999999999716,-0.005398189728352487,-0.12362727451594802,0,0.0745972683318108,0.02581801765597723,0,0,0,0,0,0,0,0,0,0,0,0
2016-02-22,102.58,103.38,102.48,103.28,96.4,23979100.0,93.96000000000001,97.21340000000001,0.016234450769555098,54.36162967001481,-0.9743053504983976,-1.6933514855112293,0,4.910000000000011,0.00769825200734553,-0.15141960301367052,0,0.014460462110915562,0.08820055687046108,0,1,0,0,0,0,0,0,0,0,0,0
2017-12-01,154.2,155.24,152.26,154.49,146.83,59015800.0,146.776,142.9042,-0.004272345042723447,55.862847829855276,1.2958911649570268,1.5200342558641937,0,-1.6799999999999784,-0.013330534538194438,0.042764884133897674,0,0.12682426862146567,0.2710581321614872,0,0,0,0,0,0,0,0,0,0,0,0
2020-05-11,223.49,227.93,223.25,226.87,220.17,35714100.0,208.93449999999999,206.5184,0.008982173135969829,64.79478010183325,5.951772482844717,5.147138921271306,0,11.309999999999974,0.03553177603423041,0.12124085230893855,0,0.29023417481785163,0.1494458695294784,0,1,0,0,0,0,0,0,0,0,0,0
2023-08-07,373.88,375.29,371.51,375.19,370.94,37230400.0,373.7275,366.631,0.008454992795585037,52.77800390253195,2.7290224625433552,4.362533798297262,0,-8.399999999999977,0.002179801837569051,-0.3960633421038118,0,0.6261669748891513,0.15735948415111178,0,1,0,0,0,0,0,0,0,0,0,0
2022-07-29,311.39,316.39,309.93,315.46,309.68,57501000.0,290.3095,299.12919999999997,0.018215295587558522,64.12809379989534,4.57195600755972,2.2206623069769917,0,13.220000000000027,0.07026183644208572,0.042820171962589804,0,0.48967269000245095,0.2631523460842925,0,1,0,0,0,0,0,0,0,0,0,0
2015-01-05,102.49,102.61,101.14,101.43,93.73,36521300.0,94.15,96.64659999999999,-0.01461312026913375,60.8119815623653,0.15224413700032358,0.8365925298342243,0,0.0,0.0,0.16627068523947286,0,0.008511396804884053,0.15365867024344163,1,1,0,1,1,1,1,1,0,0,0,0
