Date,Open,High,Low,Close,Adj Close,Volume,SMA_20,SMA_50,daily_return,RSI_14,MACD,Signal_Line,target,momentum_5d,return_3d,volume_change,outlier_return,Adj Close_norm,Volume_norm,SMA_20_was_imputed,SMA_50_was_imputed,daily_return_was_imputed,RSI_14_was_imputed,MACD_was_imputed,Signal_Line_was_imputed,momentum_5d_was_imputed,return_3d_was_imputed,volume_change_was_imputed,outlier_return_was_imputed,Adj Close_norm_was_imputed,Volume_norm_was_imputed
2015-01-02,206.38,206.88,204.18,205.43,172.08,121465900.0,169.691,172.55380000000002,0.0,58.15626825514846,0.1631568660847904,1.024884813884194,0,0.0,0.0,0.0,0,0.034633652915823765,0.2078054221752565,1,1,1,1,1,1,1,1,1,0,0,0
2015-01-05,204.17,204.37,201.35,201.72,168.97,169632600.0,169.691,172.55380000000002,-0.01807298930729906,58.15626825514846,0.1631568660847904,1.024884813884194,0,0.0,0.0,0.39654503856637957,0,0.027794880816254697,0.30671557000030597,1,1,0,1,1,1,1,1,0,0,0,0
2015-01-06,202.09,202.72,198.86,199.82,167.38,209151400.0,169.691,172.55380000000002,-0.009409954429780432,58.15626825514846,0.1631568660847904,1.024884813884194,1,0.0,0.0,0.23296701223703464,0,0.024298531093323916,0.38786728580953866,1,1,0,1,1,1,1,1,0,0,0,0
2015-01-07,201.42,202.72,200.88,202.31,169.46,125346700.0,169.691,172.55380000000002,0.012426813239335699,58.15626825514846,0.1631568660847904,1.024884813884194,1,0.0,-0.015056130497743792,-0.40068916583871783,0,0.02887237224030259,0.2157746312279724,1,1,0,1,1,1,1,0,0,0,0,0
2015-01-08,204.01,206.16,203.99,205.9,172.47,147217800.0,169.691,172.55380000000002,0.01776230378850463,58.15626825514846,0.1631568660847904,1.024884813884194,0,0.0,0.020779162598059897,0.17448484882330373,0,0.035491248130882225,0.2606868576021363,1,1,0,1,1,1,1,0,0,0,0,0
2015-01-09,206.4,206.42,203.51,204.25,171.09,158567300.0,169.691,172.55380000000002,-0.008001391546355818,58.15626825514846,0.1631568660847904,1.024884813884194,0,-0.9900000000000091,0.02218772548148451,0.07709325910317899,0,0.03245668044682909,0.28399301564784835,1,1,0,1,1,1,0,0,0,0,0,0
2015-01-12,204.41,204.6,201.92,202.65,169.75,144396100.0,169.691,172.55380000000002,-0.007832135133555407,58.15626825514846,0.1631568660847904,1.024884813884194,0,0.7800000000000011,0.0019287771085934047,-0.08937025477510185,0,0.029510071246371672,0.2548925066476814,1,1,0,1,1,1,0,0,0,0,0,0
2015-01-13,204.12,205.48,200.51,202.08,169.27,214553300.0,169.691,172.55380000000002,-0.0028276877761412855,58.15626825514846,0.1631568660847904,1.024884813884194,0,1.8900000000000148,-0.01866121445605251,0.48586630802355457,0,0.028454569443222777,0.39896006832393416,1,1,0,1,1,1,0,0,0,0,0,0
2015-01-14,199.65,201.1,198.57,200.86,168.25,192991100.0,169.691,172.55380000000002,-0.00602587581969638,58.15626825514846,0.1631568660847904,1.024884813884194,0,-1.210000000000008,-0.016685698729393073,-0.10049810466676579,0,0.026211628111531327,0.35468216700552785,1,1,0,1,1,1,0,0,0,0,0,0
2015-01-15,201.63,202.01,198.88,199.02,166.71,176613900.0,169.691,172.55380000000002,-0.009153046062407078,58.15626825514846,0.1631568660847904,1.024884813884194,1,-5.759999999999991,-0.018006609658244743,-0.08485987177647047,0,0.022825226493095263,0.3210516448198601,1,1,0,1,1,1,0,0,0,0,0,0
2015-01-16,198.77,201.82,198.55,201.63,168.89,211879600.0,169.691,172.55380000000002,0.01307660008397793,58.15626825514846,0.1631568660847904,1.024884813884194,1,-2.200000000000017,-0.0021023217981255282,0.19967680912997232,0,0.027618963849063205,0.3934696348452064,1,1,0,1,1,1,0,0,0,0,0,0
2015-01-20,202.4,202.72,200.17,202.06,169.25,130991100.0,169.691,172.55380000000002,0.002131564923915086,58.15626825514846,0.1631568660847904,1.024884813884194,1,-0.5,0.006055118945485938,-0.38176634277202715,0,0.02841059020142489,0.22736538663333977,1,1,0,1,1,1,0,0,0,0,0,0
2015-01-21,201.5,203.66,200.94,203.08,170.11,122942700.0,169.691,172.55380000000002,0.005081240768094686,58.15626825514846,0.1631568660847904,1.024884813884194,1,0.8400000000000034,0.0202894057759877,-0.061442342266001315,0,0.030301697598733413,0.21083802574386368,1,1,0,1,1,1,0,0,0,0,0,0
2015-01-22,203.99,206.26,202.33,206.1,172.64,174356000.0,169.691,172.55380000000002,0.014872729410381424,58.15626825514846,0.1631568660847904,1.024884813884194,0,4.389999999999986,0.022085535102391196,0.4181891238764075,0,0.035865071686164096,0.3164150551682091,1,1,0,0,1,1,0,0,0,0,0,0
2015-01-23,205.79,206.1,204.81,204.97,171.69,117516800.0,169.691,172.55380000000002,-0.005502780352177883,54.09291660631673,0.1631568660847904,1.024884813884194,1,4.97999999999999,0.014451189826298227,-0.32599509050448505,0,0.033776057700765194,0.1996959593144854,1,1,0,0,1,1,0,0,0,0,0,0
2015-01-26,204.71,205.56,203.85,205.45,172.09,92009700.0,169.691,172.55380000000002,0.0023297804181956483,55.50266921513548,0.1631568660847904,1.024884813884194,0,3.200000000000017,0.01169972947639919,-0.2170506685001634,0,0.03465564253672265,0.14731721982042995,1,1,0,0,1,1,0,0,0,0,0,0
2015-01-27,202.97,204.12,201.74,202.74,169.82,134044600.0,169.691,172.55380000000002,-0.013190772270323725,46.73207837814337,0.1631568660847904,1.024884813884194,0,0.5699999999999932,-0.01636377220430596,0.4568529187683472,0,0.02966399859266422,0.23363573806667004,1,1,0,0,1,1,0,0,0,0,0,0
2015-01-28,204.17,204.29,199.91,200.14,167.64,168514300.0,169.691,172.55380000000002,-0.01283712165822637,40.16752253489445,0.1631568660847904,1.024884813884194,1,-2.4700000000000273,-0.023698113510354446,0.2571509781072867,0,0.024870261236696223,0.3044191449117541,1,1,0,0,1,1,0,0,0,0,0,0
2015-01-29,200.38,202.3,198.68,201.99,169.19,173585400.0,169.691,172.55380000000002,0.009246003340491527,45.97810843001822,0.1631568660847904,1.024884813884194,0,-3.4499999999999886,-0.016781890588058568,0.03009299507519536,0,0.028278652476031285,0.31483263079797025,1,1,0,0,1,1,0,0,0,0,0,0
2015-01-30,200.57,202.17,199.13,199.45,167.07,197729700.0,169.691,172.55380000000002,-0.01253029138837991,40.22424340685436,0.1631568660847904,1.024884813884194,1,-4.6200000000000045,-0.016121409706114753,0.1390917669343159,0,0.023616852845456893,0.3644128653195867,0,1,0,0,1,1,0,0,0,0,0,0
2015-02-02,200.05,202.03,197.86,201.92,169.14,163107000.0,169.544,172.55380000000002,0.012390016160890527,47.175497348791694,0.1631568660847904,1.024884813884194,1,-2.950000000000017,0.009105728113002143,-0.17510116082712912,0,0.028168704371536568,0.29331527351648745,0,1,0,0,1,1,0,0,0,0,0,0
2015-02-03,203,204.85,202.55,204.84,171.58,124212900.0,169.6745,172.55380000000002,0.014425919356745975,53.97034817490234,0.1631568660847904,1.024884813884194,0,1.7600000000000193,0.014285644129256592,-0.23845757692802882,0,0.03353417187087693,0.21344637694432744,0,1,0,0,1,1,0,0,0,0,0,0
2015-02-04,203.92,205.38,203.51,204.06,170.93,134306700.0,169.852,172.55380000000002,-0.0037883203170533397,52.049601319352206,0.1631568660847904,1.024884813884194,1,3.2900000000000205,0.023027615200583162,0.08126209113546179,0,0.032104846512446106,0.23417395948821118,0,1,0,0,1,1,0,0,0,0,0,0
2015-02-05,204.86,206.3,204.77,206.12,172.65,97953200.0,170.0115,172.55380000000002,0.010062598724624117,56.46484594266091,0.1631568660847904,1.024884813884194,0,3.460000000000008,0.020700197764316752,-0.27067525298440065,0,0.03588706130706304,0.15952217601627028,0,1,0,0,1,1,0,0,0,0,0,0
2015-02-06,206.56,207.24,204.92,205.55,172.18,125672000.0,169.997,172.55380000000002,-0.0027222704894295235,54.97519865669931,0.1631568660847904,1.024884813884194,0,5.110000000000014,0.0035520079181412534,0.28298003536382677,0,0.03485354912481309,0.21644263362563487,0,1,0,0,1,1,0,0,0,0,0,0
2015-02-09,204.77,205.64,204.14,204.63,171.41,87219000.0,170.013,172.55380000000002,-0.004472064118945296,52.53012854831529,0.1631568660847904,1.024884813884194,1,2.2700000000000102,0.0028682641162492972,-0.3059790565917627,0,0.033160348315595,0.1374795343409293,0,1,0,0,0,1,0,0,0,0,0,0
2015-02-10,205.88,207.12,204.68,206.81,173.23,96164200.0,170.187,172.55380000000002,0.01061781693016739,57.357717633785775,0.3487429871683787,1.024884813884194,1,1.6499999999999773,0.0034234823217925703,0.10256022196998371,0,0.03716245931920131,0.15584847085359535,0,1,0,0,0,1,0,0,0,0,0,0
2015-02-11,206.61,207.45,205.83,206.93,173.33,91087800.0,170.39000000000001,172.55380000000002,0.0005772672169948034,57.61278822345541,0.4981481477077523,1.024884813884194,1,2.4000000000000057,0.006723020028216897,-0.052788875693865256,0,0.03738235552819069,0.1454241014361538,0,1,0,0,0,1,0,0,0,0,0,0
2015-02-12,207.89,208.99,206.97,208.92,175.0,97545900.0,170.72750000000002,172.55380000000002,0.009634800669243493,61.729797617465074,0.7427459441678366,1.024884813884194,1,2.3499999999999943,0.020829884816405686,0.07089972531996591,0,0.041054622218312964,0.1586857869090833,0,1,0,0,0,1,0,0,0,0,0,0
2015-02-13,209.07,209.84,208.76,209.78,175.72,93670400.0,171.17800000000003,172.55380000000002,0.004114285714285737,63.38119606480538,0.9833539505776514,1.024884813884194,1,3.539999999999992,0.014326353600524033,-0.03973001428045664,0,0.04263787492303628,0.15072746138759274,0,1,0,0,0,1,0,0,0,0,0,0
2015-02-17,209.4,210.32,209.1,210.11,176.0,76968200.0,171.5335,172.55380000000002,0.0015934441156384427,64.03121660439932,1.1829943664191944,1.024884813884194,1,4.590000000000003,0.015342530499167673,-0.17830819554523092,0,0.04325358430820653,0.11642955285319986,0,1,0,0,0,1,0,0,0,0,0,0
2015-02-18,209.66,210.22,209.34,210.13,176.01,80652900.0,171.8715,172.55380000000002,5.681818181813014e-05,64.05575685087237,1.3267241011506883,1.024884813884194,0,2.780000000000001,0.00576454801174231,0.04787301768782437,0,0.043275573929105415,0.1239960712505773,0,1,0,0,0,1,0,0,0,0,0,0
2015-02-19,209.41,210.42,209.24,209.98,175.89,91462500.0,172.1605,172.55380000000002,-0.0006817794443497727,63.49591560547589,1.4146408551295053,1.024884813884194,1,2.559999999999974,0.0009684828531068002,0.13402617884787782,0,0.043011698478318205,0.14619354655882252,0,1,0,0,0,1,0,0,0,0,0,0
2015-02-20,209.48,211.33,208.73,211.24,176.94,140896400.0,172.3755,172.55380000000002,0.005969640115981667,66.2735205125162,1.55116092328808,1.024884813884194,0,1.9399999999999977,0.0053446788534500245,0.5404827114937816,0,0.04532060867270643,0.24770588509496294,0,1,0,0,0,0,0,0,0,0,0,0
2015-02-23,210.94,211.21,210.48,211.21,176.92,74411100.0,172.637,172.55380000000002,-0.00011303266644069332,66.17024030479644,1.6388486014944874,1.1476775714062528,1,1.1999999999999886,0.005174828005191201,-0.4718736603632172,0,0.045276629430908544,0.11117855706143015,0,1,0,0,0,0,0,0,0,0,0,0
2015-02-24,211.12,212.05,210.76,211.81,177.42,72472300.0,172.9035,172.55380000000002,0.002826136106715005,67.53247198892926,1.7287594764254948,1.2638939524101014,0,1.4199999999999875,0.008682743556255978,-0.02605525250937024,0,0.046376110475855326,0.10719723812940438,0,1,0,0,0,0,0,0,0,0,0,0
2015-02-25,211.66,212.24,211.22,211.63,177.27,73061700.0,173.276,172.55380000000002,-0.00084545147108539,66.66519631539077,1.7675356949449395,1.364622300917069,0,1.2600000000000193,0.0018676519691889215,0.008132762448549213,0,0.04604626616237134,0.1084075689415232,0,1,0,0,0,0,0,0,0,0,0,0
2015-02-26,211.52,211.71,210.65,211.38,177.06,72697900.0,173.747,172.55380000000002,-0.0011846336097478538,65.39892191806317,1.7610209294551282,1.443902026624681,0,1.170000000000016,0.000796051025881761,-0.004979353067338987,0,0.045584484123493696,0.10766050693024251,0,1,0,0,0,0,0,0,0,0,0,0
2015-02-27,211.26,211.58,210.6,210.66,176.46,108076000.0,174.1105,172.55380000000002,-0.003388681802778737,61.787753779863266,1.68798490601489,1.4927186025027228,1,-0.47999999999998977,-0.005418766883611981,0.48664541891856583,0,0.04426510686955759,0.18030930995742486,0,1,0,0,0,0,0,0,0,0,0,0
2015-03-02,210.78,212.06,210.72,211.99,177.57,87491400.0,174.6355,172.55380000000002,0.006290377422645266,65.57487383686036,1.7000736636498743,1.5341896147321532,0,0.6500000000000057,0.001717062010118675,-0.19046411784299933,0,0.04670595478933942,0.13803890677598388,0,1,0,0,0,0,0,0,0,0,0,0
2015-03-03,211.47,212.05,210.08,211.12,176.84,110325800.0,175.0205,172.55380000000002,-0.004111054795291946,61.273901914822645,1.6319372354305415,1.553739138871831,0,-0.5799999999999841,-0.0012093591754254174,0.2609902230390644,0,0.04510071246371711,0.1849292662877692,0,1,0,0,0,0,0,0,0,0,0,0
2015-03-04,210.4,210.49,209.06,210.23,176.1,114497200.0,175.2465,172.55380000000002,-0.004184573625876542,57.17974132943421,1.5009250795842775,1.5431763270143204,1,-1.170000000000016,-0.0020052509985232225,0.03780983233296298,0,0.04347348051719585,0.1934952214110683,0,1,0,0,0,0,0,0,0,0,0,0
2015-03-05,210.62,210.8,209.85,210.46,176.29,76873000.0,175.5145,172.55380000000002,0.0010789324247586496,57.956515196499154,1.396332363982964,1.5138075344080493,0,-0.7700000000000102,-0.007216695996409839,-0.3286036689106808,0,0.04389128331427561,0.11623405999043482,0,1,0,0,0,0,0,0,0,0,0,0
2015-03-06,209.42,209.94,207.1,207.5,173.81,188128000.0,175.57250000000002,172.55380000000002,-0.01406772930966016,46.180751569467304,1.100639126814059,1.4311738528892513,1,-2.6500000000000057,-0.017173370510778052,1.4472571644140335,0,0.03843785733133959,0.34469580838249575,0,1,0,0,0,0,0,0,0,0,0,0
2015-03-09,207.74,208.79,207.55,208.36,174.53,89818900.0,175.69,172.55380000000002,0.004142454404234552,49.3954614368518,0.9138636375584497,1.327711809823091,0,-3.039999999999992,-0.008846342480666958,-0.5225649557747916,0,0.04002111003606296,0.14281841978108495,0,1,0,0,0,0,0,0,0,0,0,0
2015-03-10,206.71,206.81,204.93,204.98,171.7,157121300.0,175.7045,172.55380000000002,-0.016214977367787875,39.42684652745354,0.5313601785968558,1.1684414835778438,0,-5.140000000000015,-0.026140252273213482,0.7493122271593173,0,0.03379804732166414,0.2810236597701357,0,1,0,0,0,0,0,0,0,0,0,0
2015-03-11,205.29,205.5,204.4,204.5,171.3,110145700.0,175.608,172.55380000000002,-0.002329644729178626,38.25179258498596,0.19371376284519215,0.9734959394313136,1,-4.799999999999983,-0.014402167692731949,-0.2989766505241491,0,0.032918462485706734,0.18455943157575258,0,1,0,0,0,0,0,0,0,0,0,0
2015-03-12,205.26,207.18,205.2,207.1,173.47,93993500.0,175.615,172.55380000000002,0.012667834208990092,47.40897423136994,0.10007382158289602,0.7988115158616301,0,-2.819999999999993,-0.005876787887976409,-0.14664394524706825,0,0.03769021022077579,0.15139094609304846,0,1,0,0,0,0,0,0,0,0,0,0
2015-03-13,206.77,207.93,204.58,205.83,172.41,162410900.0,175.4855,172.55380000000002,-0.006110566668588224,43.978100336534375,-0.058989651731849335,0.6272512823429343,1,-1.4000000000000057,0.004227622811223242,0.7278950140169267,0,0.035359310405488564,0.29188583463234097,0,1,0,0,0,0,0,0,0,0,0,0
2015-03-16,206.71,208.69,205.86,208.58,174.71,136099200.0,175.435,172.55380000000002,0.013340293486456822,52.081289436994304,0.0005359991097009242,0.5019082256962876,0,0.18000000000000682,0.01989756102685869,-0.16200698352142617,0,0.04041692321224383,0.23785485188848776,0,0,0,0,0,0,0,0,0,0,0,0
2015-03-17,207.69,208.42,206.98,207.96,174.19,94510400.0,175.34449999999998,172.59599999999998,-0.0029763608265125363,50.30951487088278,0.005685315306209304,0.4026636436182719,1,2.490000000000009,0.004253365991356062,-0.305577108462063,0,0.03927346292549916,0.15245239841199013,0,0,0,0,0,0,0,0,0,0,0,0
2015-03-18,207.39,211.27,206.62,210.46,176.29,228808500.0,175.3585,172.7424,0.012055801136689803,56.71387928607479,0.17717625745100918,0.35756616638481936,0,4.989999999999981,0.02241973379663409,1.4209875315309213,0,0.04389128331427561,0.42823307102654085,0,0,0,0,0,0,0,0,0,0,0,0
2015-03-19,209.96,210.47,209.03,209.5,175.48,117917300.0,175.33800000000002,172.90439999999998,-0.004594701911622923,53.83188702454628,0.24490077044248437,0.3350330871963524,1,2.009999999999991,0.004484738398554344,-0.4846463308836866,0,0.0421101240214618,0.20051838464576058,0,0,0,0,0,0,0,0,0,0,0,0
2015-03-20,209.71,211.02,209.49,210.41,177.03,177715100.0,175.3425,173.0558,0.008832915431958188,58.20835983275172,0.41881711799487675,0.3517898933560573,0,4.6200000000000045,0.01629401465702507,0.5071164282085834,0,0.045518515260796866,0.3233129551189868,0,0,0,0,0,0,0,0,0,0,0,0
2015-03-20,0.93 Dividend,,,,,,175.073,176.6218,0.0,58.20835983275172,0.41881711799487675,0.3651953382838212,0,0.0,0.0042382135203352655,0.0,0,0.04477086815023307,0.10578484326585613,1,1,0,0,0,0,1,0,0,0,1,1
2015-03-23,210.42,211.11,210.0,210.0,176.69,71784500.0,175.073,176.6218,-0.0019205784330339482,58.208359832751725,0.5507158392166787,0.40229943847039273,0,2.5,0.00691233699892424,-0.596069776850701,0,0.04477086815023307,0.10578484326585613,1,1,0,0,0,0,0,0,0,0,0,0
2015-03-24,209.85,210.4,208.74,208.82,175.7,77805300.0,175.073,176.6218,-0.005603033561605075,54.11607418575549,0.5423890313678328,0.4303173570498808,0,-0.5900000000000034,-0.007523611994639023,0.08387325954767388,0,0.04259389568123839,0.11814853473787015,1,1,0,0,0,0,0,0,0,0,0,0
2015-03-25,209.07,209.35,205.71,205.76,173.12,159521700.0,175.073,176.6218,-0.014684120660216182,45.19803584256974,0.3238721416700798,0.40902831397392064,0,-2.359999999999985,-0.022207732654855206,1.0502677838142134,0,0.03692057348931305,0.28595287266699704,1,1,0,0,0,0,0,0,0,0,0,0
2015-03-26,204.96,206.37,204.12,205.27,172.71,153067200.0,175.073,176.6218,-0.0023682994454713446,43.958289957925736,0.1162720469875751,0.3504770605766515,1,-4.319999999999993,-0.022655453667292602,-0.04046157983521992,0,0.0360189990324567,0.27269857978131495,1,1,0,0,0,0,0,0,0,0,0,0
2015-03-27,205.13,205.95,204.9,205.74,173.1,118939000.0,175.073,176.6218,0.002258120548896958,45.48992511112567,-0.0165915263048646,0.2770633432003483,1,0.0,-0.014794299556790569,-0.2229622022222919,0,0.03687659424751516,0.20261644197650677,1,1,0,0,0,0,1,0,0,0,0,0
2015-03-30,206.98,208.61,206.96,208.25,175.22,96180400.0,175.073,176.6218,0.012247255921432831,53.0082561748234,0.04861896785413933,0.23137446813110651,0,-1.4699999999999989,0.012137077024858445,-0.1913468248429867,0,0.0415383938780895,0.15588173749620873,1,1,0,0,0,0,0,0,0,0,0,0
2015-03-31,207.26,208.1,206.36,206.43,173.68,126768700.0,175.073,176.6218,-0.008788951032987047,47.845782265600256,-0.02369325430456115,0.180360923643973,0,-2.019999999999982,0.0057164254373427426,0.3180304926991362,0,0.03815199225965343,0.21869470319070228,1,1,0,0,0,0,0,0,0,0,0,0
2015-04-01,206.39,206.42,204.51,205.7,173.07,137303600.0,175.073,176.6218,-0.003512206356517833,45.9373612320711,-0.12873908928011701,0.11854092105915501,1,-0.05000000000001137,-5.390146807204843e-05,0.08310332124570174,0,0.03681062538481833,0.2403280830220404,1,1,0,0,0,0,0,0,0,0,0,0
2015-04-02,205.62,206.98,205.4,206.44,173.69,86900900.0,175.073,176.6218,0.003582365516842989,48.19895996478028,-0.1601141555512129,0.06280990573708144,1,0.9799999999999898,-0.00871879187266189,-0.36708942809948175,0,0.03817398188055238,0.13682631711776166,1,1,0,0,0,0,0,0,0,0,0,0
2015-04-06,205.37,208.45,205.21,207.83,174.86,114368200.0,175.073,176.6218,0.0067361390983937675,52.257779848570934,-0.0895377641049322,0.03234037176867871,0,1.7600000000000193,0.006806298258718924,0.31607612809533614,0,0.04074676752572787,0.19323032036803586,1,1,0,0,0,0,0,0,0,0,0,0
2015-04-07,207.86,208.76,207.24,207.28,174.4,81236300.0,175.073,176.6218,-0.002630675969346963,50.57976888593622,-0.0699176538366828,0.01188876664760641,1,-0.8199999999999932,0.007687828645889794,-0.2896950376066074,0,0.039735244964376804,0.12519408108395041,1,1,0,0,0,0,0,0,0,0,0,0
2015-04-08,207.55,208.51,207.08,207.98,174.99,89351900.0,175.073,176.6218,0.003383027522935844,52.67861292524291,-0.00668346312693302,0.008174320692698524,1,1.3100000000000023,0.007488490651982649,0.09990115256357068,0,0.04103263259741402,0.1418594369353783,1,1,0,0,0,0,0,0,0,0,0,0
2015-04-09,207.78,209.18,207.19,208.9,175.76,85548900.0,175.073,176.6218,0.00440025144293954,55.34410613240207,0.10435966022828325,0.02741138859981547,1,2.6899999999999977,0.0051526029965284215,-0.04256204960386967,0,0.04272583340663205,0.1340499899070649,1,1,0,0,0,0,0,0,0,0,0,0
2015-04-10,209.2,210.09,208.96,210.04,176.72,72722900.0,175.073,176.6218,0.005461993627674078,58.4839048239603,0.26675117100256784,0.07527934508036595,0,3.030000000000001,0.013245272593549462,-0.149925948784847,0,0.0448368370129299,0.1077118443416829,1,1,0,0,0,0,0,0,0,0,0,0
2015-04-13,209.87,210.63,209.03,209.09,175.92,74436600.0,175.073,176.6218,-0.004526935264825727,55.01263102382069,0.3271234239339833,0.12564816085108943,1,1.0599999999999739,0.005335309805787891,0.023564791833109,0,0.04307766734101498,0.11123092122109934,1,1,0,0,0,0,0,0,0,0,0,0
2015-04-14,208.85,209.71,208.1,209.49,176.26,75099900.0,175.073,176.6218,0.001932696680309265,56.202436792502034,0.397818226955053,0.18008217407188215,1,1.8599999999999852,0.002867755043157616,0.008910938973569538,0,0.043825314451578834,0.112593005421436,1,1,0,0,0,0,0,0,0,0,0,0
2015-04-15,210.05,211.04,209.95,210.43,177.05,99529300.0,175.073,176.6218,0.004482015204811285,58.920992725556836,0.5116922951116578,0.2464041982798373,0,2.0600000000000023,0.0018877766202948232,0.32529204433028536,0,0.04556249450259475,0.16275869178311875,1,1,0,0,0,0,0,0,0,0,0,0
2015-04-16,210.03,210.98,209.79,210.37,177.0,68934900.0,175.073,176.6218,-0.00028240609997187693,58.67276375445992,0.5910900146632798,0.3153413615565258,0,1.240000000000009,0.006132305785148673,-0.3073908889141188,0,0.04545254639810009,0.09993319976023377,1,1,0,0,0,0,0,0,0,0,0,0
2015-04-17,208.94,209.23,207.01,207.95,174.96,191113200.0,175.073,176.6218,-0.011525423728813489,49.508331797707925,0.4838250939169484,0.34903810802861035,1,-1.759999999999991,-0.007325814623974081,1.7723721946358086,0,0.04096666373471719,0.35082590600777086,1,1,0,0,0,0,0,0,0,0,0,0
2015-04-20,209.06,210.25,208.96,209.85,176.56,92189500.0,175.073,176.6218,0.009144947416552363,55.393293756602425,0.5219072774471272,0.38361194191231374,0,0.6400000000000148,-0.002662882412233003,-0.5176183539389221,0,0.044485003078546914,0.1476864384835093,0,1,0,0,0,0,0,0,0,0,0,0
2015-04-21,210.67,210.86,209.24,209.6,176.35,72559800.0,175.05599999999998,176.6218,-0.001189397371998191,54.495516277223864,0.5290439479913402,0.4126983431281191,1,0.09000000000000341,-0.003569873684259317,-0.2129277195342203,0,0.04402322103966927,0.10737691906944577,0,1,0,0,0,0,0,0,0,0,0,0
2015-04-22,210.01,210.85,208.9,210.63,177.22,78264600.0,175.132,176.6218,0.004933371136943698,57.564044644162976,0.5980080750787806,0.4497602895182514,1,0.1699999999999875,0.01288892118149787,0.07862204691854169,0,0.04593631805787668,0.11909170566085314,0,1,0,0,0,0,0,0,0,0,0,0
2015-04-23,210.15,211.94,210.01,211.16,177.66,102585900.0,175.35899999999998,176.6218,0.0024827897528496568,59.06740581206354,0.680324606841566,0.4958731529829144,1,0.6599999999999966,0.006226763517795164,0.31075735389946413,0,0.0469038613774298,0.1690354090554676,0,1,0,0,0,0,0,0,0,0,0,0
2015-04-24,211.66,211.97,211.11,211.65,178.08,61327400.0,175.6275,176.6218,0.0023640661938535423,60.50569149012709,0.7705689025891331,0.5508123029041582,0,3.1200000000000045,0.009780227083646897,-0.4021849006539885,0,0.047827425455185146,0.08431122545892053,0,1,0,0,0,0,0,0,0,0,0,0
2015-04-27,212.33,212.48,210.54,210.77,177.34,79358100.0,175.8395,176.6218,-0.004155435759209403,56.72380610683443,0.7734603718774906,0.5953419166988247,1,0.7800000000000011,0.0006914201874937964,0.29400724635317976,0,0.04620019350866389,0.12133720403725617,0,1,0,0,0,0,0,0,0,0,0,0
2015-04-28,210.74,211.5,209.33,211.44,177.9,86863500.0,175.9735,176.6218,0.0031577760234577923,58.82141512924025,0.8115837695036703,0.6385902872597939,0,1.5500000000000114,0.001366406458101932,0.09457635704483858,0,0.047431612279004276,0.13674951635024682,0,1,0,0,0,0,0,0,0,0,0,0
2015-04-29,210.37,211.29,209.6,210.57,177.17,125684900.0,176.148,176.6218,-0.004103428892636374,55.073920700701045,0.7739700922078896,0.6656662482494131,0,-0.05000000000001137,-0.005101088628387984,0.44692419715991183,0,0.04582636995338196,0.2164691237299381,0,1,0,0,0,0,0,0,0,0,0,0
2015-04-30,209.88,210.35,207.62,208.46,175.39,161304900.0,176.264,176.6218,-0.010046847660439173,47.18073913236176,0.5936862129339033,0.6512702411863112,1,-2.2700000000000102,-0.010992500529617755,0.2834071555135105,0,0.041912217433371424,0.28961466755021775,0,1,0,0,0,0,0,0,0,0,0,0
2015-05-01,209.4,210.77,209.28,210.72,177.29,103399700.0,176.44400000000002,176.6218,0.010833000741205412,54.65183188521513,0.5972394560903638,0.6404640841671217,1,-0.7900000000000205,-0.003317275811870135,-0.35897979540609115,0,0.04609024540416917,0.17070654447267547,0,1,0,0,0,0,0,0,0,0,0,0
2015-05-04,211.23,212.02,211.1,211.32,177.8,70927200.0,176.591,176.6218,0.002876642788651518,56.433180512209816,0.6339009490922933,0.6391514571521562,0,0.46000000000000796,0.0036627958694177565,-0.3140482999467117,0,0.04721171607001495,0.10402438075274198,0,1,0,0,0,0,0,0,0,0,0,0
2015-05-05,211.03,211.46,208.73,208.9,175.76,113326200.0,176.659,176.6218,-0.01147356580427461,48.26595168170061,0.4926653558705141,0.6098542368958277,0,-2.140000000000015,0.0022360777255823194,0.5977819510709572,0,0.04272583340663205,0.19109057705920005,0,1,0,0,0,0,0,0,0,0,0,0
2015-05-06,209.56,209.93,206.76,208.04,175.04,135060200.0,176.6615,176.6218,-0.004096495220755614,45.749362882704375,0.3189603713705935,0.5516754637907809,1,-2.1299999999999955,-0.012693418236378706,0.19178265926149463,0,0.04114258070190868,0.2357212690690248,0,1,0,0,0,0,0,0,0,0,0,0
2015-05-07,207.92,209.38,207.52,208.87,175.74,88244900.0,176.6605,176.6218,0.003999085923217738,48.55765554698786,0.23507230235932752,0.48835483150449027,1,0.35000000000002274,-0.011570975101812486,-0.34662543073385055,0,0.04268185416483422,0.13958621635679747,0,1,0,0,0,0,0,0,0,0,0,0
2015-05-08,210.88,211.86,210.78,211.62,178.05,155877300.0,176.727,176.6218,0.013144417890064819,56.55080417718424,0.3509426494033505,0.4608723950842623,0,0.7600000000000193,0.013047008592526943,0.766417096058809,0,0.04776145659248837,0.2784691101768615,0,1,0,0,0,0,0,0,0,0,0,0
2015-05-11,211.57,211.89,210.52,210.61,177.2,75708100.0,176.791,176.6218,-0.0047739399045213515,53.27077448153624,0.3699186460970907,0.442681645286828,0,-0.6000000000000227,0.012369563908761205,-0.514309652527982,0,0.04589233881607879,0.11384194196695802,0,1,0,0,0,0,0,0,0,0,0,0
2015-05-12,209.61,210.63,208.62,209.98,176.67,119727600.0,176.8115,176.6218,-0.0029909706546275006,51.27378403383632,0.33829108058822044,0.42180353234710655,1,0.9099999999999966,0.005379507330915967,0.5814371249575674,0,0.04472688890843518,0.2042358292829827,0,1,0,0,0,0,0,0,0,0,0,0
2015-05-13,210.47,211.22,209.74,210.02,176.71,94667900.0,176.7945,176.6218,0.0002264108224374617,51.42179613873461,0.31284736310306016,0.4000122984982973,1,1.670000000000016,-0.00753849973671139,-0.20930595785767026,0,0.044814847392030954,0.15277582410406462,0,1,0,0,0,0,0,0,0,0,0,0
2015-05-14,211.24,212.32,210.91,212.21,178.55,95934000.0,176.872,176.6218,0.010412540320298813,57.77568579834056,0.4361282412773164,0.4072354870541012,1,2.8100000000000023,0.007647980488108774,0.01337412153433215,0,0.04886093763743515,0.15537575596905218,0,1,0,0,0,0,0,0,0,0,0,0
2015-05-15,212.44,212.61,211.86,212.44,178.74,76510100.0,177.061,176.6218,0.0010641276953233803,58.38104046627898,0.5429023966414661,0.4343688689715742,1,0.6899999999999977,0.011703078838059655,-0.2024714908166031,0,0.04927874043451491,0.115488846125966,0,1,0,0,0,0,0,0,0,0,0,0
2015-05-18,212.24,213.4,212.16,213.1,179.3,74549700.0,177.198,176.6218,0.0031330424079669683,60.19251064203172,0.665042804443658,0.480503656065991,0,2.1000000000000227,0.014609710423589162,-0.025622760916532594,0,0.0505101592048553,0.11146317167045572,0,1,0,0,0,0,0,0,0,0,0,0
2015-05-19,213.24,213.57,212.69,213.03,179.24,72114600.0,177.34250000000003,176.6218,-0.0003346346904629094,59.891726656261255,0.7483716959759477,0.5340772640479824,0,2.5700000000000216,0.003862535412827439,-0.032664115348552736,0,0.05037822147946169,0.10646270244651515,0,1,0,0,0,0,0,0,0,0,0,0
2015-05-20,213.15,213.78,212.5,212.88,179.11,76857500.0,177.43699999999998,176.6218,-0.0007252845347019976,59.201452837007686,0.7947590418091863,0.5862136196002232,1,2.4000000000000057,0.0020731231828020613,0.06576892889927977,0,0.05009235640777554,0.11620223079534175,0,1,0,0,0,0,0,0,0,0,0,0
2015-05-21,212.71,213.75,212.51,213.5,179.63,64764600.0,177.5355,176.6218,0.0029032438166489705,61.131199849034495,0.8635268023132312,0.6416762561428249,0,1.079999999999984,0.0018433245914840635,-0.15734183391341117,0,0.05123581669452015,0.09136950348303802,0,1,0,0,0,0,0,0,0,0,0,0
2015-05-22,213.04,213.54,212.91,212.99,179.2,57433500.0,177.5915,176.6218,-0.002393809497300059,58.66032941995622,0.8732619217701085,0.6879933892682817,0,0.45999999999997954,-0.00021585021535308613,-0.11319609786827989,0,0.05029026299586592,0.07631511560260984,0,1,0,0,0,0,0,0,0,0,0,0
2015-05-26,212.4,212.91,210.2,210.7,177.28,124308600.0,177.5885,176.6218,-0.010714285714285676,49.114489581524275,0.7177750561392031,0.693949722642466,1,-2.0200000000000102,-0.010204851394936765,1.1643918618924496,0,0.046068255783270284,0.21364289655532132,0,1,0,0,0,0,0,0,0,0,0,0
2015-05-27,211.25,212.98,210.76,212.7,178.96,93214000.0,177.6415,176.6218,0.009476534296029016,55.87996378656763,0.7217921835663788,0.6995182148272486,0,-0.28000000000000114,-0.0036315609155567197,-0.25014037645022147,0,0.0497625120942915,0.14979024560433682,0,1,0,0,0,0,0,0,0,0,0,0
2015-05-28,212.33,212.59,211.63,212.46,178.76,74974600.0,177.721,176.6218,-0.001117568171658534,54.94342613467996,0.7007595377208133,0.6997664794059617,0,-0.35000000000002274,-0.0023553195899151946,-0.19567232389984335,0,0.04932271967631274,0.11233570231529671,0,1,0,0,0,0,0,0,0,0,0,0
2015-05-29,212.38,212.43,210.82,211.14,177.65,124919600.0,177.834,176.6218,-0.006209442828373102,49.940755605999094,0.587748096813641,0.6773628028874976,1,-1.9799999999999898,0.00214952329599738,0.666158939160729,0,0.04688187175653091,0.21489758289092464,0,1,0,0,0,0,0,0,0,0,0,0
2015-06-01,211.94,212.34,210.62,211.57,178.01,93338800.0,177.87,176.6218,0.0020264565156205006,51.483657880859305,0.5212263343158838,0.646135509173175,0,-1.1899999999999977,-0.005300554484411135,-0.25280900675314366,0,0.04767349810889254,0.1500465219622473,0,1,0,0,0,0,0,0,0,0,0,0
2015-06-02,211.02,212.19,210.27,211.36,177.83,91531000.0,177.8715,176.6218,-0.0010111791472388054,50.64317334310833,0.44880926871999804,0.6066702610825396,1,0.5500000000000114,-0.005194165459991407,-0.019368151293995606,0,0.04727768493271178,0.1463342110661692,0,0,0,0,0,0,0,0,0,0,0,0
2015-06-03,212,212.67,211.33,211.92,178.3,87820900.0,177.9985,176.65399999999997,0.002642973626497236,52.80950478744207,0.42445049346716246,0.5702263075594642,0,-0.6599999999999966,0.003658250994878931,-0.040533808217980805,0,0.048311197114961735,0.1387155338587683,0,0,0,0,0,0,0,0,0,0,0,0
2015-06-04,211.07,211.86,209.75,210.13,176.8,151882800.0,178.0865,176.67600000000002,-0.008412787436904101,45.88724709568916,0.28087082062273794,0.512355210172119,0,-1.9599999999999795,-0.006780992957645671,0.7294607547861613,0,0.04501275398012139,0.27026641857691464,0,0,0,0,0,0,0,0,0,0,0,0
2015-06-05,209.95,210.58,208.98,209.77,176.49,121704700.0,178.124,176.7434,-0.0017533936651583648,44.58649620861489,0.1404494721477647,0.4379740625672482,0,-1.1599999999999966,-0.00752320747556523,-0.19869333459746596,0,0.044331075732254366,0.20829579712933516,0,0,0,0,0,0,0,0,0,0,0,0
2015-06-08,209.64,209.82,208.39,208.48,175.41,89063300.0,177.99200000000002,176.7974,-0.006119326874043929,40.300432886805204,-0.0573216638043732,0.3389149172929239,0,-2.5999999999999943,-0.016285507976106395,-0.2682016388849403,0,0.04195619667516931,0.14126679785771035,0,0,0,0,0,0,0,0,0,0,0,0
2015-06-09,208.45,209.1,207.69,208.45,175.38,105034700.0,177.901,176.843,-0.00017102787754408322,40.184874880358805,-0.2140104835526131,0.22832983712381652,1,-2.450000000000017,-0.008043748416746377,0.17932638920857413,0,0.04189022781247248,0.17406401118087753,0,0,0,0,0,0,0,0,0,0,0,0
2015-06-10,209.37,211.41,209.3,210.95,177.49,134551300.0,177.942,176.8884,0.012031018360132428,50.857948327411584,-0.16601442513822917,0.1494609846714074,1,-0.8100000000000023,0.005740663608544416,0.2810176065624026,0,0.04653003782214793,0.23467624472174403,0,0,0,0,0,0,0,0,0,0,0,0
2015-06-11,211.48,212.09,211.2,211.63,178.06,73876400.0,178.0095,176.97600000000003,0.0032114485323115893,53.283050512038635,-0.08104868791735953,0.10335905015365401,0,1.259999999999991,0.015071439014899934,-0.4509425029709858,0,0.04778344621338726,0.11008055250554291,0,0,0,0,0,0,0,0,0,0,0,0
2015-06-12,210.64,211.48,209.68,210.01,176.7,135382400.0,177.917,177.0486,-0.007637874873638206,47.28697581177738,-0.12204648709854382,0.05827794270321446,0,0.20999999999997954,0.007604592018805811,0.8325527502693688,0,0.044792857771131955,0.23638290562766867,0,0,0,0,0,0,0,0,0,0,0,0
2015-06-15,208.64,209.45,207.79,209.11,175.94,124384200.0,177.77700000000002,177.0936,-0.004301075268817178,44.28767385069711,-0.2134032074017682,0.003941712682217928,1,0.5300000000000011,-0.008727501610143795,-0.08123803389510009,0,0.04312164658281287,0.21379814088751709,0,0,0,0,0,0,0,0,0,0,0,0
2015-06-16,208.93,210.35,208.72,210.25,176.9,85308200.0,177.657,177.1344,0.005456405592815683,48.71284042103601,-0.20596584345247493,-0.03803979854472065,1,1.5200000000000102,-0.006482544549639702,-0.3141556564258161,0,0.04523265018911071,0.13355571330971674,0,0,0,0,0,0,0,0,0,0,0,0
2015-06-17,210.59,211.32,209.36,210.59,177.18,126708600.0,177.554,177.19,0.0015828151498020748,49.96124767936612,-0.1754554774699102,-0.06552293432975856,1,-0.3100000000000023,0.0027381454738005795,0.48530387465683256,0,0.04584835957428096,0.21857128805359954,0,0,0,0,0,0,0,0,0,0,0,0
2015-06-18,211.31,213.34,210.63,212.78,179.03,165867900.0,177.55,177.2708,0.010441359069872425,57.34846222180147,-0.001973504378497637,-0.052813048339506376,0,0.9699999999999989,0.017480579812490182,0.30905005658652995,0,0.04991643944058405,0.2989847718863193,0,0,0,0,0,0,0,0,0,0,0,0
2015-06-19,211.46,211.55,210.36,210.81,178.23,130478700.0,177.48,177.3202,-0.004468524828241116,53.659344255237635,0.07015024666890213,-0.02822038933782468,0,1.5300000000000011,0.007555649391433383,-0.21335773829656013,0,0.04815726976866913,0.22631317504845738,0,0,0,0,0,0,0,0,0,0,0,0
2015-06-19,1.03 Dividend,,,,,,176.71300000000002,175.175,0.0,53.659344255237635,0.07015024666890213,-0.00854626213647932,0,0.0,0.0059728342416313085,0.0,0,0.05018031489137126,0.10354961237174118,1,1,0,0,0,0,1,0,0,0,1,1
2015-06-22,211.91,212.59,211.64,211.89,179.15,70696000.0,176.71300000000002,175.175,0.005161869494473503,53.659344255237635,0.22844428921564486,0.038851848133945516,1,2.25,0.0006933446662323872,-0.4581797642067249,0,0.05018031489137126,0.10354961237174118,1,1,0,0,0,0,0,0,0,0,0,0
2015-06-23,212.14,212.44,211.57,212.04,179.27,68476800.0,176.71300000000002,175.175,0.0006698297516047891,54.21117459953481,0.3316367945813852,0.09740883742343345,0,2.0900000000000034,0.005831699246078292,-0.031390743464976834,0,0.050444190342158524,0.0989924930329999,1,1,0,0,0,0,0,0,0,0,0,0
2015-06-24,211.72,212.17,210.47,210.5,177.97,92307300.0,176.71300000000002,175.175,-0.007251631617113952,47.59841567934011,0.3050025831774974,0.13892758657424625,0,-1.0600000000000023,-0.0014199323710356593,0.3480083765596522,0,0.047585539625296824,0.14792834036621647,1,1,0,0,0,0,0,0,0,0,0,0
2015-06-25,211.1,211.25,209.77,209.86,177.43,97107400.0,176.71300000000002,175.175,-0.003034219250435455,45.13551248731266,0.2375825875399471,0.15865858676738642,0,-0.799999999999983,-0.009616021115944617,0.05200130433887673,0,0.046398100096754324,0.1577853287124187,1,1,0,0,0,0,0,0,0,0,0,0
2015-06-26,210.29,210.58,209.16,209.82,177.4,104174800.0,176.71300000000002,175.175,-0.00016908076424504426,44.996215088524835,0.1796599973676507,0.1628588688874393,0,0.0,-0.01045493163179445,0.07277921147101041,0,0.046332131234057494,0.1722982095769736,1,1,0,0,0,0,1,0,0,0,0,0
2015-06-29,208.05,209.83,205.33,205.42,173.68,202621300.0,176.71300000000002,175.175,-0.020969560315670766,31.86414339763003,-0.1645204934781077,0.0973829964143299,1,-5.469999999999999,-0.024172860330351265,0.9450126134151446,0,0.03815199225965343,0.3744577485916608,1,1,0,0,0,0,0,0,0,0,0,0
2015-06-30,207.26,207.32,205.28,205.85,174.04,182925100.0,176.71300000000002,175.175,0.0020727775218791766,33.87538687768793,-0.403584747064059,-0.0028105522813478834,1,-5.230000000000018,-0.019065863558036633,-0.09720695701784565,0,0.03894361861201512,0.3340116716631658,1,1,0,0,0,0,0,0,0,0,0,0
2015-07-01,207.73,208.03,206.56,207.5,175.43,135979900.0,176.71300000000002,175.175,0.007986669731096407,41.10424802785006,-0.475403353183367,-0.09732911246175172,0,-2.539999999999992,-0.010910113062695181,-0.25663618606741234,0,0.0420001759169672,0.23760986976109416,1,1,0,0,0,0,0,0,0,0,0,0
2015-07-02,208.07,208.27,206.81,207.31,175.27,104373700.0,176.71300000000002,175.175,-0.000912044690189795,40.554659867796346,-0.5390173226137733,-0.18566675449215606,0,-2.1599999999999966,0.009147402562785789,-0.23243288162441655,0,0.041648341982584214,0.17270665002239338,1,1,0,0,0,0,0,0,0,0,0,0
2015-07-06,205.77,207.65,205.53,206.72,174.77,117975400.0,176.71300000000002,175.175,-0.002852741484566712,38.8083914185319,-0.6226007194881618,-0.27305354749135724,1,-2.6299999999999955,0.0042218835563399,0.13031731173657723,0,0.04054886093763743,0.20063769278994806,1,1,0,0,0,0,0,0,0,0,0,0
2015-07-07,206.96,208.17,204.11,208.02,175.87,173820200.0,176.71300000000002,175.175,0.006293986382102101,44.4731409959648,-0.5932418341961352,-0.33709120483231286,0,2.1899999999999977,0.0025292002073455944,0.4733597004121197,0,0.042967719236520374,0.31531479176621846,1,1,0,0,0,0,0,0,0,0,0,0
2015-07-08,206.42,206.76,204.25,204.53,172.92,164020100.0,176.71300000000002,175.175,-0.01677375334053577,35.091057114877216,-0.7988069031645466,-0.42943434449875967,1,-1.1200000000000045,-0.01333250844300038,-0.05638067382272027,0,0.03648078107133429,0.29519032113193655,1,1,0,0,0,0,0,0,0,0,0,0
2015-07-09,207.04,207.35,204.77,204.9,173.24,144113100.0,176.71300000000002,175.175,0.0018505667360630973,36.6522106531077,-0.9252318785310933,-0.5285938513052264,1,-2.1899999999999977,-0.00862920022237057,-0.12136927120517549,0,0.037184448940100256,0.2543113671501761,1,1,0,0,0,0,0,0,0,0,0,0
2015-07-10,207.29,207.98,204.95,207.48,175.42,129456900.0,176.71300000000002,175.175,0.012583698914800046,46.15363418475281,-0.8398356982224584,-0.5908422206886729,1,0.14999999999997726,-0.0023394876896726258,-0.10169929034903835,0,0.0419781862960682,0.22421491236806546,1,1,0,0,0,0,0,0,0,0,0,0
2015-07-13,208.99,209.9,208.94,209.77,177.35,106069400.0,176.71300000000002,175.175,0.01100216622962047,52.89040920816478,-0.609398967801468,-0.5945535701112319,1,2.579999999999984,0.025436431880483612,-0.1806585821226987,0,0.04622218312956283,0.17618876396557273,1,1,0,0,0,0,0,0,0,0,0,0
2015-07-14,209.72,211.05,209.65,210.68,178.12,81709600.0,176.71300000000002,175.175,0.004341697208908979,55.293574766117096,-0.36048815088702213,-0.5477404862663899,0,2.25,0.027927562353329494,-0.22965907226777937,0,0.047915383938780864,0.12616600095734004,1,1,0,0,0,0,0,0,0,0,0,0
2015-07-15,210.73,211.28,210.04,210.61,178.06,97914100.0,176.71300000000002,175.175,-0.000336851560745588,55.05788588259166,-0.16615075130005152,-0.4714225392731223,1,5.140000000000015,0.01500701187778386,0.19831819027384778,0,0.04778344621338726,0.1594418843047775,1,1,0,0,0,0,0,0,0,0,0,0
2015-07-16,211.87,212.3,211.58,212.3,179.49,106683300.0,176.71300000000002,175.175,0.008031000786251852,59.48986395467104,0.10207542502934075,-0.3567229464126297,1,6.25,0.012035846434415243,0.08956013485289649,0,0.05092796200193511,0.17744940544090315,1,1,0,0,0,0,0,0,0,0,0,0
2015-07-17,212.29,212.55,211.8,212.48,179.64,89030000.0,176.71300000000002,175.175,0.0008357011532673653,59.93617376519205,0.3230266979366263,-0.2207730175427785,1,4.219999999999999,0.008529850378773629,-0.16547388391622686,0,0.0512578063154191,0.14119841642567174,1,1,0,0,0,0,0,0,0,0,0,0
2015-07-20,212.75,213.18,212.21,212.59,179.74,70446800.0,176.71300000000002,175.175,0.0005566688933422714,60.250584167668265,0.5004326616339085,-0.0765318817074411,0,2.390000000000015,0.009423370832861488,-0.20872964169381103,0,0.051477702524408475,0.10303788105450329,0,1,0,0,0,0,0,0,0,0,0,0
2015-07-21,212.43,212.74,211.39,211.75,179.03,77965000.0,176.70700000000002,175.175,-0.003950150216980086,56.83990507495056,0.5770848250818688,0.054191459650420874,0,0.9099999999999966,-0.0025577801703704495,0.10672166798208016,0,0.04991643944058405,0.11847647812215142,0,1,0,0,0,0,0,0,0,0,0,0
2015-07-22,210.93,211.77,210.89,211.37,178.71,88667900.0,176.679,175.175,-0.0017874099312964464,55.31992637043587,0.6050364081241923,0.16436044934517519,0,0.6500000000000057,-0.005180891254934261,0.13727826588853964,0,0.04921277157181808,0.14045484535836902,0,1,0,0,0,0,0,0,0,0,0,0
2015-07-23,211.53,211.65,209.75,210.18,177.7,90509100.0,176.6655,175.175,-0.005651614347266576,50.71058514172383,0.5394709941759004,0.23938255831132024,0,-1.7900000000000205,-0.011389174495543108,0.020765124695633963,0,0.046991819861025574,0.1442357430361315,0,1,0,0,0,0,0,0,0,0,0,0
2015-07-24,210.3,210.37,207.6,208.0,175.86,117755000.0,176.58700000000002,175.175,-0.010354530106921667,43.585635743960914,0.33517363573574244,0.2585407737962047,0,-3.7799999999999727,-0.01779355438548469,0.3010293992537767,0,0.04294572961562143,0.20018510217068952,0,1,0,0,0,0,0,0,0,0,0,0
2015-07-27,206.94,207.55,206.26,206.79,174.83,132361100.0,176.45850000000002,175.175,-0.005856931650176311,40.18217541534975,0.08912671803210515,0.2246579626433848,1,-4.909999999999997,-0.021863076104364554,0.1240380450936267,0,0.04068079866303104,0.23017867678027365,0,1,0,0,0,0,0,0,0,0,0,0
2015-07-28,207.79,209.5,206.8,209.33,176.98,123544800.0,176.6235,175.175,0.012297660584567716,49.114373614900146,0.06684919882800955,0.19309620988030976,1,-2.0500000000000114,-0.003913801172530262,-0.06660793843508406,0,0.045408567156302204,0.21207443596099423,0,1,0,0,0,0,0,0,0,0,0,0
2015-07-29,209.48,211.04,209.31,210.77,178.2,105791300.0,176.8315,175.175,0.006893434286360023,53.369422774720114,0.14595542510599557,0.1836680529254469,1,-0.5100000000000193,0.013334163220751427,-0.1437009084963511,0,0.048091300905972356,0.17561768660070973,0,1,0,0,0,0,0,0,0,0,0,0
2015-07-30,210.16,211.02,209.42,210.82,178.24,91304400.0,176.972,175.175,0.00022446689113375662,53.5066956449446,0.20946081121999782,0.18882660458435713,0,0.5400000000000205,0.019415561762061495,-0.1369384817087984,0,0.04817925938956813,0.14586888876887344,0,1,0,0,0,0,0,0,0,0,0,0
2015-07-31,211.42,211.45,210.16,210.5,177.97,103266900.0,177.107,175.175,-0.001514811490125778,52.38567168272082,0.2352902640304535,0.19811933647357644,0,2.109999999999985,0.005603089687368001,0.13101778227555294,0,0.047585539625296824,0.17043384014310406,0,1,0,0,0,0,0,0,0,0,0,0
2015-08-03,210.46,210.53,208.65,209.79,177.37,113965700.0,177.237,175.175,-0.0033713547227059992,49.884494217647095,0.20498239641437976,0.1994919484617371,0,2.539999999999992,-0.004661699321698021,0.1036033811414887,0,0.04626616237136072,0.19240378804384545,0,1,0,0,0,0,0,0,0,0,0,0
2015-08-04,209.7,210.25,208.8,209.38,177.02,81820800.0,177.2945,175.175,-0.0019732762022889316,48.43183289701755,0.1509807064426525,0.18978970005792017,1,0.040000000000020464,-0.006859442415120709,-0.2820576717380756,0,0.04549652563989798,0.12639434976342695,0,1,0,0,0,0,0,0,0,0,0,0
2015-08-05,210.45,211.31,209.73,210.07,177.61,85786800.0,177.529,175.175,0.003332956728053338,51.02109787076467,0.15401663929736742,0.18263508790580962,0,-0.589999999999975,-0.002011674196941593,0.048471782236301664,0,0.046793913272935195,0.13453851671433176,0,1,0,0,0,0,0,0,0,0,0,0
2015-08-06,210.29,210.42,207.65,208.35,176.15,116030800.0,177.67450000000002,175.175,-0.008220257868363334,44.99979021746336,0.03817280732542372,0.15374263178973244,0,-2.0900000000000034,-0.006860577342598928,0.3525484107112049,0,0.04358342862169057,0.1966444635784681,0,1,0,0,0,0,0,0,0,0,0,0
2015-08-07,208.16,208.34,206.87,207.95,175.81,117858000.0,177.69400000000002,175.175,-0.00193017314788535,43.70620552879052,-0.08014555455940808,0.10696499451990435,1,-2.1599999999999966,-0.0068174742881953465,0.01574754289378344,0,0.042835781511126714,0.20039661230582395,0,1,0,0,0,0,0,0,0,0,0,0
2015-08-10,209.28,210.67,209.28,210.57,178.03,80270700.0,177.728,175.175,0.012627268073488462,53.17184874038572,0.005162230910428889,0.08660444179800927,0,0.6599999999999966,0.002476837057239778,-0.3189202260347197,0,0.04771747735069043,0.12321122490447647,0,1,0,0,0,0,0,0,0,0,0,0
2015-08-11,208.97,209.47,207.76,208.67,176.42,126081400.0,177.64299999999997,175.175,-0.009043419648373963,46.99962594835519,-0.056493062307367836,0.05798494097693385,1,-0.6000000000000227,0.0016536752772291496,0.5707026349589577,0,0.04417714838596176,0.21728333507538283,0,1,0,0,0,0,0,0,0,0,0,0
2015-08-12,207.11,209.14,205.36,208.92,176.63,172123700.0,177.5715,175.175,0.0011903412311529138,47.849965799892395,-0.08740255913258466,0.028907440955030155,0,-0.9800000000000182,0.0047741896562674135,0.3651791620334166,0,0.04463893042483946,0.31183103502587306,0,1,0,0,0,0,0,0,0,0,0,0
2015-08-13,208.73,209.55,208.01,208.66,176.41,89383300.0,177.41750000000002,175.175,-0.0012455415274867931,46.99923442184382,-0.12817321836456586,-0.002508690908889045,1,0.2599999999999909,-0.009098619944707842,-0.480703122231279,0,0.044155158765062874,0.14192391672414745,0,1,0,0,0,0,0,0,0,0,0,0
2015-08-14,208.43,209.51,208.26,209.42,177.06,72786500.0,177.2885,175.175,0.003684598378776771,49.836957724638225,-0.10680352724011755,-0.023367658175134746,1,1.25,0.0036293980824428917,-0.185681217856132,0,0.045584484123493696,0.10784244671638729,0,1,0,0,0,0,0,0,0,0,0,0
2015-08-17,208.71,210.59,208.16,210.59,178.05,79072600.0,177.204,175.175,0.005591324974584921,53.88664207015314,-0.009869398555849784,-0.020668006251277755,0,0.020000000000010232,0.0080303818258749,0.08636354268992186,0,0.04776145659248837,0.12075093079860683,0,1,0,0,0,0,0,0,0,0,0,0
2015-08-18,210.26,210.68,209.7,209.98,177.53,71692700.0,177.129,175.175,-0.002920527941589479,51.533336101776094,0.024707134157495148,-0.011592978169523175,0,1.1100000000000136,0.006355395411772213,-0.09333068597719063,0,0.04661799630574365,0.10559633229104698,0,1,0,0,0,0,0,0,0,0,0,0
2015-08-19,209.09,210.01,207.35,208.32,176.13,172946000.0,177.0,175.175,-0.007885991100095802,45.74149066225034,-0.06016546424834246,-0.02130747538528703,0,-0.5,-0.005215194067100359,1.4123237093874272,0,0.04353944937989268,0.3135196251629706,0,1,0,0,0,0,0,0,0,0,0,0
2015-08-20,206.51,208.29,203.9,203.97,172.45,194327900.0,176.7375,175.175,-0.020893658093453782,34.70125481007889,-0.4195366970250234,-0.1009533197132343,0,-3.960000000000008,-0.03170017713513906,0.1236333884565124,0,0.03544726888908428,0.3574272810700688,0,1,0,0,0,0,0,0,0,0,0,0
2015-08-21,201.73,203.94,197.52,197.83,167.26,346588500.0,176.30749999999998,175.175,-0.030095679907219508,25.39271753987768,-1.1103314042201191,-0.3028289366146113,0,-9.800000000000011,-0.05887532910076909,0.7835241362665886,0,0.024034655642536706,0.6700938838045458,0,1,0,0,0,0,0,0,0,0,0,0
2015-08-24,187.49,197.48,182.4,189.5,160.22,507244300.0,175.577,175.175,-0.0420901590338395,18.2437850722704,-2.2004944209203643,-0.682362033475762,0,-17.830000000000013,-0.09307949703451279,0.4635347104707743,1,0.008553962529685988,1.0000000000000002,0,1,0,0,0,0,0,0,0,0,0,0
2015-08-25,195.43,195.45,186.92,187.27,158.33,369833100.0,174.6445,175.175,-0.011796280114842017,16.870578667084672,-3.180303115817452,-1.1819502499441001,1,-19.19999999999999,-0.08398211905590103,-0.27089747484594706,0,0.004397924179787127,0.7178265875632452,0,1,0,0,0,0,0,0,0,0,0,0
2015-08-26,192.08,194.79,188.37,194.46,164.41,339257000.0,173.95499999999998,175.175,0.038400808438072254,34.064239372468975,-3.426702485143494,-1.630900696983979,1,-11.719999999999999,-0.015485630710609266,-0.08267540141755836,1,0.01776761368634,0.6550386745255347,0,1,0,0,0,0,0,0,0,0,0,0
2015-08-27,197.02,199.42,195.21,199.27,168.48,274143900.0,173.46699999999998,175.175,0.02475518520771236,42.619846162342014,-3.25602731883032,-1.9559260213532472,0,-3.969999999999999,0.0513597135309426,-0.191928537952054,0,0.02671738939220686,0.5213291543311425,0,1,0,0,0,0,0,0,0,0,0,0
2015-08-28,198.5,199.84,197.92,199.28,168.48,160414400.0,172.9925,175.175,0.0,42.61984616234202,-3.0852017347521326,-2.1817811640330245,0,1.2199999999999989,0.06315599364578461,-0.41485329420060046,0,0.02671738939220686,0.2877860289547108,0,1,0,0,0,0,0,0,0,0,0,0
2015-08-31,198.11,199.13,197.01,197.67,167.12,163298800.0,172.48000000000002,175.175,-0.008072174738841364,40.579291997343816,-3.0246950607905774,-2.350363943384535,0,6.900000000000006,0.016683010468870996,0.017980929392872547,0,0.02372680094995161,0.2937091341370582,0,0,0,0,0,0,0,0,0,0,0,0
2015-09-01,193.12,194.77,190.73,191.77,162.14,256000400.0,171.73600000000002,174.8348,-0.029798946864528553,34.13454983487699,-3.3400850448857398,-2.5483081636847764,1,3.809999999999974,-0.03787112160336992,0.5676808402756175,0,0.012775969742281623,0.48407154135238767,0,0,0,0,0,0,0,0,0,0,0,0
2015-09-02,194.62,195.46,192.42,195.41,165.21,160269300.0,171.116,174.55360000000002,0.01893425434809437,40.41684442800625,-3.3042215276396973,-2.6994908364757606,1,0.8000000000000114,-0.018936867255275547,-0.37394902507964833,0,0.019526783358254918,0.2874880666187107,0,0,0,0,0,0,0,0,0,0,0,0
2015-09-03,196.26,198.05,194.96,195.55,165.33,152087800.0,170.575,174.3008,0.0007263482840023094,40.65511558604757,-3.2288957346105747,-2.8053718161027237,0,-3.1499999999999773,-0.010138344232431873,-0.05104845407074221,0,0.019790658809042128,0.2706873853507259,0,0,0,0,0,0,0,0,0,0,0,0
2015-09-04,192.85,193.86,191.61,192.59,162.83,207081000.0,169.926,174.0088,-0.015121272606302583,37.30783959590129,-3.3325134667431655,-2.910800146230812,1,-5.649999999999977,0.004539330025794097,0.36158850348285654,0,0.014293253584308219,0.3836157267436906,0,0,0,0,0,0,0,0,0,0,0,0
2015-09-08,195.94,197.61,195.17,197.43,166.92,116025700.0,169.3705,173.7992,0.025118221457962164,45.24983669055051,-3.0494502828955774,-2.9385301735637652,0,-0.20000000000001705,0.010723297135661891,-0.4397086164351147,0,0.023287008531972853,0.19663399074653426,0,0,0,0,0,0,0,0,0,0,0,0
2015-09-09,199.32,199.47,194.35,194.79,164.69,149347700.0,168.78400000000002,173.61939999999998,-0.013359693266235317,42.11698389613361,-2.970817300873705,-2.9449875990257532,1,2.5500000000000114,-0.0033627444145757357,0.2871949921439818,0,0.01838332307151025,0.26506059970721246,0,0,0,0,0,0,0,0,0,0,0,0
2015-09-10,194.56,197.22,194.25,195.85,165.58,158611100.0,168.2315,173.45019999999997,0.005404092537494742,43.78964937550177,-2.804357644863728,-2.9168616081933485,1,0.37000000000000455,0.01716262072922159,0.06202572922113969,0,0.020340399331515546,0.28408295879269196,0,0,0,0,0,0,0,0,0,0,0,0
2015-09-11,195.38,196.82,194.53,196.74,166.34,119691200.0,167.728,173.2684,0.004589926319603865,45.24474657080588,-2.5813552631480263,-2.849760339184284,0,1.009999999999991,-0.0033656744091367097,-0.24537942174286664,0,0.022011610519834635,0.20416108201192548,0,0,0,0,0,0,0,0,0,0,0,0
2015-09-14,196.95,197.01,195.43,196.01,165.72,79452000.0,167.161,173.0774,-0.003727305518816948,44.238648444812384,-2.426679832879074,-2.7651442379232423,1,2.8899999999999864,0.00626671333828166,-0.33619180023259854,0,0.020648254024100587,0.12153002735462631,0,0,0,0,0,0,0,0,0,0,0,0
2015-09-15,196.61,198.99,195.96,198.46,167.79,113806200.0,166.648,172.93779999999998,0.012490948587979611,48.366878582454,-2.1127127028064763,-2.634657930899889,1,0.8700000000000045,0.013353569388766529,0.4323893671650807,0,0.025200105550180263,0.1920762553588557,0,0,0,0,0,0,0,0,0,0,0,0
2015-09-16,198.82,200.41,198.41,200.18,169.25,99581600.0,166.23399999999998,172.80539999999996,0.00870135288157825,51.11582390629386,-1.726183325082303,-2.452963009736372,0,4.560000000000002,0.017464995950740914,-0.12498967543068829,0,0.02841059020142489,0.16286608964785207,0,0,0,0,0,0,0,0,0,0,0,0
2015-09-17,200.02,202.89,199.28,199.73,168.86,276046600.0,165.8705,172.72420000000002,-0.002304283604135815,50.344763398341804,-1.434786424300313,-2.2493276926491603,0,3.280000000000001,0.018888017865422047,1.7720643171027581,0,0.02755299498636643,0.5252363420410483,0,0,0,0,0,0,0,0,0,0,0,0
2015-09-18,1.03 Dividend,,,,,,166.6435,172.4202,0.0,50.344763398341804,-1.434786424300313,-2.086419438979391,0,0.0,0.006397069277442435,0.0,0,0.021505849239159103,0.41765551077336116,1,1,0,0,0,0,1,0,0,0,1,1
2015-09-18,195.71,198.68,194.96,195.45,166.11,223657500.0,166.6435,172.4202,-0.01628568044533929,50.344763398341804,-1.419520633971274,-1.9530396779777677,1,0.3900000000000148,-0.018589964049475105,-0.18978353654781477,0,0.021505849239159103,0.41765551077336116,1,1,0,0,0,0,0,0,0,0,0,0
2015-09-21,196.44,197.68,195.21,196.46,166.96,105726200.0,166.6435,172.4202,0.005117091084221315,52.303291786212675,-1.3132385192151617,-1.8250794462252466,0,-0.8299999999999841,-0.011168589361117975,-0.5272852464147189,0,0.023374967015568626,0.17548400398131894,1,1,0,0,0,0,0,0,0,0,0,0
2015-09-22,193.88,194.46,192.56,193.91,164.8,153890900.0,166.6435,172.4202,-0.012937230474365125,47.207673134516874,-1.3873110672641928,-1.737525770433036,0,-4.449999999999989,-0.0241058198354831,0.45556068410668304,0,0.01862520890139857,0.2743900448134532,1,1,0,0,0,0,0,0,0,0,0,0
2015-09-23,194.11,194.67,192.91,193.6,164.53,92790600.0,166.6435,172.4202,-0.0016383495145632088,46.59656718031946,-1.4510737636870772,-1.6802353690838443,0,-4.3300000000000125,-0.009458488904707019,-0.39703647194213565,0,0.018031489137127266,0.14892079520418225,1,1,0,0,0,0,0,0,0,0,0,0
2015-09-24,192.15,193.45,190.56,192.9,163.94,159378800.0,166.6435,172.4202,-0.00358597216313139,45.21904611700243,-1.531559366141579,-1.6505001684953915,0,0.0,-0.018161552152059723,0.7176179483697702,0,0.01673410150409005,0.2856594280232037,1,1,0,0,0,0,1,0,0,0,0,0
2015-09-25,194.64,195.0,191.81,192.85,163.9,155054800.0,166.6435,172.4202,-0.00024399170428202055,45.12165440430641,-1.580355101783823,-1.636471155153078,0,-2.210000000000008,-0.005468313381976619,-0.027130333519891026,0,0.01664614302049433,0.27678010934047237,1,1,0,0,0,0,0,0,0,0,0,0
2015-09-28,191.78,191.91,187.64,188.01,159.78,178515900.0,166.6435,172.4202,-0.02513727882855399,36.42063676466827,-1.9292366029077073,-1.6950242447040038,1,-7.180000000000007,-0.0289672426959674,0.1513084406287326,0,0.007586419210132811,0.32495739508224564,1,1,0,0,0,0,0,0,0,0,0,0
2015-09-29,188.27,189.74,186.93,188.12,159.88,159045600.0,166.6435,172.4202,0.0006258605582676324,36.73950049196354,-2.1726140000513965,-1.7905421957734826,1,-4.920000000000016,-0.024755409974568376,-0.10906759565954627,0,0.007806315419122134,0.2849752030035261,1,1,0,0,0,0,0,0,0,0,0,0
2015-09-30,190.37,191.83,189.44,191.63,162.86,163452000.0,166.6435,172.4202,0.018638979234425923,45.509693351481495,-2.100814365334344,-1.8525966296856549,1,-1.6699999999999875,-0.005872439035860433,0.02770526188715694,0,0.014359222447005049,0.2940237297943649,1,1,0,0,0,0,0,0,0,0,0,0
2015-10-01,192.08,192.49,189.82,192.13,163.28,131079000.0,166.6435,172.4202,0.002578902124524163,46.63266743324075,-1.9871159123185862,-1.8795004862122413,1,-0.6599999999999966,0.02184374191721772,-0.19805814551060863,0,0.015282786524760283,0.22754588897196426,1,1,0,0,0,0,0,0,0,0,0,0
2015-10-02,189.77,195.03,189.12,195.0,165.72,211003300.0,166.6435,172.4202,0.01494365507104356,52.72777959766388,-1.680746857536235,-1.83974976047704,1,1.8199999999999932,0.036161536429993646,0.6097414536272019,0,0.020648254024100587,0.3916701558993976,1,1,0,0,0,0,0,0,0,0,0,0
2015-10-05,196.46,198.74,196.33,198.47,168.67,126320800.0,166.6435,172.4202,0.01780111030654119,58.847349386296656,-1.1862326766379567,-1.7090463437092236,0,8.889999999999986,0.03532366750210891,-0.4013325857936819,0,0.027135192189286617,0.2177749421273361,1,1,0,0,0,0,0,0,0,0,0,0
2015-10-06,198.31,198.98,197.0,197.79,168.09,110274500.0,166.6435,172.4202,-0.00343866722001529,57.27738875687321,-0.8315422764853224,-1.5335455302644436,1,8.210000000000008,0.02930609815756946,-0.12702816954927454,0,0.0258597941771484,0.1848239219194935,1,1,0,0,0,0,0,0,0,0,0,0
2015-10-07,198.9,199.83,197.48,199.41,169.47,124307300.0,166.6435,172.4202,0.008209887560235662,60.01100838750773,-0.434089201989849,-1.3136542646095248,1,6.609999999999985,0.022572330646761563,0.12725335412992123,0,0.02889436186120148,0.2136402270099264,1,1,0,0,0,0,0,0,0,0,0,0
2015-10-08,198.95,201.55,198.59,201.21,171.0,153055200.0,166.6435,172.4202,0.009028146574614926,62.8492229558967,0.004303824489454655,-1.050062646789729,1,7.719999999999999,0.013799366914835298,0.2312647768876004,0,0.032258773858738654,0.2726739378238236,1,1,0,0,0,0,0,0,0,0,0,0
2015-10-09,201.38,201.9,200.58,201.33,171.1,107069200.0,166.6435,172.4202,0.0005847953216373547,63.033895237395214,0.3557023059248934,-0.7689096562468045,1,5.3799999999999955,0.017822829456487943,-0.30045369252400445,0,0.03247867006772798,0.17824184972389714,1,1,0,0,0,0,0,0,0,0,0,0
2015-10-12,201.42,201.76,200.91,201.52,171.26,56395600.0,166.6435,172.4202,0.0009351256575103051,63.34782911297764,0.6397244517113734,-0.48718283465516893,0,2.5900000000000034,0.010548067553762586,-0.4732789635114487,0,0.03283050400211096,0.07418379162925026,1,1,0,0,0,0,0,0,0,0,0,0
2015-10-13,200.65,202.16,200.05,200.25,170.18,88038700.0,166.6435,172.4202,-0.006306201097746045,59.66451256058957,0.7688047716100073,-0.23598531340213372,0,2.0900000000000034,-0.004786280118598385,0.5610916454475172,0,0.03045562494502596,0.13916278538723706,1,1,0,0,0,0,0,0,0,0,0,0
2015-10-14,200.18,200.87,198.94,199.29,169.37,99106200.0,166.6435,172.4202,-0.004759666235750415,56.98819198089093,0.7965593838199538,-0.029476373957716212,1,-0.09999999999999432,-0.010130741675986155,0.12571176085062596,0,0.028674465652212155,0.16188985743190143,1,1,0,0,0,0,0,0,0,0,0,0
2015-10-15,200.08,202.36,199.64,202.35,171.97,134142200.0,166.6435,172.4202,0.015351006671783685,62.7622193548745,1.0166342579580032,0.17974575242542767,1,0.9699999999999989,0.004285139338287225,0.3535197596114068,0,0.03439176708593544,0.23383615932093338,0,1,0,0,0,0,0,0,0,0,0,0
2015-10-16,202.83,203.29,201.92,203.27,172.75,114580100.0,166.97549999999998,172.4202,0.0045356748270046765,64.31011687223022,1.2396942390295749,0.3917354497462571,1,1.6500000000000057,0.015127015263037946,-0.14583106583908723,0,0.03610695751605242,0.19366545626740467,0,1,0,0,0,0,0,0,0,0,0,0
2015-10-19,202.5,203.37,202.13,203.37,172.84,76523900.0,167.2695,172.4202,0.0005209840810420641,64.49351659127598,1.4075082499657015,0.5948900097901461,0,1.5800000000000125,0.020407665579830425,-0.3321362086435603,0,0.03630486410414285,0.11551718437708108,0,1,0,0,0,0,0,0,0,0,0,0
2015-10-20,202.85,203.84,202.55,203.11,172.62,78448500.0,167.6605,172.4202,-0.0012728535061328206,63.632723238198906,1.5053966260556422,0.7769913330432453,0,2.4399999999999977,0.00378380540191392,0.025150312516743156,0,0.035821092444366265,0.11946934365940873,0,1,0,0,0,0,0,0,0,0,0,0
2015-10-21,203.61,203.79,201.65,201.85,171.54,102038000.0,168.011,172.4202,-0.006256517205422418,59.43863618259761,1.4787804349459748,0.9173491534237913,1,2.1699999999999875,-0.007008386630513175,0.3007004595371485,0,0.033446213387281154,0.16791029834633983,0,1,0,0,0,0,0,0,0,0,0,0
2015-10-22,202.98,205.51,201.85,205.26,174.44,174911700.0,168.536,172.4202,0.016905677975982414,65.9319090638223,1.672414126413372,1.0683621480217076,1,2.469999999999999,0.009376307264427175,0.7141819714224114,0,0.03982320344797252,0.3175561831497063,0,1,0,0,0,0,0,0,0,0,0,0
2015-10-23,207.25,207.95,206.3,207.51,176.35,144442300.0,169.1585,172.4202,0.010949323549644507,69.4057574759142,1.9574272564643138,1.2461751697102288,0,3.5999999999999943,0.021598484320204503,-0.17419875285644126,0,0.04402322103966927,0.2549873781840233,0,1,0,0,0,0,0,0,0,0,0,0
2015-10-26,207.3,207.37,206.56,207.0,175.92,69033000.0,169.9655,172.4202,-0.002438332860788206,67.7313070522192,2.124119284208348,1.4217639926098526,0,3.079999999999984,0.025416668664838715,-0.5220721353786253,0,0.04307766734101498,0.10013464776272588,0,1,0,0,0,0,0,0,0,0,0,0
2015-10-27,206.2,207.0,205.79,206.6,175.58,77905800.0,170.7505,172.4202,-0.0019326966803090428,66.3678862183639,2.2033894565524292,1.578089085398368,1,2.960000000000008,0.0065782940085472585,0.12852983355786374,0,0.04233002023045124,0.11835491113186056,0,1,0,0,0,0,0,0,0,0,0,0
2015-10-28,207,208.98,206.21,208.95,177.58,135906700.0,171.48649999999998,172.4202,0.011390818999886143,70.17158725850041,2.3999300251234104,1.7424572733433765,0,6.0400000000000205,0.007019789458788894,0.7445004094688714,0,0.046727944410238365,0.23745955382039668,0,1,0,0,0,0,0,0,0,0,0,0
2015-10-29,208.35,209.27,208.21,208.83,177.48,90525500.0,172.1965,172.4202,-0.0005631264782071099,69.74683917282954,2.5185879631761736,1.8976834113099361,0,3.039999999999992,0.00889499584136999,-0.3339143691959263,0,0.046508048201248986,0.1442694203780364,0,1,0,0,0,0,0,0,0,0,0,0
2015-10-30,209.06,209.44,207.74,207.93,176.71,131076900.0,172.746,172.4202,-0.004338517016001742,66.4133362817544,2.5214272256029915,2.0224321741685474,1,0.36000000000001364,0.0064891755056772915,0.44795554843662844,0,0.044814847392030954,0.22754157662940322,0,1,0,0,0,0,0,0,0,0,0,0
2015-11-02,208.32,210.62,208.17,210.39,178.8,86270800.0,173.2525,172.4202,0.011827287646426266,70.53042663592464,2.6616411522838064,2.1502739697915993,1,2.880000000000024,0.006925644152217414,-0.34183063529882074,0,0.049410678159908517,0.13553240899981786,0,1,0,0,0,0,0,0,0,0,0,0
2015-11-03,209.97,211.66,209.7,211.0,179.32,95246100.0,173.81400000000002,172.4202,0.002908277404921611,71.46756582002672,2.7826447569222523,2.27674812721773,0,3.7399999999999807,0.010397048035346135,0.10403635992711324,0,0.05055413844665313,0.15396315575585817,0,1,0,0,0,0,0,0,0,0,0,0
2015-11-04,211.35,211.5,209.72,210.36,178.78,96224500.0,174.2795,172.4202,-0.0030113763105062974,69.01320971849898,2.8026601764318855,2.3819305370605615,0,1.1999999999999886,0.011724188740841579,0.010272336610107846,0,0.04936669891811063,0.1559722966899896,0,1,0,0,0,0,0,0,0,0,0,0
2015-11-05,210.43,210.98,209.09,210.15,178.6,78408700.0,174.6595,172.4202,-0.0010068240295335595,68.17277691062006,2.7720436512450135,2.459953159897452,0,1.1200000000000045,-0.001109922935118246,-0.18514827304896364,0,0.04897088574192976,0.11938761450039562,0,1,0,0,0,0,0,0,0,0,0,0
2015-11-06,209.74,210.32,208.46,210.04,178.5,110471500.0,175.02949999999998,172.4202,-0.0005599104143336753,67.67966989522601,2.7084888961699107,2.5096603071519437,0,1.789999999999992,-0.004578110754373532,0.4089189082333975,0,0.048750989532940436,0.18522846072164384,0,1,0,0,0,0,0,0,0,0,0,0
2015-11-09,209.31,209.49,206.95,208.08,176.84,131008700.0,175.3085,172.4202,-0.009299719887955193,59.93025214909127,2.495407661895456,2.506809778100646,1,-1.960000000000008,-0.010866454331822428,0.18590496191325356,0,0.04510071246371711,0.22740152817099385,0,1,0,0,0,0,0,0,0,0,0,0
2015-11-10,207.51,208.6,207.19,208.56,177.25,75874600.0,175.66199999999998,172.4202,0.0023184799819044866,61.114543334378226,2.3327325334821865,2.4719943291769546,0,-2.069999999999993,-0.007541150320384382,-0.4208430432482728,0,0.046002286920573454,0.11418384912715107,0,1,0,0,0,0,0,0,0,0,0,0
2015-11-11,208.88,208.94,207.66,207.74,176.55,67846000.0,176.02100000000002,172.4202,-0.003949224259520379,57.96459411108659,2.1228562074207105,2.402166704825706,0,-2.2299999999999898,-0.010930464165571085,-0.10581406689458661,0,0.04446301345764797,0.09769714746753577,0,1,0,0,0,0,0,0,0,0,0,0
2015-11-12,206.5,207.06,204.82,204.84,174.09,121315200.0,176.127,172.4202,-0.013933729821580365,48.50327307329334,1.7379917786555268,2.2693317195916705,0,-4.509999999999991,-0.015564474099196257,0.7880965716475548,0,0.03905356671650978,0.20749596025909375,0,1,0,0,0,0,0,0,0,0,0,0
2015-11-13,204.35,204.67,202.44,202.54,172.13,153577100.0,176.096,172.4202,-0.011258544431041462,42.54472619391897,1.2603003683277336,2.0675254493388833,1,-6.3700000000000045,-0.029141498512142205,0.26593452428055175,0,0.03474360102031837,0.2737456576250533,0,1,0,0,0,0,0,0,0,0,0,0
2015-11-16,202.32,205.69,202.18,205.62,174.75,117645200.0,176.1915,172.4202,0.015221053854644673,51.178663345765706,1.080681168004503,1.8701565930720072,0,-2.0900000000000034,-0.009971220397977154,-0.2339665223526164,0,0.040504881695839545,0.19995962825964328,0,1,0,0,0,0,0,0,0,0,0,0
2015-11-17,205.99,207.04,204.88,205.47,174.62,121123700.0,176.29149999999998,172.4202,-0.0007439198855507811,50.77098157880044,0.9172680490275411,1.679578884263114,1,-2.6299999999999955,0.00321858953805243,0.02956771716993134,0,0.04021901662415339,0.2071027156874603,0,1,0,0,0,0,0,0,0,0,0,0
2015-11-18,206.04,208.9,205.99,208.73,177.39,121342500.0,176.584,172.4202,0.01586301683655922,58.37891712997355,0.99975329143561,1.5436137656976134,0,0.839999999999975,0.03034015080565311,0.001806417736578414,0,0.04631014161315855,0.20755202071238668,0,1,0,0,0,0,0,0,0,0,0,0
2015-11-19,208.59,209.05,208.2,208.55,177.24,88220500.0,176.724,172.4202,-0.0008455944529002224,57.857480734195654,1.0410194694882193,1.4430949064557346,1,3.1500000000000057,0.014273502498108215,-0.27296289428683274,0,0.045980297299674566,0.13953611104323166,0,1,0,0,0,0,0,0,0,0,0,0
2015-11-20,209.45,210.12,208.86,209.31,177.88,94011500.0,176.8005,172.4202,0.003610923042202563,59.518869747807436,1.1125411819854207,1.3769841615616718,0,5.75,0.01862834542586156,0.06564233936556696,0,0.04738763303720639,0.15142790902928555,0,1,0,0,0,0,0,0,0,0,0,0
2015-11-23,209.38,209.98,208.52,209.07,177.68,64931200.0,176.8885,172.4202,-0.0011243534967393387,58.73954915161724,1.1399437637768415,1.3295760820047058,1,2.930000000000007,0.0016409750925630018,-0.30932705041404507,0,0.04694784061922774,0.09171161599287683,0,1,0,0,0,0,0,0,0,0,0,0
2015-11-24,207.87,209.83,207.41,209.35,177.92,98874400.0,177.0055,172.4202,0.0013507429085997114,59.426102260939096,1.1675675100376282,1.2971743676112903,0,3.299999999999983,0.0038373124540629355,0.5227563944605982,0,0.04747559152080211,0.16141385695302607,0,1,0,0,0,0,0,0,0,0,0,0
2015-11-25,209.5,209.74,209.01,209.32,177.89,51980100.0,177.02100000000002,172.4202,-0.00016861510791366108,59.29328931521643,1.1735112712387092,1.2724417483367743,1,0.5,5.777430394671157e-05,-0.47428151270703034,0,0.04740962265810533,0.06511657802064708,0,1,0,0,0,0,0,0,0,0,0,0
2015-11-27,209.43,209.8,208.86,209.56,178.1,37317800.0,177.052,172.4202,0.0011805048063411316,59.96774885103365,1.181546853134222,1.2542627692962638,0,0.8599999999999852,0.002362632607027182,-0.2820752557228632,0,0.04787140469698298,0.035007596910144954,0,0,0,0,0,0,0,0,0,0,0,0
2015-11-30,209.75,209.89,208.56,208.69,177.36,112822700.0,177.0845,172.64520000000002,-0.0041549691184726845,56.420251999167974,1.1153462765209383,1.2264794707411988,1,-0.5199999999999818,-0.003143079420045214,2.0232945136101272,0,0.046244172750461776,0.19005664159279043,0,0,0,0,0,0,0,0,0,0,0,0
2015-12-01,209.44,210.82,209.11,210.68,179.05,97858400.0,177.097,172.887,0.009528642309427182,61.95548595798024,1.1855840438293512,1.2183003853588295,0,1.3700000000000045,0.006554177997295629,-0.13263554231550923,0,0.049960418682381935,0.15932750455208827,0,0,0,0,0,0,0,0,0,0,0,0
2015-12-02,210.62,211.0,208.23,208.53,177.22,108441300.0,176.992,173.13539999999998,-0.010220608768500505,53.96276693725194,1.0811197983435648,1.1908642679557766,0,-0.6999999999999886,-0.004846935577546008,0.10814503404919762,0,0.04593631805787668,0.18105945221339195,0,0,0,0,0,0,0,0,0,0,0,0
2015-12-03,208.83,209.15,204.75,205.61,174.74,166224200.0,176.79000000000002,173.3396,-0.01399390587969751,45.41256975345182,0.7891193803892804,1.1105152904424775,1,-3.1499999999999773,-0.014685872338770833,0.5328495693061592,0,0.0404828920749406,0.2997164326741678,0,0,0,0,0,0,0,0,0,0,0,0
2015-12-04,205.61,209.97,205.61,209.62,178.15,192913900.0,176.7675,173.62380000000002,0.01951470756552598,55.786129970542525,0.8233741027283656,1.0530870528996552,0,0.05000000000001137,-0.004699807082672036,0.1605644665457857,0,0.047981352801477695,0.35452363707899986,0,0,0,0,0,0,0,0,0,0,0,0
2015-12-07,209.23,209.73,207.2,208.35,177.07,102027100.0,176.696,173.8872,-0.0060623070446254035,52.39034265962105,0.7546748213389947,0.9934046065875232,0,-0.29000000000002046,-0.0005415053587969343,-0.4711262381819039,0,0.04560647374439264,0.16788791523495183,0,0,0,0,0,0,0,0,0,0,0,0
2015-12-08,206.49,208.29,205.78,206.95,175.88,103372400.0,176.648,174.20919999999998,-0.006720506014570526,48.86107077582889,0.5973215402351855,0.9141879933170557,0,-3.170000000000016,0.0067318945063300495,0.013185712423464002,0,0.04298970885741926,0.17065048401938254,0,0,0,0,0,0,0,0,0,0,0,0
2015-12-09,206.19,208.68,204.18,205.34,174.51,162401500.0,176.511,174.5018,-0.007789401864907952,45.09474324363146,0.3579442226725291,0.8029392391881505,1,-2.710000000000008,-0.020572214924103882,0.5710334673471835,0,0.03997713079426507,0.29186653176563937,0,0,0,0,0,0,0,0,0,0,0,0
2015-12-10,205.42,207.43,205.14,205.87,174.96,116128900.0,176.43149999999997,174.74380000000002,0.002578648788035265,46.552088574350854,0.20221619070551355,0.6827946294916232,0,0.21999999999999886,-0.011931259091443214,-0.2849271712391819,0,0.04096666373471719,0.19684591158096024,0,0,0,0,0,0,0,0,0,0,0,0
2015-12-11,203.35,204.14,201.51,201.88,171.57,211173300.0,176.3055,174.90959999999998,-0.019375857338820413,38.30382454744903,-0.192524759590043,0.5077307516752899,1,-6.5800000000000125,-0.0245866104156931,0.8184388209997684,0,0.033512182249977984,0.3920192502971923,0,0,0,0,0,0,0,0,0,0,0,0
2015-12-14,202.07,203.05,199.95,202.9,172.44,182385200.0,176.321,175.04399999999998,0.005070816576324466,41.18402631514064,-0.43019901113683545,0.32014479911286486,1,-4.6299999999999955,-0.011726391974460681,-0.1363245258751935,0,0.035425279268185395,0.332902988925699,0,0,0,0,0,0,0,0,0,0,0,0
2015-12-15,204.7,206.11,202.87,205.03,174.25,154069600.0,176.296,175.15559999999996,0.01049640454650902,46.75333264636848,-0.467121014358554,0.1626916364185811,1,-1.6299999999999955,-0.003808636215986927,-0.15525163225963512,0,0.03940540065089276,0.2747570046304292,0,0,0,0,0,0,0,0,0,0,0,0
2015-12-16,206.37,208.39,204.8,208.03,176.8,197017000.0,176.40500000000003,175.3298,0.014634146341463428,53.442091873760916,-0.28730638993840785,0.07269203114718328,0,2.2900000000000205,0.030201367464296913,0.2787532387959728,0,0.04501275398012139,0.3629493383942438,0,0,0,0,0,0,0,0,0,0,0,0
2015-12-17,208.4,208.48,204.84,204.86,174.1,173092500.0,176.2405,175.4224,-0.01527149321266974,46.746209709116634,-0.3585364546811718,-0.013553666018487731,0,-0.8600000000000136,0.009859057675302707,-0.12143368338772798,0,0.03907555633740872,0.31382046239401135,0,0,0,0,0,0,0,0,0,0,0,0
2015-12-18,1.21 Dividend,,,,,,169.65349999999998,165.66920000000002,0.0,46.74620970911664,-0.3585364546811718,-0.08255022375102455,0,0.0,-0.0006373468712063124,0.0,0,0.032258773858738654,0.47461128852179674,1,1,0,0,0,0,1,0,0,0,1,1
2015-12-18,202.77,202.93,199.83,200.02,171.0,251393500.0,169.65349999999998,165.66920000000002,-0.01780585870189544,46.746209709116634,-0.7273033873037207,-0.2115008564615638,1,-1.4399999999999977,-0.03307735191456518,0.45236506492193485,0,0.032258773858738654,0.47461128852179674,1,1,0,0,0,0,0,0,0,0,0,0
2015-12-21,201.41,201.88,200.09,201.67,172.41,99094300.0,169.65349999999998,165.66920000000002,0.008245614035087723,50.7693854911977,-0.8289389649613952,-0.3349884781615301,1,-1.8400000000000034,-0.009560244666807716,-0.6058199595454934,0,0.035359310405488564,0.1618654208240558,1,1,0,0,0,0,0,0,0,0,0,0
2015-12-22,202.72,203.85,201.55,203.5,173.98,111026200.0,169.65349999999998,165.66920000000002,0.0091062003364073,54.85876265015283,-0.7738792156622765,-0.4227666256616794,1,-2.8200000000000216,-0.00045404433040041603,0.12040954928790049,0,0.03881168088662146,0.1863675352066834,1,1,0,0,0,0,0,0,0,0,0,0
2015-12-23,204.69,206.07,204.58,206.02,176.13,110987200.0,169.65349999999998,165.66920000000002,0.01235774226922648,59.78518332595895,-0.5504121275713771,-0.44829572604361895,0,2.030000000000001,0.0297095566407215,-0.00035126843934130125,0,0.04353944937989268,0.1862874488448364,1,1,0,0,0,0,0,0,0,0,0,0
2015-12-24,205.72,206.33,205.42,205.68,175.84,48539600.0,169.65349999999998,165.66920000000002,-0.0016465110997557764,58.85221887099081,-0.3921924759039257,-0.43707507601568035,0,0.0,0.019817431505878003,-0.5626558738304958,0,0.042901750373823544,0.05805152345821946,1,1,0,0,0,0,1,0,0,0,0,0
2015-12-28,204.86,205.26,203.94,205.21,175.44,65899900.0,169.65349999999998,165.66920000000002,-0.0022747952684258888,57.51891573645306,-0.29567061233649383,-0.40879418327984307,1,4.439999999999998,0.008436435901044814,0.35765230863047903,0,0.042022165537866085,0.09370083801136939,1,1,0,0,0,0,0,0,0,0,0,0
2015-12-29,206.51,207.79,206.47,207.4,177.31,92640700.0,169.65349999999998,165.66920000000002,0.01065891472868219,61.86821681215992,-0.06750481481398651,-0.34053630958667175,0,4.900000000000006,0.006737608360500524,0.4057790679500273,0,0.046134224645967115,0.14861297608518562,1,1,0,0,0,0,0,0,0,0,0,0
2015-12-30,207.11,207.21,205.76,205.93,176.05,63317700.0,169.65349999999998,165.66920000000002,-0.007106198183971513,57.589800188319224,0.01151402728839912,-0.2701262422116576,0,2.0700000000000216,0.001277921276284788,-0.3165239468181912,0,0.04336353241270119,0.08839829945851352,1,1,0,0,0,0,0,0,0,0,0,0
2015-12-31,205.13,205.89,203.87,203.87,174.29,114877900.0,169.65349999999998,165.66920000000002,-0.009997159897756402,52.16344128533269,-0.06710669787113943,-0.22952233334355399,0,-1.8400000000000034,-0.006444443353045726,0.8143094269059046,0,0.03949335913448848,0.1942769875124827,1,1,0,0,0,0,0,0,0,0,0,0
2016-01-04,200.49,201.03,198.59,201.02,171.86,222353500.0,169.65349999999998,165.66920000000002,-0.013942280107866023,45.75335108647247,-0.3217855372654128,-0.24797497412792577,1,-3.9799999999999898,-0.031045638189593938,0.9355637594350175,0,0.034149881256047177,0.41497775139263,1,1,0,0,0,0,0,0,0,0,0,0
2016-01-05,201.4,201.9,200.05,201.36,172.15,110845800.0,169.65349999999998,165.66920000000002,0.0016874199930174694,46.59676713862917,-0.4945192657108919,-0.297283832444519,0,-3.289999999999992,-0.022252020012604956,-0.5014883957302223,0,0.03478758026211626,0.1859970844457295,1,1,0,0,0,0,0,0,0,0,0,0
2016-01-06,198.34,200.06,197.6,198.82,169.98,152112600.0,169.65349999999998,165.66920000000002,-0.012605286087714274,41.408685397050874,-0.797321824855203,-0.3972914309266558,0,-7.3300000000000125,-0.024860146202562827,0.37229015443074975,0,0.030015832527047204,0.2707383120628748,1,1,0,0,0,0,0,0,0,0,0,0
2016-01-07,195.33,197.44,193.59,194.05,165.9,213436100.0,169.65349999999998,165.66920000000002,-0.024002823861630662,33.7907974943039,-1.3509440939870387,-0.5880219635387325,0,-10.150000000000006,-0.034920689956327466,0.4031454330541979,0,0.021044067200281458,0.3966659020814856,1,1,0,0,0,0,0,0,0,0,0,0
2016-01-08,195.19,195.85,191.58,191.92,164.08,209817200.0,169.65349999999998,165.66920000000002,-0.010970464135021007,31.046961517597452,-1.914483545939504,-0.8533142800188869,1,-10.20999999999998,-0.04757857408436594,-0.01695542600337996,0,0.0170419561966752,0.3892345037510193,1,1,0,0,0,0,0,0,0,0,0,0
2016-01-11,193.01,193.41,189.82,192.11,164.24,187941300.0,169.65349999999998,165.66920000000002,0.0009751340809360798,31.573003565573913,-2.321422050506925,-1.1469358341164946,1,-7.6200000000000045,-0.03399815391571559,-0.10426170971683923,0,0.01739379013105813,0.34431242059385886,1,1,0,0,0,0,0,0,0,0,0,0
2016-01-12,193.82,194.55,191.14,193.66,165.56,172330500.0,169.65349999999998,165.66920000000002,0.008037018996590373,35.9166164934296,-2.5084944167576566,-1.419247550644727,0,-6.590000000000003,-0.001958311057494555,-0.08306210502960232,0,0.02029642008971766,0.312255698093308,1,1,0,0,0,0,0,0,0,0,0,0
2016-01-13,194.45,194.86,188.38,188.83,161.43,221168900.0,169.65349999999998,165.66920000000002,-0.024945639043247092,29.58810474048569,-2.9559329439711064,-1.7265846293100031,1,-8.549999999999983,-0.01593348596572064,0.2833996303614277,0,0.011214706658457196,0.41254517948893815,1,1,0,0,0,0,0,0,0,0,0,0
2016-01-14,189.55,193.26,187.66,191.93,164.08,240795600.0,169.65349999999998,165.66920000000002,0.016415783931115646,37.2305918194331,-3.0614083377255668,-1.993549370993116,0,-1.8199999999999932,-0.0004928361155410732,0.08874077684520754,0,0.0170419561966752,0.4528485384136288,1,1,0,0,0,0,0,0,0,0,0,0
2016-01-15,186.77,188.76,185.52,187.81,160.56,324846400.0,169.65349999999998,165.66920000000002,-0.021452949780594865,32.22691865069727,-3.3899556309779086,-2.2728306229900745,1,-3.5200000000000102,-0.02998280489272631,0.34905455083066306,0,0.009301609640249786,0.6254465584734143,1,1,0,0,0,0,0,0,0,0,0,0
2016-01-19,189.96,190.11,186.2,188.06,160.78,195244400.0,169.65349999999998,165.66920000000002,0.001370204285002563,32.83449377972799,-3.591182648415156,-2.536501028075091,0,-3.460000000000008,-0.0036669615644766562,-0.39896394111186084,0,0.009785381300026375,0.3593093105734738,0,1,0,0,0,0,0,0,0,0,0,0
2016-01-20,185.03,187.5,181.02,185.65,158.72,286547800.0,169.0395,165.66920000000002,-0.012812538872994161,30.112317990375942,-3.872244469502334,-2.80364971636054,1,-6.840000000000003,-0.032895284368586464,0.46763645973969026,0,0.005255519394845587,0.5468005190417647,0,1,0,0,0,0,0,0,0,0,0,0
2016-01-21,186.21,188.87,184.64,186.69,159.6,195772900.0,168.399,165.66920000000002,0.005544354838709742,32.67993647956217,-3.978122027681678,-3.0385441786247678,1,-1.8300000000000125,-0.005897979749281856,-0.31678798441307177,0,0.007190606033951941,0.36039458345132386,0,1,0,0,0,0,0,0,0,0,0,0
2016-01-22,189.78,190.76,188.88,190.52,162.88,168319600.0,167.844,165.66920000000002,0.02055137844611532,41.33177945775444,-3.7540873849141576,-3.181652819882646,0,-1.200000000000017,0.013283194411830901,-0.1402303383154665,0,0.01440320168880288,0.30401932915145624,0,1,0,0,0,0,0,0,0,0,0,0
2016-01-25,189.92,190.15,187.41,187.64,160.42,130371700.0,167.0585,165.66920000000002,-0.015103143418467635,37.44488652904931,-3.732019361265344,-3.2917261281591856,1,-0.14000000000001478,0.010992589866357427,-0.22545146257476845,0,0.008993754947664634,0.2260934509274925,0,1,0,0,0,0,0,0,0,0,0,0
2016-01-26,188.42,190.53,188.02,190.2,162.61,141036800.0,166.397,165.66920000000002,0.013651664381000073,42.61839163633668,-3.497498609275368,-3.3328806243824225,0,1.8300000000000125,0.019099899408647758,0.08180533045131733,0,0.01380948192453163,0.2479941959976122,0,1,0,0,0,0,0,0,0,0,0,0
2016-01-27,189.58,191.56,187.06,188.13,160.84,185681700.0,165.667,165.66920000000002,-0.010884939425619633,39.756556189670604,-3.4150963265564656,-3.3493237648172314,1,2.1200000000000045,-0.012336418463087195,0.3165478797023189,0,0.00991731902541998,0.33967233999822993,0,1,0,0,0,0,0,0,0,0,0,0
2016-01-28,189.96,190.2,187.16,189.11,161.67,143798800.0,164.88500000000002,165.66920000000002,0.0051604078587415,41.732451182439426,-3.2454068306763304,-3.328540377989051,1,2.069999999999993,0.00792713281412194,-0.2255628853031828,0,0.011742457560031616,0.2536659532135474,0,1,0,0,0,0,0,0,0,0,0,0
2016-01-29,190.02,193.88,189.88,193.72,165.61,210529300.0,164.363,165.66920000000002,0.024370631533370712,50.099326388086354,-2.761172532414946,-3.21506680887423,0,2.730000000000018,0.01864609996649258,0.4640546374517729,0,0.02040636819421232,0.39069679857848766,0,1,0,0,0,0,0,0,0,0,0,0
2016-02-01,192.53,194.58,191.84,193.65,165.56,136061600.0,163.9265,165.66920000000002,-0.0003019141356198629,50.001202340098416,-2.3543089365415995,-3.042915234407704,0,5.140000000000015,0.02922912525649235,-0.35371656106774685,0,0.02029642008971766,0.23777764042168142,0,1,0,0,0,0,0,0,0,0,0,0
2016-02-02,191.96,191.97,189.54,190.16,162.57,182564900.0,163.462,165.66920000000002,-0.018059917854554297,44.40078850617587,-2.247229949044936,-2.8837781773351505,1,-0.040000000000020464,0.006008799543196552,0.3417812226226944,0,0.013721523440935857,0.33327200223913256,0,1,0,0,0,0,0,0,0,0,0,0
2016-02-03,191.41,191.78,187.1,191.3,163.55,205054900.0,163.03199999999998,165.66920000000002,0.006028172479547456,46.51529417736997,-2.0595500591367966,-2.71893255369548,1,2.710000000000008,-0.012333659510626704,0.12318906865448942,0,0.01587650628903159,0.379455137570915,0,1,0,0,0,0,0,0,0,0,0,0
2016-02-04,190.71,192.75,189.96,191.6,163.8,139531800.0,162.723,165.66920000000002,0.0015285845307244639,47.068331475710146,-1.8690937344607335,-2.548964789848531,0,2.130000000000024,-0.010503160844282378,-0.31953930386447726,0,0.016426246811504952,0.2449036838289002,0,1,0,0,0,0,0,0,0,0,0,0
2016-02-05,190.99,191.67,187.2,187.95,160.68,180788300.0,162.46200000000002,165.66920000000002,-0.01904761904761909,41.32531279378185,-1.9474644916580246,-2.4286647302104294,0,-4.930000000000007,-0.011490862037347171,0.2956781178197372,0,0.009565485091037051,0.3296237604325321,0,1,0,0,0,0,0,0,0,0,0,0
2016-02-08,185.77,186.12,182.8,185.42,158.52,191526700.0,162.184,165.66920000000002,-0.013442867811799819,37.879443091396695,-2.15898044682217,-2.3747278735327777,1,-7.039999999999992,-0.030961902328694446,0.059397649073529735,0,0.004815726976866941,0.35167502679299506,0,1,0,0,0,0,0,0,0,0,0,0
2016-02-09,183.36,186.94,183.2,185.43,158.53,184513100.0,161.8985,165.66920000000002,6.308352258388439e-05,37.905257873414634,-2.2992965889385744,-2.359641616613937,0,-4.039999999999992,-0.032427403336835026,-0.03661943739436846,0,0.004837716597765829,0.3372726240378599,0,1,0,0,0,0,0,0,0,0,0,0
2016-02-10,186.41,188.34,185.12,185.27,158.39,148214100.0,161.54000000000002,165.66920000000002,-0.0008831136062575906,37.66924658553212,-2.3941961693552685,-2.3665525271622037,0,-5.160000000000025,-0.014262897895473525,-0.19672857916321385,0,0.004529861905180732,0.26273275612285907,0,1,0,0,0,0,0,0,0,0,0,0
2016-02-11,182.34,184.1,181.09,182.86,156.33,219058900.0,161.285,165.66920000000002,-0.013005871582801753,34.28642288479736,-2.60559388997396,-2.414360799724555,1,-7.469999999999999,-0.01382590166647546,0.4779896109749342,0,0.0,0.4082123019633685,0,1,0,0,0,0,0,0,0,0,0,0
2016-02-12,184.96,186.65,183.96,186.63,159.55,127632400.0,161.0585,165.66920000000002,0.020597454103499002,42.915838590233264,-2.4846594102310746,-2.428420521825859,1,-1.1299999999999955,0.006708468914439658,-0.41736035376786795,0,0.007080657929457279,0.22046830808114515,0,1,0,0,0,0,0,0,0,0,0,0
2016-02-16,188.77,189.81,187.63,189.78,162.25,120250700.0,161.143,165.66920000000002,0.01692259479786884,48.967388894402745,-2.1462103516264506,-2.3719784877859773,1,3.7299999999999898,0.02451417731856609,-0.057835627944001655,0,0.013017855572169945,0.2053100132799616,0,1,0,0,0,0,0,0,0,0,0,0
2016-02-17,191.16,193.32,191.01,192.88,164.9,136009500.0,161.34900000000002,165.66920000000002,0.016332819722650216,54.10949093724326,-1.6451894612481794,-2.226620682478418,0,6.3700000000000045,0.05385286862401806,0.13104954898391452,0,0.018845105110387894,0.2376706532562396,0,1,0,0,0,0,0,0,0,0,0,0
2016-02-18,193.2,193.27,191.72,192.09,164.22,102343000.0,161.624,165.66920000000002,-0.004123711340206282,52.64365075544427,-1.2881481430173949,-2.0389261745862135,0,5.8300000000000125,0.029131703180312774,-0.24753050338395477,0,0.017349810889260242,0.1685366147659127,0,1,0,0,0,0,0,0,0,0,0,0
2016-02-19,191.17,192.18,190.45,192.0,164.14,114793000.0,161.851,165.66920000000002,-0.00048715138229216137,52.46358261641541,-1.0001169319475025,-1.8311643260584713,1,7.809999999999974,0.011721957000151773,0.12164974644088988,0,0.01717389392206875,0.1941026456632311,0,1,0,0,0,0,0,0,0,0,0,0
2016-02-22,193.87,194.95,193.79,194.78,166.52,103640300.0,162.033,165.66920000000002,0.0144998172291948,57.158492637079554,-0.5731965593776351,-1.5795707727223043,0,6.969999999999999,0.009888954506696357,-0.09715487878180729,0,0.022407423696015505,0.17120061572037787,0,1,0,0,0,0,0,0,0,0,0,0
2016-02-23,194,194.32,192.18,192.32,164.42,111455300.0,162.233,165.66920000000002,-0.012611097766034196,52.254482102776684,-0.3997039989952498,-1.3435974179768935,1,2.1699999999999875,0.0014015680808684428,0.07540503066857207,0,0.017789603307238944,0.1872486905366464,0,1,0,0,0,0,0,0,0,0,0,0
2016-02-24,190.63,193.53,189.32,193.2,165.17,150812200.0,162.36100000000002,165.66920000000002,0.004561488869967212,53.77969369859443,-0.19939268816580125,-1.1147564720146752,1,0.2699999999999818,0.006450208333127816,0.35311824561057215,0,0.01943882487465909,0.26806794526939104,0,1,0,0,0,0,0,0,0,0,0,0
2016-02-25,193.73,195.55,192.83,195.54,167.17,110728300.0,162.6775,165.66920000000002,0.012108736453351199,57.6635679491237,0.11936281391615466,-0.8679326148285093,0,2.9499999999999886,0.0040591275572842145,-0.2657868527877718,0,0.02383674905444627,0.18575579861195962,0,1,0,0,0,0,0,0,0,0,0,0
2016-02-26,196.57,196.68,194.9,195.09,166.79,129833700.0,162.9335,165.66920000000002,-0.002273135131901638,56.68887358947423,0.33742638034598826,-0.6268608157936099,0,2.6500000000000057,0.014397090191416773,0.17254306261362262,0,0.0230011434602867,0.22498866983329513,0,1,0,0,0,0,0,0,0,0,0,0
2016-02-29,195.11,196.23,193.33,193.56,165.48,125918100.0,162.927,165.66920000000002,-0.007854187900953269,53.34149736539504,0.39992716452493937,-0.42150321972990007,1,-1.0400000000000205,0.001981413420496292,-0.03015857978321501,0,0.020120503122526112,0.21694799910385415,0,1,0,0,0,0,0,0,0,0,0,0
2016-03-01,195.01,198.21,194.45,198.11,169.37,141799700.0,163.1175,165.66920000000002,0.023507372492144185,60.75256773640885,0.754650831166316,-0.18627240955065688,1,4.950000000000017,0.013380049459289278,0.12612642662174856,0,0.028674465652212155,0.2495608084451274,0,1,0,0,0,0,0,0,0,0,0,0
2016-03-02,197.74,199.06,197.25,199.0,170.13,102415000.0,163.49550000000002,165.66920000000002,0.00448721733482893,62.0217776253534,1.084595004960363,0.0679010733515471,1,4.960000000000008,0.020140401926019846,-0.277748824574382,0,0.030345676840531244,0.16868446651086105,0,0,0,0,0,0,0,0,0,0,0,0
2016-03-03,198.79,199.8,198.11,199.78,170.8,95172200.0,163.858,165.6652,0.003938164932698607,63.153056205795046,1.3841855114376074,0.3311579609687592,1,3.630000000000024,0.03193275475967172,-0.07072010935898065,0,0.03181898144075995,0.15381140236764035,0,0,0,0,0,0,0,0,0,0,0,0
2016-03-04,200.01,201.35,199.03,200.43,171.35,129293600.0,164.2355,165.644,0.0032201405152223472,64.0984668689758,1.6470078682338851,0.5943279424217844,1,4.560000000000002,0.011645522782749884,0.35852276189895793,0,0.033028410590201396,0.22387957639653677,0,0,0,0,0,0,0,0,0,0,0,0
2016-03-07,199.34,201.07,199.25,200.59,171.49,100219000.0,164.776,165.59419999999997,0.0008170411438577219,64.34921525597332,1.8453215908721745,0.8445266721118625,0,6.010000000000019,0.007975346591778676,-0.2248726928479059,0,0.03333626528278655,0.16417498828993646,0,0,0,0,0,0,0,0,0,0,0,0
2016-03-08,199.32,199.92,198.21,198.4,169.62,123974900.0,165.331,165.46400000000003,-0.0109044259140475,58.474461860729214,1.8304924950375607,1.0417198366970022,1,0.25,-0.006867244254967431,0.23703988265698128,0,0.02922420617468552,0.21295764478741486,0,0,0,0,0,0,0,0,0,0,0,0
2016-03-09,199.36,199.79,198.43,199.38,170.45,94801200.0,165.927,165.3562,0.0048932908855086055,60.21079409151925,1.8642247704373744,1.2062208234450766,1,0.3199999999999932,-0.005194093884681172,-0.23531940739617452,0,0.031049344709297155,0.15304955518186483,0,0,0,0,0,0,0,0,0,0,0,0
2016-03-10,199.96,201.07,197.38,199.54,170.59,156838700.0,166.53699999999998,165.25920000000002,0.000821355236139798,60.51073193764578,1.8805765557740983,1.341091969910881,1,-0.21000000000000796,-0.005189779792399096,0.6543957249486294,0,0.03135719940188231,0.2804433416712135,0,0,0,0,0,0,0,0,0,0,0,0
2016-03-11,201.26,202.81,199.52,202.76,173.34,137964500.0,167.3875,165.1798,0.01612052289114252,65.94171138838702,2.091329931114558,1.4911395621516166,0,1.990000000000009,0.021835169012790923,-0.12034147184336519,0,0.037404345149089635,0.24168523883087878,0,0,0,0,0,0,0,0,0,0,0,0
2016-03-14,202.16,203.04,201.77,202.5,173.12,73612000.0,168.06599999999997,165.12120000000002,-0.0012691819545401772,65.16953174854598,2.2150674197019384,1.635925133661681,0,1.6299999999999955,0.01567269617274214,-0.46644245439950127,0,0.03692057348931305,0.10953760804214924,0,0,0,0,0,0,0,0,0,0,0,0
2016-03-15,201.36,202.53,201.05,202.17,172.84,93169100.0,168.5955,165.09219999999996,-0.0016173752310536527,64.14007610936056,2.2644336296242216,1.761626832854189,1,3.219999999999999,0.01323396570554869,0.26567815030158126,0,0.03630486410414285,0.14969804361338987,0,0,0,0,0,0,0,0,0,0,0,0
2016-03-16,201.6,203.82,201.55,203.34,173.84,129303200.0,169.04250000000002,165.1318,0.005785697755149366,66.19399611686102,2.357077427943665,1.8807169518720843,1,3.390000000000015,0.002899140569555536,0.3878335199116445,0,0.03850382619403642,0.22389928996252983,0,0,0,0,0,0,0,0,0,0,0,0
2016-03-17,203.24,205.23,202.77,204.63,174.94,134278500.0,169.5785,165.18760000000003,0.006327657616198801,68.34199973652689,2.490549606935332,2.002683482884734,0,4.349999999999994,0.010495980140294514,0.038477779358902175,0,0.0409226844929193,0.23411605088810644,0,0,0,0,0,0,0,0,0,0,0,0
2016-03-18,1.05 Dividend,,,,,,176.41150000000002,177.43039999999996,0.0,68.34199973652687,2.490549606935332,2.1002567076948537,0,0.0,0.012113355371348167,0.0,0,0.0424399683349459,0.2425228600359403,1,1,0,0,0,0,1,0,0,0,1,1
2016-03-18,204.17,204.78,203.8,204.38,175.63,138372400.0,176.41150000000002,177.43039999999996,0.00394420944323759,68.34199973652687,2.6777345988679713,2.2157522859294776,1,2.509999999999991,0.01027186705943639,0.03048812728768935,0,0.0424399683349459,0.2425228600359403,1,1,0,0,0,0,0,0,0,0,0,0
2016-03-21,204.07,204.94,203.8,204.67,175.88,72926700.0,176.41150000000002,177.43039999999996,0.001423447019301971,68.90287055782095,2.759203447303662,2.3244425182043145,0,3.039999999999992,0.005367656462539561,-0.47296787509647875,0,0.04298970885741926,0.10813034691974505,1,1,0,0,0,0,0,0,0,0,0,0
2016-03-22,203.76,205.23,203.57,204.56,175.78,97471900.0,176.41150000000002,177.43039999999996,-0.0005685694791903728,68.38100394171215,2.783611195254082,2.416276253614268,0,1.9399999999999977,0.004799086983349188,0.33657357319061476,0,0.04276981264842994,0.15853382817121972,1,1,0,0,0,0,0,0,0,0,0,0
2016-03-23,204.11,204.33,203.01,203.21,174.62,81052500.0,176.41150000000002,177.43039999999996,-0.00659915803845712,62.47030922716188,2.678476397263637,2.468716282344142,0,-0.3199999999999932,-0.005744280498345522,-0.1684526514821194,0,0.04021901662415339,0.12481664843504062,1,1,0,0,0,0,0,0,0,0,0,0
2016-03-24,202,203.16,201.74,203.12,174.55,84360900.0,176.41150000000002,177.43039999999996,-0.0004008704615736658,62.12135480289859,2.559997835906273,2.4869725930565685,1,0.0,-0.007568597979221159,0.04081798834089012,0,0.040065089277860844,0.13161043611541717,1,1,0,0,0,0,1,0,0,0,0,0
2016-03-28,203.61,203.86,202.71,203.24,174.65,62408200.0,176.41150000000002,177.43039999999996,0.0005729017473503628,62.444100060805326,2.4459761956871944,2.478773313582694,1,-0.9799999999999898,-0.006427126752680423,-0.26022363440883156,0,0.04028498548685022,0.08653064443031183,1,1,0,0,0,0,0,0,0,0,0,0
2016-03-29,202.76,205.25,202.4,205.12,176.27,92922900.0,176.41150000000002,177.43039999999996,0.009275694245634236,67.30431592719395,2.4579993984136763,2.4746185305488906,1,0.3900000000000148,0.009447725531410933,0.488953374716784,0,0.04384730407247778,0.14919247278552483,1,1,0,0,0,0,0,0,0,0,0,0
2016-03-30,206.3,206.87,205.59,206.02,177.04,86365300.0,176.41150000000002,177.43039999999996,0.0043682986327791,69.33560696484764,2.500832398858506,2.479861304210814,0,1.259999999999991,0.014216894625763699,-0.07057033303954141,0,0.04554050488169581,0.13572646441506256,1,1,0,0,0,0,0,0,0,0,0,0
2016-03-31,205.91,206.41,205.33,205.52,176.61,94584100.0,176.41150000000002,177.43039999999996,-0.002428829643018382,66.83831327723557,2.471589508621747,2.478206945093001,1,1.990000000000009,0.011215163235394954,0.0951632194874561,0,0.04459495118304163,0.15260374110091643,1,1,0,0,0,0,0,0,0,0,0,0
2016-04-01,204.35,207.14,203.98,206.92,177.81,114423500.0,176.41150000000002,177.43039999999996,0.0067946322405298964,70.07731603129487,2.5162386458023605,2.485813285234873,0,3.259999999999991,0.008734101230290614,0.20975407071590246,0,0.047233705690913896,0.193343878722142,1,1,0,0,0,0,0,0,0,0,0,0
2016-04-04,206.83,207.07,205.89,206.25,177.24,63497000.0,176.41150000000002,177.43039999999996,-0.003205668972498743,66.7426200263265,2.477074993783731,2.484065626944645,0,2.5900000000000034,0.0011601336250127714,-0.4450702871350728,0,0.045980297299674566,0.08876649137336406,1,1,0,0,0,0,0,0,0,0,0,0
2016-04-05,204.67,206.26,203.89,204.19,175.47,99662200.0,176.41150000000002,177.43039999999996,-0.009986459038591744,57.57974759654352,2.276965864780152,2.442645674511746,1,-0.8000000000000114,-0.006397495770560591,0.5695576168952865,0,0.042088134400562915,0.1630316014623359,1,1,0,0,0,0,0,0,0,0,0,0
2016-04-06,204.19,206.49,203.98,206.42,177.38,91839800.0,176.41150000000002,177.43039999999996,0.010885051575767912,63.41635112451407,2.2466015515747415,2.4034368499243453,0,0.3400000000000034,-0.0023070764353225748,-0.0784891363024296,0,0.04628815199225961,0.146968330772281,1,1,0,0,0,0,0,0,0,0,0,0
2016-04-07,205.14,205.56,203.09,203.95,175.26,113859000.0,176.41150000000002,177.43039999999996,-0.011951742022775935,54.45963431743533,2.0280927414955556,2.3283680282385872,1,-1.3500000000000227,-0.011053149485599767,0.23975661967904993,0,0.04162635236168527,0.19218467997181782,1,1,0,0,0,0,0,0,0,0,0,0
2016-04-08,205.34,205.85,203.87,204.5,175.73,95040600.0,176.41150000000002,177.43039999999996,0.002681730001141247,55.945185602675714,1.8712770898210636,2.2369498405550825,0,-2.0800000000000125,0.001615039554133224,-0.165278107132506,0,0.04265986454393522,0.15354116223381808,1,1,0,0,0,0,0,0,0,0,0,0
2016-04-11,205.25,206.07,203.91,204.02,175.32,83757500.0,176.41150000000002,177.43039999999996,-0.0023331246799066507,54.281714077771184,1.6943841765168486,2.1284367077474355,1,-1.920000000000016,-0.011603136701541339,-0.11871873704501024,0,0.041758290087078875,0.13037135635289174,1,1,0,0,0,0,0,0,0,0,0,0
2016-04-12,204.22,206.25,203.7,205.92,176.95,115350600.0,176.41150000000002,177.43039999999996,0.009297284964635999,59.44457092891105,1.6665121313181999,2.0360517924615884,1,1.4799999999999898,0.009645890285870595,0.37719726591648506,0,0.045342598293605374,0.19524767528799775,1,1,0,0,0,0,0,0,0,0,0,0
2016-04-13,207,208.1,206.84,208.0,178.74,96336400.0,176.41150000000002,177.43039999999996,0.010115851935575071,64.22269941516393,1.7684754904210536,1.9825365320534813,1,1.3600000000000136,0.01708001222030442,-0.1648383276723311,0,0.04927874043451491,0.15620208294359683,1,1,0,0,0,0,0,0,0,0,0,0
2016-04-14,208.07,208.6,207.6,208.01,178.75,65212900.0,176.41150000000002,177.43039999999996,5.5947185856553006e-05,64.24804138179857,1.8290054670353015,1.9518303190498456,0,3.490000000000009,0.019469084086067623,-0.32307103026478046,0,0.0493007300554138,0.09229008594498725,1,1,0,0,0,0,0,0,0,0,0,0
2016-04-15,208.01,208.17,207.4,207.78,178.55,75761600.0,176.41150000000002,177.43039999999996,-0.0011188811188810321,63.28258723870032,1.8396314547867973,1.929390546197236,1,2.8200000000000216,0.009052918002550592,0.16175787305885803,0,0.04886093763743515,0.11395180402744046,0,1,0,0,0,0,0,0,0,0,0,0
2016-04-18,207.78,209.28,207.0,209.24,179.81,82531000.0,176.62050000000002,177.43039999999996,0.0070568468216185565,66.67967111629741,1.9275050183552196,1.9290134406288328,1,4.490000000000009,0.005993912888594077,0.08935133365715608,0,0.051631629870701023,0.12785274294762577,0,1,0,0,0,0,0,0,0,0,0,0
2016-04-19,209.74,210.2,208.94,209.9,180.37,88316100.0,176.845,177.43039999999996,0.0031143985317836353,68.09262329524935,2.019058322936104,1.947022417090287,1,3.420000000000016,0.00905236423452116,0.07009608510741416,0,0.05286304864104141,0.13973242530457974,0,1,0,0,0,0,0,0,0,0,0,0
2016-04-20,209.95,210.92,209.39,210.1,180.54,81100300.0,177.083,177.43039999999996,0.0009425070688029447,68.5289135355086,2.081340161876284,1.9738859660474866,0,1.799999999999983,0.011113752422205136,-0.08170424192191461,0,0.05323687219632328,0.12491480556571466,0,1,0,0,0,0,0,0,0,0,0,0
2016-04-21,210.12,210.25,208.65,208.97,179.57,85695000.0,177.3305,177.43039999999996,-0.00537277057715746,63.21728455597964,2.0290385808536087,1.984916489008711,0,0.8199999999999932,-0.0013158649765708796,0.0566545376527583,0,0.05110387896912655,0.1343500057395226,0,1,0,0,0,0,0,0,0,0,0,0
2016-04-22,208.55,209.29,207.91,208.97,179.57,99251700.0,177.5815,177.43039999999996,0.0,63.21728455597964,1.964938611894496,1.980920913585868,0,1.0199999999999818,-0.004430263508354515,0.15819709434622786,0,0.05110387896912655,0.16218864116648457,0,1,0,0,0,0,0,0,0,0,0,0
2016-04-25,208.26,208.66,207.54,208.61,179.26,66166500.0,177.812,177.43039999999996,-0.0017263462716489153,61.45186363190147,1.8675960309505228,1.9582559370587993,1,-0.5500000000000114,-0.007099116848806375,-0.33334643134576036,0,0.050422200721259525,0.0942483001669698,0,1,0,0,0,0,0,0,0,0,0,0
2016-04-26,209.04,209.52,208.36,208.92,179.53,75864200.0,177.975,177.43039999999996,0.0015061921231731557,62.435813946839325,1.7915857919664973,1.9249219080403388,1,-0.8400000000000034,-0.00022015414847575965,0.14656510469799677,0,0.05101592048553083,0.11416249276399185,0,1,0,0,0,0,0,0,0,0,0,0
2016-04-27,208.47,209.81,208.05,209.35,179.9,77329400.0,178.118,177.43039999999996,0.0020609368907704706,63.799477595116834,1.7411323478397946,1.88816399600023,0,-0.6399999999999864,0.001840782742294711,0.01931345746742208,0,0.05182953645879146,0.11717127577369071,0,1,0,0,0,0,0,0,0,0,0,0
2016-04-28,208.46,209.76,206.96,207.45,178.27,97216200.0,178.201,177.43039999999996,-0.009060589216231207,54.425824788869875,1.551732842067139,1.820877765213612,0,-1.299999999999983,-0.005493460202287581,0.25716997674881736,0,0.04824522825226496,0.15800874912700733,0,1,0,0,0,0,0,0,0,0,0,0
2016-04-29,206.72,207.13,205.03,206.33,177.31,142424100.0,178.176,177.43039999999996,-0.005385090031974071,49.78633512980325,1.3090781541590388,1.7185178430026975,1,-2.259999999999991,-0.012384742357434808,0.46502434779388624,0,0.046134224645967115,0.2508430116332628,0,1,0,0,0,0,0,0,0,0,0,0
2016-05-02,206.92,208.18,206.41,207.97,178.71,62188000.0,178.24949999999998,177.43039999999996,0.00789577575996847,55.715077356480066,1.2157267245540027,1.6179596193129586,0,-0.549999999999983,-0.006549903488236808,-0.5633604144242442,0,0.04921277157181808,0.08607846451034479,0,1,0,0,0,0,0,0,0,0,0,0
2016-05-03,206.52,206.8,205.28,206.16,177.16,106422100.0,178.334,177.43039999999996,-0.008673269542834872,48.839624471373604,1.0050869808514449,1.495385091620656,0,-2.3700000000000045,-0.006162583814840472,0.7112963915868014,0,0.04580438033248302,0.17691303216617388,0,1,0,0,0,0,0,0,0,0,0,0
2016-05-04,204.99,205.85,204.42,205.01,176.17,92243800.0,178.27349999999998,177.43039999999996,-0.005588168886881961,45.018365469096246,0.7496275009607984,1.3462335734886846,0,-3.730000000000018,-0.006365662669748362,-0.13322702709305678,0,0.0436274078634884,0.14779794334115784,0,1,0,0,0,0,0,0,0,0,0,0
2016-05-05,205.56,205.98,204.47,204.97,176.14,67619200.0,178.31750000000002,177.43039999999996,-0.00017029006073676634,44.90371201413217,0.5385452588703004,1.1846959105650077,1,-2.130000000000024,-0.0144317284904536,-0.2669512747740228,0,0.04356143900079157,0.09723141447094846,0,1,0,0,0,0,0,0,0,0,0,0
2016-05-06,204.06,205.77,203.88,205.72,176.78,89315000.0,178.37,177.43039999999996,0.0036334733734531,47.94927515746068,0.4180842970173728,1.0313735878554808,1,-0.5300000000000011,-0.0021249855741656276,0.32085265723344847,0,0.0449687747383235,0.1417836629160923,0,1,0,0,0,0,0,0,0,0,0,0
2016-05-09,205.57,206.4,205.36,205.89,176.93,74374900.0,178.4505,177.43039999999996,0.0008485122751442642,48.66550193917685,0.3309073691038975,0.8912803441051642,1,-1.7800000000000011,0.004311695587860598,-0.16727425404467333,0,0.04529861905180754,0.11110422048966445,0,1,0,0,0,0,0,0,0,0,0,0
2016-05-10,206.72,208.47,206.64,208.45,179.13,77472200.0,178.5595,177.43039999999996,0.01243429604928492,57.830603218020926,0.4343339085551463,0.7998910569951606,0,1.9699999999999989,0.016916281697882285,0.04164442574040428,0,0.05013633564957337,0.11746451506783828,0,1,0,0,0,0,0,0,0,0,0,0
2016-05-11,207.91,208.54,206.5,206.5,177.45,81727000.0,178.495,177.43039999999996,-0.009378663540445475,50.42671415332991,0.376399329395241,0.7151927114751767,1,1.2800000000000011,0.0039041447839837096,0.054920345620751654,0,0.046442079338552156,0.12620173179570257,0,1,0,0,0,0,0,0,0,0,0,0
2016-05-12,207.29,207.49,205.37,206.56,177.5,89586300.0,178.4325,177.43039999999996,0.00028176951253877647,50.62930360999508,0.33070814253895264,0.6382957976879319,0,1.3600000000000136,0.003337402021378222,0.0961652819753569,0,0.04655202744304687,0.14234077650504348,0,1,0,0,0,0,0,0,0,0,0,0
2016-05-13,206.21,206.86,204.38,204.76,175.96,96474600.0,178.30300000000003,177.43039999999996,-0.008676056338028149,44.585649129217536,0.1682924475086338,0.5442951276520723,1,-0.8199999999999932,-0.017772950365934848,0.0768901048486208,0,0.043165625824610754,0.15648587615403933,0,1,0,0,0,0,0,0,0,0,0,0
2016-05-16,204.96,207.34,204.89,206.78,177.69,77486800.0,178.19699999999997,177.43039999999996,0.009831779949988517,51.57838338539312,0.17713151895205215,0.47086240591206835,0,0.7599999999999909,0.0014374931244991451,-0.1968165714084329,0,0.04696983024012663,0.11749449611611948,0,1,0,0,0,0,0,0,0,0,0,0
2016-05-17,206.46,206.8,204.23,204.85,176.03,114924900.0,177.98,177.43039999999996,-0.009342112668129898,45.62850993528156,0.04961647214614118,0.3866132191588829,1,-3.0999999999999943,-0.00818638905616953,0.4831545501943557,0,0.0433195531709033,0.19437350184599064,0,1,0,0,0,0,0,0,0,0,0,0
2016-05-18,204.44,206.3,203.63,204.91,176.09,120062100.0,177.7575,177.43039999999996,0.00034085099130831686,45.87155867295279,-0.046067584150762286,0.3000770584969539,0,-1.3599999999999852,0.0008305182731669358,0.04470049571502788,0,0.04345149089629696,0.20492272384805524,0,1,0,0,0,0,0,0,0,0,0,0
2016-05-19,204.06,204.54,202.78,204.2,175.47,115430500.0,177.55249999999998,177.43039999999996,-0.00352092679879612,43.697821446594155,-0.16996742786884056,0.206068161223795,1,-2.030000000000001,-0.012522188475617702,-0.038576703222748865,0,0.042088134400562915,0.19541174965496128,0,1,0,0,0,0,0,0,0,0,0,0
2016-05-20,204.92,206.1,204.86,205.49,176.58,104990400.0,177.403,177.43039999999996,0.006325867669687124,48.41122608278636,-0.17655599570642266,0.1295433298377515,0,0.6200000000000045,0.003145791862199321,-0.09044489974486813,0,0.0445289823203448,0.17397304128780514,0,1,0,0,0,0,0,0,0,0,0,0
2016-05-23,205.51,205.84,204.99,205.21,176.34,58682600.0,177.257,177.43039999999996,-0.0013591573224601694,47.48558156679572,-0.19885124406116006,0.06386441505796919,1,-1.3499999999999943,0.0014457835484308346,-0.4410669927917219,0,0.044001231418770326,0.0788801380278179,0,1,0,0,0,0,0,0,0,0,0,0
2016-05-24,206.17,208.24,206.14,207.87,178.63,93537800.0,177.21200000000002,177.43039999999996,0.012986276511284922,56.10905128949506,-0.03137485751216218,0.044816560543942924,1,2.5999999999999943,0.017952986858511877,0.5939614127526729,0,0.04903685460462659,0.15045516775731285,0,1,0,0,0,0,0,0,0,0,0,0
2016-05-25,208.67,209.77,207.87,209.28,179.84,76621400.0,177.209,177.43039999999996,0.006773778200750202,59.85979697773623,0.19672060041096984,0.07519736851734832,1,3.75,0.018400897389574955,-0.18085095009718,0,0.0516975987333978,0.11571740028169863,0,1,0,0,0,0,0,0,0,0,0,0
2016-05-26,209.44,209.71,208.97,209.34,179.89,55280700.0,177.29000000000002,177.43039999999996,0.0002780249110319044,60.01186682075505,0.37717464179905846,0.13559282317369034,1,4.4199999999999875,0.02003807962306703,-0.2785214052470981,0,0.05180754683789246,0.07189434842865425,0,1,0,0,0,0,0,0,0,0,0,0
2016-05-27,209.53,210.25,209.47,210.24,180.67,64211200.0,177.458,177.43039999999996,0.004335983100783869,62.4046686471325,0.5764799489629695,0.22377024833154618,0,4.089999999999975,0.011387786212565976,0.16154824378128363,0,0.053522737268009435,0.09023309854339337,0,0,0,0,0,0,0,0,0,0,0,0
2016-05-31,210.56,210.69,209.18,209.84,180.32,109879400.0,177.5385,177.5242,-0.0019372336303757898,60.65090520137124,0.6981410306559042,0.3186444047964178,1,3.9799999999999898,0.0026767743814399836,0.7112186036080932,0,0.05275310053654669,0.18401258546908944,0,0,0,0,0,0,0,0,0,0,0,0
2016-06-01,209.12,210.48,208.89,210.27,180.69,69936200.0,177.71499999999997,177.62040000000002,0.0020519077196095026,61.87082071053618,0.8150191883280797,0.4179193615027502,1,2.0600000000000023,0.004450657190017582,-0.36351854851773857,0,0.05356671650980732,0.10198936576324458,0,0,0,0,0,0,0,0,0,0,0,0
2016-06-02,209.8,210.93,209.24,210.91,181.24,63044700.0,177.9685,177.7296,0.0030438873208258332,63.6736809004316,0.9411770703979982,0.5225709032817998,0,1.4000000000000057,0.003158561410059546,-0.09853981200008011,0,0.05477614565924882,0.08783769492558438,0,0,0,0,0,0,0,0,0,0,0,0
2016-06-03,210.25,210.69,208.86,210.28,180.7,101757100.0,178.1965,177.85119999999998,-0.00297947472964033,60.64193103230112,0.9862161281975261,0.615299948264945,1,0.8100000000000023,0.0021163203107950057,0.6140468588160464,0,0.053588706130706265,0.16733347119139552,0,0,0,0,0,0,0,0,0,0,0,0
2016-06-06,210.7,211.77,210.51,211.35,181.62,64887000.0,178.4385,177.9926,0.00509131156613174,63.80400939496611,1.0836545224484553,0.7089708631016471,1,0.950000000000017,0.005155724157317243,-0.3623344218732648,0,0.05561175125340839,0.0916208514494502,0,0,0,0,0,0,0,0,0,0,0,0
2016-06-07,211.53,212.34,211.5,211.68,181.9,60974800.0,178.687,178.13760000000002,0.0015416804316705779,64.732689360409,1.1699819877738378,0.8011730880360852,1,1.5800000000000125,0.0036535172681619876,-0.06029250851480261,0,0.056227460638578586,0.08358716260796514,0,0,0,0,0,0,0,0,0,0,0,0
2016-06-08,211.84,212.52,211.69,212.37,182.5,66170900.0,178.8555,178.2622,0.0032985156679494754,66.70408789141456,1.2721475861025908,0.8953679876493863,0,1.8100000000000023,0.009931507665751793,0.08521717168403997,0,0.05754683789251469,0.0942573355513833,0,0,0,0,0,0,0,0,0,0,0,0
2016-06-09,211.51,212.22,211.19,212.08,182.25,73786900.0,179.0955,178.3664,-0.00136986301369868,65.07190416826454,1.3177514299658242,0.979844676112674,0,1.009999999999991,0.0034703330859213732,0.11509591074021963,0,0.05699709737004133,0.10989676457258626,0,0,0,0,0,0,0,0,0,0,0,0
2016-06-10,210.46,210.86,209.43,210.07,180.52,113829200.0,179.2465,178.44459999999998,-0.009492455418381285,55.036044430113094,1.2004581289473606,1.0239673666796114,0,-0.1799999999999784,-0.0075638027641304895,0.5426749192607361,0,0.05319289295452545,0.19212348577738086,0,0,0,0,0,0,0,0,0,0,0,0
2016-06-13,209.36,210.37,208.35,208.45,179.13,117751200.0,179.405,178.47099999999998,-0.00769997784179044,48.556271607124444,0.9839980426343402,1.0159735018705573,0,-2.490000000000009,-0.018562296273870404,0.03445513102086273,0,0.05013633564957337,0.20017729888415056,0,0,0,0,0,0,0,0,0,0,0,0
2016-06-14,208,208.74,206.92,208.04,178.77,125059300.0,179.459,178.5016,-0.002009713615809705,47.01244751882557,0.7744752052935553,0.967673842555157,0,-3.1299999999999955,-0.01920214687598143,0.06206391102595976,0,0.04934470929721174,0.2151844563460536,0,0,0,0,0,0,0,0,0,0,0,0
2016-06-15,208.04,209.36,207.53,207.75,178.53,109124500.0,179.584,178.56279999999998,-0.0013425071320691817,45.963251464854665,0.582347908741184,0.8906086557923625,1,-3.969999999999999,-0.011052198589669326,-0.1274179529231333,0,0.04881695839563727,0.18246240099323519,0,0,0,0,0,0,0,0,0,0,0,0
2016-06-16,207.75,208.57,205.59,208.37,179.06,149533100.0,179.7325,178.59640000000002,0.0029686887357867064,48.6867230498943,0.46746358342247163,0.8059796413183844,0,-3.1899999999999977,-0.00038353201209218035,0.3702981456959711,0,0.04998240830328082,0.2654413179504545,0,0,0,0,0,0,0,0,0,0,0,0
2016-06-17,207.17,207.2,205.75,206.52,178.39,117055700.0,179.8785,178.65900000000002,-0.00374176253769698,45.56059580984877,0.3186799828631308,0.7085197096273338,0,-2.130000000000024,-0.002115580933979455,-0.21719204644322898,0,0.048509103703052114,0.1987490920978787,0,0,0,0,0,0,0,0,0,0,0,0
2016-06-17,1.08 Dividend,,,,,,181.361,185.2934,0.0,45.56059580984877,0.3186799828631308,0.6305517642744932,0,0.0,-0.0007730738019102734,0.0,0,0.05103791010642972,0.12838377713156526,1,1,0,0,0,0,1,0,0,0,1,1
2016-06-20,208.82,209.61,207.75,207.85,179.54,82789600.0,181.361,185.2934,0.006446549694489656,45.56059580984877,0.2874099699573378,0.5619234054110622,1,0.7699999999999818,0.0027047871567926762,-0.2927332885113668,0,0.05103791010642972,0.12838377713156526,1,1,0,0,0,0,0,0,0,0,0,0
2016-06-21,208.3,208.92,207.78,208.44,180.05,72461700.0,181.361,185.2934,0.00284059262559877,48.69262176809075,0.30280681280845556,0.5101000868905409,0,1.5200000000000102,0.009287142320088426,-0.12474876071390606,0,0.0521593807722755,0.10717547106695363,1,1,0,0,0,0,0,0,0,0,0,0
2016-06-22,208.65,209.5,207.93,208.1,179.76,95560500.0,181.361,185.2934,-0.0016106637045266714,47.03551534269329,0.28828517330086356,0.4657371041726054,1,0.6999999999999886,0.007676478615561755,0.318772537768228,0,0.051521681766206306,0.1546087750421326,1,1,0,0,0,0,0,0,0,0,0,0
2016-06-23,209.81,210.87,209.27,210.81,182.1,102731400.0,181.361,185.2934,0.013017356475300446,59.12370595997008,0.4602891859567535,0.46464752052943503,0,3.710000000000008,0.014247285396372544,0.07504041942015793,0,0.05666725305655729,0.16933419279005074,1,1,0,0,0,0,0,0,0,0,0,0
2016-06-24,203.63,210.85,202.72,203.24,175.56,333444400.0,181.361,185.2934,-0.03591433278418443,35.047759033549056,0.06809530201530833,0.3853370768266097,0,0.0,-0.02450764001341066,2.2457885320359696,1,0.04228604098865335,0.6431025210159962,1,1,0,0,0,0,1,0,0,0,0,0
2016-06-27,201.59,201.6,198.65,199.6,172.41,230775800.0,181.361,185.2934,-0.017942583732057482,28.935866495521566,-0.49123717460003036,0.21002222654128172,1,-7.1299999999999955,-0.04083956004094147,-0.3079032066515437,0,0.035359310405488564,0.4322729146076087,1,1,0,0,0,0,0,0,0,0,0,0
2016-06-28,201.48,203.23,201.12,203.2,175.52,159382400.0,181.361,185.2934,0.01803839684473063,40.051372089389844,-0.6757713124085853,0.0328635187513083,1,-4.530000000000001,-0.035818519671511284,-0.3093625934781723,0,0.04219808250505763,0.2856668206104511,1,1,0,0,0,0,0,0,0,0,0,0
2016-06-29,204.84,206.93,204.72,206.66,178.51,137328600.0,181.361,185.2934,0.01703509571558781,48.40676701670427,-0.5741297245103567,-0.0885351299010247,1,-1.25,0.01713090882826096,-0.1383703595880097,0,0.048772979153839324,0.24037942043348082,1,1,0,0,0,0,0,0,0,0,0,0
2016-06-30,207.21,209.54,206.56,209.48,180.95,165021900.0,181.361,185.2934,0.013668702033499569,54.03668882915937,-0.293309338270916,-0.12948997157500297,1,-1.1500000000000057,0.04874219459381801,0.2016571930391775,0,0.05413844665317963,0.2972475138831762,1,1,0,0,0,0,0,0,0,0,0,0
2016-07-01,209.48,210.49,209.29,209.92,181.33,106055300.0,181.361,185.2934,0.0021000276319427247,54.862770475542064,-0.03963741927108799,-0.11151946111421998,0,5.77000000000001,0.032803825381030105,-0.3573259064402967,0,0.054974052247339256,0.17615980966552033,1,1,0,0,0,0,0,0,0,0,0,0
2016-07-05,208.95,209.08,207.71,208.41,180.02,109803700.0,181.361,185.2934,-0.007224397507307079,51.43106827395371,0.055058670193403714,-0.07820383485269525,1,7.610000000000014,0.008544332158135215,0.03534382534394798,0,0.05209341190957867,0.1838571357872479,1,1,0,0,0,0,0,0,0,0,0,0
2016-07-06,207.83,209.8,207.06,209.66,181.1,96021500.0,181.361,185.2934,0.00599933340739911,53.986444189929394,0.2147771599995849,-0.01960763588223921,0,5.579999999999984,0.000874963532034756,-0.1255167175605194,0,0.054468290966663724,0.15555543690909357,1,1,0,0,0,0,0,0,0,0,0,0
2016-07-07,209.87,210.65,208.63,209.53,180.99,85593800.0,181.361,185.2934,-0.0006073992269463035,53.67667695400076,0.3286901971981706,0.050051930733842745,1,2.480000000000018,-0.0018324633268542723,-0.10859755367287538,0,0.05422640513677546,0.13414219189801188,1,1,0,0,0,0,0,0,0,0,0,0
2016-07-08,211.05,212.94,210.78,212.65,183.69,133971000.0,181.361,185.2934,0.014917951268025753,59.777343276425235,0.6295771614169894,0.1659569768704721,1,2.740000000000009,0.02030988544847856,0.565195142638836,0,0.06016360277948807,0.23348460072738952,1,1,0,0,0,0,0,0,0,0,0,0
2016-07-11,213.19,214.07,212.95,213.4,184.33,73633900.0,181.361,185.2934,0.0034841308726660802,61.085587823477745,0.9091942739939611,0.31460443629516993,1,3.0,0.01779468291374553,-0.4503743347440864,0,0.061570938517019946,0.10958257961457105,1,1,0,0,0,0,0,0,0,0,0,0
2016-07-12,214.53,215.3,213.43,214.95,185.67,101275600.0,181.361,185.2934,0.007269570878315923,63.74448627839375,1.2248009089304048,0.4966437308222169,0,5.649999999999977,0.025671653019007756,0.37539367057836137,0,0.06451754771747731,0.16634471264705344,1,1,0,0,0,0,0,0,0,0,0,0
2016-07-13,215.44,215.45,214.35,214.92,185.65,87324100.0,181.361,185.2934,-0.00010771799429087903,63.674555706315026,1.4565177777959377,0.6886185402169611,1,4.550000000000011,0.010645983756691124,-0.1377577619880801,0,0.06447356847567948,0.13769535681862471,1,1,0,0,0,0,0,0,0,0,0,0
2016-07-14,216.4,216.67,215.66,216.12,186.68,91230900.0,181.361,185.2934,0.005548074333423081,65.757971049356,1.7036290821458522,0.8916206486027394,0,5.689999999999998,0.012709927217448125,0.04473908119293535,0,0.06673849942826987,0.14571795677923866,1,1,0,0,0,0,0,0,0,0,0,0
2016-07-15,216.78,217.01,215.31,215.83,186.43,107155400.0,181.361,185.2934,-0.0013391900578529903,64.78670483458458,1.8578772085494393,1.0848719605920794,1,2.740000000000009,0.004101166281279212,0.17455160477425968,0,0.06618875890579645,0.17841886111854363,1,1,0,0,0,0,0,0,0,0,0,0
2016-07-18,215.97,216.6,215.67,216.41,186.93,58725900.0,181.361,185.2934,0.002681971785656767,65.87240581608108,1.997440530278169,1.2673856745292973,0,2.5999999999999943,0.006890856061226858,-0.4519557577126304,0,0.06728823995074323,0.07896905442443267,0,1,0,0,0,0,0,0,0,0,0,0
2016-07-19,215.92,216.23,215.63,216.19,186.74,54345700.0,181.721,185.2934,-0.0010164232600438083,65.05161978179716,2.068865462911475,1.427681632205733,1,1.0700000000000216,0.00032635846775996846,-0.07458719236316513,0,0.06687043715366348,0.06997432924078334,0,1,0,0,0,0,0,0,0,0,0,0
2016-07-20,216.19,217.37,216.19,217.09,187.52,58159500.0,182.0945,185.2934,0.004176930491592623,66.87631671310427,2.1634705757961115,1.5748394209238088,0,1.8700000000000045,0.005842479017205582,0.07017666531114708,0,0.06858562758378045,0.07780595403083901,0,1,0,0,0,0,0,0,0,0,0,0
2016-07-21,216.96,217.22,215.75,216.27,186.81,67777300.0,182.447,185.2934,-0.0037862627986348096,63.62014874788026,2.156298278759351,1.6911311924909174,1,0.12999999999999545,-0.0006257555670859949,0.16536937215760106,0,0.06702436449995602,0.09755607226089755,0,1,0,0,0,0,0,0,0,0,0,0
2016-07-22,216.41,217.3,216.1,217.24,187.65,62787500.0,182.7245,185.2934,0.004496547294042141,65.7451636097239,2.1931143049697255,1.7915278149866791,0,1.2199999999999989,0.004887214986999955,-0.07362051896431399,0,0.0688714926554666,0.08730953563668556,0,1,0,0,0,0,0,0,0,0,0,0
2016-07-25,217,217.06,215.97,216.65,187.14,55873100.0,183.3035,185.2934,-0.002717825739408597,63.32657165885223,2.156282253653444,1.8644787027200322,1,0.20999999999997954,-0.002007541244001265,-0.11012383038025086,0,0.06775002198962082,0.07311083973014593,0,1,0,0,0,0,0,0,0,0,0,0
2016-07-26,216.53,217.17,215.76,216.75,187.23,70080500.0,184.0445,185.2934,0.0004809233728759743,63.58118527017653,2.110031703435226,1.913589302863071,0,0.4899999999999807,0.0022596449275095187,0.2542797875900926,0,0.06794792857771126,0.10228568530207857,0,1,0,0,0,0,0,0,0,0,0,0
2016-07-27,217.19,217.27,215.62,216.52,187.03,84083900.0,184.61999999999998,185.2934,-0.001068204881696233,62.542044582100246,2.0337951560741203,1.9376304735052812,1,-0.4900000000000091,-0.0033051072482288557,0.199818779831765,0,0.06750813615973261,0.13104161759665756,0,1,0,0,0,0,0,0,0,0,0,0
2016-07-28,216.29,217.11,215.75,216.77,187.25,65035700.0,185.05700000000002,185.2934,0.0011762818799123664,63.253486160188054,1.9684383721749725,1.9437920532392194,1,0.4399999999999977,0.0005890003710921077,-0.22653801738501667,0,0.06799190781950915,0.09192620637269769,0,1,0,0,0,0,0,0,0,0,0,0
2016-07-29,216.46,217.54,216.13,217.12,187.55,79519400.0,185.387,185.2934,0.0016021361815754531,64.25060546004812,1.918732192514085,1.9387800810941926,0,-0.09999999999999432,0.0017102131797915865,0.22270383804587324,0,0.06865159644647728,0.12166843301586963,0,1,0,0,0,0,0,0,0,0,0,0
2016-08-01,217.19,217.65,216.41,216.94,187.39,73311400.0,185.69,185.2934,-0.0008531058384432244,63.2646093071796,1.845159177765396,1.9200559004284334,0,0.25,0.0019253122230445952,-0.0780689995145839,0,0.06829976251209424,0.10892032700698989,0,1,0,0,0,0,0,0,0,0,0,0
2016-08-02,216.65,216.83,214.57,215.55,186.19,92295500.0,185.99849999999998,185.2934,-0.006403756870697386,56.28778049776179,1.6707625516486928,1.8701972306724852,1,-1.039999999999992,-0.005654726527565157,0.25895154096088735,0,0.06566100800422198,0.14790410910801657,0,1,0,0,0,0,0,0,0,0,0,0
2016-08-03,215.48,216.25,215.13,216.18,186.74,53993600.0,186.28050000000002,185.2934,0.0029539717492883533,58.544342007040825,1.5589616331624256,1.8079501111704734,1,-0.28999999999999204,-0.004302890959852257,-0.4149920635350586,0,0.06687043715366348,0.06925129313805678,0,1,0,0,0,0,0,0,0,0,0,0
2016-08-04,216.31,216.78,214.25,216.41,186.93,46585500.0,186.57750000000001,185.2934,0.0010174574274393056,59.32550574337743,1.468759071577324,1.7401119032518437,1,-0.3199999999999932,-0.002432327693969727,-0.13720329816867183,0,0.06728823995074323,0.05403878603039216,0,1,0,0,0,0,0,0,0,0,0,0
2016-08-05,216.41,218.23,216.41,218.18,188.46,71892200.0,186.816,185.2934,0.008184882041405883,65.0385796527076,1.5034008359014877,1.6927696897817728,0,0.9099999999999966,0.012156311218133542,0.5432312629466249,0,0.07065265194828041,0.10600600483434136,0,1,0,0,0,0,0,0,0,0,0,0
2016-08-08,218.4,218.52,217.74,218.05,188.35,39906500.0,187.017,185.2934,-0.0005836782341080982,64.33888724097571,1.504634117512694,1.6551425753279572,1,0.960000000000008,0.00861866123473709,-0.4449119654148851,0,0.07041076611839209,0.04032348318997533,0,1,0,0,0,0,0,0,0,0,0,0
2016-08-09,218.13,218.76,217.8,218.18,188.46,51251700.0,187.1565,185.2934,0.0005840191133528183,64.74731290626895,1.4972284650142456,1.6235597532652148,0,2.2700000000000102,0.008185222920650603,0.28429453848370567,0,0.07065265194828041,0.06362081120091964,0,1,0,0,0,0,0,0,0,0,0,0
2016-08-10,218.31,218.4,217.23,217.64,188.0,57941100.0,187.274,185.2934,-0.002440836251724532,61.571550143903124,1.437668726275973,1.5863815478673666,1,1.259999999999991,-0.0024404953724798117,0.13052054858668094,0,0.06964112938692935,0.07735747040449567,0,1,0,0,0,0,0,0,0,0,0,0
2016-08-11,218.26,218.94,217.95,218.65,188.87,72504300.0,187.3835,185.2934,0.00462765957446809,65.06191994610768,1.4440231335177884,1.5579098649974512,0,1.9399999999999977,0.002770842436096377,0.2513449002521526,0,0.07155422640513676,0.10726295001604808,0,1,0,0,0,0,0,0,0,0,0,0
2016-08-12,218.29,218.71,217.99,218.46,188.71,61313500.0,187.4975,185.2934,-0.0008471435378831771,63.912211204986015,1.419782020860879,1.5302842961701368,1,0.25,0.0013396797848603814,-0.15434670771250814,0,0.07120239247075377,0.08428268185815965,0,1,0,0,0,0,0,0,0,0,0,0
2016-08-15,218.89,219.5,218.88,219.09,189.25,49813500.0,187.6135,185.2934,0.002861533570027941,66.09014819332083,1.4276867671169953,1.5097647903595086,0,0.9000000000000057,0.006642049606612854,-0.18756065140629719,0,0.07238983199929633,0.0606674725955764,0,1,0,0,0,0,0,0,0,0,0,0
2016-08-16,218.6,218.68,217.96,217.96,188.27,53213600.0,187.69,185.2934,-0.005178335535006573,59.1172078252207,1.3394333715385471,1.4756985065953165,1,-0.18999999999999773,-0.003163945502861809,0.06825659710721,0,0.07023484915120065,0.06764956590111634,0,1,0,0,0,0,0,0,0,0,0,0
2016-08-17,218,218.53,217.02,218.37,188.63,75134300.0,187.7455,185.2934,0.0019121474478143163,60.75523849160898,1.2837427240450268,1.4373073500852587,1,0.6299999999999955,-0.00040465451716431566,0.41193792564306864,0,0.07102647550356228,0.11266364569957799,0,1,0,0,0,0,0,0,0,0,0,0
2016-08-18,218.34,218.9,218.21,218.86,189.05,52989300.0,187.85750000000002,185.2934,0.0022265811376769307,62.636134364908514,1.2589851771593032,1.4016429155000676,0,0.18000000000000682,-0.001039606949515326,-0.29473888756533306,0,0.07195003958131763,0.06718896664567309,0,1,0,0,0,0,0,0,0,0,0,0
2016-08-19,218.31,218.75,217.74,218.54,188.77,75443000.0,187.9135,185.2934,-0.0014810896588204336,60.55256006075585,1.2029046469535274,1.3618952617907596,0,0.060000000000002274,0.0026576389266708134,0.42374026454397407,0,0.07133433019614743,0.11329756005604402,0,1,0,0,0,0,0,0,0,0,0,0
2016-08-22,218.26,218.8,217.83,218.53,188.77,61368800.0,187.995,185.2934,0.0,60.55256006075585,1.1452585945478404,1.3185679283421758,1,-0.47999999999998977,0.000745491478856497,-0.18655408719165467,0,0.07133433019614743,0.08439624021226583,0,1,0,0,0,0,0,0,0,0,0,0
2016-08-23,219.25,219.6,218.9,218.97,189.15,53399200.0,188.091,185.2934,0.0020130317317370583,62.51517227355547,1.1173563187935258,1.2783256064324457,0,0.8799999999999955,0.0005319420729166247,-0.12986403514489442,0,0.07216993579030695,0.06803069484364987,0,1,0,0,0,0,0,0,0,0,0,0
2016-08-24,218.8,218.91,217.36,217.85,188.18,71728900.0,188.14849999999998,185.2934,-0.00512820512820511,54.993721699219485,1.0053832387148702,1.2237371328889308,0,-0.44999999999998863,-0.0031151733964680517,0.34325795142998405,0,0.07003694256311022,0.10567066886281268,0,1,0,0,0,0,0,0,0,0,0,0
2016-08-25,217.4,218.19,217.22,217.7,188.05,69224800.0,188.18850000000003,185.2934,-0.0006908279307046294,54.05506057067853,0.8958273128559426,1.1581551688823333,0,-1.0,-0.003806001327172681,-0.03491061482889046,0,0.06975107749142406,0.1005285083832966,0,1,0,0,0,0,0,0,0,0,0,0
2016-08-26,217.92,219.12,216.25,217.29,187.69,122506300.0,188.1955,185.2934,-0.001914384472214925,51.436796383423825,0.7710660910251192,1.0807373533108904,1,-1.0800000000000125,-0.0077334175311246645,0.769688030879107,0,0.06895945113906232,0.2099418798897601,0,1,0,0,0,0,0,0,0,0,0,0
2016-08-29,217.44,218.67,217.4,218.36,188.62,70502200.0,188.257,185.2934,0.004954978954659239,57.20376750312821,0.7387196512314347,1.0123338128949992,0,-0.15000000000000568,0.002349766551739685,-0.42450143380381256,0,0.07100448588266339,0.10315164475825522,0,0,0,0,0,0,0,0,0,0,0,0
2016-08-30,218.26,218.59,217.35,218.0,188.31,58114500.0,188.363,185.46880000000002,-0.0016435160640441149,54.86493693704738,0.6802291966781979,0.9459128896516391,0,-0.8400000000000034,0.0013970784184001994,-0.17570657369557263,0,0.07032280763479637,0.0777135466902463,0,0,0,0,0,0,0,0,0,0,0,0
2016-08-31,217.61,217.75,216.47,217.38,187.77,85269500.0,188.4145,185.6232,-0.0028676119165206293,50.95660565810217,0.5835745192170521,0.8734452155647218,1,-0.4099999999999966,0.00044385097409449514,0.46726720525858445,0,0.06913536810625387,0.13347624299680702,0,0,0,0,0,0,0,0,0,0,0,0
2016-09-01,217.37,217.73,216.03,217.39,187.78,97844200.0,188.45700000000002,185.7836,5.3256643766319556e-05,51.0261803649361,0.5019952189929313,0.7991552162503637,1,-0.27000000000001023,-0.004457871336798425,0.14747008015761787,0,0.06915735772715276,0.15929834490239014,0,0,0,0,0,0,0,0,0,0,0,0
2016-09-02,218.39,218.87,217.7,218.37,188.63,79293900.0,188.4655,185.9142,0.004526573650015964,56.65495581508503,0.5001653374042974,0.7393572404811505,1,0.9399999999999977,0.001712218377261654,-0.1895901852128179,0,0.07102647550356228,0.12120536956467723,0,0,0,0,0,0,0,0,0,0,0,0
2016-09-06,218.7,219.12,217.86,219.03,189.2,56702100.0,188.508,186.187,0.0030217886868473265,59.97696322922932,0.5385018650781035,0.6991861654005411,0,0.5799999999999841,0.00760161898062961,-0.28491220636139725,0,0.07227988389480161,0.07481318829350952,0,0,0,0,0,0,0,0,0,0,0,0
2016-09-07,218.84,219.22,218.3,219.01,189.18,76554900.0,188.544,186.5224,-0.00010570824524303024,59.8037705473541,0.5608053911464594,0.6715100105497248,0,0.8700000000000045,0.00744265409162026,0.3501245985598418,0,0.07223590465300378,0.11558084276726718,0,0,0,0,0,0,0,0,0,0,0,0
2016-09-08,218.62,218.94,218.15,218.51,188.75,74102900.0,188.5815,186.787,-0.0022729675441378605,56.05585991213211,0.5375867247766735,0.6447253533951146,0,0.9799999999999898,0.0006431128974664357,-0.03202930184743236,0,0.07129035095434955,0.11054566945319291,0,0,0,0,0,0,0,0,0,0,0,0
2016-09-09,216.97,217.03,213.25,213.28,184.23,221589100.0,188.3495,186.9014,-0.023947019867549768,32.791954423353346,0.1526993169396178,0.5463201461040152,1,-3.5500000000000114,-0.02632569565693066,1.9902891789660053,0,0.06135104230803057,0.41340805870042835,0,0,0,0,0,0,0,0,0,0,0,0
2016-09-12,212.39,216.81,212.31,216.34,186.87,168110900.0,188.2575,187.0198,0.014329913694838048,46.704391324822076,0.060007480976793204,0.44905761307857084,0,-1.759999999999991,-0.01189007371684958,-0.24133948826905294,0,0.06715630222534963,0.30359076444075184,0,0,0,0,0,0,0,0,0,0,0,0
2016-09-13,214.84,215.15,212.5,213.23,184.19,182828800.0,188.0045,187.077,-0.01434152084336704,38.08540696539762,-0.2270873475521853,0.31382862095241965,0,-5.009999999999991,-0.02395862701607876,0.08754875501826476,0,0.06126308382443485,0.3338139199542974,0,0,0,0,0,0,0,0,0,0,0,0
2016-09-14,213.29,214.7,212.5,213.15,184.12,134185500.0,187.797,187.15900000000002,-0.00038004234757582633,37.88872871374249,-0.4550153488492299,0.16005982699208973,1,-5.060000000000002,-0.0003916494961048178,-0.26605928606433993,0,0.0611091564781423,0.23392507571754817,0,0,0,0,0,0,0,0,0,0,0,0
2016-09-15,212.96,215.73,212.75,215.28,185.96,134427900.0,187.6635,187.25619999999998,0.009993482511405638,45.810421211071855,-0.4816254313600439,0.03172277532166301,0,-2.789999999999992,-0.004728080679537228,0.0018064544976916785,0,0.0651552467235465,0.23442284325887425,0,0,0,0,0,0,0,0,0,0,0,0
2016-09-16,213.48,213.69,212.57,213.37,185.24,155236400.0,187.473,187.3412,-0.0038718003871800466,43.47387042522872,-0.5544210751350533,-0.08550599476968027,0,1.0100000000000193,0.005741639776649765,0.1547930154380155,0,0.06357199401882313,0.2771530242971755,0,0,0,0,0,0,0,0,0,0,0,0
2016-09-16,1.08 Dividend,,,,,,186.636,186.78620000000004,0.0,43.47387042522871,-0.5544210751350533,-0.1792890108427549,0,0.0,0.0061216821242255914,0.0,0,0.0636379628815199,0.12316974427603264,1,1,0,0,0,0,1,0,0,0,1,1
2016-09-19,214.13,214.88,213.03,213.41,185.27,80250500.0,186.636,186.78620000000004,0.00016195206218960756,43.47387042522872,-0.6194076029459552,-0.267312729263395,1,1.0800000000000125,-0.003709848324990439,-0.48304328108613703,0,0.0636379628815199,0.12316974427603264,1,1,0,0,0,0,0,0,0,0,0,0
2016-09-20,214.41,214.59,213.38,213.42,185.28,69665300.0,186.636,186.78620000000004,5.3975279322049374e-05,43.52383908034159,-0.6463077733078535,-0.34311173807228673,1,1.1599999999999966,0.00021592734151165693,-0.13190198191911573,0,0.06365995250241885,0.10143307357287643,1,1,0,0,0,0,0,0,0,0,0,0
2016-09-21,214.24,216.03,213.44,215.82,187.37,110284400.0,186.636,186.78620000000004,0.011280224525043181,52.89595377895494,-0.4932944278841944,-0.37314827603466827,1,1.4099999999999966,0.011496151866554838,0.5830607203299203,0,0.06825578327029641,0.1848442515344239,1,1,0,0,0,0,0,0,0,0,0,0
2016-09-22,217,217.53,216.71,217.18,188.55,76678700.0,186.636,186.78620000000004,0.006297699738485374,57.21316227010789,-0.27365953414334854,-0.3532505276564043,0,3.3100000000000023,0.017631899542850604,-0.3047185277337502,0,0.07085055853637084,0.11583506562872004,1,1,0,0,0,0,0,0,0,0,0,0
2016-09-23,216.72,216.88,215.88,215.99,187.51,73630900.0,186.636,186.78620000000004,-0.005515778308141206,52.634376677431355,-0.18142524948433447,-0.3188854720219903,0,0.0,0.012062145955387349,-0.0397476743867593,0,0.06856363796288145,0.1095764191251982,1,1,0,0,0,0,1,0,0,0,0,0
2016-09-26,215.02,215.23,214.01,214.24,185.99,89827300.0,186.636,186.78620000000004,-0.008106234334168794,46.746022182445174,-0.2283479580907226,-0.3007779692357368,1,0.7199999999999989,-0.007324312903824626,0.21996743215144732,0,0.06522121558624328,0.14283566915132892,1,1,0,0,0,0,0,0,0,0,0,0
2016-09-27,214.05,215.68,213.62,215.57,187.15,78494800.0,186.636,186.78620000000004,0.006236894456691289,51.23012148871212,-0.16997289551065364,-0.27461695449072016,1,1.8700000000000045,-0.007385118185618711,-0.12615875129275844,0,0.06777201161051982,0.11956442054539634,1,1,0,0,0,0,0,0,0,0,0,0
2016-09-28,215.83,216.82,214.71,216.64,188.08,87411000.0,186.636,186.78620000000004,0.0049692759818327215,54.53538670465581,-0.04811240037798825,-0.2293160436681738,0,0.710000000000008,0.0030999361043552165,0.11358969001768271,0,0.06981704635412084,0.13787380566079155,1,1,0,0,0,0,0,0,0,0,0,0
2016-09-29,216.4,216.87,214.04,214.68,186.38,128070600.0,186.636,186.78620000000004,-0.009038706933219953,48.1159833926285,-0.087701899628712,-0.20099321486028143,1,-2.170000000000016,0.002167463505304057,0.46515427120156505,0,0.06607881080130174,0.22136815022887246,1,1,0,0,0,0,0,0,0,0,0,0
2016-09-30,215.65,217.12,215.36,216.3,187.78,117202900.0,186.636,186.78620000000004,0.007511535572486405,53.02042068576231,-0.006038950043034674,-0.1620023618968321,0,0.27000000000001023,0.0034421046210991735,-0.08485710225453769,0,0.06915735772715276,0.19905136677643975,1,1,0,0,0,0,0,0,0,0,0,0
2016-10-03,215.82,216.04,215.04,215.78,187.33,83512100.0,186.636,186.78620000000004,-0.0023964213441260984,51.34051470515156,0.02211337741059083,-0.1251792140353475,0,1.3400000000000034,-0.003923592704859646,-0.2874570509774076,0,0.06816782478670069,0.12986742832219278,1,1,0,0,0,0,0,0,0,0,0,0
2016-10-04,215.91,216.17,213.99,214.68,186.38,119948100.0,186.636,186.78620000000004,-0.005071264613249471,47.890751884380734,-0.031865435865427116,-0.10651645840136344,1,-0.7700000000000102,4.384961511083585e-05,0.4362960576970283,0,0.06607881080130174,0.20468862525188702,1,1,0,0,0,0,0,0,0,0,0,0
2016-10-05,215.41,216.13,215.33,215.63,187.2,72816000.0,186.636,186.78620000000004,0.004399613692456228,50.95416841817947,-0.008380284604612598,-0.08688922364201326,1,-0.8800000000000239,-0.0030680722649193415,-0.3929374454451551,0,0.06788195971501448,0.10790302486188696,1,1,0,0,0,0,0,0,0,0,0,0
2016-10-06,215.37,216.04,214.74,215.78,187.33,62927400.0,186.636,186.78620000000004,0.000694444444444553,51.44155125646871,0.020485634868720126,-0.0654142519398666,0,0.950000000000017,2.2793523651309933e-05,-0.13580257086354652,0,0.06816782478670069,0.087596819791106,1,1,0,0,0,0,0,0,0,0,0,0
2016-10-07,216.1,216.3,214.19,215.04,186.69,89788300.0,186.636,186.78620000000004,-0.0034164308973470003,48.86697989138811,-0.008186201838697116,-0.0539686419196327,1,-1.0900000000000034,0.0016776272395537806,0.42685539208675394,0,0.06676048904916876,0.14275558278948192,1,1,0,0,0,0,0,0,0,0,0,0
2016-10-10,216.16,216.7,215.99,216.16,187.66,51855000.0,186.636,186.78620000000004,0.00519577909904112,52.728569084329436,0.04682231586164676,-0.03381045036337681,0,0.3299999999999841,0.0024737926461386728,-0.422474865878962,0,0.06889348227636555,0.06485968561379934,1,1,0,0,0,0,0,0,0,0,0,0
2016-10-11,215.66,215.74,212.58,213.43,185.29,130367400.0,186.636,186.78620000000004,-0.012629223062986306,43.987657021222745,-0.09967325934024984,-0.04698301215875142,1,-1.0900000000000034,-0.010849874861292186,1.5140757882557132,0,0.06368194212331774,0.22608462089272474,1,1,0,0,0,0,0,0,0,0,0,0
2016-10-12,213.59,214.32,213.01,213.71,185.53,73866100.0,186.636,186.78620000000004,0.0012952668789465438,44.982285499043776,-0.19416781815263562,-0.07641997335752826,0,-1.6699999999999875,-0.006138177084998642,-0.43340052804612195,0,0.06420969302489221,0.11005940149202945,1,1,0,0,0,0,0,0,0,0,0,0
2016-10-13,212.16,213.59,211.21,213.01,184.93,101357000.0,186.636,186.78620000000004,-0.0032339783323451776,42.92988745473999,-0.31385252584723844,-0.1239064838554703,1,-2.4000000000000057,-0.01456793451638494,0.37217207893742876,0,0.0628903157709561,0.1665118672587034,1,1,0,0,0,0,0,0,0,0,0,0
2016-10-14,214.15,214.69,213.03,213.12,185.02,93346200.0,186.636,186.78620000000004,0.0004866706321311476,43.34744421947947,-0.3968664418376022,-0.17849847545189668,0,-1.6699999999999875,-0.0014520408212674862,-0.07903548842211194,0,0.06308822235904654,0.15006171783603364,0,1,0,0,0,0,0,0,0,0,0,0
2016-10-17,213.09,213.39,212.17,212.38,184.38,58275700.0,186.5915,186.78620000000004,-0.0034590855042698765,41.04750826831975,-0.5084372712678089,-0.24448623461507915,1,-3.280000000000001,-0.0062063932044839065,-0.37570356372300107,0,0.06168088662151461,0.07804457031921397,0,1,0,0,0,0,0,0,0,0,0,0
2016-10-18,214.24,214.31,213.27,213.71,185.53,76869700.0,186.604,186.78620000000004,0.006237118993383195,46.53672472043662,-0.49831826559329784,-0.2952526408107229,1,0.2400000000000091,0.003264704121244466,0.3190695264063752,0,0.06420969302489221,0.11622728345212469,0,1,0,0,0,0,0,0,0,0,0,0
2016-10-19,214.02,214.64,213.6,214.28,186.03,66519200.0,186.53699999999998,186.78620000000004,0.0026949819436210554,48.77023226845035,-0.44482538917483794,-0.3251671904835459,0,0.5,0.005473015432734374,-0.1346499335889173,0,0.065309174069839,0.09497256836757093,0,1,0,0,0,0,0,0,0,0,0,0
2016-10-20,213.87,214.53,213.11,213.88,185.68,73639800.0,186.39350000000002,186.78620000000004,-0.0018814169757566113,47.28120343070844,-0.4257660086285,-0.34528695411253674,1,0.75,0.007050683961247639,0.10704578527703279,0,0.06453953733837631,0.10959469524367096,0,1,0,0,0,0,0,0,0,0,0,0
2016-10-21,213.88,214.08,212.76,213.98,185.77,89089100.0,186.3065,186.78620000000004,0.00048470486859120143,47.72319750753025,-0.3988019240565279,-0.355989948101335,1,0.75,0.0012982698364556455,0.20979551818445996,0,0.06473744392646669,0.14131977806631685,0,1,0,0,0,0,0,0,0,0,0,0
2016-10-24,215,215.32,214.48,214.89,186.56,60146600.0,186.335,186.78620000000004,0.004252570382731191,51.56208731927016,-0.3101115224795592,-0.34681426297697987,0,2.180000000000007,0.0028558582755657813,-0.32487139279664967,0,0.0664746239774826,0.08188645684176762,0,1,0,0,0,0,0,0,0,0,0,0
2016-10-25,214.68,214.98,213.98,214.17,185.93,66542300.0,186.274,186.78620000000004,-0.003376929674099416,48.50318883521667,-0.28734711642945854,-0.3349208336674756,0,0.4000000000000057,0.0013603455772229767,0.10633518769140737,0,0.06508927786084967,0.09502000413574185,0,1,0,0,0,0,0,0,0,0,0,0
2016-10-26,213.21,214.42,212.93,213.74,185.56,75705500.0,186.148,186.78620000000004,-0.0019899962351422884,46.74909181585913,-0.2957528140662191,-0.3270872297472243,0,-0.46999999999999886,-0.0011143555265105132,0.13770488846943985,0,0.06427566188758904,0.1138366028761682,0,1,0,0,0,0,0,0,0,0,0,0
2016-10-27,214.58,214.62,213.08,213.17,185.07,77220200.0,186.0825,186.78620000000004,-0.0026406553136452127,44.45614411378817,-0.33805639125668563,-0.32928106204911656,0,-0.6100000000000136,-0.008007581222886917,0.020007793357153636,0,0.06319817046354115,0.11694703396051906,0,1,0,0,0,0,0,0,0,0,0,0
2016-10-28,213.14,213.93,211.71,212.54,184.52,140623200.0,185.9195,186.78620000000004,-0.002971848489760509,41.96791883891368,-0.41122236892718433,-0.3456693234247301,1,-1.25,-0.00760250003854801,0.8210675445026043,0,0.06198874131409976,0.24714486986274226,0,1,0,0,0,0,0,0,0,0,0,0
2016-10-31,212.93,213.19,212.36,212.55,184.53,61272500.0,185.7795,186.78620000000004,5.419466724476685e-05,42.03144788767443,-0.46306212500604715,-0.3691478837409935,0,-2.030000000000001,-0.005558309136160955,-0.5642788672139447,0,0.06201073093499865,0.0841984885033974,0,1,0,0,0,0,0,0,0,0,0,0
2016-11-01,212.93,212.99,209.6,211.01,183.19,122781800.0,185.61999999999998,186.78620000000004,-0.007261691865821263,36.29731003262667,-0.6052948441560488,-0.4163772758240046,0,-2.740000000000009,-0.010179345688337005,1.0038647027622507,0,0.059064121734541286,0.2105076181638333,0,1,0,0,0,0,0,0,0,0,0,0
2016-11-02,210.65,211.1,209.23,209.74,182.09,103330800.0,185.3645,186.78620000000004,-0.006004694579398451,32.39080738787153,-0.7975820760353542,-0.4926182358662745,0,-3.469999999999999,-0.013212191777974946,-0.15841924454601575,0,0.056645263435658344,0.17056505856674573,0,1,0,0,0,0,0,0,0,0,0,0
2016-11-03,209.99,210.24,208.46,208.78,181.25,88939300.0,185.0605,186.78620000000004,-0.004613103410401442,29.757055159963798,-1.0061537582651852,-0.5953253403460567,0,-3.819999999999993,-0.017879489855621156,-0.1392759951534296,0,0.054798135280147764,0.14101216429696597,0,1,0,0,0,0,0,0,0,0,0,0
2016-11-04,208.91,209.89,208.38,208.55,181.05,109122100.0,184.7785,186.78620000000004,-0.0011034482758619513,29.149316435224122,-1.1740528966701618,-0.7110708516108777,1,-3.469999999999999,-0.011721246265661844,0.22692780356940068,0,0.05435834286216906,0.1824574726017369,0,1,0,0,0,0,0,0,0,0,0,0
2016-11-07,208.55,213.19,208.55,213.15,185.05,109794900.0,184.648,186.78620000000004,0.022093344380005542,50.79429284510602,-0.9731299663986022,-0.7634826745684226,1,0.5200000000000102,0.016376792693742148,0.0061655704939695966,0,0.06315419122174332,0.1838390650184209,0,1,0,0,0,0,0,0,0,0,0,0
2016-11-08,212.69,214.77,212.38,214.11,185.88,106772100.0,184.6775,186.78620000000004,0.00448527425020262,53.938789951849095,-0.7384110897881158,-0.7584683576123612,1,2.6899999999999977,0.02547517035434621,-0.02753133342259062,0,0.06497932975635495,0.17763175592633945,0,1,0,0,0,0,0,0,0,0,0,0
2016-11-09,212.37,217.1,212.34,216.38,187.85,258429000.0,184.7935,186.78620000000004,0.010598235420701485,60.40626818986107,-0.3889485956939893,-0.6845644052286869,1,5.759999999999991,0.03717685405090965,1.4203794811565942,0,0.0693112850734453,0.4890586628493537,0,1,0,0,0,0,0,0,0,0,0,0
2016-11-10,217.3,218.31,215.22,216.92,188.32,172113300.0,184.96300000000002,186.78620000000004,0.0025019962736225754,61.78490813046777,-0.07322785421632716,-0.5622970950262149,0,7.069999999999993,0.01758550594452668,-0.33400160198739304,0,0.07034479725569526,0.31180967866271386,0,1,0,0,0,0,0,0,0,0,0,0
2016-11-11,216.08,216.7,215.32,216.42,187.89,100552700.0,185.1065,186.78620000000004,-0.0022833474936279075,59.73557414406934,0.14066421223157022,-0.42170483357465793,1,6.839999999999975,0.010816884200696153,-0.41577611956774985,0,0.06939924355704102,0.1648602400578429,0,1,0,0,0,0,0,0,0,0,0,0
2016-11-14,217.03,217.27,215.72,216.59,188.04,94580000.0,185.2895,186.78620000000004,0.0007983394539359256,60.23111699736512,0.3186062675713117,-0.273642613345464,1,2.9899999999999807,0.0010169882339305936,-0.059398703366493444,0,0.06972908787052506,0.1525953217654402,0,1,0,0,0,0,0,0,0,0,0,0
2016-11-15,217.04,218.28,216.8,218.28,189.5,91652600.0,185.488,186.78620000000004,0.0077643054669220835,64.77527661412122,0.5708559546030756,-0.10474289975575612,0,3.6200000000000045,0.006279297427230102,-0.03095157538591664,0,0.07293957252176969,0.1465839162354153,0,1,0,0,0,0,0,0,0,0,0,0
2016-11-16,217.56,218.14,217.42,217.87,189.15,65617700.0,185.644,186.78620000000004,-0.0018469656992083916,62.91921100095027,0.7340617668974119,0.06301803357487747,1,1.3000000000000114,0.0067156792216496175,-0.28406068131182316,0,0.07216993579030695,0.09312134131103017,0,1,0,0,0,0,0,0,0,0,0,0
2016-11-17,218.05,219.06,217.92,218.99,190.12,69797200.0,185.86599999999999,186.78620000000004,0.00512820512820511,65.84055827165494,0.9309431096704941,0.2366030487940008,0,1.8000000000000114,0.011045544895918802,0.06369470432520496,0,0.07430292901750374,0.10170392975563597,0,1,0,0,0,0,0,0,0,0,0,0
2016-11-18,219.07,219.27,218.29,218.5,189.69,86265800.0,186.06199999999998,186.78620000000004,-0.0022617294340416816,63.45398630522947,1.040283841362566,0.3973392073077138,1,1.8000000000000114,0.0010195099949550368,0.2359492930948519,0,0.07335737531884945,0.13552214151752978,0,1,0,0,0,0,0,0,0,0,0,0
2016-11-21,219.17,220.18,219.0,220.15,191.13,72402600.0,186.2905,186.78620000000004,0.007591333227898067,67.67914126199949,1.2289663651514218,0.5636646388764555,1,3.0900000000000034,0.010457808922061496,-0.1607033146391733,0,0.07652388072829619,0.10705410942630852,0,1,0,0,0,0,0,0,0,0,0,0
2016-11-22,220.51,220.79,219.73,220.58,191.5,67429000.0,186.56900000000002,186.78620000000004,0.0019358551771047061,68.68106245870104,1.3923049081181205,0.7293926927247885,1,2.0,0.007265458970961092,-0.06869366569708824,0,0.07733749670155682,0.09684083944470992,0,1,0,0,0,0,0,0,0,0,0,0
2016-11-23,219.98,220.76,219.75,220.7,191.6,56620200.0,186.871,186.78620000000004,0.0005221932114882755,68.9611151449084,1.512387186418323,0.8859915914634954,1,2.4499999999999886,0.010049381616491049,-0.16029898115054353,0,0.0775573929105462,0.0746450069336308,0,1,0,0,0,0,0,0,0,0,0,0
2016-11-25,221.1,221.56,221.01,221.52,192.32,37872300.0,187.2335,186.78620000000004,0.003757828810020847,70.97364531466125,1.6466694593154045,1.0381271650338773,0,2.1999999999999886,0.006215877198613828,-0.3311168099017665,0,0.07914064561526957,0.03614626069589299,0,1,0,0,0,0,0,0,0,0,0,0
2016-11-28,221.16,221.48,220.36,220.48,191.41,76572500.0,187.578,186.78620000000004,-0.004731697171381,65.21795954063344,1.6605183117639513,1.1626053943798922,1,1.7199999999999989,-0.0004516751498718774,1.0218603042329089,0,0.07713959011346644,0.11561698430492123,0,0,0,0,0,0,0,0,0,0,0,0
2016-11-29,220.52,221.44,220.17,220.91,191.79,69886700.0,187.94099999999997,186.9166,0.001985267227417653,66.44180191218618,1.6827586569955315,1.2666360469030202,0,0.6599999999999966,0.0010113988660575002,-0.08731333050377088,0,0.07797519570762595,0.10188771768859259,0,0,0,0,0,0,0,0,0,0,0,0
2016-11-30,221.63,221.82,220.31,220.38,191.33,113291800.0,188.348,187.0376,-0.0023984566452890377,63.52777863010594,1.6443115353736175,1.3421711445971396,0,-0.1699999999999875,-0.005144886589252384,0.6210781164370331,0,0.07696367314627495,0.19101993678105805,0,0,0,0,0,0,0,0,0,0,0,0
2016-12-01,220.73,220.73,219.15,219.57,190.62,79040500.0,188.77450000000002,187.10260000000002,-0.0037108660429624463,59.21119053163604,1.538812377004632,1.3814993910786382,1,-0.9799999999999898,-0.004124055460833831,-0.3023281473151631,0,0.07540241006245052,0.12068501356231737,0,0,0,0,0,0,0,0,0,0,0,0
2016-12-02,219.67,220.25,219.26,219.68,190.72,74840300.0,189.248,187.146,0.0005246039240374145,59.62728432452988,1.446597225838019,1.3945189580305144,1,-1.5999999999999943,-0.005584718764214069,-0.05313984602830191,0,0.07562230627143984,0.1120599177410389,0,0,0,0,0,0,0,0,0,0,0,0
2016-12-05,220.65,221.4,220.42,221.0,191.86,67837800.0,189.7885,187.23300000000003,0.0059773489932886115,64.12076535697554,1.448803620498495,1.4053758905241107,1,0.45000000000001705,0.0027910868743635797,-0.09356589965566675,0,0.07812912305391856,0.09768030879658332,0,0,0,0,0,0,0,0,0,0,0,0
2016-12-06,221.22,221.74,220.66,221.7,192.47,59877400.0,190.1595,187.3626,0.003179401647034119,66.28323732124952,1.4826826633749022,1.420837245094269,1,0.6800000000000068,0.009681354564360145,-0.11734460728384466,0,0.07947048992875361,0.08133365559537742,0,0,0,0,0,0,0,0,0,0,0,0
2016-12-07,221.52,224.67,221.38,224.6,194.99,110738100.0,190.615,187.5194,0.01309294955057938,73.41244292390239,1.6933550455331101,1.4753408051820374,1,3.6599999999999966,0.02224970019090211,0.8494139692104199,0,0.0850118743952854,0.18577592287724426,0,0,0,0,0,0,0,0,0,0,0,0
2016-12-08,224.57,225.7,224.26,225.15,195.47,99714400.0,190.996,187.6672,0.0024616647007538184,74.51769017236586,1.877404860095396,1.5557536161647092,1,4.849999999999994,0.018734015898367318,-0.09954749088163872,0,0.0860673761984343,0.16313879397742345,0,0,0,0,0,0,0,0,0,0,0,0
2016-12-09,225.41,226.53,225.37,226.51,196.65,88005800.0,191.4125,187.87260000000003,0.006036731979331966,77.0440841874506,2.094339559708658,1.663470804873499,0,5.930000000000007,0.021591346230665165,-0.11742135539099674,0,0.08866215146450873,0.1390952253537815,0,0,0,0,0,0,0,0,0,0,0,0
2016-12-12,226.4,226.96,225.76,226.25,196.42,102016100.0,191.839,188.0454,-0.0011695906432749315,75.4734076260708,2.222087947614085,1.7751942334216164,1,4.559999999999974,0.007328806036810853,0.15919746198546014,0,0.0881563901838332,0.16786532677391805,0,0,0,0,0,0,0,0,0,0,0,0
2016-12-13,227.02,228.34,227.0,227.76,197.73,110477500.0,192.32350000000002,188.2534,0.00666938193666633,78.19950834318482,2.401354200843514,1.900426226905996,0,5.259999999999991,0.011536523272723365,0.08294181016525815,0,0.09103703052159379,0.18524078170038955,0,0,0,0,0,0,0,0,0,0,0,0
2016-12-14,227.41,228.23,225.37,225.88,196.1,142501800.0,192.6535,188.44780000000003,-0.008243564456582142,68.06242342973886,2.3844106191760943,1.9972231053600158,1,1.1099999999999852,-0.0027437731631907436,0.2898716933312213,0,0.08745272231506723,0.25100256830801954,0,0,0,0,0,0,0,0,0,0,0,0
2016-12-15,226.16,227.81,225.89,226.81,196.91,124972600.0,193.04149999999998,188.642,0.00413054563997961,70.13429990514541,2.4085783472807805,2.079494153744169,0,1.4399999999999977,0.002556363120063798,-0.12301037600928555,0,0.08923388160788104,0.21500641820317828,0,0,0,0,0,0,0,0,0,0,0,0
2016-12-16,226.01,226.08,224.67,225.04,196.52,156420200.0,193.3615,188.82580000000002,-0.0019806002742368545,67.85191807534278,2.3689538795874796,2.137386098912831,0,-0.12999999999999545,-0.006093619090839386,0.2516359586021255,0,0.08837628639282258,0.2795839534037012,0,0,0,0,0,0,0,0,0,0,0,0
2016-12-16,1.33 Dividend,,,,,,197.33350000000002,200.35559999999998,0.0,67.85191807534278,2.3689538795874796,2.1836996550477608,0,0.0,0.002149945365742756,0.0,0,0.08932184009147676,0.143890755631252,1,1,0,0,0,0,1,0,0,0,1,1
2016-12-19,225.25,226.02,225.08,225.53,196.95,90341100.0,197.33350000000002,200.35559999999998,0.0021880724608180913,67.85191807534278,2.3657133517101556,2.22010239438024,1,-0.7800000000000011,0.00020747218658123678,-0.4224460779362257,0,0.08932184009147676,0.143890755631252,1,1,0,0,0,0,0,0,0,0,0,0
2016-12-20,226.15,226.57,225.88,226.4,197.71,89838800.0,197.33350000000002,200.35559999999998,0.0038588474232039705,70.21137134852127,2.3760026056344543,2.251282436631083,0,1.6100000000000136,0.006046919884022062,-0.0055600385649499096,0,0.09099305127979596,0.1428592843605915,1,1,0,0,0,0,0,0,0,0,0,0
2016-12-21,226.25,226.45,225.77,225.77,197.16,67909000.0,197.33350000000002,200.35559999999998,-0.0027818522077791563,66.41262131113149,2.313112390268799,2.2636484273586266,0,0.25,0.0032650676762429054,-0.24410165763567637,0,0.08978362213035446,0.09782651774436557,1,1,0,0,0,0,0,0,0,0,0,0
2016-12-22,225.6,225.74,224.92,225.38,196.82,56219100.0,197.33350000000002,200.35559999999998,-0.0017244877257049929,64.10365823995343,2.210356667229945,2.25299007533289,1,0.29999999999998295,-0.0006474925102801787,-0.17214065882283647,0,0.0890359750197906,0.07382134950448105,1,1,0,0,0,0,0,0,0,0,0,0
2016-12-23,225.43,225.72,225.21,225.71,197.11,36697800.0,197.33350000000002,200.35559999999998,0.0014734274972056927,65.21454010864241,2.1277946999803703,2.227951000262386,1,0.0,-0.0030329124362784565,-0.3472360816875404,0,0.0896736740258598,0.03373442910642307,1,1,0,0,0,0,1,0,0,0,0,0
2016-12-27,226.02,226.73,226.0,226.27,197.6,42672500.0,197.33350000000002,200.35559999999998,0.0024859215666377388,67.06895119573667,2.0779493444431694,2.197950669098543,0,0.6500000000000057,0.0022348613381384386,0.16280812473772266,0,0.09075116544990763,0.04600345439174101,1,1,0,0,0,0,0,0,0,0,0,0
2016-12-28,226.57,226.59,224.27,224.4,195.96,64095000.0,197.33350000000002,200.35559999999998,-0.008299595141700311,56.2588122497786,1.884390170225231,2.1352385693238807,0,-1.75,-0.00434024607785688,0.5020212080379636,0,0.08714486762248219,0.08999448225501838,1,1,0,0,0,0,0,0,0,0,0,0
2016-12-29,224.48,224.89,223.84,224.35,195.92,48696100.0,197.33350000000002,200.35559999999998,-0.00020412329046759492,56.02163862260752,1.708075829510591,2.049806021361223,0,-1.240000000000009,-0.006017796865530167,-0.24025118964037762,0,0.08705690913888642,0.05837289565383636,1,1,0,0,0,0,0,0,0,0,0,0
2016-12-30,224.73,224.83,222.73,223.53,195.2,108998300.0,197.33350000000002,200.35559999999998,-0.0036749693752552437,51.78936614144867,1.4930366642269348,1.9384521499343652,1,-1.6200000000000045,-0.01217868780742315,1.2383373617189055,0,0.08547365643416305,0.18220324974028404,1,1,0,0,0,0,0,0,0,0,0,0
2017-01-03,225.04,225.83,223.88,225.24,196.7,91366500.0,197.33350000000002,200.35559999999998,0.007684426229508157,58.77659708624291,1.427202142546264,1.8362021484567452,1,-0.410000000000025,0.003805333563785318,-0.1617621559235327,0,0.0887720995690034,0.14599641089889137,1,1,0,0,0,0,0,0,0,0,0,0
2017-01-04,225.62,226.75,225.61,226.58,197.87,78744400.0,197.33350000000002,200.35559999999998,0.005948144382308174,63.25055897448944,1.452691310545191,1.7594999808744345,0,0.27000000000001023,0.009957601236561087,-0.1381480082962574,0,0.09134488521417888,0.12007697326121727,1,1,0,0,0,0,0,0,0,0,0,0
2017-01-05,226.27,226.58,225.48,226.4,197.71,78379000.0,197.33350000000002,200.35559999999998,-0.0008086117147622085,62.255508682631145,1.4433430369198845,1.6962685920835248,1,1.75,0.012823958897054122,-0.004640329979020752,0,0.09099305127979596,0.11932662565560442,1,1,0,0,0,0,0,0,0,0,0,0
2017-01-06,226.53,227.75,225.9,227.21,198.42,71559900.0,197.33350000000002,200.35559999999998,0.0035911183045873596,64.89473124420098,1.4762087138582274,1.6522566164384656,0,2.5,0.008730650972133325,-0.08700162033197667,0,0.09255431436362033,0.1053236279614756,1,1,0,0,0,0,0,0,0,0,0,0
2017-01-09,226.91,227.07,226.42,226.46,197.76,46939700.0,197.33350000000002,200.35559999999998,-0.003326277592984539,60.649330244271,1.4324857118714078,1.608302435525054,0,2.5600000000000023,-0.0005437710031593879,-0.3440502292485037,0,0.09110299938429056,0.05476613447567972,1,1,0,0,0,0,0,0,0,0,0,0
2017-01-10,226.48,227.45,226.01,226.46,197.76,63771900.0,197.33350000000002,200.35559999999998,0.0,60.64933024427099,1.381905175136751,1.5630229834473934,1,1.0600000000000023,0.00026484071160282063,0.3585919807753353,0,0.09110299938429056,0.08933099754956267,1,1,0,0,0,0,0,0,0,0,0,0
2017-01-11,226.36,227.1,225.59,227.1,198.32,74650000.0,197.33350000000002,200.35559999999998,0.0028317152103560783,63.02934620065496,1.3712007070382128,1.5246585281655574,0,0.44999999999998863,-0.0004945623826284606,0.17057826409437382,0,0.09233441815463095,0.11166913736515457,1,1,0,0,0,0,0,0,0,0,0,0
2017-01-12,226.5,226.75,224.96,226.53,197.82,72113200.0,197.33350000000002,200.35559999999998,-0.0025211778943122765,59.565269406012945,1.3073017567383545,1.481187173880117,1,0.10999999999998522,0.00031053731604380186,-0.0339825853985265,0,0.09123493710968417,0.10645982755147448,1,1,0,0,0,0,0,0,0,0,0,0
2017-01-13,226.73,227.4,226.69,227.05,198.28,62717900.0,197.33350000000002,200.35559999999998,0.0023253462743908493,61.65333810887447,1.279035607566243,1.4407568606173424,0,-0.13999999999998636,0.002635883590434651,-0.13028544011359922,0,0.09224645967103523,0.08716661228323547,1,1,0,0,0,0,0,0,0,0,0,0
2017-01-17,226.31,226.78,225.8,226.25,197.58,61240800.0,197.33350000000002,200.35559999999998,-0.003530361105507307,56.84283140407808,1.18647340399761,1.3899001692933959,1,-0.1799999999999784,-0.003726192725428734,-0.02355149008496782,0,0.0907071862081098,0.08413339266569098,1,1,0,0,0,0,0,0,0,0,0,0
2017-01-18,226.54,226.8,225.9,226.75,198.02,54793300.0,197.33350000000002,200.35559999999998,0.0022269460471706637,59.00790973235384,1.1355318097031386,1.3390264973753445,0,0.2600000000000193,0.001021931216054206,-0.10528111977635823,0,0.09167472952766292,0.07089347425521225,0,1,0,0,0,0,0,0,0,0,0,0
2017-01-19,226.84,227.0,225.41,225.91,197.28,66608800.0,197.35,200.35559999999998,-0.0037369962630038334,54.092897112301806,1.0236484317264853,1.2759508842455727,1,-1.039999999999992,-0.005040411321340477,0.21563767832928482,0,0.09004749758114167,0.09515656165017333,0,1,0,0,0,0,0,0,0,0,0,0
2017-01-20,226.7,227.31,225.97,226.74,198.01,129168600.0,197.36499999999998,200.35559999999998,0.0037003244120032974,57.82493458085711,0.9825586235484707,1.2172724321061523,0,0.18999999999999773,0.0021902741961701278,0.9392122362210398,0,0.09165273990676398,0.22362288933933477,0,1,0,0,0,0,0,0,0,0,0,0
2017-01-23,226.74,226.81,225.27,226.15,197.49,75061600.0,197.38150000000002,200.35559999999998,-0.0026261299934345894,54.4304547040736,0.8976870231406622,1.1533553503130543,1,-0.789999999999992,-0.0026628018444351254,-0.41888663343877697,0,0.09050927962001937,0.11251435650710931,0,1,0,0,0,0,0,0,0,0,0,0
2017-01-24,226.4,228.08,226.27,227.6,198.76,95555300.0,197.4785,200.35559999999998,0.006430705352169719,60.5252914980807,0.9222726692810852,1.1071388141066605,1,1.1799999999999784,0.007504899770738427,0.2730250887271255,0,0.09330196147418413,0.154598096860553,0,1,0,0,0,0,0,0,0,0,0,0
2017-01-25,228.7,229.57,228.51,229.57,200.48,84437700.0,197.647,200.35559999999998,0.008653652646407828,66.9687843646694,1.0682326750118136,1.0993575862876912,0,2.4599999999999795,0.012458228005142957,-0.11634728790553739,0,0.09708417626880106,0.1317681446433621,0,1,0,0,0,0,0,0,0,0,0,0
2017-01-26,229.4,229.71,229.01,229.33,200.27,59970700.0,197.78050000000002,200.35559999999998,-0.0010474860335194514,65.56167455977436,1.1536630763676499,1.110218684303683,0,2.990000000000009,0.014036871965058095,-0.28976393246144794,0,0.09662239422992347,0.081525246814873,0,1,0,0,0,0,0,0,0,0,0,0
2017-01-27,229.42,229.59,228.76,228.97,199.95,59711100.0,197.98000000000002,200.35559999999998,-0.0015978429120687698,63.376436495302116,1.1819215039101039,1.1245592482249673,0,1.9399999999999977,0.006008323700819607,-0.004328780554504141,0,0.0959187263611575,0.08099215913447588,0,1,0,0,0,0,0,0,0,0,0,0
2017-01-30,228.17,228.2,226.41,227.55,198.71,79737300.0,198.1195,200.35559999999998,-0.006201550387596844,55.63763400586003,1.0916747277235572,1.1179823441246852,0,1.2199999999999989,-0.008846879333185065,0.3353848781884776,0,0.09319201336968952,0.12211588989398414,0,1,0,0,0,0,0,0,0,0,0,0
2017-01-31,226.98,227.6,226.32,227.53,198.7,75880800.0,198.2945,200.35559999999998,-5.0324593628969794e-05,55.57869303643511,1.0077301056090278,1.0959318964215539,1,-0.060000000000002274,-0.007849717893294583,-0.04836506879465441,0,0.09317002374879052,0.11419658080518827,0,1,0,0,0,0,0,0,0,0,0,0
2017-02-01,227.53,228.59,226.94,227.62,198.78,79117700.0,198.39849999999998,200.35559999999998,0.00040261701056865107,55.98045502102135,0.9368591896433998,1.064117355065923,1,-1.6999999999999886,-0.005849257970657162,0.042657694700108495,0,0.09334594071598201,0.1208435434888453,0,1,0,0,0,0,0,0,0,0,0,0
2017-02-02,227.62,228.1,226.82,227.77,198.91,69657600.0,198.4505,200.35559999999998,0.0006539893349430947,56.66632388850941,0.8810274556003606,1.0274993751728108,1,-1.3600000000000136,0.001006281751882776,-0.11956995716508445,0,0.09363180578766817,0.1014172616501528,0,1,0,0,0,0,0,0,0,0,0,0
2017-02-03,228.82,229.55,228.46,229.34,200.28,80563200.0,198.579,200.35559999999998,0.006887537077070016,63.177643553632855,0.9365321943917024,1.009305939016589,0,0.3300000000000125,0.007944143422581762,0.1565600882028666,0,0.09664438385082241,0.12381187261832913,0,1,0,0,0,0,0,0,0,0,0,0
2017-02-06,228.87,229.33,228.54,228.93,199.92,57790100.0,198.654,200.35559999999998,-0.0017974835230677444,60.60079768849319,0.9406281328249122,0.9955703777782537,1,1.2099999999999795,0.0057440428889453665,-0.2826737269621862,0,0.09585275749846067,0.07704739243939568,0,1,0,0,0,0,0,0,0,0,0,0
2017-02-07,229.38,229.66,228.72,228.94,199.93,57931200.0,198.7625,200.35559999999998,5.0020008003359706e-05,60.64881137541018,0.9339155132745702,0.983239404877517,1,1.2300000000000182,0.0051400735620056315,0.0024415946675988565,0,0.09587474711935967,0.07733714078956527,0,1,0,0,0,0,0,0,0,0,0,0
2017-02-08,228.94,229.39,228.31,229.24,200.19,51566200.0,198.884,200.35559999999998,0.001300455159305658,61.947250810823775,0.938754167321747,0.9743423573663631,1,1.4099999999999966,-0.00044700835575872677,-0.10987170989035266,0,0.09644647726273198,0.06426663583683986,0,1,0,0,0,0,0,0,0,0,0,0
2017-02-09,229.24,230.95,229.24,230.6,201.38,65955200.0,199.03699999999998,200.35559999999998,0.005944352864778457,67.27033883885767,1.0267758573322396,0.9848290573595384,1,2.469999999999999,0.007294828032087475,0.27903937075060803,0,0.0990632421497053,0.09381439636547556,0,1,0,0,0,0,0,0,0,0,0,0
2017-02-10,231,231.77,230.62,231.51,202.17,66015900.0,199.2545,200.35559999999998,0.003922931770781624,70.24602681475997,1.1470575135247145,1.0172747485925737,1,1.8899999999999864,0.011167739794865739,0.0009203216728930208,0,0.10080042220072122,0.09393904360045283,0,1,0,0,0,0,0,0,0,0,0,0
2017-02-13,232.08,233.07,232.05,232.77,203.27,55182100.0,199.504,200.35559999999998,0.005440965524063923,73.81576270894828,1.315972685601139,1.0770143359942868,1,3.3500000000000227,0.015308250159624004,-0.16410894951064814,0,0.10321928049960416,0.07169187367793331,0,1,0,0,0,0,0,0,0,0,0,0
2017-02-14,232.56,233.71,232.16,233.7,204.09,71109000.0,199.8295,200.35559999999998,0.004034043390564346,76.11615166620766,1.4987298980758226,1.161357448410594,1,4.159999999999997,0.013397940685409893,0.28862439088037606,0,0.10502242941331691,0.10439770640873655,0,1,0,0,0,0,0,0,0,0,0,0
2017-02-15,233.45,235.14,233.39,234.92,205.15,86785800.0,200.18599999999998,200.35559999999998,0.005193787054730725,78.7188996673337,1.7093946098657113,1.2709648807016176,0,4.960000000000008,0.014668795969358994,0.22046154495211567,0,0.10735332922860408,0.13658995967549006,0,1,0,0,0,0,0,0,0,0,0,0
2017-02-16,234.95,235.16,233.85,234.72,204.98,84722400.0,200.57099999999997,200.35559999999998,-0.0008286619546673535,77.2646584633712,1.8414037759703774,1.3850526597553696,1,3.5999999999999943,0.008399168490627718,-0.023775778986884988,0,0.10697950567332215,0.13235277508484533,0,1,0,0,0,0,0,0,0,0,0,0
2017-02-17,233.95,235.09,233.93,235.09,205.3,77204100.0,200.9355,200.35559999999998,0.0015611279149185808,78.08534591104062,1.9493721679216947,1.4979165613886347,1,3.130000000000024,0.0059262530149819526,-0.08874040395456217,0,0.10768317354208812,0.11691397266755146,0,1,0,0,0,0,0,0,0,0,0,0
2017-02-21,235.52,236.69,235.51,236.49,206.52,88946100.0,201.387,200.35559999999998,0.005942523136872824,80.91403359230071,2.1090696582776047,1.6201471807664287,0,3.25,0.006674989097124051,0.15209036825764444,0,0.11036590729175827,0.14102612807287776,0,1,0,0,0,0,0,0,0,0,0,0
2017-02-22,236.02,236.54,235.83,236.28,206.34,62115200.0,201.76600000000002,200.35559999999998,-0.0008715862870424251,79.28790575703798,2.195794818433626,1.7352767082998684,1,2.25,0.0066320647647489794,-0.3016534732832581,0,0.10997009411557745,0.08592896996823035,0,1,0,0,0,0,0,0,0,0,0,0
2017-02-23,236.88,236.9,235.56,236.44,206.48,74615900.0,202.066,200.35559999999998,0.0006784918096345294,79.63078821745349,2.2498866696278697,1.8381987005654687,1,1.329999999999984,0.005749428659464928,0.20125025758590498,0,0.1102779488081625,0.11159911313594989,0,1,0,0,0,0,0,0,0,0,0,0
2017-02-24,235.46,236.79,235.41,236.74,206.74,82381600.0,202.3895,200.35559999999998,0.0012592018597443744,80.28358674269504,2.2873673317358225,1.9280324267995395,1,1.7600000000000193,0.0010661073823364786,0.1040756728793728,0,0.11084967895153486,0.12754595057685797,0,1,0,0,0,0,0,0,0,0,0,0
2017-02-27,236.64,237.31,236.35,237.11,207.06,56515400.0,202.745,200.35559999999998,0.0015478378639837143,81.08697814392531,2.316192724193826,2.005664486278397,0,1.759999999999991,0.003485531533362618,-0.31398030628198526,0,0.11155334682030082,0.07442980050487263,0,1,0,0,0,0,0,0,0,0,0,0
2017-02-28,236.67,236.95,236.02,236.47,206.5,96961900.0,203.1345,200.35559999999998,-0.0027045300878972833,75.304142289323,2.267708997781199,2.0580733885789573,1,-0.020000000000010232,0.0001025096358308053,0.7156721884654449,0,0.11032192804996038,0.1574865449778356,0,1,0,0,0,0,0,0,0,0,0,0
2017-03-01,238.39,240.32,238.37,239.78,209.39,149158200.0,203.669,200.35559999999998,0.01399515738498791,82.3140539400737,2.4344216452039973,2.1333430399039655,0,3.049999999999983,0.012838465161074342,0.5383176278517645,0,0.11667692848975281,0.2646714621284943,0,1,0,0,0,0,0,0,0,0,0,0
2017-03-02,239.56,239.57,238.21,238.27,208.08,70246000.0,204.13400000000001,200.35559999999998,-0.006256268207650684,72.29645644917414,2.4327928459460395,2.19323300111238,1,1.6000000000000227,0.005034359089439944,-0.5290503639759665,0,0.11379628815199228,0.102625538965814,0,0,0,0,0,0,0,0,0,0,0,0
2017-03-03,238.17,238.61,237.73,238.42,208.21,81974300.0,204.599,200.5808,0.000624759707804623,72.65214476487543,2.4141629565451126,2.2374189921989265,0,1.4699999999999989,0.00836364888514185,0.16696039632149873,0,0.11408215322367843,0.126709561469671,0,0,0,0,0,0,0,0,0,0,0,0
2017-03-06,237.5,238.12,237.01,237.71,207.59,55391500.0,204.9645,200.7784,-0.0029777628355986963,68.15764004338132,2.322596371327336,2.2544544680246084,0,0.5300000000000011,-0.008609271335444757,-0.32428212256768285,0,0.11271879672794438,0.07212187583615809,0,0,0,0,0,0,0,0,0,0,0,0
2017-03-07,237.36,237.77,236.76,237.0,206.97,65103700.0,205.317,200.97459999999998,-0.002986656389999509,63.90045952547731,2.1749291450589965,2.238549403431486,0,0.46999999999999886,-0.005339659517793582,0.17533737125732296,0,0.11135544023221039,0.09206584413181557,0,0,0,0,0,0,0,0,0,0,0,0
2017-03-08,237.34,237.64,236.4,236.56,206.58,78168800.0,205.6495,201.1698,-0.001884331062472766,61.306451578769874,2.003338820830976,2.191507286911384,1,-2.809999999999974,-0.007848750288070971,0.2006813744840923,0,0.11049784501715193,0.11889498070021354,0,0,0,0,0,0,0,0,0,0,0,0
2017-03-09,236.7,237.24,235.74,236.86,206.84,90683900.0,205.98200000000003,201.3644,0.001258592312905371,62.40223021635784,1.8668126258280608,2.1265683546947196,1,-1.240000000000009,-0.003612395139566904,0.16010351956279223,0,0.11106957516052424,0.14459469421692275,0,0,0,0,0,0,0,0,0,0,0,0
2017-03-10,237.97,238.02,236.59,237.69,207.57,81991700.0,206.29149999999998,201.56380000000001,0.0035292980081220726,65.3677396118394,1.7968070585086195,2.0606160954574997,1,-0.6400000000000148,0.0029035592585546777,-0.09585163408278652,0,0.1126748174861465,0.1267452923080335,0,0,0,0,0,0,0,0,0,0,0,0
2017-03-13,237.62,237.86,237.24,237.81,207.67,57256800.0,206.5665,201.798,0.0004817651876474205,65.76608120812116,1.7294601660673834,1.9943849095794766,0,0.07999999999998408,0.005269655508674864,-0.30167565741410407,0,0.11289471369513582,0.0759522627785491,0,0,0,0,0,0,0,0,0,0,0,0
2017-03-14,237.18,237.24,236.19,236.9,206.88,59880800.0,206.74699999999999,202.01719999999997,-0.0038041122935426053,59.9041157155544,1.5939666159658827,1.9143012508567578,1,-0.09000000000000341,0.00020695090222688783,0.04582861773623392,0,0.11115753364411995,0.08134063748333331,0,0,0,0,0,0,0,0,0,0,0,0
2017-03-15,237.56,239.44,237.29,238.95,208.67,96081800.0,206.97599999999997,202.2866,0.008652358855375075,67.06693599367568,1.6124378617158186,1.8539285730285702,0,2.089999999999975,0.00533001174947989,0.6045510414022526,0,0.11509367578502944,0.1556792627454878,0,0,0,0,0,0,0,0,0,0,0,0
2017-03-16,239.11,239.2,238.1,238.48,208.26,78344000.0,207.13150000000002,202.5178,-0.001964824843053603,64.23632334415139,1.5758277224975075,1.7983084029223577,0,1.4199999999999875,0.002883421718778867,-0.1846114456640071,0,0.11419210132817303,0.11925475327958784,0,0,0,0,0,0,0,0,0,0,0,0
2017-03-17,237.75,237.97,237.03,237.03,207.89,89002100.0,207.277,202.7182,-0.0017766253721309688,61.70529526671231,1.4996707447909046,1.738580871296067,0,0.3199999999999932,0.004910908640190503,0.1360423261513326,0,0.1133784853549124,0.14114112387450425,0,0,0,0,0,0,0,0,0,0,0,0
2017-03-17,1.03 Dividend,,,,,,205.97750000000002,207.9214,0.0,61.70529526671231,1.4996707447909046,1.6907988459950345,0,0.0,-0.003741450215184572,0.0,0,0.11289471369513582,0.0662601701978934,1,1,0,0,0,0,1,0,0,0,1,1
2017-03-20,237.03,237.36,236.32,236.77,207.67,52537000.0,205.97750000000002,207.9214,-0.0010582519601712859,61.70529526671231,1.4008790092046866,1.632814878636965,0,0.789999999999992,-0.0028348773323022547,-0.40971055739134243,0,0.11289471369513582,0.0662601701978934,1,1,0,0,0,0,0,0,0,0,0,0
2017-03-21,237.47,237.61,233.58,233.73,205.0,131809300.0,205.97750000000002,207.9214,-0.012856936485770687,45.53480036772377,1.0979303981665396,1.52583798254288,1,-3.6699999999999875,-0.013915188445941973,1.5088851666444603,0,0.10702348491512004,0.22904555743496113,1,1,0,0,0,0,0,0,0,0,0,0
2017-03-22,233.77,234.61,233.05,234.28,205.48,97569200.0,205.97750000000002,207.9214,0.0023414634146341484,48.1647114014833,0.886356068741577,1.3979415997826197,0,-2.780000000000001,-0.011573725031307824,-0.25976998588111766,0,0.10807898671826893,0.15873363337654575,1,1,0,0,0,0,0,0,0,0,0,0
2017-03-23,234.28,235.34,233.6,234.03,205.26,100410300.0,205.97750000000002,207.9214,-0.0010706638115631772,47.04349948505475,0.6929419238218486,1.2569416645904654,0,-2.6299999999999955,-0.011586136882699716,0.02911882028345003,0,0.10759521505849234,0.1645678221622784,1,1,0,0,0,0,0,0,0,0,0,0
2017-03-24,234.38,235.04,232.96,233.86,205.11,112504900.0,205.97750000000002,207.9214,-0.0007307804735456891,46.25290994312248,0.5215440390691128,1.109862139486195,0,0.0,0.0005400191295252821,0.12045178632072595,0,0.10726537074500836,0.18940404041856007,1,1,0,0,0,0,1,0,0,0,0,0
2017-03-27,231.93,233.92,231.61,233.62,204.9,87454500.0,205.97750000000002,207.9214,-0.0010238408658769238,45.10993588524243,0.3645622884614852,0.9608021692812531,1,-2.769999999999982,-0.00282528515098579,-0.22266052411939397,0,0.10680358870613071,0.13796313275669783,1,1,0,0,0,0,0,0,0,0,0,0
2017-03-28,233.27,235.81,233.14,235.32,206.39,93483900.0,205.97750000000002,207.9214,0.007271839921912937,53.82812829417484,0.3562767312793085,0.8398970816808642,1,1.3899999999999864,0.005517218582490324,0.06894327907654829,0,0.11008004222007206,0.15034448429824737,1,1,0,0,0,0,0,0,0,0,0,0
2017-03-29,234.99,235.81,234.73,235.54,206.59,61950400.0,205.97750000000002,207.9214,0.0009690391976355794,54.864415632310845,0.3616794801390597,0.7442535613725034,1,1.1100000000000136,0.007217038253671593,-0.3373147675696029,0,0.11051983463805082,0.08559055375201524,1,1,0,0,0,0,0,0,0,0,0,0
2017-03-30,235.47,236.52,235.27,236.29,207.24,56737900.0,205.97750000000002,207.9214,0.00314632847669305,58.15177931621147,0.41364255140936734,0.6781313593798762,0,1.9800000000000182,0.011387207596241566,-0.08413989255920862,0,0.11194915999648164,0.07488670346669218,1,1,0,0,0,0,0,0,0,0,0,0
2017-03-31,235.9,236.51,235.68,235.74,206.76,73733100.0,205.97750000000002,207.9214,-0.0023161551823973614,54.9679429958198,0.4113498858643254,0.6247750646767661,0,1.6499999999999773,0.001799212491931268,0.29953875628107496,0,0.11089365819333269,0.10978628646316654,1,1,0,0,0,0,0,0,0,0,0,0
2017-04-03,235.8,236.03,233.91,235.33,206.4,85546500.0,205.97750000000002,207.9214,-0.0017411491584444772,52.64011698022713,0.37614794122518447,0.5750496399864498,1,1.5,-0.0009109758641487886,0.16021840937109655,0,0.11010203184097106,0.13404506151556664,1,1,0,0,0,0,0,0,0,0,0,0
2017-04-04,235,235.58,234.56,235.48,206.53,56466200.0,205.97750000000002,207.9214,0.0006298449612403001,53.40744854009266,0.3546518542147794,0.5309700828321157,0,0.14000000000001478,-0.0034274593796015385,-0.33993559058523726,0,0.11038789691265721,0.07432876847915795,1,1,0,0,0,0,0,0,0,0,0,0
2017-04-05,236.26,237.39,234.54,234.78,205.92,108800600.0,205.97750000000002,207.9214,-0.0029535660678836617,49.36570330815083,0.2851076053694328,0.4817975873395791,1,-0.6700000000000159,-0.004064870265087839,0.9268270221831822,0,0.10904653003782211,0.18179727349061336,1,1,0,0,0,0,0,0,0,0,0,0
2017-04-06,234.94,236.04,234.43,235.44,206.5,69135800.0,205.97750000000002,207.9214,0.002816627816627948,53.007210495675025,0.2736400872669833,0.44016608732505996,0,-0.7400000000000091,0.0004929067099845863,-0.3645641660064375,0,0.11032192804996038,0.10034574719856879,1,1,0,0,0,0,0,0,0,0,0,0
2017-04-07,235.15,236.0,234.64,235.2,206.29,74412300.0,205.97750000000002,207.9214,-0.0010169491525423568,51.561316767820145,0.24478502223212217,0.4010898743064724,1,-0.46999999999999886,-0.0011538874037980706,0.07632080629717164,0,0.10986014601108274,0.11118102125717927,1,1,0,0,0,0,0,0,0,0,0,0
2017-04-10,235.36,236.26,234.73,235.34,206.41,67615300.0,205.97750000000002,207.9214,0.0005817053662320326,52.3609867895808,0.22896085421641033,0.36666407028846004,0,0.009999999999990905,0.0023813840303176237,-0.09134242591614561,0,0.11012402146186995,0.09722340583476377,1,1,0,0,0,0,0,0,0,0,0,0
2017-04-11,234.9,235.18,233.34,235.06,206.17,88045300.0,205.97750000000002,207.9214,-0.0011627343636452236,50.56308194305003,0.19480846213326686,0.3322929486574214,0,-0.36000000000001364,-0.0015979781499555479,0.3021505487663294,0,0.10959627056029547,0.13917633846385732,1,1,0,0,0,0,0,0,0,0,0,0
2017-04-12,234.74,234.96,233.77,234.03,205.26,81864400.0,205.97750000000002,207.9214,-0.004413833244409915,44.34547799165378,0.09323825794120921,0.284482010514179,0,-0.6599999999999966,-0.004994862241823106,-0.07020136225329465,0,0.10759521505849234,0.126483882208979,1,1,0,0,0,0,0,0,0,0,0,0
2017-04-13,233.64,234.49,232.51,232.51,203.93,92880400.0,205.97750000000002,207.9214,-0.006479586865438924,37.15439024819607,-0.09349894771284539,0.20888581886877414,1,-2.569999999999993,-0.012056154473494063,0.1345639862992949,0,0.10467059547893393,0.14910519918607615,1,1,0,0,0,0,0,0,0,0,0,0
2017-04-17,233.11,234.57,232.88,234.57,205.74,68405400.0,205.97750000000002,207.9214,0.008875594566763123,49.22225142517949,-0.09435004675563619,0.1482386457438921,0,-0.549999999999983,-0.002017825543085716,-0.2635109237255654,0,0.1086507168616413,0.09884587338592613,0,1,0,0,0,0,0,0,0,0,0,0
2017-04-18,233.72,234.49,233.08,233.87,205.12,83225800.0,205.85,207.9214,-0.003013512199863899,45.96619645528486,-0.14340033749564896,0.08991084909598387,0,-1.289999999999992,-0.0006175044985397005,0.21665541024538992,0,0.1072873603659073,0.12927951228637732,0,1,0,0,0,0,0,0,0,0,0,0
2017-04-19,234.52,234.95,233.18,233.44,204.74,68699900.0,205.837,207.9214,-0.001852574102964133,44.04316934228613,-0.2105092508959956,0.02982682909758798,1,-1.4299999999999784,0.004009508263935091,-0.17453602128186207,0,0.10645175477174773,0.099450628092694,0,1,0,0,0,0,0,0,0,0,0,0
2017-04-20,234.15,235.85,233.78,235.34,206.41,92572200.0,205.8835,207.9214,0.008156686529256607,53.29144610937757,-0.12746912035893843,-0.0016323607937172996,0,1.1500000000000057,0.003290600226428575,0.34748667756430507,0,0.11012402146186995,0.1484723115778389,0,1,0,0,0,0,0,0,0,0,0,0
2017-04-21,235.25,235.31,234.13,234.59,205.75,110389800.0,205.908,207.9214,-0.0031975195000242262,49.789137133004346,-0.11360612212783394,-0.024027113060540627,1,1.8199999999999932,0.003106592926268248,0.192472470136823,0,0.10867270648254024,0.1850606900610566,0,1,0,0,0,0,0,0,0,0,0,0
2017-04-24,237.18,237.41,234.56,237.17,208.02,119209900.0,206.05350000000004,207.9214,0.011032806804374351,59.61887562643239,0.07963247901761861,-0.0032951946449087804,1,2.280000000000001,0.015991973833606732,0.07989959217246523,0,0.11366435042659867,0.20317273416687492,0,1,0,0,0,0,0,0,0,0,0,0
2017-04-25,237.91,238.95,237.81,238.55,209.23,76698300.0,206.26999999999998,207.9214,0.005816748389577908,63.69843978042883,0.3266469673336587,0.06269323775080472,0,4.109999999999985,0.013652035693928033,-0.35661132171069687,0,0.11632509455536982,0.11587531415928931,0,1,0,0,0,0,0,0,0,0,0,0
2017-04-26,238.51,239.53,238.35,238.4,209.1,84702500.0,206.4055,207.9214,-0.0006213258136977817,62.962470335135876,0.5060839941644133,0.15137138903352643,1,4.359999999999985,0.016228229380254477,0.10435954903824474,0,0.11603922948368367,0.13231191050533878,0,1,0,0,0,0,0,0,0,0,0,0
2017-04-27,238.77,238.95,237.98,238.6,209.27,57410300.0,206.5395,207.9214,0.0008130081300814496,63.55546885504386,0.6544624739416065,0.2519896060151424,0,2.8600000000000136,0.006008430705961576,-0.322212449455447,0,0.1164130530389656,0.07626747448479315,0,1,0,0,0,0,0,0,0,0,0,0
2017-04-28,238.9,238.93,237.93,238.08,208.81,63532800.0,206.618,207.9214,-0.002198117264777588,60.7224187643639,0.7265600011295419,0.3469036850380223,1,3.0600000000000023,-0.0020064349483939203,0.10664462648688477,0,0.11540153047761453,0.0888400065465467,0,1,0,0,0,0,0,0,0,0,0,0
2017-05-01,238.68,239.17,238.2,238.68,209.34,66882500.0,206.747,207.9214,0.0025381926152963086,62.78100331577675,0.8170459839562056,0.440932144821659,1,1.3199999999999932,0.00115308348060017,0.05272394731540242,0,0.11656698038525815,0.09571860363062282,0,1,0,0,0,0,0,0,0,0,0,0
2017-05-02,238.84,238.98,238.3,238.77,209.42,57375700.0,206.898,207.9214,0.00038215343460401563,63.095418175400255,0.8850102612824458,0.5297477681138164,0,0.18999999999999773,0.000722228785122736,-0.1421418158711173,0,0.11674289735244958,0.07619642350735964,0,1,0,0,0,0,0,0,0,0,0,0
2017-05-03,238.77,238.88,237.7,238.48,209.17,73137700.0,207.02999999999997,207.9214,-0.0011937732785789468,61.35121811764962,0.9082300197428026,0.6054442184396137,1,0.06999999999999318,0.0017265727713213774,0.2747156025983126,0,0.11619315682997622,0.10856363467230201,0,1,0,0,0,0,0,0,0,0,0,0
2017-05-04,238.83,238.92,237.78,238.76,209.41,61462700.0,207.2045,207.9214,0.0011473920734330623,62.425089681979955,0.9352172376847534,0.6713988222886417,1,0.13999999999998636,0.0003357722294581311,-0.15963039581501748,0,0.1167209077315507,0.08458906352963597,0,1,0,0,0,0,0,0,0,0,0,0
2017-05-05,239.19,239.72,238.68,239.7,210.24,62001300.0,207.3915,207.9214,0.003963516546487744,65.94880212837154,1.0119141493181019,0.7395018876945338,0,1.4300000000000068,0.00391713534134186,0.00876303839564474,0,0.11854604626616239,0.0856950767217079,0,1,0,0,0,0,0,0,0,0,0,0
2017-05-08,239.75,239.92,239.17,239.66,210.2,48385700.0,207.587,207.9214,-0.00019025875190270547,65.62937824889448,1.057281653881887,0.8030578409320045,0,0.8599999999999852,0.004920649868018101,-0.21960184705804553,0,0.11845808778256656,0.057735490353392364,0,1,0,0,0,0,0,0,0,0,0,0
2017-05-09,239.96,240.19,239.04,239.44,210.01,51363200.0,207.767,207.9214,-0.0009039010466223019,64.04263038426726,1.0656205061312107,0.8555703739718458,1,0.5900000000000034,0.002869356747962737,0.061536776361611034,0,0.1180402849854868,0.06384977605594383,0,1,0,0,0,0,0,0,0,0,0,0
2017-05-10,239.39,239.87,239.15,239.87,210.38,54293800.0,207.97750000000002,207.9214,0.0017618208656731138,65.77783205575724,1.089525641014518,0.9023614273803803,0,1.210000000000008,0.0006676610671481065,0.05705641393059624,0,0.11885390095874743,0.06986775277463309,0,1,0,0,0,0,0,0,0,0,0,0
2017-05-11,239.35,239.57,238.13,239.38,209.95,62358300.0,208.212,207.9214,-0.002043920524764764,62.03134158841437,1.0615364943730583,0.934196440778916,0,0.539999999999992,-0.001186000705713952,0.1485344551311567,0,0.1179083472600932,0.08642817495707678,0,1,0,0,0,0,0,0,0,0,0,0
2017-05-12,239.09,239.43,238.67,238.98,209.6,53912700.0,208.4955,207.9214,-0.001667063586568207,59.0816153636151,0.9995901658719504,0.9472751857975229,1,-0.6400000000000148,-0.0019491632456598573,-0.13543666200008664,0,0.11713871052863045,0.06908516527463565,0,1,0,0,0,0,0,0,0,0,0,0
2017-05-15,239.47,240.44,239.45,240.3,210.76,61918900.0,208.74650000000003,207.9214,0.0055343511450380856,65.01879196056456,1.0322009892300912,0.9642603464840367,0,0.5600000000000023,0.0018233670337051144,0.14850304288228933,0,0.119689506552907,0.08552586861360034,0,1,0,0,0,0,0,0,0,0,0,0
2017-05-16,240.64,240.67,239.63,240.08,210.57,51241800.0,209.019,207.9214,-0.0009014993357373546,63.396215706247986,1.0308311102174628,0.9775744992307219,0,0.5600000000000023,0.002965788222732524,-0.172436848845829,0,0.11927170375582719,0.06360048158598924,0,1,0,0,0,0,0,0,0,0,0,0
2017-05-17,240.08,240.08,235.75,235.82,206.83,172174100.0,209.12349999999998,207.9214,-0.017761314527235506,41.46209771675196,0.719662901757772,0.925992179736132,1,-3.549999999999983,-0.013128462717934775,2.3600322393046302,0,0.1110475855396253,0.3119345312473369,0,1,0,0,0,0,0,0,0,0,0,0
2017-05-18,235.73,237.75,235.43,236.77,207.67,107047700.0,209.18649999999997,207.9214,0.004061306386887731,45.98256342234128,0.5346774062209363,0.8477292250330929,1,-2.280000000000001,-0.01460150747608513,-0.3782589832036294,0,0.11289471369513582,0.1781976995500584,0,1,0,0,0,0,0,0,0,0,0,0
2017-05-19,237.33,239.08,237.27,238.31,209.02,115011400.0,209.35,207.9214,0.006500698223142587,52.35107957439536,0.4913448680513284,0.77645235363674,1,-0.5799999999999841,-0.007199309917205188,0.07439393840316044,0,0.11586331251649223,0.19455112928957444,0,1,0,0,0,0,0,0,0,0,0,0
2017-05-22,238.9,239.71,238.82,239.52,210.08,61010600.0,209.45300000000003,207.9214,0.00507128504449339,56.67067423090736,0.5363539066016472,0.7284326642297215,1,-0.6799999999999784,0.015633289654523708,-0.4695256296332364,0,0.1181942123317794,0.0836606777811478,0,1,0,0,0,0,0,0,0,0,0,0
2017-05-23,239.95,240.24,239.51,240.05,210.54,48341700.0,209.5185,207.9214,0.002189642041127149,58.43178998971028,0.6022002598065512,0.7031861833450875,1,-0.030000000000001137,0.013761625308763126,-0.2076508016639731,0,0.11920573489313041,0.05764513650925727,0,1,0,0,0,0,0,0,0,0,0,0
2017-05-24,240.32,240.73,239.93,240.61,211.03,46927700.0,209.615,207.9214,0.0023273487223332,60.283609583463274,0.686014921037696,0.6997519308836092,1,4.199999999999989,0.009588275807953739,-0.029250109119042134,0,0.12028322631717825,0.054741492518188335,0,1,0,0,0,0,0,0,0,0,0,0
2017-05-25,241.2,242.08,240.96,241.76,212.04,64071700.0,209.75349999999997,207.9214,0.004786049376865886,63.85768187669457,0.8244336451243157,0.7246882737317505,0,4.3700000000000045,0.009303040140326235,0.3653279406406025,0,0.12250417802797076,0.08994663578755593,0,1,0,0,0,0,0,0,0,0,0,0
2017-05-26,241.54,241.9,241.45,241.71,212.0,46629900.0,209.913,207.9214,-0.00018864365214110723,63.61352647656634,0.9202952250198564,0.7638096639893717,0,2.9799999999999898,0.006924754447057979,-0.27222315000226305,0,0.12241621954437504,0.05412996127311031,0,1,0,0,0,0,0,0,0,0,0,0
2017-05-30,241.34,241.79,241.16,241.5,211.81,35201900.0,210.0365,207.9214,-0.0008962264150943478,62.39322010635497,0.9697560614050076,0.8049989434724989,0,1.7299999999999898,0.0037011793096304313,-0.24507880136993643,0,0.12199841674729528,0.030662603755475394,0,0,0,0,0,0,0,0,0,0,0,0
2017-05-31,241.84,241.88,240.64,241.44,211.76,91796000.0,210.15349999999998,208.0032,-0.0002360606203674065,62.05585260838709,0.9934674738275362,0.8426926495435064,1,1.2199999999999989,-0.0013209306876028615,1.607700152548584,0,0.12188846864280056,0.14687838762743743,0,0,0,0,0,0,0,0,0,0,0,0
2017-06-01,241.97,243.38,241.64,243.36,213.45,68962000.0,210.36749999999998,208.17219999999998,0.007980732905175758,68.2958371516672,1.1355380394140582,0.9012617275176169,1,2.4199999999999875,0.006848445869714004,-0.24874722210118083,0,0.12560471457472067,0.09998884951423515,0,0,0,0,0,0,0,0,0,0,0,0
2017-06-02,243.42,244.35,243.08,244.17,214.16,88666100.0,210.60500000000002,208.34579999999997,0.00332630592644656,70.49138952963646,1.2905444592962567,0.9791182738733449,0,2.1200000000000045,0.011070978211254912,0.28572402192511825,0,0.12716597765854515,0.14045114906474532,0,0,0,0,0,0,0,0,0,0,0,0
2017-06-05,243.97,244.3,243.76,243.99,214.0,44698800.0,210.79300000000003,208.52059999999997,-0.0007471049682480357,69.32626688187914,1.3845176434285236,1.0601981477843807,0,2.0,0.010559933863374282,-0.4958749736370496,0,0.12681414372416216,0.050164454263808174,0,0,0,0,0,0,0,0,0,0,0,0
2017-06-06,243.34,243.98,243.12,243.21,213.31,50375400.0,210.94850000000002,208.68460000000002,-0.003224299065420544,64.38398810689591,1.387322643607007,1.1256230469489061,1,1.5,-0.0006450981072220197,0.12699669789793022,0,0.12529685988213562,0.06182133225511079,0,0,0,0,0,0,0,0,0,0,0,0
2017-06-07,243.6,243.92,242.83,243.66,213.71,54144300.0,211.1335,208.86079999999998,0.0018752051005579418,65.90159427118996,1.4056191805718754,1.1816222736735,1,1.950000000000017,-0.002096198933110638,0.07481627937445667,0,0.12617644471809303,0.06956075505421949,0,0,0,0,0,0,0,0,0,0,0,0
2017-06-08,243.77,244.33,243.17,243.78,213.81,65950700.0,211.305,209.0092,0.0004679238220017812,66.28833392378056,1.411912829982242,1.2276803849352484,0,0.36000000000001364,-0.000881170142860821,0.21805434736435791,0,0.1263963409270824,0.09380515563141628,0,0,0,0,0,0,0,0,0,0,0,0
2017-06-09,244.09,245.01,241.95,243.41,213.49,132256400.0,211.48200000000003,209.14719999999997,-0.0014966559094522491,63.79485918052888,1.375226511657246,1.257189610279648,0,-0.6699999999999875,0.0008464730131074738,1.005382808673752,0,0.1256926730583165,0.22996367570116122,0,0,0,0,0,0,0,0,0,0,0,0
2017-06-12,243.13,243.42,242.38,243.36,213.45,86108100.0,211.6745,209.2714,-0.00018736240573336005,63.47345265592943,1.3276206894748839,1.2712758261186954,1,-0.5500000000000114,-0.001216094493183828,-0.34893056215048945,0,0.12560471457472067,0.13519830512616374,0,0,0,0,0,0,0,0,0,0,0,0
2017-06-13,243.98,244.61,243.58,244.55,214.49,60067000.0,211.86100000000002,209.426,0.004872335441555409,67.98914468606694,1.3581560630986473,1.288651873514686,0,1.1800000000000068,0.0031883171263697996,-0.30242334925518044,0,0.12789163514821006,0.0817229985237414,0,0,0,0,0,0,0,0,0,0,0,0
2017-06-14,244.86,244.87,243.29,244.24,214.22,78602300.0,212.0435,209.5824,-0.0012587999440534237,65.71764443426453,1.345063765361175,1.2999342518839838,0,0.5099999999999909,0.003426173091768625,0.30857708891737556,0,0.12729791538393875,0.11978517141459005,0,0,0,0,0,0,0,0,0,0,0,0
2017-06-15,242.68,243.91,242.36,243.77,213.81,66464900.0,212.3925,209.72799999999998,-0.0019139202688824852,62.31311235244079,1.2867713524288433,1.2973016719929558,1,0.0,0.0016996152286194999,-0.15441532881353348,0,0.1263963409270824,0.09486106350992238,0,0,0,0,0,0,0,0,0,0,0,0
2017-06-16,242.77,242.83,241.63,242.64,213.85,84553100.0,212.70149999999998,209.8866,0.0001870819886815589,62.51713063625437,1.2296274807305565,1.283766833740476,0,0.3599999999999852,-0.00298563822425435,0.2721466518417992,0,0.12648429941067812,0.13200511813457097,0,0,0,0,0,0,0,0,0,0,0,0
2017-06-16,1.18 Dividend,,,,,,214.15,215.75419999999997,0.0,62.51713063625437,1.2296274807305565,1.272938963138492,0,0.0,-0.0017268382802009263,0.0,0,0.13039845193068866,0.09210711941061367,1,1,0,0,0,0,1,0,0,0,1,1
2017-06-19,243.59,244.73,243.48,244.66,215.63,65123800.0,214.15,215.75419999999997,0.008323591302314748,62.51713063625437,1.344519521737709,1.2872550748583356,0,1.1399999999999864,0.008510673290996307,-0.22978814496452526,0,0.13039845193068866,0.09210711941061367,1,1,0,0,0,0,0,0,0,0,0,0
2017-06-20,244.25,244.26,242.99,243.01,214.18,56906400.0,214.15,215.75419999999997,-0.006724481751147704,50.21058516195973,1.2727225647607838,1.2843485728388253,0,-0.03999999999999204,0.001599109551167044,-0.12618121178432462,0,0.12720995690034304,0.07523271761980047,1,1,0,0,0,0,0,0,0,0,0,0
2017-06-21,243.46,243.59,242.41,242.95,214.13,55977600.0,214.15,215.75419999999997,-0.00023344850126072458,49.84620401372327,1.197978822801531,1.2670746228313665,0,0.3199999999999932,0.0013656610499063193,-0.016321538526422374,0,0.12710000879584832,0.07332543010996678,1,1,0,0,0,0,0,0,0,0,0,0
2017-06-22,242.96,243.53,242.64,242.84,214.03,44148100.0,214.15,215.75419999999997,-0.0004670060243776586,49.07906933595787,1.1177895227160377,1.2372176028083008,1,0.18000000000000682,-0.007424936276786087,-0.21132560166923908,0,0.126880112586859,0.04903359376459907,1,1,0,0,0,0,0,0,0,0,0,0
2017-06-23,242.91,243.51,242.47,243.13,214.28,66986800.0,214.15,215.75419999999997,0.0011680605522590426,51.10501831644474,1.0621678258090128,1.2022076474084433,1,0.0,0.0004676060266206594,0.5173201111712622,0,0.12742985310933236,0.09593278331115215,1,1,0,0,0,0,1,0,0,0,0,0
2017-06-26,243.9,244.38,243.05,243.29,214.42,56700500.0,214.15,215.75419999999997,0.0006533507560200214,52.25072040773918,1.0176531877672232,1.1652967554801994,0,-1.210000000000008,0.0013544052839014054,-0.15355711871592614,0,0.12773770780191745,0.07480990269917737,1,1,0,0,0,0,0,0,0,0,0,0
2017-06-27,243.04,243.38,241.31,241.33,212.7,82247700.0,214.15,215.75419999999997,-0.008021639772409328,39.885376303433816,0.8339718823183091,1.0990317808478214,1,-1.4800000000000182,-0.006200228464130264,0.45056392800768963,0,0.12395549300730052,0.12727098740118317,1,1,0,0,0,0,0,0,0,0,0,0
2017-06-28,242.5,243.72,242.23,243.49,214.6,70042600.0,214.15,215.75419999999997,0.008932769158439102,53.09149872019843,0.832125026113971,1.0456504299010514,0,0.46999999999999886,0.0015644801420497956,-0.14839442318751772,0,0.12813352097809833,0.10220785778633493,1,1,0,0,0,0,0,0,0,0,0,0
2017-06-29,243.66,243.72,239.96,241.35,212.71,106949700.0,214.15,215.75419999999997,-0.008807082945013867,42.97738072161125,0.6704259219526136,0.9706055283113639,1,-1.3199999999999932,-0.007895953558984092,0.5269236150571224,0,0.12397748262819946,0.17799645689721202,1,1,0,0,0,0,0,0,0,0,0,0
2017-06-30,242.28,242.71,241.58,241.8,213.11,86820700.0,214.15,215.75419999999997,0.001880494570071889,45.35025140048305,0.568007240094488,0.8900858706679888,1,-1.1699999999999875,0.0020061807834971246,-0.1882099716034734,0,0.12485706746415692,0.13666162670186086,1,1,0,0,0,0,0,0,0,0,0,0
2017-07-03,242.88,243.38,242.21,242.21,213.47,39153800.0,214.15,215.75419999999997,0.0016892684529115076,47.46895470102313,0.5100096148200066,0.8140706194983924,1,-0.9499999999999886,-0.00523731992203047,-0.5490269025704699,0,0.12564869381651855,0.038777816406327804,1,1,0,0,0,0,0,0,0,0,0,0
2017-07-05,242.63,243.01,241.7,242.77,213.97,54427600.0,214.15,215.75419999999997,0.00234224949641626,50.34814042388772,0.49864384442182086,0.7509852644830782,0,1.2700000000000102,0.0059120125193996564,0.3900975128850839,0,0.12674817486146533,0.0701425106006621,1,1,0,0,0,0,0,0,0,0,0,0
2017-07-06,241.89,242.03,240.34,240.55,212.01,65400800.0,214.15,215.75419999999997,-0.009160162639622382,40.887598916248756,0.3277032112674192,0.6663288538399466,1,-2.5900000000000034,-0.005128644690294615,0.2016109473869876,0,0.12243820916527393,0.09267593792937329,1,1,0,0,0,0,0,0,0,0,0,0
2017-07-07,241.21,242.28,240.56,242.11,213.38,57972300.0,214.15,215.75419999999997,0.00646195934154048,48.2125727270178,0.2993286045365835,0.5929288039792739,1,0.6699999999999875,-0.0003559538016656427,-0.1135842375016819,0,0.12545078722842817,0.07742153949397329,1,1,0,0,0,0,0,0,0,0,0,0
2017-07-10,242.11,242.8,241.76,242.37,213.61,36663300.0,214.15,215.75419999999997,0.001077889211735128,49.34737803667328,0.2920342134564464,0.5327498858747085,0,0.5,-0.0016203140863467747,-0.3675720990887027,0,0.1259565485091037,0.033663583478635316,1,1,0,0,0,0,0,0,0,0,0,0
2017-07-11,242.37,242.55,240.85,242.19,213.46,50354600.0,214.15,215.75419999999997,-0.0007022143158091909,48.59942172582749,0.2710253974995567,0.48040498819967814,1,-0.009999999999990905,0.006837634237466417,0.37343337888297023,0,0.12562670419561967,0.061778619528792385,1,1,0,0,0,0,0,0,0,0,0,0
2017-07-12,243.3,244.2,243.3,244.01,215.06,59610400.0,214.15,215.75419999999997,0.007495549517473998,56.2216947467167,0.37911221807462425,0.4601464341746674,1,1.0900000000000034,0.007871224413399935,0.18381240244188213,0,0.12914504353944933,0.08078537204119396,1,1,0,0,0,0,0,0,0,0,0,0
2017-07-13,244.02,244.55,243.76,244.42,215.42,39471600.0,214.15,215.75419999999997,0.0016739514554078294,57.740182569834055,0.4881932060685301,0.46575578855343996,1,3.4099999999999966,0.008467286657072637,-0.3378403768469932,0,0.12993666989181102,0.03943041758055816,1,1,0,0,0,0,0,0,0,0,0,0
2017-07-14,244.42,245.97,244.31,245.56,216.43,60262700.0,214.15,215.75419999999997,0.004688515458174836,61.74885329074327,0.648661863829318,0.5023370036086156,0,3.0500000000000114,0.013858016431056663,0.5267356783104815,0,0.13215762160260358,0.08212486778049685,1,1,0,0,0,0,0,0,0,0,0,0
2017-07-17,245.47,245.91,245.33,245.53,216.4,33531900.0,214.15,215.75419999999997,-0.00013861294644923472,61.562056053856686,0.7645998508062632,0.5547895730481451,1,2.789999999999992,0.00622385396713343,-0.44357123062856463,0,0.13209165273990675,0.027233264671256772,0,1,0,0,0,0,0,0,0,0,0,0
2017-07-18,245.06,245.72,244.67,245.66,216.51,42742500.0,214.19400000000002,215.75419999999997,0.000508317929759583,62.015789474276744,0.8554959961493864,0.6149308576683934,1,3.049999999999983,0.005058220441485184,0.2746817209880741,0,0.13233353856979502,0.046147199143774124,0,1,0,0,0,0,0,0,0,0,0,0
2017-07-19,246.02,247.0,246.01,246.99,217.69,51034300.0,214.36949999999996,215.75419999999997,0.005450094683848272,66.57404299132162,1.0110927368467344,0.6941632335040616,1,2.6299999999999955,0.0058197996671586205,0.193994268000234,0,0.13492831383586945,0.06317438107103393,0,1,0,0,0,0,0,0,0,0,0,0
2017-07-20,247.28,247.42,246.47,247.1,217.78,47135200.0,214.552,215.75419999999997,0.000413431944508158,66.90030354431153,1.1286560779988122,0.7810618024030118,0,2.3600000000000136,0.006371844558116013,-0.07640155738395549,0,0.1351262204239599,0.055167593033143635,0,1,0,0,0,0,0,0,0,0,0,0
2017-07-21,246.44,246.91,246.18,246.88,217.59,82340800.0,214.73000000000002,215.75419999999997,-0.0008724400771420449,65.447949373407,1.1927452361322253,0.8633984891488546,0,1.1599999999999966,0.004991086551214385,0.746906770311784,0,0.13470841762688007,0.12746216792138723,0,1,0,0,0,0,0,0,0,0,0,0
2017-07-24,246.79,246.98,246.28,246.82,217.54,46622300.0,214.89300000000003,215.75419999999997,-0.00022978997196565487,65.04774870923453,1.2253763972209981,0.9357940707632834,1,1.1399999999999864,-0.0006887981045995417,-0.4337885956901074,0,0.1345984695223854,0.05411435470003243,0,1,0,0,0,0,0,0,0,0,0,0
2017-07-25,247.68,247.8,247.16,247.42,218.06,54915600.0,215.075,215.75419999999997,0.0023903649903467272,67.28804897961379,1.2784591998150745,1.0043270965736415,1,1.5500000000000114,0.0012881349412390275,0.17788268704032184,0,0.13574192980913008,0.07114461687197868,0,1,0,0,0,0,0,0,0,0,0,0
2017-07-26,247.75,247.79,247.13,247.43,218.07,47575400.0,215.3435,215.75419999999997,4.585893790687301e-05,67.33141431903167,1.306276675353871,1.0647170123296874,0,0.37999999999999545,0.0022064339562879454,-0.13366329421876477,0,0.13576391943002897,0.056071542173786175,0,1,0,0,0,0,0,0,0,0,0,0
2017-07-27,247.96,248.0,245.68,247.2,217.87,70766600.0,215.507,215.75419999999997,-0.0009171366992249963,65.46227331563654,1.297230233962864,1.1112196566563228,0,0.09000000000000341,0.001519087229028604,0.48746200767623593,0,0.13532412701205032,0.10369458922164887,0,1,0,0,0,0,0,0,0,0,0,0
2017-07-28,246.65,247.06,246.13,246.91,217.62,50088400.0,215.7525,215.75419999999997,-0.001147473263872989,63.104095391392214,1.2554162957338235,1.140058984471823,0,0.030000000000001137,-0.0020187510251911123,-0.29220281884391786,0,0.1347743864895769,0.06123197877177502,0,1,0,0,0,0,0,0,0,0,0,0
2017-07-31,247.37,247.48,246.53,246.77,217.49,65838700.0,215.97150000000002,215.75419999999997,-0.0005973715651135247,61.85626035984666,1.1979789789363622,1.1516429833647308,1,-0.04999999999998295,-0.00266198152821151,0.3144500523075202,0,0.13448852141789075,0.0935751640281633,0,1,0,0,0,0,0,0,0,0,0,0
2017-08-01,247.46,247.5,246.72,247.32,217.98,55050400.0,216.19699999999997,215.75419999999997,0.0022529771483745797,64.69045190895602,1.1784143691498912,1.1569972605217629,1,-0.0800000000000125,0.000508132319388066,-0.16385955372751893,0,0.13556601284193853,0.07142142819446529,0,1,0,0,0,0,0,0,0,0,0,0
2017-08-02,247.47,247.6,246.37,247.44,218.08,47211200.0,216.40249999999997,215.75419999999997,0.0004587576841912355,65.25780289321185,1.1576339555662116,1.1571245995306527,0,0.010000000000019327,0.0021143632674522905,-0.14240041852556928,0,0.13578590905092797,0.05532365876392246,0,1,0,0,0,0,0,0,0,0,0,0
2017-08-03,247.31,247.34,246.64,246.96,217.66,40856000.0,216.68500000000003,215.75419999999997,-0.0019258987527513982,60.83642806695244,1.0946563214984621,1.1446309439242146,1,-0.21000000000000796,0.0007858360798144171,-0.13461212593621852,0,0.13486234497317262,0.04227327807648166,0,1,0,0,0,0,0,0,0,0,0,0
2017-08-04,247.52,247.79,246.97,247.41,218.06,60191800.0,216.919,215.75419999999997,0.0018377285674906485,63.3810658427483,1.064748986300117,1.1286545523993952,1,0.4399999999999977,0.0003705874989304858,0.47326708439396903,0,0.13574192980913008,0.08197927488165188,0,1,0,0,0,0,0,0,0,0,0,0
2017-08-07,247.49,247.87,247.37,247.87,218.46,31995000.0,217.1615,215.75419999999997,0.0018343575162800274,65.7758224428347,1.0610922537509566,1.1151420926697075,0,0.9699999999999989,0.0017461873310192777,-0.46844919075355784,0,0.13662151464508748,0.02407724596554684,0,1,0,0,0,0,0,0,0,0,0,0
2017-08-08,247.51,248.91,246.83,247.26,217.92,61719400.0,217.38449999999997,215.75419999999997,-0.0024718483932986146,60.065036562428865,1.0030581498591573,1.0927253041075975,0,-0.060000000000002274,0.0012002376904720613,0.9290326613533364,0,0.13543407511654493,0.08511619607030596,0,1,0,0,0,0,0,0,0,0,0,0
2017-08-09,246.47,247.31,246.06,247.25,217.91,62632600.0,217.527,215.75419999999997,-4.5888399412552516e-05,59.96121419395314,0.9453612519398007,1.0632524936740382,0,-0.17000000000001592,-0.0006833792764311397,0.014795996072547668,0,0.13541208549564604,0.08699144903540085,0,1,0,0,0,0,0,0,0,0,0,0
2017-08-10,246.29,246.44,243.7,243.76,214.84,120479500.0,217.498,215.75419999999997,-0.01408838511312005,38.156168433529814,0.6444834971375997,0.9794986943667505,1,-2.819999999999993,-0.016606121905831217,0.9235909095263488,0,0.1286612718796728,0.20577985326946413,0,1,0,0,0,0,0,0,0,0,0,0
2017-08-11,244.02,244.8,243.75,244.12,215.16,74869900.0,217.43449999999999,215.75419999999997,0.001489480543660271,40.58167940137889,0.4269355867126876,0.868986072835938,1,-2.9000000000000057,-0.012644792968872332,-0.37856730813125883,0,0.1293649397484387,0.11212070123618434,0,1,0,0,0,0,0,0,0,0,0,0
2017-08-14,245.59,246.79,245.55,246.54,217.29,73291900.0,217.47899999999998,215.75419999999997,0.00989960959286118,53.62070892303175,0.4215412342519471,0.7794971051191398,0,-1.170000000000016,-0.0026992949765985985,-0.02107656080748066,0,0.134048728999912,0.10888028382606638,0,1,0,0,0,0,0,0,0,0,0,0
2017-08-15,246.98,247.0,246.16,246.51,217.26,55242700.0,217.5165,215.75419999999997,-0.00013806433798146944,53.44282339205851,0.41011783862884954,0.7056212518210818,1,-0.6599999999999966,0.011251025798539982,-0.2462645940410878,0,0.13398276013721516,0.07181631556326484,0,1,0,0,0,0,0,0,0,0,0,0
2017-08-16,247.11,247.57,246.45,246.94,217.64,56715500.0,217.51400000000004,215.75419999999997,0.0017490564300837175,55.458495918551215,0.4268075675437899,0.6498585149656234,0,-0.27000000000001023,0.011510601684963429,0.026660536143237046,0,0.13481836573137473,0.0748407051460416,0,1,0,0,0,0,0,0,0,0,0,0
2017-08-17,246.24,246.6,243.09,243.09,214.25,128490400.0,217.3375,215.75419999999997,-0.015576180849108612,39.167172993647604,0.16459231165040933,0.5528052743025806,0,-0.5900000000000034,-0.013965188757006364,1.265525297317312,0,0.12736388424663558,0.22223020804177962,0,1,0,0,0,0,0,0,0,0,0,0
2017-08-18,242.9,244.19,242.2,242.71,213.91,136748000.0,217.15349999999998,215.75419999999997,-0.0015869311551925946,37.962667221593875,-0.06984519438174175,0.4282751805657162,1,-1.25,-0.015414055574217489,0.06426627981545696,0,0.12661623713607173,0.239187160390189,0,1,0,0,0,0,0,0,0,0,0,0
2017-08-21,242.64,243.2,241.83,242.9,214.08,65469700.0,216.98049999999998,215.75419999999997,0.0007947267542425251,38.97322641403541,-0.23916409290399088,0.29478732587177475,1,-3.2099999999999795,-0.01636838525005868,-0.5212383362096704,0,0.12699006069135366,0.092817423835303,0,1,0,0,0,0,0,0,0,0,0,0
2017-08-22,243.57,245.62,243.55,245.44,216.32,63140100.0,216.8935,215.75419999999997,0.010463378176382543,50.4310501713831,-0.190406374163274,0.19774858586476501,0,-0.9399999999999977,0.009671173775432473,-0.0355828726876708,0,0.13191573577271526,0.08803359848764092,0,1,0,0,0,0,0,0,0,0,0,0
2017-08-23,244.33,245.05,244.16,244.56,215.54,50203800.0,216.767,215.75419999999997,-0.0036057692307692735,47.11392198963748,-0.21225823128474985,0.11574722243486205,0,-2.0999999999999943,0.0076523356998557945,-0.20488247563751083,0,0.13020054534259823,0.0614689522629839,0,1,0,0,0,0,0,0,0,0,0,0
2017-08-24,245,245.18,243.75,243.99,215.04,50741700.0,216.62549999999996,215.75419999999997,-0.002319755033868387,45.06753335149562,-0.2668457748268054,0.03922862298252857,1,0.789999999999992,0.004537853911744882,0.010714328397452011,0,0.12910106429765145,0.06257352800753552,0,1,0,0,0,0,0,0,0,0,0,0
2017-08-25,244.9,245.61,244.39,244.56,215.54,64445900.0,216.52149999999997,215.75419999999997,0.002325148809523725,47.522235846994576,-0.26668677589449885,-0.021954456792876914,1,1.6299999999999955,-0.0036003754551139355,0.2700776678747461,0,0.13020054534259823,0.09071505416199582,0,1,0,0,0,0,0,0,0,0,0,0
2017-08-28,245.17,245.2,244.09,244.57,215.55,40565600.0,216.4245,215.75419999999997,4.6395100677498746e-05,47.572695234442804,-0.26272531774645813,-0.07010862898359316,1,1.4699999999999989,5.1788876332836686e-05,-0.3705480100363251,0,0.13022253496349723,0.04167694270518999,0,0,0,0,0,0,0,0,0,0,0,0
2017-08-29,243.06,245.15,242.93,244.85,215.8,51135700.0,216.31550000000001,215.7576,0.001159823706796459,48.895662520424814,-0.2366845705621472,-0.10342381729930397,1,-0.5199999999999818,0.0035313676169976826,0.2605680675251938,0,0.13077227548597065,0.0633826056118362,0,0,0,0,0,0,0,0,0,0,0,0
2017-08-30,244.83,246.32,244.62,246.01,216.82,62030800.0,216.2525,215.81040000000002,0.004726598702502249,53.99634995376544,-0.13221749432872798,-0.10918255270518878,1,1.2800000000000011,0.005932817509976207,0.21306249841109048,0,0.13301521681766204,0.08575565486720757,0,0,0,0,0,0,0,0,0,0,0,0
2017-08-31,246.72,247.77,246.05,247.49,218.13,103803900.0,216.27599999999998,215.8904,0.0060418780555300255,59.576667011922645,0.055638106644209984,-0.07621842083530904,1,3.0900000000000034,0.011928300464828734,0.673425137189912,0,0.13589585715542263,0.17153656774084383,0,0,0,0,0,0,0,0,0,0,0,0
2017-09-01,247.92,248.33,247.67,247.84,218.43,62007000.0,216.29450000000003,215.9784,0.0013753266400771125,60.75083870779744,0.22611599223105827,-0.01575153822203558,0,2.890000000000015,0.012143803398109387,-0.4026525014956085,0,0.1365555457823907,0.08570678165151632,0,0,0,0,0,0,0,0,0,0,0,0
2017-09-05,247.26,247.52,244.95,246.06,216.87,91398800.0,216.215,216.03019999999998,-0.0071418761159181,52.251480797520884,0.2326600223377966,0.033930773889930856,1,1.3199999999999932,0.0002753285796890381,0.47400777331591604,0,0.1331251649221567,0.14606273883447238,0,0,0,0,0,0,0,0,0,0,0,0
2017-09-06,246.84,247.28,246.23,246.9,217.61,57916900.0,216.1995,216.09399999999997,0.0034121824134274448,55.43645128309554,0.2941670542181498,0.08597802995557466,0,1.8100000000000023,-0.0023543670624135427,-0.3663275666638949,0,0.13475239686867801,0.07730777579022138,0,0,0,0,0,0,0,0,0,0,0,0
2017-09-07,247.25,247.27,246.4,246.87,217.58,58034700.0,216.183,216.1916,-0.000137861311520604,55.27547858093796,0.3366108307145055,0.1361045901073608,0,0.7600000000000193,-0.003867555014011259,0.002033948640207006,0,0.13468642800598118,0.07754967767292853,0,0,0,0,0,0,0,0,0,0,0,0
2017-09-08,246.54,247.11,246.3,246.58,217.32,63832800.0,216.30700000000002,216.24599999999998,-0.001194962772313679,53.81695743307113,0.34528774015510066,0.1779412201169088,1,-0.8100000000000023,0.0020793583295931617,0.09990746915207627,0,0.13411469786260882,0.08945605548383148,0,0,0,0,0,0,0,0,0,0,0,0
2017-09-11,248.04,249.3,248.02,249.21,219.64,71364800.0,216.531,216.38460000000003,0.010675501564513024,63.15846991163797,0.5332222106266897,0.248997418218865,1,1.2099999999999795,0.00934267748067874,0.1179957639332756,0,0.13921628991116186,0.1049229908025947,0,0,0,0,0,0,0,0,0,0,0,0
2017-09-12,249.63,250.09,249.42,250.05,220.38,56896000.0,216.6855,216.53,0.0033691495173922004,65.55193917498582,0.7334190497639668,0.3458817445278854,1,3.509999999999991,0.012849688309591545,-0.2027442100307154,0,0.14084352185768312,0.07521136125664127,0,0,0,0,0,0,0,0,0,0,0,0
2017-09-13,249.72,250.21,249.59,250.17,220.49,59228000.0,216.84699999999998,216.6704,0.0004991378527998691,65.90651348024124,0.8906853020822041,0.4548424560387492,0,2.8799999999999955,0.014543788934705093,0.04098706411698538,0,0.14108540768757144,0.08000011499580162,0,0,0,0,0,0,0,0,0,0,0,0
2017-09-14,249.8,250.32,249.6,250.09,220.42,95446300.0,216.98599999999996,216.7994,-0.0003174747154066626,65.44486849854741,0.9981652968947117,0.5635070242099417,1,2.839999999999975,0.003550812654785407,0.6115063821165665,0,0.14093148034127884,0.15437426574667287,0,0,0,0,0,0,0,0,0,0,0,0
2017-09-15,248.69,249.29,248.57,249.19,220.71,95432400.0,217.30899999999997,216.9734,0.0013156700843843794,66.49202736576034,1.0941320700737833,0.66963203338271,0,3.390000000000015,0.0014973332217775859,-0.0001456316274177638,0,0.14156917934734803,0.15434572214591202,0,0,0,0,0,0,0,0,0,0,0,0
2017-09-15,1.24 Dividend,,,,,,223.1495,226.16899999999998,0.0,66.49202736576034,1.0941320700737833,0.7545320407209247,0,0.0,0.0009981953689777168,0.0,0,0.14260269152959804,0.05331944622128929,1,1,0,0,0,0,1,0,0,0,1,1
2017-09-18,249.61,250.12,249.28,249.72,221.18,46235200.0,223.1495,226.16899999999998,0.0021294911875311406,66.49202736576035,1.2282982927232808,0.8492852911213961,1,0.8000000000000114,0.00344516127191552,-0.5155188384657621,0,0.14260269152959804,0.05331944622128929,1,1,0,0,0,0,0,0,0,0,0,0
2017-09-19,250,250.07,249.6,249.97,221.41,47108100.0,223.1495,226.16899999999998,0.0010398770232389332,67.46856095876183,1.304860067114845,0.9404002463200858,1,0.9199999999999875,0.003169368210770074,0.018879554971104273,0,0.1431084528102735,0.055111943279142254,1,1,0,0,0,0,0,0,0,0,0,0
2017-09-20,250.07,250.19,248.92,250.06,221.49,59574100.0,223.1495,226.16899999999998,0.00036132062689131494,67.81985746720322,1.3563559294773029,1.0235913829515293,0,1.0700000000000216,0.0035306888376613887,0.26462540412370705,0,0.143284369777465,0.0807108301197825,1,1,0,0,0,0,0,0,0,0,0,0
2017-09-21,249.88,249.98,249.19,249.39,220.89,48211400.0,223.1495,226.16899999999998,-0.0027089259108764585,62.37914329181305,1.3333813950948752,1.0855493853801985,1,0.1799999999999784,-0.0013077282607462104,-0.19073221416689468,0,0.14196499252352884,0.05737756592082991,1,1,0,0,0,0,0,0,0,0,0,0
2017-09-22,249.05,249.63,249.02,249.44,220.94,51214000.0,223.1495,226.16899999999998,0.00022635701027673427,62.648058679834044,1.304174778184489,1.1292744639410566,0,0.0,-0.0021212482737084093,0.06227987571404281,0,0.14207494062802356,0.06354339438446752,1,1,0,0,0,0,1,0,0,0,0,0
2017-09-25,249.15,249.55,248.08,248.93,220.48,57064400.0,223.1495,226.16899999999998,-0.002082013216257894,58.50472040284393,1.2297345537882052,1.1493664819104863,1,-0.700000000000017,-0.004564582116857618,0.11423438903424854,0,0.1410634180666725,0.07555717006010379,1,1,0,0,0,0,0,0,0,0,0,0
2017-09-26,249.42,249.7,248.81,249.08,220.62,54082000.0,223.1495,226.16899999999998,0.0006349782293180173,59.3851259545153,1.168566462836253,1.1532064780956397,1,-0.789999999999992,-0.0012206779766631426,-0.05226375813992612,0,0.1413712727592576,0.06943282222491001,1,1,0,0,0,0,0,0,0,0,0,0
2017-09-27,249.88,250.49,248.87,250.05,221.48,81001400.0,223.1495,226.16899999999998,0.0038981053394977483,64.38412238341445,1.1759297367304669,1.157751129822605,1,-0.010000000000019327,0.0024510703525578714,0.4977515624422173,0,0.14326238015656606,0.12471171476605644,1,1,0,0,0,0,0,0,0,0,0,0
2017-09-28,249.73,250.44,249.63,250.35,221.74,44778800.0,223.1495,226.16899999999998,0.0011739208957919356,65.75638399482737,1.1890385155737704,1.1640086069728381,1,0.8500000000000227,0.005707004464607701,-0.44718486347149555,0,0.14383411029993842,0.05032873398041745,1,1,0,0,0,0,0,0,0,0,0,0
2017-09-29,250.34,251.32,250.13,251.23,222.52,85578000.0,223.1495,226.16899999999998,0.0035176332641833064,69.54715130430907,1.2479808520968447,1.1808030559976395,1,1.5800000000000125,0.00858965949947299,0.9111275871617819,0,0.1455493007300554,0.13410974665398154,1,1,0,0,0,0,0,0,0,0,0,0
2017-10-02,251.49,252.32,251.29,252.32,223.49,59023000.0,223.1495,226.16899999999998,0.004359158727305301,73.47901909427748,1.3573176587505884,1.2161059765482294,1,3.0100000000000193,0.009050712887280543,-0.3103017130570941,0,0.1476822939572522,0.07957914822199036,1,1,0,0,0,0,0,0,0,0,0,0
2017-10-03,252.32,252.89,252.23,252.86,223.97,66810200.0,223.1495,226.16899999999998,0.002147747102778652,75.18634307823831,1.4658029897898075,1.2660453791965451,1,3.3499999999999943,0.01002453909426726,0.13193500838656114,0,0.14873779576040108,0.09557013583673718,1,1,0,0,0,0,0,0,0,0,0,0
2017-10-04,252.69,253.44,252.56,253.16,224.23,55953600.0,223.1495,226.16899999999998,0.0011608697593428197,76.08444099478982,1.554835052686201,1.3238033138944763,1,2.75,0.007667775589426773,-0.162499139352973,0,0.1493095259037734,0.07327614619498402,1,1,0,0,0,0,0,0,0,0,0,0
2017-10-05,253.54,254.68,253.2,254.66,225.56,63522800.0,223.1495,226.16899999999998,0.00593140971324102,80.06017434361391,1.7129674660359626,1.4016361443227736,0,3.819999999999993,0.009240026575362492,0.1352763718509622,0,0.15223414548333186,0.08881947158197054,1,1,0,0,0,0,0,0,0,0,0,0
2017-10-06,254.15,254.7,253.85,254.37,225.3,80646000.0,223.1495,226.16899999999998,-0.0011526866465685348,77.35297567579893,1.7965986449733862,1.4806286444528962,0,2.780000000000001,0.005939592826015305,0.26955990604948155,0,0.15166241533995956,0.12398190212501975,1,1,0,0,0,0,0,0,0,0,0,0
2017-10-09,254.63,254.7,253.65,253.95,224.93,35803100.0,223.1495,226.16899999999998,-0.0016422547714158853,73.54186722046082,1.8121319202665518,1.5469292996156274,1,1.4399999999999977,0.0031364682952566003,-0.556046177119758,0,0.15084879936669893,0.0318971658257941,1,1,0,0,0,0,0,0,0,0,0,0
2017-10-10,254.6,255.05,253.98,254.62,225.52,43057400.0,223.1495,226.16899999999998,0.0026230382785754625,75.60580125010145,1.8507163163478992,1.6076867029620818,1,1.5500000000000114,-0.00017190313940895763,0.2026165332052252,0,0.15214618699973614,0.04679384517827737,1,1,0,0,0,0,0,0,0,0,0,0
2017-10-11,254.51,255.02,254.32,255.02,225.88,47674300.0,223.1495,226.16899999999998,0.0015963107484922023,76.79525769115406,1.8885734207837572,1.6638640465264172,0,1.6500000000000057,0.0025770942556517795,0.10722663235587837,0,0.15293781335209777,0.05627463297344439,1,1,0,0,0,0,0,0,0,0,0,0
2017-10-12,254.66,255.06,254.37,254.64,225.54,47065100.0,223.1495,226.16899999999998,-0.001505224012750106,73.16667994404801,1.869588833993788,1.7050090040198915,1,-0.020000000000010232,0.002714125014317559,-0.012778373253513942,0,0.15219016624153398,0.05502364293146476,1,1,0,0,0,0,0,0,0,0,0,0
2017-10-13,255.14,255.27,254.64,254.95,225.82,54800400.0,223.1495,226.16899999999998,0.0012414649286158763,74.24590524380253,1.8557451966626672,1.7351562425484468,1,0.5199999999999818,0.0013325516643579727,0.16435320439136425,0,0.15280587562670417,0.07090805408006132,0,1,0,0,0,0,0,0,0,0,0,0
2017-10-16,255.21,255.51,254.82,255.29,226.12,38221700.0,223.39649999999997,226.16899999999998,0.0013284917190683476,75.38807635853172,1.8476825725808794,1.7576615085549334,1,1.1899999999999977,0.001064732634934118,-0.3025288136582944,0,0.15346556425367225,0.03686375235818399,0,1,0,0,0,0,0,0,0,0,0,0
2017-10-17,255.23,255.52,254.98,255.47,226.28,31561000.0,223.63999999999996,226.16899999999998,0.000707588890854316,75.9994263588676,1.833073022971746,1.772743811438296,1,0.7599999999999909,0.00327754553853854,-0.17426488094459425,0,0.15381739818805523,0.023186028502941526,0,1,0,0,0,0,0,0,0,0,0,0
2017-10-18,255.9,255.95,255.5,255.72,226.5,40888300.0,223.89049999999997,226.16899999999998,0.0009722467739083918,76.85088986818334,1.8182869311358445,1.781852435377806,1,0.6200000000000045,0.0030083273838310554,0.29553246094863916,0,0.15430116984783182,0.04233960601206265,0,1,0,0,0,0,0,0,0,0,0,0
2017-10-19,254.83,255.83,254.35,255.79,226.56,61903800.0,224.17399999999998,226.16899999999998,0.00026490066225171027,77.08961060271928,1.7907674924480261,1.7836354467918503,1,1.0200000000000102,0.001944736327014418,0.5139734349434923,0,0.15443310757322543,0.08549486081709035,0,1,0,0,0,0,0,0,0,0,0,0
2017-10-20,256.7,257.14,255.77,257.11,227.73,89176400.0,224.51350000000002,226.16899999999998,0.005164194915254106,81.16786794413517,1.8421324052430634,1.7953348384820929,0,1.9099999999999966,0.006401342351414208,0.44056423030573244,0,0.15700589321840086,0.14149904830706672,0,1,0,0,0,0,0,0,0,0,0,0
2017-10-23,257.48,257.51,256.02,256.11,226.84,63915300.0,224.8315,226.16899999999998,-0.003908136828700615,70.8379479868154,1.7903854576580613,1.7943449623172867,1,0.7199999999999989,0.0015209587488052012,-0.28327113451540986,0,0.15504881695839562,0.0896254689415848,0,1,0,0,0,0,0,0,0,0,0,0
2017-10-24,256.6,256.83,256.15,256.56,227.24,66935900.0,225.1625,226.16899999999998,0.0017633574325515156,72.53004564268392,1.7613485561865332,1.787745681091136,0,0.960000000000008,0.0030194155191050065,0.04725941988850879,0,0.15592840179435308,0.0958282603414595,0,1,0,0,0,0,0,0,0,0,0,0
2017-10-25,256.18,256.31,254.0,255.29,226.12,103715300.0,225.39450000000002,226.16899999999998,-0.004928709734201786,61.72956093638877,1.6291817694930444,1.756032898771518,1,-0.37999999999999545,-0.007073489130350885,0.5494719574996376,0,0.15346556425367225,0.17135462795469905,0,1,0,0,0,0,0,0,0,0,0,0
2017-10-26,255.99,256.3,255.48,255.62,226.41,69798000.0,225.62800000000001,226.16899999999998,0.0012825048646736281,63.25531482284461,1.5302000218614467,1.7108663233895036,1,-0.15000000000000568,-0.0018828474369766424,-0.32702311038005005,0,0.15410326325974139,0.10170557255280208,0,1,0,0,0,0,0,0,0,0,0,0
2017-10-27,256.47,257.89,255.63,257.71,228.26,85562500.0,225.91500000000002,226.16899999999998,0.00817101718121993,71.15557422726678,1.5827903902770686,1.6852511367670169,0,0.5300000000000011,0.004524812311691773,0.22585890713200962,0,0.15817134312604442,0.1340779174588885,0,1,0,0,0,0,0,0,0,0,0,0
2017-10-30,256.47,257.6,256.41,256.75,227.41,54285700.0,226.11100000000002,226.16899999999998,-0.003723823709804619,64.31359875045555,1.5381499052433867,1.655830890462291,1,0.5699999999999932,0.00572969833608894,-0.3655433162892623,0,0.1563022253496349,0.0698511194533264,0,1,0,0,0,0,0,0,0,0,0,0
2017-10-31,257.18,257.44,256.81,257.15,227.77,60304800.0,226.301,226.16899999999998,0.00158304384151986,65.81294697417778,1.514364341125912,1.6275375805950152,1,0.5300000000000011,0.006030237312935172,0.11087818707320718,0,0.15709385170199663,0.08221131998136247,0,1,0,0,0,0,0,0,0,0,0,0
2017-11-01,258.04,258.43,257.07,257.49,228.07,54202700.0,226.49300000000002,226.16899999999998,0.00131711814549762,67.0551448849377,1.5024028382860024,1.6025106321332128,1,1.9499999999999886,-0.000823661722787139,-0.10118763348854487,0,0.15775354032896471,0.06968067924734428,0,1,0,0,0,0,0,0,0,0,0,0
2017-11-02,257.41,257.75,256.19,257.59,228.15,56449500.0,226.6225,226.16899999999998,0.0003507695005919853,67.39536647319925,1.4822916569921745,1.578466837105005,1,1.740000000000009,0.0032509314876094653,0.04145180959620087,0,0.15792945729615615,0.07429447508831574,0,1,0,0,0,0,0,0,0,0,0,0
2017-11-03,257.77,258.5,257.3,258.45,228.92,59589700.0,226.80349999999999,226.16899999999998,0.0033749726057417107,70.54800648723088,1.51106732228061,1.5649869341401261,1,0.6599999999999966,0.005042860251831316,0.05562848209461557,0,0.15962265810537424,0.08074286466452132,0,1,0,0,0,0,0,0,0,0,0,0
2017-11-06,258.3,259.0,258.22,258.85,229.27,49652600.0,227.0205,226.16899999999998,0.001528918399440915,71.8790347771268,1.5443124466828806,1.560852036648677,0,1.8600000000000136,0.005254660505774611,-0.16675868480626688,0,0.16039229483683703,0.060337065015546,0,1,0,0,0,0,0,0,0,0,0,0
2017-11-07,258.97,259.35,258.09,258.67,229.11,57502200.0,227.2,226.16899999999998,-0.0006978671435425854,70.3146096534797,1.539996661565766,1.556680961632095,1,1.3400000000000034,0.00420602386164004,0.15809041218385333,0,0.16004046090245405,0.07645619080924804,0,1,0,0,0,0,0,0,0,0,0,0
2017-11-08,258.47,259.22,258.15,259.11,229.5,50469600.0,227.381,226.16899999999998,0.0017022390991225933,71.91894542346347,1.550176640045919,1.55538009731486,0,1.4300000000000068,0.002533290355020923,-0.12230140759831798,0,0.1608980561175125,0.06201477162141821,0,1,0,0,0,0,0,0,0,0,0,0
2017-11-09,257.73,258.39,256.36,258.17,228.67,95085500.0,227.5375,226.16899999999998,-0.003616557734204884,63.99247929953606,1.4742757497947991,1.539159227810848,0,0.5199999999999818,-0.002612185778624876,0.8840153280390572,0,0.15907291758290076,0.15363336422476503,0,1,0,0,0,0,0,0,0,0,0,0
2017-11-10,257.73,258.29,257.37,258.09,228.6,59984700.0,227.67649999999998,226.16899999999998,-0.0003061179866182817,63.35825318053966,1.3924243315092042,1.5098122485505192,1,-0.3199999999999932,-0.002220436621700572,-0.36914987037981606,0,0.15891899023660827,0.08155399576527961,0,1,0,0,0,0,0,0,0,0,0,0
2017-11-13,257.31,258.59,257.27,258.33,228.81,50228600.0,227.811,226.16899999999998,0.0009186351706036433,64.49511894130784,1.329179780641482,1.473685754968712,0,-0.46000000000000796,-0.003004040550219522,-0.16264314066753693,0,0.15938077227548597,0.06151987897513277,0,1,0,0,0,0,0,0,0,0,0,0
2017-11-14,257.41,257.85,256.52,257.73,228.28,61315200.0,227.911,226.16899999999998,-0.002316332328132553,59.47931839230335,1.222202656393108,1.4233891352535912,0,-0.8300000000000125,-0.0017038151441471916,0.2207228551064533,0,0.1582153223678423,0.0842861728021376,0,1,0,0,0,0,0,0,0,0,0,0
2017-11-15,256.62,257.22,255.63,256.44,227.14,80811500.0,227.94300000000004,226.16899999999998,-0.00499386718065542,50.39992265670479,1.033520263817934,1.3454153609664599,1,-2.3600000000000136,-0.00639156433818433,0.3179684645895309,0,0.15570850558536364,0.12432175578875518,0,1,0,0,0,0,0,0,0,0,0,0
2017-11-16,257.52,259.04,257.47,258.62,229.07,67777000.0,228.0685,226.16899999999998,0.008496962225939875,61.19869598305361,1.027874283722639,1.2819071455176956,0,0.4000000000000057,0.0011867627171519013,-0.16129511270054386,0,0.15995250241885828,0.09755545621196027,0,1,0,0,0,0,0,0,0,0,0,0
2017-11-17,258.22,258.59,257.77,257.86,228.39,75756800.0,228.1015,226.16899999999998,-0.00296852490505084,56.52889020872902,0.9574921137480032,1.217024139163757,1,-0.21000000000000796,0.0005345701402336145,0.11773610516842004,0,0.15845720819773057,0.1139419472444439,0,1,0,0,0,0,0,0,0,0,0,0
2017-11-20,258.14,258.52,257.86,258.3,228.78,48075500.0,228.19850000000002,226.16899999999998,0.0017076054117957096,58.48546823231613,0.9225489080556599,1.1581290929421377,1,-0.030000000000001137,0.007236042732684744,-0.3653969016642731,0,0.15931480341278914,0.0570984957522399,0,1,0,0,0,0,0,0,0,0,0,0
2017-11-21,259.18,260.2,258.26,259.99,230.28,69176800.0,228.35049999999995,226.16899999999998,0.006556517178075039,65.00876390379949,1.0043164943872114,1.1273665732311526,0,2.0,0.005295597684819908,0.43892003203294827,0,0.16261324654762954,0.10042994055333104,0,1,0,0,0,0,0,0,0,0,0,0
2017-11-22,260,260.15,259.57,259.76,230.08,45033400.0,228.54849999999996,226.16899999999998,-0.0008685079034218557,63.57435716439318,1.0409797999816135,1.110089218581245,1,2.940000000000026,0.0073956146864488925,-0.34901007274115026,0,0.16217345412965078,0.05085155417852647,0,1,0,0,0,0,0,0,0,0,0,0
2017-11-24,260.32,260.48,260.16,260.36,230.61,27856500.0,228.7585,226.16899999999998,0.002303546592489658,65.7321877510312,1.1001207966725985,1.1080955341995158,0,1.5400000000000205,0.007991555867142841,-0.38142578619424694,0,0.16333890403729445,0.015578850875703293,0,1,0,0,0,0,0,0,0,0,0,0
2017-11-27,260.41,260.75,260.0,260.23,230.49,52274900.0,228.86999999999998,226.16899999999998,-0.0005203590477429465,64.79624344154279,1.124346696682096,1.1113457666960318,1,2.1000000000000227,0.0009146796413248559,0.8765781774451205,0,0.16307502858650713,0.06572194877635226,0,0,0,0,0,0,0,0,0,0,0,0
2017-11-28,260.76,262.9,260.65,262.87,232.83,98971700.0,229.141,226.40200000000002,0.010152284263959421,72.89962826832497,1.317180701570635,1.1525127536709525,0,4.050000000000011,0.011935471808706133,0.8932929570405683,0,0.1682205998768581,0.1616136621583521,0,0,0,0,0,0,0,0,0,0,0,0
2017-11-29,263.02,263.63,262.2,262.71,232.69,77512100.0,229.38700000000003,226.62759999999997,-0.0006012970837092624,71.83424505799276,1.44208277717766,1.210426758372294,1,2.4099999999999966,0.009030628132507212,-0.2168256178281266,0,0.16791274518427302,0.11754644957649715,0,0,0,0,0,0,0,0,0,0,0,0
2017-11-30,263.76,266.05,263.67,265.01,234.73,127894400.0,229.71999999999997,226.89239999999998,0.008767029094503442,77.08859577160021,1.6862415796939558,1.3055897226366264,0,4.649999999999977,0.0183180162747536,0.6499927108154726,0,0.1723986278476558,0.22100632415304056,0,0,0,0,0,0,0,0,0,0,0,0
2017-12-01,264.76,265.31,260.76,264.46,234.24,164390900.0,230.0245,227.15939999999998,-0.0020875047927405577,73.53988033349805,1.8192293414410017,1.4083176463975016,0,3.6299999999999955,0.006078227218053622,0.28536433182375465,0,0.17132113642360802,0.2959517576184205,0,0,0,0,0,0,0,0,0,0,0,0
2017-12-04,266.31,266.8,264.08,264.14,233.96,94040600.0,230.2765,227.4198,-0.0011953551912567972,71.51397751154548,1.8803538916252762,1.5027248954430565,0,3.469999999999999,0.0054841691105060875,-0.42794522081210096,0,0.17070542703843783,0.15148766577620215,0,0,0,0,0,0,0,0,0,0,0,0
2017-12-05,263.19,265.15,263.04,263.19,233.11,77994500.0,230.46850000000003,227.6724,-0.0036330996751581246,65.6054259744941,1.8390086942867185,1.5699816552117891,1,0.28000000000000114,-0.0069159596591554795,-0.17062949406958272,0,0.1688363092620283,0.1185370562676511,0,0,0,0,0,0,0,0,0,0,0,0
2017-12-06,263.3,263.73,262.71,263.24,233.16,75898600.0,230.671,227.9232,0.00021449101282655647,65.7845066249449,1.7896469733600782,1.613914718841447,1,0.46999999999999886,-0.004613963853588365,-0.026872407669771614,0,0.1689462573665229,0.11423313304213384,0,0,0,0,0,0,0,0,0,0,0,0
2017-12-07,264.07,264.43,262.94,264.07,233.89,77218600.0,230.89049999999997,228.1714,0.003130897237948238,68.37359070483365,1.7888120413137472,1.6488941833359072,1,-0.8400000000000034,-0.0002877114243833301,0.017391625141965683,0,0.17055149969214523,0.11694374836618687,0,0,0,0,0,0,0,0,0,0,0,0
2017-12-08,265.16,265.52,264.03,265.51,235.17,76563900.0,231.21549999999996,228.44,0.0054726580871349295,72.3276341049945,1.8698808319747116,1.6930915130636681,1,0.9299999999999784,0.008818046337909724,-0.00847852719422526,0,0.17336617116720898,0.11559932423538574,0,0,0,0,0,0,0,0,0,0,0,0
2017-12-11,266.31,266.38,265.48,266.31,235.88,83077500.0,231.5795,228.70719999999997,0.003019092571331372,74.2506829772135,1.968725259621067,1.7482182623751479,1,1.9199999999999875,0.01162264789641454,0.08507403619721576,0,0.17492743425103352,0.12897497876171288,0,0,0,0,0,0,0,0,0,0,0,0
2017-12-12,267.21,267.32,266.35,266.78,236.29,85195800.0,231.9535,228.9632,0.0017381719518398953,75.31739034904619,2.056438412225816,1.8098622923452816,0,3.1799999999999784,0.010229922610306197,0.02549787848695506,0,0.17582900870788987,0.13332490030788072,0,0,0,0,0,0,0,0,0,0,0,0
2017-12-13,267.06,267.56,266.65,266.75,236.27,102905400.0,232.353,229.2092,-8.464175377709271e-05,75.15383620278692,2.100128906007569,1.8679156150777392,0,3.1100000000000136,0.004672622769394175,0.20786940201277537,0,0.17578502946609198,0.1696915011736759,0,0,0,0,0,0,0,0,0,0,0,0
2017-12-14,267.09,267.22,265.6,265.66,235.3,100666700.0,232.76100000000002,229.43060000000003,-0.004105472552588085,67.49814267985778,2.033047339528821,1.9009419599679556,0,1.410000000000025,-0.0024519423545252828,-0.02175493219986513,0,0.17365203623889525,0.1650943386540111,0,0,0,0,0,0,0,0,0,0,0,0
2017-12-15,1.35 Dividend,,,,,,240.862,243.0776,0.0,67.49814267985778,2.033047339528821,1.9273630358801286,0,0.0,-0.004190114306365178,0.0,0,0.1779620019350866,0.25533236558890277,1,1,0,0,0,0,1,0,0,0,1,1
2017-12-15,265.45,267.04,265.39,266.51,237.26,144610300.0,240.862,243.0776,0.008329791755206095,67.49814267985778,2.1535131618921355,1.97259306108253,1,1.3799999999999955,0.00422431920261801,0.43652568326964136,0,0.1779620019350866,0.25533236558890277,1,1,0,0,0,0,0,0,0,0,0,0
2017-12-18,268.1,268.6,267.98,268.2,238.77,83653600.0,240.862,243.0776,0.006364326055803948,72.87121816048139,2.3047767157517285,2.03902979201637,0,2.480000000000018,0.014694117811010043,-0.42152391634620767,0,0.18128243469082594,0.13015799807094544,1,1,0,0,0,0,0,0,0,0,0,0
2017-12-19,268.48,268.53,267.09,267.17,237.85,82382900.0,240.862,243.0776,-0.003853080370230799,65.74035103103941,2.3236324720148787,2.095950328016072,0,1.579999999999984,0.010841037440779244,-0.015190021708569645,0,0.17925938956812382,0.12754862012225285,1,1,0,0,0,0,0,0,0,0,0,0
2017-12-20,268.27,268.33,266.69,267.03,237.72,76751500.0,240.862,243.0776,-0.0005465629598486732,64.77576914602699,2.301554987924618,2.1370712599977812,1,2.4199999999999875,0.001964682725724476,-0.06835641862570996,0,0.17897352449643766,0.11598456017083447,1,1,0,0,0,0,0,0,0,0,0,0
2017-12-21,267.74,268.39,267.3,267.58,238.21,67032300.0,240.862,243.0776,0.0020612485276796377,66.75575018396343,2.297117585997171,2.1690805251976593,0,0.0,-0.0023383948023998347,-0.12663205279375644,0,0.18005101592048556,0.09602621739997366,1,1,0,0,0,0,1,0,0,0,0,0
2017-12-22,267.6,267.64,266.9,267.51,238.15,78720900.0,240.862,243.0776,-0.00025187859451747396,66.26457009795749,2.262676686071188,2.1877997573723653,0,0.8900000000000148,0.0012628069733134906,0.1743726531836145,0,0.1799190781950919,0.1200287160944633,1,1,0,0,0,0,0,0,0,0,0,0
2017-12-26,267.05,267.44,266.89,267.19,237.87,45244400.0,240.862,243.0776,-0.0011757295821961389,63.90161552637359,2.187571403381895,2.1877540865742713,1,-0.9000000000000057,0.0006336403509660249,-0.4252555547510255,0,0.1793033688099217,0.05128484193108342,1,1,0,0,0,0,0,0,0,0,0,0
2017-12-27,267.38,267.73,267.01,267.32,237.98,57751000.0,240.862,243.0776,0.00046243746584262446,64.43812570671406,2.112573573316155,2.1727179839226483,1,0.12999999999999545,-0.0009651707108709884,0.2764231595512372,0,0.17954525463980997,0.07696710072790289,1,1,0,0,0,0,0,0,0,0,0,0
2017-12-28,267.89,267.92,267.45,267.87,238.47,45116100.0,240.862,243.0776,0.002058996554332282,66.8048766863041,2.0688279962183174,2.151939986381782,0,0.75,0.0013457044379787675,-0.21878235874703467,0,0.18062274606385786,0.051021378335571306,1,1,0,0,0,0,0,0,0,0,0,0
2017-12-29,268.53,268.55,266.64,266.86,237.57,96007400.0,240.862,243.0776,-0.0037740596301422125,59.0335061935061,1.939183136711847,2.109388616447795,1,-0.6400000000000148,-0.001252625609967306,1.1280075183803566,0,0.17864368018295362,0.15552648260904117,1,1,0,0,0,0,0,0,0,0,0,0
2018-01-02,267.84,268.81,267.4,268.77,239.27,86655700.0,240.862,243.0776,0.007155785663172987,66.87262967234037,1.9511231113239944,2.077735515423035,1,1.1200000000000045,0.005440722587363056,-0.09740603328493425,0,0.18238191573577267,0.13632279978635423,1,1,0,0,0,0,0,0,0,0,0,0
2018-01-03,268.96,270.64,268.96,270.47,240.79,90070400.0,240.862,243.0776,0.00635265599531909,72.02681446753662,2.0594963323298145,2.074087678804391,1,2.9199999999999875,0.009734382028349864,0.039405370910395865,0,0.18572433811241085,0.14333487414017537,1,1,0,0,0,0,0,0,0,0,0,0
2018-01-04,271.2,272.16,270.54,271.61,241.8,80636400.0,240.862,243.0776,0.004194526350762118,74.82922687528993,2.201503883461669,2.0995709197358465,1,3.8200000000000216,0.017702968009254194,-0.10474029203822788,0,0.18794528982320347,0.12396218855902663,1,1,0,0,0,0,0,0,0,0,0,0
2018-01-05,272.51,273.56,271.95,273.42,243.41,83524000.0,240.862,243.0776,0.006658395368072778,78.52287450477189,2.41610804593293,2.1628783449752635,1,4.939999999999998,0.017205577714153986,0.035810130412567975,0,0.19148561878793202,0.1298918649300384,1,1,0,0,0,0,0,0,0,0,0,0
2018-01-08,273.31,274.1,272.98,273.92,243.86,57319200.0,240.862,243.0776,0.0018487325911014096,79.43139567479943,2.592608651334274,2.2488244062470657,1,6.2900000000000205,0.012701654309936306,-0.31373976342129206,0,0.19247515172838425,0.07608040095750435,1,1,0,0,0,0,0,0,0,0,0,0
2018-01-09,274.4,275.25,274.08,274.54,244.41,57254000.0,240.862,243.0776,0.0022553924382842094,80.51623788362585,2.745221847573646,2.348103894512382,0,5.139999999999986,0.010762520397458397,-0.0011374897067649714,0,0.19368458087782559,0.07594651298846777,1,1,0,0,0,0,0,0,0,0,0,0
2018-01-10,273.68,274.42,272.92,274.12,244.04,69574300.0,240.862,243.0776,-0.001513849678818402,77.5528846361312,2.8039903420908274,2.4392811840280713,1,3.25,0.002590275350567217,0.21518671184546068,0,0.192870964904565,0.10124620539523338,1,1,0,0,0,0,0,0,0,0,0,0
2018-01-11,274.75,276.12,274.56,276.12,245.82,62361500.0,240.862,243.0776,0.007293886248155967,81.14763510618047,2.9600740304779265,2.5434397533180424,1,4.019999999999982,0.008035429007621775,-0.10367046452497541,0,0.1967851174245756,0.08643474614574115,1,1,0,0,0,0,0,0,0,0,0,0
2018-01-12,276.42,278.11,276.08,277.92,247.42,90816100.0,240.862,243.0776,0.00650882759742899,83.67791472260723,3.1762641107757474,2.6700046248095837,0,4.009999999999991,0.012288864166766555,0.45628472695493216,0,0.20030345676840522,0.14486616644861958,1,1,0,0,0,0,0,0,0,0,0,0
2018-01-16,279.35,280.09,276.18,276.97,246.57,106555100.0,240.862,243.0776,-0.003435453884083728,77.71075791084526,3.241640793507372,2.7843318585491414,1,2.7099999999999795,0.01036725996150123,0.173306274988686,0,0.1984343389919957,0.17718614719503678,0,1,0,0,0,0,0,0,0,0,0,0
2018-01-17,278.03,280.05,276.97,279.61,248.92,113258800.0,241.44500000000002,243.0776,0.009530762055400155,81.61438544782008,3.443384453271392,2.9161423774935917,0,4.509999999999991,0.012604135768745417,0.0629129905560597,0,0.20360189990324562,0.19095217139795673,0,1,0,0,0,0,0,0,0,0,0,0
2018-01-18,279.48,279.96,278.58,279.14,248.51,100728000.0,241.93199999999996,243.0776,-0.001647115539128996,79.01434737828896,3.529498323989401,3.038813566792754,1,4.469999999999999,0.004448192632187431,-0.11063864353145181,0,0.20270032544638927,0.16522021798686296,0,1,0,0,0,0,0,0,0,0,0,0
2018-01-19,279.8,280.41,279.14,280.41,249.64,140920100.0,242.5215,243.0776,0.0045471007202928515,80.82725836993257,3.646886703338396,3.1604281941018826,1,3.819999999999993,0.01243074723656401,0.39901616233817805,0,0.205185152607969,0.2477545529610084,0,1,0,0,0,0,0,0,0,0,0,0
2018-01-22,280.17,282.69,280.11,282.69,251.67,91322400.0,243.219,243.0776,0.008131709661913122,83.57275553966515,3.8592350153259076,3.300189558346688,1,4.25,0.011031694843076978,-0.3519561794236592,0,0.20964904565045295,0.14590585170511053,0,1,0,0,0,0,0,0,0,0,0,0
2018-01-23,282.74,283.62,282.37,283.29,252.2,97084700.0,243.9185,243.0776,0.0021059323717567136,84.20855923984709,4.0239040914947,3.444932464976291,0,5.6299999999999955,0.014784742753962687,0.06309842930102572,0,0.2108144955580965,0.15773871434283082,0,1,0,0,0,0,0,0,0,0,0,0
2018-01-24,284.02,284.7,281.84,283.18,252.1,134816100.0,244.61599999999999,243.0776,-0.0003965107057890549,83.55147467696189,4.099084660099976,3.5757629040010284,1,3.180000000000007,0.009841131327880781,0.38864414269189695,0,0.21059459934910718,0.23522001058372077,0,1,0,0,0,0,0,0,0,0,0,0
2018-01-25,284.16,284.27,282.4,283.3,252.21,84587300.0,245.333,243.0776,0.0004363347877827106,83.70212613809906,4.120048528265357,3.684620028853894,1,3.700000000000017,0.0021457564537503693,-0.3725727120128828,0,0.21083648517899545,0.13207534771342144,0,1,0,0,0,0,0,0,0,0,0,0
2018-01-26,284.25,286.63,283.96,286.58,255.13,107743100.0,246.19050000000001,243.0776,0.011577653542682587,87.08394977450246,4.3224555642551366,3.812187135934143,0,5.490000000000009,0.011617477624676242,0.2737503147635638,0,0.2172574544814847,0.1796257009866845,0,1,0,0,0,0,0,0,0,0,0,0
2018-01-29,285.93,286.43,284.5,284.68,253.44,90118300.0,246.939,243.0776,-0.006624074001489455,77.11097472783254,4.296963007674407,3.9091423102821956,0,1.7700000000000102,0.005389914328975842,-0.16358170500013458,0,0.2135412085495646,0.14343323662049517,0,1,0,0,0,0,0,0,0,0,0,0
2018-01-30,282.6,284.74,281.22,281.76,250.84,131796400.0,247.60250000000002,243.0776,-0.010258838383838342,64.81332206352221,4.020614560123477,3.931436760250452,1,-1.3599999999999852,-0.005305258842645211,0.4624820929822244,0,0.2078239071158413,0.2290190673306579,0,1,0,0,0,0,0,0,0,0,0,0
2018-01-31,282.73,283.3,280.68,281.9,250.96,108364800.0,248.18699999999998,243.0776,0.0004783926008611328,65.09004673378126,3.7678559238926823,3.8987205929788984,0,-1.1399999999999864,-0.016404519784466665,-0.1777863431778106,0,0.20808778256662852,0.18090235973438434,0,1,0,0,0,0,0,0,0,0,0,0
2018-02-01,281.07,283.06,280.68,281.58,250.68,90102500.0,248.6815,243.0776,-0.0011157156518967204,63.82866413182015,3.5045509419580867,3.8198866627747363,0,-1.5300000000000011,-0.01089616143487393,-0.1685261265650838,0,0.20747207318145833,0.14340079137646483,0,1,0,0,0,0,0,0,0,0,0,0
2018-02-02,280.08,280.23,275.41,275.45,245.22,173174800.0,248.85249999999996,243.0776,-0.021780756342747787,45.36637263573571,2.8227644069158373,3.6204622116029563,0,-9.909999999999997,-0.022418079393783374,0.9219755278710358,0,0.19546574017063945,0.31398946515247317,0,1,0,0,0,0,0,0,0,0,0,0
2018-02-05,273.45,275.85,263.31,263.93,234.97,294681800.0,248.4305,243.0776,-0.041799200717722806,28.626454817064015,1.4387690941970561,3.1841235881217766,1,-18.47,-0.06469567271236731,0.7016436571602798,1,0.17292637874923034,0.5635036592280127,0,1,0,0,0,0,0,0,0,0,0,0
2018-02-06,259.94,269.7,258.7,269.13,239.59,355026800.0,248.217,243.0776,0.01966208452142837,39.468336605818536,0.7065930617911818,2.6886174828556575,0,-11.25,-0.043917872539042224,0.2047802069893696,0,0.18308558360453864,0.6874219029628464,0,1,0,0,0,0,0,0,0,0,0,0
2018-02-07,268.5,272.36,267.58,267.67,238.29,167376100.0,247.911,243.0776,-0.005425935973955576,37.73150548335031,0.02119482487159985,2.155132951258846,0,-12.670000000000016,-0.027563052170250013,-0.5285536190507308,0,0.180226932887677,0.30208185524369563,0,1,0,0,0,0,0,0,0,0,0,0
2018-02-08,268.01,268.17,257.59,257.63,229.36,246449500.0,247.177,243.0776,-0.03747534516765272,28.46505214869636,-1.2284043046223587,1.478425500082605,1,-21.319999999999993,-0.023239196620179925,0.4724294567742946,1,0.16059020142492741,0.46445880203534357,0,1,0,0,0,0,0,0,0,0,0,0
2018-02-09,260.8,263.61,252.92,261.5,232.8,283565300.0,246.52599999999998,243.0776,0.014998256016742317,35.07935259446052,-1.9190200977629388,0.7989363805134961,1,-12.419999999999987,-0.027903025124865977,0.15060205031862517,0,0.16815463101416128,0.5406759658569252,0,1,0,0,0,0,0,0,0,0,0,0
2018-02-12,263.83,267.01,261.66,265.34,236.22,143736000.0,245.96600000000004,243.0776,0.014690721649484484,40.927316706410274,-2.1654111596507164,0.2060668724806537,1,1.25,-0.007786367501425917,-0.49311146321499844,0,0.17567508136159726,0.2535369936360091,0,1,0,0,0,0,0,0,0,0,0,0
2018-02-13,263.97,266.62,263.31,266.0,236.81,81223600.0,245.47799999999998,243.0776,0.0024976716620099815,41.89964127473946,-2.286710012586724,-0.2924885045328218,1,-2.780000000000001,0.03218664932823678,-0.43491122613680633,0,0.17697246899463448,0.1251680016789387,0,1,0,0,0,0,0,0,0,0,0,0
2018-02-14,264.31,270.0,264.3,269.59,240.0,120735700.0,245.03199999999998,243.0776,0.013470714919133542,46.98099564733021,-2.1012124185897108,-0.6542332873441996,1,1.710000000000008,0.030659108230628007,0.4864608315809691,0,0.18398715806139498,0.20630595906190533,0,1,0,0,0,0,0,0,0,0,0,0
2018-02-15,271.57,273.04,268.77,273.03,243.07,111200300.0,244.76000000000005,243.0776,0.012791666666666535,51.38737718464204,-1.6870338202320738,-0.8607933939217745,1,13.70999999999998,0.028760053247810058,-0.07897746896733937,0,0.19073797167736828,0.18672504893995434,0,1,0,0,0,0,0,0,0,0,0,0
2018-02-16,272.32,275.32,272.27,273.11,243.14,160420100.0,244.435,243.0776,0.00028798288558840035,51.486382506200556,-1.3377254161600547,-0.9561797983694305,0,10.339999999999975,0.026550364471388477,0.44262290659287795,0,0.19089189902366077,0.2877977338845192,0,1,0,0,0,0,0,0,0,0,0,0
2018-02-20,272.03,273.67,270.5,271.4,241.62,86369700.0,243.93249999999998,243.0776,-0.006251542321296322,49.145788832527145,-1.1700595677712897,-0.9989557522498024,0,5.400000000000006,0.006828107230958613,-0.46160300361363693,0,0.1875494766470226,0.13573549979947608,0,1,0,0,0,0,0,0,0,0,0,0
2018-02-21,271.9,274.72,269.94,270.05,240.41,98883700.0,243.34300000000002,243.0776,-0.005007863587451422,47.302292397593405,-1.121887640198679,-1.0235421298395777,1,3.5999999999999943,-0.010971423023159343,0.14488877465129546,0,0.18488873251825133,0.1614329544700819,0,1,0,0,0,0,0,0,0,0,0,0
2018-02-22,271.1,273.05,269.64,270.4,240.73,110511300.0,242.7745,243.0776,0.001331059440123017,47.8593266722472,-1.0458339916423824,-1.0280005022001388,1,0.7299999999999898,-0.009928346468624727,0.11758864201076613,0,0.1855924003870173,0.18531018988065695,0,1,0,0,0,0,0,0,0,0,0,0
2018-02-23,271.79,274.71,271.25,274.71,244.56,92766400.0,242.392,243.0776,0.015909940597349737,54.111455989381604,-0.6688023981393485,-0.9561608813879808,1,1.490000000000009,0.012233136450021331,-0.16057090994314605,0,0.19401442519130963,0.14887110058990793,0,1,0,0,0,0,0,0,0,0,0,0
2018-02-26,275.93,278.01,275.26,277.9,247.4,86491400.0,242.00549999999998,243.0776,0.01161269218187777,58.12147931443038,-0.13923288872086914,-0.7927752828545586,0,4.260000000000019,0.028853692219350524,-0.06764302592317906,0,0.20025947752660744,0.13598541031836794,0,1,0,0,0,0,0,0,0,0,0,0
2018-02-27,278.11,278.92,274.36,274.43,244.31,99099200.0,241.54900000000004,243.0776,-0.012489894907033117,52.7230437974939,0.030762970666501133,-0.6280676321503467,0,2.6899999999999977,0.01503273787219439,0.14576940597562293,0,0.19346468466883626,0.16187548295669812,0,1,0,0,0,0,0,0,0,0,0,0
2018-02-28,275.68,276.19,271.29,271.65,241.84,121907800.0,241.099,243.0776,-0.01011010601285256,48.819594157880275,-0.03343700241367742,-0.5091415062030129,0,1.4300000000000068,-0.010987308738007906,0.23015927474692033,0,0.18803324830679913,0.20871286225987695,0,0,0,0,0,0,0,0,0,0,0,0
2018-03-01,271.41,273.17,266.0,267.7,238.32,176855100.0,240.467,243.0988,-0.0145550777373471,43.83840283949283,-0.364152798958969,-0.48014376475420417,1,-2.4099999999999966,-0.037155078657232776,0.4507283373172184,0,0.18029290175037382,0.3215469481654371,0,0,0,0,0,0,0,0,0,0,0,0
2018-03-02,265.8,269.72,264.82,269.08,239.55,139083200.0,239.91049999999996,243.1144,0.005161127895267015,45.91504958113618,-0.5209910691986295,-0.48831322564308927,1,-5.009999999999991,-0.019504055854932645,-0.21357540721189272,0,0.18299762512094286,0.2439824853180137,0,0,0,0,0,0,0,0,0,0,0,0
2018-03-05,267.73,272.89,267.61,272.19,242.32,97307400.0,239.76550000000003,243.2038,0.011563347944061775,50.36608498479443,-0.4169641747231765,-0.4740434154591067,1,-5.0800000000000125,0.00216939810198169,-0.3003655365996756,0,0.18908875010994808,0.1581960280039419,0,0,0,0,0,0,0,0,0,0,0,0
2018-03-06,273.3,273.39,271.18,272.88,242.93,79213200.0,240.16350000000003,243.308,0.0025173324529548236,51.31625933468806,-0.28204892492360045,-0.4356445173520055,0,-1.3799999999999955,0.019241808292283613,-0.18594885897680957,0,0.19043011698478318,0.12103965240054762,0,0,0,0,0,0,0,0,0,0,0,0
2018-03-07,270.42,273.18,270.2,272.78,242.84,87063500.0,240.32599999999996,243.40060000000003,-0.00037047709216653235,51.160641949849115,-0.1803113483008758,-0.3845778835417796,1,1.0,0.013710203304850066,0.09910343225624008,0,0.1902322103966927,0.13716021564177,0,0,0,0,0,0,0,0,0,0,0,0
2018-03-08,273.55,274.24,272.42,274.1,244.02,66901200.0,240.6125,243.518,0.0048591665294019926,53.16598507155583,-0.004416536436337992,-0.30854561412069126,1,5.700000000000017,0.007006021890190284,-0.2315815468020468,0,0.19282698566276713,0.09575700401438023,0,0,0,0,0,0,0,0,0,0,0,0
2018-03-09,275.7,278.87,275.34,278.87,248.27,113625300.0,241.558,243.726,0.0174166051962954,59.60012336031,0.4724744590294847,-0.15234159949065607,0,8.719999999999999,0.02190529463353086,0.698404512923535,0,0.20217257454481485,0.19170477784967296,0,0,0,0,0,0,0,0,0,0,0,0
2018-03-12,279.2,279.91,278.08,278.52,247.95,71924800.0,242.31550000000001,243.9254,-0.0012889193217062722,58.94350848795307,0.8151956154881077,0.041165843505096694,0,5.6299999999999955,0.02098685240399112,-0.3670001311327671,0,0.2014689066760489,0.10607294881885965,0,0,0,0,0,0,0,0,0,0,0,0
2018-03-13,279.84,280.41,276.03,276.72,246.35,91968900.0,242.82199999999997,244.083,-0.006452913893930212,55.6426561443749,0.946784035898844,0.22228948198384615,0,3.4199999999999875,0.009674771980658914,0.27868134496029184,0,0.19795056733221916,0.14723343716495924,0,0,0,0,0,0,0,0,0,0,0,0
2018-03-14,277.81,278.02,274.67,275.3,245.09,105895100.0,243.23600000000002,244.2334,-0.0051146742439618365,53.11985931339971,0.9385779945010029,0.3655471844872775,0,2.25,-0.01285650745959832,0.15142292666325252,0,0.1951798750989533,0.17583083953301026,0,0,0,0,0,0,0,0,0,0,0,0
2018-03-15,275.88,276.61,274.43,275.0,244.82,83433000.0,243.477,244.34439999999998,-0.001101636133665207,52.569826160779876,0.8999142527277684,0.47242059813537574,0,0.799999999999983,-0.012669224271557256,-0.21211651908350815,0,0.19458615533468193,0.12970499675239536,0,0,0,0,0,0,0,0,0,0,0,0
2018-03-16,1.10 Dividend,,,,,,236.1755,238.6064,0.0,52.569826160779876,0.8999142527277684,0.5579193290538542,0,0.0,-0.006216310377627043,0.0,0,0.1951798750989533,0.16443105929820115,1,1,0,0,0,0,1,0,0,0,1,1
2018-03-16,274.5,275.39,274.14,274.2,245.09,100343700.0,236.1755,238.6064,0.0011028510742587816,52.569826160779876,0.8864917377092638,0.6236338107849362,0,-2.859999999999985,1.2149405935746316e-06,0.20268598755887957,0,0.1951798750989533,0.16443105929820115,1,1,0,0,0,0,0,0,0,0,0,0
2018-03-19,273.35,274.4,268.62,270.49,241.77,109208400.0,236.1755,238.6064,-0.013546044310253302,45.357011793872715,0.5952055061789565,0.6179481498637402,1,-4.579999999999984,-0.01244319323599452,0.08834336385841857,0,0.18787932096050663,0.18263468934602914,1,1,0,0,0,0,0,0,0,0,0,0
2018-03-20,270.94,271.67,270.18,270.95,242.18,59757300.0,236.1755,238.6064,0.00169582661206924,46.33623082074394,0.39291338169022083,0.5729411962290364,0,-2.9099999999999966,-0.01074736662392528,-0.4528140692474205,0,0.18878089541736298,0.08108703067081774,1,1,0,0,0,0,0,0,0,0,0,0
2018-03-21,270.9,273.27,270.19,270.43,241.72,78709600.0,236.1755,238.6064,-0.0018994136592617172,45.35420784973051,0.19324959889490856,0.4970028767622109,0,-3.0999999999999943,-0.01374963135744578,0.3171545568491214,0,0.18776937285601192,0.12000551158449224,1,1,0,0,0,0,0,0,0,0,0,0
2018-03-22,267.91,268.87,263.36,263.67,235.67,148785900.0,236.1755,238.6064,-0.025028959126261796,34.88299597293076,-0.4480054970147762,0.30800120200681347,0,0.0,-0.025232546173454273,0.8903145232601868,0,0.17446565221215582,0.26390694539732384,1,1,0,0,0,0,1,0,0,0,0,0
2018-03-23,264.17,264.54,257.83,258.05,230.65,183534800.0,236.1755,238.6064,-0.021300971697712834,28.917197389898135,-1.3457637003968728,-0.02275177847392379,1,-14.439999999999998,-0.04822934448323635,0.2335496844795104,0,0.16342686252089011,0.33526368845337423,1,1,0,0,0,0,0,0,0,0,0,0
2018-03-26,262.13,265.43,259.41,265.11,236.96,141956100.0,236.1755,238.6064,0.02735746802514627,42.279847680596966,-1.5304373503355748,-0.32428889284625406,0,-4.810000000000002,-0.01897246279882836,-0.22654395787610848,0,0.17730231330811852,0.2498819752910985,1,1,0,0,0,0,0,0,0,0,0,0
2018-03-27,266.17,266.77,258.84,260.6,232.93,129941400.0,236.1755,238.6064,-0.017007089804186415,37.439086333793504,-1.9791652829048019,-0.6552641708579636,0,-9.25,-0.010950593476752979,-0.08463672924235033,0,0.16844049608584744,0.22520983140178036,1,1,0,0,0,0,0,0,0,0,0,0
2018-03-28,260.75,262.64,258.58,259.83,232.24,146452300.0,236.1755,238.6064,-0.00296226334091787,36.6650501389387,-2.3632208963661014,-0.9968555159595912,1,-9.47999999999999,0.007388114880041985,0.12706419970848404,0,0.1669232122438209,0.2591149060638313,1,1,0,0,0,0,0,0,0,0,0,0
2018-03-29,261.12,265.26,259.84,263.15,235.21,111601600.0,236.1755,238.6064,0.01278849466069576,42.20398158897587,-2.400264799831632,-1.2775373727339994,0,-0.45999999999997954,-0.0071808584844085255,-0.23796621835232357,0,0.17345412965080476,0.1875491170683956,1,1,0,0,0,0,0,0,0,0,0,0
2018-04-02,262.55,263.13,254.67,257.47,230.13,186286300.0,236.1755,238.6064,-0.02159772118532377,36.34851882009767,-2.807176521352062,-1.583465202457612,1,-0.5200000000000102,-0.011771489865545881,0.6692081475534402,0,0.1622834022341454,0.3409138839565045,1,1,0,0,0,0,0,0,0,0,0,0
2018-04-03,258.87,261.31,256.84,260.77,233.08,119956900.0,236.1755,238.6064,0.012818841524355973,41.43038425372272,-2.8586637502202166,-1.838504912010133,1,-3.8799999999999955,0.004009614999727962,-0.3560616105424822,0,0.16877034039933148,0.20470669602071404,1,1,0,0,0,0,0,0,0,0,0,0
2018-04-04,256.75,264.36,256.6,263.56,235.58,123715300.0,236.1755,238.6064,0.010725931010811651,45.40820063370512,-2.6669951830916148,-2.00420296622643,1,2.6500000000000057,0.0019470513498438535,0.031331253141753335,0,0.17426774562406544,0.2124245571070178,1,1,0,0,0,0,0,0,0,0,0,0
2018-04-05,265.55,266.64,264.32,265.64,237.43,82652600.0,236.1755,238.6064,0.007852958655233833,48.21120984908137,-2.3388560472148754,-2.0711335824241193,0,5.189999999999998,0.03139773119040146,-0.33191286768896,0,0.17833582549036853,0.12810244811687188,1,1,0,0,0,0,0,0,0,0,0,0
2018-04-06,263.42,265.11,258.0,259.72,232.14,179521200.0,236.1755,238.6064,-0.02228025102135378,41.62913089344355,-2.4771076524714033,-2.1523283964335764,1,-3.0700000000000216,-0.003701361355308297,1.1719970091684955,0,0.16670331603483146,0.32702177507108693,1,1,0,0,0,0,0,0,0,0,0,0
2018-04-09,261.37,264.84,259.94,261.0,233.29,105442900.0,236.1755,238.6064,0.00495390712501087,43.4370296944682,-2.46545739844197,-2.2149541968352553,1,3.1599999999999966,-0.009473385241109078,-0.412643743468738,0,0.16923212243820906,0.17490224843487634,1,1,0,0,0,0,0,0,0,0,0,0
2018-04-10,264.27,266.04,262.98,265.15,237.0,103529000.0,236.1755,238.6064,0.015902953405632525,48.932253714381716,-2.132278909975099,-2.1984191394632244,0,3.9199999999999875,-0.0014233904907103856,-0.018151056164047108,0,0.1773902717917143,0.1709720615646452,1,1,0,0,0,0,0,0,0,0,0,0
2018-04-11,263.47,265.64,263.39,263.76,235.75,91140200.0,236.1755,238.6064,-0.0052742616033755185,47.26606781574709,-1.9466572576437784,-2.1480667630993353,1,0.1699999999999875,0.015582598927267877,-0.11966502139497148,0,0.17464156917934737,0.1455317046505329,1,1,0,0,0,0,0,0,0,0,0,0
2018-04-12,265.26,267.0,265.06,265.93,237.69,68890500.0,236.1755,238.6064,0.00822905620360559,50.105659666151745,-1.624285225103364,-2.043310455500141,0,0.2599999999999909,0.018857748005862596,-0.2441260826726297,0,0.17890755563374083,0.09984202451751562,1,1,0,0,0,0,0,0,0,0,0,0
2018-04-13,267.41,267.54,264.01,265.15,237.0,85079200.0,236.1755,238.6064,-0.0029029408052505534,49.093105387399746,-1.4082469064451857,-1.9162977456891501,1,4.860000000000014,5.1853794979517254e-05,0.23499176228943042,0,0.1773902717917143,0.13308546262092272,0,1,0,0,0,0,0,0,0,0,0,0
2018-04-16,267,268.2,266.07,267.33,238.95,63405300.0,235.86849999999998,238.6064,0.008227848101265867,52.04266241684564,-1.067382162123863,-1.7465146289760929,1,5.659999999999997,0.013553963499620902,-0.25474969205164133,0,0.1816782478670067,0.08857818574820067,0,1,0,0,0,0,0,0,0,0,0,0
2018-04-17,269.33,270.87,268.75,270.19,241.5,64682000.0,235.85499999999996,238.6064,0.010671688637790444,55.66059373509099,-0.5847401868051634,-1.5141597405419072,1,4.5,0.015996595933805757,0.020135540719782075,0,0.18728560119623539,0.09119988467563894,0,1,0,0,0,0,0,0,0,0,0,0
2018-04-18,270.69,271.3,269.87,270.39,241.68,57303900.0,235.83,238.6064,0.0007453416149068026,55.91342375240922,-0.18557920686254192,-1.248443633806034,0,5.930000000000007,0.019644878353963113,-0.1140672830153675,0,0.18768141437241626,0.0760489824617028,0,1,0,0,0,0,0,0,0,0,0,0
2018-04-19,269.65,269.88,267.72,268.89,240.34,77655900.0,235.76100000000002,238.6064,-0.0055445216815623866,53.469100625477246,0.022374030492670727,-0.9942801009462932,0,2.6500000000000057,0.00587250857113486,0.35515907294267923,0,0.18473480517195884,0.11784174236710232,0,1,0,0,0,0,0,0,0,0,0,0
2018-04-20,268.81,269.06,265.61,266.61,238.3,99953100.0,235.8925,238.6064,-0.008487975368228318,49.893134685104684,0.022310338614346392,-0.7909620130341652,0,1.3000000000000114,-0.013287155434883902,0.28712821562817514,0,0.18024892250857594,0.16362896358185638,0,1,0,0,0,0,0,0,0,0,0,0
2018-04-23,267.26,267.89,265.35,266.57,238.27,65558000.0,236.2735,238.6064,-0.00012589173310950663,49.840345214472414,0.019613026303801462,-0.628847005166572,0,-0.6799999999999784,-0.01415838878290021,-0.34411238871030514,0,0.1801829536458791,0.0929987475725105,0,1,0,0,0,0,0,0,0,0,0,0
2018-04-24,267.73,267.98,261.28,262.98,235.06,112885500.0,236.17850000000004,238.6064,-0.013472111470180903,44.424152277283504,-0.2387921389116343,-0.5508360319155845,1,-6.439999999999998,-0.022085978571518727,0.7219179962781048,0,0.17312428533732072,0.1901856011703287,0,1,0,0,0,0,0,0,0,0,0,0
2018-04-25,262.91,264.13,260.85,263.63,235.64,103840900.0,236.314,238.6064,0.0024674551178420767,45.575003384787614,-0.39225724397886097,-0.5191202743282398,1,-6.0400000000000205,-0.011130548085448333,-0.0801218934229817,0,0.174399683349459,0.1716125471097756,0,1,0,0,0,0,0,0,0,0,0,0
2018-04-26,264.79,267.25,264.29,266.31,238.03,67731900.0,236.60350000000003,238.6064,0.01014259039212373,50.1554257410415,-0.3173679987297646,-0.4787698192085448,1,-2.3100000000000023,-0.0008620659602150971,-0.3477338890552759,0,0.1796552027443047,0.09746284352172177,0,1,0,0,0,0,0,0,0,0,0,0
2018-04-27,267,267.34,265.5,266.56,238.26,57053600.0,236.756,238.6064,0.0009662647565431559,50.58641662334757,-0.23672978095649455,-0.4303618115581348,0,-0.040000000000020464,0.013576310266508962,-0.15765540314091298,0,0.18016096402498016,0.07553499229836155,0,1,0,0,0,0,0,0,0,0,0,0
2018-04-30,267.26,267.89,264.43,264.51,236.42,82182300.0,237.07049999999998,238.6064,-0.007722655922101973,47.07926504346224,-0.31763454160756055,-0.4078163575680199,1,-1.8500000000000227,0.003386199226564912,0.44044021761992225,0,0.17611487377957602,0.1271366887328551,0,1,0,0,0,0,0,0,0,0,0,0
2018-05-01,263.87,265.1,262.11,264.98,236.84,74203400.0,237.2585,238.6064,0.0017764994501312525,47.96606053847628,-0.34389742198536055,-0.39503257045148804,0,1.7800000000000011,-0.004979891715427565,-0.09708781574621295,0,0.1770384378573313,0.11075204584718332,0,1,0,0,0,0,0,0,0,0,0,0
2018-05-02,264.76,265.68,262.76,263.2,235.25,86368900.0,237.24200000000002,238.6064,-0.006713393007937829,44.89870615490909,-0.48739230066328787,-0.41350451649384806,0,-0.38999999999998636,-0.01265954947990855,0.16394801316381735,0,0.17354208813440053,0.13573385700230997,0,1,0,0,0,0,0,0,0,0,0,0
2018-05-03,262.26,263.36,259.05,262.62,234.74,136311500.0,237.1075,238.6064,-0.0021679064824654537,43.9283470169256,-0.6349464956313682,-0.4577929123213521,1,-3.289999999999992,-0.00710480004027203,0.578247494179039,0,0.17242061746855486,0.23829080918643963,0,1,0,0,0,0,0,0,0,0,0,0
2018-05-04,261.52,266.79,261.15,266.02,237.77,91222100.0,237.38899999999998,238.6064,0.012907898100025461,50.73996833953784,-0.5016063749295938,-0.46655560484300046,1,-0.4899999999999807,0.004026598609622178,-0.3307820690110519,0,0.17908347260093238,0.14569988601041164,0,1,0,0,0,0,0,0,0,0,0,0
2018-05-07,266.89,268.02,266.11,266.92,238.58,55304900.0,237.65349999999998,238.6064,0.003406653488665423,52.40452978975308,-0.32680592281366216,-0.43860566843713283,0,2.160000000000025,0.01414664510622543,-0.393733536061985,0,0.18086463189374613,0.07194404304292856,0,1,0,0,0,0,0,0,0,0,0,0
2018-05-08,266.5,267.33,265.15,266.92,238.58,67499200.0,237.7325,238.6064,0.0,52.40452978975308,-0.18612971761953645,-0.38811047827361356,1,1.740000000000009,0.016314551588690884,0.2204922167836847,0,0.18086463189374613,0.09698499489603454,0,1,0,0,0,0,0,0,0,0,0,0
2018-05-09,267.68,269.87,267.09,269.5,240.88,59666100.0,237.98899999999998,238.6064,0.009640372202196268,57.170588983022256,0.10968360232027408,-0.2885516621548361,1,5.6299999999999955,0.013047025690861691,-0.11604730130134877,0,0.18592224470050134,0.08089975179388317,0,1,0,0,0,0,0,0,0,0,0,0
2018-05-10,270.34,272.39,270.22,272.02,243.14,72063900.0,238.2615,238.6064,0.009382265028229808,61.274142824785585,0.5204811196255719,-0.12674510579875448,1,8.399999999999977,0.019022637230426076,0.20778633093163457,0,0.19089189902366077,0.10635859017611402,0,1,0,0,0,0,0,0,0,0,0,0
2018-05-11,272.16,273.15,271.58,272.85,243.88,59871500.0,238.60550000000003,238.6064,0.003043514024841709,62.5397436320826,0.8954309566069298,0.0776901066823824,1,6.109999999999985,0.022066151255267785,-0.16918873388756372,0,0.19251913097018203,0.08132153996627747,0,1,0,0,0,0,0,0,0,0,0,0
2018-05-14,273.34,274.08,272.36,272.98,244.0,54790600.0,238.85800000000003,238.6064,0.0004920452681647092,62.752326891072286,1.1885633820868406,0.2998647617632741,0,5.4199999999999875,0.012917824321236226,-0.08486341581553825,0,0.19278300642096924,0.07088792981477668,0,1,0,0,0,0,0,0,0,0,0,0
2018-05-15,271.59,271.61,270.03,271.1,242.31,87036100.0,238.8985,238.6064,-0.006926229508196657,57.77930078259145,1.2698658421398932,0.4938649778385979,1,3.7299999999999898,-0.003390670215190239,0.5885224837837146,0,0.18906676048904913,0.13710394983883134,0,1,0,0,0,0,0,0,0,0,0,0
2018-05-16,271.14,272.76,271.11,272.24,243.33,53942600.0,238.981,238.6064,0.004209483719202822,59.84754201431381,1.4004604664875728,0.6751840755683929,0,2.450000000000017,-0.002224700520829126,-0.38022728500013214,0,0.19130970182074059,0.06914656481871836,0,1,0,0,0,0,0,0,0,0,0,0
2018-05-17,271.94,273.23,271.13,272.01,243.13,56536400.0,239.1205,238.6064,-0.0008219290675215429,59.234814600750525,1.4708641127259057,0.8343200829998954,0,-0.009999999999990905,-0.003538674856515378,0.04808444531780087,0,0.19086990940276183,0.07447292393048258,0,1,0,0,0,0,0,0,0,0,0,0
2018-05-18,271.62,272.03,270.93,271.33,242.52,64368000.0,239.3315,238.6064,-0.0025089458314481172,57.307652980474366,1.4606007117704962,0.9595762087540156,1,-1.3599999999999852,0.0008786088202331621,0.13852314615009087,0,0.18952854252792684,0.09055508678794755,0,1,0,0,0,0,0,0,0,0,0,0
2018-05-21,273.01,273.98,272.57,273.37,244.34,58025900.0,239.635,238.6064,0.007504535708395155,61.34817388455945,1.581099748494637,1.08388091670214,0,0.3400000000000034,0.0041736608094254946,-0.09852877206065125,0,0.1935306535315331,0.07753160690410152,0,1,0,0,0,0,0,0,0,0,0,0
2018-05-22,273.96,274.25,272.24,272.61,243.66,52966400.0,240.065,238.6064,-0.0027830072849308607,59.0976693665239,1.603244580703091,1.1877536495023302,1,1.3499999999999943,0.002212582592016177,-0.08719382206911053,0,0.1920353593104055,0.06714194157679368,0,1,0,0,0,0,0,0,0,0,0,0
2018-05-23,271.17,273.39,270.99,273.36,244.33,64694200.0,240.49950000000004,238.6064,0.0027497332348354053,60.630141807383204,1.6557712204025279,1.2813571636823697,0,1.0,0.007471261658299699,0.22141961696471735,0,0.19350866391063415,0.09122493733242185,0,1,0,0,0,0,0,0,0,0,0,0
2018-05-24,272.91,273.22,270.78,272.8,243.83,76043800.0,240.7895,238.6064,-0.002046412638644468,58.857875088104024,1.6381693430114694,1.3527195995481898,0,0.700000000000017,-0.0020796866887399235,0.17543458300744108,0,0.19240918286568742,0.11453130072777967,0,1,0,0,0,0,0,0,0,0,0,0
2018-05-25,272.15,272.86,271.58,272.15,243.25,56374800.0,241.03900000000004,238.6064,-0.002378706475823389,56.784338322203205,1.5594422955625191,1.3940641387510557,0,0.7299999999999898,-0.0016753858796324517,-0.2586535654451777,0,0.19113378485354915,0.07414107890293184,0,0,0,0,0,0,0,0,0,0,0,0
2018-05-29,270.31,271.17,267.76,269.02,240.46,115908600.0,241.24100000000004,238.5138,-0.011469681397738962,48.02049359877054,1.257426035645949,1.3667365181300344,1,-3.8799999999999955,-0.01589480051220682,1.0560356755145914,0,0.18499868062274605,0.19639352631134743,0,0,0,0,0,0,0,0,0,0,0,0
2018-05-30,270.5,273.11,270.42,272.61,243.66,69678400.0,241.58200000000002,238.5516,0.013307826665557743,56.34294067329509,1.2617446236241676,1.3457381392288612,0,0.0,-0.0005405612080046085,-0.39885047356279,0,0.1920353593104055,0.1014599743764712,0,0,0,0,0,0,0,0,0,0,0,0
2018-05-31,272.15,272.49,270.26,270.94,242.17,93519900.0,241.92800000000003,238.55140000000003,-0.006115078387917583,52.15557755642408,1.1318888777538234,1.3029682869338537,1,-2.160000000000025,-0.0042769331200988026,0.34216486027233683,0,0.18875890579646404,0.15041841017072155,0,0,0,0,0,0,0,0,0,0,0,0
2018-06-01,272.41,273.94,272.33,273.6,244.55,71258400.0,242.41850000000005,238.608,0.009827806912499515,57.57882232825011,1.2071085768268688,1.2837963449124568,1,0.7199999999999989,0.017020555190139675,-0.2380402459797326,0,0.1939924355704108,0.10470449877950438,0,0,0,0,0,0,0,0,0,0,0,0
2018-06-04,274.53,275.19,274.26,274.9,245.71,45385200.0,242.81550000000001,238.80880000000002,0.00474340625638936,59.9610138641344,1.3448207789288062,1.2960012317157266,1,2.460000000000008,0.008456134780971292,-0.36308982519955546,0,0.19654323159468734,0.05157397423231575,0,0,0,0,0,0,0,0,0,0,0,0
2018-06-05,275.05,275.53,274.18,275.1,245.89,51135000.0,243.18099999999998,239.11360000000002,0.0007325709169345718,60.33325105578514,1.4517483358015397,1.327150652532889,1,5.429999999999978,0.015303784085823446,0.1266888765500649,0,0.1969390447708681,0.06338116816431585,0,0,0,0,0,0,0,0,0,0,0,0
2018-06-06,275.79,277.52,275.09,277.4,247.95,62732200.0,243.6495,239.3334,0.008377729879214257,64.41109596059235,1.6833098309490993,1.398382488216131,0,4.289999999999992,0.013853707052538189,0.22679573677520293,0,0.2014689066760489,0.08719597728257938,0,0,0,0,0,0,0,0,0,0,0,0
2018-06-07,277.95,278.28,276.34,277.37,247.92,72969400.0,244.0015,239.6332,-0.0001209921355111998,64.30741384296644,1.8431564743729894,1.4873372854475027,1,5.75,0.00898930866063763,0.1631889205224748,0,0.20140293781335206,0.10821803121848525,0,0,0,0,0,0,0,0,0,0,0,0
2018-06-08,276.85,278.25,276.66,278.19,248.65,72139700.0,244.277,239.96140000000003,0.0029444982252340157,65.75206774353443,2.0056214346125216,1.5909941152805067,1,4.099999999999994,0.011201235968937073,-0.011370519697297743,0,0.20300818013897437,0.1065142452076013,0,0,0,0,0,0,0,0,0,0,0,0
2018-06-11,278.44,279.37,278.31,278.56,248.98,58892500.0,244.53199999999998,240.23680000000002,0.0013271667001808485,66.41385996091034,2.136377498223453,1.700070791869096,1,3.269999999999982,0.004150672789903664,-0.1836325906539672,0,0.20373383762863928,0.07931116693427148,0,0,0,0,0,0,0,0,0,0,0,0
2018-06-12,279.03,279.33,278.19,278.92,249.3,72329000.0,244.79699999999997,240.6202,0.0012852437946824224,67.07820174858654,2.2400025908163173,1.8080571516585402,0,3.410000000000025,0.005556908720097287,0.2281529906184998,0,0.20443750549740525,0.10690297208702801,0,0,0,0,0,0,0,0,0,0,0,0
2018-06-13,279.19,279.48,277.8,278.03,248.51,79070600.0,245.10700000000003,240.92880000000002,-0.0031688728439631664,63.72688143567651,2.2326433033512956,1.8929743819970914,1,0.5600000000000023,-0.0005564623490998954,0.09320742717305652,0,0.20270032544638927,0.1207468238056916,0,0,0,0,0,0,0,0,0,0,0,0
2018-06-14,279.01,279.33,278.06,278.73,249.13,77097600.0,245.39700000000002,241.19980000000004,0.002494869421753698,65.19650681987221,2.2508929407692904,1.9645580937515312,0,1.210000000000008,0.0006112403724729543,-0.02495238432489444,0,0.20406368194212332,0.11669527529481535,0,0,0,0,0,0,0,0,0,0,0,0
2018-06-15,276.6,277.51,275.35,277.13,248.82,120041600.0,245.6815,241.4276,-0.001244330269337346,63.804542710779316,2.214810543409925,2.01460858368321,0,0.1699999999999875,-0.001918333691546814,0.5570082596604824,0,0.2033820036942563,0.2048806271706741,0,0,0,0,0,0,0,0,0,0,0,0
2018-06-15,1.25 Dividend,,,,,,246.652,251.32879999999997,0.0,63.804542710779316,2.214810543409925,2.0546489756285533,0,0.0,0.0012505391524163523,0.0,0,0.20226053302841052,0.06704173094966204,1,1,0,0,0,0,1,0,0,0,1,1
2018-06-18,275.49,276.7,274.95,276.56,248.31,52917600.0,246.652,251.32879999999997,-0.002049674463467488,63.804542710779316,2.1239243344671195,2.068504047396267,0,-0.9900000000000091,-0.003294004732804834,-0.5591728200890358,0,0.20226053302841052,0.06704173094966204,1,1,0,0,0,0,0,0,0,0,0,0
2018-06-19,274,275.75,273.53,275.5,247.35,97531500.0,246.652,251.32879999999997,-0.00386613507309419,58.93756364098803,1.947524642393745,2.0443081663957625,1,-1.1599999999999966,-0.005915809536561678,0.8430824527189442,0,0.20014952942211273,0.15865621656009363,1,1,0,0,0,0,0,0,0,0,0,0
2018-06-20,276.27,276.72,275.59,275.97,247.78,53785500.0,246.652,251.32879999999997,0.0017384273296947583,60.394838824170606,1.8214277367249565,1.9997320804616014,0,-1.3499999999999943,-0.00417738220686692,-0.4485320127343474,0,0.20109508312076696,0.06882396052522691,1,1,0,0,0,0,0,0,0,0,0,0
2018-06-21,275.96,275.98,273.68,274.24,246.22,71061400.0,246.652,251.32879999999997,-0.006295907660020972,53.040475367203875,1.577432409073026,1.9152721461838864,1,-2.5999999999999943,-0.008423615403420404,0.32119995165983406,0,0.197664702260533,0.10429995997735403,1,1,0,0,0,0,0,0,0,0,0,0
2018-06-22,275.66,275.79,274.49,274.74,246.67,54898500.0,246.652,251.32879999999997,0.001827633823410002,54.752129473933934,1.4041889767636917,1.8130555122998475,0,0.0,-0.0027298465069162114,-0.22744978286383322,0,0.19865423520098513,0.07110950208255343,1,1,0,0,0,0,1,0,0,0,0,0
2018-06-25,273.44,273.62,269.1,271.0,243.31,137854200.0,246.652,251.32879999999997,-0.013621437548141158,42.342026146851126,0.9844206012875816,1.6473285300973943,1,-5.0,-0.018089711384752127,1.5110740730621055,0,0.1912657225789427,0.24145873817160374,1,1,0,0,0,0,0,0,0,0,0,0
2018-06-26,271.64,272.56,270.79,271.6,243.85,68547400.0,246.652,251.32879999999997,0.0022193909004972756,44.51853996991583,0.68740069911928,1.4553429639017716,0,-3.5,-0.00957441282423388,-0.5027543593158569,0,0.1924531621074852,0.09913746988290759,1,1,0,0,0,0,0,0,0,0,0,0
2018-06-27,272.26,273.87,269.18,269.35,241.83,105110700.0,246.652,251.32879999999997,-0.008283781012917713,38.64220850012804,0.2857195712196585,1.221418285365349,1,-5.949999999999989,-0.019685827660561594,0.5334017045139567,0,0.1880112586859003,0.17422007691165634,1,1,0,0,0,0,0,0,0,0,0,0
2018-06-28,269.29,271.75,268.49,270.89,243.21,76650500.0,246.652,251.32879999999997,0.0057064880287804876,44.0734122485754,0.07784154142686361,0.992702936577652,1,-3.009999999999991,-0.00035790208363994935,-0.2707640611279346,0,0.19104582636995338,0.11577715702861527,1,1,0,0,0,0,0,0,0,0,0,0
2018-06-29,272.12,273.66,271.15,271.28,243.56,97592500.0,246.652,251.32879999999997,0.0014390855639159206,45.39362334228409,-0.057992716005401235,0.7825638060610414,1,-3.109999999999985,-0.0011382074202213044,0.27321413428483843,0,0.19181546310141606,0.1587814798440082,1,1,0,0,0,0,0,0,0,0,0,0
2018-07-02,269.51,272.04,269.24,271.86,244.09,63554800.0,246.652,251.32879999999997,0.0021760551814749007,47.4178354749803,-0.12147547933832925,0.6017559489811672,0,0.7800000000000011,0.009321628774171309,-0.348773727489305,0,0.19298091300905973,0.08888518346861427,1,1,0,0,0,0,0,0,0,0,0,0
2018-07-03,272.87,272.98,270.42,270.9,243.22,42187100.0,246.652,251.32879999999997,-0.0035642590847638767,44.50163928155031,-0.23923006053263407,0.43355874707840697,1,-0.6299999999999955,5.088166062694466e-05,-0.3362090668210741,0,0.19106781599085232,0.04500668721121422,1,1,0,0,0,0,0,0,0,0,0,0
2018-07-05,272.17,273.18,270.96,273.11,245.21,56925900.0,246.652,251.32879999999997,0.00818189293643612,51.80314194566734,-0.17001521604913705,0.3128439544528982,1,3.3799999999999955,0.006793689033147143,0.3493674606692567,0,0.1954437505497405,0.07527276080072398,1,1,0,0,0,0,0,0,0,0,0,0
2018-07-06,273.14,275.84,272.71,275.42,247.28,66493700.0,246.652,251.32879999999997,0.008441743811426816,57.99393199924768,0.05127863892852247,0.26053089134802304,1,4.069999999999993,0.013059377663099059,0.1680746373794706,0,0.19999560207582023,0.09492020420790173,1,1,0,0,0,0,0,0,0,0,0,0
2018-07-09,276.55,277.96,276.5,277.9,249.51,50550400.0,246.652,251.32879999999997,0.009018117114202528,63.44185215968559,0.4019643812736433,0.2888175893331471,1,5.949999999999989,0.025641753862065464,-0.23977158738346638,0,0.20489928753628284,0.06218069413519358,1,1,0,0,0,0,0,0,0,0,0,0
2018-07-10,278.41,279.01,278.08,278.9,250.41,51966800.0,246.652,251.32879999999997,0.003607069856919498,65.39263772011137,0.7439322491363498,0.37984052129378765,0,6.319999999999993,0.021066930782548843,0.028019560676077804,0,0.20687835341718708,0.06508926651776079,1,1,0,0,0,0,0,0,0,0,0,0
2018-07-11,277.15,278.04,276.52,276.86,248.57,77054700.0,246.652,251.32879999999997,-0.007347949363044615,58.51764582478331,0.8565973051639446,0.4751918780678191,1,5.349999999999994,0.005277237608077412,0.4827678440850698,0,0.20283226317178282,0.11660718029678363,1,1,0,0,0,0,0,0,0,0,0,0
2018-07-12,278.28,279.43,277.6,279.37,250.83,60124700.0,246.652,251.32879999999997,0.009092006275898123,63.582109086204014,1.1153907558390301,0.6032316536220613,1,5.6200000000000045,0.005351126769773007,-0.21971404729367583,0,0.20780191749494237,0.08184148526934584,1,1,0,0,0,0,0,0,0,0,0,0
2018-07-13,279.17,279.93,278.66,279.59,251.03,48216000.0,246.652,251.32879999999997,0.0007973527887412679,64.00096736172245,1.321392567554966,0.7468638364086424,0,3.75,0.0025414097015947767,-0.19806668474021494,0,0.20824170991292112,0.05738701200453495,1,1,0,0,0,0,0,0,0,0,0,0
2018-07-16,279.64,279.8,278.84,279.34,250.8,48201000.0,246.652,251.32879999999997,-0.0009162251523722187,63.10213461968147,1.4493838152804983,0.8873678321830136,1,1.2900000000000205,0.008973133912267173,-0.0003111000497759697,0,0.20773594863224554,0.0573562095576707,0,1,0,0,0,0,0,0,0,0,0,0
2018-07-17,278.47,280.91,278.41,280.47,251.82,52315500.0,246.82749999999996,251.32879999999997,0.004066985645932997,65.4214316570164,1.614512185261674,1.0327967027987457,1,1.4099999999999966,0.003948113282302046,0.08536129955810035,0,0.209978889963937,0.06580532073253148,0,1,0,0,0,0,0,0,0,0,0,0
2018-07-18,280.56,281.18,280.06,281.06,252.35,44593500.0,247.07750000000001,251.32879999999997,0.0021046779445634822,66.59635458089676,1.7677664673237246,1.1797906557037416,0,3.780000000000001,0.00525543843812426,-0.14760443845514237,0,0.21114433987158054,0.04994822108682121,0,1,0,0,0,0,0,0,0,0,0,0
2018-07-19,280.31,280.74,279.46,280.0,251.39,61412100.0,247.25800000000004,251.32879999999997,-0.00380424014265901,62.45672373039889,1.7911108026449938,1.302054685091992,0,0.5599999999999739,0.002367423447837469,0.37715362104342565,0,0.20903333626528275,0.08448515660888059,0,1,0,0,0,0,0,0,0,0,0,0
2018-07-20,279.77,280.48,279.5,279.68,251.11,82337700.0,247.5025,251.32879999999997,-0.0011138072317911085,61.260633013702815,1.7666528225959155,1.3949743125927767,1,0.0800000000000125,-0.0028133694298866363,0.3407406683699141,0,0.20841762688011256,0.12745580208236862,0,1,0,0,0,0,0,0,0,0,0,0
2018-07-23,279.45,280.43,279.06,280.2,251.57,47047600.0,247.7475,251.32879999999997,0.001831866512683522,62.53018631215574,1.7640529485107947,1.4687900397763805,1,0.7699999999999818,-0.0030861808617665965,-0.4286019648350634,0,0.20942914944146362,0.05498770674345648,0,1,0,0,0,0,0,0,0,0,0,0
2018-07-24,281.79,282.56,280.63,281.61,252.84,68026900.0,248.224,251.32879999999997,0.005048296696744448,65.8570152814317,1.8432233839311323,1.543676708607331,1,1.0200000000000102,0.005766355977636861,0.4459164760795449,0,0.21222183129562844,0.09806862497671848,0,1,0,0,0,0,0,0,0,0,0,0
2018-07-25,281.33,284.37,281.28,284.01,254.99,78882900.0,248.781,251.32879999999997,0.008503401360544283,70.61378394240535,2.055756079671511,1.6460925828201671,0,2.640000000000015,0.015383564569972252,0.1595839292985568,0,0.2169495997888996,0.12036138252059708,0,1,0,0,0,0,0,0,0,0,0,0
2018-07-26,283.2,284.11,283.09,283.34,254.39,57919500.0,249.40900000000002,251.32879999999997,-0.002353033452292319,67.77597097512142,2.1509796324062904,1.7470699927373918,0,3.0,0.011198664604996411,-0.26575341423806675,0,0.21563022253496344,0.07731311488101117,0,1,0,0,0,0,0,0,0,0,0,0
2018-07-27,283.71,283.82,280.38,281.42,252.67,76768700.0,249.882,251.32879999999997,-0.006761272062581036,60.295314232037654,2.0638644143790543,1.8104288770657244,0,1.5599999999999739,-0.0006109041543290727,0.32543789224699804,0,0.2118480077403465,0.11601988030990548,0,1,0,0,0,0,0,0,0,0,0,0
2018-07-30,281.51,281.69,279.36,279.95,251.35,63742500.0,250.27149999999997,251.32879999999997,-0.005224205485415689,55.25491366846799,1.866792782997294,1.8217016582520384,1,-0.21999999999999886,-0.014338511000289045,-0.16968113306595,0,0.20894537778168698,0.08927062475370875,0,1,0,0,0,0,0,0,0,0,0,0
2018-07-31,280.81,282.02,280.38,281.33,252.59,68570500.0,250.69649999999996,251.32879999999997,0.004933359856773567,58.743920954856726,1.790035319287938,1.8153683904592184,0,-0.25,-0.007052117691223159,0.07574224418559039,0,0.21167209077315507,0.09918490565107851,0,1,0,0,0,0,0,0,0,0,0,0
2018-08-01,281.56,282.13,280.13,280.86,252.17,53853300.0,251.144,251.32879999999997,-0.001662773664832362,57.11930130733567,1.6759941688685274,1.7874935461410804,1,-2.8200000000000216,-0.0019536192934744845,-0.21462873976418428,0,0.21074852669539967,0.06896318758505326,0,1,0,0,0,0,0,0,0,0,0,0
2018-08-02,279.39,282.58,279.16,282.39,253.54,63426400.0,251.5605,251.32879999999997,0.005432842923424719,60.91629963243974,1.676833789834859,1.7653615948798362,1,-0.8499999999999943,0.008703429115365924,0.17776255122712992,0,0.21376110475855392,0.08862151452345637,0,1,0,0,0,0,0,0,0,0,0,0
2018-08-03,282.53,283.66,282.33,283.6,254.63,53935400.0,251.92799999999997,251.32879999999997,0.004299124398517096,63.672463968876784,1.7453339625026558,1.7613560684044,1,1.960000000000008,0.008069193657109452,-0.14963800562541785,0,0.21615797343653786,0.06913177964422354,0,1,0,0,0,0,0,0,0,0,0,0
2018-08-06,283.64,284.99,283.2,284.64,255.56,39400900.0,252.23050000000003,251.32879999999997,0.003652358323842364,65.88311379592287,1.8533003774133192,1.779744930206184,1,4.210000000000008,0.013384325645784179,-0.26947978507622083,0,0.21820300818013894,0.03928523538100471,0,1,0,0,0,0,0,0,0,0,0,0
2018-08-07,285.39,286.01,285.24,285.58,256.4,43196600.0,252.53000000000003,251.32879999999997,0.0032868993582719774,67.78971391342672,1.9837777637117995,1.820551496907307,0,3.809999999999974,0.011238382080631437,0.09633536289780187,0,0.22005013633564952,0.047079691885177515,0,1,0,0,0,0,0,0,0,0,0,0
2018-08-08,285.39,285.91,284.94,285.46,256.3,42114600.0,252.91649999999998,251.32879999999997,-0.0003900156006239053,67.30747866874222,2.0554192741882957,1.867525052363505,0,4.130000000000024,0.006549242081490436,-0.025048267687734715,0,0.2198302401266602,0.044857808718037066,0,1,0,0,0,0,0,0,0,0,0,0
2018-08-09,285.53,285.97,284.92,285.07,255.95,35717000.0,253.17249999999999,251.32879999999997,-0.0013655872024971316,65.54987976069148,2.0602048533457946,1.906061012559963,0,2.4099999999999966,0.0015312965551509405,-0.15190931410959618,0,0.2190606033951974,0.03172035978079336,0,1,0,0,0,0,0,0,0,0,0,0
2018-08-10,283.45,284.06,282.36,283.16,254.23,77076000.0,253.33249999999998,251.32879999999997,-0.006720062512209357,57.59093215405637,1.9032681435307666,1.9055024387541237,0,-0.4000000000000057,-0.008475665315330394,1.1579639947364,0,0.21527838860058046,0.11665091977133085,0,1,0,0,0,0,0,0,0,0,0,0
2018-08-13,283.47,284.16,281.77,282.1,253.28,65732900.0,253.4565,251.32879999999997,-0.0037367737875152462,53.71181066674737,1.6828388906154998,1.8609697291263991,1,-2.280000000000001,-0.011822423502221735,-0.14716773055166332,0,0.21318937461518161,0.09335790410294753,0,1,0,0,0,0,0,0,0,0,0,0
2018-08-14,282.92,284.17,282.48,283.9,254.9,43842000.0,253.6105,251.32879999999997,0.00639608338597597,58.80719274861155,1.620191027042381,1.8128139887095958,0,-1.4999999999999716,-0.004060752913748633,-0.33302805748719444,0,0.21675169320080923,0.048405018498922835,0,1,0,0,0,0,0,0,0,0,0,0
2018-08-15,282.38,282.54,280.16,281.78,252.99,102925400.0,253.64249999999998,251.32879999999997,-0.0074931345625735,51.59573006036907,1.400279555273812,1.7303071020224392,1,-3.3100000000000023,-0.004833824964112776,1.3476438118698963,0,0.21255167560911248,0.16973257110282822,0,1,0,0,0,0,0,0,0,0,0,0
2018-08-16,283.4,285.04,283.36,284.06,255.04,69967900.0,253.82499999999996,251.32879999999997,0.008103087078540572,57.60489112625825,1.3755594043979045,1.6593575624975323,1,-0.9099999999999966,0.007006035901943042,-0.3202076455374475,0,0.21705954789339432,0.10205446160095102,0,1,0,0,0,0,0,0,0,0,0,0
2018-08-17,283.83,285.56,283.37,285.06,255.94,65618500.0,254.0665,251.32879999999997,0.003528858218318609,59.95532621741976,1.4123107459691937,1.6099481991918647,1,1.710000000000008,0.004138810734285681,-0.06216279179452289,0,0.21903861377429845,0.09312298410819625,0,1,0,0,0,0,0,0,0,0,0,0
2018-08-20,285.57,285.97,285.06,285.67,256.48,39807500.0,254.31199999999998,251.32879999999997,0.0021098695006642743,61.34025495420042,1.4680867458216937,1.5815759085178307,1,3.200000000000017,0.013741814797523455,-0.3933494365156168,0,0.22022605330284106,0.04012018704067135,0,1,0,0,0,0,0,0,0,0,0,0
2018-08-21,286.25,287.31,285.71,286.34,257.09,67272000.0,254.5245,251.32879999999997,0.0023783530879599724,62.90111609869243,1.5437165263805355,1.5740040320903717,0,2.1899999999999693,0.008017080806942856,0.6899328016077373,0,0.22156742017767606,0.09651844050086422,0,1,0,0,0,0,0,0,0,0,0,0
2018-08-22,285.88,286.76,285.58,286.17,256.93,44993300.0,254.62150000000003,251.32879999999997,-0.0006223501497528705,62.19184291331104,1.5726148840676046,1.5737262024858183,0,3.9399999999999977,0.003865872438871376,-0.3311734451183256,0,0.22121558624329318,0.05076920897057607,0,1,0,0,0,0,0,0,0,0,0,0
2018-08-23,285.97,286.94,285.43,285.79,256.59,49204900.0,254.7315,251.32879999999997,-0.001323317635153698,60.627371796961235,1.5502120032347477,1.5690233626356043,1,1.549999999999983,0.0004326853030534039,0.09360504786268176,0,0.22046793913272922,0.05941771465147134,0,1,0,0,0,0,0,0,0,0,0,0
2018-08-24,286.44,287.67,286.38,287.51,258.14,57487400.0,255.00499999999997,251.32879999999997,0.006040765423438232,64.95542317643088,1.6386403786137294,1.5829467658312293,1,2.1999999999999886,0.004095097638531664,0.1683267316872914,0,0.22387633037206434,0.07642579906167532,0,1,0,0,0,0,0,0,0,0,0,0
2018-08-27,288.86,289.9,288.68,289.78,260.17,57072400.0,255.446,251.32879999999997,0.007863949794685077,69.65945642133916,1.851185226803949,1.6365944580257734,1,3.6899999999999977,0.012581397582969611,-0.007218973201084111,0,0.2283402234145483,0.07557359803176472,0,0,0,0,0,0,0,0,0,0,0,0
2018-08-28,290.3,290.42,289.4,289.92,260.3,46943500.0,255.8315,251.5686,0.0004996732905406809,69.9377499089635,2.0069832106931074,1.7106722085592403,1,3.2100000000000364,0.01440438850866399,-0.17747457615239592,0,0.22862608848623445,0.054773937762218665,0,0,0,0,0,0,0,0,0,0,0,0
2018-08-29,290.16,291.74,289.89,291.48,261.7,61485500.0,256.308,251.85559999999998,0.005378409527468264,72.82821195489312,2.2178564663248608,1.8121090601123646,0,4.769999999999982,0.013742032612694022,0.30977664639406943,0,0.2317046354120854,0.08463588324886959,0,0,0,0,0,0,0,0,0,0,0,0
2018-08-30,290.94,291.36,289.63,290.3,260.64,61229500.0,256.663,252.11280000000002,-0.004050439434466924,67.53366708434706,2.273237433371662,1.904334734764224,1,4.050000000000011,0.0018276433835420214,-0.004163583283863681,0,0.2293737355967983,0.08411018815571991,0,0,0,0,0,0,0,0,0,0,0,0
2018-08-31,289.84,290.81,289.29,290.31,260.65,66140800.0,256.964,252.4014,3.836709637816682e-05,67.55762893688316,2.2915189610195057,1.9817715800152804,0,2.509999999999991,0.0013663371893795073,0.08021133603900088,0,0.22939572521769713,0.09419552530800906,0,0,0,0,0,0,0,0,0,0,0,0
2018-09-04,289.84,290.21,288.68,289.81,260.2,57594400.0,257.19599999999997,252.67199999999997,-0.0017264530980241055,65.2247262897296,2.243830483125123,2.034183360637249,0,0.029999999999972715,-0.005738525436112862,-0.1292152498911413,0,0.22840619227724512,0.07664552318264023,0,0,0,0,0,0,0,0,0,0,0,0
2018-09-05,289.41,289.64,287.89,289.03,259.5,72452400.0,257.351,252.99579999999997,-0.0026902382782474366,61.65790623593276,2.125056541947231,2.0523579968992456,0,-0.8000000000000114,-0.004378324279893375,0.257976469934577,0,0.22686691881431964,0.10715637354989782,0,0,0,0,0,0,0,0,0,0,0,0
2018-09-06,289.15,289.49,287.0,288.16,258.72,65909900.0,257.472,253.29319999999998,-0.0030057803468207522,57.86094877811103,1.9455606445349645,2.0309985264263894,0,-2.9799999999999613,-0.007422471723092294,-0.09030066636853995,0,0.22515172838420272,0.09372137297594554,0,0,0,0,0,0,0,0,0,0,0,0
2018-09-07,286.98,288.7,286.71,287.6,258.22,73524800.0,257.5855,253.62099999999998,-0.0019325912183054683,55.50149369258311,1.7428722845164089,1.9733732780443936,1,-2.419999999999959,-0.007628609843373657,0.11553499550143442,0,0.22405224733925588,0.10935854315104515,0,0,0,0,0,0,0,0,0,0,0,0
2018-09-10,288.74,289.04,287.88,288.1,258.67,50210900.0,257.8075,253.9302,0.0017427000232359546,57.19335421065461,1.6001065063307465,1.898719923701664,1,-1.9799999999999613,-0.003195671541890266,-0.3170889278175527,0,0.225041780279708,0.06148353208783298,0,0,0,0,0,0,0,0,0,0,0,0
2018-09-11,287.37,289.55,286.98,289.05,259.52,50530500.0,258.11949999999996,254.24939999999998,0.003286040128348766,60.26639410067231,1.5378244122384785,1.826540821409027,1,-0.6800000000000068,0.0030961489332792524,0.006365151789750723,0,0.22691089805611742,0.062139829555687025,0,0,0,0,0,0,0,0,0,0,0,0
2018-09-12,289.06,289.8,288.23,289.12,259.58,59810800.0,258.3535,254.55919999999998,0.00023119605425403478,60.48205349229558,1.4762891600324224,1.7564904891337063,1,0.07999999999998408,0.0052599362058387555,0.18365739503863998,0,0.22704283578151108,0.08119689273130021,0,0,0,0,0,0,0,0,0,0,0,0
2018-09-13,290.32,291.04,290.0,290.83,261.12,51034200.0,258.76000000000005,254.9172,0.00593266045149865,65.63732470564145,1.5341029748564097,1.712012986278247,1,2.3999999999999773,0.009449896634101451,-0.1467393848602594,0,0.23042923739994725,0.06317417572138817,0,0,0,0,0,0,0,0,0,0,0,0
2018-09-14,291.06,291.27,290.0,290.88,261.16,55079900.0,259.06600000000003,255.23620000000003,0.00015318627450988664,65.76226030040024,1.565106926928138,1.6826317744082253,0,2.9399999999999977,0.006317042780262572,0.079274290573772,0,0.23051719588354302,0.07148200633996496,0,0,0,0,0,0,0,0,0,0,0,0
2018-09-17,290.82,290.86,289.03,289.34,259.78,68244000.0,259.258,255.4862,-0.005284117016388645,57.93604416977429,1.4614763261076291,1.638400684748106,1,1.1099999999999568,0.0008017297096198917,0.23900007080622876,0,0.22748262819948972,0.09851443905766691,0,0,0,0,0,0,0,0,0,0,0,0
2018-09-18,289.58,291.58,289.55,290.91,261.19,61930400.0,259.4935,255.7198,0.005427669566556492,62.80647277483011,1.4761078915490202,1.605942126108289,1,1.670000000000016,0.0002967388246777336,-0.09251509290194004,0,0.23058316474623974,0.08554948382286293,0,0,0,0,0,0,0,0,0,0,0,0
2018-09-19,290.97,291.69,290.83,291.22,261.47,49080600.0,259.7125,255.94099999999997,0.0010720165396838066,63.705194306156024,1.4930858087290062,1.5833708626324325,1,1.8900000000000432,0.0012155690898516536,-0.20748776045367057,0,0.23119887413141005,0.05916246504178969,0,0,0,0,0,0,0,0,0,0,0,0
2018-09-20,292.64,293.94,291.24,293.58,263.59,100360600.0,260.0455,256.2414,0.008108004742417574,69.67914618186114,1.6584891819187533,1.5983945264896968,0,2.4699999999999704,0.014607690848657873,1.0448120031132464,0,0.23586067376198427,0.16446576338833488,0,0,0,0,0,0,0,0,0,0,0,0
2018-09-21,293.09,293.22,291.81,291.99,263.35,105479700.0,260.3835,256.4918,-0.0009105049508705276,68.30841740084688,1.7500332585555043,1.6287222729028585,0,2.1899999999999977,0.008269516331230853,0.051007068510949605,0,0.23533292286040985,0.1749778171045166,0,0,0,0,0,0,0,0,0,0,0,0
2018-09-21,1.32 Dividend,,,,,,256.80949999999996,249.68380000000002,0.0,68.30841740084688,1.7500332585555043,1.6529844700333878,0,0.0,0.007197499791547046,0.0,0,0.2333978362213036,0.06805205120680907,1,1,0,0,0,0,1,0,0,0,1,1
2018-09-24,291.34,291.5,290.37,291.02,262.47,53409600.0,256.80949999999996,249.68380000000002,-0.0033415606607176684,68.30841740084688,1.746561800954339,1.6716999362175782,0,1.2800000000000296,-0.004252065611588196,-0.4936504370035182,0,0.2333978362213036,0.06805205120680907,1,1,0,0,0,0,0,0,0,0,0,0
2018-09-25,291.53,291.65,290.48,290.75,262.23,44370000.0,256.80949999999996,249.68380000000002,-0.0009143902160246853,66.67033627234245,1.6895832650145621,1.6752766019769751,0,0.7599999999999909,-0.004255950876742354,-0.16925047182528985,0,0.23287008531972908,0.04948926462854405,1,1,0,0,0,0,0,0,0,0,0,0
2018-09-26,290.91,292.24,289.41,289.88,261.44,79739700.0,256.80949999999996,249.68380000000002,-0.0030126225069596613,61.44684021179439,1.5626675087652302,1.6527547833346263,1,-2.1499999999999773,-0.007268573383702015,0.7971534820824882,0,0.2311329052687131,0.12212081828548241,1,1,0,0,0,0,0,0,0,0,0,0
2018-09-27,290.41,291.91,290.1,290.69,262.17,59249500.0,256.80949999999996,249.68380000000002,0.0027922276621787923,64.23529570278886,1.5036575286979428,1.6229353324072897,1,-1.1800000000000068,-0.0011347850608055543,-0.25696359529820156,0,0.23273814759433542,0.08004426516964036,1,1,0,0,0,0,0,0,0,0,0,0
2018-09-28,289.99,291.28,289.95,290.72,262.2,70091400.0,256.80949999999996,249.68380000000002,0.00011442956860041598,64.3494135302235,1.4426821023922685,1.5868846864042856,1,0.0,-0.00010596527618045304,0.18298719820420417,0,0.23280411645703225,0.1023080684134666,1,1,0,0,0,0,1,0,0,0,0,0
2018-10-01,292.11,292.93,290.98,291.73,263.11,62078900.0,256.80949999999996,249.68380000000002,0.0034706331045004646,67.71460501516394,1.4510611034075964,1.5597199698049478,0,0.6399999999999864,0.006377290335279673,-0.1143150229557407,0,0.23480517195883543,0.08585442804681889,1,1,0,0,0,0,0,0,0,0,0,0
2018-10-02,291.56,292.36,291.14,291.56,262.96,47258200.0,256.80949999999996,249.68380000000002,-0.0005701037588842217,66.5986591223324,1.4291237269562203,1.5336007212352025,1,0.7299999999999613,0.003014958914216659,-0.23873973282387417,0,0.23447532764535128,0.05542017309743041,1,1,0,0,0,0,0,0,0,0,0,0
2018-10-03,292.74,293.21,291.32,291.72,263.1,64694600.0,256.80949999999996,249.68380000000002,0.0005324003650746256,67.14292504965363,1.40681810464298,1.508244197916758,0,1.660000000000025,0.0034329297106908685,0.3689603074175487,0,0.2347831823379365,0.09122575873100491,1,1,0,0,0,0,0,0,0,0,0,0
2018-10-04,291.18,291.24,287.66,289.44,261.05,111545900.0,256.80949999999996,249.68380000000002,-0.007791714177118991,53.41711001562496,1.2097773110398293,1.4485508205413724,0,-1.1200000000000045,-0.007829417570928587,0.7241918181733871,0,0.23027531005365465,0.1874347373157064,1,1,0,0,0,0,0,0,0,0,0,0
2018-10-05,289.69,290.27,286.22,287.82,259.58,105951700.0,256.80949999999996,249.68380000000002,-0.005631105152269833,46.134140734089335,0.924349027606695,1.343710461954437,0,-2.6200000000000045,-0.012890418964314199,-0.05015155196201748,0,0.22704283578151108,0.17594706743251134,1,1,0,0,0,0,0,0,0,0,0,0
2018-10-08,287.05,288.22,285.5,287.82,259.58,87742200.0,256.80949999999996,249.68380000000002,0.0,46.134140734089335,0.69018898756525,1.2130061670765997,0,-3.5300000000000296,-0.013422819329388824,-0.1718660483975245,0,0.22704283578151108,0.13855392368755395,1,1,0,0,0,0,0,0,0,0,0,0
2018-10-09,287.39,288.86,286.77,287.4,259.21,74339000.0,256.80949999999996,249.68380000000002,-0.0014253794591263524,44.36828786161065,0.4693491956517164,1.064274772791623,0,-3.75,-0.0070564846113961854,-0.15275659830731392,0,0.2262292198082504,0.11103049996683603,1,1,0,0,0,0,0,0,0,0,0,0
2018-10-10,286.83,286.91,277.88,278.3,251.0,214731000.0,256.80949999999996,249.68380000000002,-0.03167316075768678,23.172970971887835,-0.36395091705151117,0.7786296348229963,0,-12.100000000000023,-0.03309854021681313,1.888537645112256,0,0.2081757410502243,0.3993249746444525,1,1,0,0,0,0,0,0,0,0,0,0
2018-10-11,277.08,278.9,270.36,272.17,245.47,274840500.0,256.80949999999996,249.68380000000002,-0.022031872509960193,17.209468950973346,-1.453813388063395,0.3321410302457181,1,-15.580000000000013,-0.055130412726773326,0.2799293069002613,0,0.1960154806931128,0.5227596199635177,1,1,0,0,0,0,0,0,0,0,0,0
2018-10-12,276.77,277.09,272.37,275.95,248.88,183186500.0,256.80949999999996,249.68380000000002,0.013891717928871117,29.293050685178486,-2.0191037754594845,-0.13810793089532242,0,-10.699999999999989,-0.039813315338775856,-0.33348069152835913,0,0.20351394141964985,0.3345484556371866,1,1,0,0,0,0,0,0,0,0,0,0
2018-10-15,275.55,277.04,274.3,274.4,247.48,102263700.0,256.80949999999996,249.68380000000002,-0.005625200900032157,27.517310818105983,-2.5506662866620218,-0.6206196020486623,1,-12.099999999999994,-0.013765355481121233,-0.4417508932153843,0,0.20043539449379888,0.16837377249682375,1,1,0,0,0,0,0,0,0,0,0,0
2018-10-16,276.6,280.82,276.07,280.4,252.89,118255800.0,256.80949999999996,249.68380000000002,0.021860352351705137,42.1190424477888,-2.5064982679556067,-0.9977953352300513,1,-6.319999999999993,0.030126869380544097,0.15638100322988513,0,0.21233177940012304,0.20121349319666357,1,1,0,0,0,0,0,0,0,0,0,0
2018-10-17,280.44,281.15,277.56,280.45,252.94,110626000.0,256.80949999999996,249.68380000000002,0.00019771442128990735,42.234865039665024,-2.439341008080703,-1.2861044698001818,0,1.9399999999999977,0.016432865872962887,-0.06451945697378059,0,0.21244172750461776,0.1855457259243455,1,1,0,0,0,0,0,0,0,0,0,0
2018-10-18,279.4,280.07,274.97,276.4,249.28,134557500.0,256.80949999999996,249.68380000000002,-0.014469834743417342,36.48030875856054,-2.650891975323077,-1.5590619709047608,0,3.8100000000000023,0.007588232029577702,0.21632798799558883,0,0.20439352625560736,0.23468897639978126,1,1,0,0,0,0,0,0,0,0,0,0
2018-10-19,277.13,279.3,275.47,276.25,249.15,139901600.0,256.80949999999996,249.68380000000002,-0.0005215019255455644,36.291166483244346,-2.7967978103383757,-1.806609138791484,0,0.27000000000001023,-0.014793622247673,0.03971610649722246,0,0.2041076611839212,0.24566306681892658,0,1,0,0,0,0,0,0,0,0,0,0
2018-10-22,277,277.36,274.41,275.01,248.03,82415800.0,256.0875,249.68380000000002,-0.00449528396548271,34.62550927999352,-2.9685838883664246,-2.039004088706472,0,0.5500000000000114,-0.019486620634445617,-0.4109016623112245,0,0.20164482364324032,0.12761618015570841,0,1,0,0,0,0,0,0,0,0,0,0
2018-10-23,270.95,274.87,268.61,273.61,246.77,146352700.0,255.3145,249.68380000000002,-0.00508003064145468,32.801545491138114,-3.169856925130631,-2.265174655991304,0,-6.119999999999976,-0.010096816532482955,0.7757844976327355,0,0.19887413140997445,0.25891037781665277,0,1,0,0,0,0,0,0,0,0,0,0
2018-10-24,273.33,273.76,264.7,265.32,239.29,177806700.0,254.20700000000002,249.68380000000002,-0.03031162621064154,24.537878751227353,-3.888120906354686,-2.5897639060639808,1,-13.650000000000006,-0.03988694081757893,0.21491916445682246,0,0.18242589497757056,0.3235010553945044,0,1,0,0,0,0,0,0,0,0,0,0
2018-10-25,267.38,271.81,266.23,270.08,243.58,138061500.0,253.2775,249.68380000000002,0.01792803710978319,34.69894055463372,-4.064332049406545,-2.8846775347324938,0,-5.699999999999989,-0.01746361974231303,-0.2235303844005878,0,0.19185944234321395,0.2418844279872675,0,1,0,0,0,0,0,0,0,0,0,0
2018-10-26,265.92,271.0,262.29,265.33,239.3,201574600.0,252.13250000000002,249.68380000000002,-0.017571229164956126,30.31346384433364,-4.497496539838579,-3.207241335753711,0,-9.849999999999994,-0.029954818265814476,0.4600348395461442,0,0.1824478845984695,0.3723083538494742,0,1,0,0,0,0,0,0,0,0,0,0
2018-10-29,268.8,270.25,259.85,263.86,237.98,160749100.0,250.87599999999998,249.68380000000002,-0.005516088591725921,29.092247216196697,-4.890916051831283,-3.5439762789692253,1,-10.050000000000011,-0.005159280646898856,-0.20253295802149673,0,0.17954525463980997,0.28847333421907484,0,1,0,0,0,0,0,0,0,0,0,0
2018-10-30,263.67,268.12,263.12,267.77,241.5,157116000.0,249.80299999999997,249.68380000000002,0.014791158920917757,36.44515658261545,-4.862616056363123,-3.8077042344480048,1,-5.27000000000001,-0.008296158835764289,-0.02260105966378656,0,0.18728560119623539,0.28101277623891036,0,1,0,0,0,0,0,0,0,0,0,0
2018-10-31,270.65,273.23,270.12,270.63,244.08,128296300.0,248.852,249.68380000000002,0.010683229813664541,41.253640577522,-4.579217301436643,-3.9620068478457324,1,4.7900000000000205,0.019958300142856378,-0.18342944066804145,0,0.19295892338816079,0.22183162437935638,0,1,0,0,0,0,0,0,0,0,0,0
2018-11-01,271.6,273.73,270.38,273.51,246.68,99495000.0,248.1335,249.68380000000002,0.010652245165519547,45.711303843174605,-4.097589019925152,-3.9891232822616165,0,3.0999999999999943,0.036126633900101845,-0.22449049582879632,0,0.19867622482188407,0.16268825685462251,0,1,0,0,0,0,0,0,0,0,0,0
2018-11-02,274.75,275.23,269.59,271.89,245.22,122634100.0,247.4155,249.68380000000002,-0.0059185989946489714,43.705773211852154,-3.7900159900238464,-3.949301823814063,1,5.9199999999999875,0.015416875984535117,0.2325654555505301,0,0.19546574017063945,0.21020431673704343,0,1,0,0,0,0,0,0,0,0,0,0
2018-11-05,272.44,274.01,271.35,273.39,246.57,65622500.0,246.76500000000001,249.68380000000002,0.005505260582334248,46.06225492006633,-3.3981565963402147,-3.8390727783192933,1,8.590000000000003,0.010238906753204824,-0.4648919020076797,0,0.1984343389919957,0.09313119809402673,0,1,0,0,0,0,0,0,0,0,0,0
2018-11-06,273.32,275.3,273.25,275.12,248.13,60085900.0,246.211,249.68380000000002,0.006326803747414456,48.732890086473944,-2.9279743751197884,-3.6568530976793925,1,6.6299999999999955,0.005913465335099732,-0.08437045220770312,0,0.20186471985222976,0.08176180960679033,0,1,0,0,0,0,0,0,0,0,0,0
2018-11-07,277.56,281.1,277.08,281.01,253.44,102752100.0,246.333,249.68380000000002,0.021400072542618886,56.60845164691599,-2.1026410180369055,-3.3460106817508954,0,9.359999999999985,0.03323213687236759,0.7100867258375092,0,0.2135412085495646,0.16937670016672338,0,1,0,0,0,0,0,0,0,0,0,0
2018-11-08,280.11,281.22,279.22,280.5,252.98,65584900.0,246.70850000000002,249.68380000000002,-0.0018150252525253041,55.8086320036211,-1.4687457551596026,-2.970557696432637,0,6.299999999999983,0.025911851037508038,-0.36171718144933296,0,0.21252968598821353,0.09305398662722036,0,1,0,0,0,0,0,0,0,0,0,0
2018-11-09,279.03,279.24,276.18,277.76,250.51,98812600.0,246.79000000000002,249.68380000000002,-0.009763617677286729,51.5933348509467,-1.152403361108611,-2.606926829367832,0,5.289999999999992,0.009821429612806853,0.5066364361308777,0,0.2070982496261764,0.1612869508719454,0,1,0,0,0,0,0,0,0,0,0,0
2018-11-12,277.19,277.46,271.99,272.57,245.83,99673600.0,246.70750000000004,249.68380000000002,-0.018681888946548986,44.70359462361122,-1.2647572875802666,-2.338492921010319,0,-0.7399999999999807,-0.03026053187636102,0.008713463667588961,0,0.19680710704547455,0.16305501132195271,0,1,0,0,0,0,0,0,0,0,0,0
2018-11-13,273.09,275.33,271.25,272.06,245.37,98176600.0,246.3315,249.68380000000002,-0.0018712118130416178,44.08050223932799,-1.375065836381907,-2.1458075040846367,0,-2.759999999999991,-0.030316718436877332,-0.01501902208809558,0,0.19579558448412349,0.15998092712490167,0,1,0,0,0,0,0,0,0,0,0,0
2018-11-14,274.16,274.61,268.45,270.2,243.69,125335900.0,245.869,249.68380000000002,-0.006846802787626838,41.7895610541333,-1.5798367411537697,-2.0326133514984637,1,-9.75,-0.02739990354721744,0.2766372027550352,0,0.19210132817310221,0.21575245346623018,0,1,0,0,0,0,0,0,0,0,0,0
2018-11-15,268.78,273.54,267.01,273.02,246.24,135101400.0,245.717,249.68380000000002,0.01046411424350624,46.347543022547214,-1.51884714527813,-1.929860110254397,1,-6.739999999999981,0.001746099642837784,0.0779146278121432,0,0.1977086815023309,0.2358058731230786,0,1,0,0,0,0,0,0,0,0,0,0
2018-11-16,271.79,274.75,271.21,273.73,246.88,126668000.0,245.6035,249.68380000000002,0.002599090318388564,47.45950607416863,-1.4027003434350718,-1.824428156890532,0,-3.6299999999999955,0.006216401774267966,-0.06242274321361585,0,0.19911601723986272,0.21848791609742035,0,1,0,0,0,0,0,0,0,0,0,0
2018-11-19,273.05,273.38,268.07,269.1,242.7,103061700.0,245.33700000000005,249.68380000000002,-0.016931302657161362,41.42133000594076,-1.6291642412111855,-1.785375373754663,0,-3.130000000000024,-0.003868098095266559,-0.1863635645940569,0,0.1899243557041076,0.17001246267000128,0,1,0,0,0,0,0,0,0,0,0,0
2018-11-20,265.36,267.0,263.15,264.12,238.21,136021300.0,244.90900000000002,249.68380000000002,-0.01850020601565716,36.10721133025762,-2.1462038848681573,-1.8575410759773618,1,-7.159999999999997,-0.03283241835442996,0.3198045442681423,0,0.18005101592048556,0.2376948845144395,0,1,0,0,0,0,0,0,0,0,0,0
2018-11-21,265.86,267.15,265.01,265.02,239.02,75563700.0,244.8955,249.68380000000002,0.003400361025985399,37.66099459505958,-2.4622183762248255,-1.9784765360268546,0,-4.6699999999999875,-0.032031147646833125,-0.44447156437999047,0,0.1818321752132993,0.11354541707847826,0,1,0,0,0,0,0,0,0,0,0,0
2018-11-23,263.18,264.82,263.07,263.25,237.42,42807900.0,244.5875,249.68380000000002,-0.006694000502050157,35.80855101062346,-2.809383936390617,-2.144658016099607,1,-8.820000000000022,-0.02179384549172192,-0.43348591982658335,0,0.17831383586946958,0.0462814978121022,0,1,0,0,0,0,0,0,0,0,0,0
2018-11-26,265.78,267.75,265.34,267.5,241.26,79981400.0,244.6855,249.68380000000002,0.016173869092747095,43.048777934511044,-2.7430391879576064,-2.264334250471207,1,-5.6200000000000045,0.012880229616682337,0.8683794346370646,0,0.18675785029466085,0.1226171483792882,0,1,0,0,0,0,0,0,0,0,0,0
2018-11-27,266.34,268.4,265.66,268.4,242.07,75502400.0,244.89000000000001,249.68380000000002,0.0033573737876151366,44.47152987050647,-2.595184593738537,-2.3305043191246733,1,-0.6299999999999955,0.012837242378312075,-0.056000520120928154,0,0.18853900958747472,0.11341953774562641,0,1,0,0,0,0,0,0,0,0,0,0
2018-11-28,269.6,274.58,268.33,274.58,247.64,127629600.0,245.19700000000003,249.68380000000002,0.023009873177180173,53.14068766961623,-2.005438862156751,-2.265491227731089,0,9.429999999999978,0.042541116057542405,0.6904045434317321,0,0.20078722842818186,0.22046255829106381,0,1,0,0,0,0,0,0,0,0,0,0
2018-11-29,273.71,275.55,272.43,273.98,247.1,82346400.0,245.348,249.68380000000002,-0.0021805847197544637,52.288393057418055,-1.5636102820040207,-2.125115038585675,1,8.079999999999984,0.024186662245040846,-0.3548017074409071,0,0.19959978889963936,0.12747366750154987,0,1,0,0,0,0,0,0,0,0,0,0
2018-11-30,273.81,276.28,273.45,275.65,248.61,98204200.0,245.4445,249.68380000000002,0.006110886280858097,54.4866055455973,-1.0791735279583463,-1.9159267364602095,1,11.190000000000026,0.026940174738283806,0.19257429590121733,0,0.2029202216553787,0.16003760362713187,0,1,0,0,0,0,0,0,0,0,0,0
2018-12-03,280.28,280.4,277.51,279.3,251.9,103176300.0,245.77849999999998,249.68380000000002,0.013233578697558368,58.92685361248991,-0.42488064626490996,-1.6177175184211496,0,10.640000000000015,0.017163880258662,0.05063021744487517,0,0.21015480693112853,0.17024779336404405,0,0,0,0,0,0,0,0,0,0,0,0
2018-12-04,278.37,278.85,269.9,270.25,243.74,177986000.0,245.637,249.30920000000003,-0.03239380706629613,46.74569558068523,-0.5583562444109589,-1.4058452636191117,0,1.670000000000016,-0.013049342087879667,0.7250667062106317,0,0.19221127627759693,0.32386924730935496,0,0,0,0,0,0,0,0,0,0,0,0
2018-12-06,265.92,269.97,262.44,269.84,243.37,204185400.0,245.39899999999997,248.93199999999996,-0.0015180109953228937,46.278550988137525,-0.686083778634611,-1.2618929666222116,0,-4.269999999999982,-0.020678239364060658,0.14719921791601576,0,0.19139766030433636,0.3776696224010179,0,0,0,0,0,0,0,0,0,0,0,0
2018-12-07,269.46,271.22,262.63,263.57,237.71,161018900.0,244.6125,248.4574,-0.023256769527879362,39.73669689418007,-1.2298465615319571,-1.255483685604161,1,-9.389999999999986,-0.05716858758949839,-0.21140835730664387,0,0.17895153487553872,0.2890273675633396,0,0,0,0,0,0,0,0,0,0,0,0
2018-12-10,263.37,265.16,258.62,264.07,238.16,151445900.0,243.87150000000003,247.9772,0.0018930629758948658,40.457356170996,-1.6059587525594736,-1.3255786989952236,1,-10.450000000000017,-0.02288171754730739,-0.0594526481052845,0,0.17994106781599084,0.2693692459745822,0,0,0,0,0,0,0,0,0,0,0,0
2018-12-11,267.66,267.87,262.48,264.13,238.22,121504400.0,243.25699999999998,247.49759999999998,0.0002519314746389778,40.5594227333535,-1.8775456970674895,-1.435972098609677,1,-13.680000000000007,-0.021111775077345518,-0.19770426271031438,0,0.1800730055413844,0.2078844817888747,0,0,0,0,0,0,0,0,0,0,0,0
2018-12-12,267.47,269.0,265.37,265.46,239.42,97976700.0,242.93649999999997,247.02379999999997,0.005037360423138182,42.67587034117093,-1.9732044633108785,-1.5434185715499171,0,-4.320000000000022,0.0071823548736720255,-0.19363660904461077,0,0.1827117600492567,0.15957043318302425,0,0,0,0,0,0,0,0,0,0,0,0
2018-12-13,266.52,267.49,264.12,265.37,239.34,96662700.0,242.635,246.5514,-0.0003341408403640944,42.56705464900849,-2.032045895970981,-1.6411440364341299,0,-4.030000000000001,0.004955151057413065,-0.013411351882641531,0,0.18253584308206527,0.1568721388377169,0,0,0,0,0,0,0,0,0,0,0,0
2018-12-14,262.96,264.03,259.85,260.47,234.92,116961100.0,242.19650000000001,245.9878,-0.018467452160107034,36.95973901025611,-2.4075821079300965,-1.7944316507333233,0,-2.7900000000000205,-0.013764232577332947,0.2099920651916407,0,0.17281643064473562,0.1985548313329882,0,0,0,0,0,0,0,0,0,0,0,0
2018-12-17,259.4,260.65,253.53,255.36,230.31,165492300.0,241.4,245.37300000000002,-0.019623701685680173,32.1960124148553,-3.0421180904287723,-2.043968938672413,0,-7.849999999999994,-0.0384252946861513,0.414934538064365,0,0.16267921541032626,0.2982134786168387,0,0,0,0,0,0,0,0,0,0,0,0
2018-12-18,257.2,257.95,253.28,255.08,230.06,134515100.0,240.55900000000003,244.78260000000003,-0.001085493465329379,31.955472615717753,-3.524536673976968,-2.3400824857333244,0,-8.159999999999997,-0.039176647311116586,-0.1871821226727769,0,0.1621294748878529,0.23460190814997833,0,0,0,0,0,0,0,0,0,0,0,0
2018-12-19,255.17,259.4,249.35,251.26,226.61,214992800.0,239.75449999999995,244.1232,-0.014996087977049433,28.76197013032042,-4.137547966797058,-2.699575581946071,0,-12.809999999999974,-0.035705283128058984,0.5982800443965026,0,0.15454305567772014,0.3998625800170564,0,0,0,0,0,0,0,0,0,0,0,0
2018-12-20,249.86,251.62,244.65,247.17,222.92,252053400.0,238.98999999999995,243.39739999999998,-0.016283482635364832,25.79293870746632,-4.8650349002965925,-3.1326674456161756,0,-16.420000000000016,-0.032365064077743644,0.17238065646849576,0,0.1464288855660128,0.4759663908341775,0,0,0,0,0,0,0,0,0,0,0,0
2018-12-21,246.74,249.71,239.98,240.7,218.35,255345600.0,237.9565,242.74439999999998,-0.02050062802799213,22.671524487917665,-5.7441197068811505,-3.6549578978691706,0,-16.569999999999993,-0.051780198640406394,0.0130615179164415,0,0.13637962881519916,0.48272691187194067,0,0,0,0,0,0,0,0,0,0,0,0
2018-12-21,1.44 Dividend,,,,,,231.075,241.47120000000004,0.0,22.671524487917665,-5.7441197068811505,-4.072790259671567,0,0.0,-0.03678411066335696,0.0,0,0.12371360717741225,0.2608794755698607,1,1,0,0,0,0,1,0,0,0,1,1
2018-12-24,239.04,240.84,234.27,234.34,212.59,147311600.0,231.075,241.47120000000004,-0.026379665674375996,22.671524487917665,-7.127753254389376,-4.683782858615129,1,-17.47,-0.046880293702368125,-0.4230893346116009,0,0.12371360717741225,0.2608794755698607,1,1,0,0,0,0,0,0,0,0,0,0
2018-12-26,235.97,246.18,233.76,246.18,223.33,218485400.0,231.075,241.47120000000004,0.05051977985794265,42.94011682876984,-6.984511605854436,-5.143928608062991,1,-3.280000000000001,0.024140114183566652,0.48315136078896703,1,0.1473304600228692,0.4070346217449258,1,1,0,0,0,0,0,0,0,0,0,0
2018-12-27,242.57,248.29,238.96,248.07,225.04,186267300.0,231.075,241.47120000000004,0.0076568306989655,45.3942548816841,-6.65627941277603,-5.446398769005599,0,2.1200000000000045,0.03179694488253215,-0.14746111181799793,0,0.15109068519658714,0.3408748675238098,1,1,0,0,0,0,0,0,0,0,0,0
2018-12-28,249.58,251.4,246.45,247.75,224.75,153100200.0,231.075,241.47120000000004,-0.0012886597938144284,45.04045518749266,-6.346396305232787,-5.626398276251037,1,6.400000000000006,0.05688795076309372,-0.17806184982549267,0,0.15045298619051806,0.2727663451644163,1,1,0,0,0,0,0,0,0,0,0,0
2018-12-31,249.56,250.19,247.47,249.92,226.72,144299400.0,231.075,241.47120000000004,0.008765294771968746,48.00508418617534,-5.874135792995446,-5.675945779599919,1,0.0,0.015133465677119817,-0.0574839222940271,0,0.15478494150760835,0.25469393354022996,1,1,0,0,0,0,1,0,0,0,0,0
2019-01-02,245.98,251.21,245.95,250.18,226.95,126925200.0,231.075,241.47120000000004,0.0010144671841918473,48.355350885215046,-5.418841821379317,-5.624524987955799,0,14.359999999999985,0.008491102162346165,-0.12040382704293984,0,0.15529070278828389,0.21901607538631918,1,1,0,0,0,0,0,0,0,0,0,0
2019-01-03,248.23,248.57,243.67,244.21,221.54,144140700.0,231.075,241.47120000000004,-0.02383784974664016,41.30660874022941,-5.431943788672896,-5.586008748099219,1,-1.7900000000000205,-0.014058087790479568,0.13563500392357075,0,0.14339431788195967,0.2543680436524063,1,1,0,0,0,0,0,0,0,0,0,0
2019-01-04,247.59,253.11,247.17,252.39,228.96,142628800.0,231.075,241.47120000000004,0.03349282296650724,51.704890144909136,-4.7883975375362695,-5.426486505986629,1,3.920000000000016,0.010669440404058927,-0.010489056872902691,1,0.15971061658897,0.2512633623581368,1,1,0,0,0,0,0,0,0,0,0,0
2019-01-07,252.69,255.95,251.69,254.38,230.76,103139100.0,231.075,241.47120000000004,0.007861635220125729,53.841274810847985,-4.086036257727983,-5.1583964563349,1,6.009999999999991,0.01751660843999281,-0.2768704497268434,0,0.16366874835077838,0.17017140329582076,1,1,0,0,0,0,0,0,0,0,0,0
2019-01-08,256.82,257.31,254.0,256.77,232.93,102512600.0,231.075,241.47120000000004,0.009403709481712763,56.34824906841876,-3.316083274884136,-4.789933820044748,1,6.210000000000008,0.05075816766834573,-0.006074320989808868,0,0.16844049608584744,0.16888488776512436,1,1,0,0,0,0,0,0,0,0,0,0
2019-01-09,257.56,258.91,256.19,257.97,234.02,95006600.0,231.075,241.47120000000004,0.0046795174515950055,57.59412151316397,-2.5881020686687464,-4.349567469769548,1,7.070000000000022,0.021944862153433498,-0.07322026755735389,0,0.1708373647638315,0.15347134335425916,1,1,0,0,0,0,0,0,0,0,0,0
2019-01-10,256.26,259.16,255.5,258.88,234.85,96823900.0,231.075,241.47120000000004,0.00354670540979396,58.56393167481041,-1.9220415558941113,-3.864062286994461,1,13.310000000000002,0.01762993234310173,0.019128144781520362,0,0.17266250329844313,0.1572031624666846,1,1,0,0,0,0,0,0,0,0,0,0
2019-01-11,257.68,259.01,257.03,258.98,234.94,73858100.0,231.075,241.47120000000004,0.0003832233340430591,58.67429633321003,-1.3711161791516417,-3.3654730654258973,0,5.97999999999999,0.008609446195432024,-0.23719143723811997,0,0.1728604098865335,0.11004297352036854,1,1,0,0,0,0,0,0,0,0,0,0
2019-01-14,256.86,258.3,256.41,257.4,233.5,70908200.0,231.075,241.47120000000004,-0.006129224482846696,56.099657254586205,-1.0387260272405854,-2.900123657788835,1,2.740000000000009,-0.002199295739009677,-0.03994010135652015,0,0.16969390447708677,0.10398536432004729,1,1,0,0,0,0,0,0,0,0,0,0
2019-01-15,257.82,260.7,257.81,260.35,236.18,85208300.0,231.075,241.47120000000004,0.011477516059957171,59.648487833897654,-0.5526798851194883,-2.430634903254966,1,3.25,0.005731514911153535,0.20167061073331438,0,0.1755871228780016,0.13335056901360093,1,1,0,0,0,0,0,0,0,0,0,0
2019-01-16,260.83,261.97,260.6,260.98,236.75,77636700.0,231.075,241.47120000000004,0.002413413498179251,60.38204531683961,-0.12010607137651164,-1.968529136879275,1,2.7299999999999898,0.0077617050752897265,-0.08885988806254785,0,0.17684053126924093,0.11780231523511611,1,1,0,0,0,0,0,0,0,0,0,0
2019-01-17,260.01,263.92,259.96,262.96,238.55,96118400.0,231.075,241.47120000000004,0.007602956705385466,62.68877236777932,0.36376351000478735,-1.5020706075024626,1,3.700000000000017,0.02149388626352189,0.23805365246075638,0,0.1807986630310493,0.15575442071583656,1,1,0,0,0,0,0,0,0,0,0,0
2019-01-18,264.98,266.98,263.0,266.46,241.72,127900300.0,231.075,241.47120000000004,0.013288618738209967,66.3992096193592,0.9915956491495876,-1.0033373561720524,0,6.780000000000001,0.023304988941774685,0.3306536521623331,0,0.18776937285601192,0.22101843978214047,1,1,0,0,0,0,0,0,0,0,0,0
2019-01-22,264.82,265.06,261.06,262.86,238.46,115531200.0,231.075,241.47120000000004,-0.01348667880191956,59.81178938560417,1.212129710882408,-0.5602439427611604,1,4.960000000000008,0.007404896641675873,-0.09670892093294547,0,0.18060075644295892,0.1956185367482432,1,1,0,0,0,0,0,0,0,0,0,0
2019-01-23,264.01,264.79,260.66,263.41,238.96,86030300.0,231.075,241.47120000000004,0.002096787721211024,60.45972115528809,1.4109854035689864,-0.16599807349513107,1,2.780000000000001,0.0018987276575014311,-0.2553500699378176,0,0.18170023748790565,0.13503854310176122,0,1,0,0,0,0,0,0,0,0,0,0
2019-01-24,263.21,264.2,262.08,263.55,239.08,59204100.0,232.3995,241.47120000000004,0.0005021760964178945,60.62380291332128,1.5602770670292045,0.17925695460973606,1,2.3300000000000125,-0.010887714984290642,-0.31182269502721716,0,0.18196411293869297,0.07995103643046461,0,1,0,0,0,0,0,0,0,0,0,0
2019-01-25,265.61,266.7,263.66,265.78,241.11,96883400.0,233.28849999999997,241.47120000000004,0.008490881713234089,63.39140180160979,1.821399856725634,0.5076855350329157,0,2.5600000000000023,0.011089845530863007,0.6364305850439411,0,0.18642800598117693,0.15732534550591273,0,1,0,0,0,0,0,0,0,0,0,0
2019-01-28,263.39,263.83,261.79,263.76,239.27,85613700.0,234.0,241.47120000000004,-0.007631371573140866,59.321464577842384,1.8584459186618574,0.777837611758704,0,-2.4499999999999886,0.001361686236511117,-0.11632230082759276,0,0.18238191573577267,0.13418305647751844,0,1,0,0,0,0,0,0,0,0,0,0
2019-01-29,263.92,264.55,262.48,263.41,238.96,66136300.0,234.7105,241.47120000000004,-0.0012956074727296096,58.638390273056785,1.8415623954647629,0.9905825684999159,1,0.5,-0.00043609733263638706,-0.227503308465818,0,0.18170023748790565,0.09418628457394979,0,1,0,0,0,0,0,0,0,0,0,0
2019-01-30,265.1,268.52,264.25,267.58,242.74,92473700.0,235.51149999999998,241.47120000000004,0.015818547037161013,64.07108145628544,2.108886559393369,1.2142433666786066,1,3.780000000000001,0.006891567991290537,0.39822911169811426,0,0.19001231418770337,0.14827004217676373,0,1,0,0,0,0,0,0,0,0,0,0
2019-01-31,267.51,270.47,267.27,269.93,244.87,104012100.0,236.40749999999997,241.47120000000004,0.008774820795913296,66.7234188798185,2.4642102028201407,1.4642367339069136,1,5.789999999999992,0.0232977603603447,0.12477493600883283,0,0.19469610343917665,0.17196410570331946,0,1,0,0,0,0,0,0,0,0,0,0
2019-02-01,270.15,271.2,269.18,270.06,244.99,85782500.0,237.58,241.47120000000004,0.0004900559480540689,66.87179664896664,2.7240881547605227,1.7162070180776356,1,3.8799999999999955,0.025083423781128378,-0.17526422406623843,0,0.19495997888996397,0.134529686679564,0,1,0,0,0,0,0,0,0,0,0,0
2019-02-04,270.11,272.03,269.36,271.96,246.71,60744800.0,238.46750000000003,241.47120000000004,0.007020694722233545,69.00509837060204,3.0338604743176916,1.9797377093256467,1,7.439999999999998,0.01628557146620091,-0.2918742167691546,0,0.1987421936845809,0.08311485842271349,0,1,0,0,0,0,0,0,0,0,0,0
2019-02-05,272.44,273.44,271.88,273.1,247.75,79552800.0,239.317,241.47120000000004,0.004215475659681278,70.25246731329834,3.3249486395055783,2.248779895361633,0,8.789999999999992,0.011726226329968892,0.30962321054641717,0,0.20102911425807013,0.121737019797554,0,1,0,0,0,0,0,0,0,0,0,0
2019-02-06,272.79,273.34,271.92,272.74,247.42,58347800.0,240.04149999999998,241.47120000000004,-0.0013319878910191818,69.29945228229678,3.488793228874954,2.4967825620642974,0,4.679999999999978,0.009904182490895641,-0.26655252863507006,0,0.20030345676840522,0.07819262741380809,0,1,0,0,0,0,0,0,0,0,0,0
2019-02-07,270.94,271.55,268.29,270.14,245.06,95482000.0,240.5935,241.47120000000004,-0.009538436666397199,62.744130421371004,3.3891410612426967,2.6752542618999775,1,0.18999999999999773,-0.006654948897735102,0.636428451458324,0,0.19511390623625646,0.15444757557020977,0,1,0,0,0,0,0,0,0,0,0,0
2019-02-08,268.75,270.58,267.83,270.47,245.36,75788900.0,241.119,241.47120000000004,0.0012241899942870837,63.22041333021526,3.2963749349069644,2.799478396501375,1,0.37000000000000455,-0.009646234563129297,-0.20624934542636308,0,0.19577359486322454,0.11400786448073338,0,1,0,0,0,0,0,0,0,0,0,0
2019-02-11,271.2,271.49,270.03,270.62,245.5,68021400.0,241.647,241.47120000000004,0.0005705901532442326,63.45520747247141,3.1972974862404158,2.8790422144491834,1,-1.210000000000008,-0.007743656518865882,-0.10248862300416028,0,0.19608144955580964,0.0980573307462016,0,1,0,0,0,0,0,0,0,0,0,0
2019-02-12,272.42,274.52,272.34,274.1,248.65,72270200.0,242.4045,241.47120000000004,0.012830957230142603,68.35084967620614,3.3345183172140196,2.9701374350021505,1,0.9000000000000057,0.01462573737767392,0.06246269556345507,0,0.20300818013897437,0.10678222649532018,0,1,0,0,0,0,0,0,0,0,0,0
2019-02-13,275.03,275.93,274.56,274.99,249.46,65277200.0,243.0685,241.47120000000004,0.003257590991353254,69.48295239411118,3.4686426911424917,3.069838486230219,0,2.0400000000000205,0.01665913837474009,-0.0967618741888081,0,0.20478933943178823,0.09242212576721195,0,1,0,0,0,0,0,0,0,0,0,0
2019-02-14,273.78,275.64,272.87,274.38,248.91,83234400.0,243.67650000000003,241.47120000000004,-0.002204762286538986,67.71182161875416,3.4903225545776877,3.1539352998997128,1,3.8499999999999943,0.013883785934956872,0.27509145612863306,0,0.20357991028234668,0.12929717235591284,0,1,0,0,0,0,0,0,0,0,0,0
2019-02-15,276.36,277.41,276.13,277.37,251.62,97088700.0,244.33,241.47120000000004,0.010887469366437807,71.5587361836576,3.683714783142875,3.2598911965483452,1,6.259999999999991,0.011940298071252076,0.1664492085003315,0,0.20953909754595823,0.1577469283286613,0,1,0,0,0,0,0,0,0,0,0,0
2019-02-19,276.48,278.58,276.47,277.85,252.06,59120800.0,244.84700000000004,241.47120000000004,0.001748668627295169,72.13914173454143,3.828352970387442,3.373583551316165,1,6.560000000000002,0.01043137570719399,-0.3910640476183119,0,0.2105066408655114,0.07977998017554519,0,1,0,0,0,0,0,0,0,0,0,0
2019-02-20,277.81,278.92,277.25,278.41,252.56,76610800.0,245.552,241.47120000000004,0.001983654685392411,72.81798013770249,3.937931573266951,3.4864531557063225,0,3.9099999999999966,0.014619792679125387,0.2958349684036752,0,0.21160612191045824,0.11569563321924792,0,1,0,0,0,0,0,0,0,0,0,0
2019-02-21,277.7,278.1,276.35,277.42,251.67,64214700.0,246.1875,241.47120000000004,-0.0035239151092810728,69.56867619654558,3.9079098909273284,3.570744502750524,1,2.2099999999999795,0.00020840820340650712,-0.16180616832091554,0,0.20964904565045295,0.09024028578099502,0,1,0,0,0,0,0,0,0,0,0,0
2019-02-22,278.11,279.36,277.4,279.14,253.23,78114600.0,246.89500000000004,241.47120000000004,0.0061985933961139494,71.9327992865009,3.964298488627918,3.649455299926003,1,4.319999999999993,0.0046583329722252875,0.21645978257314913,0,0.2130794265106869,0.11878368119221075,0,1,0,0,0,0,0,0,0,0,0,0
2019-02-25,280.73,281.31,279.43,279.52,253.57,69030700.0,247.51800000000003,241.47120000000004,0.0013426529242190899,72.43541913481418,3.990422905759374,3.7176488210926775,0,1.9499999999999886,0.0040173312110519666,-0.11628940044498726,0,0.21382707362125075,0.10012992472087337,0,1,0,0,0,0,0,0,0,0,0,0
2019-02-26,279.13,280.3,278.9,279.32,253.39,56844100.0,248.224,241.47120000000004,-0.0007098631541586631,71.70333972856591,3.9510568746713943,3.764330431808421,0,1.329999999999984,0.006831383166174376,-0.17653884431129918,0,0.21343126044506988,0.07510478479049101,0,1,0,0,0,0,0,0,0,0,0,0
2019-02-27,278.52,279.59,277.48,279.2,253.28,56921600.0,248.94,241.47120000000004,-0.00043411342199761727,71.2295644833548,3.8664133246774384,3.7847470103822247,0,0.7199999999999989,0.00019867634806280954,0.0013633780814543695,0,0.21318937461518161,0.07526393076595625,0,1,0,0,0,0,0,0,0,0,0,0
2019-02-28,278.96,279.45,278.32,278.68,252.81,69268300.0,249.4435,241.47120000000004,-0.0018556538218572616,69.12783981014132,3.718542585227169,3.771506125351214,1,1.1400000000000148,-0.002999630398013542,0.2169071143467507,0,0.2121558624329316,0.10061783547920292,0,1,0,0,0,0,0,0,0,0,0,0
2019-03-01,280.44,280.88,278.82,280.42,254.39,78880500.0,249.91950000000003,241.47120000000004,0.006249752778766604,72.10737695310887,3.686352774145263,3.7544754551100237,0,1.1599999999999966,0.003959985534911725,0.13876766139778218,0,0.21563022253496344,0.12035645412909882,0,1,0,0,0,0,0,0,0,0,0,0
2019-03-04,281.6,281.87,276.84,279.4,253.46,106494600.0,250.343,241.47120000000004,-0.0036558040803489344,67.95033929023427,3.544935084276034,3.7125673809432262,0,-0.10999999999998522,0.000738294876560408,0.3500751136212372,0,0.21358518779136249,0.17706191065935104,0,1,0,0,0,0,0,0,0,0,0,0
2019-03-05,279.54,279.76,278.41,279.02,253.12,59114600.0,250.66349999999997,241.47120000000004,-0.0013414345458849786,66.44224256824126,3.366617121167394,3.64337732898806,0,-0.2699999999999818,0.001252514152532691,-0.4449051876808777,0,0.21283754068079863,0.07976724849750799,0,1,0,0,0,0,0,0,0,0,0,0
2019-03-06,279.15,279.16,276.97,277.33,251.58,75039800.0,250.85499999999996,241.47120000000004,-0.006084070796460117,59.95190829475309,3.0656943053851933,3.5278407242674867,0,-1.6999999999999886,-0.01108130942269403,0.2693953777916116,0,0.20945113906236257,0.11246959028433329,0,1,0,0,0,0,0,0,0,0,0,0
2019-03-07,276.83,276.99,274.07,275.01,249.48,94885100.0,250.95800000000003,241.47120000000004,-0.008347245409015103,52.43063821336138,2.627470511762283,3.347766681766446,0,-3.3300000000000125,-0.0157727507513602,0.26446365795217996,0,0.204833318673586,0.1532218435346588,0,0,0,0,0,0,0,0,0,0,0,0
2019-03-08,272.94,274.65,272.42,274.46,248.98,85795800.0,251.154,242.199,-0.0020041686708353046,50.79661457625644,2.214304057935067,3.1210741570001703,1,-5.409999999999997,-0.016435484876310524,-0.09579270085608804,0,0.20373383762863928,0.1345569981824503,0,0,0,0,0,0,0,0,0,0,0,0
2019-03-11,275.26,278.62,275.23,278.44,252.59,65098900.0,251.51550000000003,242.78420000000003,0.014499156558759774,60.39405547014327,2.15334112051562,2.9275275497032602,1,-0.8700000000000045,0.004147742478909366,-0.2412344194004835,0,0.21167209077315507,0.09205598734881903,0,0,0,0,0,0,0,0,0,0,0,0
2019-03-12,279.06,280.07,278.85,279.49,253.54,79667500.0,251.91750000000002,243.3542,0.0037610356704540493,62.4687518779571,2.1568221111924686,2.773386462001102,1,0.4199999999999875,0.01625602355837852,0.2237917998614416,0,0.21376110475855392,0.12197255584124256,0,0,0,0,0,0,0,0,0,0,0,0
2019-03-13,280.48,282.38,280.3,281.34,255.22,80639200.0,252.246,243.9636,0.00662617338487026,65.87329541990013,2.268987307749086,2.672506631150699,0,3.6399999999999864,0.024886365614084083,0.012196943546615602,0,0.21745536106957508,0.12396793834910796,0,0,0,0,0,0,0,0,0,0,0,0
2019-03-14,281.37,281.84,280.67,281.16,255.06,67518400.0,252.52599999999998,244.53040000000001,-0.0006269101167619695,65.26607167842903,2.3182450850199814,2.6016543219245554,1,5.5800000000000125,0.00976029893856234,-0.16270994751932066,0,0.2171035271351922,0.09702442202802078,0,0,0,0,0,0,0,0,0,0,0,0
2019-03-15,280.54,282.21,280.33,281.31,256.32,81309000.0,252.8965,245.1178,0.004940014114326097,67.78455314226272,2.4309314337647265,2.5675097442925896,0,7.340000000000003,0.010939277382434387,0.2042495082821867,0,0.21987421936845808,0.12534337027641912,0,0,0,0,0,0,0,0,0,0,0,0
2019-03-15,1.23 Dividend,,,,,,259.2255,261.3654,0.0,67.78455314226272,2.4309314337647265,2.5401940821870173,0,0.0,0.004313103997564127,0.0,0,0.22191925411205904,0.08610269576854465,1,1,0,0,0,0,1,0,0,0,1,1
2019-03-18,281.55,282.66,281.3,282.33,257.25,62199800.0,259.2255,261.3654,0.0036282771535580682,67.78455314226272,2.6217880523726365,2.556512876224141,1,3.710000000000008,0.008568291267884165,-0.2350194935370008,0,0.22191925411205904,0.08610269576854465,1,1,0,0,0,0,0,0,0,0,0,0
2019-03-19,283.51,284.36,281.41,282.4,257.31,90268100.0,259.2255,261.3654,0.00023323615160353306,67.92288268549925,2.6915228004199037,2.5835148610632936,0,2.0900000000000034,0.0038615133051616013,0.451260293441458,0,0.2220511918374527,0.14374085038984605,1,1,0,0,0,0,0,0,0,0,0,0
2019-03-20,282.16,283.5,280.32,281.55,256.54,84609200.0,259.2255,261.3654,-0.0029924993198864325,64.11788721176184,2.654061160851029,2.5976241210208406,1,1.4800000000000182,0.0008690139852751688,-0.06268992035946253,0,0.22035799102823472,0.13212031928584322,1,1,0,0,0,0,0,0,0,0,0,0
2019-03-21,280.64,285.18,280.59,284.73,259.44,79550400.0,259.2255,261.3654,0.011304280034302616,70.76126026690778,2.8258041935437745,2.6432601355254275,0,3.1200000000000045,0.008545016866019717,-0.059790188301035774,0,0.22673498108892598,0.12173209140605573,1,1,0,0,0,0,0,0,0,0,0,0
2019-03-22,283.22,283.8,279.18,279.25,254.44,122659300.0,259.2255,261.3654,-0.01927227875423987,52.65877894738662,2.529297404986295,2.620467589417601,0,0.0,-0.010960498039823685,0.5419067660250609,0,0.21574017063945816,0.21025606484777537,1,1,0,0,0,0,1,0,0,0,0,0
2019-03-25,278.87,280.19,277.64,279.04,254.25,85575200.0,259.2255,261.3654,-0.0007467379342870339,52.1131987977798,2.2530109193075134,2.5469762553955837,1,-3.0,-0.008714736654224287,-0.3023341890912471,0,0.21532236784237835,0.1341039968639002,1,1,0,0,0,0,0,0,0,0,0,0
2019-03-26,280.99,282.18,279.56,281.12,256.15,68125900.0,259.2255,261.3654,0.00747295968534889,56.919920274085136,2.162438761931753,2.4700687567028177,0,-1.160000000000025,-0.012546057003178013,-0.2039060381979826,0,0.21950039581317615,0.09827192112602245,1,1,0,0,0,0,0,0,0,0,0,0
2019-03-27,281.11,281.76,277.93,279.65,254.81,72224700.0,259.2255,261.3654,-0.0052313097794259855,52.887877339197715,1.959939906301969,2.368042986622648,1,-1.7300000000000182,0.0014949119716358705,0.06016507671825244,0,0.21655378661271873,0.10668879240649867,1,1,0,0,0,0,0,0,0,0,0,0
2019-03-28,280.35,281.21,279.07,280.71,255.77,56238500.0,259.2255,261.3654,0.00376751304893852,55.329256130565945,1.855532655807906,2.2655409204596997,1,-3.6699999999999875,0.0060091629548614245,-0.22133979095794099,0,0.21866479021901664,0.0738611873357588,1,1,0,0,0,0,0,0,0,0,0,0
2019-03-29,282.39,282.84,281.14,282.48,257.39,82186800.0,259.2255,261.3654,0.00633381553739687,59.17400306181885,1.8818172013660615,2.188796176640972,1,2.9499999999999886,0.004870018806909404,0.4613974412546564,0,0.22222710880464414,0.1271459294669144,1,1,0,0,0,0,0,0,0,0,0,0
2019-04-01,284.7,286.16,284.4,285.83,260.44,77617900.0,259.2255,261.3654,0.011849722211430214,65.23990086324079,2.1242701393234142,2.175890969177461,1,6.189999999999998,0.021951050797765603,-0.055591652187455876,0,0.22893394317881954,0.11776370950171292,1,1,0,0,0,0,0,0,0,0,0,0
2019-04-02,286.04,286.23,285.09,285.97,260.56,40070400.0,259.2255,261.3654,0.0004607587160190274,65.45736111816797,2.299590587702255,2.20063089288242,1,4.410000000000025,0.01864429646484611,-0.4837479498930015,0,0.22919781862960675,0.04066005125937857,1,1,0,0,0,0,0,0,0,0,0,0
2019-04-03,287.32,287.76,285.75,286.42,260.97,68243200.0,259.2255,261.3654,0.001573533926926718,66.23460622975351,2.4434503055181267,2.2491947754095616,1,6.160000000000025,0.013884014854375959,0.7030825746685834,0,0.2300993930864632,0.0985127962605008,1,1,0,0,0,0,0,0,0,0,0,0
2019-04-04,286.78,287.46,286.01,287.18,261.67,48997500.0,259.2255,261.3654,0.0026823006475840128,67.57603458137527,2.5841557789577223,2.316186976119194,1,5.900000000000006,0.004716593290529758,-0.28201637672324864,0,0.2316386665493887,0.0589918194861618,1,1,0,0,0,0,0,0,0,0,0,0
2019-04-05,287.92,288.63,287.6,288.57,262.93,58621700.0,259.2255,261.3654,0.004815225283754332,69.89449044706008,2.7654588618069056,2.4060413532567364,1,5.5400000000000205,0.009071059858265063,0.19642226644216532,0,0.23440935878265456,0.07875508009354909,1,1,0,0,0,0,0,0,0,0,0,0
2019-04-08,288.1,288.91,287.37,288.79,263.13,53566300.0,259.2255,261.3654,0.000760658730460495,70.25802578398337,2.891944651938786,2.5032220129931466,0,2.6899999999999977,0.00825818466179884,-0.08623769013863469,0,0.2348491512006332,0.06837383410171749,1,1,0,0,0,0,0,0,0,0,0,0
2019-04-09,287.72,288.08,286.7,287.31,261.79,66142300.0,259.2255,261.3654,-0.005092539809219643,64.62715962054018,2.8511919843562055,2.572816007265758,1,1.2300000000000182,0.00048334420499518416,0.23477447574314447,0,0.2319025420001759,0.09419860555269549,1,1,0,0,0,0,0,0,0,0,0,0
2019-04-10,287.77,288.39,287.31,288.29,262.68,52601500.0,259.2255,261.3654,0.0033996714924175997,66.54499052081732,2.8577681908443537,2.6298064439814777,0,1.7099999999999795,-0.000932209586341548,-0.20472224280074924,0,0.2338596182601812,0.06639262071940963,1,1,0,0,0,0,0,0,0,0,0,0
2019-04-11,288.83,288.84,287.58,288.21,262.61,55093100.0,259.2255,261.3654,-0.00026648393482564536,66.24079094534406,2.8247692849209898,2.66879901216938,1,0.9399999999999977,-0.0019593522516276884,0.04736747050939605,0,0.2337056909138886,0.07150911249320549,1,1,0,0,0,0,0,0,0,0,0,0
2019-04-12,290,290.47,288.26,290.16,264.38,69727800.0,259.2255,261.3654,0.00674003274818169,69.97796459940275,2.9079209194832742,2.716623393632159,0,1.4499999999999886,0.009873220305773645,0.2656358055727486,0,0.23759785381300025,0.10156141710147742,0,1,0,0,0,0,0,0,0,0,0,0
2019-04-15,290.24,290.35,289.08,289.97,264.21,49596700.0,259.5735,261.3654,-0.0006430138437099053,69.18577675326735,2.9263682580208865,2.7585723665099047,1,1.079999999999984,0.0058305349696461395,-0.28870981158160736,0,0.23722403025771832,0.06022227456356526,0,1,0,0,0,0,0,0,0,0,0,0
2019-04-16,290.95,291.01,289.5,290.16,264.38,52153200.0,259.927,261.3654,0.000643427576549005,69.5569187998467,2.921033628578641,2.7910646189236523,0,2.589999999999975,0.00674044648102079,0.051545768166027184,0,0.23759785381300025,0.0654720382574604,0,1,0,0,0,0,0,0,0,0,0,0
2019-04-17,291.4,291.43,288.99,289.45,263.74,58268300.0,260.287,261.3654,-0.002420757999848644,66.31845483798917,2.832511812023256,2.7993540575435736,1,1.0600000000000023,-0.0024203442670095443,0.11725263262848684,0,0.23619051807546831,0.07802937444542762,0,1,0,0,0,0,0,0,0,0,0,0
2019-04-18,290.1,290.32,288.66,290.02,264.26,68708500.0,260.52799999999996,261.3654,0.0019716387351178533,67.63688491982485,2.7723592570351343,2.793955097441886,1,1.6499999999999773,0.00019430831181821429,0.1791746112380146,0,0.23733397836221293,0.0994682881622295,0,1,0,0,0,0,0,0,0,0,0,0
2019-04-22,289.17,290.44,289.07,290.27,264.48,40160100.0,261.03000000000003,261.3654,0.00083251343373969,68.20396203853609,2.711187206750651,2.7774015193036394,1,0.10000000000002274,0.00038339416900889933,-0.4155002656148803,0,0.23781775002198957,0.04084424989162672,0,1,0,0,0,0,0,0,0,0,0,0
2019-04-23,290.68,293.14,290.42,292.88,266.86,52246600.0,261.6605,261.3654,0.008998790078644792,73.59442838947325,2.822221216279843,2.78636545869888,0,2.650000000000034,0.011802942247502335,0.3009579159414444,0,0.24305127979593633,0.06566383482660174,0,1,0,0,0,0,0,0,0,0,0,0
2019-04-24,292.79,293.16,292.07,292.23,266.27,50392900.0,262.16650000000004,261.3654,-0.002210897099602871,70.40778298457364,2.8299860816798628,2.7950895832950766,0,1.8899999999999864,0.007620406412781611,-0.03547982069646638,0,0.241753892162899,0.06185726844311907,0,1,0,0,0,0,0,0,0,0,0,0
2019-04-25,292.12,292.78,290.73,292.05,266.1,57770900.0,262.731,261.3654,-0.0006384496939195738,69.47432508999394,2.7902578584840967,2.794123238332881,1,2.3600000000000136,0.006149443285122347,0.14640951403868407,0,0.24138006860761718,0.07700796530740944,0,1,0,0,0,0,0,0,0,0,0,0
2019-04-26,292.1,293.49,291.24,293.41,267.34,50916400.0,263.3095,261.3654,0.00465990229237101,72.35352173486892,2.826251326253953,2.8005488559170955,1,3.079999999999984,0.001810555498848565,-0.1186497008009223,0,0.24410678159908517,0.06293227383868102,0,1,0,0,0,0,0,0,0,0,0,0
2019-04-29,293.51,294.45,293.41,293.87,267.76,57197700.0,263.82800000000003,261.3654,0.0015710331413181233,73.2730554429012,2.855747617797306,2.8115886082931376,1,3.2799999999999727,0.005592485739769559,0.12336496688689702,0,0.24503034567684046,0.075830901137904,0,1,0,0,0,0,0,0,0,0,0,0
2019-04-30,293.49,294.34,291.92,294.02,267.9,81111700.0,264.20099999999996,261.3654,0.0005228562892141131,73.58840045775705,2.857481206695354,2.820767127973581,0,1.0399999999999636,0.006753791722903246,0.4180937345382769,0,0.24533820036942555,0.12493821542533148,0,1,0,0,0,0,0,0,0,0,0,0
2019-05-01,294.72,294.95,291.8,291.81,265.89,71671900.0,264.46750000000003,261.3654,-0.007502799552071671,62.23504201809062,2.665933662878217,2.7898004349545085,0,-0.37999999999999545,-0.005408910121539434,-0.11638025093790416,0,0.24091828656873948,0.10555361956472856,0,1,0,0,0,0,0,0,0,0,0,0
2019-05-02,291.68,292.7,289.52,291.18,265.31,65030200.0,264.68449999999996,261.3654,-0.0021813531911691886,59.387772104612644,2.439211984242263,2.7196827448120597,1,-0.7900000000000205,-0.009161296454026746,-0.09266811679333187,0,0.2396428885566012,0.09191491214218081,0,1,0,0,0,0,0,0,0,0,0,0
2019-05-03,292.82,294.34,291.3,294.03,267.91,56543700.0,264.9965,261.3654,0.009799856771324222,66.73482965102119,2.441191159279697,2.663984427705587,0,0.57000000000005,0.00011570402808336322,-0.13050090573302864,0,0.2453601899903246,0.07448791445462316,0,1,0,0,0,0,0,0,0,0,0,0
2019-05-06,289.25,293.31,288.9,292.82,266.81,107198100.0,265.1905,261.3654,-0.004105856444328371,61.65305666099474,2.3271726649725224,2.5966220751589746,0,-0.9499999999999886,0.003512647135826663,0.8958451604688056,0,0.2429413316914416,0.17850654541728384,0,1,0,0,0,0,0,0,0,0,0,0
2019-05-07,290.15,290.81,285.81,287.93,262.35,144729900.0,265.15150000000006,261.3654,-0.016716015141861162,46.268765956736,1.8555379738205033,2.4484052548912807,0,-5.5499999999999545,-0.01102201481486531,0.35011628004600825,0,0.2331339607705163,0.2555779637652336,0,1,0,0,0,0,0,0,0,0,0,0
2019-05-08,287.53,289.43,286.87,287.53,261.99,91568300.0,265.16150000000005,261.3654,-0.0013722126929675005,45.286467114918885,1.4361599340425073,2.245956190721526,0,-3.8999999999999773,-0.022194084279157034,-0.36731594508114773,0,0.23234233441815466,0.1464108064840383,0,1,0,0,0,0,0,0,0,0,0,0
2019-05-09,285.23,287.33,283.3,286.66,261.19,103471100.0,265.087,261.3654,-0.0030535516622772763,43.09682488578559,1.027403236962357,2.0022455999696924,1,-4.1200000000000045,-0.02114177949710594,0.1299882164460846,0,0.23058316474623974,0.17085316411974924,0,1,0,0,0,0,0,0,0,0,0,0
2019-05-10,285.62,288.94,282.3,288.1,262.51,112429300.0,265.082,261.3654,0.005053792258509215,47.598909671016195,0.8007431097689164,1.7619451019295373,0,-5.400000000000034,0.0006280279032644387,0.08657683159838836,0,0.23348579470489927,0.18924879608636433,0,1,0,0,0,0,0,0,0,0,0,0
2019-05-13,282.42,283.49,279.93,280.86,255.91,127290500.0,264.6585,261.3654,-0.025141899356215025,33.378808480284135,0.0875393849333932,1.4270639585303084,1,-10.900000000000006,-0.023141658759983086,0.13218262499188382,0,0.21897264491160173,0.21976621764228627,0,1,0,0,0,0,0,0,0,0,0,0
2019-05-14,281.99,285.1,281.85,283.4,258.22,77003200.0,264.35900000000004,261.3654,0.009026610917900912,40.12144462052469,-0.28796255771476353,1.084058655281294,1,-4.1299999999999955,-0.011061496179804897,-0.3950593327860288,0,0.22405224733925588,0.11650142522921642,0,1,0,0,0,0,0,0,0,0,0,0
2019-05-15,281.59,285.77,281.36,285.06,259.74,73956400.0,264.127,261.3654,0.005886453411819259,44.12848800057885,-0.4576240505847977,0.7757221141080758,1,-2.25,-0.010228835026494854,-0.03956718681821014,0,0.22739466971589406,0.11024483222215217,0,1,0,0,0,0,0,0,0,0,0,0
2019-05-16,285.84,289.21,285.76,287.7,262.14,76749600.0,264.047,261.3654,0.009240009240009117,49.836594642022035,-0.3938816412882602,0.5418013630288087,0,0.9499999999999886,0.02415307356972929,0.037768198560232724,0,0.2326721787316386,0.115980658527565,0,1,0,0,0,0,0,0,0,0,0,0
2019-05-17,285.14,288.6,285.12,285.84,260.45,100353000.0,263.8565,261.3654,-0.006446936751354215,46.25313150364488,-0.4742671423660454,0.33858766194983786,0,-2.0600000000000023,0.008679525900474161,0.30753775915444503,0,0.2289559327997185,0.164450156815257,0,1,0,0,0,0,0,0,0,0,0,0
2019-05-20,284.06,285.96,283.12,283.95,258.72,62877600.0,263.5685,261.3654,-0.006642349779228063,42.85601493938655,-0.6698481800495983,0.1369004935499506,1,2.8100000000000307,-0.003849277290573161,-0.3734357717258079,0,0.22515172838420272,0.08749455566751674,0,1,0,0,0,0,0,0,0,0,0,0
2019-05-21,285.83,286.93,285.55,286.51,261.06,46847100.0,263.2785,261.3654,0.00904452690166968,48.37872762682038,-0.6287809226216154,-0.016235789684362623,0,2.839999999999975,-0.0040447596289125975,-0.25494770792778354,0,0.2302972996745536,0.05457598070370449,0,1,0,0,0,0,0,0,0,0,0,0
2019-05-22,285.45,286.69,285.1,285.63,260.26,49482500.0,262.97799999999995,261.3654,-0.003064429633034549,46.716424079230656,-0.653257790190878,-0.1436401897856657,0,0.5199999999999818,-0.0006622525105929311,0.05625534985089797,0,0.22853813000263867,0.05998776526810553,0,1,0,0,0,0,0,0,0,0,0,0
2019-05-23,283.16,283.21,280.57,282.14,257.08,98733800.0,262.527,261.3654,-0.012218550680089146,40.72609746611542,-0.9186655036403977,-0.2986452525566121,1,-5.060000000000002,-0.006238453411454015,0.9953276410852321,0,0.2215454305567771,0.16112513535108527,0,1,0,0,0,0,0,0,0,0,0,0
2019-05-24,283.74,284.2,282.09,282.78,257.66,55268100.0,262.043,261.3654,0.002256107048389744,42.18231797547211,-1.069869091059445,-0.4528900202571787,0,-2.7899999999999636,-0.013026873264733951,-0.4402312075499981,0,0.2228208285689155,0.07186847437328828,0,1,0,0,0,0,0,0,0,0,0,0
2019-05-28,283.09,284.15,280.13,280.15,255.26,70029400.0,261.418,261.3654,-0.009314600636497805,38.019927340783184,-1.3675941912759413,-0.6358308544609312,0,-3.4600000000000364,-0.019277044268197208,0.26708535303366676,0,0.21754331955317086,0.1021807516330944,0,0,0,0,0,0,0,0,0,0,0,0
2019-05-29,278.91,279.36,276.71,278.27,253.55,104972900.0,260.70050000000003,261.2914,-0.006699051947034351,35.34386637512763,-1.721679734849772,-0.8530006305386995,1,-7.509999999999991,-0.013757545535142413,0.49898328416350846,0,0.21378309437945286,0.17393710509979685,0,0,0,0,0,0,0,0,0,0,0,0
2019-05-30,279.11,280.04,277.81,279.03,254.24,62523800.0,260.118,261.23,0.0027213567343720158,37.26274668057852,-1.9244341665974503,-1.0672873377504497,0,-6.019999999999982,-0.01329229584916014,-0.40438151179971216,0,0.2153003782214794,0.08676802862081223,0,0,0,0,0,0,0,0,0,0,0,0
2019-05-31,276.2,277.12,275.24,275.27,250.82,86862800.0,259.3935,261.1156,-0.013451856513530536,32.16697384407824,-2.3341769929911607,-1.320665268798592,0,-6.259999999999991,-0.01742955172619287,0.3892757637891491,0,0.20777992787404342,0.1367480789027265,0,0,0,0,0,0,0,0,0,0,0,0
2019-06-03,275.31,276.55,273.09,274.57,250.18,96428000.0,258.507,260.93039999999996,-0.0025516306514631326,31.30423985329797,-2.679654398365301,-1.5924630947119338,1,-7.480000000000018,-0.013282130430621653,0.11011848570389171,0,0.2063725921365116,0.15639018321911444,0,0,0,0,0,0,0,0,0,0,0,0
2019-06-04,277.12,280.68,276.62,280.53,255.61,77231900.0,257.947,260.9538,0.021704372851546916,44.82531195067237,-2.4866278139904523,-1.7712960385676375,1,0.35000000000002274,0.005700885686553248,-0.19907184635168207,0,0.21831295628463365,0.11697105986907316,0,0,0,0,0,0,0,0,0,0,0,0
2019-06-05,282.33,282.99,280.32,282.96,257.82,71169700.0,257.7205,261.0252,0.008645984116427252,49.20719256056439,-2.1307622243635365,-1.8431892757268176,1,4.269999999999982,0.027798726316511035,-0.07849347225693015,0,0.22317266250329837,0.10452235364371384,0,0,0,0,0,0,0,0,0,0,0,0
2019-06-06,283.29,285.55,282.57,284.8,259.5,69430400.0,257.596,261.0922,0.0065161740749359875,52.30795363167638,-1.6936508681103533,-1.8132815942035247,1,5.259999999999991,0.036866531042910156,-0.024438770993835846,0,0.22686691881431964,0.10095070725498245,0,0,0,0,0,0,0,0,0,0,0,0
2019-06-07,285.93,288.85,285.74,287.65,262.1,74272200.0,257.6415,261.238,0.01001926782273621,56.71228048716242,-1.1244764338024993,-1.6755205621233198,1,11.28000000000003,0.02518142601409945,0.06973602341337504,0,0.23258422024804293,0.1108933264034673,0,0,0,0,0,0,0,0,0,0,0,0
2019-06-10,289.37,290.82,288.87,288.97,263.3,60799100.0,257.681,261.3886,0.004578405188859103,58.6120465172236,-0.5700010059680949,-1.454416650892275,0,13.120000000000005,0.0211138470865313,-0.18140165499338923,0,0.23522297475591525,0.08322636328036204,0,0,0,0,0,0,0,0,0,0,0,0
2019-06-11,290.99,291.4,288.18,288.9,263.23,58641300.0,258.047,261.5054,-0.0002658564375237482,58.45089734793247,-0.13467124335176095,-1.190467569384172,0,7.6200000000000045,0.014331816574071565,-0.0354906569340665,0,0.23506904740962264,0.07879532862411837,0,0,0,0,0,0,0,0,0,0,0,0
2019-06-12,288.64,289.26,287.82,288.39,262.77,47096300.0,258.2745,261.55199999999996,-0.0017475211791970757,57.335299303012114,0.17123864181320414,-0.9181263271446969,1,4.949999999999989,0.0025650275721382787,-0.19687489874883402,0,0.23405752484827158,0.05508771202094238,0,0,0,0,0,0,0,0,0,0,0,0
2019-06-13,289.4,289.98,288.62,289.58,263.85,48945200.0,258.48,261.6178,0.004110058225825108,59.299418252031785,0.49511403740609694,-0.6354782542345382,0,4.350000000000023,0.0020966806091042844,0.03925786102092954,0,0.2364324039053567,0.05888442162142849,0,0,0,0,0,0,0,0,0,0,0,0
2019-06-14,289.26,289.93,288.41,289.26,263.56,52324700.0,258.55100000000004,261.6696,-0.0010991093424295162,58.52036873621701,0.7200863383702654,-0.36436533571357743,1,1.4599999999999795,0.0012634277041985165,0.0690466072260405,0,0.23579470489928755,0.06582421289994153,0,0,0,0,0,0,0,0,0,0,0,0
2019-06-17,289.52,290.22,289.18,289.37,263.66,39205700.0,258.7115,261.7094,0.0003794202458644591,58.72175162876593,0.8961177839875631,-0.11226871177334932,1,0.36000000000001364,0.0033903691292600513,-0.25072288995445746,0,0.23601460110827688,0.03888439287247807,0,0,0,0,0,0,0,0,0,0,0,0
2019-06-18,291.39,293.57,290.99,292.4,266.42,85434800.0,259.0965,261.7792,0.010468027004475466,63.92723313534486,1.243992930451384,0.15898361667159733,1,3.1899999999999977,0.00974833790791041,1.1791423185914294,0,0.24208373647638315,0.13381568596125093,0,0,0,0,0,0,0,0,0,0,0,0
2019-06-19,292.55,293.65,291.47,293.06,267.03,78674400.0,259.39500000000004,261.85720000000003,0.0022896178965541303,64.97842210160792,1.5510290944278609,0.43739271222285003,1,4.259999999999991,0.013137065146894056,-0.07912934775992919,0,0.24342510335121814,0.11993322850918417,0,0,0,0,0,0,0,0,0,0,0,0
2019-06-20,296.04,296.31,293.13,295.86,269.58,116570000.0,259.861,262.013,0.009549488821480878,69.04002093658193,1.9773277517379029,0.7453797201258606,0,5.729999999999961,0.022307133722510475,0.48167637757644166,0,0.2490324566804467,0.19775170886841462,0,0,0,0,0,0,0,0,0,0,0,0
2019-06-21,1.43 Dividend,,,,,,271.4545,269.217,0.0,69.04002093658193,1.9773277517379029,0.9917693264482691,0,0.0,0.011839106718035008,0.0,0,0.24815287184448942,0.12945138993987979,1,1,0,0,0,0,1,0,0,0,1,1
2019-06-21,294.13,295.52,293.76,294.0,269.18,83309500.0,271.4545,269.217,-0.0014837895986348215,69.04002093658193,2.339926228261845,1.2614007068109843,0,5.519999999999982,0.008065699222846057,-0.28532641331388864,0,0.24815287184448942,0.12945138993987979,1,1,0,0,0,0,0,0,0,0,0,0
2019-06-24,294.23,294.58,293.47,293.64,268.85,47582700.0,271.4545,269.217,-0.0012259454640016765,67.76966774660886,2.49094385046277,1.5073093355413414,0,2.430000000000007,-0.002709735062636498,-0.4288442494553443,0,0.2474272143548245,0.05608653269792677,1,1,0,0,0,0,0,0,0,0,0,0
2019-06-25,293.7,293.73,290.64,290.76,266.22,82028700.0,271.4545,269.217,-0.009782406546401279,58.52683491207389,2.371075106027945,1.680062489638662,0,-0.8099999999999454,-0.012492141609037777,0.7239185670422232,0,0.2416439440584045,0.1268212716769653,1,1,0,0,0,0,0,0,0,0,0,0
2019-06-26,291.75,292.31,290.35,290.47,265.95,51584900.0,271.4545,269.217,-0.0010141987829616061,57.65743861447356,2.2286015871001155,1.7897703091309527,1,-3.6299999999999955,-0.012022550793364561,-0.3711359560739107,0,0.24105022429413314,0.06430503622059727,1,1,0,0,0,0,0,0,0,0,0,0
2019-06-27,291.31,292.06,290.89,291.5,266.9,40355200.0,271.4545,269.217,0.0035721000188004837,59.91376804218719,2.16736334193331,1.8652889156914243,1,0.0,-0.007224505310562401,-0.21769354985664413,0,0.243139238279532,0.0412448870505076,1,1,0,0,0,0,1,0,0,0,0,0
2019-06-28,292.58,293.55,292.01,293.0,268.27,59350900.0,271.4545,269.217,0.005133008617459689,62.977643354372276,2.203973111766345,1.9330257549064085,1,-0.910000000000025,0.0076909098532985665,0.47071257235746566,0,0.24615181634268612,0.08025248971044263,1,1,0,0,0,0,0,0,0,0,0,0
2019-07-01,296.68,296.92,294.33,295.66,270.7,78705600.0,271.4545,269.217,0.009058038543258595,67.69421599000842,2.4013856310170922,2.0266977301285456,1,1.849999999999966,0.017763147179518768,0.32610625955124517,0,0.2514952942211276,0.11999729759866179,1,1,0,0,0,0,0,0,0,0,0,0
2019-07-02,295.61,296.49,294.68,296.43,271.41,61504500.0,271.4545,269.217,0.002622829700775986,68.93933254983332,2.585325517825936,2.138423287668024,1,5.189999999999998,0.01681387686149427,-0.2185498871744831,0,0.25305655730495213,0.0846748996815643,1,1,0,0,0,0,0,0,0,0,0,0
2019-07-03,297.18,298.82,297.02,298.8,273.58,40898900.0,271.4545,269.217,0.007995283887844762,72.43602645808264,2.873080978797759,2.2853548258939713,0,7.6299999999999955,0.019676152131879343,-0.3350258924143762,0,0.2578283050400211,0.04236137307451338,1,1,0,0,0,0,0,0,0,0,0,0
2019-07-05,297.44,298.64,296.01,298.46,273.27,51677300.0,271.4545,269.217,-0.0011331237663572136,71.20283429007468,3.041059405726685,2.436495741860514,0,6.3700000000000045,0.009484989822263534,0.26353765015685027,0,0.25714662679215405,0.06449477929328098,1,1,0,0,0,0,0,0,0,0,0,0
2019-07-08,297.01,298.26,296.22,296.82,271.77,45841800.0,271.4545,269.217,-0.0054890767372928195,65.40088396570762,3.0183523680701114,2.552867067102434,1,3.5,0.0013730833841947288,-0.11292192123040479,0,0.25384818365731365,0.052511600714863195,1,1,0,0,0,0,0,0,0,0,0,0
2019-07-09,295.54,297.52,295.48,297.19,272.11,41101300.0,271.4545,269.217,0.001251057879825046,66.0756612547707,2.993287283090524,2.640951110300052,1,1.410000000000025,-0.005371142623824987,-0.10340998826398617,0,0.2545958307678775,0.04277700075753484,1,1,0,0,0,0,0,0,0,0,0,0
2019-07-10,298.37,299.66,297.78,298.61,273.41,58448500.0,271.4545,269.217,0.004777479695711406,68.59745422576641,3.0432415637123427,2.72140920098251,1,2.0,0.0005394608382436328,0.422059642882342,0,0.25745448148473926,0.07839941450709001,1,1,0,0,0,0,0,0,0,0,0,0
2019-07-11,299.32,299.58,298.2,299.31,274.05,50826100.0,271.4545,269.217,0.0023408068468599996,69.78813905683674,3.098752848373749,2.796877930460758,1,0.4700000000000273,0.008369344422396452,-0.13041224325688427,0,0.2588618172222711,0.0627468431085583,1,1,0,0,0,0,0,0,0,0,0,0
2019-07-12,299.85,300.73,299.51,300.65,275.27,40326000.0,271.4545,269.217,0.004451742382776791,71.969965196731,3.204253110164018,2.87835296640141,1,2.0,0.011570028925348197,-0.20658874082410417,0,0.2615445509719412,0.041184924953945205,1,1,0,0,0,0,0,0,0,0,0,0
2019-07-15,301.13,301.13,300.19,300.75,275.36,33900000.0,271.4545,269.217,0.0003269517201294203,72.12986542781945,3.257573792647406,2.9541971316506093,0,3.590000000000032,0.007119500949766211,-0.15935128701086143,0,0.26174245756003167,0.02798915671730521,1,1,0,0,0,0,0,0,0,0,0,0
2019-07-16,300.65,300.88,299.44,299.78,274.48,36650100.0,271.4545,269.217,-0.0031958163858222255,68.04261456948888,3.1920264778677847,3.0017630008940444,0,2.3700000000000045,0.0015828777170839858,0.08112389380530982,0,0.2598073709209253,0.033636477325394785,1,1,0,0,0,0,0,0,0,0,0,0
2019-07-17,299.75,299.93,297.74,297.74,272.61,36036300.0,271.4545,269.217,-0.006812882541533116,60.231970285523026,2.9551215847741332,2.9924347176700623,1,-0.8000000000000114,-0.009681747207225921,-0.016747566855206397,0,0.25569531181282434,0.032376041199710125,1,1,0,0,0,0,0,0,0,0,0,0
2019-07-18,297.19,299.25,296.7,298.83,273.61,51392600.0,271.4545,269.217,0.0036682440115916037,62.697908154752184,2.8156078185637057,2.957069337848791,0,-0.4399999999999977,-0.006340454915763738,0.42613420356695886,0,0.2578942739027179,0.06391014885179772,1,1,0,0,0,0,0,0,0,0,0,0
2019-07-19,300.04,300.07,296.98,297.17,272.09,58678600.0,271.4545,269.217,-0.005555352509045819,56.92035527753381,2.55296190123579,2.876247850526191,1,-3.180000000000007,-0.008699991038987331,0.14177138342874263,0,0.2545518515260796,0.07887192404198742,0,1,0,0,0,0,0,0,0,0,0,0
2019-07-22,297.61,298.5,297.04,297.9,272.76,43638100.0,271.6335,269.217,0.002462420522621356,58.725804954303584,2.371538895907804,2.7753060596025136,1,-2.6000000000000227,0.0005753120251671406,-0.25632002126840103,0,0.2560251561263083,0.04798631057121495,0,1,0,0,0,0,0,0,0,0,0,0
2019-07-23,299.14,300.03,298.22,300.03,274.71,44564500.0,271.92650000000003,269.217,0.007149142102947703,63.51801872680969,2.35792783593962,2.691830414869935,1,0.22999999999996135,0.00405621011652324,0.021229155256530463,0,0.2603131322016008,0.04988866968955035,0,1,0,0,0,0,0,0,0,0,0,0
2019-07-24,299.19,301.44,299.09,301.44,276.0,47213200.0,272.41549999999995,269.217,0.0046958610898766295,66.30517048555393,2.4232989104837657,2.6381241139927014,0,3.3899999999999864,0.014307423715445688,0.05943520066420582,0,0.2631497932975635,0.055327765756837684,0,1,0,0,0,0,0,0,0,0,0,0
2019-07-25,300.94,301.0,299.11,300.0,274.68,55394100.0,272.852,269.217,-0.0047826086956521685,61.15651498699245,2.3416004770298855,2.5788193866001383,1,1.0699999999999932,0.007062394497172164,0.17327569408555243,0,0.26024716333890396,0.0721272149269479,0,1,0,0,0,0,0,0,0,0,0,0
2019-07-26,300.76,302.23,300.62,302.01,276.52,45084100.0,273.33299999999997,269.217,0.006698703946410367,65.21167948056117,2.3976874539303594,2.5425930000661827,0,4.430000000000007,0.006611956340634828,-0.18612090457286967,0,0.2642932535843081,0.05095566644892759,0,1,0,0,0,0,0,0,0,0,0,0
2019-07-29,301.88,302.01,300.85,301.46,276.01,38126500.0,273.71999999999997,269.217,-0.001844351222334728,63.24095573682141,2.3736224078674013,2.5087988816264266,0,3.25,7.17440284234705e-05,-0.1543249172102803,0,0.26317178291846244,0.03666825949541896,0,1,0,0,0,0,0,0,0,0,0,0
2019-07-30,299.91,301.17,299.49,300.72,275.34,45849000.0,273.952,269.217,-0.002427448280859501,60.647936706069856,2.2742709055917203,2.4618932864194853,0,0.6299999999999955,0.002426904443216138,0.2025494078921486,0,0.2616984783182337,0.05252638588935802,0,1,0,0,0,0,0,0,0,0,0,0
2019-07-31,300.99,301.2,295.2,297.43,272.32,104245200.0,273.99750000000006,269.217,-0.010968257427180883,50.58072593616383,1.9296021114373048,2.3554350514230493,0,-3.680000000000007,-0.015240056930375112,1.2736635477327751,0,0.2550576128067552,0.17244277572758973,0,1,0,0,0,0,0,0,0,0,0,0
2019-08-01,297.6,300.87,293.96,294.84,269.95,142646600.0,273.81600000000003,269.217,-0.008702996474735603,44.357868062488706,1.448512861185975,2.1740506133756345,0,-4.730000000000018,-0.022098702182775987,0.36837571418156423,0,0.2498460726537074,0.25129991459508233,0,1,0,0,0,0,0,0,0,0,0,0
2019-08-02,293.85,294.12,290.9,292.62,267.92,116749700.0,273.5485,269.217,-0.007519911094647003,39.83698137550015,0.8931464929129334,1.9178697892830945,0,-8.599999999999966,-0.02719116499656349,-0.18154586229184577,0,0.24538217961122355,0.1981207221818482,0,1,0,0,0,0,0,0,0,0,0,0
2019-08-05,288.09,288.21,281.72,283.82,259.86,178745400.0,272.95300000000003,269.217,-0.030083607046879624,27.745699946787752,-0.19511087816039208,1.4952736557943973,1,-16.149999999999977,-0.04630651461626223,0.5310137841895954,0,0.22765854516668127,0.3254286725192685,0,1,0,0,0,0,0,0,0,0,0,0
2019-08-06,285.91,288.04,284.28,287.8,263.51,120711700.0,272.523,269.217,0.014046024782575106,37.061960453958555,-0.7543425976262483,1.0453504051102682,1,-11.829999999999984,-0.02355749335895152,-0.3246724111501611,0,0.23568475679479284,0.20625667514692256,0,1,0,0,0,0,0,0,0,0,0,0
2019-08-07,284.4,288.82,282.04,287.97,263.66,140572300.0,272.0355,269.217,0.00056923835907563,37.41907127294534,-1.171924798374448,0.601895364413325,1,-8.659999999999968,-0.015468343905228887,0.1645292047084086,0,0.23601460110827688,0.2470403468930496,0,1,0,0,0,0,0,0,0,0,0,0
2019-08-08,289.62,293.62,289.01,293.62,268.84,87713900.0,271.775,269.217,0.01964651445042831,48.323565397842934,-1.0725156986943034,0.26701315179179935,0,-1.1100000000000136,0.034261777592079046,-0.37602287221593444,0,0.24740522473392546,0.13849580973780343,0,1,0,0,0,0,0,0,0,0,0,0
2019-08-09,292.58,293.24,289.65,291.62,267.01,93730000.0,271.362,269.217,-0.006807022764469539,45.319206386272285,-1.1283915812959435,-0.012067794825749212,0,-0.910000000000025,0.0134087300450344,0.0685877608908052,0,0.24338112410942025,0.15084984977646665,0,1,0,0,0,0,0,0,0,0,0,0
2019-08-12,289.96,291.61,287.02,288.07,263.75,65527600.0,270.7815,269.217,-0.012209280551290225,40.48984041915761,-1.4193667989320033,-0.29352759564700004,1,3.8899999999999864,0.0006302111346685457,-0.3008897898218287,0,0.23621250769636726,0.09293632128019896,0,1,0,0,0,0,0,0,0,0,0,0
2019-08-13,287.74,294.15,287.36,292.55,267.86,94299800.0,270.45050000000003,269.217,0.015582938388625678,48.01165644076732,-1.3033004674624635,-0.49548217001009276,0,4.350000000000023,-0.003433364927134086,0.4390852098962881,0,0.2452502418858299,0.1520199320580162,0,1,0,0,0,0,0,0,0,0,0,0
2019-08-14,288.07,288.74,283.76,283.9,259.94,135622100.0,269.81699999999995,269.217,-0.029567684611364164,38.03503569617365,-1.8293077522944259,-0.7622472864669594,1,-3.7200000000000273,-0.02619402677402871,0.4382013535553628,0,0.22783446213387282,0.2368751287285592,0,1,0,0,0,0,0,0,0,0,0,0
2019-08-15,284.88,285.64,282.39,284.65,260.62,99556600.0,269.1675,269.217,0.002615988304993433,39.20315243860164,-2.166329895655167,-1.0430638083046009,1,-8.21999999999997,-0.011368757917745054,-0.2659264234958757,0,0.2293297563550004,0.16281475223641165,0,1,0,0,0,0,0,0,0,0,0,0
2019-08-16,286.48,289.33,284.71,288.85,264.47,83018300.0,268.7865,269.217,0.014772465658813738,45.47081428578775,-2.098568556172495,-1.2541647578781798,1,-2.5399999999999636,-0.012179230647556993,-0.1661195741919672,0,0.23779576040109074,0.12885341177142204,0,1,0,0,0,0,0,0,0,0,0,0
2019-08-19,292.19,293.08,291.44,292.33,267.66,53571800.0,268.53149999999994,269.217,0.012061859568192945,50.064376573818194,-1.7670909419775285,-1.3567499946980495,0,3.910000000000025,0.029450313532000116,-0.35469890373568236,0,0.24481044946785124,0.06838512833223437,0,1,0,0,0,0,0,0,0,0,0,0
2019-08-20,291.77,292.36,289.95,290.09,265.6,51596400.0,268.076,269.217,-0.007696331166405113,47.293704354735524,-1.6515789543094002,-1.4157157866203198,1,-2.259999999999991,0.01913799406060157,-0.03687387767444816,0,0.24028058756267046,0.06432865142985986,0,1,0,0,0,0,0,0,0,0,0,0
2019-08-21,292.48,292.86,291.72,292.45,267.77,49524700.0,267.66450000000003,269.217,0.00817018072289133,50.407226315061,-1.3691512835801518,-1.4064028860122864,0,7.829999999999984,0.012535709124679162,-0.04015202611034874,0,0.2450523352977394,0.06007442281861692,0,1,0,0,0,0,0,0,0,0,0,0
2019-08-22,293.23,293.93,290.4,292.36,267.68,51666400.0,267.3145,269.217,-0.00033610934757433153,50.2745769050138,-1.1394526665292233,-1.353012842115674,0,7.060000000000002,0.0001377402089118851,0.04324508780467129,0,0.24485442870964902,0.06447239618189296,0,1,0,0,0,0,0,0,0,0,0,0
2019-08-23,290.92,292.76,283.47,284.85,260.81,149161500.0,266.529,269.217,-0.025664973102211608,41.333097416478864,-1.4945383350331554,-1.3813179406991702,1,-3.660000000000025,-0.01783090172689461,1.8870116748989672,0,0.22974755915208023,0.2646782386668044,0,1,0,0,0,0,0,0,0,0,0,0
2019-08-26,287.27,288.0,285.58,288.0,263.69,72423800.0,265.913,269.217,0.011042521375714154,45.693561525115946,-1.525963991723927,-1.4102471509041217,0,-3.9700000000000273,-0.014958561074071786,-0.5144605008665104,0,0.2360805699709737,0.10709764355120999,0,1,0,0,0,0,0,0,0,0,0,0
2019-08-27,289.54,289.95,286.03,286.87,262.66,66668900.0,265.279,269.217,-0.003906101862034883,44.421915441696214,-1.6153605718466224,-1.4512698350926219,1,-2.9399999999999977,-0.018528553588532337,-0.0794614477561244,0,0.23381563901838331,0.09527997678727604,0,1,0,0,0,0,0,0,0,0,0,0
2019-08-28,286.14,289.07,285.25,288.89,264.51,59696700.0,264.88849999999996,269.217,0.007043325972740266,47.26090073863033,-1.519413612434505,-1.4648985905609986,1,-3.259999999999991,0.014179745486419537,-0.10457949658686438,0,0.2378837188846864,0.08096258878548623,0,1,0,0,0,0,0,0,0,0,0,0
2019-08-29,291.72,293.16,290.61,292.58,267.88,57899400.0,264.78499999999997,269.217,0.012740539110052573,52.06442878645211,-1.1580943295625161,-1.4035377383613024,0,0.19999999999998863,0.015877763220757957,-0.030107191854826132,0,0.24529422112762767,0.0772718396022131,0,1,0,0,0,0,0,0,0,0,0,0
2019-08-30,294.22,294.24,291.42,292.45,267.77,62901200.0,264.77750000000003,269.217,-0.0004106316261013321,51.8982682228339,-0.8705866939270095,-1.2969475294744437,0,6.9599999999999795,0.019373233456691508,0.08638776913059543,0,0.2450523352977394,0.0875430181839165,0,0,0,0,0,0,0,0,0,0,0,0
2019-09-03,290.57,291.58,289.27,290.74,266.2,69101400.0,265.09450000000004,269.1574,-0.005863240841020301,49.47147188409536,-0.760652373199207,-1.1896884982193963,1,2.509999999999991,0.0064666666429309405,0.0985704565254717,0,0.2415999648166065,0.1002751069204268,0,0,0,0,0,0,0,0,0,0,0,0
2019-09-04,293.14,294.06,292.31,294.04,269.22,46887300.0,265.38,269.1648,0.011344853493614027,53.93373748770319,-0.42494141111103545,-1.0367390807977241,1,6.560000000000002,0.005070981026492394,-0.3214710555791923,0,0.2482408303280852,0.05465853126130065,0,0,0,0,0,0,0,0,0,0,0,0
2019-09-05,296.79,298.83,294.0,297.82,272.68,83258100.0,265.831,269.29400000000004,0.012851942649134473,58.45999400735767,0.11893403110741474,-0.8056044584166964,1,8.170000000000016,0.0183335553017282,0.7757068545213737,0,0.25584923915911684,0.12934584022195833,0,0,0,0,0,0,0,0,0,0,0,0
2019-09-06,298.17,298.76,297.42,298.05,272.89,49584300.0,266.0335,269.4328,0.000770133489804925,58.72507000822507,0.5604440324910342,-0.5323947602351503,1,5.009999999999991,0.024966929632553425,-0.40445073812638055,0,0.2563110211979944,0.060196811207490826,0,0,0,0,0,0,0,0,0,0,0,0
2019-09-09,299.14,299.24,297.16,298.2,273.03,51260300.0,266.3345,269.5554,0.0005130272270876812,58.913304192382626,0.9111376913244271,-0.2436882699232348,0,5.259999999999991,0.01413510336602708,0.03380102169436694,0,0.2566188758905795,0.06363847127045513,0,0,0,0,0,0,0,0,0,0,0,0
2019-09-10,297.36,298.2,295.97,298.13,272.97,57947100.0,266.7955,269.6494,-0.0002197560707613011,58.78956129853317,1.170728020138938,0.039194988089199745,1,6.770000000000039,0.0010634046461313051,0.13044792948929285,0,0.2564869381651861,0.07736979138324138,0,0,0,0,0,0,0,0,0,0,0,0
2019-09-11,298.47,300.34,297.75,300.25,274.91,68821100.0,267.148,269.7336,0.007107008096127743,61.598186474230225,1.5155269612883444,0.3344613827290287,1,5.689999999999998,0.007400279252454123,0.1876539119300189,0,0.26075292461957955,0.09969951186335707,0,0,0,0,0,0,0,0,0,0,0,0
2019-09-12,301.25,302.46,300.41,301.29,275.86,72908700.0,267.944,269.8226,0.0034556764031865583,62.93051005872249,1.844181095108695,0.636405325204962,0,3.180000000000007,0.010342928428553,0.05939457521021896,0,0.2628419386049784,0.10809338398350796,0,0,0,0,0,0,0,0,0,0,0,0
2019-09-13,301.78,302.17,300.68,301.09,275.68,62104800.0,268.697,269.8646,-0.000652504893786765,62.488136522953965,2.066298366961007,0.922383933556171,0,2.7900000000000205,0.009910179605527536,-0.1481839615848315,0,0.26244612542879764,0.08590761360507115,0,0,0,0,0,0,0,0,0,0,0,0
2019-09-16,299.84,301.14,299.45,300.16,274.82,58191200.0,269.2145,269.8956,-0.003119558908879938,60.30688662362266,2.148170322207534,1.1675412112864436,1,1.7900000000000205,-0.0003163873994801447,-0.06301606317064057,0,0.26055501803148906,0.07787104986854543,0,0,0,0,0,0,0,0,0,0,0,0
2019-09-17,299.94,301.02,299.75,300.92,275.52,41475500.0,269.6075,269.9706,0.0025471217524197787,61.48535523441947,2.243674898857023,1.3827679488005595,1,2.5499999999999545,-0.0012249420502469244,-0.2872547739177058,0,0.26209429149441454,0.04354541913197473,0,0,0,0,0,0,0,0,0,0,0,0
2019-09-18,300.49,301.22,298.24,301.1,275.69,73375800.0,270.11199999999997,270.0422,0.0006170150987225842,61.78211503345756,2.3064927307179346,1.5675129051840346,0,0.7799999999999727,4.457794226242484e-05,0.769135995949416,0,0.26246811504969647,0.10905257217886036,0,0,0,0,0,0,0,0,0,0,0,0
2019-09-19,301.53,302.63,300.71,301.08,275.67,76560500.0,270.50699999999995,270.0874,-7.254525009969814e-05,61.721861302531,2.32782872171191,1.7195760684896098,0,-0.18999999999999773,0.0030915916010426647,0.04340259322555928,0,0.2624241358078987,0.11559234234742982,0,0,0,0,0,0,0,0,0,0,0,0
2019-09-20,300.36,300.67,297.41,298.28,274.36,89565000.0,270.841,270.0936,-0.004752058620814736,57.74910082415515,2.2135155668301536,1.8183639681577186,0,-1.3199999999999932,-0.00420758877219185,0.16985913101403471,0,0.2595434954701381,0.1422970370304963,0,0,0,0,0,0,0,0,0,0,0,0
2019-09-20,1.38 Dividend,,,,,,271.3395,278.3756,0.0,57.74910082415515,2.2135155668301536,1.8973942878922059,0,0.0,-0.0048246038709144345,0.0,0,0.25941155774474445,0.047655081592601505,1,1,0,0,0,0,1,0,0,0,1,1
2019-09-23,297.55,299.0,297.27,298.21,274.3,43476800.0,271.3395,278.3756,-0.00021869077124947456,57.74910082415515,2.091645654725369,1.9362445612588386,0,-1.2199999999999704,-0.004970749392064211,-0.5145782392675711,0,0.25941155774474445,0.047655081592601505,1,1,0,0,0,0,0,0,0,0,0,0
2019-09-24,299.41,299.84,294.81,295.87,272.15,94869400.0,271.3395,278.3756,-0.00783813343055062,51.01783684632556,1.8017384608545512,1.9093433411779812,1,-3.5400000000000205,-0.008056824201800095,1.1820695175357891,0,0.25468378925147317,0.15318960364027426,1,1,0,0,0,0,0,0,0,0,0,0
2019-09-25,295.96,298.11,294.33,297.62,273.76,71854000.0,271.3395,278.3756,0.005915855226896971,55.2265033020273,1.6825036114018985,1.863975395222765,0,-1.910000000000025,-0.0021409689749031235,-0.24260088078980158,0,0.25822411821620195,0.10592756126966044,1,1,0,0,0,0,0,0,0,0,0,0
2019-09-26,297.63,297.86,295.45,297.0,273.19,56179700.0,271.3395,278.3756,-0.0020821157218000597,53.47468739563372,1.5244420785098782,1.7960687318801876,0,-1.170000000000016,-0.004004393925453709,-0.2181409524869875,0,0.2569707098249626,0.07374044174405098,1,1,0,0,0,0,0,0,0,0,0,0
2019-09-27,297.83,297.95,293.69,295.4,271.72,84746600.0,271.3395,278.3756,-0.005380870456458742,49.14508356445371,1.265967178625715,1.6900484212292932,1,0.0,-0.0015471309513618303,0.5084915013786118,0,0.25373823555281905,0.13240246969911965,1,1,0,0,0,0,1,0,0,0,0,0
2019-09-30,295.97,297.55,295.92,296.77,272.98,51662400.0,271.3395,278.3756,0.0046371264537024,52.68154066587145,1.1495441980483747,1.5819475765931095,0,-1.3199999999999932,-0.002825859724556401,-0.39038970294973485,0,0.2565089277860849,0.06446418219606251,1,1,0,0,0,0,0,0,0,0,0,0
2019-10-01,297.74,298.46,293.0,293.24,269.73,88242400.0,271.3395,278.3756,-0.011905634112389207,44.1526964798949,0.7859701340855736,1.4227520880916025,0,-2.419999999999959,-0.012649378115145549,0.7080584719254235,0,0.24936230099393086,0.13958108261565344,1,1,0,0,0,0,0,0,0,0,0,0
2019-10-02,291.5,291.51,286.64,288.06,264.96,122539500.0,271.3395,278.3756,-0.017684351017684508,35.156531093881085,0.11164891435305435,1.1605314533438928,1,-8.800000000000011,-0.024952858676371314,0.38866916584317734,0,0.2388732518251384,0.21001005597215294,1,1,0,0,0,0,0,0,0,0,0,0
2019-10-03,287.81,290.45,284.82,290.42,267.13,85278800.0,271.3395,278.3756,0.008189915458937325,41.04185103708774,-0.24483237078618458,0.8794586885178775,1,-6.060000000000002,-0.02140006967113639,-0.3040709322300156,0,0.24364499956020758,0.13349534051386286,1,1,0,0,0,0,0,0,0,0,0,0
2019-10-04,291.14,294.63,291.08,294.35,270.75,65091200.0,271.3395,278.3756,0.013551454348070147,49.307567257285726,-0.2325617836925744,0.6570545940757871,0,-0.9700000000000273,0.004057018789322964,-0.23672471939098583,0,0.2516052423256223,0.09204017542609538,1,1,0,0,0,0,0,0,0,0,0,0
2019-10-07,293.47,295.26,292.77,293.08,269.58,59610500.0,271.3395,278.3756,-0.004321329639889293,47.013424132187026,-0.3136311324518033,0.4629174487702691,0,-3.400000000000034,0.017420040167118178,-0.08420032200973404,0,0.2490324566804467,0.08078557739083972,1,1,0,0,0,0,0,0,0,0,0,0
2019-10-08,291.04,291.85,288.49,288.53,265.4,95708100.0,271.3395,278.3756,-0.015505601305734862,39.875273459516244,-0.7070201534745024,0.2289299283213148,1,-4.330000000000041,-0.006275476597554008,0.6055577456991637,0,0.2398407951446916,0.15491187111927673,1,1,0,0,0,0,0,0,0,0,0,0
2019-10-09,290.75,292.3,290.06,291.27,267.92,62359400.0,271.3395,278.3756,0.00949510173323298,45.27032546458923,-0.8061480741792479,0.021914327821202256,1,2.9600000000000364,-0.010331829212391175,-0.3484417724309645,0,0.24538217961122355,0.08643043380318016,1,1,0,0,0,0,0,0,0,0,0,0
2019-10-10,291.18,294.21,291.0,293.24,269.73,55296300.0,271.3395,278.3756,0.006755747984473093,48.82242358687392,-0.7302380624900024,-0.12851615024103868,1,2.6000000000000227,0.0007452484119712111,-0.11326439959332513,0,0.24936230099393086,0.07192638297339304,1,1,0,0,0,0,0,0,0,0,0,0
2019-10-11,296.27,298.74,296.14,296.28,272.52,98720400.0,271.3395,278.3756,0.010343677010343555,53.79996316777779,-0.43987850276209883,-0.19078862074525071,0,1.7699999999999818,0.026594526728049628,0.7852984738581061,0,0.25549740522473385,0.16109761849855322,1,1,0,0,0,0,0,0,0,0,0,0
2019-10-14,295.93,296.67,295.57,295.95,272.22,40394800.0,271.3395,278.3756,-0.0011008366358430388,53.20078663508021,-0.23130758271582863,-0.19889241313936631,1,2.640000000000043,0.01599858835897361,-0.5908160825928582,0,0.2548377165977659,0.04132620551022919,1,1,0,0,0,0,0,0,0,0,0,0
2019-10-15,297.1,299.7,296.97,298.88,274.92,46754500.0,271.3395,278.3756,0.009918448313863681,57.76032219171769,0.1501232815109006,-0.12908927420931293,0,9.520000000000039,0.019161288688364198,0.15743858120352128,0,0.2607749142404785,0.054385826931729254,1,1,0,0,0,0,0,0,0,0,0,0
2019-10-16,298.37,299.16,297.92,298.4,274.47,48928200.0,271.3395,278.3756,-0.001636839807944046,56.76762630689832,0.41135688417847405,-0.02100004253175554,1,6.550000000000011,0.0071807718700765966,0.04649178153974476,0,0.2597853813000264,0.058849512181649015,1,1,0,0,0,0,0,0,0,0,0,0
2019-10-17,299.68,300.24,298.52,299.28,275.28,45736600.0,271.3395,278.3756,0.002951142201333301,58.161489088641126,0.6759546425740837,0.1183908944894123,0,5.5499999999999545,0.011232750707252936,-0.06523027620063682,0,0.2615665405928401,0.05229557288752199,1,1,0,0,0,0,0,0,0,0,0,0
2019-10-18,298.69,299.4,297.03,297.97,274.08,64304000.0,271.3395,278.3756,-0.0043591979075849885,55.31608914244706,0.7798308961025668,0.2506788948120432,1,1.5600000000000023,-0.0030448955141957335,0.40596371396212216,0,0.2589277860849678,0.09042366301466012,0,1,0,0,0,0,0,0,0,0,0,0
2019-10-21,299.42,300.21,298.94,299.99,275.94,39048600.0,271.42150000000004,278.3756,0.00678633975481624,58.68961056621689,1.000704531817405,0.4006840222131156,0,3.7199999999999704,0.005378284048564552,-0.39275006220452846,0,0.26301785557216995,0.038561788578986615,0,1,0,0,0,0,0,0,0,0,0,0
2019-10-22,300.58,300.9,298.91,299.01,275.04,48594700.0,271.566,278.3756,-0.0032615786040443018,56.468093423363136,1.0905547645647289,0.5386581706834384,1,0.12000000000000455,-0.0008344367568130506,0.24446715119107987,0,0.2610387896912657,0.058164671113034104,0,1,0,0,0,0,0,0,0,0,0,0
2019-10-23,298.73,299.94,298.5,299.88,275.84,34352200.0,271.66999999999996,278.3756,0.002908667830133549,57.99028846006562,1.2123399353546347,0.6733945236176777,1,1.3699999999999477,0.006433428980905487,-0.2930875177745721,0,0.2627979593631805,0.028917747815439133,0,1,0,0,0,0,0,0,0,0,0,0
2019-10-24,300.91,301.07,299.46,300.37,276.29,35453100.0,271.825,278.3756,0.0016313805104410939,58.86168596547053,1.3298372636332942,0.8046830716208011,1,1.0100000000000477,0.001278469736530341,0.032047438009792595,0,0.26378749230363274,0.03117844206562851,0,1,0,0,0,0,0,0,0,0,0,0
2019-10-25,299.74,302.2,299.68,301.6,277.42,45205400.0,272.11,278.3756,0.004089905534040206,61.04673454243406,1.4968811844939864,0.9431226941954383,1,3.340000000000032,0.008629953874614849,0.2750760864353188,0,0.26627231946521246,0.051204755569236406,0,1,0,0,0,0,0,0,0,0,0,0
2019-10-28,302.94,303.85,302.91,303.3,278.98,42147000.0,272.41,278.3756,0.005623242736644718,63.8976291872041,1.7351420206726402,1.1015265594908787,0,3.0400000000000205,0.011344528781126018,-0.06765563406141739,0,0.2697027003254464,0.04492434200326383,0,1,0,0,0,0,0,0,0,0,0,0
2019-10-29,303,304.23,302.86,303.21,278.9,44284900.0,272.8685,278.3756,-0.00028675890744866983,63.64039998530216,1.8956581513462538,1.260352877861954,1,3.859999999999957,0.009426389363236254,0.050724843998386504,0,0.26952678335825486,0.049314512080000934,0,1,0,0,0,0,0,0,0,0,0,0
2019-10-30,303.43,304.55,301.99,304.14,279.75,49643900.0,273.608,278.3756,0.0030476873431337648,65.24147079199315,2.0676219784968453,1.4218066979889323,0,3.910000000000025,0.008384171172329813,0.12101190247691651,0,0.2713959011346644,0.060319199596364746,0,1,0,0,0,0,0,0,0,0,0,0
2019-10-31,304.13,304.13,301.73,303.33,279.01,69053800.0,274.202,278.3756,-0.0026452189454870823,62.65478794194875,2.119757490042275,1.561396856399601,1,2.7199999999999704,0.00011570949019801269,0.39098257791994584,0,0.26976866918814313,0.1001773604890443,0,1,0,0,0,0,0,0,0,0,0,0
2019-11-01,304.92,306.19,304.74,306.14,281.59,71141500.0,274.74399999999997,278.3756,0.009246980394967963,67.49381560432334,2.3422595860958495,1.7175694023388508,1,4.169999999999959,0.009649448792614645,0.030232948802238147,0,0.27544199138006853,0.10446444504360908,0,1,0,0,0,0,0,0,0,0,0,0
2019-11-04,307.85,308.0,306.96,307.37,282.73,60606900.0,275.4015,278.3756,0.004048439220142974,69.38169459860046,2.5808323441310677,1.8902219906972944,0,3.75,0.010650200669623855,-0.14807953163765175,0,0.2779488081625473,0.08283168126120824,0,1,0,0,0,0,0,0,0,0,0,0
2019-11-05,307.59,307.92,306.71,307.03,282.41,42933200.0,276.252,278.3756,-0.001131821879531647,68.18461138837243,2.7128100623167484,2.0547396050211852,1,3.5100000000000477,0.01216359773557929,-0.2916120111736452,0,0.27724514029378133,0.04653880091824148,0,1,0,0,0,0,0,0,0,0,0,0
2019-11-06,307.03,307.4,306.06,307.1,282.48,46487100.0,276.98,278.3756,0.0002478665769625188,68.31340306035594,2.7908802396722194,2.201967731951392,1,2.730000000000018,0.003164483917573846,0.08277743098581047,0,0.27739906764007394,0.053836721978962755,0,1,0,0,0,0,0,0,0,0,0,0
2019-11-07,308.57,309.65,307.66,308.18,283.47,54272300.0,277.66700000000003,278.3756,0.003504672897196359,70.15360015117993,2.8992157890000385,2.3414173433611216,1,4.460000000000036,0.002620717594627231,0.16747011536533796,0,0.27957604010906856,0.06982360260079434,0,1,0,0,0,0,0,0,0,0,0,0
2019-11-08,307.8,309.0,307.03,308.94,284.17,49032100.0,278.2495,278.3756,0.0024693971143330273,71.41756638593262,3.0068950280574427,2.474512880300386,0,2.580000000000041,0.006221936588491905,-0.09655385896672886,0,0.28111531357199404,0.05906287046359531,0,1,0,0,0,0,0,0,0,0,0,0
2019-11-11,307.42,308.54,307.27,308.35,283.63,35797300.0,278.82,278.3756,-0.0019002709645635774,68.9903296155096,3.0139155711588046,2.58239341847207,1,0.8999999999999773,0.004073799046965809,-0.2699211332983903,0,0.27992787404345143,0.031885255546339926,0,1,0,0,0,0,0,0,0,0,0,0
2019-11-12,308.75,309.99,308.15,309.0,284.22,46484600.0,279.28499999999997,278.3756,0.0020801748757184324,70.18271891519377,3.0321349075355215,2.6723417162847607,1,1.8100000000000023,0.0026493010254878824,0.2985504493355644,0,0.28122526167648876,0.053831588237818716,0,1,0,0,0,0,0,0,0,0,0,0
2019-11-13,307.91,309.54,307.66,309.1,284.32,53917700.0,279.77750000000003,278.3756,0.000351840123847591,70.39053737290097,3.0198322803943256,2.7418398291066737,1,1.839999999999975,0.000531744035002446,0.1599045705459443,0,0.28144515788547797,0.06909543275692373,0,1,0,0,0,0,0,0,0,0,0,0
2019-11-14,308.79,309.64,308.09,309.55,284.73,51219900.0,280.25,278.3756,0.0014420371412493527,71.27453615828163,3.0084859795812235,2.7951690592015837,1,1.259999999999991,0.003874052140815376,-0.05003551709364462,0,0.2823467323423344,0.06355551001356746,0,1,0,0,0,0,0,0,0,0,0,0
2019-11-15,311.02,311.84,310.26,311.79,286.79,62023600.0,280.8855,278.3756,0.007234924314262647,75.26957312735857,3.1296421714845906,2.862063681658185,1,2.6200000000000045,0.009028801579359591,0.21092778392773126,0,0.2868765942475152,0.08574086969271275,0,1,0,0,0,0,0,0,0,0,0,0
2019-11-18,311.53,312.28,311.03,312.02,287.0,49228000.0,281.43850000000003,278.3756,0.0007322431047107614,75.641486076062,3.20565181275947,2.9307813078784424,0,3.3700000000000045,0.009409204560222761,-0.20630211725859193,0,0.2873383762863928,0.05946515041964227,0,1,0,0,0,0,0,0,0,0,0,0
2019-11-19,312.68,312.69,311.22,311.93,286.92,67804700.0,282.0325,278.3756,-0.0002787456445992875,75.17766137469559,3.222290115037424,2.989083069310239,0,2.6999999999999886,0.007688421774374121,0.37736044527504675,0,0.28716245931920137,0.09761233806383623,0,1,0,0,0,0,0,0,0,0,0,0
2019-11-20,311.28,311.85,309.06,310.77,285.85,79406200.0,282.533,278.3756,-0.003729262512198517,69.07662769548158,3.1132484417219644,3.013916143792584,0,1.5300000000000296,-0.003275765052087043,0.17110170828865856,0,0.2848095698830152,0.1214359772168675,0,1,0,0,0,0,0,0,0,0,0,0
2019-11-21,310.89,311.01,309.39,310.27,285.39,54664700.0,282.988,278.3756,-0.0016092356130839036,66.57521180169329,2.9556431598740005,3.0022615470088674,1,0.6599999999999682,-0.005617243769881708,-0.31158146341217685,0,0.28379804732166414,0.07062939461076284,0,1,0,0,0,0,0,0,0,0,0,0
2019-11-22,311.09,311.24,309.85,310.96,286.03,44850200.0,283.4185,278.3756,0.0022425452889027753,68.295429748159,2.849534826119907,2.9717162028310753,1,-0.7600000000000477,-0.003095952836379645,-0.17953999564618484,0,0.28520538305919596,0.05047535362749123,0,1,0,0,0,0,0,0,0,0,0,0
2019-11-25,311.98,313.37,311.98,313.37,288.24,48647200.0,283.88149999999996,278.3756,0.0077264622592037036,73.38851458346902,2.910224481143132,2.959417858493487,1,1.240000000000009,0.008359771935022575,0.08465960018015517,0,0.2900650892778608,0.05827247967705893,0,1,0,0,0,0,0,0,0,0,0,0
2019-11-26,313.41,314.28,313.06,314.08,288.9,37569000.0,284.3815,278.3756,0.002289758534554487,74.69585031887803,2.977257977458862,2.9629858822865622,1,1.9799999999999613,0.012258766082660966,-0.22772533671002648,0,0.2915164042571905,0.03552343522029807,0,1,0,0,0,0,0,0,0,0,0,0
2019-11-27,314.61,315.48,314.37,315.48,290.19,44444600.0,284.9035,278.3756,0.004465212876427982,77.06724927387145,3.0987542155699543,2.9901395489432407,0,4.339999999999975,0.014481433670186172,0.18301259016742533,0,0.2943530653531533,0.049642455464282205,0,1,0,0,0,0,0,0,0,0,0,0
2019-11-29,314.86,315.13,314.06,314.31,289.11,36592700.0,285.4085,278.3756,-0.0037216995761397698,71.06279056523893,3.072476291405451,3.0066068974356828,0,3.7200000000000273,0.003033271834842699,-0.17666713166503922,0,0.2919781862960682,0.03351860662872764,0,1,0,0,0,0,0,0,0,0,0,0
2019-12-02,314.59,314.66,311.17,311.64,286.65,75767800.0,285.66150000000005,278.3756,-0.008508872055619121,59.66061408451749,2.820634883112348,2.969412494571016,0,0.6200000000000045,-0.007765358755330909,1.0705714527761003,0,0.28656873955493,0.11396453570547768,0,0,0,0,0,0,0,0,0,0,0,0
2019-12-03,308.65,309.64,307.13,309.55,284.73,73941700.0,285.7615,278.5842,-0.006698063840920865,52.57071304381708,2.438016858004005,2.863133367257614,1,-3.509999999999991,-0.018928635472679756,-0.024101267292966133,0,0.2823467323423344,0.11021464582422522,0,0,0,0,0,0,0,0,0,0,0,0
2019-12-04,310.7,312.12,310.32,311.46,286.49,49080000.0,285.9655,278.871,0.006181294559758355,57.55060665470818,2.250860093511619,2.7406787125084153,1,-2.409999999999968,-0.009025641336781631,-0.3362338166420301,0,0.28621690562054714,0.059161232943915114,0,0,0,0,0,0,0,0,0,0,0,0
2019-12-05,312.23,312.25,310.58,312.02,287.0,40709000.0,286.1915,279.13579999999996,0.0017801668470103227,58.89735193809971,2.1192602342254645,2.616395016851825,1,-3.1899999999999977,0.0012633975658478125,-0.17055827220863895,0,0.2873383762863928,0.04197141409721212,0,0,0,0,0,0,0,0,0,0,0,0
2019-12-06,314.12,315.31,314.11,314.87,289.62,48927000.0,286.499,279.4644,0.00912891986062725,65.03453505135249,2.201006666588455,2.5333173467991514,0,0.5099999999999909,0.017090381267395927,0.20187182195583286,0,0.293099656961914,0.05884704798589987,0,0,0,0,0,0,0,0,0,0,0,0
2019-12-09,314.44,315.18,313.8,313.88,288.71,34838500.0,286.726,279.8042,-0.0031420482010912076,61.59447652076203,2.1673777270826804,2.4601294228558572,0,2.0600000000000023,0.007767038506546364,-0.28794939399513564,0,0.2910986014601108,0.029916363142777756,0,0,0,0,0,0,0,0,0,0,0,0
2019-12-10,313.82,314.55,312.81,313.53,288.39,52649800.0,286.96400000000006,280.1124,-0.0011083786498562453,60.38487251791424,2.0908037405515074,2.3862642863949874,1,3.659999999999968,0.004878493009679796,0.5112533547655611,0,0.29039493359134483,0.06649180459831247,0,0,0,0,0,0,0,0,0,0,0,0
2019-12-11,314.03,314.7,313.44,314.42,289.21,53429100.0,287.21349999999995,280.502,0.0028433718228786375,62.42140144751282,2.0723961586190853,2.3234906608398074,1,2.7199999999999704,-0.0014070550280688154,0.014801575694494584,0,0.2921980825050575,0.06809209438773259,0,0,0,0,0,0,0,0,0,0,0,0
2019-12-12,314.43,317.99,314.17,317.13,291.7,96389600.0,287.58250000000004,281.0368,0.008609660800110719,67.82963771007212,2.23298969233457,2.30539046713876,1,4.699999999999989,0.010344653973133111,0.8040655747523353,0,0.29767349810889254,0.156311328955142,0,0,0,0,0,0,0,0,0,0,0,0
2019-12-13,316.87,318.67,316.02,317.32,291.88,81503900.0,287.93999999999994,281.5318,0.0006170723345904072,68.18608071194323,2.347722635361322,2.3138569007832728,1,2.259999999999991,0.012070104957579764,-0.15443263588602918,0,0.2980693112850734,0.12574359673600846,0,0,0,0,0,0,0,0,0,0,0,0
2019-12-16,319.22,320.15,317.25,319.5,293.88,82749700.0,288.29449999999997,281.9944,0.006852131012744955,71.91021043472585,2.5704026034266008,2.3651660413119386,1,5.170000000000016,0.01607886414744608,0.015285158133537147,0,0.30246723546486054,0.1283018426229064,0,0,0,0,0,0,0,0,0,0,0,0
2019-12-17,319.92,320.25,319.48,319.57,293.95,61097700.0,288.642,282.4818,0.0002381924595071805,72.0336052286388,2.7211586740939993,2.4363645678683508,1,5.560000000000002,0.007707395806842543,-0.2616565377276292,0,0.30262116281115303,0.08383953732260613,0,0,0,0,0,0,0,0,0,0,0,0
2019-12-18,320,320.25,319.53,319.59,293.97,48133000.0,288.99449999999996,283.0532,6.803878210592806e-05,72.07135504604938,2.8098574910089837,2.5110631524964777,1,4.760000000000048,0.007158362254358064,-0.2121962037850852,0,0.30266514205295103,0.05721657179855282,0,0,0,0,0,0,0,0,0,0,0,0
2019-12-19,319.8,320.98,319.52,320.9,295.17,85310500.0,289.4605,283.5982,0.004082049188692594,74.31186501196606,2.943056193822656,2.597461760761713,0,3.4700000000000273,0.004388280430305702,0.7723910830407412,0,0.30530389656082324,0.13356043635156928,0,0,0,0,0,0,0,0,0,0,0,0
2019-12-20,1.57 Dividend,,,,,,300.4185,300.60920000000004,0.0,74.31186501196606,2.943056193822656,2.6665806473739018,0,0.0,0.004150087970798522,0.0,0,0.30814055765678594,0.2605314079202948,1,1,0,0,0,0,1,0,0,0,1,1
2019-12-20,320.46,321.97,319.39,320.73,296.46,147142100.0,300.4185,300.60920000000004,0.0043703628417521845,74.31186501196606,3.187006752698494,2.77066586843882,1,2.579999999999984,0.008452412030444778,0.7247829985757908,0,0.30814055765678594,0.2605314079202948,1,1,0,0,0,0,0,0,0,0,0,0
2019-12-23,321.59,321.65,321.06,321.22,296.92,52990000.0,300.4185,300.60920000000004,0.0015516427173987157,75.26201458989198,3.3100709350204625,2.878546881755149,1,2.9700000000000273,0.0059220055591509,-0.6398719333215986,0,0.309152080218137,0.06719040409319343,1,1,0,0,0,0,0,0,0,0,0,0
2019-12-24,321.47,321.52,320.9,321.23,296.93,20270000.0,300.4185,300.60920000000004,3.3679105482908867e-05,75.28341759114356,3.3695648563835903,2.9767504766808375,1,2.9599999999999795,0.005955684664633809,-0.6174749952821287,0,0.30917406983903595,0.0,1,1,0,0,0,0,0,0,0,0,0,0
2019-12-26,321.65,322.95,321.64,322.94,298.51,30911200.0,300.4185,300.60920000000004,0.005321119455763856,78.4551439719748,3.503817189572544,3.082163819259179,0,3.339999999999975,0.006906441278645481,0.524972866304884,0,0.3126484299410678,0.0218516665047827,1,1,0,0,0,0,0,0,0,0,0,0
2019-12-27,323.74,323.8,322.28,322.86,298.43,42528800.0,300.4185,300.60920000000004,-0.000267997722019353,77.90999143897716,3.56268933449752,3.1782689223068474,0,0.0,0.005086800839227412,0.3758378840032093,0,0.31247251297387635,0.0457083669507816,1,1,0,0,0,0,1,0,0,0,0,0
2019-12-30,322.95,323.1,320.55,321.08,296.79,49729100.0,300.4185,300.60920000000004,-0.005495426063063302,67.5479085543496,3.4373875752849585,3.23009265290247,1,0.3300000000000409,-0.00044230432931879893,0.16930409510731548,0,0.30886621514645085,0.06049415749455362,1,1,0,0,0,0,0,0,0,0,0,0
2019-12-31,320.53,322.13,320.15,321.86,297.51,57077300.0,300.4185,300.60920000000004,0.002425957747902441,69.46783602688348,3.357480070770464,3.2555701364760687,1,0.589999999999975,-0.0033374660371802145,0.1477645885407135,0,0.3104494678511742,0.07558366016440704,1,1,0,0,0,0,0,0,0,0,0,0
2020-01-02,323.54,324.89,322.53,324.87,300.29,59151200.0,300.4185,300.60920000000004,0.009344223723572354,75.4959002039181,3.4783789766833593,3.300131904517527,0,3.3600000000000136,0.006274755408411492,0.036334935254470624,0,0.3165625824610784,0.07984240646785673,1,1,0,0,0,0,0,0,0,0,0,0
2020-01-03,321.16,323.64,321.1,322.41,298.02,77709700.0,300.4185,300.60920000000004,-0.0075593592860236924,64.32768117819992,3.3523780741742826,3.310581138448878,1,-0.4900000000000091,0.004210822185451102,0.3137468047985501,0,0.3115709385170199,0.11795222047652207,1,1,0,0,0,0,0,0,0,0,0,0
2020-01-06,320.49,323.73,320.36,323.64,299.15,55653900.0,300.4185,300.60920000000004,0.0037916918327629556,66.94879075871836,3.305598129767702,3.309584536712643,0,0.7199999999999704,0.005576556270311617,-0.2838229976437948,0,0.3140557656785996,0.07266071330663651,1,1,0,0,0,0,0,0,0,0,0,0
2020-01-07,323.02,323.54,322.24,322.73,298.31,40496400.0,300.4185,300.60920000000004,-0.0028079558749790623,63.22950825443441,3.164267995206842,3.280521228411483,1,1.5199999999999818,-0.006575623328239799,-0.2723528809301774,0,0.312208637523089,0.04153484075032297,1,1,0,0,0,0,0,0,0,0,0,0
2020-01-08,322.94,325.78,322.67,324.45,299.9,68296000.0,300.4185,300.60920000000004,0.005330025812074535,66.96999090704162,3.144316830007199,3.2532803487306263,1,2.3899999999999864,0.006313761769858428,0.6864708961784258,0,0.3157049872460198,0.09862122087346292,1,1,0,0,0,0,0,0,0,0,0,0
2020-01-09,326.16,326.73,325.52,326.65,301.94,48473300.0,300.4185,300.60920000000004,0.00680226742247414,71.04040355532112,3.255587947528795,3.2537418684902604,0,1.6499999999999773,0.009324337359569612,-0.29024686658076604,0,0.3201908699094027,0.05791537664307953,1,1,0,0,0,0,0,0,0,0,0,0
2020-01-10,327.29,327.46,325.2,325.71,301.07,53029300.0,300.4185,300.60920000000004,-0.002881367159038195,67.2350148933786,3.236263746754787,3.250246244143166,1,3.0500000000000114,0.00925092607551048,0.09398988721626123,0,0.3182777728911953,0.06727110650397772,1,1,0,0,0,0,0,0,0,0,0,0
2020-01-13,326.39,327.96,325.92,327.95,303.14,47086800.0,300.4185,300.60920000000004,0.006875477463712754,71.18942175588819,3.3493714100029592,3.270071277315125,0,3.990000000000009,0.010796377727148698,-0.11206069097649785,0,0.32282962441727503,0.05506820380459503,1,1,0,0,0,0,0,0,0,0,0,0
2020-01-14,327.47,328.62,326.84,327.45,302.68,62832800.0,300.4185,300.60920000000004,-0.0015174506828526946,69.19097314676041,3.3631238936304726,3.288681800578195,1,4.3700000000000045,0.002476659621821864,0.33440369700213224,0,0.32181810185592397,0.08740255902621555,1,1,0,0,0,0,0,0,0,0,0,0
2020-01-15,327.35,329.02,327.26,328.19,303.36,72056600.0,300.4185,300.60920000000004,0.0022465970662086665,70.50893761372902,3.3898174475422707,3.30890892997101,1,3.4600000000000364,0.0076046238470687255,0.14679912402439488,0,0.3233133960770517,0.10634359965197343,1,1,0,0,0,0,0,0,0,0,0,0
2020-01-16,329.7,330.92,329.45,330.92,305.88,54050300.0,300.4185,300.60920000000004,0.008306962025316444,74.80961476419999,3.573126443370086,3.3617524326508255,1,3.9399999999999977,0.009036108408672416,-0.2498910578628467,0,0.3288547805435834,0.0693677263872036,1,1,0,0,0,0,0,0,0,0,0,0
2020-01-17,331.7,332.18,330.85,331.95,306.84,95846000.0,300.4185,300.60920000000004,0.003138485680659109,76.23162057469757,3.7526064094076332,3.439923228002187,0,5.769999999999982,0.01369204477218422,0.7732741538899877,0,0.3309657841498812,0.15519504828078196,1,1,0,0,0,0,0,0,0,0,0,0
2020-01-21,330.9,332.18,330.82,331.3,306.24,77742400.0,300.4185,300.60920000000004,-0.001955416503715224,73.4411915724219,3.8025966231474513,3.5124579070312403,1,3.1000000000000227,0.00949003120226033,-0.18888216513991196,0,0.32964640689594504,0.11801936981068611,0,1,0,0,0,0,0,0,0,0,0,0
2020-01-22,332.24,332.95,331.17,331.34,306.27,48914900.0,300.909,300.60920000000004,9.79623824450826e-05,73.4934364768668,3.800821472964742,3.570130620217941,1,3.589999999999975,0.0012810315593889676,-0.37080795035913483,0,0.3297123757586419,0.058822200678762725,0,1,0,0,0,0,0,0,0,0,0,0
2020-01-23,330.63,332.17,329.41,331.72,306.62,51963000.0,301.394,300.60920000000004,0.001142782512162599,74.13275459033412,3.7840367088846847,3.61291183795129,0,3.259999999999991,-0.0007146716091075422,0.06231434593549201,0,0.33048201249010467,0.06508146323122185,0,1,0,0,0,0,0,0,0,0,0,0
2020-01-24,332.44,332.53,327.36,328.77,303.9,87578400.0,301.74249999999995,300.60920000000004,-0.008870915139260416,61.681716147867206,3.5107832702591395,3.59248612441286,0,-1.9800000000000182,-0.007630170244652734,0.6853992263726112,0,0.32450083560559406,0.13821756096779644,0,1,0,0,0,0,0,0,0,0,0,0
2020-01-27,323.03,325.12,322.66,323.5,299.03,84062500.0,301.7685,300.60920000000004,-0.016025008226390303,46.5927752790663,2.868196863697733,3.447628272269835,1,-7.810000000000002,-0.02375314085348812,-0.04014574369935964,0,0.3137918902278124,0.13099767277246457,0,1,0,0,0,0,0,0,0,0,0,0
2020-01-28,325.06,327.85,323.6,326.89,302.16,63834000.0,301.95500000000004,300.60920000000004,0.010467177206300526,54.326164234123574,2.5817465809080886,3.274451933997486,0,-4.079999999999984,-0.014428746159350192,-0.2406364312267658,0,0.32067464156917935,0.08945851967958063,0,1,0,0,0,0,0,0,0,0,0,0
2020-01-29,328.38,328.63,326.4,326.62,301.91,53888900.0,302.211,300.60920000000004,-0.0008273762245167848,53.65784581466595,2.3079550877719157,3.0811525647523723,1,-4.359999999999957,-0.006385207244606561,-0.15579628411191526,0,0.320124901046706,0.06903629205894438,0,1,0,0,0,0,0,0,0,0,0,0
2020-01-30,324.36,327.91,323.54,327.68,302.89,75491800.0,302.48,300.60920000000004,0.0032460004637142603,55.94572555225904,2.1453212388729526,2.8939862995764885,0,-3.730000000000018,0.012885801445498002,0.40087847404567545,0,0.32227988389480156,0.11339777068317569,0,1,0,0,0,0,0,0,0,0,0,0
2020-01-31,327,327.17,320.73,321.73,297.39,113845600.0,302.335,300.60920000000004,-0.01815840734259966,43.08867364593514,1.5547070126543758,2.626130442192066,1,-6.509999999999991,-0.015739783103402183,0.508052530208579,0,0.3101855924003869,0.19215716311928577,0,1,0,0,0,0,0,0,0,0,0,0
2020-02-03,323.35,326.16,323.22,324.12,299.6,69083000.0,302.414,300.60920000000004,0.007431319143212711,48.23637600681213,1.25055390649851,2.351015135053355,1,0.57000000000005,-0.007481087735672687,-0.39318691280119744,0,0.31504529861905184,0.10023732258560666,0,1,0,0,0,0,0,0,0,0,0,0
2020-02-04,328.07,330.01,327.72,329.06,304.16,62573200.0,302.6645,300.60920000000004,0.015220293724966583,56.899163689739396,1.361766670547354,2.153165442152155,1,2.0,0.0044932055255796355,-0.09423157650941616,0,0.3250725657489665,0.08686947134581846,0,1,0,0,0,0,0,0,0,0,0,0
2020-02-05,332.27,333.09,330.67,332.86,307.68,65951100.0,303.133,300.60920000000004,0.011572856391372843,62.16310448883581,1.71417819029449,2.0653679917806222,1,5.769999999999982,0.03422446925955214,0.0539831749055506,0,0.3328129123053918,0.09380597702999932,0,1,0,0,0,0,0,0,0,0,0,0
2020-02-06,333.91,334.19,332.8,333.98,308.71,50359700.0,303.5735,300.60920000000004,0.0033476339053561954,63.565334725998824,2.0529145298080493,2.0628772993861078,0,5.819999999999993,0.03014078402169562,-0.2364084905331374,0,0.3350778432579822,0.061789092360726224,0,1,0,0,0,0,0,0,0,0,0,0
2020-02-07,332.82,333.99,331.6,332.2,307.07,64139400.0,303.83000000000004,300.60920000000004,-0.0053124291406173585,59.76730127787127,2.1640850005973107,2.0831188396283484,1,9.680000000000007,0.00960806115611168,0.2736255378804877,0,0.3314715454305567,0.09008565749773653,0,1,0,0,0,0,0,0,0,0,0,0
2020-02-10,331.23,334.75,331.19,334.68,309.36,42070000.0,304.24449999999996,300.60920000000004,0.007457582961539755,63.08416382547821,2.4092004976475323,2.148335171232185,1,9.759999999999991,0.005492787726278592,-0.34408491504441885,0,0.33650716861641305,0.044766222776027396,0,1,0,0,0,0,0,0,0,0,0,0
2020-02-11,336.16,337.02,334.68,335.26,309.9,54864500.0,304.58250000000004,300.60920000000004,0.001745539177657074,63.84118061608716,2.6168642004914773,2.2420409770840437,1,5.739999999999952,0.0038906929985794703,0.30412407891609217,0,0.33769460814495544,0.0710396832029945,0,1,0,0,0,0,0,0,0,0,0,0
2020-02-12,336.83,337.65,336.43,337.42,311.89,43992700.0,305.043,300.60920000000004,0.006421426266537633,66.56244835085042,2.908488307272421,2.3753304431217193,0,4.2099999999999795,0.015624548405734462,-0.19815727838584152,0,0.34207054270384374,0.04871448041508556,0,1,0,0,0,0,0,0,0,0,0,0
2020-02-13,335.86,338.12,335.56,337.06,311.56,54501900.0,305.45300000000003,300.60920000000004,-0.0010580653435505738,65.67970637227742,3.07749878059343,2.5157641106160615,1,2.8500000000000227,0.007108900100644133,0.2388850877531954,0,0.34134488521417883,0.07029508538746296,0,1,0,0,0,0,0,0,0,0,0,0
2020-02-14,337.51,337.73,336.2,337.6,312.06,64582200.0,305.762,300.60920000000004,0.0016048273205802044,66.4066464289109,3.2147292223054365,2.6555571329539367,0,4.990000000000009,0.006968188243567264,0.18495318511831704,0,0.34244436625912567,0.09099494572916886,0,1,0,0,0,0,0,0,0,0,0,0
2020-02-18,336.51,337.67,335.21,336.73,311.25,57226200.0,305.98249999999996,300.60920000000004,-0.0025956546817920145,64.04018262924153,3.2209954746746234,2.768644801298074,1,1.8899999999999864,-0.002048892704762384,-0.11390135362375386,0,0.3406632069663118,0.07588942578694605,0,1,0,0,0,0,0,0,0,0,0,0
2020-02-19,337.79,339.08,337.48,338.34,312.74,48814700.0,306.3075,300.60920000000004,0.004787148594377566,66.41137340026523,3.3080588293835262,2.8765276069151646,0,2.840000000000032,0.003796321233165756,-0.14698686965061458,0,0.34393966048025326,0.0586164403337096,0,1,0,0,0,0,0,0,0,0,0,0
2020-02-20,337.74,338.64,333.68,336.95,311.46,74163400.0,306.567,300.60920000000004,-0.004092856686065183,62.592960436050845,3.2364639211994586,2.9485148697720236,0,-0.4300000000000068,-0.0019013627734796312,0.5192841500613545,0,0.3411249890051895,0.11066990598887869,0,1,0,0,0,0,0,0,0,0,0,0
2020-02-21,335.47,335.81,332.58,333.48,308.25,113788200.0,306.6485,300.60920000000004,-0.010306299364284288,54.17982671051936,2.887419888620002,2.9362958735416194,0,-3.3100000000000023,-0.009612007455971905,0.5342904990871509,0,0.3340663206966311,0.1920392924226186,0,1,0,0,0,0,0,0,0,0,0,0
2020-02-24,323.14,333.56,321.24,322.42,298.03,161088400.0,306.355,300.60920000000004,-0.033154906731549194,37.087790421365206,1.7657766165008297,2.7021920221334614,0,-14.03000000000003,-0.047554062781898665,0.41568633654456266,1,0.31159292813791883,0.2891700855671439,0,1,0,0,0,0,0,0,0,0,0,0
2020-02-25,323.94,324.61,311.69,312.65,289.0,218913200.0,305.8535,300.60920000000004,-0.03029896319162495,28.525180895294795,0.14653158431053726,2.1910599345688766,0,-22.25,-0.07376016928745843,0.3589631531506925,0,0.29173630046617993,0.4079131075294939,0,1,0,0,0,0,0,0,0,0,0,0
2020-02-26,314.18,318.11,310.7,311.5,287.93,194773800.0,305.142,300.60920000000004,-0.0037024221453286765,27.708835103304835,-1.2091336868847975,1.5110212102781417,0,-24.810000000000002,-0.06715629206850282,-0.11026927567638678,0,0.28938341102999376,0.35834293514051974,0,1,0,0,0,0,0,0,0,0,0,0
2020-02-27,305.46,311.56,297.51,297.51,275.0,284353500.0,303.79650000000004,300.60920000000004,-0.04490674816795748,20.18960968347136,-3.2889382875434308,0.5510293107138272,0,-36.45999999999998,-0.0789081335049111,0.45991658015605785,1,0.26095083120766993,0.5422945317648181,0,1,0,0,0,0,0,0,0,0,0,0
2020-02-28,288.7,297.89,285.54,296.26,273.85,384975800.0,302.3445,300.60920000000004,-0.004181818181818064,19.678136573839936,-4.97267194005326,-0.5537109394395903,1,-34.39999999999998,-0.05279098849510422,0.35386341297012347,0,0.25842202480429244,0.748922068371986,0,1,0,0,0,0,0,0,0,0,0,0
2020-03-02,298.21,309.16,294.46,309.09,285.71,238703600.0,301.7605,300.60920000000004,0.043308380500273636,37.31527551866661,-5.289070990423568,-1.5007829496363858,0,-12.319999999999993,-0.0057801858495019065,-0.3799516748844992,1,0.28450171519043,0.4485526238242963,0,1,0,0,0,0,0,0,0,0,0,0
2020-03-03,309.5,313.84,297.57,300.24,277.52,300139100.0,300.6565,300.60920000000004,-0.02866542998144972,32.07716937742549,-6.130021004355626,-2.426630560580234,1,-11.480000000000018,0.010461132337005852,0.25737148497132,0,0.26649221567420167,0.5747102054461601,0,1,0,0,0,0,0,0,0,0,0,0
2020-03-04,306.12,313.1,303.33,312.86,289.19,176613400.0,299.908,300.60920000000004,0.04205102334966848,44.11514382288886,-5.788087015221379,-3.098921851508463,0,1.259999999999991,0.0566939738684924,-0.41156150598172647,1,0.29215410326325975,0.3210506180716313,0,0,0,0,0,0,0,0,0,0,0,0
2020-03-05,304.98,308.47,300.01,302.46,279.58,186366800.0,298.503,300.2716,-0.03323074795117398,38.123242087109766,-6.2208385962105694,-3.7233052004488845,0,4.579999999999984,-0.019845154582955216,0.055224575258729036,1,0.27102207757938246,0.3410791904213426,0,0,0,0,0,0,0,0,0,0,0,0
2020-03-06,293.15,298.78,290.23,297.46,274.96,228667200.0,296.8155,299.8324,-0.016524787180771217,35.61853843465542,-6.857543241188296,-4.350152808596767,0,1.1099999999999568,-0.007704511782276713,0.2269739030771576,0,0.26086287272407416,0.42794291197707973,0,0,0,0,0,0,0,0,0,0,0,0
2020-03-09,275.3,284.19,273.45,274.23,253.48,309417300.0,294.136,298.9634,-0.0781204538842013,26.801807450642258,-8.99174154433399,-5.278470555744212,1,-32.22999999999999,-0.1278759890161465,0.35313372446944724,1,0.21362916703316026,0.5937629562792124,0,0,0,0,0,0,0,0,0,0,0,0
2020-03-10,284.64,288.52,273.5,288.42,266.6,276444100.0,291.998,298.3252,0.05175950765346382,37.05130280060914,-9.514754556264847,-6.12572735584834,0,-10.919999999999959,-0.0428857334115087,-0.10656546999796068,1,0.24247954965256402,0.5260526068829506,0,0,0,0,0,0,0,0,0,0,0,0
2020-03-11,280.7,281.94,270.88,274.36,253.6,255316300.0,289.183,297.4286,-0.048762190547636974,32.23490141783664,-10.853129371238992,-7.071207758926471,0,-35.59,-0.07512313677837446,-0.07642702448704819,1,0.21389304248394758,0.4826667444257326,0,0,0,0,0,0,0,0,0,0,0,0
2020-03-12,256,266.66,247.68,248.11,229.34,392220700.0,285.05550000000005,296.07959999999997,-0.09566246056782335,25.557960768078587,-13.713301897258702,-8.399626586592918,1,-50.23999999999998,-0.0926651434619965,0.5362148832644058,1,0.16054622218312953,0.7637994448577677,0,0,0,0,0,0,0,0,0,0,0,0
2020-03-13,263.09,271.48,248.52,269.32,248.94,329566100.0,281.92449999999997,295.1082,0.0854626319002354,36.9252445693067,-14.234368099727021,-9.566574889219739,0,-26.019999999999982,-0.058962019215224926,-0.15974322619892323,1,0.2036458791450435,0.6351384457044243,0,0,0,0,0,0,0,0,0,0,0,0
2020-03-16,241.18,256.9,237.36,239.85,221.7,297240000.0,277.4065,293.5364,-0.10942395758013979,30.056046867195604,-16.653387282860592,-10.98393736794791,1,-31.78,-0.11962378624772774,-0.09808684813152813,1,0.14374615181634265,0.5687569138658858,0,0,0,0,0,0,0,0,0,0,0,0
2020-03-17,245.04,256.17,237.07,252.8,233.67,262070500.0,273.52750000000003,292.2494,0.05399188092016227,35.7153343440241,-17.403976246479715,-12.26794514365427,0,-32.930000000000035,0.030030555240257883,-0.11832021262279635,1,0.1700677280323687,0.49653647019976216,0,0,0,0,0,0,0,0,0,0,0,0
2020-03-18,236.25,248.37,228.02,240.0,221.84,327597100.0,268.98249999999996,290.7032,-0.05062695253990668,32.88351770873682,-18.737412314882363,-13.56183857789989,1,-31.75999999999999,-0.10605902919988419,0.25003424651000405,1,0.14405400650892775,0.6310951111793786,0,0,0,0,0,0,0,0,0,0,0,0
2020-03-19,239.25,247.38,232.22,240.51,222.31,289322000.0,264.525,289.1832,0.0021186440677967155,33.11043447208566,-19.53110254152398,-14.755691370624707,0,-7.030000000000001,0.00548357244805231,-0.11683589384643511,0,0.14508751869117775,0.5524973289144829,0,0,0,0,0,0,0,0,0,0,0,0
2020-03-20,242.53,244.47,228.5,228.8,212.73,347158800.0,259.74899999999997,287.4398,-0.04309297827358194,30.822921679763382,-20.694579470755713,-15.94346899065091,0,-36.21000000000001,-0.0916012867456919,0.1999046045582431,1,0.1240214618699973,0.6712649928343242,0,0,0,0,0,0,0,0,0,0,0,0
2020-03-20,1.41 Dividend,,,,,,244.5245,259.914,0.0,30.822921679763382,-20.694579470755713,-16.893691086671872,0,0.0,-0.04097433420578522,0.0,0,0.1120591081009763,0.6278672200976521,1,1,0,0,0,0,1,0,0,0,1,1
2020-03-23,228.19,229.68,218.26,222.95,207.29,326025200.0,244.5245,259.914,-0.025572321722371116,30.822921679763382,-22.273418638126998,-17.9696365969629,1,-26.379999999999995,-0.06866529999595306,-0.06087588734607907,0,0.1120591081009763,0.6278672200976521,1,1,0,0,0,0,0,0,0,0,0,0
2020-03-24,234.42,244.1,233.8,243.15,226.08,235494500.0,244.5245,259.914,0.0906459549423515,40.83607667159345,-21.299829850724933,-18.63567524771531,1,4.240000000000009,0.06507363321998039,-0.2776800689026493,1,0.15337760577007653,0.441962748342161,1,1,0,0,0,0,0,0,0,0,0,0
2020-03-25,244.87,256.35,239.75,246.79,229.46,299430300.0,244.5245,259.914,0.014950460014154343,42.449803926400136,-20.024683879390295,-18.913476974050305,1,7.150000000000006,0.08002409323413473,0.2714959372724204,0,0.16081009763391674,0.573254687157002,1,1,0,0,0,0,0,0,0,0,0,0
2020-03-26,249.52,262.8,249.05,261.2,242.86,257632800.0,244.5245,259.914,0.05839797786106504,48.45258916579813,-17.728490495815947,-18.67647967840343,0,30.130000000000024,0.1639943928175709,-0.13959008156489172,1,0.19027618963849058,0.4874236689697999,1,1,0,0,0,0,0,0,0,0,0,0
2020-03-27,253.27,260.81,251.05,253.42,235.62,224341200.0,244.5245,259.914,-0.029811413983364954,45.68021051264406,-16.304994363433593,-18.202182615409466,1,0.0,0.04353702389185443,-0.12922112401837038,0,0.1743557041076612,0.4190594863014332,1,1,0,0,0,0,1,0,0,0,0,0
2020-03-30,255.7,262.43,253.53,261.65,243.28,171369500.0,244.5245,259.914,0.03250997368644426,49.004812330025814,-14.392853583208876,-17.44031680896935,0,35.99000000000001,0.06109653756414435,-0.23612114047709476,0,0.19119975371624587,0.3102822879975391,1,1,0,0,0,0,0,0,0,0,0,0
2020-03-31,260.56,263.33,256.22,257.75,239.65,194881100.0,244.5245,259.914,-0.014921078592568193,47.520500646378004,-13.020289113423587,-16.556311269860196,0,13.569999999999993,-0.012222518889488887,0.1371982762393542,0,0.1832175213299323,0.3585632753104219,1,1,0,0,0,0,0,0,0,0,0,0
2020-04-01,247.98,257.66,243.9,246.15,228.87,189554600.0,244.5245,259.914,-0.04498226580429798,43.32378462392591,-12.656481746914608,-15.776345365271078,1,-0.5900000000000034,-0.027393370710421916,-0.027332050157762855,1,0.15951271000087952,0.3476253264289307,1,1,0,0,0,0,0,0,0,0,0,0
2020-04-02,245.19,252.68,244.59,251.83,234.15,177660400.0,244.5245,259.914,0.023069864988858324,45.84642616718218,-11.806017493986872,-14.982279791014237,0,-8.710000000000008,-0.03683347940800785,-0.06274814749945401,0,0.17112322983551764,0.3232006288627552,1,1,0,0,0,0,0,0,0,0,0,0
2020-04-03,250.76,253.32,245.22,248.19,230.76,135561200.0,244.5245,259.914,-0.014477898782831566,44.47760548401622,-11.275585187630554,-14.240940870337502,1,-4.860000000000014,-0.036390299598271225,-0.23696445578193004,0,0.16366874835077838,0.2367500707942904,1,1,0,0,0,0,0,0,0,0,0,0
2020-04-06,257.84,267.0,248.17,264.86,246.26,188061200.0,244.5245,259.914,0.06716935344080421,51.59395621748223,-9.495040387065018,-13.291760773683006,1,2.9799999999999898,0.07576131964683097,0.3872789559254417,1,0.19775266074412867,0.344558634819127,1,1,0,0,0,0,0,0,0,0,0,0
2020-04-07,274.21,275.03,264.89,265.13,246.51,201427200.0,244.5245,259.914,0.0010151872005197404,51.70148282603758,-7.971878046028593,-12.227784228152123,1,6.859999999999985,0.05370664185849239,0.07107260827858175,0,0.19830240126660215,0.37200566847162164,1,1,0,0,0,0,0,0,0,0,0,0
2020-04-08,267.96,276.0,265.25,274.03,254.79,153774500.0,244.5245,259.914,0.03358890105878065,55.24725667684181,-6.0271568039513,-10.98765874331196,1,25.919999999999987,0.1017734417001046,-0.2365752986687002,1,0.21650980737092085,0.2741510178257867,1,1,0,0,0,0,0,0,0,0,0,0
2020-04-09,277.58,281.2,275.47,278.2,258.66,189999200.0,244.5245,259.914,0.015188979159307836,56.842046266444385,-4.12611130883144,-9.615349256415856,0,24.51000000000002,0.04979306741860823,0.23557026685178628,0,0.22501979065880906,0.3485383109539867,1,1,0,0,0,0,0,0,0,0,0,0
2020-04-13,277.14,277.51,271.41,275.66,256.3,114839100.0,244.5245,259.914,-0.009123946493466373,55.542198427487925,-2.7779290968847477,-8.247865224509635,1,25.54000000000002,0.039653933724622115,-0.3955811392890075,0,0.2198302401266602,0.1941973118499272,1,1,0,0,0,0,0,0,0,0,0,0
2020-04-14,280.98,284.9,275.51,283.79,263.86,134143400.0,244.5245,259.914,0.029496683573936755,58.792984910823186,-1.0869267473893842,-6.815677529085585,0,17.600000000000023,0.03556171623977822,0.16809867022642977,0,0.23645439352625564,0.2338386235166825,1,1,0,0,0,0,0,0,0,0,0,0
2020-04-15,277.57,283.94,275.46,277.76,258.26,121775000.0,244.5245,259.914,-0.021223376032744712,55.552605881922126,-0.1964043738828707,-5.491822898045043,1,11.75,-0.0008506389522743296,-0.09220282175641892,0,0.22414020582285155,0.20844015793030557,1,1,0,0,0,0,0,0,0,0,0,0
2020-04-16,279.15,280.03,275.76,279.1,259.5,131798300.0,244.5245,259.914,0.00480136296755207,56.12919212536333,0.6024539458032336,-4.272967529275388,1,4.710000000000008,0.013074670508744113,0.08230999794703342,0,0.22686691881431964,0.22902296897392738,1,1,0,0,0,0,0,0,0,0,0,0
2020-04-17,285.38,287.3,282.4,286.64,266.51,146684800.0,244.5245,259.914,0.027013487475915143,59.34035662398935,1.7806768008757672,-3.0622386632451577,0,7.849999999999966,0.010591474410722501,0.11294910480635934,0,0.24228164306447353,0.259592343990227,1,1,0,0,0,0,0,0,0,0,0,0
2020-04-20,282.61,286.79,281.35,281.59,261.82,100109300.0,244.5245,259.914,-0.017597838730254,56.36762198724957,2.3093622081163687,-1.9879184889728527,0,5.519999999999982,0.014217011713213212,-0.31752097013460157,0,0.23196851086287262,0.16394971972853598,0,1,0,0,0,0,0,0,0,0,0,0
2020-04-21,276.73,278.04,272.02,273.04,253.87,126385700.0,246.8535,259.914,-0.030364372469635637,51.644700521983744,2.0630688695371475,-1.1777210172708528,1,-9.990000000000009,-0.020948723723974494,0.2624771125160199,0,0.21448676224821883,0.21790821404743538,0,1,0,0,0,0,0,0,0,0,0,0
2020-04-22,278.35,281.0,276.91,279.1,259.5,92951600.0,248.5245,259.914,0.02217670461259691,54.549056611717134,2.295710055897729,-0.4830348026371365,0,1.240000000000009,-0.025785506587292728,-0.2645402130146053,0,0.22686691881431964,0.1492514081338584,0,1,0,0,0,0,0,0,0,0,0,0
2020-04-23,280.49,283.94,278.75,279.08,259.48,104709700.0,250.02550000000002,259.914,-7.707129094403076e-05,54.53652521345838,2.450221412095914,0.10361644030947359,1,-0.01999999999998181,-0.008264739147982758,0.126497015651156,0,0.22682293957252175,0.17339662483215235,0,1,0,0,0,0,0,0,0,0,0,0
2020-04-24,280.73,283.7,278.5,282.97,263.1,85063200.0,251.0375,259.914,0.013950978880838516,56.48508478752439,2.8321294955891574,0.6493190513654103,1,-3.409999999999968,0.036050612202491394,-0.18762827130628779,0,0.2347831823379365,0.13305260667760085,0,1,0,0,0,0,0,0,0,0,0,0
2020-04-27,285.12,288.27,284.62,287.05,266.89,77896600.0,252.60099999999997,259.914,0.014405169137210017,58.490982746385185,3.401406432849228,1.199736527662174,0,5.069999999999993,0.028279076727104502,-0.08425029860151045,0,0.24311724865863305,0.11833601896445048,0,1,0,0,0,0,0,0,0,0,0,0
2020-04-28,291.02,291.4,285.4,285.73,265.67,105270000.0,253.7205,259.914,-0.004571171643748206,57.570999813418396,3.711336723490632,1.7020565668278658,1,11.800000000000011,0.023784976374300326,0.3514068649979589,0,0.24043451490896295,0.17454719889735454,0,1,0,0,0,0,0,0,0,0,0,0
2020-04-29,291.53,294.88,290.41,293.21,272.62,118745600.0,255.369,259.914,0.02616027402416532,61.304851218339984,4.466281119594385,2.2549014773811695,0,13.120000000000005,0.03599427151762713,0.1280098793578417,0,0.2557173014337233,0.20221929576160386,0,1,0,0,0,0,0,0,0,0,0,0
2020-04-30,291.71,293.32,288.59,290.48,270.08,122901700.0,257.4295,259.914,-0.009316998019220923,59.25257845321174,4.80424289865465,2.7647697616358657,0,10.599999999999966,0.01227210436119619,0.035000033685458565,0,0.25013193772539355,0.21075383238910145,0,1,0,0,0,0,0,0,0,0,0,0
2020-05-01,285.31,290.66,281.52,282.79,262.93,125180000.0,258.8685,259.914,-0.026473637440758258,53.79341196882676,4.443908191096114,3.100597447527915,1,-0.17000000000001592,-0.009630361435813861,0.01853757921981547,0,0.23440935878265456,0.21543231336848784,0,1,0,0,0,0,0,0,0,0,0,0
2020-05-04,280.74,283.9,279.13,283.57,263.66,80873200.0,260.51349999999996,259.914,0.0027764043661810955,54.256802447528436,4.169185463623251,3.3143150507469823,1,-3.2299999999999613,-0.033014231093798085,-0.3539447196037706,0,0.23601460110827688,0.12444845652019007,0,1,0,0,0,0,0,0,0,0,0,0
2020-05-05,286.64,289.25,283.71,286.19,266.09,79569900.0,261.505,259.914,0.00921641508002713,55.84424711535955,4.1002809282684325,3.471508226251273,0,0.4199999999999591,-0.014480817994550033,-0.016115350944441387,0,0.24135807898671813,0.12177213458697922,0,1,0,0,0,0,0,0,0,0,0,0
2020-05-06,288.04,288.46,283.78,284.25,264.29,73632600.0,262.394,259.914,-0.006764628509150827,54.33992100171829,3.855979301671141,3.548402441335247,1,-8.329999999999984,0.005228190937057398,-0.07461741186051507,0,0.23739994722490987,0.10957991006917614,0,1,0,0,0,0,0,0,0,0,0,0
2020-05-07,287.75,289.78,287.13,287.68,267.48,75250400.0,263.0285,259.914,0.012070074539331843,56.57261934963239,3.8751050437767276,3.6137429618235433,1,-2.599999999999966,0.014521861110208145,0.02197124643160775,0,0.24441463629167037,0.11290205663830719,0,1,0,0,0,0,0,0,0,0,0,0
2020-05-08,291.09,292.95,289.86,292.44,271.9,76452400.0,263.69050000000004,259.914,0.016524599970091147,59.525786826332,4.198521450910448,3.7306986596409244,1,8.96999999999997,0.021830046000272163,0.015973337018806655,0,0.2541340487289998,0.11537035938036155,0,1,0,0,0,0,0,0,0,0,0,0
2020-05-11,290.34,294.0,289.88,292.5,271.96,79514200.0,264.4735,259.914,0.0002206693637367696,59.56598302600964,4.408850300363838,3.8663289877855074,0,8.299999999999955,0.02881534387315976,0.04004844844635347,0,0.25426598645439347,0.12165775483429003,0,1,0,0,0,0,0,0,0,0,0,0
2020-05-12,293.79,294.24,286.52,286.67,266.54,95870800.0,264.6075,259.914,-0.019929401382556056,54.31810304273322,4.091029879845905,3.911269166197587,0,0.4500000000000455,-0.003184132048728139,0.20570665365431573,0,0.24234761192717036,0.15524597499293083,0,1,0,0,0,0,0,0,0,0,0,0
2020-05-13,286.06,287.19,278.96,281.6,261.83,144721100.0,264.786,259.914,-0.01767089367449548,50.18069321735146,3.4196773580173954,3.812950804561549,1,-2.4600000000000364,-0.037379625693314766,0.5095430516904,0,0.23199050048377157,0.2555598929964066,0,1,0,0,0,0,0,0,0,0,0,0
2020-05-14,278.95,285.11,272.99,284.97,264.96,121977900.0,265.059,259.914,0.01195432150632092,52.75605482695268,3.104404842533313,3.6712416121559017,1,-2.5200000000000387,-0.025645973550730616,-0.15715192877887196,0,0.2388732518251384,0.20885681236155584,0,1,0,0,0,0,0,0,0,0,0,0
2020-05-15,282.37,286.33,281.34,286.28,266.18,111146300.0,265.0425,259.914,0.004604468599033851,53.75943122518697,2.9193405658146503,3.5208614028876517,1,-5.71999999999997,-0.00111210356914071,-0.088799692403296,0,0.24155598557480862,0.18661416013124307,0,1,0,0,0,0,0,0,0,0,0,0
2020-05-18,293.05,296.75,292.7,295.0,274.28,119703800.0,265.6655,259.914,0.030430535727702823,59.85554619896494,3.3872321944161286,3.494135561193347,0,2.319999999999993,0.046989325833057594,0.0769931162800741,0,0.25936757850294656,0.20418695606729145,0,1,0,0,0,0,0,0,0,0,0,0
2020-05-19,294.35,296.21,291.95,291.97,271.47,95189300.0,266.54550000000006,259.914,-0.010245005104272842,57.045845943190436,3.4910534738683623,3.49351914372835,1,4.930000000000007,0.024789999222463832,-0.20479299738187096,0,0.2531884950303457,0.15384651715706557,0,1,0,0,0,0,0,0,0,0,0,0
2020-05-20,295.82,297.87,295.57,296.93,276.08,85861700.0,267.3745,259.914,0.016981618595056425,60.33540652665019,3.900360134705636,3.5748873419238074,0,14.25,0.037167149218486406,-0.09799000517915357,0,0.26332571026475493,0.13469232359900718,0,1,0,0,0,0,0,0,0,0,0,0
2020-05-21,296.79,297.67,293.69,294.88,274.17,78293900.0,268.10900000000004,259.914,-0.006918284555201271,58.34184340480515,4.024228770578702,3.6647556276547864,1,9.210000000000036,-0.00018167106441768777,-0.08813941489628085,0,0.2591256926730583,0.1191518731070613,0,1,0,0,0,0,0,0,0,0,0,0
2020-05-22,294.57,295.63,293.22,295.44,274.69,63958200.0,268.6885,259.914,0.0018966334755807779,58.74153541748948,4.116898171669163,3.755184136457662,1,8.509999999999991,0.011959967515435932,-0.18310111004816465,0,0.2602691529598029,0.08971356393961652,0,1,0,0,0,0,0,0,0,0,0,0
2020-05-26,301.93,302.19,295.46,299.08,278.08,88951400.0,269.248,259.914,0.012341184608103628,61.345339606555605,4.4130135352396,3.88675001621405,1,3.8000000000000114,0.007319533528483135,0.3907739742519334,0,0.26772363444454206,0.14103701160410315,0,1,0,0,0,0,0,0,0,0,0,0
2020-05-27,302.12,303.57,296.87,303.53,282.22,104817400.0,270.07550000000003,259.914,0.014887802071346545,64.30780850887646,4.924978409430196,4.09439569485728,0,10.75,0.02912562015503095,0.17836706336269015,0,0.27682733749670163,0.17361778640063757,0,1,0,0,0,0,0,0,0,0,0,0
2020-05-28,304.65,306.84,302.24,302.97,281.7,90405200.0,270.5295,259.914,-0.0018425341931828099,63.64799026582994,5.22848389878834,4.321213335643492,1,5.6200000000000045,0.025386452486267364,-0.13749816347285848,0,0.2756838772099568,0.1440223847541852,0,1,0,0,0,0,0,0,0,0,0,0
2020-05-29,302.46,304.96,299.47,304.32,282.95,119090800.0,271.173,259.914,0.004437344692935774,64.58856959851165,5.506404337472986,4.558251536009391,1,8.779999999999973,0.01748261257109951,0.31730033228177135,0,0.27843257982232383,0.20292816273877287,0,1,0,0,0,0,0,0,0,0,0,0
2020-06-01,303.62,306.21,303.06,305.55,284.09,55758300.0,272.231,259.914,0.004028980385226921,65.46615908454902,5.752337395274651,4.797068707862444,1,9.399999999999977,0.0066237908849798854,-0.5318001054657455,0,0.2809393966048025,0.0728750983368116,0,1,0,0,0,0,0,0,0,0,0,0
2020-06-02,306.55,308.13,305.1,308.08,286.45,74267200.0,273.3705,259.914,0.008307226583125216,67.27428598500623,6.06772839617031,5.051200645524017,1,8.370000000000005,0.01677355166128791,0.33194878610000655,0,0.28612894713695125,0.1108830589211792,0,0,0,0,0,0,0,0,0,0,0,0
2020-06-03,310.24,313.22,309.94,312.18,290.26,92567600.0,274.579,261.5734,0.013300750567289299,70.00473679323228,6.549613329679232,5.35088318235506,0,8.039999999999964,0.025636957535641436,0.24641295215115155,0,0.2945069926994458,0.14846286549413387,0,0,0,0,0,0,0,0,0,0,0,0
2020-06-04,311.11,313.0,309.08,311.36,289.5,75794400.0,275.8395,262.8418,-0.002618342175980115,68.77211203160566,6.791892256734002,5.639084997230849,1,7.800000000000011,0.0189896349744344,-0.1811994693607698,0,0.29283578151112666,0.11401915871125026,0,0,0,0,0,0,0,0,0,0,0,0
2020-06-05,317.23,321.27,317.16,319.34,296.92,150524700.0,277.31149999999997,264.191,0.025630397236614977,73.65025831111996,7.496220279278532,6.010512053640387,1,13.970000000000027,0.03631280562792416,0.9859607042208922,0,0.309152080218137,0.26747756503782644,0,0,0,0,0,0,0,0,0,0,0,0
2020-06-08,320.22,323.41,319.63,323.2,300.5,73641200.0,278.7415,265.3438,0.012057119762899138,75.62841119477761,8.248201262419968,6.458049895396303,0,16.410000000000025,0.035069174823534,-0.5107699932303469,0,0.31702436449995597,0.10959757013871163,0,0,0,0,0,0,0,0,0,0,0,0
2020-06-09,320.3,323.28,319.36,320.79,298.26,77479200.0,280.0565,266.5966,-0.007454242928452648,71.98686018343103,8.564674098072999,6.879374735931642,0,11.810000000000002,0.030233274071061467,0.052117564624150514,0,0.3120986894185943,0.11747888954304159,0,0,0,0,0,0,0,0,0,0,0,0
2020-06-10,321.42,322.39,318.22,319.0,296.6,95000800.0,281.55949999999996,267.663,-0.0055656138939179645,69.32292854721936,8.582598124888648,7.220019413723044,0,6.340000000000032,-0.0009627370594714746,0.22614585592004044,0,0.30844841234937115,0.15345943307480497,0,0,0,0,0,0,0,0,0,0,0,0
2020-06-11,311.46,312.15,300.01,300.61,279.5,209243600.0,282.443,268.46,-0.057653405259608936,49.14680134724739,7.134731215699901,7.202961774118416,1,-10.0,-0.07067326208197955,1.2025456627733662,1,0.270846160612191,0.3880566181829308,0,0,0,0,0,0,0,0,0,0,0,0
2020-06-12,308.24,309.08,298.6,304.21,282.85,194678900.0,283.3375,269.5396,0.011985688729874822,52.08872893407598,6.186291543649361,6.999627728024605,1,-14.069999999999993,-0.05123333042365208,-0.06960643001745337,0,0.2782126836133345,0.358148058326692,0,0,0,0,0,0,0,0,0,0,0,0
2020-06-15,298.02,308.28,296.74,307.05,285.49,135782700.0,284.303,270.5664,0.009333569029520872,54.33095519626043,5.583311270177944,6.716364436455273,1,-15.009999999999991,-0.03633414750021324,-0.30252996087403417,0,0.28401794353065346,0.23720492025965234,0,0,0,0,0,0,0,0,0,0,0,0
2020-06-16,315.48,315.64,307.67,312.96,290.98,137627500.0,285.13800000000003,271.7708,0.019230095625065724,58.66336891340633,5.485212067085683,6.470133962581356,0,-7.279999999999973,0.04054935338446142,0.013586414175001726,0,0.2960902454041693,0.24099321052466222,0,0,0,0,0,0,0,0,0,0,0,0
2020-06-17,314.07,314.39,310.86,311.66,289.77,83398900.0,286.053,272.641,-0.004158361399409061,57.37154811528386,5.249319961334436,6.225971162331972,1,-6.830000000000041,0.024405303255177535,-0.3940244500554032,0,0.2934295012753979,0.12963497252319064,0,0,0,0,0,0,0,0,0,0,0,0
2020-06-18,310.01,312.3,309.51,311.78,289.89,80828700.0,286.7435,273.5086,0.0004141215446733515,57.47157003403709,5.01425554843712,5.983628039553002,0,10.389999999999986,0.015485855770330015,-0.030818152277787836,0,0.2936933767261851,0.12435707592782616,0,0,0,0,0,0,0,0,0,0,0,0
2020-06-19,1.37 Dividend,,,,,,292.09049999999996,303.6934,0.0,57.47157003403709,5.01425554843712,5.7897535413298264,0,0.0,-0.003744239854735709,0.0,0,0.29004309965696196,0.23672625023538202,1,1,0,0,0,0,1,0,0,0,1,1
2020-06-19,314.17,314.38,306.53,308.64,288.23,135549600.0,292.09049999999996,303.6934,-0.005726309979647293,57.47157003403709,4.612665422026282,5.554335917469118,1,2.740000000000009,-0.005312188434973941,0.6769983928975722,0,0.29004309965696196,0.23672625023538202,1,1,0,0,0,0,0,0,0,0,0,0
2020-06-22,307.99,311.05,306.75,310.62,290.08,74649400.0,292.09049999999996,303.6934,0.006418485237483784,59.30992204689714,4.4166674509775135,5.326802224170796,1,-0.9000000000000341,0.0006921752578364915,-0.4492835095050077,0,0.29411117952326493,0.11166790526728002,1,1,0,0,0,0,0,0,0,0,0,0
2020-06-23,313.49,314.5,311.61,312.05,291.41,68471200.0,292.09049999999996,303.6934,0.004584942084942201,60.62758981257329,4.318872260543571,5.125216231445352,0,1.6400000000000432,0.005277117342778692,-0.08276288891806227,0,0.2970357991028235,0.09898099345283726,1,1,0,0,0,0,0,0,0,0,0,0
2020-06-24,309.84,310.51,302.1,304.09,283.98,132813500.0,292.09049999999996,303.6934,-0.025496722830376517,50.74191901414406,3.600327626892522,4.820238510534786,1,-5.909999999999968,-0.014493295507950532,0.9396987346504808,0,0.2806975107749142,0.2311076785776991,1,1,0,0,0,0,0,0,0,0,0,0
2020-06-25,303.47,307.64,301.28,307.35,287.03,89468000.0,292.09049999999996,303.6934,0.010740192971335771,54.05384571076782,3.23964077571992,4.504118963571813,0,0.0,-0.010171587774098545,-0.3263636603206752,0,0.2874043451490895,0.14209784787410754,1,1,0,0,0,0,1,0,0,0,0,0
2020-06-26,306.16,306.39,299.42,300.05,280.21,127961000.0,292.09049999999996,303.6934,-0.0237605825175069,46.52156103741448,2.37608679516336,4.078512529890122,1,-8.020000000000039,-0.038517112376547646,0.4302432154513345,0,0.27240742369601545,0.22114308701711777,1,1,0,0,0,0,0,0,0,0,0,0
2020-06-29,301.41,304.61,298.93,304.46,284.33,79773300.0,292.09049999999996,303.6934,0.01470325827058283,50.966732215602526,2.0010962201385496,3.6630292679398075,1,-5.75,0.0016828687244117013,-0.3765811458178664,0,0.2814671475063769,0.12218981576645832,1,1,0,0,0,0,0,0,0,0,0,0
2020-06-30,303.99,310.2,303.82,308.36,287.97,113394800.0,292.09049999999996,303.6934,0.01280202581507428,54.56036313376291,1.9748660406161207,3.3253966224750706,1,-3.4399999999999977,0.0037447015681502105,0.4214630709773821,0,0.28947136951358965,0.1912314469161925,1,1,0,0,0,0,0,0,0,0,0,0
2020-07-01,309.57,311.89,309.07,310.52,289.99,72396500.0,292.09049999999996,303.6934,0.007014619578428194,56.467117407072955,2.0929493353992257,3.078907165059902,1,6.009999999999991,0.034519903664085305,-0.36155361621520565,0,0.29391327293517455,0.10704158309791709,1,1,0,0,0,0,0,0,0,0,0,0
2020-07-02,314.24,315.7,311.51,312.23,291.58,69344200.0,292.09049999999996,303.6934,0.005482947687851292,57.962416459129095,2.2884510696549683,2.9208159459789154,1,4.550000000000011,0.025299593081353766,-0.0421608779429945,0,0.29740962265810533,0.10077369586033597,1,1,0,0,0,0,0,0,0,0,0,0
2020-07-06,316.37,317.68,315.56,317.05,296.08,61713800.0,292.09049999999996,303.6934,0.015433157281020682,61.94630797944137,2.774517088577227,2.891556174498578,0,15.870000000000005,0.027930724547300168,-0.11003660003287952,0,0.3073049520626263,0.08510469649014332,1,1,0,0,0,0,0,0,0,0,0,0
2020-07-07,315.38,317.52,313.37,313.78,293.03,82910000.0,292.09049999999996,303.6934,-0.01030126992704683,57.93848177472455,2.8804147719085336,2.8893278939805693,1,8.699999999999989,0.010614835041825144,0.3434596475990783,0,0.3005981176884509,0.12863101810506222,1,1,0,0,0,0,0,0,0,0,0,0
2020-07-08,314.61,316.3,312.7,316.18,295.27,54638600.0,292.09049999999996,303.6934,0.007644268504931162,59.9860471258787,3.109247261448388,2.9333117674741334,0,7.2999999999999545,0.012776155858905014,-0.34098902424315525,0,0.30552379276981256,0.07057579835321906,1,1,0,0,0,0,0,0,0,0,0,0
2020-07-09,316.84,317.1,310.68,314.38,293.59,83354200.0,292.09049999999996,303.6934,-0.0056897077251329975,57.716703348322724,3.119081864233749,2.9704657868260567,1,3.599999999999966,-0.008346709147248665,0.5255551935810947,0,0.3018295364587914,0.12954318123153521,1,1,0,0,0,0,0,0,0,0,0,0
2020-07-10,314.31,317.88,312.76,317.59,296.59,57550400.0,292.09049999999996,303.6934,0.010218331687046556,60.58428696532456,3.3305581842025163,3.042484266301349,0,5.009999999999991,0.01217289246684472,-0.30956808415172843,0,0.3084264227284721,0.07655516933850515,1,1,0,0,0,0,0,0,0,0,0,0
2020-07-13,320.13,322.71,314.13,314.84,294.02,102997500.0,292.09049999999996,303.6934,-0.008665160659496296,57.01692178164494,3.2532754356400915,3.084642500169098,1,-2.0600000000000023,-0.004136536697582738,0.7896921654758264,0,0.30277509015744564,0.16988062819742233,1,1,0,0,0,0,0,0,0,0,0,0
2020-07-14,313.3,319.76,312.0,318.92,297.83,93657000.0,292.09049999999996,303.6934,0.012958302156315993,60.7104479597834,3.4595835336536993,3.159630706866018,1,4.800000000000011,0.014511473183866253,-0.09068666715211537,0,0.3111531357199401,0.1506999445350607,1,1,0,0,0,0,0,0,0,0,0,0
2020-07-15,322.41,323.04,319.27,321.85,300.57,87196500.0,292.09049999999996,303.6934,0.00919987912567577,63.162046918786565,3.8003709775828725,3.287778761009389,0,5.300000000000011,0.013493020622495466,-0.06898042858515652,0,0.31717829184624846,0.13743333067063293,1,1,0,0,0,0,0,0,0,0,0,0
2020-07-16,319.79,321.28,319.09,320.79,299.58,54622500.0,292.09049999999996,303.6934,-0.0032937418904082083,61.664848583271144,3.9450862572700203,3.4192402602615157,1,5.990000000000009,0.018864439391583554,-0.373570040081884,0,0.31500131937725384,0.07054273706025144,1,1,0,0,0,0,0,0,0,0,0,0
2020-07-17,321.88,322.57,319.74,321.72,300.44,62774900.0,292.09049999999996,303.6934,0.002870685626543912,62.49650290007068,4.082112915061714,3.551814791221555,1,3.8500000000000227,0.008776822861811473,0.14924985125177348,0,0.3168924267745623,0.08728366158131959,0,1,0,0,0,0,0,0,0,0,0,0
2020-07-20,321.43,325.13,320.62,324.32,302.87,56308800.0,292.8225,303.6934,0.008088137398482242,64.8189556958626,4.336796331678386,3.7088110993129213,1,8.850000000000023,0.007665081134617946,-0.10300454481010723,0,0.3222359046530038,0.07400554813672919,0,1,0,0,0,0,0,0,0,0,0,0
2020-07-21,326.45,326.93,323.94,325.01,303.52,57292200.0,293.4945,303.6934,0.002146135305576502,65.43554586803772,4.538764292484302,3.8748017379471977,1,5.689999999999998,0.013104958330602656,0.01746441053618608,0,0.32366523001143455,0.0760249565531487,0,1,0,0,0,0,0,0,0,0,0,0
2020-07-22,324.62,327.2,324.5,326.86,305.24,57792900.0,294.186,303.6934,0.005666842382709536,67.07973209514066,4.782485466420724,4.056338483641903,0,4.670000000000016,0.01590111508676828,0.008739409553132793,0,0.3274474448060515,0.07705314222947701,0,1,0,0,0,0,0,0,0,0,0,0
2020-07-23,326.47,327.23,321.48,322.96,301.6,75738000.0,295.067,303.6934,-0.011925042589437829,60.51874972617701,4.6285634748732605,4.170783481888175,0,2.0200000000000387,-0.004112064901151791,0.31050699999480913,0,0.31944322279883897,0.11390334151104073,0,1,0,0,0,0,0,0,0,0,0,0
2020-07-24,320.95,321.99,319.25,320.88,299.66,73766600.0,295.6985,303.6934,-0.0064323607427055896,57.301894180016525,4.300464325086807,4.196719650527902,1,-0.7799999999999727,-0.012690560949433882,-0.02602920594681668,0,0.3151772363444454,0.10985507859449667,0,1,0,0,0,0,0,0,0,0,0,0
2020-07-27,321.63,323.41,320.77,323.22,301.85,48293000.0,296.78049999999996,303.6934,0.0073082827204165035,59.89358126236454,4.169099300894175,4.191195580601157,0,-1.0199999999999818,-0.011049120611726915,-0.3453270179186786,0,0.31999296332131233,0.05754513123177137,0,1,0,0,0,0,0,0,0,0,0,0
2020-07-28,322.43,323.64,320.85,321.17,299.93,57495000.0,297.5605,303.6934,-0.006360775219479975,56.647237631470105,3.865504489337013,4.1260573623483285,1,-3.589999999999975,-0.005484853241769061,0.19054521359203203,0,0.31577095610871664,0.07644140563475321,0,1,0,0,0,0,0,0,0,0,0,0
2020-07-29,322.12,325.73,322.08,325.12,303.62,48454200.0,298.34299999999996,303.6934,0.01230287066982294,61.02009040032136,3.877952947640267,4.076436479406716,0,-1.6200000000000045,0.01325037817075947,-0.15724497782415858,0,0.323885126220424,0.057876154860739056,0,1,0,0,0,0,0,0,0,0,0,0
2020-07-30,321.9,324.41,319.64,323.96,302.54,61861700.0,298.9705,303.6934,-0.00355707792635529,59.13986262467679,3.7573589711241766,4.012620977750209,1,0.9399999999999977,0.002385017523987676,0.27670459939489245,0,0.32151024716333887,0.0854084086162247,0,1,0,0,0,0,0,0,0,0,0,0
2020-07-31,325.9,326.63,321.33,326.52,304.93,84986800.0,299.63800000000003,303.6934,0.007899781847028553,61.93511465818694,3.8107128758921363,3.972239357378595,1,5.269999999999982,0.016645574590496204,0.37381934217779333,0,0.32676576655818446,0.132895719548239,0,1,0,0,0,0,0,0,0,0,0,0
2020-08-03,328.32,329.62,327.73,328.79,307.05,53077900.0,300.1865,303.6934,0.006952415308431492,64.27005677617981,3.9782042499879253,3.973432335900461,1,5.199999999999989,0.011295119229104755,-0.3754571298131004,0,0.3314275661887589,0.06737090643181787,0,1,0,0,0,0,0,0,0,0,0,0
2020-08-04,327.86,330.06,327.86,330.06,308.23,41917900.0,300.94649999999996,303.6934,0.0038430223090701876,65.53722047953619,4.15822507869558,4.010390884459485,1,8.300000000000011,0.018695219464530233,-0.2102569996175433,0,0.33402234145483334,0.04445388596482402,0,1,0,0,0,0,0,0,0,0,0,0
2020-08-05,331.47,332.39,331.18,332.11,310.15,42697700.0,301.69050000000004,303.6934,0.006229114622197551,67.5535936319998,4.405042251287682,4.0893211578251245,1,6.529999999999973,0.01702455223969923,0.018603031163297867,0,0.3382443486674289,0.04605520250247292,0,1,0,0,0,0,0,0,0,0,0,0
2020-08-06,331.48,334.46,331.13,334.33,312.22,43679400.0,302.62199999999996,303.6934,0.006674189908109085,69.6175352460439,4.713345822392171,4.214126090738534,1,9.680000000000007,0.016746326839376824,0.02299187075650444,0,0.34279620019350865,0.048071119974914485,0,1,0,0,0,0,0,0,0,0,0,0
2020-08-07,333.28,334.88,332.3,334.57,312.45,57308300.0,303.415,303.6934,0.0007366600474023599,69.84704589714872,4.919528439953922,4.355206560581612,1,7.519999999999982,0.013639964577708996,0.31202122739781224,0,0.3433019614741841,0.07605801784611632,0,1,0,0,0,0,0,0,0,0,0,0
2020-08-10,335.06,335.77,332.96,335.57,313.38,44282100.0,304.383,303.6934,0.0029764762361979002,70.80731654951217,5.099192559810547,4.504003760427399,0,6.329999999999984,0.010387326191709345,-0.2273004084923126,0,0.3453469962177852,0.049308762289919615,0,1,0,0,0,0,0,0,0,0,0,0
2020-08-11,336.85,337.54,332.01,332.8,310.79,69601100.0,305.03100000000006,303.6934,-0.008264726530091138,64.63389910981556,4.9752349037459,4.5982499890911,1,2.5600000000000023,-0.0045515902464908775,0.571766018323431,0,0.33965168440496085,0.10130123910029748,0,1,0,0,0,0,0,0,0,0,0,0
2020-08-12,335.44,338.28,335.41,337.44,315.13,53774400.0,305.75899999999996,303.6934,0.013964413269410114,69.44174662286025,5.167630074592751,4.71212600619143,0,4.980000000000018,0.008676162975516877,-0.2273915211110169,0,0.34919517987509885,0.06880116671454736,0,1,0,0,0,0,0,0,0,0,0,0
2020-08-13,336.61,338.25,335.83,336.83,314.56,41816100.0,306.508,303.6934,-0.0018087773299907406,68.13171246996485,5.21400657511839,4.8125021199768225,1,2.339999999999975,0.003890909409328236,-0.2223790502543962,0,0.34794177148385963,0.04424484002543872,0,1,0,0,0,0,0,0,0,0,0,0
2020-08-14,336.41,337.42,335.62,336.84,314.57,47260400.0,307.2145,303.6934,3.17904374362854e-05,68.1430671727179,5.191720282651374,4.888345752511733,1,2.1200000000000045,0.012187426376855659,0.13019626411836582,0,0.34796376110475846,0.05542469078963715,0,1,0,0,0,0,0,0,0,0,0,0
2020-08-17,337.94,338.34,336.85,337.91,315.56,35481000.0,307.84900000000005,303.6934,0.0031471532568267957,69.30893386663111,5.194068967668386,4.949490395543064,1,2.180000000000007,0.0013701663642723405,-0.24924461071002357,0,0.3501407335737532,0.031235734616795997,0,1,0,0,0,0,0,0,0,0,0,0
2020-08-18,338.34,339.1,336.61,338.64,316.25,38733900.0,308.4855,303.6934,0.0021865889212828726,70.12944928269813,5.191760171397732,4.997944350713998,0,5.4599999999999795,0.005365532615545954,0.09168005411346924,0,0.35165801741577973,0.03791555324377487,0,1,0,0,0,0,0,0,0,0,0,0
2020-08-19,339.05,339.61,336.62,337.23,314.93,68054200.0,308.97,303.6934,-0.00417391304347825,66.46844838959893,5.025486782052951,5.003452836981789,1,-0.19999999999998863,0.0011598291346314182,0.7569674109759152,0,0.3487553874571202,0.0981246854300114,0,1,0,0,0,0,0,0,0,0,0,0
2020-08-20,335.36,338.8,335.22,338.28,315.91,42207800.0,309.6855,303.6934,0.003111802622805193,67.81192835242823,4.916121741602751,4.985986617905981,1,1.3500000000000227,0.0011244785006098157,-0.3797914015593453,0,0.350910370305216,0.04504919458788687,0,1,0,0,0,0,0,0,0,0,0,0
2020-08-21,337.92,339.72,337.55,339.48,317.03,55106600.0,310.554,303.6934,0.0035453135386658285,69.32459914204523,4.863757430804355,4.961540780485656,1,2.4599999999999795,0.0024832031179927716,0.3056022820426556,0,0.35337320784589665,0.0715368346953833,0,1,0,0,0,0,0,0,0,0,0,0
2020-08-24,342.12,343.0,339.45,342.92,320.24,48588700.0,311.4735,303.6934,0.010125224742138172,73.21045347609544,5.02337220233494,4.973907064855513,1,4.680000000000007,0.016782340903609194,-0.1182780284031314,0,0.36043187615445504,0.0581523501342884,0,1,0,0,0,0,0,0,0,0,0,0
2020-08-25,343.53,344.21,342.27,344.12,321.36,38463400.0,312.545,303.6934,0.0034973769672745902,74.4276603801391,5.180524832994649,5.01523061848334,1,5.110000000000014,0.01716791524807859,-0.2083879585171038,0,0.36289471369513593,0.03736008245198976,0,1,0,0,0,0,0,0,0,0,0,0
2020-08-26,344.76,347.86,344.17,347.57,324.59,50790200.0,313.5935,303.6934,0.010051033109285346,77.59001005132697,5.50227661105572,5.112639816997817,1,9.659999999999968,0.023673634818698108,0.32048128870562675,0,0.369997361245492,0.06267312258572988,0,1,0,0,0,0,0,0,0,0,0,0
2020-08-27,348.51,349.9,346.53,348.33,325.3,58034100.0,314.7315,303.6934,0.0021873748421086248,78.22737863909421,5.748295507131445,5.239770955024543,1,9.389999999999986,0.01573578491866856,0.14262397076601396,0,0.3715586243293165,0.07754844557505397,0,1,0,0,0,0,0,0,0,0,0,0
2020-08-28,349.44,350.72,348.15,350.58,327.4,48588900.0,315.855,303.6934,0.006455579465109107,80.03597910800693,6.043059080898729,5.40042858019938,0,10.370000000000005,0.018693987416503077,-0.16275258856430963,0,0.376176444718093,0.05815276083357993,0,0,0,0,0,0,0,0,0,0,0,0
2020-08-31,350.35,351.3,349.06,349.31,326.21,66099200.0,316.813,304.45300000000003,-0.0036346976175931633,76.1744983760831,6.110203657714692,5.542383595702443,1,5.96999999999997,0.005008256689624568,0.3603765469068039,0,0.3735596798311196,0.09411009985537225,0,0,0,0,0,0,0,0,0,0,0,0
2020-09-01,350.21,352.71,349.24,352.6,329.28,54908700.0,317.8655,305.237,0.009411115539069925,78.99065737435873,6.338078142026745,5.701522504967304,1,7.919999999999959,0.012231997386585869,-0.16929856942292798,0,0.3803104934470929,0.07113044774642113,0,0,0,0,0,0,0,0,0,0,0,0
2020-09-02,354.67,358.75,353.43,357.7,334.05,69540000.0,319.0605,306.08979999999997,0.014486151603498643,82.45974792093747,6.824896291934749,5.926197262360794,0,9.460000000000036,0.020262569524975405,0.2664659698736265,0,0.39079954261588523,0.10117577046673715,0,0,0,0,0,0,0,0,0,0,0,0
2020-09-03,355.87,356.38,342.59,345.39,322.55,148011100.0,319.577,306.8612,-0.03442598413411169,57.71607741933835,6.211151010045796,5.983188011897795,0,-2.75,-0.010528716991543119,1.1284311187805578,1,0.3655114785821092,0.262315896341963,0,0,0,0,0,0,0,0,0,0,0,0
2020-09-04,346.13,347.83,334.87,342.57,319.92,139156300.0,319.9505,307.519,-0.008153774608587794,53.744195926493475,5.449713526969788,5.8764931149121935,0,-7.479999999999961,-0.028093607139200838,-0.05982524283651702,0,0.3597282082856892,0.24413259590906544,0,0,0,0,0,0,0,0,0,0,0,0
2020-09-08,336.71,342.64,332.88,333.21,311.18,114465300.0,319.84049999999996,308.1384,-0.027319329832458106,43.12348294274768,4.093832723682681,5.519961036666291,1,-15.029999999999973,-0.06989908857515759,-0.1774335764891708,0,0.3405092796200193,0.19342971487407037,0,0,0,0,0,0,0,0,0,0,0,0
2020-09-09,337.55,342.46,336.61,339.79,317.32,91462300.0,320.167,308.7982,0.01973134520213371,50.52098019044814,3.4746801544556547,5.110904860224164,0,-11.95999999999998,-0.01574175923891219,-0.20096046574813498,0,0.3540109068519658,0.14619313585953098,0,0,0,0,0,0,0,0,0,0,0,0
2020-09-10,341.82,342.53,332.85,333.89,311.81,90569500.0,320.00100000000003,309.275,-0.0173641749653346,44.87979226469792,2.5104474560076824,4.590813379380867,1,-22.24000000000001,-0.024952159595658996,-0.009761398958915257,0,0.3418946257366523,0.14435977422217147,0,0,0,0,0,0,0,0,0,0,0,0
2020-09-11,335.82,336.97,331.0,334.06,311.97,84680200.0,319.8715,309.7146,0.0005131329976588717,45.0715923852435,1.7391489320839923,4.020480489921492,1,-10.579999999999984,0.0028803032344579815,-0.06502520164072889,0,0.3422464596710353,0.13226611753433395,0,0,0,0,0,0,0,0,0,0,0,0
2020-09-14,337.49,340.38,334.22,338.46,316.08,65605700.0,319.947,310.2046,0.013174343686892742,49.894712838710824,1.4428991035729837,3.50496421265179,1,-3.840000000000032,-0.003676698280782986,-0.22525336501330895,0,0.3512841938604978,0.09309669935353879,0,0,0,0,0,0,0,0,0,0,0,0
2020-09-15,341.12,342.02,338.47,340.17,317.67,52920900.0,320.0525,310.63640000000004,0.0050303720577069555,51.66299208173732,1.321188849285761,3.0682091399785847,0,6.490000000000009,0.01871784874225857,-0.19334905351211862,0,0.3547805435834286,0.06704850748797217,0,0,0,0,0,0,0,0,0,0,0,0
2020-09-16,341.51,343.06,338.52,338.82,316.41,82096000.0,320.0605,311.10400000000004,-0.003966380205874032,50.15250158251611,1.1102627087554424,2.6766198537339565,0,-0.9099999999999682,0.014238335538725666,0.5512963687314463,0,0.3520098513501627,0.12695947198856286,0,0,0,0,0,0,0,0,0,0,0,0
2020-09-17,333.56,337.7,332.99,335.84,313.63,91523300.0,319.9955,311.4712,-0.008786068708321548,46.89472448470435,0.7105882373000441,2.283413530447174,0,1.8199999999999932,-0.007722076856488624,0.11483263496394458,0,0.34589673674025856,0.14631839914344555,0,0,0,0,0,0,0,0,0,0,0,0
2020-09-18,1.34 Dividend,,,,,,315.936,322.39,0.0,46.89472448470435,0.7105882373000441,1.9688484718177481,0,0.0,-0.01275244891419558,0.0,0,0.33795848359574276,0.17579551939393928,1,1,0,0,0,0,1,0,0,0,1,1
2020-09-18,335.37,335.49,327.97,330.65,310.02,105877900.0,315.936,322.39,-0.011510378471447313,46.89472448470435,-0.025084623577527054,1.5700618527386931,0,-6.060000000000002,-0.02029644717976886,0.15684093558689427,0,0.33795848359574276,0.17579551939393928,1,1,0,0,0,0,0,0,0,0,0,0
2020-09-21,325.7,327.13,321.73,326.97,306.57,99450800.0,315.936,322.39,-0.011128314302302988,42.60510513028629,-0.7565726697560535,1.104734948239744,1,-11.100000000000023,-0.022638692773750302,-0.06070294178482949,0,0.33037206438560995,0.16259749231119588,1,1,0,0,0,0,0,0,0,0,0,0
2020-09-22,328.57,330.9,325.86,330.3,309.69,63612100.0,315.936,322.39,0.010177121049026239,47.2999969551402,-1.0721650401835632,0.6693549505550825,0,-6.720000000000027,-0.012461571724724063,-0.36036613079030033,0,0.33723282610607785,0.08900284881563564,1,1,0,0,0,0,0,0,0,0,0,0
2020-09-23,330.9,331.2,322.1,322.64,302.51,93112200.0,315.936,322.39,-0.023184474797378063,39.3273651232104,-1.8799691476104385,0.1594901309219784,1,-11.120000000000005,-0.024135668050654813,0.4637498211818192,0,0.32144427830064204,0.1495811996649515,1,1,0,0,0,0,0,0,0,0,0,0
2020-09-24,321.22,326.8,319.8,323.5,303.32,76681300.0,315.936,322.39,0.0026775974347954534,40.54488230198866,-2.4268245691259835,-0.357772809087614,1,0.0,-0.01032975631355637,-0.17646344947278658,0,0.3232254375934558,0.11584040471950985,1,1,0,0,0,0,1,0,0,0,0,0
2020-09-25,322.58,329.58,321.64,328.73,308.22,71069400.0,315.936,322.39,0.016154556244230678,47.41885811525558,-2.4367332376167496,-0.7735648947934411,1,-1.7999999999999545,-0.004352321118351932,-0.07318472691516709,0,0.3340003518339344,0.10431638794901496,1,1,0,0,0,0,0,0,0,0,0,0
2020-09-28,333.22,334.96,332.15,334.19,313.34,64584600.0,315.936,322.39,0.016611511258191936,53.472133840869915,-2.008294351247855,-1.020510786084324,0,6.769999999999982,0.03544366493721807,-0.09124602149448291,0,0.3452590377341893,0.09099987412066715,1,1,0,0,0,0,0,0,0,0,0,0
2020-09-29,333.97,334.77,331.62,332.37,311.63,51304000.0,315.936,322.39,-0.005457330695091578,51.34605973724697,-1.7861465701753332,-1.173637942902526,1,1.9399999999999977,0.027308736807331035,-0.20563106375204,0,0.34149881256047143,0.06372820906565296,1,1,0,0,0,0,0,0,0,0,0,0
2020-09-30,333.09,338.29,332.88,334.89,314.0,104081100.0,315.936,322.39,0.007605172801078197,54.07169784400597,-1.4026843876235944,-1.2194472318467398,1,11.490000000000009,0.018759353364178555,1.0287131607671918,0,0.34671035271351913,0.17210579695889497,1,1,0,0,0,0,0,0,0,0,0,0
2020-10-01,337.69,338.74,335.01,337.04,316.01,88698700.0,315.936,322.39,0.006401273885350278,56.30728497920925,-0.9259241661073361,-1.160742618698859,0,12.689999999999998,0.008549115991336897,-0.1477924426240691,0,0.3511302665142052,0.14051809304926358,1,1,0,0,0,0,0,0,0,0,0,0
2020-10-02,331.7,337.01,331.19,333.84,313.01,89431100.0,315.936,322.39,-0.00949337046296006,52.221544269761594,-0.7811584749922531,-1.0848257899575378,1,4.789999999999964,0.004513076223468415,0.008257167241459085,0,0.3445333802445245,0.1420220738548215,1,1,0,0,0,0,0,0,0,0,0,0
2020-10-05,336.06,339.96,336.01,339.76,318.56,45713100.0,315.936,322.39,0.017731062905338435,58.256225596329784,-0.21610092810726655,-0.9110808175874836,0,5.220000000000027,0.014638966327728653,-0.4888456029278405,0,0.3567376198434339,0.052247315720768024,1,1,0,0,0,0,0,0,0,0,0,0
2020-10-06,339.91,342.17,334.38,334.93,314.03,90128900.0,315.936,322.39,-0.014220241084882068,52.43477104880085,-0.13229685658080825,-0.7553240253861485,1,2.3999999999999773,-0.005982548642503693,0.9716208264151851,0,0.34677632157621596,0.1434550036829459,1,1,0,0,0,0,0,0,0,0,0,0
2020-10-07,338.12,341.63,338.09,340.76,319.5,56999600.0,315.936,322.39,0.017418717956883212,57.904866073493274,0.3712225368553277,-0.5300147129378533,1,5.5,0.02092953977733958,-0.36757688155519486,0,0.3588046442079338,0.07542410348965028,1,1,0,0,0,0,0,0,0,0,0,0
2020-10-08,342.85,343.85,341.86,343.78,322.33,45242500.0,315.936,322.39,0.0088575899843506,60.43969526662703,0.9872423176175289,-0.22656330682677686,1,6.319999999999993,0.012056066856351744,-0.20626635976392815,0,0.36502770692233255,0.05128094028781396,1,1,0,0,0,0,0,0,0,0,0,0
2020-10-09,345.56,347.35,344.89,346.85,325.21,59528600.0,315.936,322.39,0.008934942450283812,62.888827403837354,1.6883718630281237,0.15642372714420327,1,12.199999999999989,0.03521125039151762,0.31576725424103436,0,0.37136071774122603,0.08061739603096099,1,1,0,0,0,0,0,0,0,0,0,0
2020-10-12,349.59,354.02,349.06,352.43,330.44,80388500.0,315.936,322.39,0.01608191630023681,66.89673173853002,2.6356571551529555,0.6522704127459538,0,11.879999999999995,0.03387444873487122,0.35041811834983516,0,0.38286128947136944,0.12345312678718365,1,1,0,0,0,0,0,0,0,0,0,0
2020-10-13,352.28,352.47,349.09,350.13,328.29,73255500.0,315.936,322.39,-0.0065064762135333964,63.844230954072266,3.1762862910894682,1.1570735884146566,0,14.260000000000048,0.018510382536987224,-0.08873159718118884,0,0.3781335209780984,0.10880553655500916,1,1,0,0,0,0,0,0,0,0,0,0
2020-10-14,350.75,351.93,347.14,347.93,326.22,57727900.0,315.936,322.39,-0.006305400712784404,60.960111746254555,3.3985309270387347,1.6053650561394721,0,6.720000000000027,0.0032700393739190092,-0.2119649719133717,0,0.37358166945201865,0.07691966495973196,1,1,0,0,0,0,0,0,0,0,0,0
2020-10-15,343.71,348.02,343.13,347.5,325.82,60357700.0,315.936,322.39,-0.0012261663907793263,60.39237372980295,3.502015688229278,1.9846951825574335,0,3.490000000000009,-0.014038043317097126,0.04555509554305637,0,0.37270208461606114,0.08231994994397035,0,1,0,0,0,0,0,0,0,0,0,0
2020-10-16,348.96,350.75,347.1,347.29,325.62,89501900.0,316.716,322.39,-0.0006138358602909566,60.091026963428504,3.5272300659343614,2.293202159232819,0,0.410000000000025,-0.008145402963854687,0.48285802805607236,0,0.3722622921980825,0.1421674614040207,0,1,0,0,0,0,0,0,0,0,0,0
2020-10-19,348.65,349.33,341.04,342.01,320.67,68425600.0,317.42099999999994,322.39,-0.015201768933112203,53.03719844182545,3.111916771362189,2.456945081658693,1,-9.769999999999982,-0.017041771184182486,-0.23548438636498215,0,0.3613774298531093,0.09888735401436996,0,1,0,0,0,0,0,0,0,0,0,0
2020-10-20,343.46,346.88,342.64,343.38,321.96,60051900.0,318.0345,322.39,0.00402282720553826,54.53502465290308,2.853971406425444,2.536350346612043,0,-6.330000000000041,-0.0117927775878649,-0.122376712809241,0,0.364214090949072,0.0816919907272314,0,1,0,0,0,0,0,0,0,0,0,0
2020-10-21,343.33,345.67,342.4,342.73,321.35,63575000.0,318.9765,322.39,-0.0018946452975523442,53.663437685581044,2.5706926002051773,2.5432187973306704,1,-4.8700000000000045,-0.013073587025126288,0.058667585871554406,0,0.362872724074237,0.0889266640970581,0,1,0,0,0,0,0,0,0,0,0,0
2020-10-22,342.96,345.24,340.65,344.61,323.11,55399300.0,319.966,322.39,0.005476894351952755,55.85562712656715,2.459853733790908,2.526545784622718,1,-2.7099999999999795,0.00760507625993867,-0.12859929217459698,0,0.3667428973524496,0.0721378931085275,0,1,0,0,0,0,0,0,0,0,0,0
2020-10-23,345.93,345.99,343.13,345.78,324.21,49143900.0,320.7655,322.39,0.0034044133576800473,57.217951563126036,2.4327309326538966,2.5077828142289538,0,-1.410000000000025,0.006986662412080458,-0.11291478412182099,0,0.36916175565133247,0.059292451367556766,0,1,0,0,0,0,0,0,0,0,0,0
2020-10-26,342.13,342.98,335.62,339.39,318.22,91473000.0,321.0095,322.39,-0.018475679343635143,48.44966398212633,1.9059226875163517,2.3874107888864335,0,-2.4499999999999886,-0.009594371634002341,0.8613296868990861,0,0.35598997273287014,0.14621510827162748,0,1,0,0,0,0,0,0,0,0,0,0
2020-10-27,339.76,340.12,337.99,338.22,317.12,65994100.0,321.284,322.39,-0.003456728049776925,47.02452428818721,1.3837119804995837,2.186671027209064,0,-4.839999999999975,-0.01852799403573202,-0.2785401156625452,0,0.35357111443398714,0.0938942773776768,0,1,0,0,0,0,0,0,0,0,0,0
2020-10-28,332.1,338.25,326.13,326.66,306.28,127094300.0,320.898,322.39,-0.03418264379414737,35.83728263358027,0.09407439545225316,1.7681517008577017,1,-15.07000000000005,-0.05611505118755944,0.9258433708467879,1,0.3297343653795407,0.21936332163730204,0,1,0,0,0,0,0,0,0,0,0,0
2020-10-29,326.91,333.4,325.09,329.98,309.39,90597700.0,320.567,322.39,0.010154107352749131,40.23060676330783,-0.6693063266840227,1.280660095349357,0,-13.720000000000027,-0.027485264491175165,-0.2871615800236518,0,0.3365731374791098,0.14441768282227624,0,1,0,0,0,0,0,0,0,0,0,0
2020-10-30,328.28,329.69,322.6,326.54,306.17,120287300.0,320.225,322.39,-0.010407576198325663,37.3769940289171,-1.5166353103898018,0.7212010142015253,1,-18.039999999999964,-0.034436112639723904,0.3277080985499632,0,0.32949247954965255,0.20538517125031033,0,1,0,0,0,0,0,0,0,0,0,0
2020-11-02,330.2,332.36,327.24,330.2,309.6,86068300.0,319.777,322.39,0.01120292647875365,42.089166714165515,-1.8895952228613737,0.19904176678894547,1,-8.620000000000005,0.010949457633177118,-0.28447724739020663,0,0.3370349195179875,0.13511657596715063,0,1,0,0,0,0,0,0,0,0,0,0
2020-11-03,333.69,338.25,330.29,336.03,315.06,93294200.0,319.82849999999996,322.39,0.017635658914728625,48.70582278700134,-1.7247108782410123,-0.18570876221704613,1,-2.0600000000000023,0.01843100919515661,0.08395541680270213,0,0.34904125252880636,0.14995493602023763,0,1,0,0,0,0,0,0,0,0,0,0
2020-11-04,340.86,347.94,339.59,343.54,322.11,126959700.0,319.959,322.39,0.022376690154256362,55.738015815117905,-1.013479999940273,-0.35126300976169156,1,15.830000000000041,0.05121527554773864,0.3608530862583097,0,0.364543935262556,0.21908692101410693,0,1,0,0,0,0,0,0,0,0,0,0
2020-11-05,349.24,352.19,348.86,350.24,328.39,82039700.0,320.262,322.39,0.01949644531371253,60.882575169536516,0.05627046026614835,-0.2697563157561236,0,19.0,0.059508794382697516,-0.3538130603648244,0,0.3783534171870876,0.12684386013799906,0,1,0,0,0,0,0,0,0,0,0,0
2020-11-06,349.93,351.51,347.65,350.16,328.31,74973000.0,320.41700000000003,322.39,-0.00024361277749007648,60.785650707255634,0.8873710150118086,-0.03833084960253716,1,22.139999999999986,0.041629522690478815,-0.0861375651056745,0,0.37817750021989616,0.11233241672096453,0,1,0,0,0,0,0,0,0,0,0,0
2020-11-09,363.97,364.38,354.06,354.56,332.44,172304200.0,320.517,322.39,0.01257957418293687,63.97423799506705,1.8578643725474535,0.340908194827461,0,22.839999999999975,0.03183240671915932,1.2982166913422164,0,0.38725921365115656,0.3122016911364727,0,1,0,0,0,0,0,0,0,0,0,0
2020-11-10,353.49,355.18,350.51,354.04,331.95,85552000.0,320.7,322.39,-0.0014739501864998727,63.31642807908825,2.55796185355058,0.7843189265720849,1,16.889999999999986,0.010862011218946921,-0.503482793803053,0,0.3861817222271088,0.13405635574608352,0,1,0,0,0,0,0,0,0,0,0,0
2020-11-11,356.4,357.56,355.06,356.67,334.42,58649000.0,321.11,322.39,0.007440879650549848,65.25580872841687,3.274357750592344,1.2823266913761369,0,12.310000000000002,0.018546503646986845,-0.314463717972695,0,0.3916131585891459,0.07881114054684202,0,1,0,0,0,0,0,0,0,0,0,0
2020-11-12,355.58,356.72,351.26,353.21,331.17,67546200.0,321.3775,322.39,-0.00971831828239933,60.70793894799535,3.5390627098063874,1.733673895062187,1,2.7800000000000296,-0.003751388818349355,0.1517025013214206,0,0.38446653179699186,0.0970815092295425,0,1,0,0,0,0,0,0,0,0,0,0
2020-11-13,355.27,358.9,354.71,358.1,335.76,62892200.0,321.8845,322.39,0.013859951082525468,64.47370056514295,4.072275282298108,2.2013941725093713,1,7.449999999999989,0.011582512450675986,-0.06890098924884003,0,0.3945597677896032,0.08752453671579793,0,1,0,0,0,0,0,0,0,0,0,0
2020-11-16,360.98,362.78,359.59,362.57,339.95,74541100.0,322.8485,322.39,0.012479151775077524,67.53270522918791,4.777871739010607,2.7166896858096186,0,7.509999999999991,0.016620784575203662,0.18522010678589718,0,0.4037734189462573,0.1114455116009202,0,1,0,0,0,0,0,0,0,0,0,0
2020-11-17,359.97,361.92,358.34,360.62,338.12,66111000.0,323.6565,322.39,-0.005383144580085264,64.90410766727123,5.13025788898176,3.1994033264440467,0,6.170000000000016,0.020955958277517728,-0.11309331362161279,0,0.3997493183217521,0.09413433111357211,0,1,0,0,0,0,0,0,0,0,0,0
2020-11-18,360.91,361.5,356.24,356.28,334.05,70591300.0,324.2915,322.39,-0.012037146575180402,59.36933088058159,5.023207061876747,3.564164073530587,1,-0.37000000000000455,-0.004941139380188142,0.06776935759555891,0,0.39079954261588523,0.1033346112926288,0,1,0,0,0,0,0,0,0,0,0,0
2020-11-19,355.6,358.18,354.15,357.78,335.46,59940900.0,324.909,322.39,0.004220925011225729,60.62215263340838,4.994569438795793,3.850245146583628,0,4.289999999999964,-0.013199366144039937,-0.15087411621545432,0,0.39390007916263514,0.08146405262043604,0,1,0,0,0,0,0,0,0,0,0,0
2020-11-20,357.5,357.72,355.25,355.33,333.16,70417300.0,325.3565,322.39,-0.006856257079830508,57.507203448654955,4.731738600897188,4.02654383744634,1,-2.599999999999966,-0.01467247864378518,0.1747788238081176,0,0.38884246635588005,0.10297730290900362,0,1,0,0,0,0,0,0,0,0,0,0
2020-11-23,357.28,358.82,354.87,357.46,335.16,63230600.0,326.20349999999996,322.39,0.006003121623244123,59.4579984817569,4.631438216778406,4.147522713312753,1,-4.789999999999964,0.0033677895546393444,-0.10205872704576857,0,0.3932403905356672,0.08821943991705516,0,1,0,0,0,0,0,0,0,0,0,0
2020-11-24,360.21,363.81,359.29,363.22,340.56,62415900.0,327.3755,322.39,0.01611170784103111,64.23255164520953,4.9308446028188655,4.304187091213976,0,2.4399999999999977,0.015258572384444724,-0.01288458436263451,0,0.4051147858210924,0.08654645635303546,0,1,0,0,0,0,0,0,0,0,0,0
2020-11-25,363.13,363.16,361.48,362.66,340.03,45330900.0,329.063,322.39,-0.0015562602771905798,63.44282488702097,5.066951092134616,4.456739891398104,1,5.979999999999961,0.020558569187084652,-0.2737283288392861,0,0.4039493359134487,0.051462469374667204,0,1,0,0,0,0,0,0,0,0,0,0
2020-11-27,363.84,364.18,362.58,363.67,340.98,28514100.0,330.64250000000004,322.39,0.0027938711290180773,64.29032543947736,5.191627673881953,4.603717447894874,0,5.520000000000039,0.017349318692858606,-0.37097873635864276,0,0.4060383498988477,0.016929230146231537,0,0,0,0,0,0,0,0,0,0,0,0
2020-11-30,362.83,363.12,359.17,362.06,339.47,83872700.0,332.3075,322.97900000000004,-0.004428412223590805,61.83646401341178,5.109689067856266,4.7049117718871525,1,6.310000000000002,-0.0031908013717633077,1.9414465124271851,0,0.40271791714310845,0.13060791914480907,0,0,0,0,0,0,0,0,0,0,0,0
2020-12-01,365.57,367.68,364.93,366.02,343.18,74231400.0,333.9865,323.71119999999996,0.010928800777682879,65.33712925858413,5.283216495410443,4.82057271659181,1,8.019999999999982,0.009294259683110151,-0.11495158734606137,0,0.41087606649661357,0.11080954374799656,0,0,0,0,0,0,0,0,0,0,0,0
2020-12-02,364.82,366.96,364.2,366.79,343.91,45927000.0,335.429,324.3956,0.002127163587621661,65.99803515112455,5.417197055512304,4.93989758437591,0,3.3500000000000227,0.008627552141713735,-0.3812995578690419,0,0.4124813088222359,0.05268655861305207,0,0,0,0,0,0,0,0,0,0,0,0
2020-12-03,366.68,368.19,365.5,366.69,343.81,62882000.0,336.514,325.2216,-0.00029077374894603825,65.81291740134722,5.452455932452324,5.042409253991193,1,3.7800000000000296,0.012765190616358502,0.36917281773248845,0,0.41226141261324656,0.08750359105193026,0,0,0,0,0,0,0,0,0,0,0,0
2020-12-04,367.32,369.85,367.22,369.85,346.77,50749900.0,337.433,326.0906,0.008609406358162985,68.61876146251147,5.654069514870287,5.164741306167011,0,5.789999999999964,0.010445796196838608,-0.1929343850386438,0,0.4187703403993315,0.06259036667848797,0,0,0,0,0,0,0,0,0,0,0,0
2020-12-07,369.02,369.62,367.72,369.09,346.06,48944300.0,338.3205,326.8474,-0.0020474666205264613,67.19418905732923,5.6909568570511055,5.26998441634383,1,6.589999999999975,0.006271165988690486,-0.035578395228365034,0,0.41720907731550705,0.058882573474616624,0,0,0,0,0,0,0,0,0,0,0,0
2020-12-08,367.72,370.78,367.67,370.17,347.07,42458900.0,339.052,327.522,0.0029185690342714565,68.20540217989124,5.735572787739159,5.363102090622896,0,3.8899999999999864,0.00948050877190798,-0.13250572589658038,0,0.41943002902629956,0.04556482754839424,0,0,0,0,0,0,0,0,0,0,0,0
2020-12-09,370.88,371.05,365.95,366.85,343.96,74098300.0,339.65250000000003,328.1686,-0.008960728383323291,61.88029362545911,5.457074468047608,5.381896566107839,0,0.049999999999954525,-0.008089625969578296,0.7451771006785386,0,0.4125912569267305,0.11053622336948787,0,0,0,0,0,0,0,0,0,0,0,0
2020-12-10,365.37,367.86,364.43,366.73,343.85,57735400.0,340.124,328.76560000000006,-0.00031980462844505286,61.66247893416949,5.1679139672289125,5.339100046332054,0,0.040000000000020464,-0.006361963977496887,-0.22082692855301678,0,0.41234937109684233,0.07693506618316409,0,0,0,0,0,0,0,0,0,0,0,0
2020-12-11,364.9,366.74,363.26,366.3,343.45,57698600.0,340.738,329.31440000000003,-0.0011632979496875029,60.824057865118746,4.850561278926762,5.241392292850995,0,-3.319999999999993,-0.010443830961455847,-0.00063739057839729,0,0.4114697862608848,0.0768594975135238,0,0,0,0,0,0,0,0,0,0,0,0
2020-12-14,368.64,369.8,364.47,364.66,341.91,69216200.0,341.0455,329.89239999999995,-0.004483913233367165,57.578092445735024,4.423797078360337,5.077873249952864,1,-4.149999999999977,-0.005967015811499721,0.1996166284797205,0,0.40808338464244875,0.10051084831376111,0,0,0,0,0,0,0,0,0,0,0,0
2020-12-15,367.4,369.59,365.92,369.59,346.53,63865300.0,341.3745,330.4518,0.013512327805562663,63.81663803317167,4.407571028590496,4.943812805680391,1,-0.5400000000000205,0.007865116622507995,-0.07730704661625454,0,0.41824258949775694,0.08952279411870401,0,0,0,0,0,0,0,0,0,0,0,0
2020-12-16,369.82,371.16,368.87,370.17,347.07,58420500.0,341.822,331.11260000000004,0.0015583066401176904,64.47425472033544,4.387706504940752,4.8325915455324635,1,3.1100000000000136,0.010586721212313188,-0.08525443394143617,0,0.41943002902629956,0.07834191660627676,0,0,0,0,0,0,0,0,0,0,0,0
2020-12-17,371.94,372.46,371.05,372.24,349.02,64119500.0,342.5705,331.70300000000003,0.005618463134237972,66.81941980137695,4.477696333933807,4.761612503212732,0,5.169999999999959,0.020689097579918325,0.09755137323371077,0,0.42371800510159197,0.09004479291822998,0,0,0,0,0,0,0,0,0,0,0,0
2020-12-18,1.58 Dividend,,,,,,351.8995,358.47720000000004,0.0,66.81941980137695,4.477696333933807,4.704829269356948,0,0.0,0.0071767697743556624,0.0,0,0.420639458175741,0.2387647561688574,1,1,0,0,0,0,1,0,0,0,1,1
2020-12-18,370.97,371.15,367.02,369.18,347.62,136542300.0,351.8995,358.47720000000004,-0.004011231448054486,66.81941980137697,4.413813470440573,4.646626109573672,0,5.7099999999999795,0.0016072316861834857,1.1294972668221055,0,0.420639458175741,0.2387647561688574,1,1,0,0,0,0,0,0,0,0,0,0
2020-12-21,364.97,378.46,362.03,367.86,346.38,96386700.0,351.8995,358.47720000000004,-0.0035671135147574695,63.49066925777092,4.185067692907978,4.554314426240534,0,-0.14999999999997726,-0.007578344962811956,-0.2940890844815123,0,0.417912745184273,0.1563053738154149,1,1,0,0,0,0,0,0,0,0,0,0
2020-12-22,368.21,368.33,366.03,367.24,345.8,47949000.0,351.8995,358.47720000000004,-0.0016744615739938684,61.93643755288751,3.9118900302496513,4.425829547042358,1,-1.2699999999999818,-0.009252806536805824,-0.5025351007971017,0,0.41663734717213474,0.05683872845035149,1,1,0,0,0,0,0,0,0,0,0,0
2020-12-23,368.28,369.62,367.22,367.57,346.11,46201400.0,351.8995,358.47720000000004,0.0008964719491035833,62.465317365997166,3.6780113483349623,4.276265907300879,1,-2.909999999999968,-0.004345103139647755,-0.03644705833281192,0,0.41731902542000177,0.05325003804102187,1,1,0,0,0,0,0,0,0,0,0,0
2020-12-24,368.08,369.03,367.45,369.0,347.45,26457900.0,351.8995,358.47720000000004,0.0038716015139694804,64.74559997126917,3.5597529924378364,4.132963324328271,1,0.0,0.0030936118890791953,-0.42733553528680945,0,0.42026563462045907,0.01270683073008165,1,1,0,0,0,0,1,0,0,0,0,0
2020-12-28,371.74,372.59,371.07,372.17,350.44,39000400.0,351.8995,358.47720000000004,0.008605554756079936,69.23658442615412,3.66505196724853,4.039381052912323,0,2.819999999999993,0.013373628219153,0.4740550081450152,0,0.4268405312692408,0.03846281004972952,1,1,0,0,0,0,0,0,0,0,0,0
2020-12-29,373.81,374.0,370.83,371.46,349.77,53680500.0,351.8995,358.47720000000004,-0.001911882205227755,67.17166719191712,3.6523368966044814,3.961972221650755,1,3.3899999999999864,0.010565274064821661,0.3764089599081035,0,0.42536722666901217,0.06860834339717722,1,1,0,0,0,0,0,0,0,0,0,0
2020-12-30,372.34,373.1,371.57,371.99,350.27,49455300.0,351.8995,358.47720000000004,0.0014295108213968621,67.94010546651276,3.640638913659984,3.897705560052601,1,4.46999999999997,0.008123183372249043,-0.07871014614245397,0,0.4264667077139589,0.059931910164458375,1,1,0,0,0,0,0,0,0,0,0,0
2020-12-31,371.78,374.66,371.23,373.88,352.05,78520700.0,351.8995,358.47720000000004,0.00508179404459419,70.58028412464301,3.7319793667529098,3.8645603213926627,0,5.939999999999998,0.004599422660763297,0.5877105183873115,0,0.4303808602339696,0.1196176061036486,1,1,0,0,0,0,0,0,0,0,0,0
2021-01-04,375.31,375.45,364.82,368.79,347.25,110210800.0,351.8995,358.47720000000004,-0.013634426927993215,56.95845708401431,3.3781067375037424,3.767269604614879,1,-0.19999999999998863,-0.007123122062002163,0.4035891172646193,0,0.4198258422024804,0.18469311419514337,1,1,0,0,0,0,0,0,0,0,0,0
2021-01-05,368.1,372.5,368.05,371.33,349.65,66426200.0,351.8995,358.47720000000004,0.006911447084233302,61.010333303757626,3.2538121506275957,3.6645781138174223,1,-0.7900000000000205,-0.001641185799165723,-0.3972804843082529,0,0.42510335121822485,0.09478159319701265,1,1,0,0,0,0,0,0,0,0,0,0
2021-01-06,369.71,376.98,369.12,373.55,351.74,107997700.0,351.8995,358.47720000000004,0.005977405977406036,64.1733017017096,3.2860735181676546,3.588877194687469,1,1.9700000000000273,-0.0007455738663538769,0.6258298683350847,0,0.4296991819861026,0.18014852118479355,1,1,0,0,0,0,0,0,0,0,0,0
2021-01-07,376.1,379.9,375.91,379.1,356.96,68766800.0,351.8995,358.47720000000004,0.014840507192812824,70.59045647654489,3.6903116435261154,3.6091640844551987,1,6.689999999999998,0.027729360254452162,-0.36325681009873356,0,0.4411777640953469,0.09958800700570852,1,1,0,0,0,0,0,0,0,0,0,0
2021-01-08,380.59,381.49,377.1,381.26,359.0,71677200.0,351.8995,358.47720000000004,0.005714926042133639,72.65205799620482,4.127702634692696,3.712871794502698,0,6.949999999999989,0.0265328392123525,0.04232274876830089,0,0.4456636467587298,0.10556450309595394,1,1,0,0,0,0,0,0,0,0,0,0
2021-01-11,377.85,380.58,377.72,378.69,356.58,51034700.0,351.8995,358.47720000000004,-0.006740947075209003,66.68053133466637,4.230300104869457,3.8163574565760503,1,9.329999999999984,0.01381448615973746,-0.28799255551277114,0,0.4403421585011874,0.06317520246961697,1,1,0,0,0,0,0,0,0,0,0,0
2021-01-12,378.89,379.86,376.36,378.77,356.65,52547700.0,351.8995,358.47720000000004,0.00019630938358861094,66.76562404181354,4.268058235579247,3.9066976123766897,1,7.0,-0.0008297116494867529,0.029646495423701902,0,0.4404960858474799,0.06628214260998991,1,1,0,0,0,0,0,0,0,0,0,0
2021-01-13,378.69,380.86,377.85,379.79,357.61,45303600.0,351.8995,358.47720000000004,0.0026917145661013997,67.97360531377132,4.325583172909376,3.990474724483227,0,5.8700000000000045,-0.003852923125518992,-0.13785760366295763,0,0.4426070894537778,0.05140640892137429,1,1,0,0,0,0,0,0,0,0,0,0
2021-01-14,380.59,381.13,378.1,378.46,356.36,49989100.0,351.8995,358.47720000000004,-0.0034954279802018595,64.67715131673947,4.221643073405517,4.036708394267685,0,-0.5999999999999659,-0.0006074040305118489,0.10342445191993566,0,0.4398583868414109,0.06102806657353376,1,1,0,0,0,0,0,0,0,0,0,0
2021-01-15,376.72,377.58,373.7,375.7,353.76,107160000.0,351.8995,358.47720000000004,-0.007295992816253261,58.33964356324205,3.884691222530307,4.006304959920209,1,-5.240000000000009,-0.00809970623035372,1.1436673194756457,0,0.4341410854076875,0.17842830720224867,1,1,0,0,0,0,0,0,0,0,0,0
2021-01-19,378.34,379.23,376.75,378.65,356.54,51233300.0,351.8995,358.47720000000004,0.007858435097241045,62.563586017528436,3.7981940034967465,3.964682768635517,1,-0.03999999999996362,-0.0029329856992140746,-0.5218990294886152,0,0.44025420001759175,0.06358302686609951,0,1,0,0,0,0,0,0,0,0,0,0
2021-01-20,381.11,384.79,380.69,383.89,361.47,61836100.0,352.592,358.47720000000004,0.013827340550849776,68.63660789794663,4.080417618174124,3.987829738543238,1,4.82000000000005,0.014389782831837561,0.2069513382897452,0,0.45109508312076696,0.08535583910690975,0,1,0,0,0,0,0,0,0,0,0,0
2021-01-21,384.49,384.95,383.25,384.24,361.8,47840100.0,353.363,358.47720000000004,0.0009129388330981758,68.99913140348794,4.28135728644645,4.046535248123881,0,4.189999999999998,0.022598714481188997,-0.22634027695795822,0,0.45182074061043187,0.056615102686117115,0,1,0,0,0,0,0,0,0,0,0,0
2021-01-22,382.25,384.13,381.84,382.88,360.52,52860500.0,354.09900000000005,358.47720000000004,-0.003537866224433417,65.82109435939722,4.287889991942507,4.094806196887607,1,4.159999999999968,0.011202413159514535,0.10494125221310147,0,0.449006069135368,0.06692447630193216,0,1,0,0,0,0,0,0,0,0,0,0
2021-01-25,383.67,384.77,378.46,384.39,361.94,70402000.0,354.89050000000003,358.47720000000004,0.003938755131476901,67.60377207424588,4.357419718562539,4.147328901222593,0,8.180000000000007,0.0013138277401416598,0.33184513956546,0,0.45212859530301697,0.1029458844132021,0,1,0,0,0,0,0,0,0,0,0,0
2021-01-26,385.41,385.85,383.54,383.79,361.38,42665300.0,355.587,358.47720000000004,-0.0015472177709012769,66.13871415090728,4.317565006158702,4.181376122209815,0,4.839999999999975,-0.0011463288638577929,-0.39397602340842586,0,0.45089717653267647,0.04598866921724617,0,1,0,0,0,0,0,0,0,0,0,0
2021-01-27,380.22,380.32,372.01,374.41,352.55,123351100.0,355.6925,358.47720000000004,-0.02443411367535553,48.34721067695525,3.532749319732318,4.051650761714315,1,-8.920000000000016,-0.022042576314779905,1.8911340128863503,0,0.4314803412789163,0.21167667369715404,0,1,0,0,0,0,0,0,0,0,0,0
2021-01-28,376.36,381.93,375.89,377.63,355.58,94198100.0,355.983,358.47720000000004,0.008594525599205705,53.017655012737194,3.119315385127777,3.8651836863970077,0,-6.220000000000027,-0.0173868058470511,-0.23634162970577477,0,0.43814319641129373,0.15181109146827668,0,1,0,0,0,0,0,0,0,0,0,0
2021-01-29,375.63,376.67,368.27,370.07,348.46,126765100.0,355.89250000000004,358.47720000000004,-0.02002362337589292,43.145314824648935,2.1918749476441235,3.530521938646431,1,-12.060000000000002,-0.03586321145204274,0.34572884166453455,0,0.4224865863312516,0.21868731060345487,0,1,0,0,0,0,0,0,0,0,0,0
2021-02-01,373.72,377.34,370.38,376.23,354.26,75817600.0,356.003,358.47720000000004,0.016644665097859113,51.12868560537023,1.902947255055608,3.2050070019282666,1,-7.680000000000007,0.005215567321171899,-0.40190478294104603,0,0.4352405664526343,0.11406679982906695,0,1,0,0,0,0,0,0,0,0,0,0
2021-02-02,379.65,383.22,376.32,381.55,359.27,64450700.0,356.604,358.47720000000004,0.014142155479026641,56.77482064217342,2.054551515790422,2.9749159047006977,1,-2.1100000000000136,0.010763197200992836,-0.14992429198497448,0,0.4462573665230011,0.09072491094499238,0,1,0,0,0,0,0,0,0,0,0,0
2021-02-03,382.44,383.7,380.48,381.85,359.55,52427100.0,357.09900000000005,358.47720000000004,0.0007793581429009766,57.073310532784525,2.172252272596495,2.8143831782798574,1,7.0,0.03156617871978673,-0.18655499474792359,0,0.44687307590817127,0.0660344909372014,0,1,0,0,0,0,0,0,0,0,0,0
2021-02-04,382.96,386.24,381.97,386.19,363.64,47142600.0,357.69399999999996,358.47720000000004,0.011375330273953432,61.279455516675455,2.5659807598651128,2.7647026945969086,1,8.060000000000002,0.02629684389588105,-0.10079710683978327,0,0.455866830855836,0.05518278890692999,0,1,0,0,0,0,0,0,0,0,0,0
2021-02-05,388.2,388.47,386.14,387.71,365.07,48669800.0,358.09950000000003,358.47720000000004,0.003932460675393212,62.65717690892896,2.959289622997346,2.803620080276996,1,16.610000000000014,0.01608714909224762,0.0323953282169418,0,0.4590113466443838,0.05831888869700106,0,1,0,0,0,0,0,0,0,0,0,0
2021-02-08,389.27,390.56,388.35,390.51,367.71,38365200.0,358.53499999999997,358.47720000000004,0.007231489851261319,65.12432458608257,3.4443117850183853,2.931758421225274,0,13.449999999999989,0.022539280800607964,-0.21172472457252756,0,0.46481660656170276,0.03715842909985188,0,1,0,0,0,0,0,0,0,0,0,0
2021-02-09,389.61,390.89,389.17,390.25,367.46,35551100.0,359.079,358.47720000000004,-0.0006798836039270117,64.68847595790302,3.7651204671144,3.098430830403099,0,8.189999999999998,0.01048406692272752,-0.07335032790132723,0,0.4642668660392294,0.031379684718474875,0,1,0,0,0,0,0,0,0,0,0,0
2021-02-10,392.12,392.28,387.5,390.08,367.3,59154400.0,359.6115,358.47720000000004,-0.0004354215424807739,64.3914561894663,3.960795412151242,3.2709037467527278,1,7.75,0.006116184704853533,0.6639260107282194,0,0.4639150321048465,0.0798489776565211,0,1,0,0,0,0,0,0,0,0,0,0
2021-02-11,391.24,391.69,388.1,390.71,367.89,42913300.0,360.1255,358.47720000000004,0.0016063163626462984,65.02910549235224,4.1160302504319475,3.439929047488572,1,4.25,0.0004910112162385127,-0.27455438648688857,0,0.46521241973788363,0.046497936338734926,0,1,0,0,0,0,0,0,0,0,0,0
2021-02-12,389.85,392.9,389.77,392.64,369.71,50593300.0,360.793,358.47720000000004,0.004947130935877508,66.99265701375757,4.33593184452161,3.61912960689518,0,4.639999999999986,0.006118025756043033,0.1789654955456701,0,0.4692145307414899,0.062268789133225304,0,1,0,0,0,0,0,0,0,0,0,0
2021-02-16,393.96,394.17,391.53,392.3,369.39,50972400.0,361.57450000000006,358.47720000000004,-0.0008655432636390792,66.28791013525803,4.433280023999032,3.7819596903159507,1,1.6800000000000068,0.005687904034884728,0.007493087029310175,0,0.46851086287272403,0.06304726964030752,0,1,0,0,0,0,0,0,0,0,0,0
2021-02-17,390.42,392.66,389.33,392.39,369.48,52290600.0,362.2215,358.47720000000004,0.00024364492812489758,66.39498493407642,4.466207742689335,3.9188093007906275,0,2.0200000000000387,0.004325232600363327,0.025861054217576562,0,0.4687087694608145,0.06575418867073685,0,1,0,0,0,0,0,0,0,0,0,0
2021-02-18,389.59,391.52,387.74,390.72,367.9,59712800.0,362.543,358.47720000000004,-0.004276280177546887,62.63392315524178,4.315068972515803,3.998061235135663,0,0.5999999999999659,-0.004898178513061069,0.14194138143375667,0,0.4652344093587826,0.08099565007845383,0,1,0,0,0,0,0,0,0,0,0,0
2021-02-19,392.07,392.38,389.55,390.03,367.25,83241000.0,362.8155,358.47720000000004,-0.0017667844522967213,61.10050382069678,4.095628979103253,4.017574783929181,0,-0.6399999999999864,-0.005799419701718711,0.39402272209643496,0,0.4638050840003518,0.1293107254325331,0,1,0,0,0,0,0,0,0,0,0,0
2021-02-22,387.06,389.62,386.74,387.03,364.43,67414200.0,363.01099999999997,358.47720000000004,-0.0076786929884274935,54.82886537774206,3.652071958861484,3.9444742189156417,1,-5.279999999999973,-0.013721757618271102,-0.19013226655133886,0,0.4576040109068519,0.0968104476971372,0,1,0,0,0,0,0,0,0,0,0,0
2021-02-23,384.66,388.95,380.2,387.5,364.87,107284100.0,363.15749999999997,358.47720000000004,0.0012073649260488928,55.594742100841586,3.298036436348866,3.8151866624022865,1,-4.519999999999982,-0.008238112514675322,0.5914169418312463,0,0.45857155422640505,0.1786831461126388,0,1,0,0,0,0,0,0,0,0,0,0
2021-02-24,386.33,392.23,385.27,391.77,368.89,72433900.0,363.533,358.47720000000004,0.011017622714939446,61.94345000072953,3.303757477840634,3.7129008254899563,0,-0.5900000000000318,0.004546294652560845,-0.3248403071843824,0,0.4674113818277772,0.1071183838654319,0,1,0,0,0,0,0,0,0,0,0,0
2021-02-25,390.41,391.88,380.78,382.33,360.0,146670500.0,363.90549999999996,358.47720000000004,-0.024099325002033045,46.209369081630655,2.5614163282647837,3.4826039260449217,0,-7.899999999999977,-0.011874337361044707,1.0248875181372257,0,0.4478626088486234,0.2595629789908831,0,1,0,0,0,0,0,0,0,0,0,0
2021-02-26,384.35,385.58,378.23,380.36,358.15,152701600.0,364.034,358.47720000000004,-0.005138888888888915,43.72058833965295,1.8030417372494298,3.146691488285824,1,-9.100000000000023,-0.018220591175982515,0.04112006163475268,0,0.4437945289823202,0.27194782147641056,0,1,0,0,0,0,0,0,0,0,0,0
2021-03-01,385.59,390.92,380.57,389.58,366.83,105348800.0,364.9525,358.47720000000004,0.024235655451626537,55.75998109940897,1.8807477786220375,2.893502746353067,0,2.3999999999999773,-0.005002558439295424,-0.3101002216086799,0,0.4628815199225964,0.17470901441821468,0,1,0,0,0,0,0,0,0,0,0,0
2021-03-02,389.82,390.07,386.0,386.54,363.97,79595300.0,365.438,358.47720000000004,-0.007796527001608267,51.82598781822463,1.6920474090008497,2.6532116788826237,0,-0.8999999999999773,0.011300239561129355,-0.2444593578664399,0,0.4565924883455009,0.12182429339700268,0,1,0,0,0,0,0,0,0,0,0,0
2021-03-03,385.79,386.83,381.31,381.42,359.15,119940200.0,365.43199999999996,358.47720000000004,-0.013242849685413782,45.943022986054096,1.1404212230127087,2.3506535877086407,0,-9.740000000000009,0.0031962787646044877,0.5068754059598997,0,0.44599349107221387,0.20467240262987185,0,0,0,0,0,0,0,0,0,0,0,0
2021-03-04,381.22,384.0,371.88,376.7,354.7,183433000.0,365.1895,358.6188,-0.012390366142280396,41.28367959858597,0.34025345652042915,1.9485735614709987,1,-5.300000000000011,-0.033429742829302445,0.5293704696173593,0,0.4362081097721875,0.335054642513989,0,0,0,0,0,0,0,0,0,0,0,0
2021-03-05,380.46,384.76,372.64,383.63,361.23,152039600.0,365.069,358.9158,0.01840992387933471,49.39411273305437,0.23037553739942496,1.604933956656684,0,3.080000000000041,-0.007223291948359467,-0.17114368734088192,0,0.45056733221919254,0.27058840682146884,0,0,0,0,0,0,0,0,0,0,0,0
2021-03-08,384.66,387.68,381.42,381.72,359.43,123149200.0,364.787,359.18840000000006,-0.004982974835977094,47.448520177229746,-0.00192625720990236,1.283561913883367,1,-7.399999999999977,0.001036582901077221,-0.1900189161244834,0,0.44660920045738406,0.21126207276236136,0,0,0,0,0,0,0,0,0,0,0,0
2021-03-09,385.85,389.91,385.31,387.17,364.56,113633600.0,364.62949999999995,359.5574,0.014272598280610893,53.116476489743214,0.22532363313564474,1.0719142577338225,1,0.589999999999975,0.02769954732396851,-0.0772688738538293,0,0.45788987597853803,0.1917218218702712,0,0,0,0,0,0,0,0,0,0,0,0
2021-03-10,389.69,391.4,388.17,389.58,366.83,109899400.0,364.59799999999996,359.945,0.006226684222075951,55.40833803980534,0.5818832494105663,0.9739080560691713,1,7.680000000000007,0.01551630766670975,-0.03286175919798373,0,0.4628815199225964,0.18405365539824176,0,0,0,0,0,0,0,0,0,0,0,0
2021-03-11,392.23,395.65,391.74,393.53,370.55,86245000.0,364.7605,360.3472,0.010140937218875212,58.94981949797184,1.1513600627380356,1.0093984574029442,1,15.850000000000023,0.030640219721562056,-0.21523684387721864,0,0.4710616588970006,0.13547942879121136,0,0,0,0,0,0,0,0,0,0,0,0
2021-03-12,392.07,394.21,391.2,394.06,371.05,64653600.0,364.9185,360.77279999999996,0.0013493455673998511,59.416364997572686,1.6242964827212631,1.132378062466608,1,9.819999999999993,0.017716967008351014,-0.2503495854832164,0,0.4721611399419474,0.09114156537624266,0,0,0,0,0,0,0,0,0,0,0,0
2021-03-15,394.33,396.69,392.03,396.41,373.26,73427200.0,365.096,361.23260000000005,0.005956070610429798,61.49920351405674,2.152616509970528,1.336425751967392,0,13.829999999999984,0.01744635339670486,0.13570164693071995,0,0.47702084616061213,0.10915812189678181,0,0,0,0,0,0,0,0,0,0,0,0
2021-03-16,397.07,397.83,395.08,395.91,372.79,73722500.0,365.26599999999996,361.64740000000006,-0.0012591759095536004,60.784724662619894,2.504518337473826,1.570044269068679,1,8.230000000000018,0.0060462402682760485,0.004021670443650205,0,0.47598733397836224,0.1097645194007158,0,0,0,0,0,0,0,0,0,0,0,0
2021-03-17,394.53,398.12,393.3,397.26,374.06,97959300.0,365.495,362.1836,0.003406743743126217,62.067132339792416,2.852993919278731,1.8266341991106896,0,7.230000000000018,0.008103638444002415,0.328757163688155,0,0.47878001583252705,0.15953470234466172,0,0,0,0,0,0,0,0,0,0,0,0
2021-03-18,394.48,396.72,390.75,391.48,368.62,115349100.0,365.53100000000006,362.56300000000005,-0.01454312142437042,53.93146926347327,2.6595432335785745,1.9932160060042667,0,-1.9300000000000068,-0.012395553590797803,0.1775206641942113,0,0.46681766206350594,0.19524459504331132,0,0,0,0,0,0,0,0,0,0,0,0
2021-03-19,1.28 Dividend,,,,,,379.78349999999995,387.74379999999996,0.0,53.93146926347327,2.6595432335785745,2.1264814515191284,0,0.0,-0.011136377681244203,0.0,0,0.46532236784237835,0.19170313505250688,1,1,0,0,0,0,1,0,0,0,1,1
2021-03-19,389.88,391.57,387.15,389.48,367.94,113624500.0,379.78349999999995,387.74379999999996,-0.0018447181379198652,53.93146926347327,2.400304328566733,2.1812460269286493,1,-5.319999999999993,-0.016387839562290285,-0.014951135292776474,0,0.46532236784237835,0.19170313505250688,1,1,0,0,0,0,0,0,0,0,0,0
2021-03-22,390.03,394.07,389.97,392.59,370.88,73778600.0,379.78349999999995,387.74379999999996,0.007990433222808013,57.67618267823753,2.4248381072230245,2.2299644429875243,0,-1.910000000000025,0.006145715084888148,-0.35068053104744135,0,0.4717873163866654,0.10987972055198805,1,1,0,0,0,0,0,0,0,0,0,0
2021-03-23,391.91,393.46,388.66,389.5,367.96,90686600.0,379.78349999999995,387.74379999999996,-0.007873166522864627,53.06275004330309,2.1834917730395205,2.2206699089979236,0,-6.100000000000023,-0.0017274514379764794,0.2291721447682662,0,0.4653663470841761,0.1446002386573583,1,1,0,0,0,0,0,0,0,0,0,0
2021-03-24,391,392.75,387.47,387.52,366.09,97588600.0,379.78349999999995,387.74379999999996,-0.005082074138493375,50.288535152492884,1.8203458784736313,2.1406051028930655,1,-2.5300000000000296,-0.00496480743854999,0.07610826737357002,0,0.46125428797607515,0.1587734712078235,1,1,0,0,0,0,0,0,0,0,0,0
2021-03-25,385.98,390.55,383.9,389.7,368.15,116128600.0,379.78349999999995,387.74379999999996,0.0056270316042503765,53.19177435996992,1.6794156661673583,2.0483672155479242,1,0.0,-0.007328209057107626,0.1899812068212885,0,0.46578414988125594,0.19684529553202296,1,1,0,0,0,0,1,0,0,0,0,0
2021-03-26,390.93,396.41,390.29,395.98,374.08,114409100.0,379.78349999999995,387.74379999999996,0.016107564851283396,60.36727699047368,2.0229100506434747,2.0432757825670347,0,6.139999999999986,0.016652522317040397,-0.014806860669981381,0,0.4788239950743248,0.19331430837315236,1,1,0,0,0,0,0,0,0,0,0,0
2021-03-29,394.4,396.75,392.81,395.78,373.89,108107600.0,379.78349999999995,387.74379999999996,-0.000507912745936645,60.04964503750292,2.253819781493462,2.08538458235232,0,3.009999999999991,0.021226683709597127,-0.055078660700940696,0,0.478406192277245,0.18037420044548552,1,1,0,0,0,0,0,0,0,0,0,0
2021-03-30,394.42,395.45,393.02,394.73,372.9,76262200.0,379.78349999999995,387.74379999999996,-0.0026478375992939895,58.32752883607776,2.330073048894519,2.13432227566076,1,4.939999999999998,0.012951814506052761,-0.29457133448527206,0,0.4762292198082504,0.11497978435412301,1,1,0,0,0,0,0,0,0,0,0,0
2021-03-31,395.34,398.0,395.31,396.33,374.41,112734200.0,379.78349999999995,387.74379999999996,0.004049342987396232,60.20225116001237,2.4837179387512833,2.204201408278865,1,8.32000000000005,0.0008935926421655971,0.47824479230864037,0,0.47954965256398985,0.1898749071562914,1,1,0,0,0,0,0,0,0,0,0,0
2021-04-01,398.4,400.67,398.18,400.61,378.45,99682900.0,379.78349999999995,387.74379999999996,0.010790310087871458,64.76895011176867,2.8980697135534683,2.342975069333786,1,10.300000000000011,0.0121918154759737,-0.11577054700348255,0,0.48843345940715976,0.16307410883900855,1,1,0,0,0,0,0,0,0,0,0,0
2021-04-05,403.46,406.94,403.38,406.36,383.88,91684800.0,379.78349999999995,387.74379999999996,0.014347998414585783,69.78705845953039,3.6228402526315904,2.5989481059933466,0,9.800000000000011,0.029187651489853472,-0.08023542653755056,0,0.5003738235552818,0.14665003882135053,1,1,0,0,0,0,0,0,0,0,0,0
2021-04-06,405.76,407.24,405.4,406.12,383.66,62021000.0,379.78349999999995,387.74379999999996,-0.0005730957590912578,69.35602974078319,4.131844632221203,2.905527411238918,1,9.770000000000039,0.024565212743365983,-0.3235410885992007,0,0.4998900518955053,0.08573553060192293,1,1,0,0,0,0,0,0,0,0,0,0
2021-04-07,405.94,406.96,405.45,406.59,384.1,55836300.0,379.78349999999995,387.74379999999996,0.001146848772350495,69.75833132647949,4.518650403897141,3.2281520097705627,1,11.200000000000045,0.01492175142784502,-0.0997194498637558,0,0.5008575952150585,0.07303527106050567,1,1,0,0,0,0,0,0,0,0,0,0
2021-04-08,407.93,408.58,406.93,408.52,385.92,57863100.0,379.78349999999995,387.74379999999996,0.004738349388180074,71.42916434875791,4.9153939526017325,3.5656003983367968,1,11.509999999999991,0.0053121024014393114,0.036298966801167065,0,0.5048597062186647,0.07719729768080164,1,1,0,0,0,0,0,0,0,0,0,0
2021-04-09,408.39,411.67,408.26,411.49,388.73,61104600.0,379.78349999999995,387.74379999999996,0.007281301824212383,73.83298011244047,5.394376573921761,3.93135563345379,1,10.28000000000003,0.013166499984742952,0.05602015792448034,0,0.5110387896912657,0.0838537064481637,1,1,0,0,0,0,0,0,0,0,0,0
2021-04-12,410.85,411.93,410.2,411.64,388.87,56704900.0,379.78349999999995,387.74379999999996,0.00036014714583387786,73.9505734730321,5.719341572689075,4.288952821300847,1,4.990000000000009,0.012379798358226335,-0.07200276247614745,0,0.5113466443838508,0.07481893808359086,1,1,0,0,0,0,0,0,0,0,0,0
2021-04-13,411.53,413.53,411.12,412.86,390.02,56551000.0,379.78349999999995,387.74379999999996,0.0029572864967726264,74.94655322322491,6.000503989698416,4.63126305498036,0,6.359999999999957,0.010598735466818887,-0.002714051166654019,0,0.5138754507872283,0.07450290497876377,1,1,0,0,0,0,0,0,0,0,0,0
2021-04-14,412.83,413.96,410.87,411.45,388.69,61659900.0,379.78349999999995,387.74379999999996,-0.0034100815342802404,71.53981593409239,6.04630925670341,4.91427229532497,1,4.589999999999975,-9.26478916737361e-05,0.09034146168944845,0,0.5109508312076699,0.08499401303107781,1,1,0,0,0,0,0,0,0,0,0,0
2021-04-15,413.74,416.16,413.69,415.87,392.87,60229800.0,379.78349999999995,387.74379999999996,0.010754071367928164,75.33458029839173,6.346740058411569,5.20076584794229,1,6.949999999999989,0.01030127633042055,-0.023193355811475524,0,0.5201424927434251,0.08205730774704129,1,1,0,0,0,0,0,0,0,0,0,0
2021-04-16,417.25,417.91,415.73,417.26,394.18,82037300.0,379.78349999999995,387.74379999999996,0.0033344363275382705,76.39676100848041,6.614294218628345,5.483471522079501,0,5.449999999999989,0.010678426161186194,0.36207159910874687,0,0.5230231330811856,0.1268389317465008,0,1,0,0,0,0,0,0,0,0,0,0
2021-04-19,416.26,416.74,413.79,415.21,392.24,78498500.0,380.99850000000004,387.74379999999996,-0.004921609417017581,71.48708740579373,6.593782016876503,5.705533621038902,0,3.3700000000000045,0.009166898278448854,-0.043136475725066514,0,0.5187571466267921,0.11957201848228952,0,1,0,0,0,0,0,0,0,0,0,0
2021-04-20,413.91,415.09,410.59,412.17,389.37,81851800.0,381.923,387.74379999999996,-0.007316948806852963,64.84757391307772,6.27362251958516,5.8191514007481535,1,-0.6499999999999773,-0.008904121896332273,0.042718013720007386,0,0.5124461254287975,0.12645800815361305,0,1,0,0,0,0,0,0,0,0,0,0
2021-04-21,411.51,416.29,411.36,416.07,393.06,66793000.0,383.178,387.74379999999996,0.00947684721473152,68.85304338072375,6.245650007239135,5.90445112204635,0,4.3700000000000045,-0.002761711009139023,-0.18397640613889976,0,0.5205602955405049,0.09553481569766617,0,1,0,0,0,0,0,0,0,0,0,0
2021-04-22,415.89,416.78,411.13,412.27,389.47,97582800.0,384.347,387.74379999999996,-0.009133465628657134,61.509690032669255,5.866176956173263,5.896796288871733,1,-3.3999999999999773,-0.006973567220778576,0.46097345530220224,0,0.512666021637787,0.15876156092836932,0,1,0,0,0,0,0,0,0,0,0,0
2021-04-23,412.87,418.25,412.79,416.74,393.69,73209200.0,385.624,387.74379999999996,0.010835237630626215,66.08820602669024,5.838656167376087,5.885168264572604,1,-0.4900000000000091,0.011178619216700603,-0.24977352566230937,0,0.5219456416571377,0.10871045966902154,0,1,0,0,0,0,0,0,0,0,0,0
2021-04-26,417.44,418.22,416.81,417.61,394.51,52182400.0,386.64549999999997,387.74379999999996,0.0020828570702837723,66.91183588634885,5.8159700090036495,5.871328613458814,0,2.269999999999982,0.003784629072252854,-0.28721526802642294,0,0.5237487905708504,0.06553200035402279,0,1,0,0,0,0,0,0,0,0,0,0
2021-04-27,417.93,418.14,416.3,417.52,394.43,51303100.0,387.6725,387.74379999999996,-0.00020278319941191558,66.74152662229092,5.725535326415525,5.8421699560501565,0,5.060000000000002,0.012715311501498072,-0.01685050898387197,0,0.523572873603659,0.0637263609188411,0,1,0,0,0,0,0,0,0,0,0,0
2021-04-28,417.81,419.01,416.9,417.4,394.31,51238900.0,388.74300000000005,387.74379999999996,-0.00030423649316735357,66.46823556607859,5.579861027220659,5.789708170284258,1,1.25,0.0015758373777045032,-0.0012513863684651128,0,0.5233089981528718,0.06359452644626215,0,1,0,0,0,0,0,0,0,0,0,0
2021-04-29,420.32,420.72,416.44,420.06,396.83,78544300.0,389.86400000000003,387.74379999999996,0.006390910704775488,69.31025199003774,5.603166222697951,5.752399780766996,0,7.359999999999957,0.0058838910121962185,0.532903711828318,0,0.5288503826194035,0.11966606862004833,0,1,0,0,0,0,0,0,0,0,0,0
2021-04-30,417.63,418.54,416.34,417.3,394.22,85527000.0,390.65250000000003,387.74379999999996,-0.006577123705364896,63.323897078751706,5.349366404650823,5.671793105543762,1,0.5300000000000296,-0.0004904494937567616,0.08890142250933541,0,0.5231110915647814,0.13400501833464312,0,1,0,0,0,0,0,0,0,0,0,0
2021-05-03,419.43,419.84,417.67,418.2,395.07,68128300.0,391.21200000000005,387.74379999999996,0.0021561564608594264,64.40222521264076,5.157365220657766,5.568907528566563,0,0.5600000000000023,0.0019699434602700183,-0.20342932641154254,0,0.5249802093411909,0.09827684951752075,0,1,0,0,0,0,0,0,0,0,0,0
2021-05-04,416.07,416.6,411.67,415.62,392.63,101591200.0,391.6605,387.74379999999996,-0.006176120687473086,59.03632431680835,4.7535196751287,5.405829957878991,1,-1.8000000000000114,-0.010597087931978555,0.4911747394254664,0,0.5196147418418506,0.16699279612907705,0,1,0,0,0,0,0,0,0,0,0,0
2021-05-05,417.38,417.63,415.15,415.75,392.75,60162200.0,392.093,387.74379999999996,0.00030563125588978224,59.216296150511376,4.392517955125754,5.203167557328344,1,-1.5600000000000023,-0.003714332970723877,-0.40780106938396243,0,0.5198786172926378,0.08191849138650645,0,1,0,0,0,0,0,0,0,0,0,0
2021-05-06,415.83,419.21,413.68,419.07,395.89,74321400.0,392.5915,387.74379999999996,0.007994907702100429,63.70927479924464,4.31010899552092,5.0245558449668595,1,-0.9399999999999977,0.0021244182705171255,0.23535043598804561,0,0.5267833582549036,0.11099435842918198,0,1,0,0,0,0,0,0,0,0,0,0
2021-05-07,419.89,422.82,419.16,422.12,398.77,67733800.0,393.0935,387.74379999999996,0.007274748036070644,67.2707599262539,4.426169109841624,4.904878497941812,0,4.5499999999999545,0.015575286994060855,-0.08863665108568997,0,0.5331163690737971,0.09746674516499126,0,1,0,0,0,0,0,0,0,0,0,0
2021-05-10,422.5,422.74,417.81,417.94,394.82,81852400.0,393.39099999999996,387.74379999999996,-0.00990545928730846,58.754208733846156,4.151559010123208,4.754214600378091,0,-0.25,0.005364196450862613,0.2084424615184739,0,0.5244304688187175,0.1264592402514876,0,1,0,0,0,0,0,0,0,0,0,0
2021-05-11,413.1,415.27,410.06,414.21,391.3,116888000.0,393.45500000000004,387.74379999999996,-0.008915455144116291,52.38906354610439,3.6082997125076304,4.525031622804,0,-1.329999999999984,-0.011546166395354107,0.42803387561024486,0,0.5166901222622922,0.1984047207419365,0,1,0,0,0,0,0,0,0,0,0,0
2021-05-12,411.23,412.59,404.0,405.41,382.99,134811000.0,393.16999999999996,387.74379999999996,-0.02123690263225142,41.07558549255792,2.478643001127921,4.1157538984687845,1,-9.759999999999991,-0.04005781706367617,0.15333481623434397,0,0.49841674729527663,0.23520953775178693,0,1,0,0,0,0,0,0,0,0,0,0
2021-05-13,407.07,412.35,407.02,410.28,387.59,106394000.0,392.906,387.74379999999996,0.012010757461030197,47.79606463785624,1.9322892471850537,3.6790609682120383,1,-8.300000000000011,-0.018141600315337514,-0.2107914042622635,0,0.5085319729087869,0.17685532891571487,0,1,0,0,0,0,0,0,0,0,0,0
2021-05-14,413.21,417.49,413.18,416.58,393.54,82201600.0,392.874,387.74379999999996,0.015351273252663944,54.95282307226354,1.9568577961222786,3.3346203337940867,0,-5.229999999999961,0.006125128081442721,-0.22738500291369812,0,0.5216157973436538,0.1271763212144871,0,1,0,0,0,0,0,0,0,0,0,0
2021-05-17,415.39,416.39,413.36,415.52,392.54,65129200.0,392.889,387.74379999999996,-0.002541037759821063,53.62228845759941,1.8740342057326984,3.0425031081818092,0,-2.2799999999999727,0.024820992953873078,-0.2076893880411087,0,0.5194168352537603,0.09211820829148479,0,1,0,0,0,0,0,0,0,0,0,0
2021-05-18,415.8,416.06,411.77,411.94,389.16,59810200.0,392.8785,387.74379999999996,-0.008610587456055474,49.2791767770916,1.5181577835672329,2.737634043258894,0,-2.1399999999999864,0.004199648036787407,-0.08166843750575781,0,0.5119843433899199,0.08119566063342562,0,1,0,0,0,0,0,0,0,0,0,0
2021-05-19,406.92,411.05,405.33,410.86,388.14,106467100.0,392.63250000000005,387.74379999999996,-0.0026210299105767776,48.01530362937802,1.1406687601206045,2.418240986631236,1,5.149999999999977,-0.013772655126453315,0.7800826614858336,0,0.5097414020582284,0.1770054395067666,0,1,0,0,0,0,0,0,0,0,0,0
2021-05-20,411.8,416.63,411.67,415.28,392.31,78022200.0,392.7745,387.74379999999996,0.010743546143144211,53.28970547789683,1.1645657501824758,2.167505939341484,0,4.720000000000027,-0.0004880712234880402,-0.26717079736369265,0,0.5189110739730847,0.11859393811952704,0,1,0,0,0,0,0,0,0,0,0,0
2021-05-21,416.87,418.2,414.45,414.94,391.99,76578700.0,392.6895,387.74379999999996,-0.0008156814763834452,52.84659368408776,1.1444899931062764,1.9629027500944427,1,-1.5500000000000114,0.007306834756183989,-0.01850114454603946,0,0.5182074061043187,0.11562971598295843,0,1,0,0,0,0,0,0,0,0,0,0
2021-05-24,417.34,420.32,417.08,419.17,395.99,51376700.0,392.7635,387.74379999999996,0.01020434194749864,57.59336685392502,1.4348068216863794,1.8572835644128303,0,3.4499999999999886,0.020132206614259407,-0.3290993448569902,0,0.527003254463893,0.06387749825812164,0,1,0,0,0,0,0,0,0,0,0,0
2021-05-25,420.33,420.71,417.62,418.24,395.11,57451400.0,392.7975,387.74379999999996,-0.0022222783403621493,56.25174908136667,1.5757125213239647,1.8009693557950572,1,5.949999999999989,0.007166382130753046,0.11823842325412093,0,0.5250681678247867,0.07635187318920117,0,1,0,0,0,0,0,0,0,0,0,0
2021-05-26,418.87,419.61,417.76,419.07,395.89,43088600.0,392.87649999999996,387.74379999999996,0.0019741337855279095,57.2033668722773,1.7303741091160987,1.7868503064592656,1,7.75,0.009956197392664401,-0.24999912969918925,0,0.5267833582549036,0.04685791426775499,0,1,0,0,0,0,0,0,0,0,0,0
2021-05-27,420.17,420.72,418.99,419.29,396.1,56707700.0,392.84,387.74379999999996,0.0005304503776302205,57.4715864142784,1.8485804914704431,1.799196343461501,1,3.7900000000000205,0.0002823058227959807,0.3160720004827262,0,0.5272451402937813,0.07482468787367219,0,1,0,0,0,0,0,0,0,0,0,0
2021-05-28,420.97,421.25,419.79,420.04,396.81,58520200.0,392.96950000000004,387.74379999999996,0.001792476647311192,58.42040846418612,1.9767640617882876,1.8347098871268583,0,4.819999999999993,0.004297060810469322,0.03196214976096723,0,0.5288064033776058,0.07854665020310106,0,0,0,0,0,0,0,0,0,0,0,0
2021-06-01,422.57,422.72,419.2,419.67,396.46,54216600.0,393.039,388.31419999999997,-0.0008820342229278744,57.736574015226324,2.0267453312761745,1.8731169759567217,1,0.46999999999997044,0.001440892802013538,-0.07354041852215132,0,0.528036766646143,0.06970922284810513,0,0,0,0,0,0,0,0,0,0,0,0
2021-06-02,420.37,421.23,419.29,420.33,397.08,49097100.0,393.26149999999996,388.8382,0.0015638399838571182,58.65971530770693,2.0922663221139146,1.9169468451881604,0,1.9699999999999704,0.0024742824082404358,-0.0944267991722092,0,0.5294001231418769,0.05919634773334035,0,0,0,0,0,0,0,0,0,0,0,0
2021-06-03,417.85,419.99,416.28,418.77,395.61,58138800.0,393.4045,389.39119999999997,-0.003702024780900537,55.56098524633514,2.0024919836293975,1.934055872876408,1,-0.2799999999999727,-0.003020219019971293,0.18415955321190047,0,0.5261676488697334,0.07776344665416635,0,0,0,0,0,0,0,0,0,0,0,0
2021-06-04,420.75,422.92,418.84,422.6,399.23,55938800.0,393.5715,390.05400000000003,0.009150425924521643,61.02162408102324,2.1981104707583086,1.986866792452788,0,3.1299999999999955,0.007012241127478225,-0.037840478303645786,0,0.5341278916351482,0.0732457544474113,0,0,0,0,0,0,0,0,0,0,0,0
2021-06-07,422.59,422.78,421.19,422.19,398.84,51555000.0,393.575,390.66780000000006,-0.0009768804949529253,60.16388417101329,2.295212015138418,2.048535836989914,1,2.0299999999999727,0.004471520648668181,-0.07836778765365005,0,0.5332702964200896,0.06424363667651456,0,0,0,0,0,0,0,0,0,0,0,0
2021-06-08,423.11,423.21,420.32,422.28,398.92,47134300.0,393.78000000000003,391.1646,0.00020058168689218725,60.287198188661094,2.3515142277993277,2.109131515151797,0,2.4600000000000364,0.008374127116460905,-0.0857472602075453,0,0.5334462133872812,0.05516574488633178,0,0,0,0,0,0,0,0,0,0,0,0
2021-06-09,423.18,423.26,421.41,421.65,398.33,48436300.0,394.1315,391.65340000000003,-0.001478993281861074,58.840563117873934,2.321762237971825,2.1516576597158026,1,1.25,-0.002255292089921812,0.027623195846761206,0,0.5321488257542439,0.05783939727414774,0,0,0,0,0,0,0,0,0,0,0,0
2021-06-10,422.96,424.63,421.55,423.61,400.18,51020100.0,394.991,392.19899999999996,0.004644390329626269,61.92567226070411,2.419571793087357,2.205240486390114,1,4.569999999999993,0.003365978734657382,0.05334428930368329,0,0.536216905620547,0.0631452214213358,0,0,0,0,0,0,0,0,0,0,0,0
2021-06-11,424.2,424.43,422.82,424.31,400.84,45570800.0,395.6535,392.72759999999994,0.0016492578339746267,62.99143431327397,2.521279315834988,2.268448252279089,1,1.6099999999999568,0.004814654881739822,-0.10680692511382772,0,0.5376682205998767,0.05195510317484927,0,0,0,0,0,0,0,0,0,0,0,0
2021-06-14,424.43,425.37,423.1,425.26,401.74,42358500.0,396.06350000000003,393.19340000000005,0.0022452849017065013,64.4526634778602,2.6440270408841116,2.343564010000094,0,2.900000000000034,0.008538933065307397,-0.07049031397298267,0,0.5396472864807811,0.0453586565040496,0,0,0,0,0,0,0,0,0,0,0,0
2021-06-15,425.42,425.46,423.54,424.48,401.0,51508500.0,396.4865,393.5358,-0.0018419873550057364,62.27542175108669,2.6510342096162844,2.405058049923332,0,2.079999999999984,0.0020525553806753916,0.2160133149190835,0,0.5380200545342597,0.06414814909123542,0,0,0,0,0,0,0,0,0,0,0,0
2021-06-16,424.63,424.87,419.92,422.11,398.76,80386100.0,396.9665,393.8378,-0.005586034912718252,56.097911755374206,2.4476234818752687,2.4135711363137196,0,0.4300000000000068,-0.005182737366017487,0.5606375646737918,0,0.5330943794528982,0.12344819839568535,0,0,0,0,0,0,0,0,0,0,0,0
2021-06-17,421.67,423.02,419.32,421.97,398.63,90949700.0,397.491,394.12839999999994,-0.0003260106329622259,55.75225959912134,2.249992587127963,2.3808554264765682,0,-1.5500000000000114,-0.007754032900686214,0.1314107787291583,0,0.532808514381212,0.14514051357535707,0,0,0,0,0,0,0,0,0,0,0,0
2021-06-18,417.09,417.83,414.7,414.92,393.25,118676300.0,397.538,394.275,-0.01349622456914934,43.740645521216074,1.6403388366891818,2.232752108519091,0,-7.589999999999975,-0.019408270114829818,0.30485642063690155,0,0.5209780983375846,0.20207698845709107,0,0,0,0,0,0,0,0,0,0,0,0
2021-06-18,1.38 Dividend,,,,,,407.52049999999997,414.4906,0.0,43.740645521216074,1.6403388366891818,2.1142694541531095,0,0.0,-0.013822235202111566,0.0,0,0.5333582549036854,0.10791534584063267,1,1,0,0,0,0,1,0,0,0,1,1
2021-06-21,416.8,421.06,415.93,420.86,398.88,72822000.0,407.52049999999997,414.4906,0.014316592498410774,43.740645521216074,1.6005264661365004,2.0115208565497875,1,-2.1200000000000045,0.0008203679292614341,-0.3863812741044337,0,0.5333582549036854,0.10791534584063267,1,1,0,0,0,0,0,0,0,0,0,0
2021-06-22,420.85,424.0,420.08,423.11,401.02,57700300.0,407.52049999999997,414.4906,0.005365022061772917,49.18013285393404,1.7138241633638813,1.9519815179126065,0,2.259999999999991,0.01968161456018369,-0.20765290708851725,0,0.5380640337760576,0.07686298845750178,1,1,0,0,0,0,0,0,0,0,0,0
2021-06-23,423.19,424.05,422.51,422.6,400.53,49445400.0,407.52049999999997,414.4906,-0.0012218841953020032,48.03491723684996,1.7439710866802898,1.910379431666143,1,1.8999999999999773,0.018459730364881688,-0.14306511404620081,0,0.5369865423520097,0.05991158054952798,1,1,0,0,0,0,0,0,0,0,0,0
2021-06-24,424.89,425.55,424.62,425.1,402.9,45110300.0,407.52049999999997,414.4906,0.00591715976331364,53.65609291309783,1.9367759857267401,1.9156587424782625,1,9.649999999999977,0.010060297629784554,-0.08767448539196776,0,0.5421980825050575,0.051009468056117134,1,1,0,0,0,0,0,0,0,0,0,0
2021-06-25,425.9,427.09,425.55,426.61,404.33,58129500.0,407.52049999999997,414.4906,0.003549267808389267,56.69963601769253,2.1798365079343966,1.9684942955694895,1,0.0,0.008244543376400904,0.28860814492477327,0,0.5453425982936053,0.07774434913711054,1,1,0,0,0,0,1,0,0,0,0,0
2021-06-28,427.17,427.65,425.89,427.47,405.15,53159600.0,407.52049999999997,414.4906,0.002028046397744454,58.38725975709737,2.4108402047302775,2.056963477401647,1,6.269999999999982,0.01149447396944736,-0.0854970367885497,0,0.547145747207318,0.06753867709240507,1,1,0,0,0,0,0,0,0,0,0,0
2021-06-29,427.88,428.56,427.13,427.7,405.37,35970500.0,407.52049999999997,414.4906,0.0005430087621869362,58.850643336987204,2.5819019021660097,2.16195116235452,1,4.350000000000023,0.006120322968320657,-0.32334893415300336,0,0.5476295188670947,0.03224092113279901,1,1,0,0,0,0,0,0,0,0,0,0
2021-06-30,427.21,428.78,427.18,428.06,405.71,64827900.0,407.52049999999997,414.4906,0.0008387399166194243,59.59940399374681,2.7136237232091958,2.272285674525455,1,5.180000000000007,0.0034097950765508145,0.8022518452620897,0,0.5483771659776584,0.0914994898088051,1,1,0,0,0,0,0,0,0,0,0,0
2021-07-01,428.87,430.6,428.8,430.43,407.95,53441000.0,407.52049999999997,414.4906,0.0055211850829410825,64.21883257950454,2.9645895519671512,2.4107464500137943,1,5.050000000000011,0.006902933761747443,-0.1756481391499648,0,0.5533028410590201,0.06811653099557821,1,1,0,0,0,0,0,0,0,0,0,0
2021-07-02,431.67,434.1,430.52,433.72,411.07,57697700.0,407.52049999999997,414.4906,0.007647996077950747,69.45724773374876,3.376319593849132,2.603861078780862,0,6.740000000000009,0.014007921077511254,0.07965232686514101,0,0.560163602779488,0.07685764936671197,1,1,0,0,0,0,0,0,0,0,0,0
2021-07-06,433.78,434.01,430.01,432.93,410.32,68710400.0,407.52049999999997,414.4906,-0.0018245067750017885,66.92095773866684,3.6005944745959937,2.8032077579438885,1,5.170000000000016,0.011344674385890041,0.19086896011452792,0,0.5585143812120679,0.09947218980549896,1,1,0,0,0,0,0,0,0,0,0,0
2021-07-07,433.66,434.76,431.51,434.46,411.77,63549500.0,407.52049999999997,414.4906,0.0035338272567750906,69.2581916116399,3.8509455125076215,3.0127553088566352,0,6.399999999999977,0.00935731655972405,-0.07511090024217582,0,0.5617028762424134,0.08887429993738888,1,1,0,0,0,0,0,0,0,0,0,0
2021-07-08,428.78,431.73,427.52,430.92,408.42,97595200.0,407.52049999999997,414.4906,-0.008135609685018252,58.90320262118331,3.7359676018970163,3.157397767464712,1,2.7100000000000364,-0.00642628920324495,0.5357351356029552,0,0.5543363532412701,0.15878702428444377,1,1,0,0,0,0,0,0,0,0,0,0
2021-07-09,432.53,435.84,430.71,435.52,412.78,76238600.0,407.52049999999997,414.4906,0.01067528524558048,66.02330164980846,3.9511163317388878,3.3161414803195473,1,4.829999999999984,0.006073502817337317,-0.2188283850025411,0,0.563923827953206,0.11493132183772325,1,1,0,0,0,0,0,0,0,0,0,0
2021-07-12,435.43,437.35,434.97,437.08,414.26,52889600.0,407.52049999999997,414.4906,0.0035854450312515773,68.04701676671036,4.192715862734815,3.491456356802601,0,3.1899999999999977,0.006125120591813804,-0.3062621821492,0,0.5671782918462485,0.06698423304884879,1,1,0,0,0,0,0,0,0,0,0,0
2021-07-13,436.24,437.84,435.31,435.59,412.84,52911300.0,407.52049999999997,414.4906,-0.0034277989668324294,64.10198083031516,4.220946653540864,3.637354416150254,1,2.519999999999982,0.010832931309999627,0.0004102886011616569,0,0.5640557656785996,0.06702879392197905,1,1,0,0,0,0,0,0,0,0,0,0
2021-07-14,437.4,437.92,434.91,436.24,413.46,64130400.0,407.52049999999997,414.4906,0.0015017924619706857,65.0546012840072,4.2444215277787976,3.758767838475963,0,1.6899999999999977,0.0016594385263898337,0.21203599231166126,0,0.5654191221743337,0.090067176029618,1,1,0,0,0,0,0,0,0,0,0,0
2021-07-15,434.81,435.53,432.72,434.75,412.05,55126400.0,407.52049999999997,414.4906,-0.0034102452474240597,61.0845775929531,4.101965414685594,3.8274073537178896,0,3.6299999999999955,-0.005336251752285803,-0.14040143208213263,0,0.5623185856275837,0.0715774939252441,1,1,0,0,0,0,0,0,0,0,0,0
2021-07-16,436.01,436.06,430.92,431.34,408.82,75874700.0,407.52049999999997,414.4906,-0.007838854507948079,53.09159375799278,3.6859446375934226,3.7991148104929966,0,-3.9599999999999795,-0.009747307293401453,0.3763768357810413,0,0.5552159380772275,0.11418405447679683,1,1,0,0,0,0,0,0,0,0,0,0
2021-07-19,426.19,431.41,421.97,424.97,402.78,147987000.0,407.52049999999997,414.4906,-0.014774228266718925,42.019145173861205,2.8361740044005046,3.6065266492744983,1,-11.480000000000018,-0.026023328022091063,0.9504129835109727,0,0.5419342070542703,0.2622664070773345,0,1,0,0,0,0,0,0,0,0,0,0
2021-07-20,425.68,432.42,424.83,431.06,408.55,99608200.0,408.004,414.4906,0.014325438204479068,52.26170232237336,2.5983631207946587,3.4048939435785304,1,-4.289999999999964,-0.008287644570187935,-0.3269124990708643,0,0.5546222183129562,0.16292071265362465,0,1,0,0,0,0,0,0,0,0,0,0
2021-07-21,432.34,434.7,431.01,434.55,411.86,64724400.0,408.54599999999994,414.4906,0.008101823522212781,56.95895041897158,2.64647866075245,3.2532108870133145,1,-1.599999999999966,0.007653033459972924,-0.3502101232629442,0,0.5619007828305039,0.09128695292544187,0,1,0,0,0,0,0,0,0,0,0,0
2021-07-22,434.74,435.72,433.69,435.46,412.72,47878500.0,409.15549999999996,414.4906,0.002088088185305814,58.11218955293694,2.722620708745012,3.147092851359654,1,0.6700000000000159,0.024515349911997664,-0.2602712423753638,0,0.5637918902278125,0.05669395695008956,0,1,0,0,0,0,0,0,0,0,0,0
2021-07-23,437.52,440.3,436.79,439.94,416.97,63766600.0,409.85900000000004,414.4906,0.010297538282612928,63.339834690008814,3.09028048185894,3.1357303774595113,1,8.150000000000034,0.020487449990131523,0.33184205854402293,0,0.5731374791098601,0.08932011401833731,0,1,0,0,0,0,0,0,0,0,0,0
2021-07-26,439.31,441.03,439.26,441.02,417.99,43719200.0,410.54200000000003,414.4906,0.0024462191524570187,64.48540367552182,3.4244836604312923,3.1934810340538675,0,15.210000000000036,0.014831845620375761,-0.31438715565829134,0,0.5753804204415516,0.04815284913392761,0,1,0,0,0,0,0,0,0,0,0,0
2021-07-27,439.91,439.94,435.99,439.01,416.09,67397100.0,411.08899999999994,414.4906,-0.004545563290987875,60.681568099530764,3.495731351216648,3.253931097486424,0,7.539999999999964,0.008198194144082072,0.5415904225145931,0,0.5712023924707537,0.09677533290771198,0,1,0,0,0,0,0,0,0,0,0,0
2021-07-28,439.68,440.3,437.31,438.83,415.91,52472400.0,411.616,414.4906,-0.0004325987166237111,60.31856120446377,3.4973558229007153,3.3026160425692828,1,4.050000000000011,-0.0025319428551545675,-0.22144424611741453,0,0.5708065792945729,0.06612751432673142,0,1,0,0,0,0,0,0,0,0,0,0
2021-07-29,439.82,441.8,439.81,440.65,417.64,47435300.0,412.2125,414.4906,0.004159553749609302,62.63229197068074,3.5967783483181393,3.3614485037190542,0,4.919999999999959,-0.0008186082580022846,-0.09599522796746485,0,0.5746107837100888,0.05578384732007418,0,1,0,0,0,0,0,0,0,0,0,0
2021-07-30,437.91,440.06,437.77,438.51,415.61,68951200.0,412.5955,414.4906,-0.004860645532037133,58.334130213411505,3.4717472403310126,3.3835082510414463,0,-1.3600000000000136,-0.0011336904990515428,0.4535841451408551,0,0.5701468906676048,0.09996667175249288,0,1,0,0,0,0,0,0,0,0,0,0
2021-08-02,440.34,440.93,437.21,437.59,414.74,58783300.0,412.779,414.4906,-0.0020933086306874626,56.54322370581184,3.2648226145253716,3.3597711237382315,1,-3.25,-0.0027944004131152944,-0.14746516376799823,0,0.5682337936493974,0.07908692512109983,0,1,0,0,0,0,0,0,0,0,0,0
2021-08-03,438.44,441.28,436.1,441.15,418.11,58053900.0,413.16850000000005,414.4906,0.008125572647923907,61.47686068611066,3.3343281343126705,3.3546825258531197,0,2.0200000000000387,0.0011716184851993106,-0.012408286026813764,0,0.5756442958923388,0.07758910480491477,0,1,0,0,0,0,0,0,0,0,0,0
2021-08-04,439.78,441.12,438.73,438.98,416.06,46732200.0,413.383,414.4906,-0.0049030159527397865,57.22112433602777,3.187253220934508,3.3211966648693974,1,0.14999999999997726,0.0011292480644966574,-0.19502048957951146,0,0.5711364236080569,0.05434003396072442,0,1,0,0,0,0,0,0,0,0,0,0
2021-08-05,440.22,441.85,439.88,441.76,418.69,38969700.0,413.8965,414.4906,0.006321203672547293,60.955433016978034,3.24550218371877,3.3060577686392723,1,1.0500000000000114,0.009543760367731413,-0.1661060253957657,0,0.5769196939044771,0.03839976770848071,0,1,0,0,0,0,0,0,0,0,0,0
2021-08-06,442.1,442.94,441.8,442.49,419.38,46930000.0,414.22650000000004,414.4906,0.0016479973249898805,61.89523881054157,3.3091957906440825,3.306685373040234,0,3.769999999999982,0.003066185044797387,0.20426895767737507,0,0.5784369777465036,0.054746215560040855,0,1,0,0,0,0,0,0,0,0,0,0
2021-08-09,442.46,442.8,441.31,442.13,419.04,41222600.0,414.46549999999996,414.4906,-0.0008107205875339529,61.114623335844115,3.294264049167907,3.304201108265769,1,4.300000000000011,0.007158480410003221,-0.12161517153206902,0,0.5776893306359399,0.043026089877843655,0,1,0,0,0,0,0,0,0,0,0,0
2021-08-10,442.61,443.44,441.88,442.68,419.56,43339300.0,414.80150000000003,414.4906,0.0012409316533026349,61.90593281251784,3.286505402151988,3.3006619670430135,1,1.4499999999999886,0.0020782083907585625,0.051348046945122405,0,0.5788327909226845,0.04737272582967931,0,1,0,0,0,0,0,0,0,0,0,0
2021-08-11,443.82,443.88,442.62,443.78,420.61,44034300.0,415.159,414.4906,0.002502621794260751,63.520227497345495,3.3267343208471516,3.305876437803841,1,4.550000000000011,0.002932832860029433,0.01603625346971449,0,0.5811417011170728,0.04879990586772239,0,1,0,0,0,0,0,0,0,0,0,0
2021-08-12,443.62,445.26,442.66,445.11,421.87,38909400.0,415.65,414.4906,0.0029956491761964354,65.4142643318266,3.420854022721187,3.3288719547873105,1,3.180000000000007,0.006739202623759821,-0.11638427316887068,0,0.5839123933503386,0.03827594187208647,0,1,0,0,0,0,0,0,0,0,0,0
2021-08-13,445.59,445.94,445.07,445.92,422.63,39470300.0,416.34049999999996,414.4906,0.001801502832626145,66.54264499342227,3.516237219087202,3.366345007647289,1,3.25,0.0072997738030833315,0.014415539689637935,0,0.5855836045386577,0.03942774803516325,0,1,0,0,0,0,0,0,0,0,0,0
2021-08-16,444.53,447.11,442.87,446.97,423.63,73740000.0,417.383,414.4906,0.0023661358635211904,68.02105157174583,3.6306686439427835,3.4192097349063877,0,4.589999999999975,0.007163287872343771,0.8682401704572806,0,0.5877825666285512,0.10980045558872409,0,1,0,0,0,0,0,0,0,0,0,0
2021-08-17,444.24,444.96,440.85,444.04,420.85,92673900.0,417.99799999999993,414.4906,-0.0065623303354341855,60.073801543416664,3.4571813711777963,3.4268040621606692,0,1.2900000000000205,-0.00239469163928685,0.2567656631407649,0,0.5816694520186472,0.14868115216757846,0,1,0,0,0,0,0,0,0,0,0,0
2021-08-18,442.96,444.63,438.92,439.18,416.25,89351900.0,418.21750000000003,414.4906,-0.010930260187715368,49.72192294306241,2.9149086489696856,3.3244249795224725,1,-4.360000000000014,-0.015126454659628363,-0.03584612280264454,0,0.5715542264051368,0.1418594369353783,0,1,0,0,0,0,0,0,0,0,0,0
2021-08-19,436.27,441.14,436.12,439.86,416.89,92812200.0,418.42600000000004,414.4906,0.0015375375375374922,50.9873839397549,2.507886901952247,3.161117364008428,1,-4.980000000000018,-0.01595505298561206,0.03872665270688147,0,0.5729615621426686,0.14896515072766675,0,1,0,0,0,0,0,0,0,0,0,0
2021-08-20,440.23,443.71,439.71,443.36,420.21,72008700.0,418.588,414.4906,0.007963731439948107,57.02942976668335,2.4252586169448023,3.013945614595703,1,-2.420000000000016,-0.0014289912102297686,-0.22414617905835654,0,0.5802621162811152,0.10624523717165363,0,1,0,0,0,0,0,0,0,0,0,0
2021-08-23,445.16,448.23,443.44,447.26,423.9,54973000.0,418.8835,414.4906,0.00878132362390227,62.55462115092156,2.6272420561333547,2.9366049029032335,1,0.2699999999999818,0.01828259260138787,-0.23657835789286574,0,0.5883762863928225,0.07126248756864581,0,1,0,0,0,0,0,0,0,0,0,0
2021-08-24,447.97,448.54,447.42,447.97,424.58,38744700.0,419.308,414.4906,0.0016041519226233092,63.4863691304741,2.80979612323398,2.911243146969383,1,3.7299999999999613,0.018349206986473687,-0.29520491877830934,0,0.5898715806139502,0.037937731005517124,0,1,0,0,0,0,0,0,0,0,0,0
2021-08-25,448.17,449.46,447.77,448.91,425.47,40529700.0,419.78599999999994,414.4906,0.002096189175184948,64.72359867677963,2.991799496338615,2.9273544168432295,0,9.220000000000027,0.012481664721710528,0.046070817427932065,0,0.5918286568739555,0.04160322218236157,0,1,0,0,0,0,0,0,0,0,0,0
2021-08-26,448.61,448.86,446.16,446.26,422.96,57829600.0,420.05199999999996,414.4906,-0.005899358356641016,58.68431159420403,2.900072230294313,2.9218979795334463,1,6.069999999999993,-0.0021990172588327583,0.4268450050210093,0,0.5863092620283226,0.07712850554947151,0,1,0,0,0,0,0,0,0,0,0,0
2021-08-27,447.12,450.65,447.06,450.25,426.74,77235100.0,420.6085,414.4906,0.008937015320597652,64.11482454795845,3.0966953440168936,2.956857452430136,1,6.53000000000003,0.005133846139141585,0.3355634484762129,0,0.5946213387281203,0.11697763105773754,0,1,0,0,0,0,0,0,0,0,0,0
2021-08-30,450.97,453.07,450.71,452.23,428.61,48357400.0,421.302,414.4906,0.0043820593335519575,66.46327297111323,3.364628605833559,3.0384116831108208,0,4.710000000000036,0.007419716297508594,-0.37389347589373223,0,0.5987333978362213,0.05767737640364184,0,0,0,0,0,0,0,0,0,0,0,0
2021-08-31,452.13,452.49,450.92,451.56,427.98,59300200.0,421.7955,415.0726,-0.0014698677119059367,64.92178537814351,3.4859480718627083,3.1279189608611984,1,3.400000000000034,0.011849206942243673,0.2262900817661826,0,0.5973480517195884,0.0801483774400415,0,0,0,0,0,0,0,0,0,0,0,0
2021-09-01,452.56,453.11,451.55,451.8,428.21,48721400.0,422.40299999999996,415.6164,0.0005374082901068444,65.23876075728188,3.5596206099554593,3.214259290680051,1,2.7399999999999523,0.0034495999117528653,-0.17839400204383793,0,0.5978538130002637,0.058424849114214035,0,0,0,0,0,0,0,0,0,0,0,0
2021-09-02,453.32,454.05,451.91,453.19,429.52,42501000.0,422.94449999999995,416.19620000000003,0.0030592466313257294,67.06426780809082,3.681277206923255,3.3076628739286917,0,6.560000000000002,0.002126787209526637,-0.1276728501233544,0,0.6007344533380243,0.04565127974925987,0,0,0,0,0,0,0,0,0,0,0,0
2021-09-03,451.98,453.63,451.55,453.08,429.42,47170500.0,423.4465,416.72659999999996,-0.0002328180294280946,66.77598287778338,3.7266631195684,3.3914629230566335,0,2.680000000000007,0.0033638368920044792,0.10986800310580924,0,0.6005145571290351,0.05524008145809748,0,0,0,0,0,0,0,0,0,0,0,0
2021-09-07,452.71,452.81,450.74,451.46,427.88,51671500.0,423.8885,417.1976,-0.0035862325927996652,62.332240288473564,3.5969037848080916,3.4325510954069256,0,-0.7300000000000182,-0.0007598039909020304,0.09541980687081963,0,0.597128155510599,0.0644828690138268,0,0,0,0,0,0,0,0,0,0,0,0
2021-09-08,450.89,451.67,448.86,450.91,427.36,56181900.0,424.2785,417.6418,-0.0012152940076656238,60.85950621378242,3.412768650339956,3.428594606393532,0,-0.6200000000000045,-0.005034344629893384,0.08728989868689707,0,0.5959846952238543,0.07374495943625772,0,0,0,0,0,0,0,0,0,0,0,0
2021-09-09,450.7,452.57,448.72,448.98,425.53,57970400.0,424.5245,418.045,-0.004282104080868709,55.857697717244086,3.0836283751829683,3.3596013601514194,0,-2.680000000000007,-0.009083630681333998,0.03183409603448806,0,0.591960594599349,0.07741763785070382,0,0,0,0,0,0,0,0,0,0,0,0
2021-09-10,451.04,451.49,445.31,445.44,422.18,89948200.0,424.53999999999996,418.37440000000004,-0.00787253542640931,48.069350723497,2.5233774088898713,3.19235656989911,1,-7.339999999999975,-0.013369933514943644,0.5516228972027104,0,0.5845940715982056,0.1430839368730547,0,0,0,0,0,0,0,0,0,0,0,0
2021-09-13,448.64,448.92,444.11,446.58,423.26,83738600.0,424.5715,418.68059999999997,0.0025581505518972314,50.46718362433237,2.1418317525759676,2.982251606434482,0,-6.160000000000025,-0.009596488955380789,-0.06903528919978386,0,0.5869689506552906,0.13033254526984278,0,0,0,0,0,0,0,0,0,0,0,0
2021-09-14,448.12,448.34,443.22,444.17,420.98,78197100.0,424.439,418.87880000000007,-0.005386759911165662,45.672642213467945,1.6366112896226355,2.713123543072113,1,-6.899999999999977,-0.01070114478567774,-0.06617617204013437,0,0.5819553170903333,0.11895309464996406,0,0,0,0,0,0,0,0,0,0,0,0
2021-09-15,444.62,448.41,443.44,447.88,424.49,78792200.0,424.621,419.1622,0.008337688251223385,53.06512943138499,1.5021324506748783,2.470925324592666,0,-2.8700000000000045,0.005509078891954955,0.007610256646346292,0,0.5896736740258598,0.12017513039189132,0,0,0,0,0,0,0,0,0,0,0,0
2021-09-16,447.32,448.36,444.02,447.17,423.82,77786700.0,424.9995,419.40319999999997,-0.0015783646257863104,51.621178990886804,1.326205924995918,2.2419814446733164,0,-1.7099999999999795,0.001372563714271413,-0.012761415470059267,0,0.588200369425631,0.1181103397037585,0,0,0,0,0,0,0,0,0,0,0,0
2021-09-17,444.92,445.37,441.02,441.4,419.69,118425000.0,425.13949999999994,419.6286,-0.009744702939927352,43.72321606057203,0.8437996051619621,1.9623450767710457,0,-2.490000000000009,-0.0029853793144902774,0.522432498100575,0,0.5791186559943706,0.2015609447972922,0,0,0,0,0,0,0,0,0,0,0,0
2021-09-17,1.43 Dividend,,,,,,415.11799999999994,429.71399999999994,0.0,43.72321606057202,0.8437996051619621,1.7386359824492292,0,0.0,-0.011323067565713663,0.0,0,0.5637259213651156,0.30017087144023824,1,1,0,0,0,0,1,0,0,0,1,1
2021-09-20,434.88,436.56,428.86,434.04,412.69,166445500.0,415.11799999999994,429.71399999999994,-0.0166789773404179,43.72321606057202,-0.30136323084258265,1.3306361397908668,0,-8.29000000000002,-0.026423680280345252,0.40549292801351067,0,0.5637259213651156,0.30017087144023824,1,1,0,0,0,0,0,0,0,0,0,0
2021-09-21,436.53,437.91,433.07,433.63,412.3,92526100.0,415.11799999999994,429.71399999999994,-0.0009450192638541521,42.948217455944345,-1.0373615539089087,0.8570366010509118,1,-12.189999999999998,-0.017623996604272052,-0.444105728301456,0,0.5628683261500571,0.14837764539114282,1,1,0,0,0,0,0,0,0,0,0,0
2021-09-22,436.05,440.03,433.75,437.86,416.32,102350100.0,415.11799999999994,429.71399999999994,0.009750181906378774,52.32810022198885,-1.2814928719362797,0.42933070645347354,1,-7.5,-0.007873814697893278,0.10617544671179258,0,0.5717081537514292,0.1685511945907618,1,1,0,0,0,0,0,0,0,0,0,0
2021-09-23,439.85,444.89,439.6,443.18,421.38,76396000.0,415.11799999999994,429.71399999999994,0.012154112221368196,61.01614617392504,-1.054513216579494,0.13256192184688004,1,1.6899999999999977,0.02095927486389282,-0.2535815793047589,0,0.5828349019262907,0.11525454218015202,1,1,0,0,0,0,0,0,0,0,0,0
2021-09-24,441.44,444.67,441.21,443.91,422.08,62094800.0,415.11799999999994,429.71399999999994,0.0016612084104608016,62.046632358680895,-0.808822452791901,-0.05571495308087618,0,0.0,0.023565502538207772,-0.18719828263259852,0,0.5843741753892162,0.085887078640495,1,1,0,0,0,0,1,0,0,0,0,0
2021-09-27,442.81,444.05,441.9,442.64,420.87,61371100.0,415.11799999999994,429.71399999999994,-0.00286675511751322,59.13667694897541,-0.7036365557755175,-0.18529927361980444,0,8.180000000000007,0.010948565514315778,-0.011654760140945797,0,0.5817134312604451,0.08440096325411833,1,1,0,0,0,0,0,0,0,0,0,0
2021-09-28,439.69,440.04,432.94,433.72,412.39,130436300.0,415.11799999999994,429.71399999999994,-0.020148739515765013,43.67658798473078,-1.2896745389589341,-0.4061743266876304,1,0.08999999999997499,-0.02135428622281743,1.125370084616375,0,0.5630662327381475,0.22622610679865446,1,1,0,0,0,0,0,0,0,0,0,0
2021-09-29,435.19,437.04,433.85,434.45,413.08,82329200.0,415.11799999999994,429.71399999999994,0.001673173452314547,44.93796596250211,-1.6790812261943415,-0.6607557065889726,0,-3.240000000000009,-0.021342321180963686,-0.36881680943111694,0,0.564583516580174,0.1274383473624789,1,1,0,0,0,0,0,0,0,0,0,0
2021-09-30,436.02,436.77,428.78,429.14,408.03,140506000.0,415.11799999999994,429.71399999999994,-0.01222523482134219,38.19580750770169,-2.36788610962725,-1.002181787196628,1,-13.350000000000023,-0.030700800884792656,0.7066362845746101,0,0.5534787580262115,0.24690420007790964,1,1,0,0,0,0,0,0,0,0,0,0
2021-10-01,430.98,436.03,427.23,434.24,412.88,129240100.0,415.11799999999994,429.71399999999994,0.011886380903364913,46.49796370022055,-2.493669011352438,-1.30047923202779,0,-9.199999999999989,0.0013343195343372694,-0.08018091754088796,0,0.5641437241621954,0.2237697143360543,1,1,0,0,0,0,0,0,0,0,0,0
2021-10-04,433,433.96,426.36,428.64,407.56,128570000.0,415.11799999999994,429.71399999999994,-0.01288509978686303,40.130049088298996,-2.9881864527457083,-1.6380206761713736,1,-13.310000000000002,-0.013223953704840308,-0.0051849232552435565,0,0.5524452458439616,0.22239366635980584,1,1,0,0,0,0,0,0,0,0,0,0
2021-10-05,430.24,435.49,429.39,433.1,411.8,90682500.0,415.11799999999994,429.71399999999994,0.010403376190008862,46.42723177501211,-3.00334186748114,-1.911084914433327,1,-0.589999999999975,0.009404657306510744,-0.29468382982033137,0,0.5617688451051104,0.1445918193218821,1,1,0,0,0,0,0,0,0,0,0,0
2021-10-06,429.27,435.12,427.54,434.9,413.51,113032200.0,415.11799999999994,429.71399999999994,0.0041525012141816475,48.76766614987266,-2.844579393356753,-2.0977838102180124,1,0.4300000000000068,0.001670777617327479,0.24646100405260118,0,0.5655290702788283,0.19048684910066097,1,1,0,0,0,0,0,0,0,0,0,0
2021-10-07,438.39,441.68,438.2,438.66,417.09,72437500.0,415.11799999999994,429.71399999999994,0.008657589901090557,53.361435199037544,-2.402191934787936,-2.158665435131997,0,9.060000000000002,0.023213467305281066,-0.35914279293864937,0,0.5734013545606472,0.10712577645267932,1,1,0,0,0,0,0,0,0,0,0,0
2021-10-08,439.48,439.89,437.19,437.86,416.32,74557400.0,415.11799999999994,429.71399999999994,-0.0018461243376728387,52.275716315404,-2.0896411688461853,-2.144860581874835,0,3.4399999999999977,0.010963966777599365,0.029265228645384056,0,0.5717081537514292,0.11147898359317934,1,1,0,0,0,0,0,0,0,0,0,0
2021-10-11,437.16,440.26,434.62,434.69,413.31,65233300.0,415.11799999999994,429.71399999999994,-0.007230015372790111,48.151336178647874,-2.061065598164191,-2.1281015851327063,0,5.75,-0.0004185498093723927,-0.12505935024558257,0,0.5650892778608496,0.0923319772727226,1,1,0,0,0,0,0,0,0,0,0,0
2021-10-12,435.67,436.1,432.78,433.62,412.29,71181200.0,415.11799999999994,429.71399999999994,-0.0024678812513608817,46.80374651187253,-2.0965569248588167,-2.1217926530779287,1,0.4900000000000091,-0.011544020961823831,0.09117889176233618,0,0.5628463365291583,0.10454596885297643,1,1,0,0,0,0,0,0,0,0,0,0
2021-10-13,434.71,436.05,431.54,435.18,413.78,72974000.0,415.11799999999994,429.71399999999994,0.0036139610468357564,49.04705697946612,-1.9816107343789326,-2.0937562693381295,1,0.2699999999999818,-0.006083935577315236,0.025186425629239118,0,0.5661227900430995,0.10822747730219029,1,1,0,0,0,0,0,0,0,0,0,0
2021-10-14,439.08,442.66,438.58,442.5,420.74,70236800.0,415.11799999999994,429.71399999999994,0.01682053265020067,57.96436219948427,-1.3137570440101172,-1.9377564242725271,1,3.650000000000034,0.017966612445675545,-0.03750924986981663,0,0.5814275661887589,0.10260664679840395,1,1,0,0,0,0,0,0,0,0,0,0
2021-10-15,444.75,446.26,444.09,445.87,423.94,66260200.0,415.11799999999994,429.71399999999994,0.007605647193040799,61.3164550947927,-0.5202676051854382,-1.6542586604551095,1,7.6200000000000045,0.028040140890077225,-0.05661704405667689,0,0.5884642448764182,0.0944407127850484,0,1,0,0,0,0,0,0,0,0,0,0
2021-10-18,443.97,447.55,443.27,447.19,425.2,62213200.0,415.7434999999999,429.71399999999994,0.002972118696041859,62.58173694469603,0.2078539506480297,-1.2818361382344818,1,11.889999999999986,0.027398298539283328,-0.061077388839756,0,0.5912349371096841,0.08613021262107673,0,1,0,0,0,0,0,0,0,0,0,0
2021-10-19,448.92,450.71,448.27,450.64,428.48,46996800.0,416.55249999999995,429.71399999999994,0.007714016933207946,65.72464022974647,1.0376032727323832,-0.817948256041109,1,16.189999999999998,0.018291782822290603,-0.24458475050310868,0,0.5984475327645351,0.0548833891234096,0,1,0,0,0,0,0,0,0,0,0,0
2021-10-20,451.13,452.73,451.01,452.41,430.16,49571600.0,417.24449999999996,429.71399999999994,0.003920836445108211,67.24232168760344,1.8098843282373878,-0.29238173918540966,1,16.380000000000052,0.014606972074358016,0.054786708882306856,0,0.6021417890755564,0.06017073180247911,0,1,0,0,0,0,0,0,0,0,0,0
2021-10-21,451.77,453.83,451.31,453.59,431.28,41305400.0,417.73949999999996,429.71399999999994,0.002603682350753145,68.25160660550868,2.4836671001773993,0.26282802868715216,0,10.539999999999964,0.014238535729069302,-0.16675273745451025,0,0.604604626616237,0.043196119384534264,0,1,0,0,0,0,0,0,0,0,0,0
2021-10-22,453.13,454.67,451.05,453.12,430.83,58845100.0,418.177,429.71399999999994,-0.0010434056761268184,67.35367931933041,2.947358250840523,0.7997340731178264,1,6.889999999999986,0.0054811131197345375,0.42463455141458506,0,0.6036150936757849,0.07921383120218048,0,1,0,0,0,0,0,0,0,0,0,0
2021-10-25,454.28,455.9,452.39,455.55,433.14,45214500.0,418.79049999999995,429.71399999999994,0.005361743611169034,69.56706111427353,3.461334414455962,1.3320541413854536,1,7.939999999999998,0.0069220202857953606,-0.2316352593503962,0,0.6086946961034391,0.05122344238700071,0,1,0,0,0,0,0,0,0,0,0,0
2021-10-26,457.2,458.49,455.56,455.96,433.53,56075100.0,419.84749999999997,429.71399999999994,0.0009004017176894585,69.93764151875901,3.855687996610982,1.8367809124305592,0,5.0499999999999545,0.005218739652731674,0.24020170520518858,0,0.6095522913184975,0.07352564601458433,0,1,0,0,0,0,0,0,0,0,0,0
2021-10-27,456.45,457.16,453.86,453.94,431.61,72438000.0,420.774,429.71399999999994,-0.004428759255414749,65.69632266649683,3.96755262084514,2.2629352541134757,1,1.4499999999999886,0.0018333860734437435,0.2918033137702831,0,0.605330284105902,0.10712680320090814,0,1,0,0,0,0,0,0,0,0,0,0
2021-10-28,455.46,458.4,455.45,458.32,435.78,51437900.0,422.1615,429.71399999999994,0.009661499965246234,69.95763672827694,4.342631142728408,2.678874431836462,1,4.5,0.006133142427520943,-0.28990447002954256,0,0.6144999560207581,0.06400317224132773,0,1,0,0,0,0,0,0,0,0,0,0
2021-10-29,455.87,459.56,455.56,459.25,436.66,70162400.0,423.3505,429.71399999999994,0.002019367570792685,70.78249122853794,4.657206837734009,3.0745409130159715,1,5.830000000000041,0.00725210828062417,0.3640214705499252,0,0.6164350426598645,0.10245386666195733,0,1,0,0,0,0,0,0,0,0,0,0
2021-11-01,460.3,460.7,458.2,460.04,437.41,48433600.0,424.84299999999996,429.71399999999994,0.0017175834745568608,71.50068389778063,4.910424754473695,3.4417176813075163,1,4.270000000000039,0.01339845101059578,-0.30969294094842825,0,0.6180842642272847,0.05783385283371217,0,1,0,0,0,0,0,0,0,0,0,0
2021-11-02,460.22,462.23,460.08,461.9,439.18,48908400.0,426.212,429.71399999999994,0.004046546718182054,73.17644028367857,5.1940521849167,3.7921845820293534,1,5.650000000000034,0.007783497763531599,0.009803111889266969,0,0.6219764271263963,0.05880885295178822,0,1,0,0,0,0,0,0,0,0,0,0
2021-11-03,461.3,465.15,460.83,464.72,441.86,52509800.0,427.6295,429.71399999999994,0.006102281524659636,75.52324275241915,5.570865104096697,4.147920686442823,1,10.25,0.01186641171739855,0.07363561269638752,0,0.6278696455273111,0.06620431509424626,0,1,0,0,0,0,0,0,0,0,0,0
2021-11-04,465.36,467.0,464.99,466.91,443.95,52847100.0,428.9725,429.71399999999994,0.0047300049789524845,77.19863731839895,5.969326905686728,4.512201930291604,1,8.170000000000016,0.014878833221794174,0.006423562839698471,0,0.6324654762951886,0.0668969594494001,0,1,0,0,0,0,0,0,0,0,0,0
2021-11-05,469.28,470.65,466.92,468.53,445.49,66390600.0,430.43100000000004,429.71399999999994,0.0034688591057552287,78.37329852261644,6.336334563277944,4.877028456888872,1,8.829999999999984,0.01430114560936735,0.25627707102187247,0,0.6358518779136247,0.09470848872312151,0,1,0,0,0,0,0,0,0,0,0,0
2021-11-08,469.7,470.23,468.2,468.93,445.87,50405200.0,432.059,429.71399999999994,0.0008529933331837825,78.66536691502321,6.5819806247722,5.218018890465538,0,8.45999999999998,0.009051857417891496,-0.24077806195455376,0,0.6366874835077843,0.061882526449547746,0,1,0,0,0,0,0,0,0,0,0,0
2021-11-09,469.32,469.57,465.88,467.38,444.39,51149100.0,433.66400000000004,429.71399999999994,-0.00331935317469223,74.4482874121357,6.581367360988224,5.4906885845700755,0,5.2099999999999795,0.0010024992642467812,0.014758397943069435,0,0.6334330196147417,0.06341012246436825,0,1,0,0,0,0,0,0,0,0,0,0
2021-11-10,465.58,467.38,462.04,463.62,440.82,69429700.0,435.01599999999996,429.71399999999994,-0.00803348410180249,65.34806268774632,6.221099221431075,5.636770711942276,1,-1.0400000000000205,-0.010499843943310938,0.35739827289238724,0,0.6255827249538217,0.1009492698074621,0,1,0,0,0,0,0,0,0,0,0,0
2021-11-11,465.21,465.29,463.75,463.77,440.96,34848500.0,436.02699999999993,429.71399999999994,0.000317589946009722,65.5260271323993,5.879110232075163,5.685238615968854,1,-2.990000000000009,-0.011035247330484999,-0.4980750312906437,0,0.6258905796464068,0.029936898107353914,0,1,0,0,0,0,0,0,0,0,0,0
2021-11-12,465.12,467.86,464.11,467.27,444.29,53466700.0,437.0445000000001,429.71399999999994,0.007551705370101747,69.533977732514,5.809812759137344,5.710153444602552,1,-1.1999999999999886,-0.0001641887856910218,0.5342611590168873,0,0.6332131234057524,0.06816930585453895,0,1,0,0,0,0,0,0,0,0,0,0
2021-11-15,468.64,468.81,466.23,467.43,444.44,46980500.0,438.00649999999996,429.71399999999994,0.0003376173220193124,69.70483601683003,5.701276986788514,5.708378153039745,1,-1.4300000000000068,0.008206912638130781,-0.12131289194956862,0,0.6335429677192365,0.05484991713115046,0,1,0,0,0,0,0,0,0,0,0,0
2021-11-16,467.15,470.49,467.07,469.28,446.2,48857500.0,438.89250000000004,429.71399999999994,0.003960039600396037,71.7096095467851,5.691668880397913,5.705036298511379,0,1.8100000000000023,0.011849362292517096,0.03995274635221002,0,0.6374131409974492,0.058704329982095564,0,1,0,0,0,0,0,0,0,0,0,0
2021-11-17,469,469.19,467.48,468.14,445.12,47858300.0,439.6405000000001,429.71399999999994,-0.00242043926490354,68.70507898390329,5.533124992138653,5.670654037236834,1,4.300000000000011,0.0018772176575118094,-0.02045131249040577,0,0.6350382619403641,0.056652476321645724,0,1,0,0,0,0,0,0,0,0,0,0
2021-11-18,469.24,470.01,466.34,469.73,446.63,50625600.0,440.408,429.71399999999994,0.003392343637670825,70.5622092080078,5.466309980059236,5.629785225801315,0,5.670000000000016,0.004931943973163322,0.05782278100141469,0,0.6383586946961034,0.06233511706880631,0,1,0,0,0,0,0,0,0,0,0,0
2021-11-19,469.61,470.94,468.5,468.89,445.83,57315600.0,441.158,429.71399999999994,-0.0017911918142534677,68.25132951077116,5.287850241477884,5.561398228936628,0,1.5399999999999636,-0.0008192874414861828,0.13214658196643603,0,0.6365995250241885,0.0760730083702569,0,1,0,0,0,0,0,0,0,0,0,0
2021-11-22,470.89,473.54,467.35,467.57,444.57,72762000.0,441.72950000000003,429.71399999999994,-0.0028261893546867034,64.65960156985524,4.98725813584889,5.446570210319081,1,0.12999999999999545,-0.0012250375312693462,0.2694973096329796,0,0.6338288327909226,0.1077921360531757,0,1,0,0,0,0,0,0,0,0,0,0
2021-11-23,467.22,469.1,464.45,468.19,445.16,73206500.0,442.311,429.71399999999994,0.001327125087162928,65.57319954766088,4.741982176899114,5.305652603635087,1,-1.0399999999999636,-0.003290256081777243,0.006108957972568163,0,0.6351262204239598,0.108704915228586,0,1,0,0,0,0,0,0,0,0,0,0
2021-11-24,466.06,469.57,465.19,469.44,446.35,61858800.0,443.04799999999994,429.71399999999994,0.0026731961541917038,67.40354750620293,4.590703494794354,5.16266278186694,0,1.2300000000000182,0.0011741318866679284,-0.15500945954252698,0,0.6377429853109332,0.08540245347649764,0,1,0,0,0,0,0,0,0,0,0,0
2021-11-26,462.34,463.9,457.77,458.97,436.4,112669600.0,443.079,429.71399999999994,-0.02229192337851471,45.58180868044022,3.626132407734474,4.855356707040447,1,-10.230000000000018,-0.01829160213716008,0.8213997038416523,0,0.6158633125164921,0.18974225128512942,0,1,0,0,0,0,0,0,0,0,0,0
2021-11-29,464.07,466.56,461.73,464.6,441.75,86268800.0,443.3335,429.71399999999994,0.012259395050412625,54.172833761386435,3.2558715001208043,4.535459665656519,0,-4.079999999999984,-0.007359332173910382,-0.2343205265661722,0,0.6276277596974228,0.13552830200690263,0,0,0,0,0,0,0,0,0,0,0,0
2021-11-30,462,464.03,455.3,455.56,433.15,148559600.0,443.1205,430.1232,-0.01946802490096211,42.54542158685663,2.242637210678481,4.076895174660911,0,-11.420000000000016,-0.029500553229064197,0.7220547868986238,0,0.608716685724338,0.26344223914896536,0,0,0,0,0,0,0,0,0,0,0,0
2021-12-01,461.64,464.67,450.29,450.5,428.34,131939200.0,442.57849999999996,430.444,-0.011104698141521374,37.674806071659205,1.039531858999453,3.4694225115286197,1,-16.82000000000005,-0.01831332799207086,-0.11187698405219182,0,0.5981396780719499,0.22931230662480545,0,0,0,0,0,0,0,0,0,0,0,0
2021-12-02,450.73,459.07,450.31,457.4,434.9,127637800.0,442.2305,430.81559999999996,0.015314936732502282,46.64584442795315,0.6083862773820101,2.8972152646992977,0,-11.450000000000045,-0.015257786309981203,-0.032601380029589344,0,0.6125648693816518,0.2204793969620163,0,0,0,0,0,0,0,0,0,0,0,0
2021-12-03,459.17,460.3,448.92,453.42,431.12,137331600.0,441.58899999999994,431.0104,-0.008691653253621423,42.821042455818684,-0.03787748345661157,2.3101967150681157,1,-5.279999999999973,-0.004481414662640515,0.07594772081624712,0,0.6042527926818542,0.24038558092285361,0,0,0,0,0,0,0,0,0,0,0,0
2021-12-06,456.13,460.79,453.56,458.79,436.23,98977500.0,441.1259999999999,431.2934,0.011852848394878546,48.91880900310439,-0.1361425099431699,1.8209288700658586,1,-5.519999999999982,0.018476131873759405,-0.2792809520896866,0,0.6154894889612103,0.16162557243780626,0,0,0,0,0,0,0,0,0,0,0,0
2021-12-07,464.41,468.88,458.65,468.28,445.25,95484700.0,441.09499999999997,431.781,0.020677165715333512,57.528745859622475,0.5079648625809909,1.5583360685688852,1,12.100000000000023,0.023838360856590635,-0.035288828269051,0,0.6353241270120502,0.15445312001064532,0,0,0,0,0,0,0,0,0,0,0,0
2021-12-08,468.7,470.0,466.83,469.52,446.43,72238800.0,441.19699999999995,432.4618,0.002650196518809711,58.51389452236299,1.1009496716802687,1.466858789191162,0,18.090000000000032,0.03518021062902177,-0.24345156868063678,0,0.6379189022781246,0.10671774670655104,0,0,0,0,0,0,0,0,0,0,0,0
2021-12-09,468.15,469.63,466.14,466.35,443.41,61272600.0,441.32649999999995,433.06840000000005,-0.0067647783527092775,54.99779177079954,1.3120807936618917,1.4359031900853079,1,8.510000000000048,0.016562583881433945,-0.15180484725659893,0,0.6312780367666462,0.08419869385304316,0,0,0,0,0,0,0,0,0,0,0,0
2021-12-10,469.23,470.9,466.51,470.74,447.59,77159800.0,441.658,433.8596,0.009426941205656014,58.69722980040134,1.795991720642803,1.507920896196807,0,16.46999999999997,0.005312359371756448,0.25928718546299656,0,0.6404696983024012,0.11682300277447907,0,0,0,0,0,0,0,0,0,0,0,0
2021-12-13,470.19,470.56,466.27,466.57,443.62,87724700.0,441.6245,434.4744,-0.008869724524676492,54.14466137317008,1.8379619144809567,1.573929099853637,0,7.389999999999986,-0.0062075616717297555,0.13692233520563812,0,0.6317398188055238,0.13851798749954566,0,0,0,0,0,0,0,0,0,0,0,0
2021-12-14,463.09,465.74,460.25,463.36,440.57,97264100.0,441.43100000000004,435.1346,-0.006875253595419517,50.87970432980846,1.6065942667531772,1.5804621332335451,1,-4.680000000000007,-0.006318036914439995,0.10874246363908902,0,0.6250329844313484,0.15810711160732713,0,0,0,0,0,0,0,0,0,0,0,0
2021-12-15,463.42,470.86,460.74,470.6,447.45,116899300.0,441.49350000000004,435.8476,0.015616133645050656,57.15576968312107,1.955846459937959,1.655538998574428,0,1.0199999999999818,-0.00012884447504535324,0.20187510088511584,0,0.6401618436098161,0.19842792525190756,0,0,0,0,0,0,0,0,0,0,0,0
2021-12-16,472.57,472.87,464.8,466.45,443.51,116568600.0,441.4129999999999,436.44759999999997,-0.008805453123253981,52.98094134825671,1.8928862527757815,1.7030084494146989,0,0.0999999999999659,-6.457307362284226e-05,-0.002828930541072583,0,0.6314979329756354,0.19774883397337395,0,0,0,0,0,0,0,0,0,0,0,0
2021-12-17,461.55,464.74,458.06,459.87,438.79,135511600.0,441.021,436.88159999999993,-0.010642375594687725,48.41827877992083,1.4454628853093823,1.6514993365936357,0,-8.799999999999955,-0.0038316950728910504,0.16250516863031716,0,0.6211188319113379,0.23664821736999264,0,0,0,0,0,0,0,0,0,0,0,0
2021-12-17,1.63 Dividend,,,,,,447.9175,431.89419999999996,0.0,48.41827877992083,1.4454628853093823,1.6102920463367851,0,0.0,-0.019447828717941706,0.0,0,0.6108496789515349,0.17837655909151676,1,1,0,0,0,0,1,0,0,0,1,1
2021-12-20,454.48,455.4,451.14,454.98,434.12,107134800.0,447.9175,431.89419999999996,-0.010642904350600557,48.41827877992083,0.5587195196394532,1.399977540997319,1,-6.449999999999989,-0.021285279945288282,-0.20940495131044135,0,0.6108496789515349,0.17837655909151676,1,1,0,0,0,0,0,0,0,0,0,0
2021-12-21,458.61,463.21,456.31,463.06,441.83,69806300.0,447.9175,431.89419999999996,0.01776006634110372,56.126699612233885,0.6117610461659524,1.2423342420310457,1,-5.6200000000000045,0.0071171619905031624,-0.3484255349335603,0,0.6278036766646142,0.10172261657340029,1,1,0,0,0,0,0,0,0,0,0,0
2021-12-22,462.79,467.81,462.58,467.69,446.25,58890200.0,447.9175,431.89419999999996,0.01000384763370521,59.83261672429581,0.9989387544569581,1.1936551445162282,1,2.740000000000009,0.017121009624208372,-0.15637700322177228,0,0.6375230891019438,0.07930644389241898,1,1,0,0,0,0,0,0,0,0,0,0
2021-12-23,468.75,472.19,468.64,470.6,449.03,56439700.0,447.9175,431.89419999999996,0.006229691876750598,62.00638489155034,1.5126655771411492,1.2574572310412124,1,10.239999999999952,0.03399360585155953,-0.04161133770983971,0,0.6436362037118479,0.0742743508230311,1,1,0,0,0,0,0,0,0,0,0,0
2021-12-27,472.06,477.31,472.01,477.26,455.38,56808600.0,447.9175,431.89419999999996,0.01414159410284399,66.47000101206552,2.40447245443346,1.4868602757196618,0,0.0,0.0303751336132998,0.006536179320584701,0,0.657599612982672,0.07503188566624563,1,1,0,0,0,0,1,0,0,0,0,0
2021-12-28,477.72,478.81,476.06,476.87,455.01,47274600.0,447.9175,431.89419999999996,-0.0008125082348807711,65.98356615909276,3.046264481321373,1.798741116840004,1,20.889999999999986,0.019558777744713818,-0.16782670229507501,0,0.6567859970094114,0.055453850439335296,1,1,0,0,0,0,0,0,0,0,0,0
2021-12-29,476.98,478.56,475.92,477.48,455.59,54503000.0,447.9175,431.89419999999996,0.001274697259400881,66.39867912810806,3.5606455339392937,2.1511220002598623,0,13.759999999999991,0.0146037831273641,0.15290240425090862,0,0.6580613950215497,0.07029734423356634,1,1,0,0,0,0,0,0,0,0,0,0
2021-12-30,477.93,479.0,475.67,476.16,454.33,55329000.0,447.9175,431.89419999999996,-0.0027656445488267734,64.55562188464206,3.822560654549477,2.4854097311177856,0,8.079999999999984,-0.0023034555243066634,0.01515512907546368,0,0.6552907027882838,0.07199353230755709,1,1,0,0,0,0,0,0,0,0,0,0
2021-12-31,475.64,476.86,474.67,474.96,453.19,65237400.0,447.9175,431.89419999999996,-0.002509189355754615,62.855646353246755,3.8932626931523373,2.766980323524696,1,4.160000000000025,-0.004000136645180508,0.17908149433389364,0,0.6527838860058052,0.09234039660819884,1,1,0,0,0,0,0,0,0,0,0,0
2022-01-03,476.3,477.85,473.85,477.71,455.81,72668200.0,447.9175,431.89419999999996,0.005781239656656112,65.12844537542153,4.113291211224123,3.036242501064582,0,0.4300000000000068,0.0005064057520747234,0.1139039875899408,0,0.6585451666813265,0.10759951808545132,1,1,0,0,0,0,0,0,0,0,0,0
2022-01-04,479.22,479.98,475.58,477.55,455.66,71178700.0,447.9175,431.89419999999996,-0.0003290844869572318,64.88366407000778,4.2268373013233145,3.2743614611163285,0,0.6500000000000341,0.002942965813944265,-0.02049727391073397,0,0.6582153223678424,0.1045408351118324,1,1,0,0,0,0,0,0,0,0,0,0
2022-01-05,477.16,477.98,468.28,468.38,446.91,104538900.0,447.9175,431.89419999999996,-0.019202914453759434,52.4903263329139,3.5696231291638014,3.333413794725823,0,-8.67999999999995,-0.013750759284060554,0.4686823445778021,0,0.6389744040812736,0.17304588763719153,1,1,0,0,0,0,0,0,0,0,0,0
2022-01-06,467.89,470.82,465.43,467.94,446.49,86858900.0,447.9175,431.89419999999996,-0.0009397865342015699,51.97712111888994,2.9805280013559923,3.2628366360518575,0,-7.839999999999975,-0.020471785474918236,-0.16912364679559477,0,0.6380508400035183,0.13674007026654178,1,1,0,0,0,0,0,0,0,0,0,0
2022-01-07,467.95,469.2,464.65,466.09,444.72,85111600.0,447.9175,431.89419999999996,-0.003964254518578181,49.76872506683933,2.343823522288858,3.0790340132992577,0,-8.46999999999997,-0.024106955506539185,-0.020116533826700533,0,0.6341586771044068,0.13315199590614946,1,1,0,0,0,0,0,0,0,0,0,0
2022-01-10,462.7,465.74,456.6,465.51,444.17,119362000.0,447.9175,431.89419999999996,-0.0012367332254002994,49.0710325836417,1.7743960982642761,2.8181064302922616,1,-11.639999999999986,-0.00614077427818005,0.40241753180530027,0,0.6329492479549652,0.20348507097807833,1,1,0,0,0,0,0,0,0,0,0,0
2022-01-11,465.23,469.85,462.05,469.75,448.22,74303100.0,447.9175,431.89419999999996,0.009118130445550099,54.166326198295025,1.6311193860141202,2.5807090214366335,1,-7.439999999999998,0.003917142701571619,-0.377497863641695,0,0.6418550444190342,0.11095677944400761,1,1,0,0,0,0,0,0,0,0,0,0
2022-01-12,471.59,473.2,468.94,471.02,449.43,67605400.0,447.9175,431.89419999999996,0.00269956717683284,55.59569548787766,1.59680151304309,2.3839275197579246,0,2.519999999999982,0.01058096439698264,-0.09014024986844427,0,0.6445157885478053,0.09720307621983337,1,1,0,0,0,0,0,0,0,0,0,0
2022-01-13,472.19,472.88,463.44,464.53,443.23,91173100.0,447.9175,431.89419999999996,-0.013795251763344618,47.43303563104351,1.0571302278030998,2.1185680613669597,1,-3.259999999999991,-0.0019775541409616793,0.3486067680984064,0,0.6308822235904653,0.14559926468398846,1,1,0,0,0,0,0,0,0,0,0,0
2022-01-14,461.19,465.09,459.9,464.72,443.42,95890900.0,447.9175,431.89419999999996,0.0004286713444487944,47.686519741036236,0.6374204718139254,1.822338543456353,0,-1.3000000000000114,-0.010667013242062984,0.05174552581847047,0,0.631300026387545,0.15528725027172893,1,1,0,0,0,0,0,0,0,0,0,0
2022-01-18,459.74,459.96,455.31,456.49,435.56,109709100.0,447.9175,431.89419999999996,-0.01772585810292726,39.25371194799011,-0.32568455606150337,1.392733923552782,0,-8.610000000000014,-0.031092438521823085,0.14410335078719672,0,0.6140161843609816,0.18366287502235745,0,1,0,0,0,0,0,0,0,0,0,0
2022-01-19,458.13,459.61,451.46,451.75,431.04,109357600.0,447.7634999999999,431.89419999999996,-0.010377445128110896,35.37913446862137,-1.4371123180030736,0.826764675241611,0,-17.180000000000007,-0.027674631886589363,-0.0032039274773013604,0,0.6040768757146626,0.18294107101750545,0,1,0,0,0,0,0,0,0,0,0,0
2022-01-20,453.75,458.74,444.5,446.75,426.27,122379700.0,446.98549999999994,431.89419999999996,-0.011066258351893232,31.810672321448465,-2.6720245267265454,0.1270068348479797,0,-23.160000000000025,-0.03916956158293139,0.11907814363153535,0,0.5935878265458703,0.20968190723822594,0,1,0,0,0,0,0,0,0,0,0,0
2022-01-21,445.56,448.06,437.95,437.98,417.9,202271200.0,445.5679999999999,431.89419999999996,-0.0196354423252868,26.718158911679197,-4.276790222715249,-0.7537525766646661,1,-25.33000000000004,-0.04107914580529093,0.6528166027535613,0,0.5751825138534611,0.37373881948184945,0,1,0,0,0,0,0,0,0,0,0,0
2022-01-24,432.03,440.38,420.76,439.84,419.68,251783900.0,444.1005,431.89419999999996,0.004259392199090772,29.309931909477413,-5.343352631564358,-1.6716725876446046,0,-23.74000000000001,-0.02644230847808926,0.24478373589517433,0,0.5790966663734717,0.47541297353885,0,1,0,0,0,0,0,0,0,0,0,0
2022-01-25,433.06,439.72,427.15,434.47,414.55,167997300.0,442.059,431.89419999999996,-0.012223598932520008,26.410822763094657,-6.527316312211781,-2.64280133255804,0,-21.00999999999999,-0.027599649058716036,-0.33277187302285804,0,0.5678159908523177,0.30335748724316663,0,1,0,0,0,0,0,0,0,0,0,0
2022-01-26,440.72,444.04,428.86,433.38,413.51,186391100.0,439.98400000000004,431.89419999999996,-0.002508744421662046,25.852540737866036,-7.463500776397552,-3.6069412213259424,0,-17.53000000000003,-0.010472951155091281,0.10948866440115412,0,0.5655290702788283,0.3411290903852626,0,1,0,0,0,0,0,0,0,0,0,0
2022-01-27,438.26,441.59,429.45,431.24,411.47,149878300.0,437.7780000000001,431.89419999999996,-0.004933375250900762,24.74748472779895,-8.27465953578644,-4.540484884218042,1,-14.799999999999955,-0.019665718605082816,-0.19589347345447283,0,0.5610431876154455,0.2661501849276235,0,1,0,0,0,0,0,0,0,0,0,0
2022-01-28,432.68,442.0,427.82,441.95,421.69,164457400.0,436.1460000000001,431.89419999999996,0.024837776751646556,38.84963993281127,-8.00061401068325,-5.232510709511084,1,3.7900000000000205,0.01739565707908375,0.09727292076304583,0,0.5835165801741578,0.296088315132852,0,1,0,0,0,0,0,0,0,0,0,0
2022-01-31,441.24,450.28,439.81,449.91,429.28,152251400.0,434.95050000000003,431.89419999999996,0.017999004007683395,46.82016638182934,-7.089260804284152,-5.603860728465698,1,9.599999999999966,0.03790340550842919,-0.074219828356766,0,0.6002067024364499,0.2710233373711919,0,1,0,0,0,0,0,0,0,0,0,0
2022-02-01,450.68,453.63,446.94,452.95,432.19,123155400.0,433.76950000000005,431.89419999999996,0.006778792396570976,49.53601422285599,-6.062311587825718,-5.695550900337702,1,17.639999999999986,0.04961557315590093,-0.19110497506098467,0,0.6066056821180402,0.2112748044403986,0,1,0,0,0,0,0,0,0,0,0,0
2022-02-02,455.5,458.12,453.05,457.35,436.38,117361000.0,432.80549999999994,431.89419999999996,0.009694810152941935,53.23896779372965,-4.8543905596851005,-5.5273188322071825,0,22.870000000000005,0.034472606557196306,-0.04704950006252262,0,0.6158193332746943,0.19937602456638884,0,1,0,0,0,0,0,0,0,0,0,0
2022-02-03,450.95,452.97,445.71,446.6,426.13,118024400.0,431.7665,431.89419999999996,-0.023488702506989312,44.61441731287676,-4.670356813310661,-5.355926428427879,1,14.659999999999968,-0.007015099957476401,0.005652644404870344,0,0.5932799718532852,0.20073831411637125,0,1,0,0,0,0,0,0,0,0,0,0
2022-02-04,446.35,452.78,443.83,448.7,428.13,118454400.0,430.84849999999994,431.89419999999996,0.00469340342149116,46.43771163176149,-4.313403230671838,-5.147421788876671,0,6.439999999999998,-0.009100488932556217,0.003643314433286582,0,0.5976778960330723,0.20162131759314608,0,1,0,0,0,0,0,0,0,0,0,0
2022-02-07,449.51,450.99,445.85,447.26,426.76,84472900.0,429.95050000000003,431.89419999999996,-0.0031999626281736804,45.33671657637081,-4.093870899764852,-4.9367116110543074,1,-2.519999999999982,-0.021995261713671832,-0.2868741051408812,0,0.5946653179699182,0.13184042771867016,0,1,0,0,0,0,0,0,0,0,0,0
2022-02-08,446.73,451.92,445.22,450.94,430.27,81012000.0,429.25550000000004,431.89419999999996,0.008224763333020801,48.6930274508872,-3.5952188353816723,-4.66841305591978,1,-1.920000000000016,0.009718204126338281,-0.04097053611276513,0,0.6023836749054445,0.12473348182850719,0,1,0,0,0,0,0,0,0,0,0,0
2022-02-09,455.22,457.88,455.01,457.54,436.57,92589900.0,428.67299999999994,431.89419999999996,0.014641968996211618,54.136228177444764,-2.6610017611740773,-4.266930796970639,0,0.18999999999999773,0.01966676970105874,0.14291586431639747,0,0.616237136071774,0.14850865846513872,0,1,0,0,0,0,0,0,0,0,0,0
2022-02-10,451.34,457.71,447.2,449.32,428.72,140103700.0,427.6375,431.89419999999996,-0.01798107978102015,47.389762930417334,-2.5249513268384476,-3.918534902944201,0,2.590000000000032,0.0048856525482122715,0.5131639628080384,0,0.5989752836661096,0.24607807845301077,0,1,0,0,0,0,0,0,0,0,0,0
2022-02-11,449.41,451.61,438.94,440.46,420.27,153214600.0,426.4895,431.89419999999996,-0.01970983392423975,41.40781842949424,-3.0636588061842076,-3.7475596835922027,0,-7.860000000000014,-0.02304894470904828,0.09357996969387683,0,0.5803940540065088,0.27300126515916756,0,1,0,0,0,0,0,0,0,0,0,0
2022-02-14,439.92,441.6,435.34,439.02,418.89,123006300.0,425.26300000000003,431.89419999999996,-0.0032836033978156376,40.50850491733626,-3.5608950500456444,-3.7102267568828915,1,-7.8700000000000045,-0.040974517103075536,-0.19716332516613955,0,0.5773594863224557,0.2109686281185681,0,1,0,0,0,0,0,0,0,0,0,0
2022-02-15,443.73,446.28,443.18,446.1,425.65,88482700.0,424.76750000000004,431.89419999999996,0.01613788822841311,46.623942700962296,-3.370628345947921,-3.6423070746958977,1,-4.6200000000000045,-0.006855549093642277,-0.2806652992570299,0,0.5922244700501362,0.14007453781441856,0,1,0,0,0,0,0,0,0,0,0,0
2022-02-16,443.93,448.06,441.94,446.6,426.13,84863600.0,424.52199999999993,431.89419999999996,0.0011276870668390782,47.04023458722655,-3.1448566735527947,-3.5428169944672776,0,-10.439999999999998,0.013981971897436551,-0.04090178080008855,0,0.5932799718532852,0.1326427287846607,0,1,0,0,0,0,0,0,0,0,0,0
2022-02-17,443.22,446.57,436.42,437.06,417.02,102259100.0,424.0595,431.89419999999996,-0.021378452584892016,40.572591741331685,-3.65885485986945,-3.5660245675477125,0,-11.700000000000045,-0.004112877289639827,0.20498187679994717,0,0.5732474272143547,0.16836432641311871,0,1,0,0,0,0,0,0,0,0,0,0
2022-02-18,437.33,438.66,431.82,434.23,414.32,132642900.0,423.8804999999999,431.89419999999996,-0.006474509615845725,38.866952757750596,-4.235248255304214,-3.699869305099013,0,-5.949999999999989,-0.026725275133898663,0.2971256347845814,0,0.5673102295716421,0.2307573520820298,0,1,0,0,0,0,0,0,0,0,0,0
2022-02-22,431.89,435.5,425.86,429.57,409.88,124391800.0,423.3905,431.89419999999996,-0.01071635450859243,36.17384964955339,-4.9927616191884,-3.95844776791689,0,-9.009999999999991,-0.03856931670933017,-0.062205364930953744,0,0.5575468378925147,0.21381374746059495,0,1,0,0,0,0,0,0,0,0,0,0
2022-02-23,432.66,433.26,421.35,421.95,402.61,132578000.0,422.79350000000005,431.89419999999996,-0.017736898604469586,32.2352676371689,-6.109300447084081,-4.388618303750329,1,-23.039999999999964,-0.03492776272890774,0.06580980418323401,0,0.5415603834989885,0.23062408016193053,0,1,0,0,0,0,0,0,0,0,0,0
2022-02-24,411.02,428.76,410.64,428.3,408.67,213942900.0,422.5514999999999,431.89419999999996,0.015051787089242596,38.26881434439084,-6.431041119115378,-4.797102866823339,1,-17.45999999999998,-0.01340146602381942,0.6137134366184436,0,0.5548860937637435,0.3977066140862054,0,1,0,0,0,0,0,0,0,0,0,0
2022-02-25,429.61,437.84,427.86,437.75,417.68,121804500.0,422.86199999999997,431.89419999999996,0.022047128489979695,45.97129102188963,-5.8910824875830485,-5.015898790975282,0,0.660000000000025,0.019362016974752705,-0.4306681829590979,0,0.5746987421936846,0.20850073607580522,0,1,0,0,0,0,0,0,0,0,0,0
2022-02-28,432.03,438.2,430.7,436.63,416.61,145615000.0,422.608,431.89419999999996,-0.002561769775904943,45.24921897774101,-5.486259257891504,-5.1099708843585265,0,2.2900000000000205,0.03453714580331735,0.19548128353221772,0,0.5723458527574984,0.2573955134798695,0,1,0,0,0,0,0,0,0,0,0,0
2022-03-01,435.04,437.17,427.11,429.98,410.27,137785900.0,421.65749999999997,431.89419999999996,-0.01521806965747352,41.12717282119098,-5.612323573570279,-5.210441422200877,1,0.38999999999998636,0.004267289056601231,-0.0537657521546544,0,0.5584044331075732,0.24131848436354858,0,1,0,0,0,0,0,0,0,0,0,0
2022-03-02,432.37,439.72,431.57,437.89,417.82,117726500.0,420.93899999999996,431.89419999999996,0.018402515416676923,47.28564567621542,-5.044854606383296,-5.177324059037361,0,15.20999999999998,0.0006226759832984596,-0.14558383695283772,0,0.5750065968862696,0.20012657752164745,0,0,0,0,0,0,0,0,0,0,0,0
2022-03-03,440.47,441.11,433.8,435.71,415.74,105501700.0,419.907,431.52660000000003,-0.004978220286247614,45.86228521648749,-4.708691118058653,-5.08359747084162,0,7.069999999999993,-0.0017937745270442118,-0.10384068157976323,0,0.570432755739291,0.17502299402658417,0,0,0,0,0,0,0,0,0,0,0,0
2022-03-04,431.75,433.37,427.88,432.17,412.36,113978200.0,419.21850000000006,430.9372,-0.008130081300813052,43.56727803189513,-4.661284497655572,-4.99913487620441,0,-5.319999999999993,0.005294213829616257,0.08034467691041947,0,0.5630002638754508,0.19242945674956563,0,0,0,0,0,0,0,0,0,0,0,0
2022-03-07,431.55,432.3,419.36,419.43,400.2,137896600.0,417.822,430.0162,-0.029488796197497447,36.49221734462229,-5.541050997366426,-5.107518100436813,0,-16.410000000000025,-0.04259709778455811,0.2098506556516948,0,0.5362608848623449,0.24154580642140666,0,0,0,0,0,0,0,0,0,0,0,0
2022-03-08,419.62,427.21,415.12,416.25,397.17,164772700.0,416.34250000000003,428.97900000000004,-0.007571214392803505,34.96837872397303,-6.408890266400704,-5.367792533629592,1,-13.099999999999966,-0.045190091891114004,0.19490038188033632,0,0.5295980297299674,0.2967357825659383,0,0,0,0,0,0,0,0,0,0,0,0
2022-03-09,425.14,429.51,422.82,427.41,407.82,116990800.0,415.21999999999997,428.0278,0.02681471410227343,43.84449041941358,-6.166212881554031,-5.527476603214479,0,-10.0,-0.010245296488027522,-0.289986751446083,0,0.5530169759873339,0.1986158201777794,0,0,0,0,0,0,0,0,0,0,0,0
2022-03-10,422.52,426.43,420.44,425.48,405.97,93972700.0,413.68999999999994,427.047,-0.0045363150409493125,42.752873419728544,-6.053389142639389,-5.6326591110994615,0,-9.769999999999982,0.014707184668520612,-0.1967513684836757,0,0.5489488961210309,0.15134823336673003,0,0,0,0,0,0,0,0,0,0,0,0
2022-03-11,428.12,428.77,419.53,420.07,400.81,95636300.0,412.29449999999997,425.9514,-0.012710298790551078,39.77804861409654,-6.307633915368513,-5.767654071953272,0,-11.550000000000011,0.009568100270773039,0.01770301374760974,0,0.53760225173718,0.1547644300736199,0,0,0,0,0,0,0,0,0,0,0,0
2022-03-14,420.89,424.55,415.79,417.0,397.88,95729200.0,411.175,424.82239999999996,-0.007310196851376016,38.15457473772581,-6.668678863627861,-5.94785903028819,1,-2.319999999999993,-0.024556810682876407,0.000971388479060753,0,0.5311592928137918,0.15495519989453244,0,0,0,0,0,0,0,0,0,0,0,0
2022-03-15,419.77,426.84,418.42,426.17,406.63,106219100.0,410.562,423.8912,0.02199155524278673,45.33041443279612,-6.17754679900338,-5.993796584031228,1,9.45999999999998,0.001971059600859637,0.10957889546763155,0,0.5504002111003605,0.17649617238527784,0,0,0,0,0,0,0,0,0,0,0,0
2022-03-16,429.89,435.68,424.8,435.62,415.65,144954800.0,410.062,423.08799999999997,0.022182327914811895,51.568816959259,-5.002813166616647,-5.7955999005483125,1,7.829999999999984,0.03686368630622261,0.3646773508719241,0,0.5702348491512005,0.25603979511855146,0,0,0,0,0,0,0,0,0,0,0,0
2022-03-17,433.59,441.07,433.19,441.07,420.85,102676900.0,409.79799999999994,422.3918,0.012510525682665863,54.77292810690658,-3.610610882933429,-5.3586020970253365,1,14.879999999999995,0.05668440884026449,-0.2916626424237072,0,0.5816694520186472,0.16922227723311067,0,0,0,0,0,0,0,0,0,0,0,0
2022-03-18,438,444.86,437.22,444.52,425.46,106345500.0,410.21999999999997,421.9628,0.010954021622905818,57.45990083336323,-2.110958257450079,-4.709073329110285,0,24.649999999999977,0.045646875220383576,0.03572955552806922,0,0.5918066672530564,0.17675573433752048,0,0,0,0,0,0,0,0,0,0,0,0
2022-03-18,1.37 Dividend,,,,,,429.25199999999995,407.645,0.0,57.45990083336323,-2.110958257450079,-4.189450314778243,0,0.0,0.02346454730557168,0.0,0,0.5915427918022692,0.1398016281352014,1,1,0,0,0,0,1,0,0,0,1,1
2022-03-21,444.34,446.46,440.68,444.39,425.34,88349800.0,429.25199999999995,407.645,-0.00028204766605555154,57.45990083336323,-0.6824853822033106,-3.488057328263257,1,18.70999999999998,0.010671973956850267,-0.1692191959227236,0,0.5915427918022692,0.1398016281352014,1,1,0,0,0,0,0,0,0,0,0,0
2022-03-22,445.86,450.58,445.86,449.59,430.31,74650400.0,429.25199999999995,407.645,0.01168476983119393,60.61091390445951,0.614876661372989,-2.667470530336008,0,14.660000000000025,0.01140272216513838,-0.15505864189845364,0,0.6024716333890403,0.11166995876373764,1,1,0,0,0,0,0,0,0,0,0,0
2022-03-23,446.91,448.49,443.71,443.8,424.77,79426100.0,429.25199999999995,407.645,-0.012874439357672407,55.66159526062378,1.1823839415381485,-1.8974996359611767,1,3.919999999999959,-0.0014717171925340278,0.06397420509468144,0,0.5902893834110299,0.12147684179637405,1,1,0,0,0,0,0,0,0,0,0,0
2022-03-24,445.94,450.5,444.76,450.49,431.17,64736900.0,429.25199999999995,407.645,0.015066977423076056,59.75052540372868,2.124079002162887,-1.0931839083363641,1,5.710000000000036,0.01387730789659758,-0.18494172570477463,0,0.6043627407863488,0.09131262163116205,1,1,0,0,0,0,0,0,0,0,0,0
2022-03-25,451.16,452.98,448.43,452.69,433.28,77101300.0,429.25199999999995,407.645,0.00489366143284542,61.02662567476158,3.005987337385534,-0.2733496591919846,1,0.0,0.007086199498249068,0.19099462593976546,0,0.6090025507960242,0.11670287323170853,1,1,0,0,0,0,1,0,0,0,0,0
2022-03-28,452.06,455.91,450.06,455.91,436.36,68529800.0,429.25199999999995,407.645,0.007108567208271799,62.87684173642718,3.908382901022833,0.562996852850979,1,11.020000000000039,0.027069206064193274,-0.11117192576519463,0,0.6157753540328964,0.09910132834525354,1,1,0,0,0,0,0,0,0,0,0,0
2022-03-29,460.02,462.07,457.18,461.55,441.76,86581500.0,429.25199999999995,407.645,0.012375103125859432,65.93067740416936,5.00161722693781,1.4507209276683453,0,11.449999999999989,0.02437733176697665,0.26341387250510007,0,0.6276497493183216,0.13617043034919912,1,1,0,0,0,0,0,0,0,0,0,0
2022-03-30,460.34,461.2,456.47,458.7,439.03,79666900.0,429.25199999999995,407.645,-0.006179826149945722,63.104405155206685,5.583363582262223,2.2772494585871206,0,14.259999999999991,0.01330384418418551,-0.07986232624752398,0,0.6216465828129122,0.12197132374336797,1,1,0,0,0,0,0,0,0,0,0,0
2022-03-31,457.89,458.76,451.16,451.64,432.27,121699900.0,429.25199999999995,407.645,-0.015397581030909047,56.6307775482164,5.436260429513368,2.90905165277237,1,1.099999999999966,-0.009202304054995336,0.5276093333617851,0,0.6067815990852317,0.20828594034633863,1,1,0,0,0,0,0,0,0,0,0,0
2022-04-01,453.31,453.46,449.14,452.92,433.5,89048800.0,429.25199999999995,407.645,0.0028454438198348697,57.4853902276683,5.357176643974981,3.3986766510128925,1,0.22000000000002728,-0.0187319633610199,-0.2682919213573717,0,0.6094863224558008,0.14123702215907494,1,1,0,0,0,0,0,0,0,0,0,0
2022-04-04,453.13,456.91,452.26,456.8,437.21,59601000.0,429.25199999999995,407.645,0.00855824682814288,60.042998718829686,5.530120383009319,3.8249653974121784,0,0.8499999999999659,-0.003993890382931298,-0.33069283359236734,0,0.6176444718093059,0.08076606917449239,1,1,0,0,0,0,0,0,0,0,0,0
2022-04-05,455.22,457.83,449.82,451.03,431.69,74214500.0,429.25199999999995,407.645,-0.012625511767800357,54.764118353214194,5.162254419198462,4.092423201769435,0,-10.069999999999993,-0.001221821119822608,0.24518883911343758,0,0.6055062010730934,0.11077483965786286,1,1,0,0,0,0,0,0,0,0,0,0
2022-04-06,446.89,448.93,443.47,446.52,427.37,106898000.0,429.25199999999995,407.645,-0.010007181079014993,50.98612811755733,4.470595850182008,4.16805773145195,1,-11.659999999999968,-0.01407444601867247,0.44039237615290805,0,0.5960066848447533,0.1778902911303533,1,1,0,0,0,0,0,0,0,0,0,0
2022-04-07,445.59,450.69,443.53,448.77,429.53,78097200.0,429.25199999999995,407.645,0.005054168519081692,52.7416177511755,4.050058841976181,4.144457953556796,0,-2.740000000000009,-0.017578524327733658,-0.26942318846002733,0,0.6007564429589233,0.11874795035384825,1,1,0,0,0,0,0,0,0,0,0,0
2022-04-08,447.97,450.63,445.94,447.57,428.38,79272700.0,429.25199999999995,407.645,-0.0026773450050053826,51.68032962438602,3.5826858715360004,4.032103537152637,0,-5.1200000000000045,-0.0076303575649386834,0.01505175601686104,0,0.5982276365555457,0.12116183543977577,1,1,0,0,0,0,0,0,0,0,0,0
2022-04-11,444.11,445.0,439.39,439.92,421.06,89770500.0,429.25199999999995,407.645,-0.01708763247583922,45.415847101930005,2.59175051439297,3.744032932600704,0,-16.149999999999977,-0.014710808961762911,0.13242642170633778,0,0.5821312340575248,0.14271903055253635,1,1,0,0,0,0,0,0,0,0,0,0
2022-04-12,443.08,445.75,436.65,438.29,419.5,84363600.0,429.25199999999995,407.645,-0.0037049351636346817,44.186573783276295,1.661396596239399,3.3275056653284434,1,-12.189999999999998,-0.023469912644479285,-0.06023025381389213,0,0.5787008531972908,0.13161598055585275,1,1,0,0,0,0,0,0,0,0,0,0
2022-04-13,438.03,444.11,437.84,443.31,424.3,74070400.0,429.25199999999995,407.645,0.011442193087008334,48.78043862697162,1.2964595196662572,2.9212964361960063,0,-3.069999999999993,-0.009350374552465568,-0.12200996638360617,0,0.58925587122878,0.11047893081832039,1,1,0,0,0,0,0,0,0,0,0,0
2022-04-14,443.55,444.73,437.68,437.79,419.02,97869500.0,429.25199999999995,407.645,-0.012444025453688501,44.446757229556944,0.5745691090215814,2.4519509707611213,1,-10.509999999999991,-0.004706767530314848,0.3213037866678188,0,0.5776453513941419,0.15935029836276782,1,1,0,0,0,0,0,0,0,0,0,0
2022-04-18,436.81,439.75,435.61,437.97,419.19,66002500.0,429.25199999999995,407.645,0.00040570855806398853,44.6173594264535,0.015998911405119998,1.964760558889921,1,-9.189999999999998,-0.000596123808616178,-0.3256070583787595,0,0.5780191749494238,0.09391152674792078,0,1,0,0,0,0,0,0,0,0,0,0
2022-04-19,437.86,445.8,437.68,445.04,425.96,77821000.0,429.283,407.645,0.016150194422576813,51.06261829208314,0.11824734448163099,1.5954579160082631,0,4.899999999999977,0.004111877526952301,0.17906139918942454,0,0.5929061482980033,0.11818077463225471,0,1,0,0,0,0,0,0,0,0,0,0
2022-04-20,446.92,447.57,443.48,444.71,425.64,65224400.0,429.04949999999997,407.645,-0.0007512442482862092,50.761906386126256,0.1714819020830305,1.3106627132232167,0,6.139999999999986,0.015804658732354593,-0.16186633427995012,0,0.5922024804292373,0.09231370115424983,0,1,0,0,0,0,0,0,0,0,0,0
2022-04-21,448.54,450.01,437.1,438.06,419.28,85417300.0,428.775,407.645,-0.014942204680011284,45.079660758130885,-0.2961147482529327,0.989307220927987,0,-5.020000000000039,0.0004567454942793203,0.30959119593281037,0,0.5782170815375142,0.13377974977324267,0,1,0,0,0,0,0,0,0,0,0,0
2022-04-22,436.91,438.08,425.44,426.04,407.77,132471800.0,427.605,407.645,-0.027451822171341345,37.00620421777075,-1.577267511356581,0.47599227447107334,1,-11.25,-0.04314527109963884,0.5508778666616716,0,0.5529070278828392,0.23040599883813173,0,1,0,0,0,0,0,0,0,0,0,0
2022-04-25,423.67,428.69,418.84,428.51,410.14,119647700.0,426.448,407.645,0.00581209995830978,39.41234333771172,-2.373985288587562,-0.09400323814065376,0,-9.050000000000011,-0.03658192689304285,-0.09680626367272127,0,0.558118568035887,0.2040717549160192,0,1,0,0,0,0,0,0,0,0,0,0
2022-04-26,425.83,426.04,416.07,416.1,398.26,103996300.0,424.543,407.645,-0.028965719022772674,32.674965911696916,-3.9188327176022995,-0.8589691340329829,1,-27.69999999999999,-0.05060544123580424,-0.13081237666917123,0,0.5319948984079513,0.17193166045928912,0,1,0,0,0,0,0,0,0,0,0,0
2022-04-27,417.24,422.92,415.01,417.27,399.38,122030000.0,422.424,407.645,0.0028122332144830953,33.82351245056073,-4.995179475746568,-1.6862112023756999,1,-26.25999999999999,-0.0203413858499798,0.17340713083061599,0,0.5344577359486322,0.20896379952699762,0,1,0,0,0,0,0,0,0,0,0,0
2022-04-28,422.29,429.64,417.6,427.81,409.47,105449100.0,420.946,407.645,0.02526415944714322,43.221108104383646,-4.976645688244275,-2.344298099549415,0,-9.809999999999945,-0.0008893263611463587,-0.13587560435958368,0,0.5566452634356583,0.17491498011291357,0,1,0,0,0,0,0,0,0,0,0,0
2022-04-29,423.59,425.87,411.21,412.0,394.33,145491100.0,419.049,407.645,-0.0369746257357072,35.154161559711284,-6.113160291332235,-3.098070537905979,1,-13.439999999999998,-0.008898233074080886,0.37972822906975967,1,0.5233529773946696,0.2571410852687709,0,1,0,0,0,0,0,0,0,0,0,0
2022-05-02,412.07,415.92,405.02,414.48,396.71,158312500.0,417.20950000000005,407.645,0.00603555397763289,37.14035246419299,-6.744068766215037,-3.8272701835677907,1,-13.430000000000007,-0.005674912310931091,0.08812497809144348,0,0.5285865071686163,0.2834697847504478,0,1,0,0,0,0,0,0,0,0,0,0
2022-05-03,415.01,418.93,413.36,416.38,398.53,100028200.0,415.2755,407.645,0.00458773411308,38.686927768560466,-7.016329608174942,-4.465082068489221,1,0.2699999999999818,-0.02635133764499431,-0.3681598105013818,0,0.5325886181722226,0.16378318116582333,0,1,0,0,0,0,0,0,0,0,0,0
2022-05-04,417.08,429.66,413.71,429.06,410.66,144247900.0,414.224,407.645,0.03043685544375596,47.889306061929204,-6.182045884831041,-4.808474831757585,0,11.28000000000003,0.04106014353446885,0.4420723356013605,0,0.5592620283226317,0.25458817847266274,0,1,0,0,0,0,0,0,0,0,0,0
2022-05-05,424.55,425.0,409.44,413.81,396.07,172929100.0,412.659,407.645,-0.03552817415867149,40.0944148499902,-6.6218287695634785,-5.171145619318764,0,-13.400000000000034,-0.0005035846018355272,0.19883270397697306,1,0.5271791714310845,0.31348492107283693,0,1,0,0,0,0,0,0,0,0,0,0
2022-05-06,411.1,414.8,405.73,411.34,393.7,151770800.0,410.8675,407.645,-0.005983790744060413,38.984371873997596,-7.0799854026779485,-5.552913575990601,0,-0.6299999999999955,-0.01107510945897594,-0.12235245542826512,0,0.5219676312780367,0.27003642697366165,0,1,0,0,0,0,0,0,0,0,0,0
2022-05-09,405.1,406.41,396.5,398.17,381.1,155586100.0,408.50350000000003,407.645,-0.03200406400812794,33.65037555693034,-8.36338464055757,-6.115007788903995,1,-15.609999999999957,-0.07351602891085984,0.025138564203391,0,0.49426070894537777,0.27787113200840374,0,1,0,0,0,0,0,0,0,0,0,0
2022-05-10,404.49,406.08,394.82,399.09,381.98,132497200.0,406.54949999999997,407.645,0.0023091052217265595,34.32622654222175,-9.203388207095031,-6.732683872542203,0,-16.549999999999955,-0.035678749530461795,-0.1483995035546235,0,0.4961957955844841,0.23045815764815514,0,1,0,0,0,0,0,0,0,0,0,0
2022-05-11,398.07,404.04,391.96,392.75,375.91,142361000.0,404.37,407.645,-0.01589088433949415,31.911590727217842,-10.240845266837027,-7.434316151401168,0,-34.75,-0.04558584312589553,0.07444534676959202,0,0.48284809569883014,0.25071343600678725,0,1,0,0,0,0,0,0,0,0,0,0
2022-05-12,389.37,395.8,385.15,392.34,375.52,125090800.0,401.931,407.645,-0.0010374823761007956,31.757020472724037,-10.968074071286367,-8.141067735378208,1,-20.55000000000001,-0.014619261493868385,-0.12131271907334173,0,0.48199050048377157,0.2152491414844685,0,1,0,0,0,0,0,0,0,0,0,0
2022-05-13,396.71,403.18,395.61,401.72,384.49,104174400.0,400.2045,407.645,0.023886876864081863,39.06739659399012,-10.697292375954191,-8.652312663493404,0,-9.20999999999998,0.006958510148486918,-0.16720973884570245,0,0.5017151904301169,0.17229738817839052,0,1,0,0,0,0,0,0,0,0,0,0
2022-05-16,399.98,403.97,397.6,400.09,382.93,78622400.0,398.3915,407.645,-0.004057322687196052,38.298998986879994,-10.487679453674502,-9.019386021529623,1,1.829999999999984,0.018792071800785015,-0.2452809903392772,0,0.49828480956988297,0.11982644669338813,0,1,0,0,0,0,0,0,0,0,0,0
2022-05-17,406.53,408.57,402.58,408.32,390.81,83029700.0,396.63399999999996,407.645,0.020578173556524693,44.26254990178583,-9.575331101989036,-9.130575037621506,0,8.829999999999984,0.0404077277334105,0.05605654368220758,0,0.5156126308382443,0.12887682163103883,0,1,0,0,0,0,0,0,0,0,0,0
2022-05-18,403.5,403.8,390.55,391.86,375.06,117674500.0,394.105,407.645,-0.040300913487372414,36.63989925028439,-10.007817936400784,-9.306023617377363,0,-0.8500000000000227,-0.023780062618043774,0.4172579209608127,1,0.4809789779224206,0.20001979570585143,0,1,0,0,0,0,0,0,0,0,0,0
2022-05-19,388.62,394.14,387.11,389.46,372.76,98510700.0,391.779,407.645,-0.006132352156988263,35.67373680582109,-10.416087474057917,-9.528036388713474,1,-2.759999999999991,-0.025855092087835985,-0.16285431423120555,0,0.4759213651156653,0.16066700029139117,0,1,0,0,0,0,0,0,0,0,0,0
2022-05-20,393.25,397.03,380.54,389.63,372.92,131432200.0,390.03650000000005,407.645,0.0004292306041422389,35.8005615341622,-10.604491385623362,-9.743327388095452,1,-11.569999999999993,-0.04600403504021844,0.3341921232921905,0,0.4762731990500484,0.2282711839207942,0,1,0,0,0,0,0,0,0,0,0,0
2022-05-23,392.83,397.73,390.38,396.92,379.9,76414900.0,388.5245,407.645,0.018717151131609988,41.243020952952484,-10.0744432663584,-9.809550563748042,0,-3.0300000000000296,0.013014029578763964,-0.4185983343503342,0,0.49162195443750545,0.11529335326320095,0,1,0,0,0,0,0,0,0,0,0,0
2022-05-24,392.56,395.15,386.96,393.89,377.0,91448800.0,387.4615,407.645,-0.007633587786259444,39.735812482513964,-9.775693961904551,-9.802779243379344,1,-13.810000000000002,0.011512793949492783,0.19674042627812116,0,0.4852449643768141,0.14616541365735317,0,1,0,0,0,0,0,0,0,0,0,0
2022-05-25,392.31,399.45,391.89,397.37,380.33,91472900.0,386.509,407.645,0.008832891246684405,42.34147005689283,-9.164586171099927,-9.675140628923462,1,5.269999999999982,0.01991645459203495,0.00026353544278334695,0,0.4925675081361597,0.14621490292198172,0,1,0,0,0,0,0,0,0,0,0,0
2022-05-26,398.67,407.04,398.45,405.31,387.93,82168300.0,385.432,407.645,0.019982646648962765,47.88025335681474,-7.975090481197697,-9.33513059937831,1,15.170000000000016,0.021181950109387726,-0.10171974431771591,0,0.5092796200193508,0.12710793978244847,0,1,0,0,0,0,0,0,0,0,0,0
2022-05-27,407.91,415.38,407.7,415.26,397.45,84768700.0,385.588,407.645,0.02454050988580403,53.859435111729475,-6.192834992172379,-8.706671477937125,0,24.529999999999973,0.0533560477814512,0.03164724108932515,0,0.5302137391151376,0.13244785197083295,0,1,0,0,0,0,0,0,0,0,0,0
2022-05-31,413.55,416.46,410.03,412.93,395.22,95937000.0,385.5135,407.645,-0.0056107686501445375,52.34460481394298,-4.9037990963015545,-7.946097001610011,0,15.32000000000005,0.03891238788462226,0.1317502804690882,0,0.525310053654675,0.15538191645842503,0,0,0,0,0,0,0,0,0,0,0,0
2022-06-01,415.17,416.24,406.93,409.59,392.03,86585800.0,385.18850000000003,406.9788,-0.008071453873791934,50.17078478239144,-4.092459871943504,-7.17536957567671,1,15.029999999999973,0.010858287361867558,-0.09747229952989978,0,0.5182953645879144,0.13617926038396688,0,0,0,0,0,0,0,0,0,0,0,0
2022-06-02,409.42,417.44,407.04,417.39,399.49,79609600.0,384.63,406.3624,0.019029155931943986,54.888893742371074,-2.8150578030368933,-6.303307221148747,0,19.160000000000025,0.005346933408007515,-0.08056979319934676,0,0.5346996217785205,0.1218536583963466,0,0,0,0,0,0,0,0,0,0,0,0
2022-06-03,412.4,414.04,409.51,410.54,392.94,71874300.0,384.4735,405.72579999999994,-0.016395904778592763,50.37848235374438,-2.30467090798993,-5.503579958516984,1,5.009999999999991,-0.00543820272044071,-0.09716541723611227,0,0.5202964200897175,0.10596924724775003,0,0,0,0,0,0,0,0,0,0,0,0
2022-06-06,414.78,416.61,410.55,411.79,394.13,57508900.0,384.495,404.985,0.0030284521809944565,51.16365502456345,-1.783602304656938,-4.759584427744975,1,-3.319999999999993,0.00566170333434568,-0.19986838132684426,0,0.5229131849766909,0.07646994923551406,0,0,0,0,0,0,0,0,0,0,0,0
2022-06-07,408.1,416.22,407.61,415.74,397.91,59272400.0,385.3355,404.2776,0.009590744170705268,53.67134775051765,-1.0534932586876948,-4.018366193933519,0,2.6899999999999977,-0.0037767084268930384,0.030664818836736663,0,0.5312252616764886,0.08009129023851977,0,0,0,0,0,0,0,0,0,0,0,0
2022-06-08,413.93,415.82,410.38,411.22,393.59,64350000.0,385.916,403.42220000000003,-0.010856726395416127,50.48101573252437,-0.8140802653079504,-3.377509008208406,0,1.5600000000000023,0.0017624699562835966,0.08566550367456016,0,0.5217257454481483,0.09051812385171046,0,0,0,0,0,0,0,0,0,0,0,0
2022-06-09,409.34,411.74,401.44,401.44,384.23,86289800.0,386.332,402.2716,-0.023781091999288462,44.332225212858155,-1.363895381431405,-2.974786282853006,0,-15.259999999999991,-0.02504707422399932,0.340944832944833,0,0.5011434602867446,0.13557142543251255,0,0,0,0,0,0,0,0,0,0,0,0
2022-06-10,394.88,395.78,389.75,389.8,373.09,132893900.0,386.2105,400.95279999999997,-0.02899305103713934,38.3457298971688,-2.6677802116542466,-2.913385068613254,0,-19.850000000000023,-0.06363086943184393,0.5400881680105876,0,0.4766470226053302,0.2312727796928914,0,0,0,0,0,0,0,0,0,0,0,0
2022-06-13,379.85,381.81,373.3,375.0,358.92,170004900.0,384.932,399.48580000000004,-0.03798011203730989,32.359838833408816,-4.789310717251567,-3.2885701983409166,0,-35.20999999999998,-0.09075425507373769,0.2792528475723868,1,0.4454877297915384,0.3074800867314764,0,0,0,0,0,0,0,0,0,0,0,0
2022-06-14,376.85,377.94,370.59,373.87,357.84,104011800.0,383.6775,397.9726,-0.0030090270812438424,31.950458027050843,-6.483053298933271,-3.9274668184593873,1,-40.07000000000005,-0.06998219015569307,-0.38818351706333165,0,0.4431128507344533,0.17196348965438218,0,0,0,0,0,0,0,0,0,0,0,0
2022-06-15,377.36,383.9,372.12,379.2,362.94,125666800.0,382.284,396.48720000000003,0.014252179745137594,36.063837683834144,-7.329341039009421,-4.6078416625693945,0,-30.649999999999977,-0.026736959373416136,0.2081975314339335,0,0.45432755739291053,0.21643195544405525,0,0,0,0,0,0,0,0,0,0,0,0
2022-06-16,370.51,370.94,364.08,366.65,350.93,134473300.0,381.0775,394.87200000000007,-0.03309086901416214,31.270232948546507,-8.86692441326835,-5.459658212709186,0,-33.30000000000001,-0.021847716350268387,0.07007817498336877,1,0.4279180226932887,0.23451607199805002,0,0,0,0,0,0,0,0,0,0,0,0
2022-06-17,1.58 Dividend,,,,,,366.39549999999997,383.8128,0.0,31.270232948546507,-8.86692441326835,-6.141111452821019,0,0.0,-0.018838689269024544,0.0,0,0.42958923388160786,0.1865476268460163,1,1,0,0,0,0,1,0,0,0,1,1
2022-06-17,365.51,369.38,362.17,365.86,351.69,111113900.0,366.39549999999997,383.8128,0.002165674066052947,31.270232948546507,-10.235926331525718,-6.96007442856196,1,-7.230000000000018,-0.03092519494810919,-0.1737103201899559,0,0.42958923388160786,0.1865476268460163,1,1,0,0,0,0,0,0,0,0,0,0
2022-06-21,371.89,376.53,371.81,375.07,360.54,76811900.0,366.39549999999997,383.8128,0.02516420711421996,38.761713012478744,-10.170876990042643,-7.6022349408580965,0,2.7000000000000455,0.027329881180272908,-0.3087102513726906,0,0.449050048377166,0.11610859135687449,1,1,0,0,0,0,0,0,0,0,0,0
2022-06-22,370.62,378.72,370.18,374.39,359.88,90059400.0,366.39549999999997,383.8128,-0.0018305874521551413,38.42533640764676,-10.05665454882319,-8.093118862451115,1,-3.0600000000000023,0.025499293728117767,0.17246676621721369,0,0.4475987333978362,0.1433122856791416,1,1,0,0,0,0,0,0,0,0,0,0
2022-06-23,376.64,378.83,372.89,378.06,363.41,79292100.0,366.39549999999997,383.8128,0.009808825163943657,41.35661634056184,-9.570962840758739,-8.38868765811264,1,12.480000000000018,0.03314244482600848,-0.11955775854602624,0,0.45536106957516054,0.12120167327105352,1,1,0,0,0,0,0,0,0,0,0,0
2022-06-24,381.4,390.09,381.37,390.08,374.97,98050300.0,366.39549999999997,383.8128,0.031809801601496934,49.786865187457934,-8.159199105485925,-8.342789947587299,0,0.0,0.03978803931328545,0.2365708563652622,0,0.48078107133433023,0.15972157052230476,1,1,0,0,0,0,1,0,0,0,0,0
2022-06-27,391.05,391.36,387.44,388.59,373.53,66009600.0,366.39549999999997,383.8128,-0.0038403072245780656,48.844910453838956,-7.075005875793693,-8.089233133228579,0,21.839999999999975,0.037778319540862526,-0.3267781944573347,0,0.4776145659248834,0.09392610657276987,1,1,0,0,0,0,0,0,0,0,0,0
2022-06-28,390.23,393.16,380.53,380.65,365.9,86548900.0,366.39549999999997,383.8128,-0.020426739485449597,44.0854545917204,-6.75360085679506,-7.822106677941876,0,5.359999999999957,0.007542754891469272,0.31115625605972475,0,0.46083648517899545,0.13610348636468084,1,1,0,0,0,0,0,0,0,0,0,0
2022-06-29,381.23,382.27,378.42,380.34,365.6,65676000.0,366.39549999999997,383.8128,-0.0008198961464880306,43.90430951399939,-6.448755319325528,-7.547436406218607,0,5.720000000000027,-0.025086942856515693,-0.2411688652311006,0,0.4601767965520275,0.09324106015450917,1,1,0,0,0,0,0,0,0,0,0,0
2022-06-30,376.24,380.66,372.56,377.25,362.63,112508300.0,366.39549999999997,383.8128,-0.008123632385120372,42.06168128519968,-6.373349210831407,-7.312618967141168,1,-0.7800000000000296,-0.029370268017058,0.71308088190511,0,0.4536458791450435,0.18941102230651596,1,1,0,0,0,0,0,0,0,0,0,0
2022-07-01,376.56,381.7,373.8,381.24,366.47,74839700.0,366.39549999999997,383.8128,0.010589305904089574,45.260508526240784,-5.935314804337963,-7.037158134580527,1,-8.5,0.001645777372481172,-0.3348072986615209,0,0.4620898935702349,0.11205868564316432,1,1,0,0,0,0,0,0,0,0,0,0
2022-07-05,375.88,381.98,372.9,381.96,367.16,81438000.0,366.39549999999997,383.8128,0.0018828280623244265,45.83915442999786,-5.4694438043292735,-6.723615268530277,1,-6.369999999999948,0.004348501581293629,0.08816577297877992,0,0.46360717741226143,0.12560827131945157,1,1,0,0,0,0,0,0,0,0,0,0
2022-07-06,382.11,385.87,379.6,383.25,368.4,70426200.0,366.39549999999997,383.8128,0.003377274212877035,46.92497878538579,-4.94319793475745,-6.367531801775712,1,2.5,0.015849408179291036,-0.13521697487659323,0,0.4663338904037293,0.10299557902747639,1,1,0,0,0,0,0,0,0,0,0,0
2022-07-07,385.12,389.83,383.27,388.99,373.92,64525900.0,366.39549999999997,383.8128,0.014983713355049,51.57882025481347,-4.034222419454636,-5.900869925311497,0,8.319999999999993,0.02024381563025046,-0.08377990009399916,0,0.47847216113994195,0.09087933387860508,1,1,0,0,0,0,0,0,0,0,0,0
2022-07-08,387.27,390.64,385.66,388.67,373.61,72397800.0,366.39549999999997,383.8128,-0.0008290543431750397,51.30673619649759,-3.3008174155056054,-5.380859423350319,0,10.980000000000018,0.017531933224750995,0.12199597370978155,0,0.47779048289207493,0.10704425264331197,1,1,0,0,0,0,0,0,0,0,0,0
2022-07-11,385.85,386.87,383.5,384.23,369.34,58366900.0,366.39549999999997,383.8128,-0.011429030272209095,47.58335408041048,-3.0292229831751456,-4.910532135315284,0,2.8699999999999477,0.002725628739664865,-0.19380285036285638,0,0.4684009147682293,0.07823184919614856,1,1,0,0,0,0,0,0,0,0,0,0
2022-07-12,383.65,386.16,378.99,380.83,366.08,62219200.0,366.39549999999997,383.8128,-0.008826555477337905,44.90404338836482,-3.041971242937052,-4.536819956839638,0,-1.080000000000041,-0.02108464009272204,0.06600144945165831,0,0.4612322983551763,0.08614253359982241,1,1,0,0,0,0,0,0,0,0,0,0
2022-07-13,375.1,381.92,374.66,378.83,364.15,84224600.0,366.39549999999997,383.8128,-0.005272071678321666,43.34786240433926,-3.1712529707511976,-4.2637065596219506,0,-4.25,-0.025527657427868666,0.3536753928047933,0,0.4569883015216817,0.13133054454824414,1,1,0,0,0,0,0,0,0,0,0,0
2022-07-14,373.61,379.05,371.04,377.91,363.27,89704800.0,366.39549999999997,383.8128,-0.002416586571467816,42.622551599779406,-3.3066018689446537,-4.0722856214864915,1,-10.650000000000034,-0.016515213727127387,0.06506650076106024,0,0.45505321488257533,0.14258411583527097,1,1,0,0,0,0,0,0,0,0,0,0
2022-07-15,382.55,385.25,380.54,385.13,370.21,79060400.0,366.39549999999997,383.8128,0.019104247529385887,49.76179309301168,-2.821344146800527,-3.822097326549299,0,-3.400000000000034,0.011415589279596405,-0.11866031695070944,0,0.4703140117864367,0.12072587814182392,1,1,0,0,0,0,0,0,0,0,0,0
2022-07-18,388.38,389.09,380.66,381.95,367.15,63203600.0,366.39549999999997,383.8128,-0.008265578995705125,46.985765443777204,-2.653106966809503,-3.58829925460134,1,-2.1899999999999977,0.008422081962212946,-0.20056564348270434,0,0.4635851877913624,0.08816399551269954,0,1,0,0,0,0,0,0,0,0,0,0
2022-07-19,386.08,392.87,385.39,392.27,377.07,78506000.0,367.6645,383.8128,0.027018929592809604,55.627761002965094,-1.6997233418386486,-3.210584072048802,1,10.990000000000009,0.037857598126490366,0.2421127910435481,0,0.4853988917231066,0.11958741970572165,0,1,0,0,0,0,0,0,0,0,0,0
2022-07-20,392.47,396.26,391.03,394.77,379.47,71843800.0,368.611,383.8128,0.006364865940011288,57.435570299381354,-0.7419473012849949,-2.7168567178960408,1,15.32000000000005,0.025118216537115767,-0.08486230351820245,0,0.4906764007388512,0.10590661560579276,0,1,0,0,0,0,0,0,0,0,0,0
2022-07-21,394.16,398.84,391.63,398.79,383.34,64903900.0,369.784,383.8128,0.010198434658866162,60.24801806303398,0.32562022110073485,-2.1083613300966855,0,20.069999999999993,0.043582230191687055,-0.09659706195941753,0,0.4991863840267393,0.0916555555395839,0,1,0,0,0,0,0,0,0,0,0,0
2022-07-22,398.92,400.18,392.75,395.09,379.78,72197300.0,370.6025,383.8128,-0.009286795012260707,56.54660224439504,0.8743341463762135,-1.5118222348021058,1,9.569999999999993,0.007276505586616744,0.1123722919578023,0,0.4913580789867181,0.10663252660355999,0,1,0,0,0,0,0,0,0,0,0,0
2022-07-25,395.75,396.47,393.21,395.57,380.24,53631500.0,370.866,383.8128,0.0012112275527937921,56.91493839678542,1.3309694536845313,-0.9432638971047784,0,13.090000000000032,0.0021228671993992476,-0.25715366087097435,0,0.4923696015480693,0.06850772207075403,0,1,0,0,0,0,0,0,0,0,0,0
2022-07-26,393.84,394.06,389.95,390.89,375.75,52946400.0,370.977,383.8128,-0.011808331580054676,52.25853074475962,1.3153877776020977,-0.49153356216340327,1,-1.3199999999999932,-0.01988389903952159,-0.012774209186765195,0,0.48249626176444715,0.06710087164764136,0,1,0,0,0,0,0,0,0,0,0,0
2022-07-27,394.36,402.88,394.05,401.04,385.5,82342100.0,371.957,383.8128,0.02594810379241519,59.925678907724425,2.0659675153995636,0.019966653349190122,1,6.029999999999973,0.015350999765154305,0.5551973316410559,0,0.5039361421409094,0.12746483746678214,0,1,0,0,0,0,0,0,0,0,0,0
2022-07-28,401.89,406.8,398.15,406.07,390.34,73966600.0,373.194,383.8128,0.012555123216601682,63.09421025398845,3.016581640279128,0.6192896507351777,1,7.0,0.026694895428962195,-0.10171589017039884,0,0.5145791186559943,0.11026577788601985,0,1,0,0,0,0,0,0,0,0,0,0
2022-07-29,407.58,413.03,406.77,411.99,396.03,87003700.0,374.864,383.8128,0.014577035405031413,66.45239752152494,4.180890921705725,1.3316099049292873,0,16.25,0.053080262414048285,0.1762565806728984,0,0.5270912129474886,0.13703741655360457,0,1,0,0,0,0,0,0,0,0,0,0
2022-08-01,409.15,413.41,408.4,410.77,394.86,69997500.0,376.2835,383.8128,-0.0029543216422996954,65.13984880280941,4.952120234257052,2.05571197079484,0,14.620000000000005,0.0241778369793334,-0.19546525032843431,0,0.5245184273023132,0.10211524509609646,0,1,0,0,0,0,0,0,0,0,0,0
2022-08-02,409.12,413.0,406.82,408.06,392.25,63435400.0,377.538,383.8128,-0.006609937699437851,62.18893044204002,5.2917201773185525,2.7029136120995827,1,16.5,0.005012776063293867,-0.09374763384406581,0,0.518779136247691,0.0886399959915749,0,1,0,0,0,0,0,0,0,0,0,0
2022-08-03,410.3,415.68,410.0,414.45,398.39,67820600.0,379.0375,383.8128,0.015653282345442943,66.08168695287162,5.987284575132321,3.3597878047061305,0,12.889999999999986,0.006089023003705396,0.06912859381354886,0,0.5322807634796375,0.09764498865751231,0,1,0,0,0,0,0,0,0,0,0,0
2022-08-04,414.37,415.09,412.44,414.17,398.12,45656600.0,380.2475,383.8128,-0.0006777278546147292,65.76106945452199,6.442472811879497,3.9763248061408043,0,7.78000000000003,0.008365616791390362,-0.3268033606308408,0,0.5316870437153663,0.05213129317091272,0,1,0,0,0,0,0,0,0,0,0,0
2022-08-05,409.66,414.15,409.6,413.47,397.45,56814900.0,381.4395,383.8128,-0.0016829096754747974,64.9193335077684,6.672235985263967,4.515507041965437,0,1.420000000000016,0.013292644815353416,0.2443962099674526,0,0.5302137391151376,0.07504482269392862,0,1,0,0,0,0,0,0,0,0,0,0
2022-08-08,415.25,417.62,411.83,412.99,396.99,53886100.0,382.822,383.8128,-0.0011573782865769155,64.31069708781831,6.739517833525156,4.960309200277381,0,2.1299999999999955,-0.003518015816666442,-0.05154985751977037,0,0.5292022165537866,0.06903054226886307,0,1,0,0,0,0,0,0,0,0,0,0
2022-08-09,412.22,412.75,410.22,411.35,395.41,44931800.0,384.2885,383.8128,-0.003979949117106196,62.15521031171119,6.589388024230971,5.286124965068099,1,3.160000000000025,-0.006820237079157909,-0.1661708678119218,0,0.5257278564517548,0.05064291893843268,0,1,0,0,0,0,0,0,0,0,0,0
2022-08-10,418.78,420.14,416.72,419.99,403.72,68665700.0,386.267,383.8128,0.02101616044106125,68.19341473473611,7.059578196160203,5.64081561128652,0,5.330000000000041,0.015878833037378137,0.5282205475854518,0,0.5440012314187703,0.09938039851384353,0,1,0,0,0,0,0,0,0,0,0,0
2022-08-11,422.99,424.95,419.21,419.99,403.72,59489700.0,388.2895,383.8128,0.0,68.19341473473611,7.347509775920628,5.982154444213342,1,5.600000000000023,0.017036211323955053,-0.1336329492017121,0,0.5440012314187703,0.08053751501875972,0,1,0,0,0,0,0,0,0,0,0,0
2022-08-12,422.03,427.21,421.03,427.1,410.55,61694500.0,390.3065,383.8128,0.01691766570890718,72.39219075335328,8.034208195665485,6.392565194503771,1,13.100000000000023,0.03793382614996843,0.03706187793853388,0,0.5590201424927433,0.08506506400851133,0,1,0,0,0,0,0,0,0,0,0,0
2022-08-15,424.77,429.41,424.71,428.86,412.24,54048300.0,392.56100000000004,383.8128,0.004116429180367698,73.33034394663053,8.6154766647457,6.837147488552157,1,15.25,0.02103409488927488,-0.12393649352859659,0,0.5627363884246636,0.06936361939428837,0,1,0,0,0,0,0,0,0,0,0,0
2022-08-16,427.73,431.73,426.88,429.7,413.05,59289000.0,394.36,383.8128,0.0019648748301959174,73.79006121746082,9.037319748329935,7.277181940507713,0,17.639999999999986,0.022998969719470796,0.09696327174027686,0,0.5645175477174773,0.08012537827971619,0,1,0,0,0,0,0,0,0,0,0,0
2022-08-17,425.91,429.5,424.54,426.65,410.12,63563400.0,395.89250000000004,383.8128,-0.007093572206754661,69.14690359573635,9.031101996171401,7.6279659516404505,1,6.399999999999977,-0.0010122681961910462,0.07209431766432228,0,0.5580745887940891,0.08890284353814976,0,1,0,0,0,0,0,0,0,0,0,0
2022-08-18,426.86,428.61,425.5,427.89,411.31,49023200.0,397.291,383.8128,0.0029015897786013323,69.97329771621433,9.018240771589433,7.906020915630247,0,7.589999999999975,-0.0022271075979574118,-0.22875113666040525,0,0.5606913536810625,0.05904459434512253,0,1,0,0,0,0,0,0,0,0,0,0
2022-08-19,424.98,425.26,421.22,422.14,405.78,68016900.0,398.591,383.8128,-0.01344484695242043,61.702387865956275,8.46425273783899,8.017667280071997,0,-4.770000000000039,-0.01763682938057376,0.3874430881704989,0,0.548531093323951,0.09804809001214232,0,1,0,0,0,0,0,0,0,0,0,0
2022-08-22,417.05,417.23,412.4,413.35,397.34,77695600.0,399.446,383.8128,-0.020799447976736163,51.66502571566983,7.260481455124648,7.866230115082527,0,-14.900000000000034,-0.03134270515055526,0.1422984581773059,0,0.5299718532852492,0.11792326617646967,0,1,0,0,0,0,0,0,0,0,0,0
2022-08-23,412.9,415.42,411.77,412.35,396.37,49105200.0,400.477,383.8128,-0.002441234207479659,50.64532906978204,6.157236359492288,7.52443136396448,1,-16.680000000000007,-0.03668552913663625,-0.3679796539314968,0,0.5278388600580526,0.05921298105464703,0,1,0,0,0,0,0,0,0,0,0,0
2022-08-24,412.11,415.11,411.39,413.67,397.64,49177800.0,401.084,383.8128,0.003204076998763794,51.981612499042974,5.324013149415748,7.084347721054733,1,-12.480000000000018,-0.020036605185452028,0.001478458493194168,0,0.5306315419122174,0.05936206489746996,0,1,0,0,0,0,0,0,0,0,0,0
2022-08-25,415.24,419.56,414.09,419.51,403.26,50942300.0,401.73,383.8128,0.01413338698320099,57.46930849114404,5.0588495158866635,6.67924808002112,0,-8.050000000000011,0.014896229774485126,0.03588001089922699,0,0.5429897088574193,0.06298545939693326,0,1,0,0,0,0,0,0,0,0,0,0
2022-08-26,419.39,419.96,405.25,405.31,389.61,103087000.0,401.409,383.8128,-0.03384912959381037,44.24371716340265,3.7045606347355147,6.084310590964,0,-16.16999999999996,-0.016511665611845583,1.023603174572016,1,0.5129738763303721,0.17006441613037895,0,1,0,0,0,0,0,0,0,0,0,0
2022-08-29,402.2,405.84,401.2,402.63,387.03,65370800.0,401.0175,383.8128,-0.0066220066220067375,42.26392024697498,2.395478911500504,5.346544255071302,0,-10.310000000000002,-0.026337749232616114,-0.3658676651760163,0,0.5073005541384465,0.09261433303564479,0,0,0,0,0,0,0,0,0,0,0,0
2022-08-30,403.85,404.1,396.0,398.21,382.78,85652400.0,400.544,384.4346,-0.01098106089967188,39.15565921565271,1.0035148387494246,4.4779383718069266,0,-13.590000000000032,-0.051452197115488985,0.3102547314703201,0,0.4979549652563988,0.13426252679042816,0,0,0,0,0,0,0,0,0,0,0,0
2022-08-31,399.93,401.24,395.04,395.18,379.87,76029700.0,399.61800000000005,384.82120000000003,-0.007602278070954482,37.14149080895687,-0.33062812239461437,3.5162250729666185,1,-17.769999999999982,-0.0252053455926331,-0.11234594710714474,0,0.4915559855748086,0.1145023464277273,0,0,0,0,0,0,0,0,0,0,0,0
2022-09-01,392.89,396.78,390.04,396.42,381.06,78740100.0,398.765,385.24479999999994,0.0031326506436413215,38.533927188440536,-1.2772002073662634,2.5575400169000426,0,-22.19999999999999,-0.01545068832698504,0.03564922655225522,0,0.494172750461782,0.12006814322644954,0,0,0,0,0,0,0,0,0,0,0,0
2022-09-02,400.28,401.56,390.33,392.24,377.04,99632100.0,397.74449999999996,385.51739999999995,-0.010549519760667536,35.66011857168178,-2.3249452858212862,1.581042956355777,0,-12.569999999999993,-0.015019147187980697,0.2653285936898735,0,0.48533292286040985,0.16296979121896166,0,0,0,0,0,0,0,0,0,0,0,0
2022-09-06,393.13,394.12,388.42,390.76,375.62,76637400.0,396.676,385.5304,-0.00376617865478468,34.6763456418021,-3.2326094323507846,0.6183124786144647,1,-11.409999999999968,-0.011183047771810894,-0.2307960988476605,0,0.482210396692761,0.1157502562250205,0,0,0,0,0,0,0,0,0,0,0,0
2022-09-07,390.43,398.59,390.2,397.78,382.37,70964200.0,396.024,385.7072,0.01797028912198506,42.76006665004928,-3.3684419182944225,-0.1790384007673127,1,-0.40999999999996817,0.0036545907065328453,-0.07402651968882035,0,0.4970533907995426,0.10410036012167379,0,0,0,0,0,0,0,0,0,0,0,0
2022-09-08,395.39,400.86,394.12,400.38,384.87,80821700.0,395.0815,386.08660000000003,0.0065381698354995965,45.45245068707074,-3.2370463797225852,-0.7906399965583673,1,5.0,0.020742280302699978,0.13890806913908693,0,0.5025507960242765,0.12434270145262286,0,0,0,0,0,0,0,0,0,0,0,0
2022-09-09,402.74,407.51,402.46,406.6,390.85,76706900.0,394.438,386.59159999999997,0.015537714033309946,51.3475177392839,-2.6201747027250804,-1.15654693779171,1,9.79000000000002,0.040046172990794604,-0.050912069407102245,0,0.51570058932184,0.1158929742288248,0,0,0,0,0,0,0,0,0,0,0,0
2022-09-12,408.78,411.73,408.46,410.97,395.05,69256300.0,393.663,387.24,0.010745810413201884,55.023958124063114,-1.7719684064709327,-1.2796312315275546,0,18.00999999999999,0.03282169428201143,-0.09713076659335729,0,0.524936230099393,0.1005931935217115,0,0,0,0,0,0,0,0,0,0,0,0
2022-09-13,401.83,403.1,391.92,393.1,377.87,122947100.0,391.94449999999995,387.468,-0.04348816605492978,41.28216175381607,-2.457710272294946,-1.515247039681033,1,2.25,-0.017204641608417948,0.7752478835860419,1,0.4871580613950215,0.21084706112827722,0,0,0,0,0,0,0,0,0,0,0,0
2022-09-14,394.47,396.2,391.12,394.6,379.31,85023700.0,390.25750000000005,387.711,0.0038108344139518024,42.57666781160828,-2.852092528740627,-1.782616137492952,0,-3.0600000000000023,-0.02893152122777609,-0.3084529850643082,0,0.49032456680446823,0.13297149356752502,0,0,0,0,0,0,0,0,0,0,0,0
2022-09-15,392.96,395.96,388.78,390.12,375.01,87633800.0,388.50200000000007,387.8432,-0.01133637394215814,39.75796782362583,-3.4715989401582874,-2.120412698026019,0,-9.860000000000014,-0.051013705583136115,0.030698499359590237,0,0.4808690298179259,0.13833132467154838,0,0,0,0,0,0,0,0,0,0,0,0
2022-09-16,384.14,386.25,382.11,385.56,372.14,103084800.0,386.5435,387.80760000000004,-0.007653129249886703,37.95200012696534,-4.146350699073423,-2.5256002982355,0,-18.710000000000036,-0.01517866877809304,0.17631324899753298,0,0.47455800861993136,0.1700598984381722,0,0,0,0,0,0,0,0,0,0,0,0
2022-09-16,1.60 Dividend,,,,,,355.48400000000004,365.30440000000004,0.0,37.95200012696534,-4.146350699073423,-2.849750378403085,0,0.0,-0.018989503192044843,0.0,0,0.4809130090597237,0.10885276697353433,1,1,0,0,0,0,1,0,0,0,1,1
2022-09-19,382.26,388.55,382.18,388.55,375.03,73278500.0,355.48400000000004,365.30440000000004,0.007765894555812336,37.95200012696534,-4.4974918929254954,-3.1792986813075674,0,-2.840000000000032,0.00011276530592563283,-0.2891435012727386,0,0.4809130090597237,0.10885276697353433,1,1,0,0,0,0,0,0,0,0,0,0
2022-09-20,385.06,386.12,381.2,384.09,370.73,77274900.0,355.48400000000004,365.30440000000004,-0.011465749406713965,34.97875474332696,-4.966666773714621,-3.536772299788978,0,-8.579999999999984,-0.0036998548509016294,0.05453714254522124,0,0.47145747207318145,0.11705936021675065,1,1,0,0,0,0,0,0,0,0,0,0
2022-09-21,386.11,389.31,377.38,377.39,364.26,106746600.0,355.48400000000004,365.30440000000004,-0.0174520540555122,31.038556215561456,-5.7937790959998665,-3.988173659031156,0,-10.75,-0.02115190890641383,0.38138774686217647,0,0.45723018735156995,0.17757939176667023,1,1,0,0,0,0,0,0,0,0,0,0
2022-09-22,376.58,378.3,373.44,374.22,361.2,89472600.0,355.48400000000004,365.30440000000004,-0.008400592983034083,29.35437643745442,-6.619878162223358,-4.514514559669596,0,-10.939999999999998,-0.03731839644526025,-0.16182248427584578,0,0.4505013633564957,0.14210729395781255,1,1,0,0,0,0,0,0,0,0,0,0
2022-09-23,370.58,370.62,363.29,367.95,355.15,122346900.0,355.48400000000004,365.30440000000004,-0.01674972314507206,26.31421913312515,-7.67428765100567,-5.146469177936812,0,0.0,-0.04260237018361834,0.3674230993622629,0,0.4371976427126395,0.20961455255441613,1,1,0,0,0,0,1,0,0,0,0,0
2022-09-26,366.41,370.21,363.03,364.31,351.63,92581200.0,355.48400000000004,365.30440000000004,-0.00991130508235949,24.71067895247012,-8.69373340260421,-5.855922022870292,0,-23.399999999999977,-0.03506162121046563,-0.2432893681817847,0,0.4294572961562142,0.14849079304595747,1,1,0,0,0,0,0,0,0,0,0,0
2022-09-27,368.02,370.4,360.87,363.38,350.74,108294100.0,355.48400000000004,365.30440000000004,-0.0025310695901942237,24.307350363341158,-9.46436772761615,-6.577611163819464,1,-19.99000000000001,-0.029192097817625773,0.1697202023737001,0,0.427500219896209,0.1807571775348309,1,1,0,0,0,0,0,0,0,0,0,0
2022-09-28,364.38,372.3,362.6,370.53,357.64,110802200.0,355.48400000000004,365.30440000000004,0.019672692022580707,33.38530742741209,-9.40985766627091,-7.144060464309754,0,-6.6200000000000045,0.0072303173500269935,0.02316007981967627,0,0.4426730583164745,0.18590755200017742,1,1,0,0,0,0,0,0,0,0,0,0
2022-09-29,366.81,367.11,359.7,362.79,350.17,112952300.0,355.48400000000004,365.30440000000004,-0.02088692539984338,29.289805799493095,-9.855812943948877,-7.686410960237579,0,-11.029999999999973,-0.0037453029674568983,0.019404849362196774,0,0.4262468115049697,0.19032277473369746,1,1,0,0,0,0,0,0,0,0,0,0
2022-09-30,361.8,365.91,357.04,357.18,344.75,153711200.0,355.48400000000004,365.30440000000004,-0.015478196304652081,26.72780971347875,-10.525255820261236,-8.25417993224231,1,-10.399999999999977,-0.016692429681914756,0.3608505537293176,0,0.41432843697774646,0.2740210315000196,1,1,0,0,0,0,0,0,0,0,0,0
2022-10-03,361.08,368.55,359.21,366.61,353.85,89756500.0,355.48400000000004,365.30440000000004,0.02639593908629445,36.73380859150451,-10.203876241072805,-8.644119194008411,1,2.2200000000000273,-0.009969182618201011,-0.4160705270663426,0,0.43433899199577797,0.14269028160212974,1,1,0,0,0,0,0,0,0,0,0,0
2022-10-04,372.4,378.0,366.57,377.97,364.82,103602800.0,355.48400000000004,365.30440000000004,0.031001836936555005,46.26092331559094,-8.96069991844854,-8.707435338896438,0,14.079999999999984,0.041919579718197375,0.1542651507133188,0,0.45846160612191045,0.17112360960321726,1,1,0,0,0,0,0,0,0,0,0,0
2022-10-05,373.39,379.46,370.95,377.09,363.97,88065700.0,355.48400000000004,365.30440000000004,-0.002329916123019471,45.68683623932306,-7.952391404501327,-8.556426552017417,0,6.330000000000041,0.055067859899829985,-0.14996795453404732,0,0.4565924883455009,0.1392182297915927,1,1,0,0,0,0,0,0,0,0,0,0
2022-10-06,375.62,378.72,372.68,373.2,360.21,82333500.0,355.48400000000004,365.30440000000004,-0.010330521746297894,43.13669661029222,-7.37172357842303,-8.31948595729854,0,10.039999999999964,0.01834139906723764,-0.06509004073095426,0,0.448324390887501,0.12744717739724662,1,1,0,0,0,0,0,0,0,0,0,0
2022-10-07,368.97,373.29,360.94,362.79,350.17,107789500.0,355.48400000000004,365.30440000000004,-0.027872629854806874,37.17044946725753,-7.633687833450836,-8.182326332529,0,5.420000000000016,-0.04053306772412424,0.3091815603612138,0,0.4262468115049697,0.1797209832223179,1,1,0,0,0,0,0,0,0,0,0,0
2022-10-10,363.96,364.21,357.67,360.02,347.49,76042800.0,355.48400000000004,365.30440000000004,-0.007653425479053011,35.74908627091888,-7.965726063647082,-8.139006278752616,0,-6.360000000000014,-0.04585657708015778,-0.29452497692261304,0,0.42035359310405485,0.11452924723132207,1,1,0,0,0,0,0,0,0,0,0,0
2022-10-11,358.24,363.03,355.71,357.74,345.29,92482800.0,355.48400000000004,365.30440000000004,-0.006331117442228473,34.580108702239386,-8.310591046693673,-8.173323232340827,0,-19.529999999999973,-0.04185717277608836,0.21619403809433635,0,0.4155158765062891,0.14828872899452805,1,1,0,0,0,0,0,0,0,0,0,0
2022-10-12,358.17,359.82,356.3,356.56,344.15,76991800.0,355.48400000000004,365.30440000000004,-0.0033015725911553773,33.96040940621731,-8.577016990143932,-8.25406198390145,1,-19.82000000000005,-0.01728611551243686,-0.16750141647960481,0,0.4130090597238103,0.11647801536959959,1,1,0,0,0,0,0,0,0,0,0,0
2022-10-13,349.21,367.51,348.11,365.97,353.24,147254500.0,355.48400000000004,365.30440000000004,0.02641290135115515,42.76765144417373,-7.962883276435264,-8.195826242408213,0,-6.96999999999997,0.0167802113177713,0.912599783353552,0,0.43299762512094286,0.2607622209221308,1,1,0,0,0,0,0,0,0,0,0,0
2022-10-14,368.55,370.26,356.96,357.63,345.19,123737000.0,355.48400000000004,365.30440000000004,-0.022789038613973522,37.94183724723835,-8.033144517530275,-8.163289897432625,1,-4.980000000000018,0.0003222901460262495,-0.15970649453836727,0,0.41529598029729964,0.21246911798014806,0,1,0,0,0,0,0,0,0,0,0,0
2022-10-17,364.01,367.98,357.28,366.82,354.06,93168200.0,354.4355,365.30440000000004,0.02569599351082008,45.269969637471604,-7.289068344399311,-7.9884455868259625,1,6.569999999999993,0.029319856248001708,-0.2470465584263397,0,0.43480077403465556,0.149696195466578,0,1,0,0,0,0,0,0,0,0,0,0
2022-10-18,375.13,375.45,367.52,371.13,358.22,97162900.0,353.81,365.30440000000004,0.011749421002090088,48.35042914401282,-6.291184523918957,-7.6489933742445615,0,12.930000000000007,0.014656375898936647,0.042876217421824236,0,0.4439484563286129,0.1578992977658164,0,1,0,0,0,0,0,0,0,0,0,0
2022-10-19,368.99,371.85,365.55,368.5,355.68,79746900.0,353.381,365.30440000000004,-0.007090614706046661,46.62485977380796,-5.640293387942336,-7.2472533769841165,0,11.53000000000003,0.03035479980686351,-0.179245370403724,0,0.43836309262028317,0.12213560345997726,0,1,0,0,0,0,0,0,0,0,0,0
2022-10-20,368.03,372.67,364.61,365.41,352.7,88283100.0,352.956,365.30440000000004,-0.008378317588843998,44.613163812922025,-5.3037798952206,-6.858558680631414,1,-0.5400000000000205,-0.0037195112928005702,0.10704115144287751,0,0.43181018559240036,0.13966465992147842,0,1,0,0,0,0,0,0,0,0,0,0
2022-10-21,365.12,374.8,363.54,374.29,361.27,131038400.0,353.262,365.30440000000004,0.024298270484831352,51.14191989883062,-4.296041063085681,-6.346055157122268,1,16.079999999999984,0.008829338189940694,0.48429767418679237,0,0.4506552907027882,0.22746251701578502,0,1,0,0,0,0,0,0,0,0,0,0
2022-10-24,375.89,380.06,373.11,378.87,365.69,85436900.0,353.96500000000003,365.30440000000004,0.012234616768621809,54.14415512259302,-3.1049517665345547,-5.697834479004725,1,11.629999999999995,0.028154569664609164,-0.34800104396879084,0,0.46037470314011786,0.13381999830381192,0,1,0,0,0,0,0,0,0,0,0,0
2022-10-25,378.79,385.25,378.67,384.92,371.53,78846300.0,355.0045,365.30440000000004,0.015969810495228165,57.83117188426551,-1.670509135145096,-4.892369410232799,0,13.309999999999945,0.052502697748681326,-0.07713997113659321,0,0.47321664174509626,0.12028622455024834,0,1,0,0,0,0,0,0,0,0,0,0
2022-10-26,381.62,387.58,381.35,382.02,368.73,104087300.0,355.559,365.30440000000004,-0.00753640352057694,55.52598290285984,-0.7509827528867277,-4.0640920787635855,0,13.050000000000011,0.020668023743273034,0.32012916268740566,0,0.4670595478933943,0.17211852863693217,0,1,0,0,0,0,0,0,0,0,0,0
2022-10-27,383.07,385.0,379.33,379.98,366.76,81971800.0,356.38849999999996,365.30440000000004,-0.00534266265288974,53.89814470052585,-0.17914888926105732,-3.2871034408630804,1,14.060000000000002,0.003090744321761485,-0.21247068566482175,0,0.4627275925763039,0.12670442772852694,0,1,0,0,0,0,0,0,0,0,0,0
2022-10-28,379.87,389.52,379.68,389.02,375.48,100302000.0,357.925,365.30440000000004,0.023775766168611767,59.550884018514445,0.9665232134570942,-2.436378109999046,0,14.210000000000036,0.010896699995145087,0.22361592645275574,0,0.4819025420001759,0.16434542849591857,0,1,0,0,0,0,0,0,0,0,0,0
2022-10-31,386.44,388.4,385.26,386.21,372.77,96631300.0,358.871,365.30440000000004,-0.007217428358368028,57.20341431772857,1.636932716003173,-1.621715944798602,0,7.079999999999984,0.011215675157354,-0.036596478634523755,0,0.47594335473656424,0.15680765904894775,0,1,0,0,0,0,0,0,0,0,0,0
2022-11-01,390.14,390.39,383.29,384.52,371.14,85407600.0,359.187,365.30440000000004,-0.0043726694744748995,55.779162543732745,2.013499332345532,-0.8946728893697753,0,-0.38999999999998636,0.01218566833576884,-0.11614973616209245,0,0.4723590465300377,0.1337598308576038,0,1,0,0,0,0,0,0,0,0,0,0
2022-11-02,383.9,388.63,374.76,374.87,361.83,126990400.0,359.08,365.30440000000004,-0.025084873632591487,48.37120500923031,1.5429062330998704,-0.40715706487584613,0,-6.900000000000034,-0.036674971465434414,0.4868747043588626,0,0.4518867094731286,0.21914996335535575,0,1,0,0,0,0,0,0,0,0,0,0
2022-11-03,371.47,374.2,368.79,371.01,358.1,87100100.0,358.9745,365.30440000000004,-0.010308708509520925,45.74965496968614,0.8590751014047555,-0.15391063161972582,1,-8.659999999999968,-0.03976625161658731,-0.3141205949426098,0,0.4436845808778257,0.13723537361211877,0,1,0,0,0,0,0,0,0,0,0,0
2022-11-04,377,378.87,370.0,376.35,363.25,103505200.0,359.62850000000003,365.30440000000004,0.014381457693381616,49.79539420509971,0.7243461509153803,0.021740724887295407,1,-12.230000000000018,-0.021012124448730796,0.18834765976158474,0,0.45500923564077755,0.17092318834895395,0,1,0,0,0,0,0,0,0,0,0,0
2022-11-07,377.71,380.57,375.53,379.95,366.73,68286900.0,360.59049999999996,365.30440000000004,0.009580178940123973,52.37970173028287,0.8881414614902496,0.19502087220788628,1,-6.039999999999964,0.013652928123984664,-0.3402563349474229,0,0.4626616237136072,0.09860253405569863,0,1,0,0,0,0,0,0,0,0,0,0
2022-11-08,381.11,385.12,377.72,382.0,368.71,84641100.0,361.76149999999996,365.30440000000004,0.005399067433806692,53.835754134837565,1.1642985685048757,0.38887641146728413,0,-2.430000000000007,0.029360704067312282,0.23949249416798835,0,0.4670155686515963,0.13218582582284116,0,1,0,0,0,0,0,0,0,0,0,0
2022-11-09,379.93,381.14,373.61,374.13,361.11,78495500.0,362.6095,365.30440000000004,-0.020612405413468537,47.79488532853799,0.7611248082627071,0.4633260908263688,1,-0.7199999999999704,-0.005633159039537872,-0.07260775202590708,0,0.45030345676840533,0.11956585799291666,0,1,0,0,0,0,0,0,0,0,0,0
2022-11-10,388.05,395.04,385.64,394.69,380.96,141455800.0,363.9955,365.30440000000004,0.05496939990584582,60.318907455128084,2.0200499270670207,0.7746708580744992,1,22.859999999999957,0.03975606192618397,0.8020880177844589,1,0.49395285425279256,0.24885461101335327,0,1,0,0,0,0,0,0,0,0,0,0
2022-11-11,395.59,399.35,393.61,398.51,384.64,93839900.0,365.96799999999996,365.30440000000004,0.009659806803864024,62.1326182626482,3.27692801243154,1.2751222889459075,0,21.389999999999986,0.044016801296241304,-0.336613274252452,0,0.502045034743601,0.15107552903715865,0,1,0,0,0,0,0,0,0,0,0,0
2022-11-14,396.66,400.18,394.83,395.12,381.37,71903500.0,367.3335,365.30440000000004,-0.008501455906821942,59.52888331129929,3.9634629452677927,1.8127904202102847,1,14.639999999999986,0.0561277508028879,-0.23376410247666501,0,0.494854428709649,0.10602920934431243,0,1,0,0,0,0,0,0,0,0,0,0
2022-11-15,401.15,402.31,394.49,398.49,384.62,93194500.0,368.6535,365.30440000000004,0.008521907858510147,61.26623263414636,4.715438030022483,2.3933199421727247,0,15.910000000000025,0.009680258755552229,0.2961051965481514,0,0.5020010555018031,0.1497502024234133,0,1,0,0,0,0,0,0,0,0,0,0
2022-11-16,396.78,397.78,394.79,395.45,381.69,68508500.0,369.954,365.30440000000004,-0.007617908585097033,58.81492156382146,5.017122919445399,2.91808053762726,0,20.579999999999984,-0.007597456633408828,-0.2648868763714597,0,0.4955580965784149,0.09905758887070631,0,1,0,0,0,0,0,0,0,0,0,0
2022-11-17,390.46,394.95,390.14,394.24,380.52,74496300.0,371.34499999999997,365.30440000000004,-0.0030653147842489847,57.8200688699163,5.102977201250326,3.355059870351873,1,-0.4399999999999977,-0.0021613155108358706,0.08740229314610604,0,0.4929853109332394,0.11135351495961901,0,1,0,0,0,0,0,0,0,0,0,0
2022-11-18,397.74,397.81,393.04,396.03,382.25,92922500.0,372.39399999999995,365.30440000000004,0.0045464101755492425,58.926384668545694,5.250094063618803,3.7340667090052593,0,-2.3899999999999864,-0.006136813193796775,0.24734382781426723,0,0.4967895153487554,0.14919165138694176,0,1,0,0,0,0,0,0,0,0,0,0
2022-11-21,394.64,395.82,392.66,394.59,380.86,51243200.0,373.15250000000003,365.30440000000004,-0.0036363636363635488,57.618738121603506,5.1946432399631135,4.02618201519683,1,-0.5099999999999909,-0.002155268245063291,-0.448538298044069,0,0.49373295804380335,0.06360335648102991,0,1,0,0,0,0,0,0,0,0,0,0
2022-11-22,396.63,400.07,395.15,399.9,385.99,60429000.0,373.8755,365.30440000000004,0.01346951635771676,61.053787992980396,5.501231418125087,4.321191895782482,1,1.3700000000000045,0.014379562896902454,0.17925890654760046,0,0.5050136335649573,0.08246636424139836,0,1,0,0,0,0,0,0,0,0,0,0
2022-11-23,399.55,402.93,399.31,402.42,388.42,68261600.0,374.86,365.30440000000004,0.0062954998834166,62.60012074727473,5.872589889128051,4.631471494451596,0,6.730000000000018,0.01612865260476981,0.12961657482334643,0,0.5103571114433987,0.09855058059532093,0,1,0,0,0,0,0,0,0,0,0,0
2022-11-25,401.83,402.91,401.54,402.33,388.33,30545400.0,375.93850000000003,365.30440000000004,-0.0002317079450080417,62.50114094176876,6.08943666966735,4.923064529494747,0,7.810000000000002,0.019533308296125318,-0.5525244061082659,0,0.5101592048553082,0.021100497500586783,0,1,0,0,0,0,0,0,0,0,0,0
2022-11-28,399.09,400.81,395.11,395.91,382.13,67881600.0,376.271,365.30440000000004,-0.015965802281564634,55.939345745438764,5.69534868667489,5.077521360930776,0,-0.12000000000000455,-0.009902010343156076,1.2223182541397395,0,0.49652563989796805,0.09777025194142688,0,0,0,0,0,0,0,0,0,0,0,0
2022-11-29,396.05,397.3,393.3,395.23,381.48,52310000.0,376.7065,365.43340000000006,-0.0017009918090701293,55.284044662609816,5.269834185052048,5.11598392575503,1,0.6200000000000045,-0.017898502035642805,-0.2293935322679489,0,0.4950963145395373,0.06579402650201457,0,0,0,0,0,0,0,0,0,0,0,0
2022-11-30,395.49,407.68,393.48,407.68,393.49,144566700.0,377.824,365.8886,0.031482646534549685,63.7368893956918,5.834461465147456,5.259679433633515,0,7.5,0.013815852443914922,1.7636532211814187,0,0.5215058492391591,0.2552428331433507,0,0,0,0,0,0,0,0,0,0,0,0
2022-12-01,408.77,410.0,404.75,407.38,393.21,76398200.0,379.39300000000003,366.46759999999995,-0.0007115809804569828,63.43581445778587,6.188007494109456,5.445345045728703,0,4.789999999999964,0.029070073745022573,-0.47153666784951165,0,0.5208901398539888,0.11525905987235877,0,0,0,0,0,0,0,0,0,0,0,0
2022-12-02,402.25,407.86,402.14,406.91,392.75,85342700.0,381.1255,367.09860000000003,-0.0011698583454133882,62.910053564413474,6.357788485528545,5.6278337336886715,0,4.420000000000016,0.029601207208679314,0.11707736569709759,0,0.5198786172926378,0.1336265589375045,0,0,0,0,0,0,0,0,0,0,0,0
2022-12-05,403.95,404.93,398.17,399.59,385.69,77289800.0,382.2475,367.7094,-0.01797581158497774,55.330403593242984,5.855163467574528,5.673299680465843,0,3.5600000000000023,-0.019857250910848112,-0.09435956443843474,0,0.5043539449379892,0.11708995731396912,0,0,0,0,0,0,0,0,0,0,0,0
2022-12-06,399.42,399.99,391.64,393.83,380.13,77972200.0,382.9175,368.2794,-0.014415722471414871,50.20068530722105,4.9511106647037195,5.528861877313418,0,-1.3500000000000227,-0.033561392401806,0.008829108109996486,0,0.4921277157181809,0.11849126329664625,0,0,0,0,0,0,0,0,0,0,0,0
2022-12-07,392.94,395.64,391.97,393.16,379.48,65927900.0,383.456,368.85420000000005,-0.0017099413358587778,49.62149304264808,4.134532421261326,5.249995986103,1,-14.009999999999991,-0.03410147539225139,-0.15446915695594066,0,0.49069839035975016,0.09375833591218263,0,0,0,0,0,0,0,0,0,0,0,0
2022-12-08,395.14,397.36,393.27,396.24,382.45,60737900.0,384.52299999999997,369.3503999999999,0.007826499420259259,52.32797114966218,3.684569040544261,4.936910596991253,0,-10.759999999999991,-0.00829916438701439,-0.07872236185287262,0,0.497229307766734,0.08310068929715594,0,0,0,0,0,0,0,0,0,0,0,0
2022-12-09,394.94,397.62,393.15,393.28,379.6,81447700.0,384.45500000000004,369.939,-0.007451954503856606,49.57564021482024,3.0626938101756878,4.56206723962814,1,-13.149999999999977,-0.0013353964194561252,0.34096997097364246,0,0.49096226581053737,0.12562819023509045,0,0,0,0,0,0,0,0,0,0,0,0
2022-12-12,394.11,398.95,393.41,398.95,385.07,75405800.0,384.4765,370.7454,0.01440990516332974,54.520044103265484,2.9769204096284625,4.245037873628204,1,-0.6200000000000045,0.014784450079732392,-0.07418134582069225,0,0.5029905884422552,0.11322116998782072,0,0,0,0,0,0,0,0,0,0,0,0
2022-12-13,410.22,410.49,399.07,401.97,387.98,123782500.0,384.807,371.42799999999994,0.007557067546160479,56.939105755838874,3.1079307606569273,4.017616451033949,0,7.850000000000023,0.014515018205633612,0.6415514456447646,0,0.5093895681238455,0.21256255206896957,0,0,0,0,0,0,0,0,0,0,0,0
2022-12-14,401.61,405.5,396.31,399.4,385.5,108111300.0,384.851,371.84159999999997,-0.00639208206608588,54.28888995433599,2.977321425871196,3.809557446001399,0,6.019999999999982,0.015574890643404338,-0.12660271039928905,0,0.5039361421409094,0.1803817983823787,0,0,0,0,0,0,0,0,0,0,0,0
2022-12-15,394.3,395.25,387.89,389.63,376.07,117705900.0,384.57,372.0836,-0.024461738002594102,45.59805318699788,2.0888118738211006,3.4654083315653397,0,-6.3799999999999955,-0.023296752522519504,0.08874742973213712,0,0.483199929633213,0.20008427549462057,0,0,0,0,0,0,0,0,0,0,0,0
2022-12-16,1.78 Dividend,,,,,,374.127,384.7644,0.0,45.59805318699788,2.0888118738211006,3.1900890400164923,0,0.0,-0.030853820068679982,0.0,0,0.4734365379540856,0.20450360522105582,1,1,0,0,0,0,1,0,0,0,1,1
2022-12-16,385.18,386.58,381.04,383.27,371.63,119858000.0,374.127,384.7644,-0.011806312654559004,45.59805318699789,0.8008026684669289,2.71223176570658,0,-13.439999999999998,-0.036268050657153106,0.01828370540474178,0,0.4734365379540856,0.20450360522105582,1,1,0,0,0,0,0,0,0,0,0,0
2022-12-19,383.47,383.82,378.28,380.02,368.48,79878100.0,374.127,384.7644,-0.008476172537200899,42.74328136146117,-0.26657578251342784,2.1164702560625788,1,-19.5,-0.020282485191759902,-0.3335605466468654,0,0.46650980737092096,0.12240502219521646,1,1,0,0,0,0,0,0,0,0,0,0
2022-12-20,379.23,382.23,377.85,380.54,368.99,74427200.0,374.127,384.7644,0.001384064264003504,43.36155499770686,-1.059119289321245,1.481352346985814,1,-16.50999999999999,-0.0188984209277564,-0.06824023105206556,0,0.46763127803676663,0.11121161835439775,1,1,0,0,0,0,0,0,0,0,0,0
2022-12-21,383.25,387.41,382.69,386.23,374.5,78167400.0,374.127,384.7644,0.014932654001463375,49.683242527066305,-1.2284440392211309,0.9393930697444252,0,-1.5699999999999932,0.00784054572826598,0.05025313326310821,0,0.4797475591520801,0.11889210580517287,1,1,0,0,0,0,0,0,0,0,0,0
2022-12-22,383.05,386.21,374.77,380.72,369.16,100120900.0,374.127,384.7644,-0.01425901201602131,44.49941709663183,-1.7730894240233397,0.3968965709908723,1,0.0,0.002057706249445568,0.28085237579860656,0,0.46800510159204856,0.16397354028744432,1,1,0,0,0,0,1,0,0,0,0,0
2022-12-23,379.65,383.06,378.03,382.91,371.28,59857300.0,374.127,384.7644,0.005742767363744683,46.86950046364039,-2.010482937198617,-0.08457933064702561,0,-0.35000000000002274,0.006416409349186747,-0.40214980089072316,0,0.4726669012226228,0.08129238031657934,1,1,0,0,0,0,0,0,0,0,0,0
2022-12-27,382.79,383.15,379.65,381.4,369.82,51638200.0,374.127,384.7644,-0.003932342167636271,45.43064664166606,-2.2900307559291377,-0.5256696157034481,0,1.339999999999975,-0.012448586819912899,-0.13731157269038197,0,0.46945641657137827,0.0644144875817882,1,1,0,0,0,0,0,0,0,0,0,0
2022-12-28,381.33,383.39,376.42,376.66,365.22,70911500.0,374.127,384.7644,-0.012438483586609594,41.14485060456655,-2.8499040525877604,-0.9905165030803106,1,-3.769999999999982,-0.010628058390501183,0.37323725459059376,0,0.45934119095786785,0.10399214085835742,1,1,0,0,0,0,0,0,0,0,0,0
2022-12-29,379.63,384.35,379.08,383.44,371.8,66970900.0,374.127,384.7644,0.01801653797710956,48.6126335563344,-2.7311733983734143,-1.3386478821389314,0,-2.6999999999999886,0.0016457122228636933,-0.05557067612446498,0,0.4738103615093675,0.09590013271747605,1,1,0,0,0,0,0,0,0,0,0,0
2022-12-30,380.64,382.58,378.43,382.43,370.82,84022200.0,374.127,384.7644,-0.002635825712748785,47.64303599512561,-2.6852029610445243,-1.6079588979200499,0,1.6599999999999682,0.0029422286777511797,0.25460759822549783,0,0.47165537866127183,0.13091491686522266,1,1,0,0,0,0,0,0,0,0,0,0
2023-01-03,384.37,386.43,377.83,380.82,369.26,74850700.0,374.127,384.7644,-0.0042068928321018495,46.06787920186948,-2.7430300775413343,-1.834973133844307,1,-2.019999999999982,0.011173819432258925,-0.10915567552384964,0,0.4682249978010379,0.1120812741041981,1,1,0,0,0,0,0,0,0,0,0,0
2023-01-04,383.18,385.88,380.0,383.76,372.11,85934100.0,374.127,384.7644,0.007718138980664202,49.36176022275713,-2.5297261935710935,-1.9739237457896643,0,2.2900000000000205,0.0008754204358135675,0.1480734315109946,0,0.47449203975723453,0.13484099674253858,1,1,0,0,0,0,0,0,0,0,0,0
2023-01-05,381.72,381.84,378.76,379.38,367.86,76970500.0,374.127,384.7644,-0.011421353900728293,44.952710042531066,-2.6728103164597314,-2.113701059923678,1,2.6399999999999864,-0.00791010775216594,-0.10430783588819803,0,0.4651464508751869,0.11643427589505237,1,1,0,0,0,0,0,0,0,0,0,0
2023-01-06,382.61,389.25,379.41,388.08,376.3,104189600.0,374.127,384.7644,0.022943511118360238,53.78162400796171,-2.081177531640776,-2.1071963542670975,0,4.5,0.019240296198296147,0.3536302869281087,0,0.4837056909138886,0.17232860132454628,1,1,0,0,0,0,0,0,0,0,0,0
2023-01-09,390.37,393.7,387.67,387.86,376.08,73978100.0,374.127,384.7644,-0.0005846399149614934,53.540567296325264,-1.6114803067068806,-2.0080531447550545,1,5.259999999999991,0.010937517302670452,-0.2899665609619386,0,0.48322191925411195,0.11028939309528243,1,1,0,0,0,0,0,0,0,0,0,0
2023-01-10,387.25,390.65,386.27,390.58,378.72,65358100.0,374.127,384.7644,0.007019783024888371,56.08429768115776,-1.0145211668674392,-1.8093467491775315,1,9.460000000000036,0.029378654228287115,-0.11652097039529263,0,0.4890271791714311,0.09258825363063308,1,1,0,0,0,0,0,0,0,0,0,0
2023-01-11,392.23,395.6,391.38,395.52,383.51,68881100.0,374.127,384.7644,0.012647866497676352,60.328464585408334,-0.15314838019133958,-1.4781070753802932,1,11.399999999999977,0.01908300960760323,0.05390303573696298,0,0.49956020758202124,0.09982272165081402,1,1,0,0,0,0,0,0,0,0,0,0
2023-01-12,396.67,398.49,392.42,396.96,384.91,90157700.0,374.127,384.7644,0.0036504915126072124,61.49962081893957,0.6351425310812715,-1.0554571540879802,1,17.05000000000001,0.023318141035171935,0.3088887953299235,0,0.5026387545078723,0.14351414438092525,1,1,0,0,0,0,0,0,0,0,0,0
2023-01-13,393.62,399.1,393.34,398.5,386.4,63903900.0,374.127,384.7644,0.003871034787352734,62.75968337366774,1.3643716777355053,-0.5714913877232832,0,10.099999999999966,0.0201693927976363,-0.29119864415352215,0,0.5059152080218136,0.08960205908196797,1,1,0,0,0,0,0,0,0,0,0,0
2023-01-17,398.48,400.23,397.06,397.77,385.69,62677300.0,374.127,384.7644,-0.0018374741200827271,61.72303578699956,1.8635184829178115,-0.08448941359506429,0,9.610000000000014,0.005684052179877219,-0.019194446661314868,0,0.5043539449379892,0.08708324032705628,0,1,0,0,0,0,0,0,0,0,0,0
2023-01-18,399.01,400.12,391.28,391.49,379.6,99632300.0,374.5255,384.7644,-0.015789883066711585,53.55212068431373,1.7475392734974662,0.2819163238234418,0,0.8799999999999955,-0.013756322399441578,0.5896074017227928,0,0.49096226581053737,0.16297020191825318,0,1,0,0,0,0,0,0,0,0,0,0
2023-01-19,389.36,391.08,387.26,388.64,376.84,86958900.0,374.9435,384.7644,-0.0072708113804005325,50.30210081594499,1.4165864538832693,0.5088503498354073,1,-6.670000000000016,-0.024898168567194845,-0.12720172072711355,0,0.4848931304424311,0.13694541991230338,0,1,0,0,0,0,0,0,0,0,0,0
2023-01-20,390.1,396.04,388.38,395.88,383.86,91806400.0,375.687,384.7644,0.01862859569047881,57.386027768311095,1.7011494988706204,0.74731017964245,1,-1.0500000000000114,-0.004432098756633307,0.055744725381760896,0,0.500329844313484,0.14689974399059663,0,1,0,0,0,0,0,0,0,0,0,0
2023-01-23,396.72,402.65,395.72,400.63,388.47,84178800.0,376.3855,384.7644,0.01200958682853126,61.28837525962408,2.272460722164169,1.0523402881467938,0,2.07000000000005,0.02336737113860954,-0.08308353230275889,0,0.5104670595478934,0.13123649441048532,0,1,0,0,0,0,0,0,0,0,0,0
2023-01-24,398.88,401.15,397.64,400.2,388.05,59524900.0,377.33000000000004,384.7644,-0.0010811645686925608,60.74261681210467,2.6606679686515236,1.3740058242477398,1,2.3600000000000136,0.02955701795031751,-0.2928754033081964,0,0.5095434954701381,0.08060979809406779,0,1,0,0,0,0,0,0,0,0,0,0
2023-01-25,395.95,400.7,393.56,400.35,388.19,84800300.0,378.1755,384.7644,0.000360778250225513,60.86770637943443,2.9456660339204745,1.688337866182287,1,8.589999999999975,0.011289200510064212,0.4246189409810013,0,0.5098513501627231,0.13251274245889363,0,1,0,0,0,0,0,0,0,0,0,0
2023-01-26,403.13,404.92,400.03,404.75,392.46,72287400.0,379.3075,384.7644,0.010999768154769551,64.57528702269212,3.4760130533315987,2.0458729036121497,1,15.620000000000005,0.010279381836302504,-0.1475572610002559,0,0.5192409182865686,0.10681754663439119,0,1,0,0,0,0,0,0,0,0,0,0
2023-01-27,403.66,408.16,403.44,405.68,393.36,68346200.0,380.71450000000004,384.7644,0.0022932273352698207,65.32108318517203,3.9237092873052006,2.42144018035076,0,9.5,0.013653773740264885,-0.05452125819990761,0,0.521219984167473,0.09872430639563526,0,1,0,0,0,0,0,0,0,0,0,0
2023-01-30,402.8,405.13,400.28,400.59,388.43,74202000.0,381.546,384.7644,-0.012533048606874098,58.104780188179326,3.836477455947602,2.7044476354701286,1,-0.040000000000020464,0.0007599468831652745,0.08567850151142276,0,0.5103791010642976,0.11074917095214265,0,1,0,0,0,0,0,0,0,0,0,0
2023-01-31,401.13,406.53,400.77,406.48,394.14,86811800.0,382.71200000000005,384.7644,0.014700203382848942,63.17860525285858,4.17991146322089,2.9995404010202806,1,6.089999999999975,0.004460382111244665,0.16993881566534585,0,0.5229351745975899,0.13664335058338808,0,1,0,0,0,0,0,0,0,0,0,0
2023-02-01,405.21,413.67,402.35,410.8,398.33,101459200.0,384.1655,384.7644,0.010630740346069922,66.3947848631937,4.73559438671731,3.3467511981596867,1,10.139999999999986,0.012797895122044767,0.16872591053289998,0,0.5321488257542439,0.16672173459667175,0,1,0,0,0,0,0,0,0,0,0,0
2023-02-02,414.86,418.31,412.88,416.78,404.13,101654500.0,385.7665,384.7644,0.014560791303692922,70.26635290130183,5.579669675647949,3.7933348936573394,0,11.670000000000016,0.039891735032611786,0.0019249116886392859,0,0.5449028058756267,0.16712278245484413,0,1,0,0,0,0,0,0,0,0,0,0
2023-02-03,411.59,416.97,411.09,412.35,399.83,94736800.0,387.365,384.7644,-0.010640140548833332,64.34750632787232,5.834376301725797,4.2015431752710315,0,6.46999999999997,0.014551391100929512,-0.06805109463919456,0,0.5354472688890842,0.15291731000999437,0,1,0,0,0,0,0,0,0,0,0,0
2023-02-06,409.79,411.29,408.1,409.83,397.39,60295300.0,388.41949999999997,384.7644,-0.006102593602280937,61.197375978015835,5.772800281681668,4.515794596553159,1,8.95999999999998,-0.0021819428474213476,-0.3635493282441459,0,0.5300818013897439,0.08219181176501511,0,1,0,0,0,0,0,0,0,0,0,0
2023-02-07,408.87,416.49,407.57,415.19,402.58,90990700.0,389.74449999999996,384.7644,0.013060217921940565,65.10993414961169,6.072787157354412,4.82719310871341,0,8.439999999999998,-0.0036825162291737046,0.5090844560023751,0,0.5414944146362916,0.14522470693011932,0,1,0,0,0,0,0,0,0,0,0,0
2023-02-08,413.13,414.53,409.93,410.65,398.18,76227500.0,390.7175,384.7644,-0.010929504694718983,59.621220473788355,5.887616907156712,5.0392778684020705,0,-0.14999999999997726,-0.003971880375059356,-0.16224954858023954,0,0.5318189814407599,0.11490852802704374,0,1,0,0,0,0,0,0,0,0,0,0
2023-02-09,414.41,414.57,405.81,407.09,394.73,78694900.0,391.2785,384.7644,-0.008664423125219756,55.65924542554763,5.400231475723672,5.111468589866392,1,-9.399999999999977,-0.0065337098979981745,0.032368895739726566,0,0.5242325622306271,0.11997532518656528,0,1,0,0,0,0,0,0,0,0,0,0
2023-02-10,405.86,408.44,405.01,408.04,395.65,70769700.0,391.8155,384.7644,0.0023307070655891327,56.48958833614854,5.030226006928785,5.09522007327887,1,-4.180000000000007,-0.017263220754349606,-0.1007079238934162,0,0.5262556073533291,0.10370095506066748,0,1,0,0,0,0,0,0,0,0,0,0
2023-02-13,408.72,412.97,408.24,412.83,400.3,64913500.0,392.5105,384.7644,0.011752811828636522,60.51437805145398,5.053951340415097,5.086966326706117,0,2.910000000000025,0.005419095769005899,-0.08275010350474854,0,0.5364807810713343,0.09167526910557702,0,1,0,0,0,0,0,0,0,0,0,0
2023-02-14,411.24,415.05,408.51,412.64,400.11,88389300.0,393.2315,384.7644,-0.000474644016987269,60.26905986206326,4.999787982429609,5.069530657850816,1,-2.4699999999999704,0.013608874877238386,0.3616474231092146,0,0.5360629782742545,0.13988274124527722,0,1,0,0,0,0,0,0,0,0,0,0
2023-02-15,410.35,414.06,409.47,413.98,401.41,61555700.0,394.322,384.7644,0.0032491064957136384,61.42142933315059,5.004078365974522,5.056440199475557,0,3.230000000000018,0.014527274307362892,-0.30358425737051886,0,0.5389216289911162,0.08478003870019424,0,1,0,0,0,0,0,0,0,0,0,0
2023-02-16,408.79,412.91,408.14,408.28,395.88,76431500.0,395.274,384.7644,-0.013776438055853157,54.21750865162227,4.509273642359005,4.947006888052247,0,1.1499999999999773,-0.011001975577126788,0.24166405385691325,0,0.5267613686340047,0.11532744130439737,0,1,0,0,0,0,0,0,0,0,0,0
2023-02-17,406.06,407.51,404.05,407.26,394.89,89257800.0,395.82550000000003,384.7644,-0.0025007578053956037,53.018638030975055,3.991244031066344,4.755854316655067,0,-0.7599999999999909,-0.013028089365535123,0.16781431739531483,0,0.5245843961650101,0.14166620291871665,0,1,0,0,0,0,0,0,0,0,0,0
2023-02-21,403.06,404.16,398.82,399.09,386.97,82655900.0,395.7505,384.7644,-0.020056218187343156,44.53456094958309,2.908101241238114,4.386303701571676,0,-13.329999999999984,-0.03633341404859192,-0.07396440423133888,0,0.507168616413053,0.128109224655182,0,1,0,0,0,0,0,0,0,0,0,0
2023-02-22,399.52,401.13,397.02,398.54,386.44,83742300.0,395.66999999999996,384.7644,-0.001369615215649822,44.026835560147326,1.984065138196172,3.9058559888965756,1,-13.670000000000016,-0.02392659120838858,0.013143647337939601,0,0.5060031665054094,0.13034014320673595,0,1,0,0,0,0,0,0,0,0,0,0
2023-02-23,401.56,402.2,396.25,400.66,388.49,96242400.0,395.685,384.7644,0.0053048338681296325,46.56444457808625,1.4010275630128604,3.404890303719833,0,-12.920000000000016,-0.016120999534863345,0.14926864917729743,0,0.5105110387896913,0.15600905427658093,0,1,0,0,0,0,0,0,0,0,0,0
2023-02-24,395.42,397.25,393.64,396.38,384.34,108194400.0,395.279,384.7644,-0.01068238564699231,42.376079390784476,0.5972114848719343,2.843354539950253,1,-11.54000000000002,-0.006747166994512499,0.12418642926610302,0,0.5013853461166329,0.1805524439380066,0,1,0,0,0,0,0,0,0,0,0,0
2023-02-27,399.87,401.29,396.75,397.73,385.65,80444700.0,394.8935,384.7644,0.003408440443357419,44.08578076742549,0.06513664889411075,2.2877109617390246,0,-9.240000000000009,-0.001969111335505258,-0.2564800026618753,0,0.5042659864543935,0.12356853328810166,0,1,0,0,0,0,0,0,0,0,0,0
2023-02-28,397.23,399.28,396.15,396.26,384.23,96438600.0,394.6835,384.7644,-0.0036820951640087474,42.60997084119374,-0.4657497513608746,1.7370188191190448,0,-2.740000000000009,-0.010956040367643638,0.19881856728908187,0,0.5011434602867446,0.15641195028156518,0,1,0,0,0,0,0,0,0,0,0,0
2023-03-01,395.41,396.69,393.38,394.74,382.75,99706800.0,394.114,384.7644,-0.0038518595632824892,41.066913694551204,-0.9944413783258028,1.1907267796300753,1,-3.6899999999999977,-0.004125514283933818,0.03388891999676469,0,0.4978889963937021,0.16312318740434556,0,0,0,0,0,0,0,0,0,0,0,0
2023-03-02,392.68,398.69,392.33,397.81,385.73,85127800.0,393.48400000000004,385.0464,0.0077857609405618255,45.35771915361386,-1.1596050019783206,0.7206604233083962,1,-2.759999999999991,0.00025180621327058894,-0.14621871326729974,0,0.504441903421585,0.13318526254876284,0,0,0,0,0,0,0,0,0,0,0,0
2023-03-03,399.71,404.45,399.03,404.19,391.92,90120000.0,392.8735,385.51520000000005,0.016047494361340897,53.010806928396526,-0.7820026558145514,0.4201278074838066,1,7.580000000000041,0.019981395738620233,0.05864359233998773,0,0.5180534787580262,0.14343672756447312,0,0,0,0,0,0,0,0,0,0,0,0
2023-03-06,405.05,407.45,404.01,404.47,392.19,72795900.0,392.4915,385.9792,0.0006889161053276194,53.317932344196336,-0.4557101890957824,0.24496020816788883,0,6.5400000000000205,0.024522171407230342,-0.19223368841544608,0,0.5186471985222975,0.10786174958308889,0,0,0,0,0,0,0,0,0,0,0,0
2023-03-07,404.42,404.67,397.63,398.27,386.18,108310600.0,391.93100000000004,386.2128,-0.015324205104668587,46.09566951787949,-0.6743048640130382,0.061107193731703424,1,1.9499999999999886,0.0014122053619999297,0.4878667617269654,0,0.5054314363620371,0.18079106022638156,0,0,0,0,0,0,0,0,0,0,0,0
2023-03-08,398.39,399.71,396.59,398.92,386.81,74746600.0,391.14250000000004,386.56579999999997,0.0016313636128231224,46.90753419508961,-0.7876277020363887,-0.10863978542191499,0,4.060000000000002,-0.013003925386517845,-0.3098865669657448,0,0.50681678247867,0.11186750512296029,0,0,0,0,0,0,0,0,0,0,0,0
2023-03-09,399.74,401.48,390.53,391.56,379.67,111945300.0,390.217,386.7336,-0.018458674801582142,39.623738088789416,-1.43701023664687,-0.374313875666906,0,-6.060000000000002,-0.03215151629342761,0.49766410779888326,0,0.49111619315682997,0.1882549038008782,0,0,0,0,0,0,0,0,0,0,0,0
2023-03-10,390.99,393.16,384.32,385.91,374.19,189253000.0,389.19,386.82099999999997,-0.014433587062449016,35.11665699644763,-2.3665605388442827,-0.7727632083023814,0,-17.730000000000018,-0.031260898251208036,0.6905845980134941,0,0.4790658809042132,0.3470059918973137,0,0,0,0,0,0,0,0,0,0,0,0
2023-03-13,381.81,390.39,380.65,385.36,373.66,157790000.0,388.0905,386.98979999999995,-0.0014163927416552813,34.7054901353966,-3.110150541547739,-1.240240674951453,1,-18.529999999999973,-0.03430865460568644,-0.1662483553761367,0,0.47790043099656965,0.2823968328513435,0,0,0,0,0,0,0,0,0,0,0,0
2023-03-14,390.5,393.45,387.05,391.73,379.84,149752400.0,387.0675,387.1506,0.016539099716319505,43.0750880619589,-3.1643005374943414,-1.6250526474600306,0,-6.340000000000032,0.0006891199122152081,-0.05093858926421191,0,0.4914900167121118,0.2658916497236097,0,0,0,0,0,0,0,0,0,0,0,0
2023-03-15,385.89,389.49,383.71,389.28,377.46,172996900.0,385.93500000000006,387.2834,-0.006265796124684031,40.90072481506086,-3.3605228928656743,-1.9721466965411594,1,-9.350000000000023,0.008856910849980193,0.1552195490689965,0,0.48625648693816503,0.31362414813266326,0,0,0,0,0,0,0,0,0,0,0,0
2023-03-16,386.82,396.47,386.29,396.11,384.08,143254200.0,385.06850000000003,387.57980000000003,0.01753828220208775,48.66320325491662,-2.9478706312008853,-2.1672914834731047,0,4.409999999999968,0.027811585793723226,-0.17192620214581877,0,0.5008136159732606,0.25254761904272977,0,0,0,0,0,0,0,0,0,0,0,0
2023-03-17,393.22,394.4,388.55,389.99,379.59,140553400.0,384.254,387.7294,-0.011690272859820938,44.403239149790366,-2.949150248059482,-2.3236632363903804,0,5.399999999999977,-0.00041778678241721767,-0.018853199417538935,0,0.4909402761896384,0.24700153581000067,0,0,0,0,0,0,0,0,0,0,0,0
2023-03-17,1.51 Dividend,,,,,,393.4165,398.58639999999997,0.0,44.403239149790366,-2.949150248059482,-2.4487606387242007,0,0.0,0.005848009342266813,0.0,0,0.49896648781775,0.14946538246474197,1,1,0,0,0,0,1,0,0,0,1,1
2023-03-20,390.8,394.17,390.07,393.74,383.24,93055800.0,393.4165,398.58639999999997,0.00961563792512976,44.40323914979037,-2.5860929886176223,-2.476227108702885,1,3.400000000000034,-0.0020746349346911774,-0.33793277145910383,0,0.49896648781775,0.14946538246474197,1,1,0,0,0,0,0,0,0,0,0,0
2023-03-21,397.24,399.41,395.58,398.91,388.27,91524200.0,393.4165,398.58639999999997,0.013124934766725715,50.46990533681278,-1.906586230643427,-2.362298933090994,0,10.810000000000002,0.022740572691855476,-0.016458941839197605,0,0.5100272671299145,0.14632024729025742,1,1,0,0,0,0,0,0,0,0,0,0
2023-03-22,398.73,402.49,392.07,392.11,381.66,111746600.0,393.4165,398.58639999999997,-0.01702423571226197,43.718636854005,-1.8797751099440916,-2.265794168461613,1,-2.419999999999959,0.005716336979593506,0.22095139864647817,0,0.49549212771571816,0.18784687405474992,1,1,0,0,0,0,0,0,0,0,0,0
2023-03-23,395.09,399.29,390.35,393.17,382.69,119351300.0,393.4165,398.58639999999997,0.00269873709584445,44.954290657393734,-1.755182065408178,-2.1636717478509264,1,3.1000000000000227,-0.0012005638496918047,0.06805307723009024,0,0.49775705866830855,0.20346309856598183,1,1,0,0,0,0,0,0,0,0,0,0
2023-03-24,391.84,395.84,389.4,395.75,385.2,107682400.0,393.4165,398.58639999999997,0.006558833520604157,47.95309604981175,-1.4373364371774073,-2.018404685716223,1,0.0,-0.007766665095813363,-0.09776935818880905,0,0.5032764535139413,0.17950105375170722,1,1,0,0,0,0,1,0,0,0,0,0
2023-03-27,398.12,398.92,395.56,396.49,385.92,74010400.0,393.4165,398.58639999999997,0.0018691588785046953,48.81451630709912,-1.114496284721099,-1.8376230055171983,0,2.680000000000007,0.011126729494953302,-0.3126973395838132,0,0.5048597062186647,0.11035572103086344,1,1,0,0,0,0,0,0,0,0,0,0
2023-03-28,395.77,396.49,393.69,395.6,385.05,62871700.0,393.4165,398.58639999999997,-0.0022543532338308303,47.78534807165775,-0.9182597403781756,-1.6537503524893937,1,-3.2199999999999704,0.006173639165278022,-0.15050182136564594,0,0.5029466092004573,0.08748244003841682,1,1,0,0,0,0,0,0,0,0,0,0
2023-03-29,399.93,401.6,398.68,401.35,390.65,77497900.0,393.4165,398.58639999999997,0.014543565770678946,54.44333268085775,-0.3073250148630109,-1.3844652849641172,1,8.989999999999952,0.01415837141535281,0.23263566914844036,0,0.5152607969038613,0.11751728992679902,1,1,0,0,0,0,0,0,0,0,0,0
2023-03-30,404.09,404.35,401.76,403.7,392.94,69840000.0,393.4165,398.58639999999997,0.005862024830410872,56.865516720830705,0.3575078899122559,-1.0360706499888426,1,10.25,0.018151237367258988,-0.09881429045174128,0,0.5202964200897175,0.10179181940402193,1,1,0,0,0,0,0,0,0,0,0,0
2023-03-31,404.66,409.7,404.55,409.39,398.47,112062600.0,393.4165,398.58639999999997,0.014073395429327729,62.105243539180364,1.3154538080135012,-0.565765758388374,1,13.270000000000039,0.03447898603041755,0.6045618556701031,0,0.5324566804468291,0.18849577893535654,1,1,0,0,0,0,0,0,0,0,0,0
2023-04-03,408.85,411.37,408.44,410.95,399.99,67391100.0,393.4165,398.58639999999997,0.0038145908098476955,63.420542407531116,2.172243871391913,-0.018163832432316507,0,14.069999999999993,0.023750011069586296,-0.39862987294601415,0,0.5357991028234673,0.09676301192896627,1,1,0,0,0,0,0,0,0,0,0,0
2023-04-04,411.62,411.92,407.24,408.67,397.77,66601500.0,393.4165,398.58639999999997,-0.005550138753468881,60.13744069504201,2.6416692045642094,0.5138027749669887,0,12.71999999999997,0.012337847485706543,-0.011716680689289882,0,0.5309174069839036,0.09514157112603272,1,1,0,0,0,0,0,0,0,0,0,0
2023-04-05,407.91,408.7,405.88,407.6,396.73,65200200.0,393.4165,398.58639999999997,-0.002614576262664259,58.60681996535812,2.896385129932071,0.9903192459600052,1,6.080000000000041,-0.004350124206285444,-0.021040066665165225,0,0.5286304864104142,0.09226400653997552,1,1,0,0,0,0,0,0,0,0,0,0
2023-04-06,406.77,409.48,405.68,409.19,398.28,63743300.0,393.4165,398.58639999999997,0.003906939228190298,60.23141754665354,3.186588374822179,1.42957307173244,1,5.339999999999975,-0.004257775787942841,-0.022345023481523008,0,0.5320388776497492,0.08927226755087486,1,1,0,0,0,0,0,0,0,0,0,0
2023-04-10,406.61,409.69,405.97,409.61,398.69,63681000.0,393.4165,398.58639999999997,0.0010294265340966557,60.67112655016146,3.4103477447523574,1.8257280063364236,1,0.21999999999997044,0.002321789499622695,-0.0009773576203302436,0,0.5329404521066056,0.08914433472156538,1,1,0,0,0,0,0,0,0,0,0,0
2023-04-11,410.26,411.18,408.92,409.72,398.8,59297900.0,393.4165,398.58639999999997,0.00027590358423834616,60.79636713090234,3.5555683594299126,2.1716960769551212,0,-1.1899999999999977,0.0052122693465253,-0.06882900708217521,0,0.5331823379364939,0.08014365439818899,1,1,0,0,0,0,0,0,0,0,0,0
2023-04-12,411.87,412.17,407.44,408.05,397.17,86420400.0,393.4165,398.58639999999997,-0.004087261785356011,57.856257618805316,3.4987974067193477,2.4371163429079665,1,-0.5999999999999659,-0.0027819316670210092,0.4573939380652603,0,0.5295980297299674,0.1358396120698772,1,1,0,0,0,0,0,0,0,0,0,0
2023-04-13,409.18,413.84,407.99,413.47,402.45,85814800.0,393.4165,398.58639999999997,0.013294055442253816,63.939661840081214,3.835642986143,2.7168216715549733,0,5.71999999999997,0.009482697241136151,-0.007007604685930646,0,0.5412085495646054,0.134596014615145,1,1,0,0,0,0,0,0,0,0,0,0
2023-04-14,412.81,415.09,410.06,412.46,401.46,78161500.0,393.4165,398.58639999999997,-0.0024599329109206147,62.12877090902042,3.976867950236908,2.9688309272913607,1,3.180000000000007,0.00674686074597719,-0.08918391699333916,0,0.5390315770956108,0.11887999017607295,1,1,0,0,0,0,0,0,0,0,0,0
2023-04-17,412.37,413.96,411.09,413.94,402.9,66436400.0,393.4165,398.58639999999997,0.0035869077865788856,63.73753109252575,4.157065652017138,3.2064778722365164,1,4.2099999999999795,0.014421030317912087,-0.1500111947698035,0,0.5421980825050575,0.09480253886088033,0,1,0,0,0,0,0,0,0,0,0,0
2023-04-18,415.58,415.72,412.78,414.21,403.17,63560000.0,394.41299999999995,398.58639999999997,0.0006701414743113254,64.04593217776313,4.272410681594067,3.419664434108027,0,4.3700000000000045,0.0017971163499695963,-0.04329554280484793,0,0.5427918022693289,0.08889586165019386,0,1,0,0,0,0,0,0,0,0,0,0
2023-04-19,412.22,415.08,412.16,414.14,403.1,55227300.0,395.1545,398.58639999999997,-0.00017362402956566658,63.894213511545246,4.308508232611928,3.5974331938088073,0,5.930000000000007,0.0040834252313245445,-0.13109974826935178,0,0.5426378749230363,0.07178469171781757,0,1,0,0,0,0,0,0,0,0,0,0
2023-04-20,411.21,413.7,410.27,411.88,400.9,75840400.0,396.1165,398.58639999999997,-0.005457702803274733,59.15154387750438,4.112191405259978,3.7003848360990417,1,-1.5500000000000114,-0.004961185358529074,0.37324113255581937,0,0.5378001583252704,0.1141136195483006,0,1,0,0,0,0,0,0,0,0,0,0
2023-04-21,412.19,412.68,410.17,412.2,401.21,73457400.0,397.04249999999996,398.58639999999997,0.0007732601646295301,59.606527983568654,3.936248689753313,3.747557606829896,1,-0.25,-0.00485806666821087,-0.03142124777822897,0,0.5384818365731374,0.10922013748980183,0,1,0,0,0,0,0,0,0,0,0,0
2023-04-24,411.99,413.07,410.6,412.63,401.63,64332100.0,397.864,398.58639999999997,0.0010468333291793197,60.25248385948197,3.7870485714532265,3.7554557997545626,0,-1.2699999999999818,-0.0036376093094658835,-0.1242257417224133,0,0.5394054006508927,0.09048136626511913,0,1,0,0,0,0,0,0,0,0,0,0
2023-04-25,410.58,411.16,406.02,406.08,395.25,97766700.0,398.3305,398.58639999999997,-0.01588526753479569,47.75855751456115,3.1180507742500367,3.6279747946536576,0,-7.920000000000016,-0.014065174040986839,0.5197187718106513,0,0.5253760225173717,0.1591391989269249,0,1,0,0,0,0,0,0,0,0,0,0
2023-04-26,406.72,407.84,403.78,404.36,393.58,80447000.0,398.75699999999995,398.58639999999997,-0.0042251739405440025,45.12110764106993,2.4251544855665657,3.3874107328362393,1,-9.520000000000039,-0.01906360814616037,-0.17715336612568489,0,0.5217037558272495,0.12357325632995417,0,1,0,0,0,0,0,0,0,0,0,0
2023-04-27,407,412.69,406.74,412.41,401.41,92968400.0,399.29499999999996,398.58639999999997,0.019894303572336014,57.08714591274817,2.4792653193835577,3.2057816501457035,1,0.5100000000000477,-0.00021613790300367697,0.15564781781794235,0,0.5389216289911162,0.14928590687434634,0,1,0,0,0,0,0,0,0,0,0,0
2023-04-28,411.49,415.94,411.43,415.93,404.84,89335600.0,399.89,398.58639999999997,0.008544879300465658,61.08961193512991,2.767024345087691,3.1180301891341013,0,3.6299999999999955,0.02421400893225767,-0.03907564290662202,0,0.546464068959451,0.14182596494311916,0,1,0,0,0,0,0,0,0,0,0,0
2023-05-01,415.47,417.62,415.27,415.51,404.43,62122300.0,400.188,398.58639999999997,-0.001012745776108992,60.364844354028676,2.9282369795272984,3.080071547212741,0,2.8000000000000114,0.02742643709669268,-0.30461876340451066,0,0.5455624945025948,0.08594354979307942,0,1,0,0,0,0,0,0,0,0,0,0
2023-05-02,414.77,414.82,407.82,410.84,399.89,103998500.0,400.18300000000005,398.58639999999997,-0.011225675642261956,52.88306810737143,2.659007710446872,2.9958587798595677,0,4.639999999999986,-0.0036935421179052907,0.674092878080818,0,0.5355792066144779,0.1719361781514959,0,1,0,0,0,0,0,0,0,0,0,0
2023-05-03,411.36,413.87,407.77,408.02,397.14,91531800.0,400.1515,398.58639999999997,-0.006876891145064845,48.927278252428266,2.198397796375957,2.8363665831628455,0,3.5600000000000023,-0.019115312563435793,-0.11987384433429327,0,0.5295320608672706,0.1463358538633353,0,1,0,0,0,0,0,0,0,0,0,0
2023-05-04,406.93,407.27,403.74,405.13,394.33,94901900.0,400.03149999999994,398.58639999999997,-0.007075590471873894,45.20616772312986,1.5883085725725437,2.586754981044785,1,-7.080000000000041,-0.025178157259200695,0.03681889791307502,0,0.5233529773946696,0.15325634227514676,0,1,0,0,0,0,0,0,0,0,0,0
2023-05-05,408.91,413.72,408.64,412.63,401.63,87844000.0,400.19899999999996,398.58639999999997,0.01851241346080701,54.81949663611424,1.674554239705742,2.4043148327769766,1,-3.2099999999999795,0.00455993184386827,-0.07437048151828363,0,0.5394054006508927,0.13876296962693924,0,1,0,0,0,0,0,0,0,0,0,0
2023-05-08,412.97,413.24,411.28,412.74,401.74,50046800.0,400.3515,398.58639999999997,0.00027388392301386233,54.94776306203197,1.7318173209102952,2.2698153304036404,0,-2.6899999999999977,0.011710706911946978,-0.4302763990710805,0,0.5396472864807811,0.0611465533191382,0,1,0,0,0,0,0,0,0,0,0,0
2023-05-09,411.13,412.09,410.69,410.93,399.97,49220100.0,400.40999999999997,398.58639999999997,-0.00440583461940558,52.37131907296727,1.6157491671997946,2.139002097762871,1,0.08000000000004093,0.014380462764415292,-0.016518538647825598,0,0.5357551235816694,0.05944892779762711,0,1,0,0,0,0,0,0,0,0,0,0
2023-05-10,413.88,414.54,408.87,412.85,401.84,96142900.0,400.6435,398.58639999999997,0.004675350651298649,54.78355681962782,1.655573272786171,2.0423163327675313,0,4.699999999999989,0.0005433999549069313,0.9533259786144279,0,0.5398671826897703,0.15580473137904813,0,1,0,0,0,0,0,0,0,0,0,0
2023-05-11,411.95,412.43,409.97,412.13,401.14,70157100.0,400.57800000000003,398.58639999999997,-0.001741986860441913,53.687418912008646,1.6120671073876451,1.956266487691554,0,6.810000000000002,-0.0014724708285488441,-0.27028308902685483,0,0.5383279092268448,0.10244298313073194,0,1,0,0,0,0,0,0,0,0,0,0
2023-05-12,413.42,413.64,409.07,411.59,400.62,70439400.0,400.536,398.58639999999997,-0.001296305529241648,52.84159324004492,1.5181284637575914,1.8686388829047615,1,-1.009999999999991,0.0016370582616150875,0.004023826526466934,0,0.5371844489401002,0.10302268518071692,0,1,0,0,0,0,0,0,0,0,0,0
2023-05-15,412.22,413.43,410.23,413.01,402.0,54289400.0,400.49100000000004,398.58639999999997,0.0034446607757974146,54.8734849536779,1.5373146721527746,1.8023740407543642,0,0.2599999999999909,0.0004063683861138534,-0.2292750932006803,0,0.5402190166241534,0.06985871739021957,0,1,0,0,0,0,0,0,0,0,0,0
2023-05-16,411.86,412.82,410.24,410.25,399.31,57705500.0,400.298,398.58639999999997,-0.006691542288557173,50.32196065172502,1.3202404516970887,1.7059473229429092,1,-0.660000000000025,-0.0045431870420014064,0.06292388569407659,0,0.5343038086023396,0.07687366663908138,0,1,0,0,0,0,0,0,0,0,0,0
2023-05-17,412.35,415.86,410.64,415.23,404.16,87287000.0,400.351,398.58639999999997,0.012145951766797891,57.212939494123,1.5220171684147203,1.6691612920372716,1,2.32000000000005,0.008899070254038133,0.5126287788858948,0,0.5449687747383235,0.13761917210004718,0,1,0,0,0,0,0,0,0,0,0,0
2023-05-18,414.9,419.67,414.67,419.23,408.05,97177200.0,400.7085,398.58639999999997,0.009624901029295252,61.790935600646215,1.9730728049494815,1.7299435946197137,0,6.910000000000025,0.01507931050753597,0.11330667797037353,0,0.5535227372680095,0.1579286627651603,0,1,0,0,0,0,0,0,0,0,0,0
2023-05-19,420.17,420.72,417.35,418.62,407.46,103679700.0,401.021,398.58639999999997,-0.0014459012375934721,60.7296054043133,2.256913285938822,1.8353375328835355,1,6.839999999999975,0.02032495155849967,0.06691384398809608,0,0.5522253496349722,0.1712815234808079,0,1,0,0,0,0,0,0,0,0,0,0
2023-05-22,418.64,420.39,417.35,418.79,407.62,60745400.0,401.3205,398.58639999999997,0.0003926765817503508,60.925611956383,2.466339152401247,1.9615378567870778,0,5.6200000000000045,0.00857167637345213,-0.41410517198641583,0,0.5525771835693553,0.08311609052058805,0,1,0,0,0,0,0,0,0,0,0,0
2023-05-23,417.08,418.72,413.68,414.09,403.05,86383500.0,401.7105,398.58639999999997,-0.011211422403218707,52.81678250803162,2.2377544135623566,2.0167811681421335,0,3.740000000000009,-0.012264647059061828,0.4220582957721901,0,0.5425279268185416,0.13576383805059117,0,1,0,0,0,0,0,0,0,0,0,0
2023-05-24,412.42,412.82,409.88,411.09,400.13,89213700.0,402.038,398.58639999999997,-0.007244758714799682,48.38554303986516,1.8002278584771148,1.9734705062091298,1,-4.03000000000003,-0.018063504536268038,0.03276320130580501,0,0.5361069575160523,0.1415756437249358,0,1,0,0,0,0,0,0,0,0,0,0
2023-05-25,414.74,416.16,412.41,414.65,403.59,90961600.0,402.14700000000005,398.58639999999997,0.008647189663359311,53.377042505308374,1.712932376760989,1.9213628803195018,1,-4.460000000000036,-0.009808991454659077,0.01959228235125332,0,0.5437153663470841,0.1451649501832027,0,1,0,0,0,0,0,0,0,0,0,0
2023-05-26,415.33,420.77,415.25,420.02,408.82,93830000.0,402.346,398.58639999999997,0.012958695706038359,59.718329545464634,2.042225861151337,1.945535476485869,1,1.3600000000000136,0.014361126654597989,0.03153418585425061,0,0.5552159380772275,0.15105519942222825,0,1,0,0,0,0,0,0,0,0,0,0
2023-05-30,422.03,422.58,418.74,420.18,408.98,72216000.0,402.5735,398.58639999999997,0.00039137028521119,59.898028806302854,2.289709635404222,2.0143703082695397,0,1.3600000000000136,0.02199725565460886,-0.2303527656399872,0,0.5555677720116105,0.1066709269873174,0,0,0,0,0,0,0,0,0,0,0,0
2023-05-31,418.28,419.22,416.22,417.85,406.71,110811800.0,402.9145,399.0557999999999,-0.005550393662281827,56.075897443329545,2.2764310011532416,2.06678244684628,1,3.659999999999968,0.007799672328967722,0.5344494294893098,0,0.550576128067552,0.18592726556617054,0,0,0,0,0,0,0,0,0,0,0,0
2023-06-01,418.09,422.92,416.79,421.82,410.57,88865000.0,403.586,399.5018,0.009490791964790635,60.671539130260825,2.548005507068808,2.1630270588907856,1,10.439999999999998,0.004331768587719997,-0.19805471980420852,0,0.5590641217345412,0.1408595895101651,0,0,0,0,0,0,0,0,0,0,0,0
2023-06-02,424.5,428.74,423.95,427.92,416.51,91366700.0,404.69500000000005,400.19880000000006,0.01446769125849423,66.48307878544256,3.205586609913553,2.3715389690953392,0,12.920000000000016,0.018408089561003038,0.0281516907668935,0,0.5721259565485091,0.14599682159818292,0,0,0,0,0,0,0,0,0,0,0,0
2023-06-05,428.28,429.62,426.37,427.1,415.71,65460200.0,405.399,400.8592,-0.0019207221915440442,65.08807964888356,3.620436914308584,2.6213185581379883,1,6.889999999999986,0.02203776103174082,-0.28354422344245767,0,0.5703667868765941,0.09279791561895567,0,0,0,0,0,0,0,0,0,0,0,0
2023-06-06,426.67,428.58,425.99,428.03,416.62,64022200.0,406.14300000000003,401.48759999999993,0.0021890260037045195,65.96296398019685,3.976796133828259,2.8924140732760426,0,7.639999999999986,0.014735995070654706,-0.02196754669249401,0,0.5723678423783973,0.08984498771290395,0,0,0,0,0,0,0,0,0,0,0,0
2023-06-07,428.44,429.62,426.11,426.55,415.18,85373300.0,406.9035,402.0728,-0.003456387115356896,63.26136286119816,4.095803543607701,3.1330919673423745,1,8.470000000000027,-0.0031880833031964206,0.3334952563329594,0,0.5692013369689506,0.13368939592910756,0,0,0,0,0,0,0,0,0,0,0,0
2023-06-08,426.62,429.6,425.82,429.13,417.69,61952800.0,407.696,402.72560000000004,0.006045570595886174,65.88420680525746,4.342595063593194,3.3749925865925388,1,7.1200000000000045,0.004778209484233797,-0.2743304991138916,0,0.5747207318145835,0.08559548214351353,0,0,0,0,0,0,0,0,0,0,0,0
2023-06-09,429.96,431.99,428.87,429.9,418.44,85742800.0,408.561,403.2814,0.0017955900308841422,66.65035511681569,4.546291040065171,3.6092522772870654,1,1.9300000000000068,0.00438477351141342,0.38400201443679705,0,0.5763699533820036,0.13444816287019665,0,0,0,0,0,0,0,0,0,0,0,0
2023-06-12,430.92,433.88,430.17,433.8,422.23,76104300.0,409.6415,403.8672,0.009057451486473633,70.28226982361305,4.956408502656473,3.878683522360947,1,6.520000000000039,0.01689861211324395,-0.11241177101750821,0,0.5847040197027003,0.11465553726346545,0,0,0,0,0,0,0,0,0,0,0,0
2023-06-13,435.32,437.33,434.63,436.66,425.02,95899700.0,410.7925,404.3982,0.0066077730147076075,72.64408219873873,5.443806417761721,4.191708101441102,1,8.399999999999977,0.017460814532065383,0.2601088243371268,0,0.5908391239335032,0.15530532104055594,0,0,0,0,0,0,0,0,0,0,0,0
2023-06-14,437.01,439.06,433.59,437.18,425.52,100612100.0,412.10299999999995,404.9088,0.0011764152275186568,73.0573396747893,5.803519241074866,4.514070329367855,1,10.339999999999975,0.016841639728699898,0.04913883985038536,0,0.5919386049784501,0.16498221774742527,0,0,0,0,0,0,0,0,0,0,0,0
2023-06-15,436.33,443.9,436.23,442.6,430.8,110303100.0,413.43500000000006,405.56940000000003,0.012408347433728206,77.00741852144131,6.440405136934714,4.899337290881228,0,13.110000000000014,0.02019253567595447,0.09632042269269792,0,0.6035491248130882,0.18488265191818132,0,0,0,0,0,0,0,0,0,0,0,0
2023-06-16,443.02,443.61,438.97,439.46,429.33,114121300.0,414.49899999999997,406.2214,-0.003412256267409486,73.76489515951309,6.748729925577777,5.2692158178205375,0,10.889999999999986,0.010172506393837377,0.0346155275781006,0,0.6003166505409446,0.19272331209265048,0,0,0,0,0,0,0,0,0,0,0,0
2023-06-16,1.64 Dividend,,,,,,431.05,434.70579999999995,0.0,73.76489515951309,6.748729925577777,5.565118639371986,0,0.0,0.00899609116631872,0.0,0,0.595412965080482,0.1147707384147377,1,1,0,0,0,0,1,0,0,0,1,1
2023-06-20,437.45,438.37,435.03,437.18,427.1,76160400.0,431.05,434.70579999999995,-0.0051941397060535355,73.76489515951309,6.805872773291924,5.813269466155973,0,2.080000000000041,-0.008606395973463021,-0.3326364140611787,0,0.595412965080482,0.1147707384147377,1,1,0,0,0,0,0,0,0,0,0,0
2023-06-21,436.16,436.99,434.33,434.94,424.92,76982300.0,431.05,434.70579999999995,-0.005104191055958829,68.42812615694788,6.528423709673234,5.956300314859426,1,-0.5999999999999659,-0.010298330762012364,0.01079169752259701,0,0.590619227724514,0.11645850715325223,1,1,0,0,0,0,0,0,0,0,0,0
2023-06-22,433.95,436.62,433.6,436.51,426.45,70637200.0,431.05,434.70579999999995,0.0036006777746397933,70.06504413459311,6.358702378237808,6.036780727535103,0,-4.350000000000023,-0.006697652987372571,-0.08242284265344113,0,0.5939836397220511,0.10342886678003335,1,1,0,0,0,0,0,0,0,0,0,0
2023-06-23,432.93,435.06,432.47,433.21,423.23,92074500.0,431.05,434.70579999999995,-0.007550709344589013,62.69745200050932,5.896399883486538,6.008704558725389,0,-6.099999999999966,-0.009054222625908048,0.30348456620590847,0,0.5869029817925939,0.14745028639088348,1,1,0,0,0,0,0,0,0,0,0,0
2023-06-26,432.62,434.61,431.19,431.44,421.5,72823600.0,431.05,434.70579999999995,-0.004087611936771984,59.101627159776825,5.328995935935154,5.872762834167343,1,0.0,-0.008037643506721204,-0.20907960401631287,0,0.5830987773770779,0.10791863143496486,1,1,0,0,0,0,1,0,0,0,0,0
2023-06-27,432.35,436.81,431.88,436.17,426.12,72813700.0,431.05,434.70579999999995,0.010960854092526784,64.89232909573707,5.192266393711861,5.736663546076247,1,-0.9800000000000182,-0.0006774671888342132,-0.00013594494092572518,0,0.5932579822323862,0.10789830182003446,1,1,0,0,0,0,0,0,0,0,0,0
2023-06-28,435.05,437.44,434.41,436.39,426.33,75636000.0,431.05,434.70579999999995,0.0004928189242465741,65.13398062677717,5.042723118252468,5.597875460511491,1,1.4099999999999682,0.007366061080001374,0.03876056291604457,0,0.5937197642712638,0.1136938848723639,1,1,0,0,0,0,0,0,0,0,0,0
2023-06-29,435.96,438.28,435.54,438.11,428.01,67882300.0,431.05,434.70579999999995,0.003940609387094618,67.08582495594001,5.002109747242912,5.478722317857775,1,1.5600000000000023,0.015394282403867976,-0.10251335342958379,0,0.5974140205822851,0.09777168938894723,1,1,0,0,0,0,0,0,0,0,0,0
2023-06-30,441.44,444.3,441.11,443.28,433.06,104921500.0,431.05,434.70579999999995,0.011798789747903049,72.13547453482454,5.316135057736858,5.446204865833591,1,9.829999999999984,0.01623221805924424,0.5456385537908999,0,0.6085187791362476,0.1738315553818754,1,1,0,0,0,0,0,0,0,0,0,0
2023-07-03,442.92,444.08,442.63,443.79,433.56,32793400.0,431.05,434.70579999999995,0.0011545744238674605,72.5839578954699,5.5414695880927525,5.465257810285424,0,12.060000000000002,0.016893973558865127,-0.6874482351091054,0,0.6096182601811945,0.025716757537307407,1,1,0,0,0,0,0,0,0,0,0,0
2023-07-05,441.91,443.89,441.9,443.13,432.92,58418400.0,431.05,434.70579999999995,-0.0014761509364332737,71.00852528931449,5.6038089541767135,5.492968039063682,0,6.800000000000011,0.011477213235337236,0.7814072343825282,0,0.6082109244436625,0.07833760426371578,1,1,0,0,0,0,0,0,0,0,0,0
2023-07-06,439.42,440.1,437.06,439.66,429.53,80658300.0,431.05,434.70579999999995,-0.00783054605931821,63.18539928125376,5.3183619167305665,5.4580468145970595,0,3.1999999999999886,-0.008152122571884024,0.38070025882256275,0,0.6007564429589233,0.12400716013144841,1,1,0,0,0,0,0,0,0,0,0,0
2023-07-07,438.63,442.64,438.3,438.55,428.44,86076100.0,431.05,434.70579999999995,-0.0025376574395268303,60.863526463003325,4.947161395463866,5.35586973077042,1,0.4300000000000068,-0.011844354435278315,0.06716977669998014,0,0.5983595742809393,0.13513259323952004,1,1,0,0,0,0,0,0,0,0,0,0
2023-07-10,438.18,439.84,437.59,439.66,429.53,62443500.0,431.05,434.70579999999995,0.0025441135281485394,62.35334300996681,4.686908435548787,5.222077471726094,1,-3.5300000000000296,-0.007824089970696502,-0.27455472541158343,0,0.6007564429589233,0.08660313285526566,1,1,0,0,0,0,0,0,0,0,0,0
2023-07-11,440.45,442.97,439.44,442.46,432.26,64463800.0,431.05,434.70579999999995,0.006355784229273853,65.85884446640696,4.647372259711574,5.10713642932319,1,-1.3000000000000114,0.006362240317895562,0.03235404805944575,0,0.6067596094643327,0.09075181174858715,1,1,0,0,0,0,0,0,0,0,0,0
2023-07-12,446.39,447.48,444.91,446.02,435.74,91924500.0,431.05,434.70579999999995,0.008050710220700585,69.72839452878654,4.841041953745616,5.053917534207676,1,2.819999999999993,0.016950607978122978,0.4259863675427138,0,0.6144119975371625,0.14714226192224109,1,1,0,0,0,0,0,0,0,0,0,0
2023-07-13,447.9,450.38,447.45,449.56,439.2,72425200.0,431.05,434.70579999999995,0.00794051498600079,73.00448178683982,5.213620295752378,5.085858086516616,0,9.670000000000016,0.02234700943597523,-0.21212299223819553,0,0.6220204063681941,0.10710051844625065,1,1,0,0,0,0,0,0,0,0,0,0
2023-07-14,450.48,451.36,448.49,449.28,438.93,69761800.0,431.05,434.70579999999995,-0.0006147540983606481,72.34650599371705,5.424573466318861,5.153601162477065,1,10.490000000000009,0.015376471108340728,-0.0367744928560777,0,0.6214266866039229,0.10163123598103638,1,1,0,0,0,0,0,0,0,0,0,0
2023-07-17,449.13,451.93,449.08,450.84,440.45,52680200.0,431.05,434.70579999999995,0.0034629667600756253,73.7792544117233,5.649285227118071,5.2527379754052665,1,10.920000000000016,0.010788727647715768,-0.24485606736064724,0,0.624769108980561,0.06655423089062401,1,1,0,0,0,0,0,0,0,0,0,0
2023-07-18,450.5,454.86,450.05,454.19,443.72,80744400.0,431.05,434.70579999999995,0.0074242252242027185,76.58935665891647,6.021816831993647,5.406553746722944,1,11.460000000000036,0.010272437885917696,0.5327276661819811,0,0.6319597150145131,0.12418396617644914,0,1,0,0,0,0,0,0,0,0,0,0
2023-07-19,455.01,456.43,454.11,455.2,444.71,65891700.0,431.93049999999994,434.70579999999995,0.0022311367529070925,77.37975587087598,6.3240359887252,5.590050195123395,0,8.96999999999997,0.013118328737185436,-0.18394712202951535,0,0.6341366874835077,0.09368399934041693,0,1,0,0,0,0,0,0,0,0,0,0
2023-07-20,454.17,455.1,451.44,452.18,441.76,70591600.0,432.7724999999999,434.70579999999995,-0.0066335364619639625,69.81565248760154,6.253420957802916,5.7227243476593,0,2.5600000000000023,0.0030218255151458484,0.07132764824704774,0,0.6276497493183216,0.10333522734156608,0,1,0,0,0,0,0,0,0,0,0,0
2023-07-21,453.96,454.17,452.17,452.18,441.76,71245400.0,433.538,434.70579999999995,0.0,69.81565248760154,6.126831734626762,5.803545825052793,1,2.829999999999984,-0.00440239970905687,0.009261725191099135,0,0.6276497493183216,0.10467780332555537,0,1,0,0,0,0,0,0,0,0,0,0
2023-07-24,453.37,455.04,452.3,454.2,443.73,54023400.0,434.563,434.70579999999995,0.004459434987323485,71.94002629180086,6.114981696700966,5.865832999382428,1,3.2800000000000296,-0.0021741014746404774,-0.24172788699340586,0,0.631981704635412,0.06931248733249373,0,1,0,0,0,0,0,0,0,0,0,0
2023-07-25,453.92,456.74,453.87,455.44,444.94,55191200.0,435.735,434.70579999999995,0.002726883465170138,73.18821074757356,6.132535294375032,5.919173458380948,1,1.2199999999999704,0.007186318452493623,0.021616558750467307,0,0.6346424487641832,0.07171056049569763,0,1,0,0,0,0,0,0,0,0,0,0
2023-07-26,454.47,456.99,453.38,455.51,445.01,71052900.0,436.6795,434.70579999999995,0.00015732458308992392,73.26230981629857,6.081985716548502,5.95173591001446,0,0.30000000000001137,0.007343643035583547,0.28739545434779457,0,0.6347963761104758,0.1042825052574643,0,1,0,0,0,0,0,0,0,0,0,0
2023-07-27,459.02,459.44,451.55,452.49,442.06,92194400.0,437.466,434.70579999999995,-0.006629064515404126,65.0972686463735,5.737743332592686,5.9089373945301045,1,0.30000000000001137,-0.0037448564671440643,0.2975459129746991,0,0.6283094379452898,0.1476965006161516,0,1,0,0,0,0,0,0,0,0,0,0
2023-07-28,455.88,457.78,452.49,456.92,446.39,80011800.0,438.38499999999993,434.70579999999995,0.009795050445640774,70.32505937605636,5.748063478124834,5.876762611249051,1,4.6299999999999955,0.0033233105133265717,-0.1321403469191187,0,0.6378309437945289,0.1226795746715997,0,1,0,0,0,0,0,0,0,0,0,0
2023-07-31,457.41,458.16,456.05,457.79,447.24,62040400.0,439.09400000000005,434.70579999999995,0.0019041645198145662,71.23586521815281,5.758450333135784,5.8531001556263975,0,3.509999999999991,0.005070150450051214,-0.2246093701179076,0,0.6397000615709385,0.08577536843320069,0,1,0,0,0,0,0,0,0,0,0,0
2023-08-01,456.27,457.25,455.49,456.48,445.96,55291500.0,439.71400000000006,434.70579999999995,-0.0028619980323764116,67.85821918835786,5.5988565547752955,5.802251435456177,0,1.0199999999999818,0.008837216933078929,-0.10878234182887281,0,0.6368853900958746,0.07191652619039651,0,1,0,0,0,0,0,0,0,0,0,0
2023-08-02,453.25,453.52,449.35,450.13,439.76,93933400.0,440.05600000000004,434.70579999999995,-0.013902592160731864,54.40265458249602,4.915427166546635,5.624886581674269,0,-5.25,-0.014860425673293709,0.698875957425644,0,0.6232518251385345,0.15126753095594572,0,1,0,0,0,0,0,0,0,0,0,0
2023-08-03,448.04,450.79,447.37,448.84,438.5,64276100.0,440.5045,434.70579999999995,-0.0028651991995634063,52.13992123523713,4.223447706634772,5.34459880666637,0,-3.5600000000000023,-0.01962978939267168,-0.3157268873478444,0,0.6204811329052686,0.09036637046349263,0,1,0,0,0,0,0,0,0,0,0,0
2023-08-04,450.72,452.9,446.27,446.81,436.51,100052300.0,440.908,434.70579999999995,-0.004538198403648774,48.69510686897958,3.4744216601895346,4.970563377371002,1,-9.879999999999995,-0.021305989763944044,0.5566019095744763,0,0.6161051983463804,0.16383267043045188,0,1,0,0,0,0,0,0,0,0,0,0
2023-08-07,448.71,450.87,447.99,450.71,440.32,58357500.0,441.44750000000005,434.70579999999995,0.008728322375203268,54.84612568244063,3.1519149667046236,4.606833695237727,0,-6.920000000000016,0.0013249247719910873,-0.41673005018375386,0,0.6244832439088749,0.07821254632944696,0,1,0,0,0,0,0,0,0,0,0,0
2023-08-08,448.08,450.7,445.27,448.75,438.41,71361300.0,441.755,434.70579999999995,-0.004337754360465018,51.511943843328865,2.7109548511058392,4.227657926411349,0,-7.5499999999999545,-0.0001476303889105246,0.22282997044081743,0,0.6202832263171782,0.10491580356499305,0,1,0,0,0,0,0,0,0,0,0,0
2023-08-09,449.03,449.2,444.96,445.75,435.48,78789600.0,441.742,434.70579999999995,-0.006683241714376953,46.81075290905896,2.1008470129460193,3.8022957437182834,1,-4.279999999999973,-0.002292673699638703,0.10409423595141898,0,0.6138402673937902,0.12016979130110153,0,1,0,0,0,0,0,0,0,0,0,0
2023-08-10,448.19,451.7,444.7,445.91,435.63,93005500.0,441.56350000000003,434.70579999999995,0.0003444475061999963,47.077041395035955,1.6108668319039907,3.364009961355425,0,-2.8700000000000045,-0.010676548568641975,0.1804286352513529,0,0.6141701117072741,0.1493620915929239,0,1,0,0,0,0,0,0,0,0,0,0
2023-08-11,443.97,446.7,443.35,445.65,435.38,68664600.0,441.38599999999997,434.70579999999995,-0.0005738815049468604,46.65777887619212,1.1886787489576705,2.9289437188758742,1,-1.1299999999999955,-0.006912675713123817,-0.2617146297799593,0,0.6136203711848007,0.09937813966774017,0,1,0,0,0,0,0,0,0,0,0,0
2023-08-14,444.7,448.11,444.38,448.11,437.78,47867400.0,441.25250000000005,434.70579999999995,0.005512425926776476,51.15508217575393,1.0358114047808726,2.550317256056874,0,-2.5400000000000205,0.005282991928029612,-0.3028809604949275,0,0.6188978802005453,0.05667116313941003,0,1,0,0,0,0,0,0,0,0,0,0
2023-08-15,446.27,446.64,442.3,442.89,432.68,75707500.0,440.70050000000003,434.70579999999995,-0.011649687057425973,42.88148269363685,0.497401817123432,2.139734168270186,0,-5.730000000000018,-0.006711142635596357,0.5816087775814021,0,0.6076831735420881,0.11384070986908343,0,1,0,0,0,0,0,0,0,0,0,0
2023-08-16,442.46,444.18,439.53,439.64,429.51,80107200.0,439.94050000000004,434.70579999999995,-0.007326430618470936,38.692520006770685,-0.18297494605110387,1.675192345405928,0,-5.970000000000027,-0.013463691749120432,0.05811445365386514,0,0.6007124637171254,0.12287547823365627,0,1,0,0,0,0,0,0,0,0,0,0
2023-08-17,441.16,441.43,435.75,436.29,426.23,95711300.0,439.16400000000004,434.70579999999995,-0.007636609159274443,34.89421846978529,-0.9756009007200532,1.145033696180732,1,-9.399999999999977,-0.026612726835171352,0.19479023109033888,0,0.5934998680622746,0.1549184423079411,0,1,0,0,0,0,0,0,0,0,0,0
2023-08-18,433.37,437.57,433.01,436.5,426.44,98758400.0,438.39799999999997,434.70579999999995,0.0004926917392018559,35.33192446458895,-1.5687340458228505,0.6022801477800155,1,-8.939999999999998,-0.014470348038543523,0.03183636623888719,0,0.5939616501011522,0.16117565136394263,0,1,0,0,0,0,0,0,0,0,0,0
2023-08-21,437.55,440.11,435.32,439.34,429.21,68719000.0,437.672,434.70579999999995,0.006495638307850937,40.969407384284665,-1.7945935293555522,0.12290541235290192,0,-8.569999999999993,-0.0006482791122216502,-0.30417058194543456,0,0.6000527750901573,0.09948984987503448,0,1,0,0,0,0,0,0,0,0,0,0
2023-08-22,441.18,441.18,437.57,438.15,428.05,65062900.0,436.8275,434.70579999999995,-0.002702639733463741,39.419625089102425,-2.043633369395593,-0.3104023439967971,1,-4.6299999999999955,0.004285690313589052,-0.05320362636243248,0,0.5975019790658809,0.09198206147634486,0,1,0,0,0,0,0,0,0,0,0,0
2023-08-23,439.25,443.67,439.1,443.03,432.82,68441000.0,436.218,434.70579999999995,0.011143557995561215,48.11173545250478,-1.8349479635080002,-0.6153114678990377,0,3.3100000000000023,0.014936556569948412,0.05192052613701503,0,0.6079910282346731,0.09891897785981724,0,1,0,0,0,0,0,0,0,0,0,0
2023-08-24,444.69,445.22,436.86,436.89,426.82,88517300.0,435.456,434.70579999999995,-0.013862575666558796,40.28238088350724,-2.129169392359529,-0.9180830527911359,1,0.589999999999975,-0.005421657404461322,0.29333732704080884,0,0.5947972556953117,0.14014558879185204,0,1,0,0,0,0,0,0,0,0,0,0
2023-08-25,438.68,441.3,435.0,439.97,429.83,102325100.0,434.62800000000004,434.70579999999995,0.0070521531324680975,45.108315419801066,-2.09530675807099,-1.1535277938471067,1,3.3899999999999864,0.004333135461470516,0.1559898460526925,0,0.6014161315858914,0.16849985717932137,0,1,0,0,0,0,0,0,0,0,0,0
2023-08-28,442.24,443.4,439.97,442.76,432.56,61595400.0,433.89399999999995,434.70579999999995,0.006351348207430885,49.124112632213865,-1.8271202866702652,-1.2882462924117384,1,3.3500000000000227,-0.00045907432665981407,-0.3980421226072586,0,0.6074192980913008,0.08486156250956159,0,1,0,0,0,0,0,0,0,0,0,0
2023-08-29,442.65,449.45,442.46,449.16,438.81,83081900.0,433.5365,434.70579999999995,0.014448862585537237,56.89840107424584,-1.0976052986877676,-1.2501180936669445,1,10.759999999999991,0.02785236392543622,0.34883286738944785,0,0.6211628111531357,0.1289840141461264,0,0,0,0,0,0,0,0,0,0,0,0
2023-08-30,449.51,451.67,448.78,451.01,440.62,69053900.0,433.5795,434.9762,0.004124792051229509,58.85907746564394,-0.3691521850411732,-1.0739249119417902,0,7.800000000000011,0.02492500284419763,-0.1688454404629649,0,0.6251429325358431,0.10017756583869006,0,0,0,0,0,0,0,0,0,0,0,0
2023-08-31,451.65,452.83,450.16,450.35,439.97,66084600.0,433.65299999999996,435.2772,-0.001475194044755046,57.84149063004102,0.1539281995541728,-0.8283542896425976,1,13.150000000000034,0.0170984605920117,-0.0429997436784888,0,0.6237136071774123,0.09408011880709105,0,0,0,0,0,0,0,0,0,0,0,0
2023-09-01,453.17,453.67,449.68,451.19,440.79,58875700.0,433.867,435.564,0.0018637634384162105,58.808979026081154,0.6274079515926019,-0.5372018413955578,0,10.960000000000036,0.004513361444890673,-0.10908592924826666,0,0.625516756091125,0.07927666819378354,0,0,0,0,0,0,0,0,0,0,0,0
2023-09-05,450.73,451.06,449.17,449.24,438.89,55166200.0,433.7955,435.8772,-0.004310442614396948,55.62371843809701,0.8396509715475986,-0.2618312788069266,0,6.329999999999984,-0.003921873220735783,-0.06300562031534229,0,0.6213387281203271,0.07165922308425723,0,0,0,0,0,0,0,0,0,0,0,0
2023-09-06,448.4,448.51,443.81,446.22,435.94,70758500.0,433.672,436.16600000000005,-0.006721501970881061,51.00455441010758,0.7610419305260621,-0.05725663694032884,0,-2.8700000000000045,-0.009168181146861798,0.28264227008566833,0,0.6148517899551411,0.10367795590034218,0,0,0,0,0,0,0,0,0,0,0,0
2023-09-07,443.11,445.55,442.75,444.85,434.6,70355400.0,433.62800000000004,436.3356,-0.0030738174978207633,49.01348493268694,0.5838862211157902,0.07097193467089496,1,-6.019999999999982,-0.014105762083098772,-0.0056968420755103555,0,0.6119051807546838,0.1028501914782772,0,0,0,0,0,0,0,0,0,0,0,0
2023-09-08,444.9,447.11,444.53,445.52,435.25,61659700.0,433.60900000000004,436.514,0.001495628163828755,50.03244875558571,0.4902868907103084,0.15483492587877767,1,-4.720000000000027,-0.00829969130487307,-0.12359676727017399,0,0.6133345061131146,0.0849936023317863,0,0,0,0,0,0,0,0,0,0,0,0
2023-09-11,448.24,448.77,446.47,448.45,438.11,60180100.0,433.7455,436.716,0.006570936243538217,54.3549441473336,0.6395149151424562,0.2517709237315134,0,-2.680000000000007,0.0049927469095462085,-0.023996224438328384,0,0.6196235376902102,0.08195524897309778,0,0,0,0,0,0,0,0,0,0,0,0
2023-09-12,446.95,448.53,445.39,445.99,435.71,67565400.0,433.642,436.769,-0.0054780762822123075,50.413770717569626,0.5576905477870469,0.3129548485426201,1,-3.180000000000007,0.0025884881251546643,0.12271996889337178,0,0.6143460286744655,0.09712093636152874,0,0,0,0,0,0,0,0,0,0,0,0
2023-09-13,446.22,447.71,445.08,446.51,436.22,60199300.0,433.81899999999996,436.8222,0.001170503316426208,51.22313492497266,0.527911450311592,0.3559461688964145,1,0.28000000000002956,0.0022633632777521173,-0.10902177741861963,0,0.6154674993403114,0.08199467610508399,0,0,0,0,0,0,0,0,0,0,0,0
2023-09-14,449.07,451.08,447.72,450.36,439.98,83430800.0,434.3424999999999,436.96340000000004,0.008619503920040295,56.81912232524306,0.7985071836250199,0.44445837184213566,0,5.3799999999999955,0.004311930954254195,0.385909802937908,0,0.6237355967983111,0.1297004790601886,0,0,0,0,0,0,0,0,0,0,0,0
2023-09-15,1.58 Dividend,,,,,,423.27349999999996,424.8006,0.0,56.819122325243065,0.7985071836250199,0.5152681341987125,0,0.0,0.009790007236466503,0.0,0,0.6120810977218752,0.18787726580232264,1,1,0,0,0,0,1,0,0,0,1,1
2023-09-15,447.14,447.48,442.92,443.37,434.68,111761400.0,423.27349999999996,424.8006,-0.012046002091004149,56.819122325243065,0.5388621641146187,0.5199869401818937,1,-3.430000000000007,-0.0034264981709638542,0.3395700388825229,0,0.6120810977218752,0.18787726580232264,1,1,0,0,0,0,0,0,0,0,0,0
2023-09-18,443.05,444.97,442.56,443.63,434.93,55752200.0,423.27349999999996,424.8006,0.0005751357320327166,57.22663625860913,0.3865813717733886,0.4933058265001927,0,-0.7799999999999727,-0.011470866358971432,-0.5011497708511168,0,0.6126308382443486,0.07286257200842017,1,1,0,0,0,0,0,0,0,0,0,0
2023-09-19,442.68,443.29,439.94,442.71,434.03,66514600.0,423.27349999999996,424.8006,-0.0020692985078059056,55.20673453121976,0.1910727011723452,0.4328592014346232,0,-2.1900000000000546,-0.013540164866777338,0.193039915913632,0,0.6106517723634444,0.09496312228386591,1,1,0,0,0,0,0,0,0,0,0,0
2023-09-20,444.01,444.44,438.43,438.64,430.04,82562600.0,423.27349999999996,424.8006,-0.009192912932285635,47.24507449554455,-0.2825716726736687,0.28977302661296483,0,-9.939999999999998,-0.010687075708058824,0.24127033764015726,0,0.6018779136247691,0.12791763343568643,1,1,0,0,0,0,0,0,0,0,0,0
2023-09-21,435.7,435.97,431.23,431.39,422.93,103976100.0,423.27349999999996,424.8006,-0.016533345735280425,37.004071935629774,-1.2176198667391418,-0.011705552057456492,0,0.0,-0.027795557175371965,0.259360775944556,0,0.5862432931656257,0.17189017983084529,1,1,0,0,0,0,1,0,0,0,0,0
2023-09-22,432.45,434.1,429.99,430.42,421.98,100829700.0,423.27349999999996,424.8006,-0.0022462346014706647,35.884801149414145,-2.0121149490782955,-0.4117874314616243,1,-12.699999999999989,-0.027972493269036725,-0.03026080031853473,0,0.5841542791802269,0.1654290585766025,1,1,0,0,0,0,0,0,0,0,0,0
2023-09-25,429.17,432.27,428.72,432.23,423.76,70874500.0,423.27349999999996,424.8006,0.004218209393810124,39.5728674396732,-2.4696582192975143,-0.8233615890288024,0,-11.170000000000016,-0.014561370942940965,-0.29708706859189304,0,0.5880684317002374,0.10391616148942562,1,1,0,0,0,0,0,0,0,0,0,0
2023-09-26,429.09,429.82,425.02,425.88,417.53,96168400.0,423.27349999999996,424.8006,-0.01470171795355868,32.52166444994741,-3.2969680951752594,-1.3180828902580939,1,-16.5,-0.01272974316121922,0.35688294097312845,0,0.5743688978802004,0.15585709553871735,1,1,0,0,0,0,0,0,0,0,0,0
2023-09-27,427.09,427.67,422.29,426.05,417.7,104705800.0,423.27349999999996,424.8006,0.0004071563719971749,32.87315003835579,-3.8940118088096938,-1.833268673968414,1,-12.340000000000032,-0.01007635218775138,0.08877552293684832,0,0.5747427214354823,0.17338861619596763,1,1,0,0,0,0,0,0,0,0,0,0
2023-09-28,425.48,430.25,424.87,428.52,420.12,92258300.0,423.27349999999996,424.8006,0.0057936317931530645,37.83708053503767,-4.124356464120922,-2.291486231998916,0,-2.8100000000000023,-0.00850092978840844,-0.11888071147921131,0,0.5800642096930249,0.14782771903979328,1,1,0,0,0,0,0,0,0,0,0,0
2023-09-29,431.67,431.85,425.91,427.48,419.1,115078500.0,423.27349999999996,424.8006,-0.002427877749214491,36.60828863353311,-4.339192231511504,-2.7010274319014336,0,-2.8799999999999955,0.0037729104159357485,0.24735118683088686,0,0.5778212683613334,0.19468891890188045,1,1,0,0,0,0,0,0,0,0,0,0
2023-10-02,426.62,428.6,424.46,427.31,418.93,83798600.0,423.27349999999996,424.8006,-0.0004056311142925928,36.396135511407515,-4.4716226221279385,-3.0551464699467346,0,-4.829999999999984,0.0029601229296459808,-0.27181358811593825,0,0.5774474448060515,0.13045575505729973,1,1,0,0,0,0,0,0,0,0,0,0
2023-10-03,425.06,427.37,420.18,421.59,413.33,103760600.0,423.27349999999996,424.8006,-0.013367388346501863,30.189577433458552,-4.971143610535364,-3.4383458980644606,1,-4.199999999999989,-0.016200897210008947,0.2382140035752387,0,0.5651332571026475,0.17144765134422904,1,1,0,0,0,0,0,0,0,0,0,0
2023-10-04,422.07,425.43,420.56,424.66,416.34,87453000.0,423.27349999999996,424.8006,0.007282316792877275,36.46143391529306,-5.0657410389396205,-3.7638249262394927,0,-1.3600000000000136,-0.006490702667917181,-0.15716562934292977,0,0.5717521329932271,0.1379600525120114,1,1,0,0,0,0,0,0,0,0,0,0
2023-10-05,424.36,425.37,421.17,424.5,416.18,70142700.0,423.27349999999996,424.8006,-0.00038430129221300735,36.27487331953687,-5.0948901234280015,-4.030037965677195,1,-3.9399999999999977,-0.006469372845837595,-0.19793832115536347,0,0.5714002990588442,0.10241341278174229,1,1,0,0,0,0,0,0,0,0,0,0
2023-10-06,421.97,431.13,420.6,429.54,421.12,113202700.0,423.27349999999996,424.8006,0.011869864001153418,45.540074764976104,-4.665592225253079,-4.157148817592372,1,2.019999999999982,0.018767879501817686,0.6138913956833711,0,0.5822631717829184,0.19083697024668447,1,1,0,0,0,0,0,0,0,0,0,0
2023-10-09,427.58,432.88,427.01,432.29,423.82,80374400.0,423.27349999999996,424.8006,0.006411474164133679,49.83327739599102,-4.060693960583194,-4.137857846190537,1,4.889999999999986,0.01789703687307409,-0.2899957333173149,0,0.588200369425631,0.12342417248713125,1,1,0,0,0,0,0,0,0,0,0,0
2023-10-10,432.94,437.22,432.53,434.54,426.02,78607300.0,423.27349999999996,424.8006,0.005190882921995099,53.07902660020221,-3.3649965285987378,-3.983285582672177,1,12.689999999999998,0.023472221087282197,-0.02198585619301663,0,0.5930380860233968,0.11979543889687813,1,1,0,0,0,0,0,0,0,0,0,0
2023-10-11,435.64,436.58,433.18,436.32,427.77,62451700.0,423.27349999999996,424.8006,0.0041077883667433035,55.54301837802089,-2.641985759623992,-3.7150256180625405,0,11.430000000000007,0.015710145452872082,-0.20552289672842095,0,0.5968862696807106,0.08661997152621811,1,1,0,0,0,0,0,0,0,0,0,0
2023-10-12,436.95,437.34,431.23,433.66,425.16,81154200.0,423.27349999999996,424.8006,-0.006101409636019239,51.22264406136708,-2.253621359320448,-3.422744766314122,0,8.980000000000018,0.0031972616527191633,0.2994714315222804,0,0.5911469786260884,0.12502548902478017,0,1,0,0,0,0,0,0,0,0,0,0
2023-10-13,435.21,436.45,429.88,431.5,423.04,95143100.0,422.6915,424.8006,-0.004986358076959241,47.959427292810666,-2.092781770942281,-3.1567521672397545,1,1.920000000000016,-0.006979979346235177,0.17237431950533666,0,0.5864851789955141,0.15375164562072371,0,1,0,0,0,0,0,0,0,0,0,0
2023-10-16,433.82,437.14,433.57,436.04,427.49,75433200.0,422.31949999999995,424.8006,0.01051909984871413,54.5103880383449,-1.5879327285269937,-2.8429882794972023,0,3.670000000000016,-0.0005686678642643495,-0.20716058232283796,0,0.5962705602955405,0.11327743579075938,0,1,0,0,0,0,0,0,0,0,0,0
2023-10-17,432.81,438.14,432.45,436.02,427.47,75324700.0,421.9915,424.8006,-4.678472011032664e-05,54.47719612067153,-1.175895071608636,-2.509569637919489,0,1.4500000000000455,0.005485957051644563,-0.0014383587067763326,0,0.5962265810537426,0.11305463142510805,0,1,0,0,0,0,0,0,0,0,0,0
2023-10-18,434.19,435.18,429.09,430.21,421.78,93559800.0,421.57849999999996,424.8006,-0.013310875617002504,45.911851650145145,-1.2935761657996068,-2.2663709434955126,0,-5.990000000000009,-0.0028385604883987003,0.24208659310956437,0,0.5837144867622481,0.15050034467938042,0,1,0,0,0,0,0,0,0,0,0,0
2023-10-19,430.95,432.82,425.73,426.43,418.07,121323000.0,421.3355,424.8006,-0.008796054815306542,41.347059169681785,-1.6669892604985534,-2.1464946068961206,0,-7.090000000000032,-0.022153715152419373,0.296742831857272,0,0.575556337408743,0.20751197753146317,0,1,0,0,0,0,0,0,0,0,0,0
2023-10-20,425.98,426.54,421.08,421.19,412.93,123845800.0,420.883,424.8006,-0.012294591814767775,36.005811389013566,-2.3505808388467244,-2.1873118532862414,0,-10.110000000000014,-0.03440152224707682,0.020794078616585443,0,0.5642536722666901,0.21269253839473667,0,1,0,0,0,0,0,0,0,0,0,0
2023-10-23,419.61,424.45,417.8,420.46,412.22,92035100.0,420.30600000000004,424.8006,-0.001719419756375129,35.3269453251546,-2.916009216881889,-2.333051326005371,1,-15.269999999999982,-0.022810066386449446,-0.25685731772898235,0,0.5626924091828657,0.1473693786304534,0,1,0,0,0,0,0,0,0,0,0,0
2023-10-24,422.65,424.82,420.74,423.63,415.33,78564200.0,420.196,424.8006,0.007544515064771051,40.60917832858091,-3.0776866160048826,-2.481978384005273,0,-12.140000000000043,-0.006469496506371852,-0.14636698390070746,0,0.5695311812824346,0.11970693319955489,0,1,0,0,0,0,0,0,0,0,0,0
2023-10-25,421.89,421.92,417.02,417.55,409.37,94223200.0,419.7795,424.8006,-0.0143500349119976,34.75135260072257,-3.644725186645303,-2.7145277445332794,0,-12.409999999999968,-0.008524939603601678,0.19931470058881784,0,0.5564253672266689,0.15186263422936283,0,1,0,0,0,0,0,0,0,0,0,0
2023-10-26,416.45,417.33,411.6,412.55,404.46,115156800.0,418.9965,424.8006,-0.011994039621858077,30.808562997536797,-4.439131756957352,-3.0594485470180937,0,-13.610000000000014,-0.018799559469084626,0.22217033596821167,0,0.5456284633652915,0.1948497076745118,0,1,0,0,0,0,0,0,0,0,0,0
2023-10-27,414.19,414.6,409.21,410.68,402.63,107367700.0,418.17299999999994,424.8006,-0.004524551253523135,29.46667194007317,-5.1569245769231316,-3.4789437529991014,1,-10.300000000000011,-0.03086862578737881,-0.06763907993275253,0,0.5416043627407863,0.1788548184164955,0,1,0,0,0,0,0,0,0,0,0,0
2023-10-30,413.56,416.68,412.22,415.59,407.44,86562700.0,417.59849999999994,424.8006,0.01194645207758982,37.208211540507556,-5.276825793968499,-3.8385201611929816,1,-4.78000000000003,-0.004572138797791392,-0.19377336014462454,0,0.5521813703931744,0.13613182461579595,0,1,0,0,0,0,0,0,0,0,0,0
2023-10-31,416.18,418.53,414.21,418.2,410.0,79665200.0,417.43199999999996,424.8006,0.006283133712939426,40.92458473530343,-5.1064142028334345,-4.092098969521072,1,-5.329999999999984,0.013705034537006111,-0.0796821263662062,0,0.5578107133433019,0.12196783279939002,0,1,0,0,0,0,0,0,0,0,0,0
2023-11-01,419.2,423.5,418.65,422.66,414.38,98068100.0,417.334,424.8006,0.010682926829268302,46.73343263781825,-4.565306384105611,-4.18674045243798,1,5.009999999999991,0.028912512619797548,0.23100299754472475,0,0.5674421672970358,0.15975812275925033,0,1,0,0,0,0,0,0,0,0,0,0
2023-11-02,426.58,430.92,426.56,430.76,422.32,94938900.0,417.64099999999996,424.8006,0.01916115642646843,55.311841738397824,-3.4559449149130614,-4.040581344932996,1,17.860000000000014,0.03612721696867616,-0.03190843913566188,0,0.5849019262907906,0.15333232164407856,0,1,0,0,0,0,0,0,0,0,0,0
2023-11-03,433.14,436.29,433.01,434.69,426.17,100110800.0,417.8935,424.8006,0.009116309907179376,58.77842425788122,-2.240280573922689,-3.6805211907309348,1,23.54000000000002,0.03896039316291611,0.05447608935852433,0,0.593367930336881,0.1639527999732224,0,1,0,0,0,0,0,0,0,0,0,0
2023-11-06,435.47,436.15,433.68,435.69,427.15,67831700.0,418.06000000000006,424.8006,0.002299551822042778,59.63673665879414,-1.184130100794448,-3.1812429727436373,1,19.70999999999998,0.030577018155690583,-0.32243374341229913,0,0.5955229131849766,0.09766778246819185,0,1,0,0,0,0,0,0,0,0,0,0
2023-11-07,435.69,437.59,434.51,436.93,428.37,64256100.0,418.17749999999995,424.8006,0.0028561395294393055,60.732882298538996,-0.24584548394699368,-2.5941634749843088,1,18.370000000000005,0.01427200125866146,-0.0527128171636565,0,0.5982056469346468,0.09032530053434032,0,1,0,0,0,0,0,0,0,0,0,0
2023-11-08,437.55,438.09,434.87,437.25,428.68,61746000.0,418.22300000000007,424.8006,0.0007236734598594641,61.022538007432566,0.5168087940269288,-1.9719690211820615,0,14.300000000000011,0.0058793648113415475,-0.0390639954805847,0,0.5988873251825138,0.08517081907607854,0,1,0,0,0,0,0,0,0,0,0,0
2023-11-09,438.43,438.47,433.4,433.84,425.34,83174400.0,418.2320000000001,424.8006,-0.007791359522254404,56.211409063553894,0.8420016466386642,-1.4091748876179166,1,3.019999999999982,-0.0042115465329556345,0.34704110387717413,0,0.5915427918022692,0.12917396256845587,0,1,0,0,0,0,0,0,0,0,0,0
2023-11-10,435.98,440.93,433.83,440.61,431.97,89462200.0,418.6785,424.8006,0.01558752997601931,62.52716110353658,1.6160758001476552,-0.8041247500648023,0,5.800000000000011,0.00851984391362437,0.07559778008618045,0,0.6061219104582637,0.14208593759465335,0,1,0,0,0,0,0,0,0,0,0,0
2023-11-13,439.23,441.33,438.42,440.19,431.56,52236100.0,418.88199999999995,424.8006,-0.0009491399865731998,61.93227184974875,2.171420783094675,-0.20901564343290696,1,4.410000000000025,0.006847030467191706,-0.4161098206840431,0,0.6052203360014072,0.06564227311379678,0,1,0,0,0,0,0,0,0,0,0,0
2023-11-14,446.32,450.06,446.09,448.73,439.93,97176900.0,419.505,424.8006,0.01939475391602552,68.51740072657228,3.2494669004110506,0.4826808653358846,1,11.560000000000002,0.03403314390547163,0.8603398798914927,0,0.6236256486938164,0.15792804671622301,0,1,0,0,0,0,0,0,0,0,0,0
2023-11-15,450.11,451.38,448.8,449.68,440.87,77327600.0,420.45950000000005,424.8006,0.00213670356647655,69.1625683988172,4.132044719956241,1.212553636259956,1,12.189999999999998,0.02058231749592887,-0.2042594484903305,0,0.6256926730583164,0.11716757948006701,0,1,0,0,0,0,0,0,0,0,0,0
2023-11-16,449.22,450.56,448.12,450.23,441.41,66665800.0,421.6265,424.8006,0.0012248508630663402,69.54863248824482,4.819511162962215,1.9339451416004079,1,16.07000000000005,0.02275630834556841,-0.13787832546206014,0,0.6268801125868589,0.09527361094825743,0,1,0,0,0,0,0,0,0,0,0,0
2023-11-17,450.24,451.42,449.29,450.79,441.95,83133200.0,423.0775,424.8006,0.0012233524387756933,69.95372712919955,5.346278191950205,2.6164117516703675,1,9.979999999999961,0.004584906868318583,0.2470142111847453,0,0.6280675521154014,0.1290893585144021,0,1,0,0,0,0,0,0,0,0,0,0
2023-11-20,450.53,455.13,450.52,454.26,445.36,69936200.0,424.7345,424.8006,0.007715804955311656,72.44644243439829,5.970083947516912,3.2871461908396764,0,13.800000000000011,0.01016400825715369,-0.15874524257456712,0,0.6355660128419386,0.10198936576324458,0,1,0,0,0,0,0,0,0,0,0,0
2023-11-21,453.18,454.13,451.96,453.27,444.39,49244600.0,426.1875,424.8006,-0.0021780132926172424,70.65087525569682,6.313406588516273,3.8923982703749958,1,4.4599999999999795,0.006761144101470107,-0.29586394456661924,0,0.6334330196147417,0.05949923846083869,0,1,0,0,0,0,0,0,0,0,0,0
2023-11-22,454.98,456.38,453.89,455.02,446.1,59394900.0,428.024,424.8006,0.0038479713764936196,71.96979951972017,6.64685416663815,4.443289449627627,1,5.230000000000018,0.009385763039188033,0.20612006189511134,0,0.6371932447884598,0.08034284355457774,0,1,0,0,0,0,0,0,0,0,0,0
2023-11-24,455.07,455.5,454.73,455.3,446.38,29737400.0,430.12,424.8006,0.0006276619592018307,72.19017816784717,6.854690825660725,4.925569724834247,0,4.96999999999997,0.002297620043078208,-0.4993273833275248,0,0.6378089541736299,0.019441272362833113,0,0,0,0,0,0,0,0,0,0,0,0
2023-11-27,454.65,455.49,454.08,454.48,445.57,50506000.0,432.267,425.0184,-0.0018145974282002264,70.46424573806071,6.874794295542756,5.315414638975949,1,3.6200000000000045,0.002661035907495224,0.69839999461957,0,0.6360277948808162,0.062089518892475444,0,0,0,0,0,0,0,0,0,0,0,0
2023-11-28,454.08,456.27,453.5,454.93,446.01,62115000.0,434.1955,425.24,0.0009874991583813664,70.8716392063251,6.847299358321607,5.621791582845081,0,0.6499999999999773,-0.00019943631061702938,0.22985387874707963,0,0.6369953382003694,0.08592855926893883,0,0,0,0,0,0,0,0,0,0,0,0
2023-11-29,457.15,458.32,454.2,454.61,445.7,63146000.0,435.9805,425.47339999999997,-0.0006950516804555829,70.13761448473937,6.722996494591996,5.842032565194463,1,1.3100000000000023,-0.0015221499502744429,0.016598245190372785,0,0.6363136599525023,0.08804571411674086,0,0,0,0,0,0,0,0,0,0,0,0
2023-11-30,455.48,456.76,453.34,456.4,447.45,79752700.0,437.634,425.8216,0.003926407897689055,71.90652057837367,6.68859400597654,6.011344853350879,1,1.349999999999966,0.004218855375614838,0.262988946251544,0,0.6401618436098161,0.12214751373943142,0,0,0,0,0,0,0,0,0,0,0,0
2023-12-01,455.77,459.65,455.16,459.1,450.1,89097900.0,439.02299999999997,426.365,0.005922449435691313,74.38126560412415,6.796813207135699,6.168438524107843,0,3.7200000000000273,0.009153805652924785,0.11717722409398057,0,0.6459890931480341,0.14133784883514386,0,0,0,0,0,0,0,0,0,0,0,0
2023-12-04,455.6,459.12,454.34,456.69,447.74,72430900.0,440.10149999999993,426.88019999999995,-0.005243279271273105,68.58676440324523,6.615881661523758,6.257927151591027,0,2.170000000000016,0.004605578062107263,-0.1870638926394449,0,0.6407995426158852,0.10711222337605905,0,0,0,0,0,0,0,0,0,0,0,0
2023-12-05,455.26,457.59,454.87,456.6,447.65,69793500.0,441.12649999999996,427.358,-0.00020100951445045645,68.36802816560332,6.3915520270810475,6.284652126689031,0,1.6399999999999864,0.00047816064996775154,-0.03641263604345657,0,0.6406016360277947,0.1016963318187428,0,0,0,0,0,0,0,0,0,0,0,0
2023-12-06,458.81,458.84,454.31,454.76,445.85,69124700.0,442.0005,427.92439999999993,-0.004020998547972665,63.97366133064602,5.999367247650696,6.227595150881365,1,0.1500000000000341,-0.009465287333696226,-0.009582554249321196,0,0.6366435042659865,0.10032295338788927,0,0,0,0,0,0,0,0,0,0,0,0
2023-12-07,456.91,458.9,456.29,458.23,449.25,66995400.0,443.029,428.5554,0.007625883144555257,68.13936842453367,5.8949561840212255,6.161067357509338,1,1.8000000000000114,0.003403875082132135,-0.030803750323690426,0,0.6441199753716246,0.09595044338068764,0,0,0,0,0,0,0,0,0,0,0,0
2023-12-08,457.46,460.75,457.21,460.2,451.18,83080900.0,444.321,429.17659999999995,0.004296048970506394,70.24277897797799,5.899933770248538,6.108840640057178,1,1.079999999999984,0.007900933567088986,0.24009857393194167,0,0.6483639722051191,0.12898196064966877,0,0,0,0,0,0,0,0,0,0,0,0
2023-12-11,459.69,462.17,459.47,461.99,452.93,65002200.0,445.369,429.8532,0.003878718028281325,72.04494751369674,5.976199015637519,6.0823123151732466,1,5.189999999999998,0.015800650143342976,-0.2176035647182445,0,0.6522121558624329,0.09185741424136756,0,0,0,0,0,0,0,0,0,0,0,0
2023-12-12,461.63,464.2,460.6,464.1,455.0,68327600.0,446.541,430.5746,0.004570242642350841,74.04713747127347,6.132974361561821,6.092444724450962,1,7.350000000000023,0.01274500964113856,0.051158268489374104,0,0.6567640073885126,0.09868611136152358,0,0,0,0,0,0,0,0,0,0,0,0
2023-12-13,464.49,470.76,464.12,470.5,461.28,93278000.0,447.60849999999994,431.5336,0.013802197802197824,78.96853524965657,6.686881263792316,6.211332032319233,1,15.42999999999995,0.02225115847282999,0.36515844256201,0,0.6705734893130442,0.14992166937762424,0,0,0,0,0,0,0,0,0,0,0,0
2023-12-14,472.5,473.73,469.25,472.01,462.76,119026000.0,448.703,432.46200000000005,0.0032084634061742,79.93424255294833,7.162712810966752,6.401608188048737,0,13.509999999999991,0.021580903850722866,0.2760350779390639,0,0.6738279532060867,0.20279509616831937,0,0,0,0,0,0,0,0,0,0,0,0
2023-12-15,469.49,470.7,467.43,469.33,462.0,141319300.0,449.73249999999996,433.37840000000006,-0.0016423199930849508,77.95474437034738,7.393262167744808,6.599938983987951,0,10.819999999999993,0.015368341215287074,0.18729773326836163,0,0.6721567420177676,0.24857430874688868,0,0,0,0,0,0,0,0,0,0,0,0
2023-12-15,1.91 Dividend,,,,,,465.97800000000007,478.79979999999995,0.0,77.95474437034738,7.393262167744808,6.758603620739323,0,0.0,0.0015661434130892493,0.0,0,0.6778740434514909,0.10289105605778376,1,1,0,0,0,0,1,0,0,0,1,1
2023-12-18,470.98,472.98,469.89,471.97,464.6,70375300.0,465.97800000000007,478.79979999999995,0.005627705627705648,77.95474437034738,7.844247717438293,6.975732440079117,1,9.600000000000023,0.003985385634620697,-0.5020121101647121,0,0.6778740434514909,0.10289105605778376,1,1,0,0,0,0,0,0,0,0,0,0
2023-12-19,472.53,474.92,472.45,474.84,467.42,55761800.0,465.97800000000007,478.79979999999995,0.006069737408523457,80.22431332456823,8.188988670619267,7.218383686187147,0,6.140000000000043,0.011697443036229105,-0.20765097981820324,0,0.6840751165449908,0.07288228557441329,1,1,0,0,0,0,0,0,0,0,0,0
2023-12-20,473.96,475.9,467.82,468.26,460.94,102921000.0,465.97800000000007,478.79979999999995,-0.013863334902229352,63.935755759763786,7.84883997387368,7.344474943724454,1,-1.8199999999999932,-0.002165891866000247,0.8457259270683515,0,0.6698258422024803,0.16972353571841473,1,1,0,0,0,0,0,0,0,0,0,0
2023-12-21,471.33,472.98,468.84,472.7,465.31,86667500.0,465.97800000000007,478.79979999999995,0.009480626545754323,68.57030870934241,7.841500226008861,7.443880000181336,1,3.3100000000000023,0.0016870290520484277,-0.15792209558787806,0,0.6794353065353154,0.1363470310445541,1,1,0,0,0,0,0,0,0,0,0,0
2023-12-22,473.86,475.38,471.7,473.65,466.25,67126600.0,465.97800000000007,478.79979999999995,0.0020201586039414465,69.47888725163857,7.82137364034827,7.519378728214724,1,0.0,-0.0023625497525335826,-0.22546975509850864,0,0.6815023308998152,0.09621986211592687,1,1,0,0,0,0,1,0,0,0,0,0
2023-12-26,474.07,476.58,473.99,475.65,468.22,55387000.0,465.97800000000007,478.79979999999995,0.00422520107238622,71.34826206410112,7.873623481892309,7.590227678950241,1,3.6200000000000045,0.01572598622208199,-0.17488745147229268,0,0.6858342862169056,0.07211263510209881,1,1,0,0,0,0,0,0,0,0,0,0
2023-12-27,475.44,476.66,474.89,476.51,469.06,68000300.0,465.97800000000007,478.79979999999995,0.0017940284481652302,72.13205037742507,7.891840611513544,7.650550265462902,1,1.6399999999999864,0.008039388124492897,0.2277303338328489,0,0.6876814143724161,0.0980140019709459,1,1,0,0,0,0,0,0,0,0,0,0
2023-12-28,476.88,477.55,476.26,476.69,469.24,77158100.0,465.97800000000007,478.79979999999995,0.00038374621583603385,72.30687303289893,7.830536760230871,7.686547564416497,0,8.300000000000011,0.006402975736387484,0.13467293526646196,0,0.6880772275485969,0.11681951183050113,1,1,0,0,0,0,0,0,0,0,0,0
2023-12-29,476.49,477.03,473.3,475.31,467.88,122234100.0,465.97800000000007,478.79979999999995,-0.002898303639928379,68.79529349030967,7.584779762670564,7.666194004067311,0,2.569999999999993,-0.000720528975927115,0.5842030843164878,0,0.6850866391063417,0.20938291815399707,1,1,0,0,0,0,0,0,0,0,0,0
2024-01-02,472.16,473.67,470.49,472.65,465.26,123623700.0,465.97800000000007,478.79979999999995,-0.005599726425579266,62.49823471680552,7.096796020847876,7.552314407423425,0,-0.9900000000000091,-0.00811428384967161,0.011368349748556161,0,0.6793253584308205,0.21223645683150016,1,1,0,0,0,0,0,0,0,0,0,0
2024-01-03,470.43,471.19,468.17,468.79,461.46,103585900.0,465.97800000000007,478.79979999999995,-0.008167476249838823,54.68053849717585,6.330463504937256,7.307944226926192,0,-6.760000000000048,-0.016665506315346468,-0.1620870431802316,0,0.6709693024892249,0.17108890551308356,1,1,0,0,0,0,0,0,0,0,0,0
2024-01-04,468.3,470.96,467.05,467.28,459.98,84232200.0,465.97800000000007,478.79979999999995,-0.0032072118926883553,51.95470857180659,5.539855824324206,6.954326546405795,1,-9.079999999999984,-0.016974414568106444,-0.18683720467747056,0,0.6677148385961826,0.131346151121322,1,1,0,0,0,0,0,0,0,0,0,0
2024-01-05,467.49,470.44,466.43,467.92,460.61,86060800.0,465.97800000000007,478.79979999999995,0.0013696247662942085,53.02812294228033,4.907558002484109,6.544972837621458,1,-8.629999999999995,-0.01000506337623297,0.02170903763643839,0,0.6691001847128155,0.13510117474371852,1,1,0,0,0,0,0,0,0,0,0,0
2024-01-08,468.43,474.75,468.3,474.6,467.18,74879100.0,465.97800000000007,478.79979999999995,0.014263693797355703,62.44997545875245,4.880343948307598,6.212047059758687,0,-0.6999999999999886,0.012426106670961556,-0.12992791143005877,0,0.6835473656434163,0.11213959340359439,1,1,0,0,0,0,0,0,0,0,0,0
2024-01-09,471.87,474.93,471.35,473.88,466.48,65931400.0,465.97800000000007,478.79979999999995,-0.0014983518130056162,61.045009171050246,4.747565484798258,5.919150744766601,1,1.2200000000000273,0.014134966750644296,-0.11949529307911022,0,0.6820080921804907,0.09376552314978429,1,1,0,0,0,0,0,0,0,0,0,0
2024-01-10,474.16,477.45,473.87,476.56,469.11,67310600.0,465.97800000000007,478.79979999999995,0.00563796947350359,64.29515724837239,4.799234033504092,5.6951674025141,0,7.650000000000034,0.018403311457853677,0.02091871247994126,0,0.6877913624769108,0.09659770546412819,1,1,0,0,0,0,0,0,0,0,0,0
2024-01-11,477.59,478.12,472.26,476.35,468.91,77940700.0,465.97800000000007,478.79979999999995,-0.00042633923813173435,63.858822422080536,4.769068548490054,5.509947631709291,1,8.930000000000007,0.0037132784223662396,0.15792609187854523,0,0.6873515700589321,0.11842657815823135,1,1,0,0,0,0,0,0,0,0,0,0
2024-01-12,477.84,478.6,475.23,476.68,469.23,57944000.0,465.97800000000007,478.79979999999995,0.000682433729287002,64.27655620595749,4.716613327484879,5.351280770864409,0,8.620000000000005,0.005894063964658858,-0.2565630023851466,0,0.6880552379276981,0.07736342554422276,1,1,0,0,0,0,0,0,0,0,0,0
2024-01-16,475.26,476.61,473.06,474.93,467.51,85014900.0,465.97800000000007,478.79979999999995,-0.0036655797796389944,60.24579393403535,4.484557375671898,5.177936091825908,0,0.3299999999999841,-0.003409485288483727,0.4671907358829215,0,0.6842730231330811,0.132953422798698,1,1,0,0,0,0,0,0,0,0,0,0
2024-01-17,471.82,472.79,469.87,472.29,464.91,68843900.0,465.97800000000007,478.79979999999995,-0.005561378366238046,54.665261937110195,4.0442336826483825,4.951195609990402,1,-1.5699999999999932,-0.008544524416590038,-0.19021371547811028,0,0.6785557216993578,0.09974633158259069,0,1,0,0,0,0,0,0,0,0,0,0
2024-01-18,474.01,477.06,472.42,476.49,469.04,91856200.0,466.2,478.79979999999995,0.008883439805553728,60.86626021251712,3.982621288596931,4.7574807457117085,1,-0.06999999999999318,-0.0003435183403233122,0.334267814577617,0,0.6876374351306183,0.1470020081141859,0,1,0,0,0,0,0,0,0,0,0,0
2024-01-19,477.65,482.72,476.54,482.43,474.89,110733300.0,466.5735000000001,478.79979999999995,0.01247228381374721,67.62197558399987,4.355630138971435,4.677110624363654,1,5.979999999999961,0.01579434525306289,0.20550708607584456,0,0.7005013633564956,0.1857660660942477,0,1,0,0,0,0,0,0,0,0,0,0
2024-01-22,484.01,485.22,482.78,483.45,475.9,75844900.0,467.3215,478.79979999999995,0.0021268083135042026,68.62890686795184,4.678806530131283,4.677449805517179,1,6.669999999999959,0.02348253193280514,-0.3150669220550638,0,0.7027223150672881,0.11412286028235988,0,1,0,0,0,0,0,0,0,0,0,0
2024-01-23,484.01,485.11,482.89,484.86,477.28,49945300.0,467.91999999999996,478.79979999999995,0.002899768859004004,70.00164991550737,4.988773143944513,4.739714473202646,1,9.769999999999982,0.017498860986255416,-0.34148110156384937,0,0.7057568827513412,0.060938123428690184,0,1,0,0,0,0,0,0,0,0,0,0
2024-01-24,487.81,488.77,484.88,485.39,477.81,81765000.0,468.49800000000005,478.79979999999995,0.0011104592691921766,70.53492177381585,5.2170515662318735,4.835181891808492,1,12.899999999999977,0.006137036441700383,0.6370909775294171,0,0.7069223326589849,0.12627976466109198,0,1,0,0,0,0,0,0,0,0,0,0
2024-01-25,487.58,488.31,485.39,488.03,480.4,72525000.0,469.10699999999997,478.79979999999995,0.005420564659592619,73.05565828690732,5.543058289491341,4.976757171345063,0,11.359999999999957,0.0094307927877888,-0.11300678774536788,0,0.7126176444718091,0.10730545739272074,0,1,0,0,0,0,0,0,0,0,0,0
2024-01-26,487.59,489.12,486.54,487.41,479.79,76641600.0,469.64349999999996,478.79979999999995,-0.0012697751873438357,71.50410889021478,5.686646938318688,5.118735124739788,1,4.900000000000034,0.00526124874144096,0.05676111685625651,0,0.7112762775969741,0.1157588809101425,0,1,0,0,0,0,0,0,0,0,0,0
2024-01-29,487.73,491.42,487.17,491.27,483.59,61322800.0,470.361,478.79979999999995,0.007920131724295842,75.05783777958132,6.037473977276591,5.302482895247149,0,7.689999999999998,0.012070921196544626,-0.19987578547420726,0,0.7196323335385697,0.08430177937521549,0,1,0,0,0,0,0,0,0,0,0,0
2024-01-30,490.56,491.62,490.11,490.89,483.22,58618400.0,471.12800000000004,478.79979999999995,-0.0007651109410863333,74.08898342199134,6.214019674724909,5.484790251142702,0,5.940000000000055,0.0058852455958656735,-0.044101052137214825,0,0.7188187175653091,0.07874830355523896,0,1,0,0,0,0,0,0,0,0,0,0
2024-01-31,488.62,489.08,482.86,482.88,475.33,126011100.0,471.6315000000001,478.79979999999995,-0.016327966557675655,57.14845647988999,5.652122204922534,5.5182566418986685,1,-2.480000000000018,-0.009172945774466146,1.1496850818173132,0,0.7014689066760489,0.21713897427441242,0,1,0,0,0,0,0,0,0,0,0,0
2024-02-01,484.63,489.23,483.8,489.2,481.56,91891600.0,472.63649999999996,478.79979999999995,0.01310668377758617,64.12393234512746,5.644457552457254,5.543496824010386,1,1.160000000000025,-0.003986393721175818,-0.270765829359477,0,0.7151684404960859,0.14707470188878552,0,1,0,0,0,0,0,0,0,0,0,0
2024-02-02,489.65,496.05,489.3,494.35,486.63,99147700.0,473.96899999999994,478.79979999999995,0.010528283079989986,68.60311279845818,5.978572624714218,5.630511984151153,0,6.839999999999975,0.007307000299900501,0.07896369200231579,0,0.7263171782918463,0.16197507753489251,0,1,0,0,0,0,0,0,0,0,0,0
2024-02-05,493.7,494.38,490.23,492.55,484.85,75757100.0,475.1809999999999,478.79979999999995,-0.0036578098349875354,65.51066444279196,6.0302175089644265,5.710453089113808,1,1.2600000000000477,0.01997715702258862,-0.23591671818912596,0,0.7224030257718357,0.1139425632933812,0,1,0,0,0,0,0,0,0,0,0,0
2024-02-06,493.52,494.32,492.05,493.98,486.26,55918600.0,476.13499999999993,478.79979999999995,0.0029081159121377986,66.78780870949238,6.114438230140877,5.791250117319223,1,3.0399999999999636,0.00977858915714025,-0.26186984454262374,0,0.7255035623185855,0.07320427381896746,0,1,0,0,0,0,0,0,0,0,0,0
2024-02-07,496.29,498.53,495.36,498.1,490.32,70556500.0,477.32699999999994,478.79979999999995,0.008349442684983277,70.20867821166684,6.43461756177328,5.919923606210035,1,14.990000000000009,0.00759974876213354,0.2617715751109648,0,0.7344313484035534,0.10326314961590374,0,1,0,0,0,0,0,0,0,0,0,0
2024-02-08,498.1,498.71,497.26,498.32,490.53,52343600.0,478.398,478.79979999999995,0.00042829172785108227,70.37862856938025,6.6288934761658425,6.061717580201196,1,8.96999999999997,0.011685850324972158,-0.2581321352391346,0,0.7348931304424311,0.06586302398299049,0,1,0,0,0,0,0,0,0,0,0,0
2024-02-09,498.84,501.65,498.49,501.2,493.37,63979400.0,479.6209999999999,478.79979999999995,0.00578965608627402,72.65089454269427,6.932113711360444,6.235796806433046,0,6.740000000000009,0.014567390499108379,0.22229651762584157,0,0.7411381827777288,0.08975709806451798,0,1,0,0,0,0,0,0,0,0,0,0
2024-02-12,501.17,503.5,500.24,500.98,493.15,56502300.0,480.817,478.79979999999995,-0.0004459128037781479,72.18892472722607,7.073131118292281,6.403263668804894,0,8.299999999999955,0.005772035010346954,-0.11686730416352764,0,0.7406544111179523,0.07440289970127786,0,1,0,0,0,0,0,0,0,0,0,0
2024-02-13,494.53,497.09,490.72,494.08,486.36,113099200.0,481.75949999999995,478.79979999999995,-0.013768630234208601,59.59372775740918,6.561356937189942,6.434882322481904,1,0.10000000000002274,-0.008424886951712729,1.0016742681271382,0,0.7257234585275749,0.19062443336332124,0,1,0,0,0,0,0,0,0,0,0,0
2024-02-14,496.79,499.07,494.4,498.57,490.78,68387800.0,483.053,478.79979999999995,0.00908791841434331,63.997313689190776,6.438213553851256,6.435548568755776,1,0.45999999999997954,-0.005126624623643439,-0.39532905626211323,0,0.7354428709649043,0.09880973184827208,0,1,0,0,0,0,0,0,0,0,0,0
2024-02-15,499.29,502.2,498.8,502.01,494.17,61683000.0,484.3095,478.79979999999995,0.006907371938546847,66.97049797166709,6.5387910905078,6.45619707310618,0,3.640000000000043,0.002226660118681556,-0.098040878636248,0,0.7428973524496438,0.08504144879924874,0,1,0,0,0,0,0,0,0,0,0,0
2024-02-16,501.7,502.87,498.75,499.51,491.7,75461200.0,485.15,478.79979999999995,-0.004998279944148809,62.89496210060504,6.346037980019219,6.4341652544887875,0,-1.670000000000016,0.010997010408741348,0.22337110711217023,0,0.7374659160876065,0.11333493369157263,0,1,0,0,0,0,0,0,0,0,0,0
2024-02-20,497.72,498.41,494.45,496.76,489.0,71736700.0,485.805,478.79979999999995,-0.005491153142159866,58.69040917765425,5.907316449237328,6.328795493438497,1,-4.149999999999977,-0.003582061147761828,-0.049356490487826865,0,0.731528718444894,0.10568668613518209,0,1,0,0,0,0,0,0,0,0,0,0
2024-02-21,495.42,497.37,493.56,497.21,489.44,59603800.0,486.413,478.79979999999995,0.0008997955010225933,59.16943938675431,5.531368623704623,6.169310119491723,1,3.079999999999984,-0.009589637585286082,-0.1691310026806363,0,0.732496261764447,0.0807718189645737,0,1,0,0,0,0,0,0,0,0,0,0
2024-02-22,504.01,508.49,503.02,507.5,499.57,76402500.0,487.5009999999999,478.79979999999995,0.02069712324288986,68.28719778598969,5.981878234769283,6.131823742547235,1,8.79000000000002,0.016105765601752586,0.28183941292333703,0,0.754771747735069,0.11526788990712653,0,1,0,0,0,0,0,0,0,0,0,0
2024-02-23,509.27,510.13,507.1,507.85,499.91,61321800.0,488.47649999999993,478.79979999999995,0.0006805853033609033,68.54111968270311,6.293794559851051,6.164217906007998,0,5.740000000000009,0.022277504047273355,-0.19738490232649453,0,0.7555193948456329,0.08429972587875786,0,1,0,0,0,0,0,0,0,0,0,0
2024-02-26,508.3,508.75,505.86,505.99,498.08,50386700.0,489.3910000000001,478.79979999999995,-0.0036606589186054528,65.50113619953015,6.320466386512237,6.195467602108846,1,6.3799999999999955,0.01771704962764531,-0.17832320642903499,0,0.7514952942211275,0.06184453676508186,0,1,0,0,0,0,0,0,0,0,0,0
2024-02-27,506.7,507.16,504.75,506.93,499.01,48854500.0,490.162,478.79979999999995,0.0018671699325409907,66.31870691654916,6.3435230440216515,6.225078690491407,0,10.009999999999991,-0.0011129036827035588,-0.030408818200040932,0,0.7535403289647284,0.058698169492722725,0,1,0,0,0,0,0,0,0,0,0,0
2024-02-28,505.33,506.86,504.96,506.26,498.35,56506600.0,490.91849999999994,478.79979999999995,-0.0013226187851945737,65.13891150370395,6.236646943278004,6.227392341048727,1,8.910000000000025,-0.0031161077712590357,0.15663040252177374,0,0.7520890139853988,0.07441172973604562,0,1,0,0,0,0,0,0,0,0,0,0
2024-02-29,508.07,509.74,505.35,508.08,500.14,83924800.0,492.159,478.79979999999995,0.003591853115280319,66.86080538144338,6.2246312296665565,6.2268401187722935,1,0.5699999999999932,0.004136404262626736,0.48522119540018327,0,0.7560251561263083,0.13071490631025087,0,0,0,0,0,0,0,0,0,0,0,0
2024-03-01,508.98,513.29,508.56,512.85,504.84,76805900.0,493.323,479.6046,0.009397368736753675,70.92204659847184,6.519210015530348,6.285314098123905,0,4.92999999999995,0.01166660306683942,-0.08482474786952132,0,0.7663602779488081,0.11609627037812878,0,0,0,0,0,0,0,0,0,0,0,0
2024-03-04,512.03,514.2,512.0,512.3,504.29,49799300.0,494.206,480.342,-0.0010894540844622602,69.84336931558344,6.631837725075741,6.354618823514272,0,6.210000000000036,0.011899767767571734,-0.35162142491657544,0,0.7651508487993666,0.06063831294587826,0,0,0,0,0,0,0,0,0,0,0,0
2024-03-05,510.24,510.7,504.91,507.18,499.25,72855600.0,494.92600000000004,481.1082,-0.00999424934065718,60.72841037830599,6.24245102771016,6.33218526435345,1,0.2400000000000091,-0.0016863346883657648,0.46298441945971125,0,0.7540680798663031,0.10798434332160856,0,0,0,0,0,0,0,0,0,0,0,0
2024-03-06,510.55,512.07,508.42,509.75,501.78,68382400.0,495.70200000000006,481.83759999999995,0.005067601402103161,63.316475822846805,6.068060298689147,6.27936027122059,1,3.42999999999995,-0.006016102023016279,-0.0613981629414897,0,0.7596314539537337,0.09879864296740096,0,0,0,0,0,0,0,0,0,0,0,0
2024-03-07,513.14,515.89,509.81,514.81,506.77,58652100.0,496.5245,482.64799999999997,0.009944597233847441,67.82086445934226,6.260340379385639,6.2755562928536,0,6.6299999999999955,0.005017949295293422,-0.14229246121809125,0,0.7706042747823025,0.0788175063858606,0,0,0,0,0,0,0,0,0,0,0,0
2024-03-08,515.46,518.22,511.13,511.72,503.72,86425500.0,497.184,483.358,-0.006018509382954673,62.749130200962846,6.096339412644852,6.23971291681185,0,-1.1199999999999477,0.008993689252995929,0.47352780207358314,0,0.7638974404081273,0.13585008490181105,0,0,0,0,0,0,0,0,0,0,0,0
2024-03-11,510.48,511.88,508.5,511.28,503.29,62557200.0,497.68,484.0426,-0.0008536488525371366,62.04467884511303,5.8640726790143844,6.164584869252357,1,-1.0,0.003072438998355631,-0.27617196313588,0,0.7629518867094731,0.0868366154024966,0,0,0,0,0,0,0,0,0,0,0,0
2024-03-12,513.45,517.38,510.86,516.78,508.7,73114400.0,498.4575,484.8318,0.010749269804685158,67.05580856265018,6.046837230397784,6.141035341481443,0,9.449999999999989,0.0038771115691933478,0.1687607501614523,0,0.7748482716157972,0.10851578820483956,0,0,0,0,0,0,0,0,0,0,0,0
2024-03-13,517.11,517.29,514.49,515.97,507.91,55104100.0,499.535,485.6324000000001,-0.001552978179673592,65.69188753577814,6.058099061477094,6.124448085480574,0,6.130000000000052,0.008342642772474429,-0.24633040823695473,0,0.7731110915647814,0.07153170095423927,0,0,0,0,0,0,0,0,0,0,0,0
2024-03-14,516.97,517.13,511.82,514.95,506.9,110171800.0,500.341,486.4652,-0.0019885412769979904,63.902318717523436,5.917314466892776,6.083021361763015,0,0.12999999999999545,0.007207750348013575,0.9993394320930749,0,0.7708901398539887,0.18461302783329633,0,0,0,0,0,0,0,0,0,0,0,0
2024-03-15,510.21,511.7,508.12,509.83,503.42,107585800.0,500.8035,487.30440000000004,-0.006865259420003822,58.03586463383959,5.461972525644114,5.958811594539235,0,-0.30000000000001137,-0.010406778876675404,-0.023472431239210056,0,0.7632377517811593,0.17930268599390153,0,0,0,0,0,0,0,0,0,0,0,0
2024-03-15,1.60 Dividend,,,,,,511.226,509.61659999999995,0.0,58.03586463383959,5.461972525644114,5.859443780760211,0,0.0,-0.008853800697001812,0.0,0,0.769812648429941,0.14091770345991564,1,1,0,0,0,0,1,0,0,0,1,1
2024-03-18,514,515.48,512.44,512.86,506.41,88893300.0,511.226,509.61659999999995,0.005939374677207843,58.03586463383959,5.301065585752099,5.747768141758589,1,-2.2899999999999636,-0.0009258847427959793,-0.17374504813832303,0,0.769812648429941,0.14091770345991564,1,1,0,0,0,0,0,0,0,0,0,0
2024-03-19,512.15,516.0,511.12,515.71,509.23,60755300.0,511.226,509.61659999999995,0.005568610414486308,61.60345603926965,5.317826930393721,5.661779899485616,1,1.3199999999999932,0.01150798509169415,-0.3165367918617039,0,0.7760137215234408,0.08313642013551845,1,1,0,0,0,0,0,0,0,0,0,0
2024-03-20,515.77,520.62,515.08,520.48,513.94,69594600.0,511.226,509.61659999999995,0.00924925868468085,66.69615178165793,5.646083517444595,5.658640623077412,1,7.040000000000077,0.020757243776375,0.14549018768732935,0,0.7863708329668397,0.10128789137332297,1,1,0,0,0,0,0,0,0,0,0,0
2024-03-21,523.39,524.11,521.91,522.2,515.64,60256100.0,511.226,509.61659999999995,0.003307779118184806,68.32894369507362,5.974534307670297,5.7218193599959895,0,12.21999999999997,0.018125648217351964,-0.13418426142258166,0,0.7901090685196586,0.08211131470387659,1,1,0,0,0,0,0,0,0,0,0,0
2024-03-22,522.11,522.61,520.97,521.21,514.66,79023000.0,511.226,509.61659999999995,-0.0019005507718563575,66.31066271177325,6.08560504864289,5.7945764977253695,0,0.0,0.010656487031009299,0.31145228449899687,0,0.7879540856715628,0.12064907737430908,1,1,0,0,0,0,1,0,0,0,0,0
2024-03-25,519.8,520.95,519.61,519.77,513.24,48512100.0,511.226,509.61659999999995,-0.0027591030971902963,63.3889505066385,5.989998306685322,5.8336608595173605,0,6.829999999999984,-0.0013518747508618478,-0.38610151474887056,0,0.7848315595039141,0.05799505230563503,1,1,0,0,0,0,0,0,0,0,0,0
2024-03-26,521.23,521.58,518.4,518.81,512.29,65463700.0,511.226,509.61659999999995,-0.0018509858935391588,61.438588447265154,5.771047174875946,5.821138122589078,1,3.0599999999999454,-0.0065106397625858126,0.349430348304856,0,0.7827425455185151,0.09280510285655733,1,1,0,0,0,0,0,0,0,0,0,0
2024-03-27,521.71,523.21,519.49,523.17,516.6,82999800.0,511.226,509.61659999999995,0.008413203458978336,66.47790035129026,5.877555009784601,5.8324215000281825,0,2.659999999999968,0.0038031144682488804,0.26787517356947443,0,0.7922200721259565,0.12881542208695612,1,1,0,0,0,0,0,0,0,0,0,0
2024-03-28,523.21,524.61,522.78,523.07,516.5,96294900.0,511.226,509.61659999999995,-0.00019357336430514405,66.26153524433744,5.886043427336574,5.843145885489862,0,0.8600000000000136,0.006368644201134033,0.16018231369232216,0,0.792000175916967,0.15611686284060577,1,1,0,0,0,0,0,0,0,0,0,0
2024-04-01,523.83,524.38,520.97,522.16,515.6,62477500.0,511.226,509.61659999999995,-0.0017424975798644438,64.23520495379518,5.753821607158386,5.825281029823567,0,0.9400000000000546,0.006477132514808748,-0.35118578450156757,0,0.790021110036063,0.08667295173482462,1,1,0,0,0,0,0,0,0,0,0,0
2024-04-02,518.24,518.98,516.48,518.84,512.32,74230300.0,511.226,509.61659999999995,-0.006361520558572531,57.351679813432845,5.323005974743523,5.724826018807558,1,-0.9199999999999591,-0.008297591502742119,0.18811252050738259,0,0.782808514381212,0.11080728490189318,1,1,0,0,0,0,0,0,0,0,0,0
2024-04-03,517.72,520.95,517.67,519.41,512.88,59155800.0,511.226,509.61659999999995,0.0010930668332291837,58.1757511441739,4.969483687526804,5.573757552551408,0,0.5900000000000318,-0.007010951305207791,-0.2030774495051212,0,0.7840399331515524,0.07985185255156177,1,1,0,0,0,0,0,0,0,0,0,0
2024-04-04,523.52,523.87,512.76,513.07,506.62,96858100.0,511.226,509.61659999999995,-0.012205584152238269,47.1970960178661,4.136502024464903,5.286306446934107,1,-9.980000000000018,-0.017474037877581616,0.6373390267733678,0,0.7702744304688187,0.15727339204553506,1,1,0,0,0,0,0,0,0,0,0,0
2024-04-05,514.46,520.44,514.01,518.43,511.91,74482100.0,511.226,509.61659999999995,0.010441751213927652,54.93635656035054,3.8587357411603875,5.000792305779363,1,-4.589999999999975,-0.0006707661050814329,-0.23101836604269543,0,0.7819069399243557,0.11132435530992088,1,1,0,0,0,0,0,0,0,0,0,0
2024-04-08,519.15,520.18,517.89,518.72,512.2,48401800.0,511.226,509.61659999999995,0.0005665058311030702,55.32294883329418,3.620272291378683,4.724688302899228,1,-3.3999999999999773,-0.0011973271072075464,-0.35015527220634224,0,0.7825446389304249,0.05776855164635999,1,1,0,0,0,0,0,0,0,0,0,0
2024-04-09,520.5,520.75,514.35,519.32,512.79,68124400.0,511.226,509.61659999999995,0.0011518937914876126,56.1472061888772,3.439250816006961,4.4676008055207745,0,0.4699999999999136,0.012160150836518335,0.4074765814494503,0,0.7838420265634618,0.09826884088133603,1,1,0,0,0,0,0,0,0,0,0,0
2024-04-10,513.48,516.16,512.09,514.12,507.66,82652800.0,511.226,509.61659999999995,-0.010004095243666855,47.87636735181196,2.849000363040375,4.143880717024695,1,-5.21999999999997,-0.008285695621076172,0.2132627957090265,0,0.7725613510423079,0.1281028588161634,1,1,0,0,0,0,0,0,0,0,0,0
2024-04-11,515.68,519.48,512.08,518.0,511.49,70099000.0,511.226,509.61659999999995,0.007544419493361598,53.396005888443234,2.6596132518780564,3.8470272239953673,0,4.8700000000000045,-0.0013077819588176443,-0.15188596151612532,0,0.7809833758466003,0.10232367498654446,1,1,0,0,0,0,0,0,0,0,0,0
2024-04-12,514.37,515.82,509.08,510.85,504.43,92469100.0,511.226,509.61659999999995,-0.013802811394162173,44.12104012259265,1.9177331704617586,3.4611684132886458,0,-7.480000000000018,-0.01626248714446743,0.31912152812450967,0,0.7654587034919518,0.14826059609305872,1,1,0,0,0,0,0,0,0,0,0,0
2024-04-15,515.13,515.3,503.58,504.45,498.11,92101400.0,511.226,509.61659999999995,-0.01252899312094835,37.79246645474328,0.8104740392043936,2.9310295384717957,0,-14.090000000000032,-0.018787385021748926,-0.003976463488884363,0,0.7515612630838244,0.14750552544559334,0,1,0,0,0,0,0,0,0,0,0,0
2024-04-16,504.94,506.5,502.21,503.53,497.2,73484000.0,510.7655000000001,509.61659999999995,-0.0018269057035594782,36.97018458609675,-0.13886544014769697,2.3170505427478973,0,-15.589999999999975,-0.028158710218670002,-0.20214024976819023,0,0.7495602075820211,0.10927476049557441,0,1,0,0,0,0,0,0,0,0,0,0
2024-04-17,506.05,506.22,499.12,500.55,494.26,75910300.0,510.017,509.61659999999995,-0.0059131134352373715,34.36843298520516,-1.1155973349090686,1.6305209672165042,0,-13.400000000000034,-0.0202690122597452,0.03301807196124318,0,0.743095259037734,0.11425715895068794,0,1,0,0,0,0,0,0,0,0,0,0
2024-04-18,501.98,504.13,498.56,499.52,493.24,74548100.0,508.9820000000001,509.61659999999995,-0.0020636911746853004,33.487911812028,-1.9494972828285881,0.9145173172074859,0,-18.25,-0.00980371031348215,-0.017944863872228156,0,0.7408523177060427,0.11145988607612353,0,1,0,0,0,0,0,0,0,0,0,0
2024-04-19,499.44,500.46,493.86,495.16,488.94,102129100.0,507.64699999999993,509.61659999999995,-0.00871786554212961,29.998641411606826,-2.923641147633532,0.1468856242392823,1,-15.490000000000009,-0.016694670152052282,0.36997589475788106,0,0.7313967807195003,0.16809737187362866,0,1,0,0,0,0,0,0,0,0,0,0
2024-04-22,497.83,502.38,495.43,499.72,493.44,67961000.0,506.58599999999996,509.61659999999995,0.00920358326174986,37.354982161879576,-3.294567068519086,-0.5414049143123915,1,-4.670000000000016,-0.0015779734550650515,-0.3345579271725688,0,0.7412921101240213,0.09793329956016159,0,1,0,0,0,0,0,0,0,0,0,0
2024-04-23,501.78,506.09,499.53,505.65,499.3,64633600.0,505.88899999999995,509.61659999999995,0.01187581063553833,45.40146588775855,-3.080169233674212,-1.0491577781847556,0,2.1000000000000227,0.01236152835515858,-0.04896043318962351,0,0.7541780279707977,0.09110049544709034,0,1,0,0,0,0,0,0,0,0,0,0
2024-04-24,506.56,507.37,503.13,505.41,499.06,55928100.0,505.2275000000001,509.61659999999995,-0.00048067294211895373,45.14570487248299,-2.896237377500313,-1.4185736980478671,0,4.800000000000011,0.020598720955169236,-0.13469000643628082,0,0.7536502770692233,0.0732237820353148,0,1,0,0,0,0,0,0,0,0,0,0
2024-04-25,499.18,504.27,497.49,503.49,497.16,69122400.0,504.25550000000004,509.61659999999995,-0.0038071574560172294,43.07682533631461,-2.8706926197857,-1.708997482395434,1,3.920000000000016,0.007587980237402148,0.23591539852060062,0,0.7494722490984256,0.10031823034603674,0,1,0,0,0,0,0,0,0,0,0,0
2024-04-26,506.35,509.88,505.7,508.26,501.87,64306100.0,503.524,509.61659999999995,0.009473811247888042,49.28173093605388,-2.4422379791855633,-1.8556455817534598,1,12.930000000000007,0.005185980849751859,-0.069677846834022,0,0.7598293605418243,0.09042797535722111,0,1,0,0,0,0,0,0,0,0,0,0
2024-04-29,510.09,510.75,507.25,510.06,503.65,46415400.0,502.92650000000003,509.61659999999995,0.0035467352103133454,51.43621065685977,-1.9367280701206937,-1.8718620794269067,0,10.20999999999998,0.009213389002184158,-0.27821155380282736,0,0.7637435130618346,0.05368948628295169,0,1,0,0,0,0,0,0,0,0,0,0
2024-04-30,508.56,509.56,501.98,501.98,495.67,77483600.0,502.09400000000005,509.61659999999995,-0.01584433634468374,42.682446121538874,-2.1551835194844102,-1.9285263674384077,0,-3.6299999999999955,-0.002823789886482353,0.6693511205332714,0,0.746195795584484,0.1174879249274551,0,1,0,0,0,0,0,0,0,0,0,0
2024-05-01,501.38,508.19,499.87,500.35,494.06,80242800.0,501.1530000000001,509.61659999999995,-0.003248128795367955,41.16044955834818,-2.4302106263136807,-2.0288632192134624,1,-5.0,-0.01554572992973835,0.0356101162052358,0,0.7426554666197553,0.12315393235330899,0,1,0,0,0,0,0,0,0,0,0,0
2024-05-02,504.15,505.89,499.55,505.03,498.68,62550200.0,500.75600000000003,509.61659999999995,0.00935109096061204,47.00074622945986,-2.2494459877746635,-2.0729797729257027,1,1.5199999999999818,-0.009741374179439655,-0.22048831795500656,0,0.7528146714750636,0.08682224092729329,0,1,0,0,0,0,0,0,0,0,0,0
2024-05-03,511.16,512.55,508.56,511.29,504.86,72756700.0,500.4035,509.61659999999995,0.012392716772278822,53.630924192660075,-1.5891951058677591,-1.976222839514114,1,2.990000000000009,0.018495678937522908,0.16317293949499767,0,0.766404257190606,0.10778125252195034,0,1,0,0,0,0,0,0,0,0,0,0
2024-05-06,513.75,516.61,513.3,516.57,510.08,47264700.0,500.29749999999996,509.61659999999995,0.010339500059422413,58.36838275397888,-0.6373837869279555,-1.7084550289968823,1,6.430000000000007,0.032083307792313276,-0.3503732302317175,0,0.7778828392998505,0.0554335208244049,0,1,0,0,0,0,0,0,0,0,0,0
2024-05-07,517.56,518.57,516.45,517.14,510.64,52561300.0,500.19000000000005,509.61659999999995,0.0010978670012546932,58.854058256800776,0.1602733294712948,-1.3347093573032471,1,14.96999999999997,0.02383008383295593,0.11206249061138651,0,0.7791142580701909,0.06631007016181348,0,1,0,0,0,0,0,0,0,0,0,0
2024-05-08,515.26,517.74,515.14,517.19,510.69,42047200.0,500.3415,509.61659999999995,9.791634027878082e-05,58.90016131071327,0.7873804909867204,-0.9102913876452537,1,16.629999999999995,0.011535283400955887,-0.20003500674450592,0,0.7792242061746855,0.04471940305679376,0,1,0,0,0,0,0,0,0,0,0,0
2024-05-09,517.38,520.21,516.71,520.17,513.63,43643700.0,500.4485000000001,509.61659999999995,0.0057569171121423235,61.62308082574222,1.5042606831598846,-0.4273809734842261,1,14.949999999999989,0.0069527004536757975,0.037969234574478206,0,0.7856891547189726,0.0479978101513776,0,1,0,0,0,0,0,0,0,0,0,0
2024-05-10,521.81,522.64,519.59,520.84,514.29,52233200.0,500.9415,509.61659999999995,0.001284971672215418,62.22806663871222,2.101425954142826,0.07838041204118429,1,9.42999999999995,0.007139805124636522,0.1968096197160185,0,0.7871404696983022,0.06563631797406969,0,1,0,0,0,0,0,0,0,0,0,0
2024-05-13,522.56,522.67,519.74,520.91,514.36,36716400.0,501.754,509.61659999999995,0.00013610997686130943,62.2959560127384,2.550926654153443,0.5728896604636361,1,4.28000000000003,0.007177998761219051,-0.29706776532933077,0,0.7872943970445949,0.03377262414053473,0,1,0,0,0,0,0,0,0,0,0,0
2024-05-14,521.11,523.83,520.56,523.3,516.72,57535900.0,502.7299999999999,509.61659999999995,0.004588226145112451,64.6057035856266,3.0622912863081524,1.0707699856325394,1,6.080000000000041,0.006009307794189178,0.5670354392042793,0,0.7924839475767438,0.07652539363986971,0,1,0,0,0,0,0,0,0,0,0,0
2024-05-15,525.83,530.08,525.18,529.78,523.12,59504900.0,504.17300000000006,509.61659999999995,0.012385818238117352,69.9770441368156,3.9385764962720486,1.6443312877604415,0,12.430000000000007,0.017110154360091112,0.03422211175978829,0,0.8065573049520625,0.08056872816491548,0,1,0,0,0,0,0,0,0,0,0,0
2024-05-16,529.88,531.52,528.54,528.69,522.05,50244800.0,505.61349999999993,509.61659999999995,-0.002045419788958669,68.11587337598525,4.494884549705034,2.21444194014936,1,8.419999999999959,0.014928624594271134,-0.1556191170811143,0,0.8042044155158763,0.061553145617746156,0,1,0,0,0,0,0,0,0,0,0,0
2024-05-17,528.81,529.52,527.32,529.45,522.8,59187600.0,507.3065,509.61659999999995,0.00143664399961696,68.74340336436487,4.939343741999153,2.7594223005193186,1,8.509999999999991,0.011777042448775643,0.17798458745979673,0,0.8058536370832965,0.07991715373891395,0,1,0,0,0,0,0,0,0,0,0,0
2024-05-20,529.57,531.56,529.17,530.06,523.4,37764200.0,508.8045,509.61659999999995,0.0011476664116296664,69.26456683553369,5.279141186195545,3.263366077654564,1,9.039999999999964,0.0005388906222879575,-0.3619575721941758,0,0.8071730143372327,0.035924277728824706,0,1,0,0,0,0,0,0,0,0,0,0
2024-05-21,529.28,531.52,529.07,531.36,524.68,33437000.0,510.0735000000001,509.61659999999995,0.0024455483377912035,70.39850488760541,5.587311363999561,3.7281551349235635,0,7.959999999999923,0.00502985874903783,-0.11458471250549462,0,0.8099876858122963,0.02703838785742902,0,1,0,0,0,0,0,0,0,0,0,0
2024-05-22,530.65,531.38,527.6,529.83,523.17,48390000.0,511.279,509.61659999999995,-0.002877944651978326,67.2466077661026,5.644626331065297,4.11144937415191,0,0.049999999999954525,0.0007152700974425441,0.4471992104554834,0,0.8066672530565571,0.057744320388160124,0,1,0,0,0,0,0,0,0,0,0,0
2024-05-23,532.96,533.07,524.72,525.96,519.35,57211200.0,512.3885,509.61659999999995,-0.007301641913718182,59.93579041539394,5.320475649067703,4.353254629135068,1,-2.699999999999932,-0.007734038227905304,0.18229386236825795,0,0.7982672178731638,0.07585862334008181,0,1,0,0,0,0,0,0,0,0,0,0
2024-05-24,527.85,530.27,526.88,529.44,522.79,41258400.0,513.4345000000001,509.61659999999995,0.0066236641956289866,63.75698882629334,5.280295192812446,4.538662741870544,1,-0.009999999999990905,-0.0035559223700675213,-0.27884050675392236,0,0.8058316474623977,0.043099605051026314,0,1,0,0,0,0,0,0,0,0,0,0
2024-05-28,530.27,530.51,527.11,529.81,523.15,36269600.0,514.4095,509.61659999999995,0.0006886130186116723,64.14242517126513,5.217358422893767,4.674401878075189,0,-0.25,1.0635300522476854e-05,-0.12091598316948793,0,0.8066232738147594,0.032855121923271925,0,0,0,0,0,0,0,0,0,0,0,0
2024-05-29,525.68,527.31,525.37,526.1,519.49,45190300.0,515.6004999999999,509.8782,-0.006996081429800238,57.4527851790843,4.816626099762061,4.702846722412564,0,-5.189999999999941,0.0003161957844404206,0.245955290380925,0,0.798575072565749,0.05117374777272641,0,0,0,0,0,0,0,0,0,0,0,0
2024-05-30,524.52,525.2,521.33,522.61,516.04,46468500.0,516.6995,510.0144,-0.006641128799399487,51.95248503183002,4.172558027795617,4.596788983489175,1,-7.1299999999999955,-0.012948597210588053,0.028284831036748947,0,0.7909886533556161,0.05379852694485109,0,0,0,0,0,0,0,0,0,0,0,0
2024-05-31,523.59,527.5,518.36,527.37,520.74,90785800.0,517.8025,510.1504,0.009107821099139768,57.86989059027437,3.995324546593338,4.476496096110008,1,1.3899999999999864,-0.004529389130059958,0.9537062741426987,0,0.8013237751781159,0.1448039455059538,0,0,0,0,0,0,0,0,0,0,0,0
2024-06-03,529.02,529.31,522.6,527.8,521.17,46835700.0,518.618,510.2610000000001,0.0008257479740367835,58.374982158056575,3.845237636288516,4.35024440414571,1,-1.6200000000000045,0.003292440273777064,-0.4841076467905774,0,0.8022693288767699,0.05455257084408766,0,0,0,0,0,0,0,0,0,0,0,0
2024-06-04,526.46,529.15,524.96,528.39,521.75,34632700.0,519.2015,510.40280000000007,0.001112880633958202,59.087471018424964,3.7300956109922936,4.226214645515027,1,-1.3999999999999773,0.011046449707134753,-0.2605491110413638,0,0.8035447268889084,0.029493753571800403,0,0,0,0,0,0,0,0,0,0,0,0
2024-06-05,530.77,534.69,528.73,534.67,527.95,47610400.0,520.067,510.69699999999995,0.01188308576904662,65.82214825639376,4.091963305008221,4.199364377413666,0,8.460000000000036,0.013821714377041605,0.3747238881172996,0,0.8171782918462487,0.05614341454980273,0,0,0,0,0,0,0,0,0,0,0,0
2024-06-06,534.98,535.42,532.68,534.66,527.94,30808500.0,520.9295,511.01,-1.8941187612475652e-05,65.80333338089602,4.328048098838281,4.2251011216985885,0,11.900000000000091,0.012977025215392346,-0.35290398736410533,0,0.8171563022253496,0.021640772418585537,0,0,0,0,0,0,0,0,0,0,0,0
2024-06-07,533.66,536.89,532.54,534.01,527.3,43224500.0,521.613,511.224,-0.0012122589688223773,64.53197235764421,4.412638201139998,4.262608537586871,1,6.559999999999945,0.010651885612611767,0.4030056640212929,0,0.8157489664878175,0.047136984436345,0,0,0,0,0,0,0,0,0,0,0,0
2024-06-10,533.18,535.99,532.57,535.66,528.93,35729300.0,522.345,511.4726,0.003091219419685265,66.31691854744709,4.558654512616954,4.321817732592888,1,7.759999999999991,0.001860019263250412,-0.17340165878147806,0,0.819333274694344,0.031745617787222034,0,0,0,0,0,0,0,0,0,0,0,0
2024-06-11,534.07,537.01,532.05,536.95,530.2,36383400.0,523.137,511.7646,0.0024010738661073283,67.68162246946156,4.7224148191859285,4.401937149911496,1,8.450000000000045,0.004280034316970216,0.018307103693607107,0,0.8221259565485091,0.03308880982014862,0,0,0,0,0,0,0,0,0,0,0,0
2024-06-12,541.63,544.12,540.3,541.36,534.56,63251300.0,524.029,512.2094,0.0082233119577515,71.892025138349,5.1447066283873255,4.5504910456066625,1,6.6099999999999,0.013715605243544093,0.738465893786727,0,0.8317134312604448,0.08826194729372783,0,0,0,0,0,0,0,0,0,0,0,0
2024-06-13,543.15,543.33,539.59,542.45,535.63,44760900.0,524.6545,512.6644,0.0020016462137084634,72.82761147332505,5.502289024446668,4.740850641374664,1,7.689999999999941,0.012626032037567292,-0.29233233150939186,0,0.834066320696631,0.05029197639382612,0,0,0,0,0,0,0,0,0,0,0,0
2024-06-14,540.88,542.81,539.85,542.78,535.96,40089900.0,525.35,513.2511999999999,0.0006160969325841315,73.12472476421637,5.746066810254547,4.94189387515064,1,8.660000000000082,0.010841055104044095,-0.1043544700843817,0,0.834791978186296,0.040700094440302086,0,0,0,0,0,0,0,0,0,0,0,0
2024-06-17,542.08,548.53,541.61,547.1,540.22,55839500.0,526.221,513.8174,0.007948354354802678,76.67098788180421,6.2114076189614025,5.195796623912793,1,11.290000000000077,0.010566097501095273,0.39285705377164826,0,0.8441595566892426,0.07304184224917004,0,0,0,0,0,0,0,0,0,0,0,0
2024-06-18,547.16,548.62,546.73,548.49,541.6,41376400.0,527.131,514.4054,0.00255451482729252,77.69763936624997,6.615291071720776,5.47969551347439,0,11.399999999999977,0.01111896611467933,-0.2590119897205383,0,0.8471941243732957,0.043341917633024994,0,0,0,0,0,0,0,0,0,0,0,0
2024-06-20,549.44,550.12,545.18,547.0,540.13,70328200.0,527.9035,514.9522000000001,-0.002714180206794703,73.96369190137526,6.739071086598074,5.731570628099126,0,5.57000000000005,0.007788688975300495,0.6997177134791814,0,0.8439616501011522,0.10279433637463004,0,0,0,0,0,0,0,0,0,0,0,0
2024-06-21,544.4,545.65,543.02,544.51,539.4,64513900.0,528.7149999999999,515.587,-0.0013515264843648733,72.11038059311933,6.701017581597739,5.925460018798849,0,3.769999999999982,-0.0015111918638670563,-0.0826738065242677,0,0.8423564077755299,0.0908546919211137,0,0,0,0,0,0,0,0,0,0,0,0
2024-06-21,1.76 Dividend,,,,,,547.447,543.7357999999999,0.0,72.11038059311933,6.701017581597739,6.080571531358627,0,0.0,-0.004065706691159576,0.0,0,0.838508224118216,0.05186865097398364,1,1,0,0,0,0,1,0,0,0,1,1
2024-06-24,544.33,546.95,542.62,542.74,537.65,45528700.0,547.447,543.7357999999999,-0.003244345569150875,72.11038059311934,6.473879182196242,6.15923306152615,1,-2.57000000000005,-0.004595872053515748,-0.2942807674005137,0,0.838508224118216,0.05186865097398364,1,1,0,0,0,0,0,0,0,0,0,0
2024-06-25,543.99,545.2,542.44,544.83,539.72,38273300.0,547.447,543.7357999999999,0.003850088347437941,74.3836388045001,6.365730107424042,6.2005324707057285,1,-1.8799999999999955,0.0006057427782870661,-0.1593588220177602,0,0.8430600756442959,0.03696971277539698,1,1,0,0,0,0,0,0,0,0,0,0
2024-06-26,543.69,546.24,543.03,545.51,540.39,38550600.0,547.447,543.7357999999999,0.00124138442155175,75.09133327649673,6.261901286933721,6.212806233951327,1,0.2599999999999909,0.0018471271998388161,0.007245259750269684,0,0.8445333802445245,0.037539147343093875,1,1,0,0,0,0,0,0,0,0,0,0
2024-06-27,545.37,546.96,544.61,546.37,541.24,35041500.0,547.447,543.7357999999999,0.0015729380632507617,75.9973100957915,6.176999489832497,6.205644885127562,0,1.8400000000000318,0.006664410832240453,-0.09102582060979592,0,0.8464024980209341,0.03033322292367379,1,1,0,0,0,0,0,0,0,0,0,0
2024-06-28,547.16,550.28,542.95,544.22,539.11,76144500.0,547.447,543.7357999999999,-0.003935407582588146,69.20454519408626,5.8701733013361945,6.138550568369289,1,0.0,-0.0011210850977856346,1.172980608706819,0,0.8417187087694609,0.1147380878210616,1,1,0,0,0,0,1,0,0,0,0,0
2024-07-01,545.63,545.88,542.52,545.34,540.22,40297800.0,547.447,543.7357999999999,0.002058949008551192,70.67552486056371,5.65143285962165,6.041127026619762,1,2.57000000000005,-0.0003035205107861927,-0.4707720189902094,0,0.8441595566892426,0.04112701635384044,1,1,0,0,0,0,0,0,0,0,0,0
2024-07-02,543.7,549.01,543.65,549.01,543.86,40434800.0,547.447,543.7357999999999,0.00673799563140931,74.90820012648348,5.7060215977699045,5.974105940849791,1,4.139999999999986,0.004861537057372356,0.0033996893130643357,0,0.8521637786964553,0.04140834536853382,1,1,0,0,0,0,0,0,0,0,0,0
2024-07-03,548.69,551.83,548.65,551.46,546.29,32789900.0,547.447,543.7357999999999,0.0044680616335084355,77.26719650338731,5.877610818851508,5.954806916450135,1,5.899999999999977,0.013265006273468938,-0.18906733803555353,0,0.8575072565748965,0.025709570299705754,1,1,0,0,0,0,0,0,0,0,0,0
2024-07-05,551.77,555.05,551.12,554.64,549.44,41488400.0,547.447,543.7357999999999,0.005766168152446571,79.9046241575308,6.196347549683537,6.003115043096815,1,8.200000000000045,0.016972225417364317,0.26527985751710137,0,0.8644339871580615,0.04357190923627797,1,1,0,0,0,0,0,0,0,0,0,0
2024-07-08,555.44,556.25,554.19,555.28,550.07,36110500.0,547.447,543.7357999999999,0.0011466220151425954,80.39453756745866,6.425712822561309,6.087634598989714,1,10.960000000000036,0.011380851801097602,-0.12962418410929322,0,0.8658193332746944,0.03252841063686523,1,1,0,0,0,0,0,0,0,0,0,0
2024-07-09,556.26,557.18,555.52,555.82,550.61,27289700.0,547.447,543.7357999999999,0.0009816932390422917,80.82602994919247,6.575264385954824,6.185160556382737,1,10.389999999999986,0.007894483406631458,-0.24427244153362593,0,0.8670067728032369,0.014414929083526581,1,1,0,0,0,0,0,0,0,0,0,0
2024-07-10,557.07,561.67,556.77,561.32,556.05,38701200.0,547.447,543.7357999999999,0.009879951326710268,84.52180946265699,7.051462740340526,6.358420993174295,0,12.18999999999994,0.012008266580895155,0.4181614308695223,0,0.8789691265722577,0.03784840390961084,1,1,0,0,0,0,0,0,0,0,0,0
2024-07-11,561.44,562.33,555.83,556.48,551.26,53054200.0,547.447,543.7357999999999,-0.008614333243413319,71.46063635617966,6.962085807277049,6.479153955994847,1,4.970000000000027,0.0022473113223392405,0.3708670532179881,0,0.8684360981616677,0.06732223856577235,1,1,0,0,0,0,0,0,0,0,0,0
2024-07-12,557.63,563.67,557.15,559.99,554.74,53084400.0,547.447,543.7357999999999,0.006312810651960987,74.53898323604383,7.09032797302757,6.601388759401392,1,5.2999999999999545,0.007578428735257936,0.0005692292033430135,0,0.8760884862344973,0.06738425415879237,1,1,0,0,0,0,0,0,0,0,0,0
2024-07-15,562.03,564.84,559.63,561.53,556.26,40584300.0,547.447,543.7357999999999,0.002740022352814009,75.76841416848838,7.231254707185144,6.727361948958142,1,6.189999999999941,0.000438499761361677,-0.2354759590388137,0,0.8794309086111354,0.0417153430889474,1,1,0,0,0,0,0,0,0,0,0,0
2024-07-16,562.87,565.16,562.1,564.86,559.56,36475300.0,547.447,543.7357999999999,0.005932477618379783,78.2265744082136,7.522507792839178,6.88639111773435,0,8.949999999999932,0.01498531062315478,-0.10124604834874573,0,0.886687483507784,0.03327752614460352,1,1,0,0,0,0,0,0,0,0,0,0
2024-07-17,558.8,560.51,556.61,556.94,551.71,57119000.0,547.447,543.7357999999999,-0.014028879834155239,62.090617317200326,7.038760121567179,6.916864918500917,0,-4.339999999999918,-0.005356379862961447,0.5659638166101444,0,0.8694256311021198,0.07566929096668962,1,1,0,0,0,0,0,0,0,0,0,0
2024-07-18,558.51,559.52,550.43,552.66,547.47,56270400.0,547.447,543.7357999999999,-0.007685196933171379,55.43887099370062,6.241308127020034,6.7817535602047405,0,-3.7899999999999636,-0.015781599148946834,-0.01485670267336614,0,0.8601020318409711,0.07392669387275674,1,1,0,0,0,0,0,0,0,0,0,0
2024-07-19,552.42,554.08,547.91,548.99,543.84,65509100.0,547.447,543.7357999999999,-0.006630500301386344,50.45528646803062,5.255825132693644,6.476567874702521,1,-10.899999999999977,-0.02834457706871296,0.16418401148738937,0,0.8521197994546574,0.09289833159573307,1,1,0,0,0,0,0,0,0,0,0,0
2024-07-22,553,555.27,551.02,554.65,549.45,43346700.0,547.447,543.7357999999999,0.010315533980582492,56.903124971697146,4.871348996025404,6.155524098967097,0,-6.809999999999945,-0.004000163253975231,-0.3383102500263322,0,0.8644559767789604,0.04738792170346567,0,1,0,0,0,0,0,0,0,0,0,0
2024-07-23,554.54,556.74,553.28,553.78,548.58,34439600.0,547.9935,543.7357999999999,-0.0015834015834016446,55.69265007246106,4.445205595547236,5.813460398283126,0,-10.979999999999905,0.0021016320957945034,-0.20548507729538812,0,0.8625428797607528,0.029097223405834767,0,1,0,0,0,0,0,0,0,0,0,0
2024-07-24,548.86,549.17,540.29,541.23,536.15,74515300.0,547.8149999999999,543.7357999999999,-0.022658500127602288,41.959110025681426,3.069107995793047,5.26458991778511,0,-15.56000000000006,-0.01392636773042144,1.1636517265008886,0,0.8352097809833756,0.11139253139231373,0,1,0,0,0,0,0,0,0,0,0,0
2024-07-25,541.35,547.46,537.45,538.41,533.36,61158300.0,547.4635000000001,543.7357999999999,-0.0052037676023499735,39.59872128448951,1.733429158426702,4.558357765913429,1,-14.110000000000014,-0.029445669313353906,-0.17925177782280954,0,0.8290746767525727,0.08396397920793766,0,1,0,0,0,0,0,0,0,0,0,0
2024-07-26,542.28,547.19,541.49,544.44,539.33,53763800.0,547.368,543.7357999999999,0.01119319034048294,46.53012572994174,1.1434422726448474,3.8753746672597127,1,-4.509999999999991,-0.016669077389469322,-0.12090754648183488,0,0.8422024804292374,0.06877939965209665,0,1,0,0,0,0,0,0,0,0,0,0
2024-07-29,546.02,547.05,542.72,544.76,539.65,39515800.0,547.395,543.7357999999999,0.0005933287597572612,46.88199166270102,0.6936982194238226,3.2390393776925346,0,-9.800000000000068,0.006582751497890227,-0.2650110297263214,0,0.8429061482980031,0.039521182123984776,0,1,0,0,0,0,0,0,0,0,0,0
2024-07-30,546.26,547.34,538.52,542.0,536.91,46853600.0,547.2295,543.7357999999999,-0.005077364958769537,44.199894197284635,0.11485375357347039,2.6142022528687217,1,-11.670000000000073,0.0067091541414706635,0.18569281148300165,0,0.8368809921716949,0.05458932843067899,0,1,0,0,0,0,0,0,0,0,0,0
2024-07-31,548.98,553.5,547.58,550.81,545.64,65663400.0,547.3185,543.7357999999999,0.016259708331005207,53.35603261868696,0.3564445139063537,2.1626507050762482,0,9.490000000000009,0.011775672131992931,0.4014590127546229,0,0.8560779312164657,0.09321518609914323,0,1,0,0,0,0,0,0,0,0,0,0
2024-08-01,552.57,554.87,539.43,543.01,537.92,76428700.0,546.9,543.7357999999999,-0.014148522835569333,46.145111181358956,-0.0741774774443229,1.7152850685721341,0,4.559999999999945,-0.0029661794633336624,0.163946734406077,0,0.8391019438824874,0.11532169151431607,0,1,0,0,0,0,0,0,0,0,0,0
2024-08-02,535.75,536.99,528.6,532.9,527.9,82789100.0,545.8230000000001,543.7357999999999,-0.018627305175490716,38.813134765185886,-1.210030291437647,1.130221996570178,0,-11.430000000000064,-0.01651611968005484,0.08322004691954721,0,0.8170683437417539,0.12838275038333646,0,1,0,0,0,0,0,0,0,0,0,0
2024-08-05,511.64,523.58,510.27,517.38,512.53,146267400.0,543.946,543.7357999999999,-0.029115362758098118,30.7437116187711,-3.3122508119004124,0.24172743487606008,1,-27.120000000000005,-0.061891190769158166,0.7667470717763569,0,0.7832702964200895,0.2587352145688181,0,1,0,0,0,0,0,0,0,0,0,0
2024-08-06,519.22,529.75,517.87,522.15,517.25,84826300.0,542.278,543.7357999999999,0.009209217021442617,35.199215704517584,-4.545019016685728,-0.7156218554362976,0,-19.659999999999968,-0.03853345091214622,-0.42006010908787605,0,0.7936493974843872,0.13256613336679163,0,1,0,0,0,0,0,0,0,0,0,0
2024-08-07,528.47,531.59,518.05,518.66,513.79,70698300.0,540.1650000000001,543.7357999999999,-0.0066892218463026065,33.49794068137166,-5.735079359276142,-1.7195133562042666,1,-31.850000000000023,-0.026595367582958107,-0.16655211885936316,0,0.7860409886533555,0.10355433541359368,0,1,0,0,0,0,0,0,0,0,0,0
2024-08-08,523.91,531.29,521.84,530.65,525.67,63276600.0,538.8855000000001,543.7357999999999,0.023122287315829437,43.5809926443645,-5.65441348114291,-2.506493381191995,1,-12.25,0.025642282490969448,-0.10497706451215938,0,0.8121646582812911,0.0883139007541055,0,1,0,0,0,0,0,0,0,0,0,0
2024-08-09,529.81,534.51,528.56,532.99,527.99,45619600.0,537.548,543.7357999999999,0.0044134152605248556,45.324430432419696,-5.3417047335326515,-3.0735356516601264,1,0.09000000000003183,0.020846480730051686,-0.2790447021489777,0,0.8172662503298442,0.052055313801980925,0,1,0,0,0,0,0,0,0,0,0,0
2024-08-12,534.21,535.73,530.95,533.27,528.27,42542100.0,536.1485,543.7357999999999,0.0005303130741112216,45.54315031181719,-5.0134946921452865,-3.461527459757159,1,15.740000000000009,0.028066015650465514,-0.06746003910599829,0,0.8178819597150144,0.04573567845366789,0,1,0,0,0,0,0,0,0,0,0,0
2024-08-13,536.53,542.28,536.28,542.04,536.95,52333100.0,535.018,543.7357999999999,0.016430991727715005,51.958989278538326,-4.00679457775766,-3.570580883357259,1,19.700000000000045,0.021374720062351082,0.23014848820345013,0,0.8369689506552906,0.0658414622701855,0,1,0,0,0,0,0,0,0,0,0,0
2024-08-14,542.85,544.96,540.12,543.75,538.65,42446900.0,534.365,543.7357999999999,0.0031660303566438674,53.12383103764959,-3.036795404630425,-3.4638237876118927,1,24.860000000000014,0.020127335158470094,-0.18890912252475012,0,0.8407071862081097,0.045540185590902844,0,1,0,0,0,0,0,0,0,0,0,0
2024-08-15,549.5,553.36,548.88,553.07,547.88,60846800.0,534.3855000000001,543.7357999999999,0.017135431170518967,58.944390879626695,-1.505920891158894,-3.072243208321293,1,22.210000000000036,0.03673245325487784,0.433480419064761,0,0.8610036062978272,0.08332431506139032,0,1,0,0,0,0,0,0,0,0,0,0
2024-08-16,551.42,555.02,551.26,554.31,549.11,44430700.0,534.649,543.7357999999999,0.0022450171570416178,59.66318146930043,-0.19123663255686552,-2.4960418931684076,1,21.120000000000005,0.022546478684204452,-0.26979397437498764,0,0.8637083296683965,0.04961391186352134,0,1,0,0,0,0,0,0,0,0,0,0
2024-08-19,554.73,559.61,553.86,559.61,554.36,39121800.0,534.8945,543.7357999999999,0.009560925861849201,62.667563099467145,1.2597694006219626,-1.7448796344103337,0,26.090000000000032,0.028941374189409785,-0.11948720141703817,0,0.8752528806403377,0.038712104519684105,0,1,0,0,0,0,0,0,0,0,0,0
2024-08-20,559.15,560.84,557.33,558.7,553.46,33732300.0,535.1385,543.7357999999999,-0.0016234937585684062,61.81753548861378,2.310446271054161,-0.9338144533174347,1,16.50999999999999,0.010182449260322413,-0.1377620661625999,0,0.8732738147594334,0.027644785361363007,0,1,0,0,0,0,0,0,0,0,0,0
2024-08-21,559.77,562.11,554.73,560.62,555.36,41514600.0,536.0989999999999,543.7357999999999,0.0034329490839446475,62.95978122043586,3.2588632348281408,-0.09527891568831959,0,16.710000000000036,0.011370381187225442,0.2307076600172535,0,0.8774518427302314,0.04362571084346751,0,1,0,0,0,0,0,0,0,0,0,0
2024-08-22,562.56,563.18,554.98,556.22,551.0,56121500.0,536.981,543.7357999999999,-0.007850763468741029,58.62566139446498,3.6169806482141666,0.6471729970921777,1,3.1200000000000045,-0.0060413081433647875,0.351849710704186,0,0.8678643680182954,0.07362092825021774,0,1,0,0,0,0,0,0,0,0,0,0
2024-08-23,559.53,563.09,557.29,562.13,556.86,50639400.0,537.8575,543.7357999999999,0.010635208711433863,62.374649545673705,4.323802204021376,1.3824988384780175,0,7.75,0.006217394326637482,-0.09768270627121511,0,0.8807502858650715,0.0623634553199214,0,1,0,0,0,0,0,0,0,0,0,0
2024-08-26,563.18,563.91,559.05,560.79,555.53,35788600.0,538.6515,543.7357999999999,-0.002388392055453825,61.02314869149843,4.722208810946995,2.0504408329718133,1,1.169999999999959,0.0003960531872390094,-0.29326571799823853,0,0.8778256662855131,0.03186739012715866,0,1,0,0,0,0,0,0,0,0,0,0
2024-08-27,559.49,562.06,558.32,561.56,556.29,32693900.0,539.6205,543.7357999999999,0.0013680629308947534,61.5360207653957,5.041163174652752,2.6485853013080014,0,2.8299999999999272,0.009614879586874792,-0.08647166974958509,0,0.8794968774738321,0.02551243463977463,0,1,0,0,0,0,0,0,0,0,0,0
2024-08-28,561.21,561.65,555.04,558.3,553.06,41066000.0,539.9915,543.7357999999999,-0.00580632403961967,58.04053665207403,4.975943223998797,3.1140568858461606,1,-2.300000000000068,-0.006826653164178742,0.25607529233282045,0,0.8723942299234759,0.042704512332581,0,1,0,0,0,0,0,0,0,0,0,0
2024-08-29,560.31,563.68,557.18,558.35,553.11,38715200.0,540.751,543.7357999999999,9.040610422017537e-05,58.08023285348781,4.872127670363966,3.465671042749722,1,2.1100000000000136,-0.0043478550045047415,-0.057244435786295234,0,0.8725041780279708,0.037877152860017464,0,1,0,0,0,0,0,0,0,0,0,0
2024-08-30,560.77,564.2,557.14,563.68,558.39,62700100.0,542.2755,543.7357999999999,0.009546021587025999,62.152233876198984,5.15646445688526,3.80382972557683,0,1.5299999999999727,0.003830103651626504,0.6195215315948257,0,0.8841146978626087,0.08713006004628993,0,1,0,0,0,0,0,0,0,0,0,0
2024-09-03,560.47,560.81,549.51,552.08,546.9,60600100.0,543.994,543.7357999999999,-0.020577016064041276,50.627167476053,4.403891119181026,3.9238420042976694,0,-8.629999999999995,-0.010940588372795101,-0.033492769549011925,0,0.8588486234497317,0.08281771748529645,0,0,0,0,0,0,0,0,0,0,0,0
2024-09-04,550.2,554.43,549.46,550.95,545.78,47224900.0,545.4205,543.8984,-0.002047906381422604,49.66049268156478,3.674736611074536,3.874020925653043,0,-10.509999999999991,-0.01307890085843788,-0.22071250707507084,0,0.8563857859090507,0.05535179166539179,0,0,0,0,0,0,0,0,0,0,0,0
2024-09-05,550.89,553.8,547.1,549.61,544.45,44264300.0,546.9535,543.993,-0.0024368793286670964,48.47677326619677,2.955487505166843,3.6903142415558032,0,-8.6099999999999,-0.025061801774130976,-0.0626915038464878,0,0.8534611663294924,0.049272210052974046,0,0,0,0,0,0,0,0,0,0,0,0
2024-09-06,549.94,551.6,539.44,540.36,535.29,68493800.0,547.4345,543.891,-0.01682431811920304,41.193951001410866,1.6275802283996654,3.2777674389245757,1,-17.82000000000005,-0.02130910382929274,0.5473824278255841,0,0.8333186735860671,0.09902740247277936,0,0,0,0,0,0,0,0,0,0,0,0
2024-09-09,544.65,547.71,542.68,546.41,541.28,40445800.0,548.0989999999999,543.8918,0.01119019596854054,46.8203146951819,1.0464838693553702,2.8315107250107348,1,-17.110000000000014,-0.008071001479329598,-0.4094969179692176,0,0.8464904565045297,0.041430933829567605,0,0,0,0,0,0,0,0,0,0,0,0
2024-09-10,548.36,549.15,543.38,548.79,543.64,36394600.0,548.8675,543.9824000000001,0.00436003547147501,48.894939523366794,0.7675453103393011,2.418717642076448,1,-3.259999999999991,-0.0012740866791874916,-0.10016367583284291,0,0.8516800070366786,0.033111808980473924,0,0,0,0,0,0,0,0,0,0,0,0
2024-09-11,548.7,555.36,539.96,554.42,549.22,75248600.0,549.481,544.1623999999999,0.010264145390331825,53.512734896519504,0.9853849542972739,2.132051104520613,1,3.4400000000000546,0.025814376830347374,1.0675759590708513,0,0.8639502154982848,0.11289836034468348,0,0,0,0,0,0,0,0,0,0,0,0
2024-09-12,555.01,559.4,552.74,559.09,553.84,51892700.0,550.2405000000001,544.362,0.008411929645679272,56.97886678299099,1.5133745903978024,2.0083158016960514,1,9.389999999999986,0.023036110507486107,-0.31038318320872416,0,0.8741094203535931,0.06493710243025147,0,0,0,0,0,0,0,0,0,0,0,0
2024-09-13,559.71,563.03,559.45,562.01,556.74,39310500.0,550.6835,544.571,0.005236169290769865,59.04319099022781,2.141134281469135,2.0348794976506683,1,21.450000000000045,0.023912244326780963,-0.24246570326847516,0,0.8804864104142844,0.03909959930123622,0,0,0,0,0,0,0,0,0,0,0,0
2024-09-16,561.74,563.11,559.9,562.84,557.56,36656100.0,551.106,544.7334000000001,0.0014728598627724576,59.63301562013497,2.673981512006776,2.16269990052189,1,16.279999999999973,0.015120958799221595,-0.06752394398443162,0,0.8822895593279969,0.03364879830414049,0,0,0,0,0,0,0,0,0,0,0,0
2024-09-17,565.1,566.58,560.79,563.07,557.79,49321000.0,551.2774999999999,544.8878,0.0004125116579380972,59.80785395182558,3.0793292679891238,2.3460257740153367,0,14.149999999999977,0.00712154081148042,0.3455059321640872,0,0.8827953206086725,0.05965612559020055,0,0,0,0,0,0,0,0,0,0,0,0
2024-09-18,563.74,568.69,560.83,561.4,556.13,59044900.0,551.411,544.9982,-0.002976030405708152,57.86001162375613,3.2293956948359437,2.522699758179458,1,6.909999999999968,-0.0010906588849975973,0.19715536992356197,0,0.8791450435394492,0.07962411979441214,0,0,0,0,0,0,0,0,0,0,0,0
2024-09-19,571.01,572.88,568.08,570.98,565.62,75315500.0,551.924,545.1896,0.017064355456458014,64.89829299243263,4.067203913079538,2.831600589159474,0,11.779999999999973,0.014500836708687959,0.2755631731106327,0,0.9000131937725393,0.113035739257698,0,0,0,0,0,0,0,0,0,0,0,0
2024-09-20,567.84,569.31,565.17,568.25,564.65,77503100.0,552.6065000000001,545.4574,-0.0017149322866942818,63.72668123799581,4.599877543748221,3.1852559800772235,0,7.909999999999968,0.01237339276405558,0.02904581394268102,0,0.8978802005453426,0.11752796810837862,0,0,0,0,0,0,0,0,0,0,0,0
2024-09-20,1.75 Dividend,,,,,,571.0535,579.1848,0.0,63.72668123799581,4.599877543748221,3.4681802928114234,0,0.0,0.015349423169763732,0.0,0,0.9009807370920924,0.048969524675121466,1,1,0,0,0,0,1,0,0,0,1,1
2024-09-23,569.34,570.33,568.1,569.67,566.06,44116900.0,571.0535,579.1848,0.002497122111042138,63.72668123799581,5.232376100381657,3.8210194543254703,1,8.269999999999982,0.0007821898243478564,-0.43077244652149393,0,0.9009807370920924,0.048969524675121466,1,1,0,0,0,0,0,0,0,0,0,0
2024-09-24,570.48,571.36,567.6,571.3,567.68,46805700.0,571.0535,579.1848,0.0028618874324277677,65.04306093174155,5.647447667067581,4.186305096873893,0,11.549999999999955,0.005359009543469906,0.0609471653720004,0,0.9045430556777199,0.05449096595035919,1,1,0,0,0,0,0,0,0,0,0,0
2024-09-25,571.14,571.89,568.91,570.04,566.42,38428600.0,571.0535,579.1848,-0.002219560315670832,63.12425796259334,5.807774989490326,4.510599075397179,1,0.7999999999999545,0.0031394492277990738,-0.17897606488098672,0,0.9017723634444541,0.03728862077526473,1,1,0,0,0,0,0,0,0,0,0,0
2024-09-26,574.38,574.71,569.9,572.3,568.67,48336000.0,571.0535,579.1848,0.003972317361675026,65.10397028045472,6.046689273559537,4.8178171150296505,0,4.019999999999982,0.004614644478431962,0.2578131912169581,0,0.9067200281467145,0.057633431579448856,1,1,0,0,0,0,0,0,0,0,0,0
2024-09-27,573.39,574.22,570.42,571.47,567.84,42100900.0,571.0535,579.1848,-0.0014595459581127068,63.74445532551844,6.098753863373872,5.074004464698495,1,0.0,0.0002932110878914873,-0.1289949520026481,0,0.9048948896121032,0.044829675816567736,1,1,0,0,0,0,1,0,0,0,0,0
2024-09-30,570.42,574.38,568.08,573.76,570.12,63557400.0,571.0535,579.1848,0.0040152155536770096,65.85385847005335,6.251924082021674,5.309588388163131,0,4.060000000000059,0.006527986957239329,0.5096446869306832,0,0.9099085231770603,0.08889052255940405,1,1,0,0,0,0,0,0,0,0,0,0
2024-10-01,573.4,574.06,566.0,568.62,565.01,72668800.0,571.0535,579.1848,-0.008963025328001195,57.74482715896802,5.893046913360877,5.4262800932026805,1,-2.669999999999959,-0.006407355732436892,0.14335702844987375,0,0.8986718268977041,0.1076007501833259,1,1,0,0,0,0,0,0,0,0,0,0
2024-10-02,567.71,569.9,565.27,568.86,565.25,38097800.0,571.0535,579.1848,0.0004247712429867878,58.00637200900962,5.563863411836223,5.45379675692939,0,-1.169999999999959,-0.004523038531337398,-0.47573373992690127,0,0.8991995777992787,0.03660932414708538,1,1,0,0,0,0,0,0,0,0,0,0
2024-10-03,567.36,569.8,565.49,567.82,564.22,40846500.0,571.0535,579.1848,-0.0018222025652365748,56.39311687544909,5.160385017059639,5.39511440895544,1,-4.449999999999932,-0.010360456650250982,0.0721485230118275,0,0.8969346468466883,0.0422537698601343,1,1,0,0,0,0,0,0,0,0,0,0
2024-10-04,572.35,573.36,568.1,572.98,569.35,42939100.0,571.0535,579.1848,0.009092198078763492,62.05370498610765,5.194692428364988,5.35503001283735,0,1.509999999999991,0.0076947667565137046,0.051230827610688756,0,0.9082153223678424,0.04655091654734141,1,1,0,0,0,0,0,0,0,0,0,0
2024-10-07,571.3,571.96,566.63,567.8,564.2,49964700.0,571.0535,579.1848,-0.00904540265214715,54.41685137709444,4.7515464693778995,5.23433330414546,1,-5.919999999999959,-0.001775407138620233,0.1636177749417198,0,0.8968906676048904,0.060977961259967926,1,1,0,0,0,0,0,0,0,0,0,0
2024-10-08,570.42,573.78,569.53,573.17,569.53,37398700.0,571.0535,579.1848,0.00944700460829484,59.915187314982965,4.775388849437832,5.142544413203935,1,4.519999999999982,0.009493800034911182,-0.25149755727543643,0,0.9086111355440232,0.03517372477356608,1,1,0,0,0,0,0,0,0,0,0,0
2024-10-09,573.16,577.71,572.55,577.14,573.48,37912200.0,571.0535,579.1848,0.006935543342756478,63.43520365342782,5.054748106186253,5.124985151800399,0,8.230000000000018,0.0073371452989041686,0.013730423784783952,0,0.9172970357991028,0.03622819520455186,1,1,0,0,0,0,0,0,0,0,0,0
2024-10-10,575.77,577.58,574.49,576.13,572.48,44138100.0,571.0535,579.1848,-0.0017437399734951953,61.951976808188284,5.136243271944295,5.127236775829178,1,8.259999999999991,0.014638807977556123,0.16421890578758291,0,0.9150980737092091,0.049013058800022914,1,1,0,0,0,0,0,0,0,0,0,0
2024-10-11,576.05,580.33,575.91,579.58,575.9,42268000.0,571.0535,579.1848,0.005974007825600758,64.96875641085032,5.4143805867469155,5.184665538012726,1,6.5499999999999545,0.011165811194862041,-0.042369290930058146,0,0.9226185240566451,0.04517281507463535,1,1,0,0,0,0,0,0,0,0,0,0
2024-10-14,581.22,585.27,580.73,584.32,580.61,36217200.0,571.0535,579.1848,0.008178503212363353,68.65481175900189,5.946318590233204,5.336996148456822,0,16.409999999999968,0.012408771064468915,-0.1431532128324028,0,0.932975635500044,0.03274751870889286,1,1,0,0,0,0,0,0,0,0,0,0
2024-10-15,584.59,584.9,578.54,579.78,576.1,54203600.0,571.0535,579.1848,-0.007767692599162879,61.93464195728274,5.935542740084543,5.456705466782366,1,6.57000000000005,0.006384818438801232,0.49662591254983823,0,0.923058316474624,0.06968252739415612,1,1,0,0,0,0,0,0,0,0,0,0
2024-10-16,579.78,582.83,578.96,582.3,578.61,30725400.0,571.0535,579.1848,0.0043568824856794475,64.04405596091593,6.059686529967166,5.577301679419326,1,5.1299999999999955,0.0047676930988799215,-0.4331483517699931,0,0.9285777113202567,0.02147012686295765,1,1,0,0,0,0,0,0,0,0,0,0
2024-10-17,585.91,586.12,582.16,582.35,578.66,34393700.0,571.0535,579.1848,8.641399215347789e-05,64.08675003312325,6.091882530245925,5.680217849584646,1,6.17999999999995,-0.0033243961213299533,0.11938982079972926,0,0.9286876594247513,0.02900296791843019,1,1,0,0,0,0,0,0,0,0,0,0
2024-10-18,584.07,585.39,582.58,584.59,580.88,37416800.0,571.0535,579.1848,0.0038364497286835775,66.01621242658595,6.224778171145317,5.789129913896781,0,4.980000000000018,0.008279746206516503,0.0878969113529513,0,0.9335693552643152,0.03521089305944893,0,1,0,0,0,0,0,0,0,0,0,0
2024-10-21,583.85,584.85,580.6,583.63,579.93,36439000.0,571.7470000000001,579.1848,-0.001635449662581001,64.4211940379986,6.182177568759926,5.86773944486941,0,-0.6800000000000637,0.0022874140582560543,-0.02613264629791967,0,0.9314803412789161,0.03320298422319206,0,1,0,0,0,0,0,0,0,0,0,0
2024-10-22,581.05,584.5,580.38,583.32,579.62,34183800.0,572.3439999999999,579.1848,-0.0005345472729466616,63.87882513334795,6.053619517674406,5.904915459430409,0,3.519999999999982,0.0016664527931559148,-0.06188973352726479,0,0.9307986630310492,0.02857193901197661,0,1,0,0,0,0,0,0,0,0,0,0
2024-10-23,581.26,581.71,574.42,577.99,574.32,49314600.0,572.7389999999999,579.1848,-0.009143921879852246,55.305775162912084,5.461118258075544,5.816156019159437,1,-4.289999999999964,-0.011313918815379909,0.4426307198146491,0,0.9191441639546134,0.05964298321287181,0,1,0,0,0,0,0,0,0,0,0,0
2024-10-24,579.98,580.06,576.57,579.24,575.57,34979900.0,573.0840000000001,579.1848,0.0021764869759020034,56.77907558531919,5.03438800331196,5.659802415989942,0,-3.089999999999918,-0.007501982176896904,-0.29067862255802546,0,0.9218928665669803,0.030206727541884658,0,1,0,0,0,0,0,0,0,0,0,0
2024-10-25,581.51,584.46,578.08,579.04,575.37,47268200.0,573.4604999999999,579.1848,-0.0003474816269090075,56.458394684118524,4.62672882361619,5.453187697515192,1,-5.509999999999991,-0.00731491653085925,0.35129603000580323,0,0.9214530741490017,0.055440708062006565,0,1,0,0,0,0,0,0,0,0,0,0
2024-10-28,582.58,582.71,580.52,580.83,577.15,30174700.0,573.812,579.1848,0.003093661470010556,58.694378369133226,4.39660577600705,5.241871313213564,1,-2.7799999999999727,0.004922666819003552,-0.36162790205677386,0,0.925367226669012,0.02033926636374856,0,1,0,0,0,0,0,0,0,0,0,0
2024-10-29,579.85,582.91,578.43,581.77,578.08,42899700.0,574.4655,579.1848,0.0016113661959631376,59.854357656041024,4.240394205646567,5.041575891700164,0,-1.5399999999999636,0.004357546039064686,0.4217109035052544,0,0.9274122614126132,0.04647000878691134,0,1,0,0,0,0,0,0,0,0,0,0
2024-10-30,581.29,583.32,579.29,580.01,576.33,41435800.0,575.0195,579.1848,-0.003027262662607222,56.63151547591935,3.9300815028781244,4.819277013935756,0,2.009999999999991,0.0016777650033664715,-0.03412378175138753,0,0.9235640777552996,0.04346389532260738,0,1,0,0,0,0,0,0,0,0,0,0
2024-10-31,575.56,575.63,568.44,568.64,565.03,60182500.0,575.0600000000001,579.1848,-0.019606822480176422,41.20369681167427,2.740747259935574,4.40357106313572,1,-10.540000000000077,-0.021022718946820507,0.45242761090651085,0,0.898715806139502,0.08196017736459604,0,1,0,0,0,0,0,0,0,0,0,0
2024-11-01,571.32,575.55,570.62,571.04,567.42,45667500.0,574.9635000000001,579.1848,0.004229863901031861,44.63892058111197,1.9683543657789642,3.916527723664369,0,-7.9500000000000455,-0.018404221241751784,-0.24118306816765667,0,0.9039713255343476,0.05215367628230073,0,1,0,0,0,0,0,0,0,0,0,0
2024-11-04,571.18,572.5,567.89,569.81,566.2,38217000.0,575.0635,579.1848,-0.002150082831059774,43.249813071116975,1.2434499117728137,3.381912161286058,1,-10.949999999999932,-0.017527041410204336,-0.16314665790770244,0,0.9012885917846776,0.036854100924833204,0,1,0,0,0,0,0,0,0,0,0,0
2024-11-05,570.74,576.74,570.52,576.7,573.04,39478300.0,575.239,579.1848,0.01208053691275146,52.22604952533967,1.2069754830013153,2.9469248256291096,1,-5.040000000000077,0.014160317982723547,0.03300363712483967,0,0.9163294924795495,0.039444176006824185,0,1,0,0,0,0,0,0,0,0,0,0
2024-11-06,589.2,591.93,585.39,591.04,587.29,68182000.0,575.9295,579.1848,0.024867374005305143,64.7391134102423,2.301396081735902,2.8178190768504683,1,10.959999999999923,0.03479782808699683,0.7270753806521557,0,0.9476647022605329,0.09838712227729471,0,1,0,0,0,0,0,0,0,0,0,0
2024-11-07,593.08,596.65,593.0,595.61,591.83,47233200.0,576.897,579.1848,0.0077304227894228195,67.64660236849845,3.4947866239725727,2.9532125862748893,1,26.800000000000068,0.04467833370747942,-0.30724824733800715,0,0.9576479901486499,0.05536883568599,0,1,0,0,0,0,0,0,0,0,0,0
2024-11-08,596.17,599.64,596.17,598.19,594.4,46444900.0,577.822,579.1848,0.004342463207339886,69.1950866171949,4.5949668308647915,3.2815634351928695,1,26.980000000000018,0.03694026000206785,-0.016689531939398594,0,0.9632993227196762,0.053750064428451365,0,1,0,0,0,0,0,0,0,0,0,0
2024-11-11,599.81,600.17,597.0,598.76,594.96,37586800.0,578.5395,579.1848,0.0009421265141320578,69.53722044118926,5.4492394507277595,3.715098638299848,0,28.75999999999999,0.013015012510894763,-0.19072277042258678,0,0.9645307414900166,0.03555998745724364,0,1,0,0,0,0,0,0,0,0,0,0
2024-11-12,598.68,599.29,594.37,596.9,593.11,43006100.0,579.39,579.1848,-0.003109452736318463,66.89401062155713,5.9088634184183775,4.153851594323553,1,20.07000000000005,0.0021751369851534808,0.14418093586046155,0,0.9604626616237135,0.04668850081000168,0,1,0,0,0,0,0,0,0,0,0,0
2024-11-13,597.37,599.23,594.96,597.19,593.4,47388600.0,580.1295,579.1848,0.0004889480872012353,67.10509394113521,6.224764094889224,4.568034094436688,0,6.110000000000014,-0.00167837813498517,0.10190414848126195,0,0.9611003606297825,0.055687949035503524,0,1,0,0,0,0,0,0,0,0,0,0
2024-11-14,597.32,597.81,592.65,593.35,589.59,38904100.0,580.676,579.1848,-0.00642062689585432,61.55239694851786,6.097395518393228,4.873906379227996,0,-2.240000000000009,-0.009041131544971548,-0.17904095077719118,0,0.9527223150672883,0.038265058340861115,0,1,0,0,0,0,0,0,0,0,0,0
2024-11-15,589.72,590.2,583.86,585.75,582.03,75988800.0,580.7335,579.1848,-0.01282246985193114,52.30402839283224,5.325042411242293,4.964133585630856,1,-12.370000000000005,-0.018754148660584224,0.9532337208674664,0,0.9360981616676927,0.1144183584226108,0,1,0,0,0,0,0,0,0,0,0,0
2024-11-18,586.22,589.49,585.34,588.15,584.42,37084100.0,580.958,579.1848,0.004106317543769222,54.62514113005887,4.84989348214981,4.941285564934647,1,-10.540000000000077,-0.015136779204016237,-0.5119793969637632,0,0.9413536810625383,0.0345276947880001,0,1,0,0,0,0,0,0,0,0,0,0
2024-11-19,584.71,591.04,584.03,590.3,586.56,49412000.0,581.3050000000001,579.1848,0.0036617501112212736,56.65896960069792,4.593068611981607,4.871642174344039,1,-6.550000000000068,-0.005054402196940644,0.33243088008068145,0,0.9460594599349106,0.0598429937678436,0,1,0,0,0,0,0,0,0,0,0,0
2024-11-20,590.38,590.79,584.63,590.5,586.75,50032600.0,581.9265,579.1848,0.00032392253136936944,56.843924351816035,4.3546665785223695,4.768247055179706,1,-6.649999999999977,0.008091990186359865,0.012559702096656578,0,0.9464772627319904,0.06111739366944006,0,1,0,0,0,0,0,0,0,0,0,0
2024-11-21,593.4,595.12,587.45,593.67,589.9,46750300.0,582.6429999999999,579.1848,0.005368555602897285,59.899268862810814,4.3695405799030596,4.688505760124377,1,0.30999999999994543,0.009354228245487928,-0.06560322669619412,0,0.953403993315155,0.05437720224660727,0,1,0,0,0,0,0,0,0,0,0,0
2024-11-22,593.66,596.15,593.15,595.51,591.73,38226400.0,583.461,579.1848,0.00310222071537547,61.600146338540334,4.477381571527303,4.646280922404962,1,9.700000000000045,0.008794698849642124,-0.18232824174390327,0,0.9574280939396604,0.03687340379153479,0,1,0,0,0,0,0,0,0,0,0,0
2024-11-25,599.52,600.86,595.2,597.53,593.74,42441400.0,584.2905000000001,579.1848,0.0033968194953779562,63.434656202138775,4.671189965859298,4.651262731095829,1,9.32000000000005,0.011867595813650711,0.1102641106669735,0,0.9618480077403464,0.045528891360385966,0,1,0,0,0,0,0,0,0,0,0,0
2024-11-26,598.8,601.33,598.07,600.65,596.84,45621300.0,585.2284999999999,579.1848,0.005221140566578075,66.12277598820882,5.017094662662316,4.724429117409127,0,10.280000000000086,0.011720180777331501,0.0749244841122112,0,0.9686647902190166,0.05205880474595887,0,1,0,0,0,0,0,0,0,0,0,0
2024-11-27,600.46,600.85,597.28,598.83,595.03,34000200.0,586.1635,579.1848,-0.0030326385630990993,63.20127292367286,5.086540283659929,4.796851350659288,1,8.279999999999973,0.005585321498856932,-0.25472969862761474,0,0.9646846688363091,0.02819491706235832,0,1,0,0,0,0,0,0,0,0,0,0
2024-11-29,599.66,603.35,599.38,602.55,598.73,30177400.0,587.8485,579.1848,0.006218173873586252,66.46327169609972,5.37813967009788,4.913109014547007,1,8.830000000000041,0.008406675877065228,-0.11243463273745447,0,0.9728208285689155,0.02034481080418412,0,1,0,0,0,0,0,0,0,0,0,0
2024-12-02,602.97,604.32,602.47,603.63,599.8,31746000.0,589.4675,579.1848,0.0017871160623317284,67.36424394113308,5.630667512234709,5.056620714084548,1,8.069999999999936,0.0049726513728188815,0.051979295764379874,0,0.9751737180051014,0.023565925347600485,0,0,0,0,0,0,0,0,0,0,0,0
2024-12-03,603.39,604.16,602.34,603.91,600.08,26906600.0,591.1614999999999,579.8652,0.00046682227409156063,67.60947061249456,5.786685992401999,5.202633769748038,1,6.340000000000032,0.008472112210009541,-0.1524412524412524,0,0.9757894273902719,0.013628234590613922,0,0,0,0,0,0,0,0,0,0,0,0
2024-12-04,605.63,607.91,604.95,607.66,603.81,42787600.0,592.7,580.5878,0.006215837888281506,70.761331887845,6.140527411423022,5.390212498083035,0,6.969999999999914,0.008469776224704795,0.5902269331688137,0,0.9839915559855745,0.046239811834012594,0,0,0,0,0,0,0,0,0,0,0,0
2024-12-05,607.66,608.48,606.3,606.66,602.81,28762200.0,593.4759999999999,581.3156,-0.0016561501134463308,68.82763782157625,6.268003994286573,5.565770797323744,1,7.779999999999973,0.005026510048926736,-0.3277912292346381,0,0.9817925938956811,0.017438702617366048,0,0,0,0,0,0,0,0,0,0,0,0
2024-12-06,607.44,609.07,607.02,607.81,603.95,31241500.0,594.082,582.0212,0.0018911431462651507,69.83949656101859,6.387388735911486,5.730094385041292,0,5.220000000000027,0.006450830921100326,0.08619994298071765,0,0.98429941067816,0.02252993638473324,0,0,0,0,0,0,0,0,0,0,0,0
2024-12-09,607.69,607.86,604.08,604.68,600.84,34742700.0,594.404,582.6812,-0.005149432900074524,63.75909146167635,6.160041866974666,5.816083881427967,0,1.0400000000000773,-0.004914439867255704,0.11206888273610427,0,0.9774606385785909,0.02971963818213815,0,0,0,0,0,0,0,0,0,0,0,0
2024-12-10,605.37,605.8,602.13,602.8,598.98,37234500.0,594.605,583.2583999999999,-0.0030956660675055536,60.373644264518575,5.763345125021601,5.8055361301466935,1,-1.1000000000000227,-0.006353955821314927,0.0717215415036827,0,0.9733705690913887,0.03483654065522555,0,0,0,0,0,0,0,0,0,0,0,0
2024-12-11,605.78,608.43,605.5,607.46,603.61,28677700.0,595.13,584.0304,0.007729807339143191,65.31123901544896,5.756208416938421,5.795670587505039,0,-0.1999999999999318,-0.0005152916284368869,-0.22980837663994413,0,0.9835517635675961,0.0172651821666975,0,0,0,0,0,0,0,0,0,0,0,0
2024-12-12,606.58,607.16,604.33,604.33,600.5,31543800.0,595.485,584.7354,-0.005152333460346936,59.91112573629424,5.436927994173175,5.723922068838666,0,-2.3099999999999454,-0.0005181921887092988,0.09994176659913445,0,0.976712991468027,0.023150708363870544,0,0,0,0,0,0,0,0,0,0,0,0
2024-12-13,606.4,607.13,602.81,604.21,600.38,35904700.0,596.0245,585.4586,-0.00019983347210661417,59.70599138058188,5.115247571845089,5.602187169439951,1,-3.57000000000005,0.0023776404066896406,0.138249037845789,0,0.9764491160172397,0.032105801065887875,0,0,0,0,0,0,0,0,0,0,0,0
2024-12-16,606,607.78,605.21,606.79,602.94,43695200.0,597.0699999999999,586.1304,0.004263966154768761,62.64451197499949,5.0091418555272185,5.483578106657404,0,2.1000000000000227,-0.001088200777684789,0.216977164549488,0,0.9820784589673675,0.048103565218944815,0,0,0,0,0,0,0,0,0,0,0,0
2024-12-17,604.19,605.17,602.89,604.29,600.46,55773500.0,597.872,586.8556,-0.004113178757422009,58.21534419275603,4.671091600799286,5.3210808054857806,0,1.4800000000000182,-4.9046074759862e-05,0.2764216664530659,0,0.9766250329844313,0.07290631148296739,0,0,0,0,0,0,0,0,0,0,0,0
2024-12-18,603.98,606.41,585.89,586.28,582.56,108248700.0,597.672,587.1162,-0.0298104786330482,37.568643880301735,2.925085371587329,4.84188171870609,0,-21.050000000000068,-0.029659691235701446,0.9408625960357517,0,0.9372636115753363,0.18066394879565514,0,0,0,0,0,0,0,0,0,0,0,0
2024-12-19,591.36,593.0,585.85,586.1,582.38,85919500.0,597.4535,587.2942,-0.0003089810491622158,37.42490375004276,1.509438492613981,4.175393073487668,0,-18.120000000000005,-0.034232638439632423,-0.2062768421237391,0,0.9368677983991556,0.13481101569425738,0,0,0,0,0,0,0,0,0,0,0,0
2024-12-20,1.97 Dividend,,,,,,590.3955,,0.0,37.42490375004276,1.509438492613981,3.642202157312931,0,0.0,-0.030119459682210414,0.0,0,0.9522605330284104,0.2165344249172903,1,1,0,0,0,0,1,0,0,0,1,1
2024-12-20,581.77,595.75,580.91,591.15,589.38,125716700.0,590.3955,,0.012019643531714586,37.42490375004276,0.8328234952911089,3.0803264249085665,1,-13.56000000000006,0.01171066248255237,0.46319170851785674,0,0.9522605330284104,0.2165344249172903,1,1,0,0,0,0,0,0,0,0,0,0
2024-12-23,590.89,595.3,587.66,594.69,592.91,57635800.0,590.3955,,0.005989344735145341,42.78664872286476,0.6772893357566545,2.599719007078184,1,-7.550000000000068,0.018008988266859927,-0.5415422135643078,0,0.9600228692057347,0.07673053793598553,1,1,0,0,0,0,0,0,0,0,0,0
2024-12-24,596.06,601.34,595.47,601.3,599.5,33160100.0,590.3955,,0.011114671703968515,51.19423188450586,1.0734116969674687,2.294457545056041,1,16.940000000000055,0.02912365997082844,-0.4246614083607758,0,0.9745140293781334,0.026469774688315177,1,1,0,0,0,0,0,0,0,0,0,0
2024-12-26,599.5,602.48,598.08,601.34,599.54,41219100.0,590.3955,,6.672226855708452e-05,51.24106868530279,1.3747222455289148,2.110510485150616,0,17.159999999999968,0.01717073870767094,0.2430330427230316,0,0.9746019878617291,0.043018902640242,1,1,0,0,0,0,0,0,0,0,0,0
2024-12-27,597.54,597.78,590.76,595.01,593.23,64969300.0,590.3955,,-0.01052473563065004,44.05821500199365,1.0917635898945264,1.906761106099398,0,0.0,0.00065665834187556,0.5761940459641284,0,0.9607265370745008,0.091789854207912,1,1,0,0,0,0,1,0,0,0,0,0
2024-12-30,587.89,591.74,584.41,588.22,586.46,56578800.0,590.3955,,-0.011412099860087954,37.91696957323136,0.31757360511085153,1.588923605901689,0,-2.919999999999959,-0.02187011322218091,-0.1291456118505202,0,0.9458395637259214,0.0745599921802855,1,1,0,0,0,0,0,0,0,0,0,0
2024-12-31,589.91,590.64,584.42,586.08,584.32,57052700.0,590.3955,,-0.003649012720390088,36.19930040087132,-0.46331682291179277,1.1784755201389927,0,-8.589999999999918,-0.02558584821112808,0.008375928793116882,0,0.941133784853549,0.07553314415154969,1,1,0,0,0,0,0,0,0,0,0,0
2025-01-02,589.39,591.13,580.5,584.64,582.89,50204000.0,590.3955,,-0.0024472891566266197,35.056471919391086,-1.1839196730957156,0.7059964814920511,1,-16.610000000000014,-0.017508401737104662,-0.12004164570651343,0,0.9379892690650011,0.06146936296227542,1,1,0,0,0,0,0,0,0,0,0,0
2025-01-03,587.53,592.6,586.43,591.95,590.17,37888500.0,590.3955,,0.012489492013930459,44.63871277114325,-1.154261852891068,0.33394481461542724,1,-9.370000000000005,0.006393190136913751,-0.2453091387140467,0,0.9539977130794264,0.03617952733850637,1,1,0,0,0,0,0,0,0,0,0,0
2025-01-06,596.27,599.7,593.6,595.36,593.57,47679400.0,590.3955,,0.005761051900299963,48.463262793809626,-0.8466466165156135,0.0978265283892191,0,0.34000000000003183,0.015803254757603802,0.25841350277788777,0,0.9614741841850647,0.05628510580537823,1,1,0,0,0,0,0,0,0,0,0,0
2025-01-07,597.42,597.75,586.78,588.63,586.86,60393100.0,590.3955,,-0.011304479673838075,42.258607800500464,-1.131259788967668,-0.14799073508215835,1,0.39999999999997726,0.006946064240392347,0.26664974810924624,0,0.9467191485618787,0.08239264371856997,1,1,0,0,0,0,0,0,0,0,0,0
2025-01-08,588.7,590.58,585.2,589.49,587.72,47304700.0,590.3955,,0.0014654261663769041,43.26124860904312,-1.272751479191129,-0.37294288390395247,0,3.3999999999999773,-0.004078001607161208,-0.21672012200069213,0,0.9486102559591871,0.05551566068270954,1,1,0,0,0,0,0,0,0,0,0,0
2025-01-10,585.88,585.95,578.55,580.49,578.75,73105000.0,590.3955,,-0.015262369835976397,36.200491551316624,-2.0846580572385847,-0.7152859185708789,1,-4.139999999999986,-0.025101423343437568,0.5454066932038466,0,0.9288855660128419,0.10849648533813797,1,1,0,0,0,0,0,0,0,0,0,0
2025-01-13,575.77,581.75,575.35,581.39,579.65,47910100.0,590.3955,,0.0015550755939524041,37.30612728503412,-2.6252155408116096,-1.097271843019025,1,-10.519999999999982,-0.012241868075647089,-0.34463990151152457,0,0.9308646318937459,0.05675884743815023,1,1,0,0,0,0,0,0,0,0,0,0
2025-01-14,584.36,585.0,578.35,582.19,580.44,48420600.0,590.3955,,0.0013628913999828018,38.316617654589294,-2.9557923095277374,-1.4689759363207675,1,-13.129999999999995,-0.012344402842041191,0.010655373292896453,0,0.9326018119447621,0.05780715737976317,1,1,0,0,0,0,0,0,0,0,0,0
2025-01-15,590.33,593.94,589.2,592.78,591.0,56900200.0,590.3955,,0.01819309489352894,49.93320109639516,-2.3387137971596985,-1.6429235084885536,0,4.139999999999986,0.021111061887464144,0.17512381093997176,0,0.9558228516140381,0.07521998594176327,1,1,0,0,0,0,0,0,0,0,0,0
2025-01-16,594.17,594.35,590.93,591.64,589.87,43319700.0,590.3955,,-0.0019120135363790425,48.87254545940881,-1.9187381672740003,-1.698086440245643,1,2.1499999999999773,0.017643972757132698,-0.23867227180220807,0,0.9533380244524583,0.04733247729911003,1,1,0,0,0,0,0,0,0,0,0,0
2025-01-17,596.96,599.36,595.61,597.58,595.79,58070600.0,590.3955,,0.010036109651279101,54.344090079214446,-1.095580757337757,-1.577585303664066,1,17.039999999999964,0.026317191008428997,0.34051251509128644,0,0.9663558800246281,0.07762339819575695,1,1,0,0,0,0,0,0,0,0,0,0
2025-01-21,600.67,603.06,598.67,603.05,601.24,42532900.0,590.3955,,0.009147518420920209,58.72352297075644,-0.0034137751102889524,-1.2627509979533107,1,21.590000000000032,0.017271614535820268,-0.267565687284099,0,0.9783402234145482,0.045716786286257825,1,1,0,0,0,0,0,0,0,0,0,0
2025-01-22,605.92,607.82,605.36,606.44,604.62,48196000.0,590.3955,,0.0056217151220809836,61.20871483187055,1.121941140026479,-0.7858125703573529,1,24.17999999999995,0.024805343194280294,0.1331463408326261,0,0.9857727152783886,0.05734594207538262,0,1,0,0,0,0,0,0,0,0,0,0
2025-01-23,605.8,609.75,605.52,609.75,607.92,41152100.0,591.3225,,0.005457973603254951,63.518201517097005,2.25409167308203,-0.1778317216694763,0,16.91999999999996,0.020227207146256143,-0.14615113287409742,0,0.9930292901750373,0.04288131837758174,0,1,0,0,0,0,0,0,0,0,0,0
2025-01-24,609.81,610.78,606.8,607.97,606.15,34604700.0,591.9844999999999,,-0.002911567311488339,61.40646654450108,2.9742199633896007,0.4525786153423391,0,16.279999999999973,0.008168121413847595,-0.15910245163673298,0,0.9891371272759257,0.029436255670987156,0,1,0,0,0,0,0,0,0,0,0,0
2025-01-27,594.81,599.69,594.64,599.37,597.57,70361100.0,591.888,,-0.014154912150457721,52.32512162578297,2.8200843507999025,0.9260797624338518,1,1.7800000000000864,-0.01160850585869111,1.0332816062557977,0,0.970270032544639,0.1028618964080856,0,1,0,0,0,0,0,0,0,0,0,0
2025-01-28,600.62,605.37,597.25,604.52,602.71,44433300.0,592.0465,,0.00860150275281546,56.47761775664037,3.0772136075936487,1.3563065314658114,0,1.4700000000000273,-0.0084649767091306,-0.3684962287400282,0,0.9815726976866919,0.04961925095431114,0,1,0,0,0,0,0,0,0,0,0,0
2025-01-29,603.72,604.13,599.22,601.81,600.01,37177400.0,592.3855000000001,,-0.004479766388478801,53.82549859876883,3.0282155767899894,1.6906883405306472,1,-4.610000000000014,-0.010033175786121062,-0.1632986971483099,0,0.9756355000439791,0.03471928600749568,0,1,0,0,0,0,0,0,0,0,0,0
2025-01-30,603.96,606.6,600.72,605.04,603.23,39281300.0,593.2239999999999,,0.005366577223713032,56.45190892018619,3.2121833238608133,1.9949873371966804,0,-4.689999999999941,0.00948831358804969,0.05659083206464133,0,0.9827161579734365,0.03903963720467384,0,1,0,0,0,0,0,0,0,0,0,0
2025-01-31,607.5,609.96,601.05,601.82,600.02,66671500.0,594.009,,-0.005321353380965843,53.2030508232546,3.0636431447982204,2.2087184987169888,0,-6.1299999999999955,-0.004434542545731612,0.6972834402120094,0,0.975657489664878,0.09528531587806585,0,1,0,0,0,0,0,0,0,0,0,0
2025-02-03,592.67,600.29,590.49,597.77,595.98,65857200.0,594.6635,,-0.006733108896370021,49.3533271101262,2.5900729971588135,2.284989398405354,1,-1.5900000000000318,-0.006687885053622833,-0.012213614512947779,0,0.9667736828217082,0.09361315371262918,0,1,0,0,0,0,0,0,0,0,0,0
2025-02-04,597.83,602.3,597.28,601.78,599.98,33457800.0,595.154,,0.006711634618611351,52.98101243745204,2.5086140724025654,2.3297143332047963,1,-2.730000000000018,-0.005342827658724514,-0.491964432134983,0,0.9755695311812824,0.027081100583747443,0,1,0,0,0,0,0,0,0,0,0,0
2025-02-05,600.64,604.37,598.58,604.22,602.41,30653100.0,595.5959999999999,,0.004050135004500133,55.08573080455794,2.6100509367968243,2.385781653923202,1,2.3999999999999773,0.004028660726741462,-0.08382798629915889,0,0.9809130090597236,0.021321659069072026,0,1,0,0,0,0,0,0,0,0,0,0
2025-02-06,605.99,606.45,602.63,606.32,604.5,35771500.0,596.4780000000001,,0.0034693979183613166,56.8738090324322,2.8265037401051814,2.473926071159598,0,1.2699999999999818,0.0142311675414728,0.16697821753754116,0,0.9855088398276013,0.031832275337733425,0,1,0,0,0,0,0,0,0,0,0,0
2025-02-07,606.89,608.13,600.05,600.77,598.97,50788500.0,597.0405,,-0.009148056244830394,51.079371911027785,2.5227387997900905,2.483688616885696,1,-1.0499999999999545,-0.0016285233219689443,0.41980347483331704,0,0.9733485794704899,0.06266963164175193,0,1,0,0,0,0,0,0,0,0,0,0
2025-02-10,604.03,605.5,602.74,604.85,603.04,26048700.0,598.2549999999999,,0.006794998080037251,54.7346372280223,2.5806695297450233,2.503084799457562,1,7.059999999999945,0.001116339753568174,-0.4871142089252488,0,0.9822983551763567,0.01186653997962521,0,1,0,0,0,0,0,0,0,0,0,0
2025-02-11,602.55,605.86,602.43,605.31,603.49,30056700.0,599.4469999999999,,0.0007462191562750409,55.13379902281053,2.632544950310944,2.528976829628238,0,3.509999999999991,-0.0016068390085181017,0.15386564396687752,0,0.9832878881168088,0.02009695378174988,0,1,0,0,0,0,0,0,0,0,0,0
2025-02-12,599.2,604.55,598.51,603.36,601.55,45076100.0,600.5025,,-0.003214634873817346,52.96535244401908,2.4884297390697157,2.5208674115165337,1,-0.8600000000000136,0.004326582362494946,0.49970222945300047,0,0.9790219016624151,0.05093923847726666,0,1,0,0,0,0,0,0,0,0,0,0
2025-02-13,604.48,609.94,603.2,609.73,607.9,40921300.0,601.3475,,0.010556063502618285,58.692245517275914,2.8537134939199404,2.587436627997215,0,3.3999999999999773,0.00808764778507598,-0.0921730140806325,0,0.9929853109332394,0.04240737139516398,0,1,0,0,0,0,0,0,0,0,0,0
2025-02-14,609.94,610.99,609.07,609.7,607.87,26910400.0,602.2475000000001,,-4.935022207597228e-05,58.65590884419756,3.1049903560514167,2.690947373608055,1,8.899999999999977,0.007292078406724967,-0.34238648332286614,0,0.9929193420705427,0.013636037877152861,0,1,0,0,0,0,0,0,0,0,0,0
2025-02-18,610.88,611.49,608.38,611.49,609.66,26749000.0,602.941,,0.002944708572556465,60.23771138542943,3.4092672097891636,2.834611340844277,1,6.6200000000000045,0.013451421853098777,-0.005997681193887883,0,0.9968554842114521,0.013304603548893644,0,1,0,0,0,0,0,0,0,0,0,0
2025-02-19,610.08,613.23,609.56,612.93,611.09,31011100.0,603.4335,,0.0023455696617789012,61.504817233051426,3.7228827822641506,3.012265629128252,0,7.600000000000023,0.005240928012259394,0.1593367976372948,0,1.0,0.02205681080089853,0,1,0,0,0,0,0,0,0,0,0,0
2025-02-20,611.54,611.68,607.02,610.38,608.55,36554000.0,603.63,,-0.004156507224795214,57.97107215226137,3.7235458913853563,3.154521681579673,0,7.0,0.001133771009540152,0.1787392256321123,0,0.9944146362916702,0.0334391363158179,0,1,0,0,0,0,0,0,0,0,0,0
2025-02-21,610.16,610.3,599.47,599.94,598.14,76519800.0,603.141,,-0.017106236135075115,46.244138369112754,2.851204499484652,3.093858245160669,0,-9.759999999999991,-0.018917173698091427,1.093335886633474,0,0.9715234409358782,0.11550876504160487,0,1,0,0,0,0,0,0,0,0,0,0
2025-02-24,602.02,603.03,596.49,597.21,595.42,50737200.0,602.6045,,-0.004547430367472516,43.753618699983036,1.9182737280582387,2.8587413417401835,0,-12.450000000000045,-0.025810173727342844,-0.33694024291751934,0,0.9655422640513676,0.06256428727347624,0,1,0,0,0,0,0,0,0,0,0,0
2025-02-25,597.15,597.89,589.56,594.24,592.46,58266500.0,602.3489999999999,,-0.004971280776594589,41.156008265594686,0.9293590355953256,2.472864880511212,1,-17.199999999999932,-0.02662494727914222,0.14839801959903198,0,0.9590333362652828,0.07802567815180392,0,1,0,0,0,0,0,0,0,0,0,0
2025-02-26,595.93,599.58,591.86,594.54,592.76,43321600.0,601.8515,,0.0005063632987880595,41.53486171923803,0.1679089598981136,2.011873696388592,0,-18.33000000000004,-0.009012347845279045,-0.256492152437507,0,0.9596930248922508,0.04733637894237951,0,1,0,0,0,0,0,0,0,0,0,0
2025-02-27,596.85,598.02,584.65,585.05,583.3,74196700.0,601.016,,-0.015959241514272304,34.08304622257626,-1.1852261018007084,1.3724537367507321,1,-25.25,-0.020424158992078834,0.7126952836460334,0,0.9388908435218575,0.11073828742091729,0,1,0,0,0,0,0,0,0,0,0,0
2025-02-28,585.56,594.72,582.44,594.18,592.4,88744100.0,600.4745,,0.015600891479513157,44.414185923816504,-1.5059418783248475,0.7967746137356162,0,-5.740000000000009,0.00014801326402891224,0.19606532365994722,0,0.9589013985398891,0.14061132178843935,0,1,0,0,0,0,0,0,0,0,0,0
2024-04-12,514.37,515.82,509.08,510.85,504.43,92469100.0,511.226,509.61659999999995,-0.013802811394162173,44.12104012259265,1.9177331704617586,3.4611684132886458,0,-7.480000000000018,-0.01626248714446743,0.31912152812450967,0,0.7654587034919518,0.14826059609305872,1,1,0,0,0,0,0,0,0,0,0,0
2022-03-22,445.86,450.58,445.86,449.59,430.31,74650400.0,429.25199999999995,407.645,0.01168476983119393,60.61091390445951,0.614876661372989,-2.667470530336008,0,14.660000000000025,0.01140272216513838,-0.15505864189845364,0,0.6024716333890403,0.11166995876373764,1,1,0,0,0,0,0,0,0,0,0,0
2024-04-18,501.98,504.13,498.56,499.52,493.24,74548100.0,508.9820000000001,509.61659999999995,-0.0020636911746853004,33.487911812028,-1.9494972828285881,0.9145173172074859,0,-18.25,-0.00980371031348215,-0.017944863872228156,0,0.7408523177060427,0.11145988607612353,0,1,0,0,0,0,0,0,0,0,0,0
2024-01-10,474.16,477.45,473.87,476.56,469.11,67310600.0,465.97800000000007,478.79979999999995,0.00563796947350359,64.29515724837239,4.799234033504092,5.6951674025141,0,7.650000000000034,0.018403311457853677,0.02091871247994126,0,0.6877913624769108,0.09659770546412819,1,1,0,0,0,0,0,0,0,0,0,0
2023-08-07,448.71,450.87,447.99,450.71,440.32,58357500.0,441.44750000000005,434.70579999999995,0.008728322375203268,54.84612568244063,3.1519149667046236,4.606833695237727,0,-6.920000000000016,0.0013249247719910873,-0.41673005018375386,0,0.6244832439088749,0.07821254632944696,0,1,0,0,0,0,0,0,0,0,0,0
2015-11-24,207.87,209.83,207.41,209.35,177.92,98874400.0,177.0055,172.4202,0.0013507429085997114,59.426102260939096,1.1675675100376282,1.2971743676112903,0,3.299999999999983,0.0038373124540629355,0.5227563944605982,0,0.04747559152080211,0.16141385695302607,0,1,0,0,0,0,0,0,0,0,0,0
2018-10-12,276.77,277.09,272.37,275.95,248.88,183186500.0,256.80949999999996,249.68380000000002,0.013891717928871117,29.293050685178486,-2.0191037754594845,-0.13810793089532242,0,-10.699999999999989,-0.039813315338775856,-0.33348069152835913,0,0.20351394141964985,0.3345484556371866,1,1,0,0,0,0,0,0,0,0,0,0
2017-08-02,247.47,247.6,246.37,247.44,218.08,47211200.0,216.40249999999997,215.75419999999997,0.0004587576841912355,65.25780289321185,1.1576339555662116,1.1571245995306527,0,0.010000000000019327,0.0021143632674522905,-0.14240041852556928,0,0.13578590905092797,0.05532365876392246,0,1,0,0,0,0,0,0,0,0,0,0
2015-08-24,187.49,197.48,182.4,189.5,160.22,507244300.0,175.577,175.175,-0.0420901590338395,18.2437850722704,-2.2004944209203643,-0.682362033475762,0,-17.830000000000013,-0.09307949703451279,0.4635347104707743,1,0.008553962529685988,1.0000000000000002,0,1,0,0,0,0,0,0,0,0,0,0
2024-04-03,517.72,520.95,517.67,519.41,512.88,59155800.0,511.226,509.61659999999995,0.0010930668332291837,58.1757511441739,4.969483687526804,5.573757552551408,0,0.5900000000000318,-0.007010951305207791,-0.2030774495051212,0,0.7840399331515524,0.07985185255156177,1,1,0,0,0,0,0,0,0,0,0,0
2022-04-21,448.54,450.01,437.1,438.06,419.28,85417300.0,428.775,407.645,-0.014942204680011284,45.079660758130885,-0.2961147482529327,0.989307220927987,0,-5.020000000000039,0.0004567454942793203,0.30959119593281037,0,0.5782170815375142,0.13377974977324267,0,1,0,0,0,0,0,0,0,0,0,0
2015-12-17,208.4,208.48,204.84,204.86,174.1,173092500.0,176.2405,175.4224,-0.01527149321266974,46.746209709116634,-0.3585364546811718,-0.013553666018487731,0,-0.8600000000000136,0.009859057675302707,-0.12143368338772798,0,0.03907555633740872,0.31382046239401135,0,0,0,0,0,0,0,0,0,0,0,0
2021-06-18,417.09,417.83,414.7,414.92,393.25,118676300.0,397.538,394.275,-0.01349622456914934,43.740645521216074,1.6403388366891818,2.232752108519091,0,-7.589999999999975,-0.019408270114829818,0.30485642063690155,0,0.5209780983375846,0.20207698845709107,0,0,0,0,0,0,0,0,0,0,0,0
2017-09-15,248.69,249.29,248.57,249.19,220.71,95432400.0,217.30899999999997,216.9734,0.0013156700843843794,66.49202736576034,1.0941320700737833,0.66963203338271,0,3.390000000000015,0.0014973332217775859,-0.0001456316274177638,0,0.14156917934734803,0.15434572214591202,0,0,0,0,0,0,0,0,0,0,0,0
2021-10-11,437.16,440.26,434.62,434.69,413.31,65233300.0,415.11799999999994,429.71399999999994,-0.007230015372790111,48.151336178647874,-2.061065598164191,-2.1281015851327063,0,5.75,-0.0004185498093723927,-0.12505935024558257,0,0.5650892778608496,0.0923319772727226,1,1,0,0,0,0,0,0,0,0,0,0
2018-02-16,272.32,275.32,272.27,273.11,243.14,160420100.0,244.435,243.0776,0.00028798288558840035,51.486382506200556,-1.3377254161600547,-0.9561797983694305,0,10.339999999999975,0.026550364471388477,0.44262290659287795,0,0.19089189902366077,0.2877977338845192,0,1,0,0,0,0,0,0,0,0,0,0
2025-02-20,611.54,611.68,607.02,610.38,608.55,36554000.0,603.63,,-0.004156507224795214,57.97107215226137,3.7235458913853563,3.154521681579673,0,7.0,0.001133771009540152,0.1787392256321123,0,0.9944146362916702,0.0334391363158179,0,1,0,0,0,0,0,0,0,0,0,0
2022-11-16,396.78,397.78,394.79,395.45,381.69,68508500.0,369.954,365.30440000000004,-0.007617908585097033,58.81492156382146,5.017122919445399,2.91808053762726,0,20.579999999999984,-0.007597456633408828,-0.2648868763714597,0,0.4955580965784149,0.09905758887070631,0,1,0,0,0,0,0,0,0,0,0,0
2017-03-06,237.5,238.12,237.01,237.71,207.59,55391500.0,204.9645,200.7784,-0.0029777628355986963,68.15764004338132,2.322596371327336,2.2544544680246084,0,0.5300000000000011,-0.008609271335444757,-0.32428212256768285,0,0.11271879672794438,0.07212187583615809,0,0,0,0,0,0,0,0,0,0,0,0
2024-11-01,571.32,575.55,570.62,571.04,567.42,45667500.0,574.9635000000001,579.1848,0.004229863901031861,44.63892058111197,1.9683543657789642,3.916527723664369,0,-7.9500000000000455,-0.018404221241751784,-0.24118306816765667,0,0.9039713255343476,0.05215367628230073,0,1,0,0,0,0,0,0,0,0,0,0
2018-10-01,292.11,292.93,290.98,291.73,263.11,62078900.0,256.80949999999996,249.68380000000002,0.0034706331045004646,67.71460501516394,1.4510611034075964,1.5597199698049478,0,0.6399999999999864,0.006377290335279673,-0.1143150229557407,0,0.23480517195883543,0.08585442804681889,1,1,0,0,0,0,0,0,0,0,0,0
2015-03-05,210.62,210.8,209.85,210.46,176.29,76873000.0,175.5145,172.55380000000002,0.0010789324247586496,57.956515196499154,1.396332363982964,1.5138075344080493,0,-0.7700000000000102,-0.007216695996409839,-0.3286036689106808,0,0.04389128331427561,0.11623405999043482,0,1,0,0,0,0,0,0,0,0,0,0
2016-12-16,226.01,226.08,224.67,225.04,196.52,156420200.0,193.3615,188.82580000000002,-0.0019806002742368545,67.85191807534278,2.3689538795874796,2.137386098912831,0,-0.12999999999999545,-0.006093619090839386,0.2516359586021255,0,0.08837628639282258,0.2795839534037012,0,0,0,0,0,0,0,0,0,0,0,0
2021-04-19,416.26,416.74,413.79,415.21,392.24,78498500.0,380.99850000000004,387.74379999999996,-0.004921609417017581,71.48708740579373,6.593782016876503,5.705533621038902,0,3.3700000000000045,0.009166898278448854,-0.043136475725066514,0,0.5187571466267921,0.11957201848228952,0,1,0,0,0,0,0,0,0,0,0,0
2022-03-10,422.52,426.43,420.44,425.48,405.97,93972700.0,413.68999999999994,427.047,-0.0045363150409493125,42.752873419728544,-6.053389142639389,-5.6326591110994615,0,-9.769999999999982,0.014707184668520612,-0.1967513684836757,0,0.5489488961210309,0.15134823336673003,0,0,0,0,0,0,0,0,0,0,0,0
2018-11-01,271.6,273.73,270.38,273.51,246.68,99495000.0,248.1335,249.68380000000002,0.010652245165519547,45.711303843174605,-4.097589019925152,-3.9891232822616165,0,3.0999999999999943,0.036126633900101845,-0.22449049582879632,0,0.19867622482188407,0.16268825685462251,0,1,0,0,0,0,0,0,0,0,0,0
2023-11-28,454.08,456.27,453.5,454.93,446.01,62115000.0,434.1955,425.24,0.0009874991583813664,70.8716392063251,6.847299358321607,5.621791582845081,0,0.6499999999999773,-0.00019943631061702938,0.22985387874707963,0,0.6369953382003694,0.08592855926893883,0,0,0,0,0,0,0,0,0,0,0,0
2019-03-04,281.6,281.87,276.84,279.4,253.46,106494600.0,250.343,241.47120000000004,-0.0036558040803489344,67.95033929023427,3.544935084276034,3.7125673809432262,0,-0.10999999999998522,0.000738294876560408,0.3500751136212372,0,0.21358518779136249,0.17706191065935104,0,1,0,0,0,0,0,0,0,0,0,0
2020-11-11,356.4,357.56,355.06,356.67,334.42,58649000.0,321.11,322.39,0.007440879650549848,65.25580872841687,3.274357750592344,1.2823266913761369,0,12.310000000000002,0.018546503646986845,-0.314463717972695,0,0.3916131585891459,0.07881114054684202,0,1,0,0,0,0,0,0,0,0,0,0
2022-12-30,380.64,382.58,378.43,382.43,370.82,84022200.0,374.127,384.7644,-0.002635825712748785,47.64303599512561,-2.6852029610445243,-1.6079588979200499,0,1.6599999999999682,0.0029422286777511797,0.25460759822549783,0,0.47165537866127183,0.13091491686522266,1,1,0,0,0,0,0,0,0,0,0,0
2016-06-14,208,208.74,206.92,208.04,178.77,125059300.0,179.459,178.5016,-0.002009713615809705,47.01244751882557,0.7744752052935553,0.967673842555157,0,-3.1299999999999955,-0.01920214687598143,0.06206391102595976,0,0.04934470929721174,0.2151844563460536,0,0,0,0,0,0,0,0,0,0,0,0
2022-11-23,399.55,402.93,399.31,402.42,388.42,68261600.0,374.86,365.30440000000004,0.0062954998834166,62.60012074727473,5.872589889128051,4.631471494451596,0,6.730000000000018,0.01612865260476981,0.12961657482334643,0,0.5103571114433987,0.09855058059532093,0,1,0,0,0,0,0,0,0,0,0,0
2020-10-05,336.06,339.96,336.01,339.76,318.56,45713100.0,315.936,322.39,0.017731062905338435,58.256225596329784,-0.21610092810726655,-0.9110808175874836,0,5.220000000000027,0.014638966327728653,-0.4888456029278405,0,0.3567376198434339,0.052247315720768024,1,1,0,0,0,0,0,0,0,0,0,0
2022-11-23,399.55,402.93,399.31,402.42,388.42,68261600.0,374.86,365.30440000000004,0.0062954998834166,62.60012074727473,5.872589889128051,4.631471494451596,0,6.730000000000018,0.01612865260476981,0.12961657482334643,0,0.5103571114433987,0.09855058059532093,0,1,0,0,0,0,0,0,0,0,0,0
2019-08-08,289.62,293.62,289.01,293.62,268.84,87713900.0,271.775,269.217,0.01964651445042831,48.323565397842934,-1.0725156986943034,0.26701315179179935,0,-1.1100000000000136,0.034261777592079046,-0.37602287221593444,0,0.24740522473392546,0.13849580973780343,0,1,0,0,0,0,0,0,0,0,0,0
2022-01-07,467.95,469.2,464.65,466.09,444.72,85111600.0,447.9175,431.89419999999996,-0.003964254518578181,49.76872506683933,2.343823522288858,3.0790340132992577,0,-8.46999999999997,-0.024106955506539185,-0.020116533826700533,0,0.6341586771044068,0.13315199590614946,1,1,0,0,0,0,0,0,0,0,0,0
2024-07-29,546.02,547.05,542.72,544.76,539.65,39515800.0,547.395,543.7357999999999,0.0005933287597572612,46.88199166270102,0.6936982194238226,3.2390393776925346,0,-9.800000000000068,0.006582751497890227,-0.2650110297263214,0,0.8429061482980031,0.039521182123984776,0,1,0,0,0,0,0,0,0,0,0,0
2020-04-30,291.71,293.32,288.59,290.48,270.08,122901700.0,257.4295,259.914,-0.009316998019220923,59.25257845321174,4.80424289865465,2.7647697616358657,0,10.599999999999966,0.01227210436119619,0.035000033685458565,0,0.25013193772539355,0.21075383238910145,0,1,0,0,0,0,0,0,0,0,0,0
2015-03-03,211.47,212.05,210.08,211.12,176.84,110325800.0,175.0205,172.55380000000002,-0.004111054795291946,61.273901914822645,1.6319372354305415,1.553739138871831,0,-0.5799999999999841,-0.0012093591754254174,0.2609902230390644,0,0.04510071246371711,0.1849292662877692,0,1,0,0,0,0,0,0,0,0,0,0
2022-02-02,455.5,458.12,453.05,457.35,436.38,117361000.0,432.80549999999994,431.89419999999996,0.009694810152941935,53.23896779372965,-4.8543905596851005,-5.5273188322071825,0,22.870000000000005,0.034472606557196306,-0.04704950006252262,0,0.6158193332746943,0.19937602456638884,0,1,0,0,0,0,0,0,0,0,0,0
2016-04-04,206.83,207.07,205.89,206.25,177.24,63497000.0,176.41150000000002,177.43039999999996,-0.003205668972498743,66.7426200263265,2.477074993783731,2.484065626944645,0,2.5900000000000034,0.0011601336250127714,-0.4450702871350728,0,0.045980297299674566,0.08876649137336406,1,1,0,0,0,0,0,0,0,0,0,0
2018-02-26,275.93,278.01,275.26,277.9,247.4,86491400.0,242.00549999999998,243.0776,0.01161269218187777,58.12147931443038,-0.13923288872086914,-0.7927752828545586,0,4.260000000000019,0.028853692219350524,-0.06764302592317906,0,0.20025947752660744,0.13598541031836794,0,1,0,0,0,0,0,0,0,0,0,0
2019-12-09,314.44,315.18,313.8,313.88,288.71,34838500.0,286.726,279.8042,-0.0031420482010912076,61.59447652076203,2.1673777270826804,2.4601294228558572,0,2.0600000000000023,0.007767038506546364,-0.28794939399513564,0,0.2910986014601108,0.029916363142777756,0,0,0,0,0,0,0,0,0,0,0,0
2017-06-16,242.77,242.83,241.63,242.64,213.85,84553100.0,212.70149999999998,209.8866,0.0001870819886815589,62.51713063625437,1.2296274807305565,1.283766833740476,0,0.3599999999999852,-0.00298563822425435,0.2721466518417992,0,0.12648429941067812,0.13200511813457097,0,0,0,0,0,0,0,0,0,0,0,0
2015-02-06,206.56,207.24,204.92,205.55,172.18,125672000.0,169.997,172.55380000000002,-0.0027222704894295235,54.97519865669931,0.1631568660847904,1.024884813884194,0,5.110000000000014,0.0035520079181412534,0.28298003536382677,0,0.03485354912481309,0.21644263362563487,0,1,0,0,1,1,0,0,0,0,0,0
2016-11-02,210.65,211.1,209.23,209.74,182.09,103330800.0,185.3645,186.78620000000004,-0.006004694579398451,32.39080738787153,-0.7975820760353542,-0.4926182358662745,0,-3.469999999999999,-0.013212191777974946,-0.15841924454601575,0,0.056645263435658344,0.17056505856674573,0,1,0,0,0,0,0,0,0,0,0,0
2021-07-15,434.81,435.53,432.72,434.75,412.05,55126400.0,407.52049999999997,414.4906,-0.0034102452474240597,61.0845775929531,4.101965414685594,3.8274073537178896,0,3.6299999999999955,-0.005336251752285803,-0.14040143208213263,0,0.5623185856275837,0.0715774939252441,1,1,0,0,0,0,0,0,0,0,0,0
2019-08-13,287.74,294.15,287.36,292.55,267.86,94299800.0,270.45050000000003,269.217,0.015582938388625678,48.01165644076732,-1.3033004674624635,-0.49548217001009276,0,4.350000000000023,-0.003433364927134086,0.4390852098962881,0,0.2452502418858299,0.1520199320580162,0,1,0,0,0,0,0,0,0,0,0,0
2022-06-28,390.23,393.16,380.53,380.65,365.9,86548900.0,366.39549999999997,383.8128,-0.020426739485449597,44.0854545917204,-6.75360085679506,-7.822106677941876,0,5.359999999999957,0.007542754891469272,0.31115625605972475,0,0.46083648517899545,0.13610348636468084,1,1,0,0,0,0,0,0,0,0,0,0
2015-09-03,196.26,198.05,194.96,195.55,165.33,152087800.0,170.575,174.3008,0.0007263482840023094,40.65511558604757,-3.2288957346105747,-2.8053718161027237,0,-3.1499999999999773,-0.010138344232431873,-0.05104845407074221,0,0.019790658809042128,0.2706873853507259,0,0,0,0,0,0,0,0,0,0,0,0
2022-11-16,396.78,397.78,394.79,395.45,381.69,68508500.0,369.954,365.30440000000004,-0.007617908585097033,58.81492156382146,5.017122919445399,2.91808053762726,0,20.579999999999984,-0.007597456633408828,-0.2648868763714597,0,0.4955580965784149,0.09905758887070631,0,1,0,0,0,0,0,0,0,0,0,0
2019-02-27,278.52,279.59,277.48,279.2,253.28,56921600.0,248.94,241.47120000000004,-0.00043411342199761727,71.2295644833548,3.8664133246774384,3.7847470103822247,0,0.7199999999999989,0.00019867634806280954,0.0013633780814543695,0,0.21318937461518161,0.07526393076595625,0,1,0,0,0,0,0,0,0,0,0,0
2021-07-14,437.4,437.92,434.91,436.24,413.46,64130400.0,407.52049999999997,414.4906,0.0015017924619706857,65.0546012840072,4.2444215277787976,3.758767838475963,0,1.6899999999999977,0.0016594385263898337,0.21203599231166126,0,0.5654191221743337,0.090067176029618,1,1,0,0,0,0,0,0,0,0,0,0
2015-04-06,205.37,208.45,205.21,207.83,174.86,114368200.0,175.073,176.6218,0.0067361390983937675,52.257779848570934,-0.0895377641049322,0.03234037176867871,0,1.7600000000000193,0.006806298258718924,0.31607612809533614,0,0.04074676752572787,0.19323032036803586,1,1,0,0,0,0,0,0,0,0,0,0
2016-08-01,217.19,217.65,216.41,216.94,187.39,73311400.0,185.69,185.2934,-0.0008531058384432244,63.2646093071796,1.845159177765396,1.9200559004284334,0,0.25,0.0019253122230445952,-0.0780689995145839,0,0.06829976251209424,0.10892032700698989,0,1,0,0,0,0,0,0,0,0,0,0
2024-02-15,499.29,502.2,498.8,502.01,494.17,61683000.0,484.3095,478.79979999999995,0.006907371938546847,66.97049797166709,6.5387910905078,6.45619707310618,0,3.640000000000043,0.002226660118681556,-0.098040878636248,0,0.7428973524496438,0.08504144879924874,0,1,0,0,0,0,0,0,0,0,0,0
2023-06-02,424.5,428.74,423.95,427.92,416.51,91366700.0,404.69500000000005,400.19880000000006,0.01446769125849423,66.48307878544256,3.205586609913553,2.3715389690953392,0,12.920000000000016,0.018408089561003038,0.0281516907668935,0,0.5721259565485091,0.14599682159818292,0,0,0,0,0,0,0,0,0,0,0,0
2023-05-18,414.9,419.67,414.67,419.23,408.05,97177200.0,400.7085,398.58639999999997,0.009624901029295252,61.790935600646215,1.9730728049494815,1.7299435946197137,0,6.910000000000025,0.01507931050753597,0.11330667797037353,0,0.5535227372680095,0.1579286627651603,0,1,0,0,0,0,0,0,0,0,0,0
2019-08-19,292.19,293.08,291.44,292.33,267.66,53571800.0,268.53149999999994,269.217,0.012061859568192945,50.064376573818194,-1.7670909419775285,-1.3567499946980495,0,3.910000000000025,0.029450313532000116,-0.35469890373568236,0,0.24481044946785124,0.06838512833223437,0,1,0,0,0,0,0,0,0,0,0,0
2024-04-17,506.05,506.22,499.12,500.55,494.26,75910300.0,510.017,509.61659999999995,-0.0059131134352373715,34.36843298520516,-1.1155973349090686,1.6305209672165042,0,-13.400000000000034,-0.0202690122597452,0.03301807196124318,0,0.743095259037734,0.11425715895068794,0,1,0,0,0,0,0,0,0,0,0,0
2020-11-19,355.6,358.18,354.15,357.78,335.46,59940900.0,324.909,322.39,0.004220925011225729,60.62215263340838,4.994569438795793,3.850245146583628,0,4.289999999999964,-0.013199366144039937,-0.15087411621545432,0,0.39390007916263514,0.08146405262043604,0,1,0,0,0,0,0,0,0,0,0,0
2018-03-26,262.13,265.43,259.41,265.11,236.96,141956100.0,236.1755,238.6064,0.02735746802514627,42.279847680596966,-1.5304373503355748,-0.32428889284625406,0,-4.810000000000002,-0.01897246279882836,-0.22654395787610848,0,0.17730231330811852,0.2498819752910985,1,1,0,0,0,0,0,0,0,0,0,0
2021-02-19,392.07,392.38,389.55,390.03,367.25,83241000.0,362.8155,358.47720000000004,-0.0017667844522967213,61.10050382069678,4.095628979103253,4.017574783929181,0,-0.6399999999999864,-0.005799419701718711,0.39402272209643496,0,0.4638050840003518,0.1293107254325331,0,1,0,0,0,0,0,0,0,0,0,0
2016-03-21,204.07,204.94,203.8,204.67,175.88,72926700.0,176.41150000000002,177.43039999999996,0.001423447019301971,68.90287055782095,2.759203447303662,2.3244425182043145,0,3.039999999999992,0.005367656462539561,-0.47296787509647875,0,0.04298970885741926,0.10813034691974505,1,1,0,0,0,0,0,0,0,0,0,0
2016-07-20,216.19,217.37,216.19,217.09,187.52,58159500.0,182.0945,185.2934,0.004176930491592623,66.87631671310427,2.1634705757961115,1.5748394209238088,0,1.8700000000000045,0.005842479017205582,0.07017666531114708,0,0.06858562758378045,0.07780595403083901,0,1,0,0,0,0,0,0,0,0,0,0
2023-03-06,405.05,407.45,404.01,404.47,392.19,72795900.0,392.4915,385.9792,0.0006889161053276194,53.317932344196336,-0.4557101890957824,0.24496020816788883,0,6.5400000000000205,0.024522171407230342,-0.19223368841544608,0,0.5186471985222975,0.10786174958308889,0,0,0,0,0,0,0,0,0,0,0,0
2017-01-30,228.17,228.2,226.41,227.55,198.71,79737300.0,198.1195,200.35559999999998,-0.006201550387596844,55.63763400586003,1.0916747277235572,1.1179823441246852,0,1.2199999999999989,-0.008846879333185065,0.3353848781884776,0,0.09319201336968952,0.12211588989398414,0,1,0,0,0,0,0,0,0,0,0,0
2021-11-30,462,464.03,455.3,455.56,433.15,148559600.0,443.1205,430.1232,-0.01946802490096211,42.54542158685663,2.242637210678481,4.076895174660911,0,-11.420000000000016,-0.029500553229064197,0.7220547868986238,0,0.608716685724338,0.26344223914896536,0,0,0,0,0,0,0,0,0,0,0,0
2018-09-21,293.09,293.22,291.81,291.99,263.35,105479700.0,260.3835,256.4918,-0.0009105049508705276,68.30841740084688,1.7500332585555043,1.6287222729028585,0,2.1899999999999977,0.008269516331230853,0.051007068510949605,0,0.23533292286040985,0.1749778171045166,0,0,0,0,0,0,0,0,0,0,0,0
2023-05-03,411.36,413.87,407.77,408.02,397.14,91531800.0,400.1515,398.58639999999997,-0.006876891145064845,48.927278252428266,2.198397796375957,2.8363665831628455,0,3.5600000000000023,-0.019115312563435793,-0.11987384433429327,0,0.5295320608672706,0.1463358538633353,0,1,0,0,0,0,0,0,0,0,0,0
2017-04-18,233.72,234.49,233.08,233.87,205.12,83225800.0,205.85,207.9214,-0.003013512199863899,45.96619645528486,-0.14340033749564896,0.08991084909598387,0,-1.289999999999992,-0.0006175044985397005,0.21665541024538992,0,0.1072873603659073,0.12927951228637732,0,1,0,0,0,0,0,0,0,0,0,0
2021-01-14,380.59,381.13,378.1,378.46,356.36,49989100.0,351.8995,358.47720000000004,-0.0034954279802018595,64.67715131673947,4.221643073405517,4.036708394267685,0,-0.5999999999999659,-0.0006074040305118489,0.10342445191993566,0,0.4398583868414109,0.06102806657353376,1,1,0,0,0,0,0,0,0,0,0,0
2017-08-22,243.57,245.62,243.55,245.44,216.32,63140100.0,216.8935,215.75419999999997,0.010463378176382543,50.4310501713831,-0.190406374163274,0.19774858586476501,0,-0.9399999999999977,0.009671173775432473,-0.0355828726876708,0,0.13191573577271526,0.08803359848764092,0,1,0,0,0,0,0,0,0,0,0,0
2022-05-11,398.07,404.04,391.96,392.75,375.91,142361000.0,404.37,407.645,-0.01589088433949415,31.911590727217842,-10.240845266837027,-7.434316151401168,0,-34.75,-0.04558584312589553,0.07444534676959202,0,0.48284809569883014,0.25071343600678725,0,1,0,0,0,0,0,0,0,0,0,0
2023-10-25,421.89,421.92,417.02,417.55,409.37,94223200.0,419.7795,424.8006,-0.0143500349119976,34.75135260072257,-3.644725186645303,-2.7145277445332794,0,-12.409999999999968,-0.008524939603601678,0.19931470058881784,0,0.5564253672266689,0.15186263422936283,0,1,0,0,0,0,0,0,0,0,0,0
2021-09-08,450.89,451.67,448.86,450.91,427.36,56181900.0,424.2785,417.6418,-0.0012152940076656238,60.85950621378242,3.412768650339956,3.428594606393532,0,-0.6200000000000045,-0.005034344629893384,0.08728989868689707,0,0.5959846952238543,0.07374495943625772,0,0,0,0,0,0,0,0,0,0,0,0
2016-08-30,218.26,218.59,217.35,218.0,188.31,58114500.0,188.363,185.46880000000002,-0.0016435160640441149,54.86493693704738,0.6802291966781979,0.9459128896516391,0,-0.8400000000000034,0.0013970784184001994,-0.17570657369557263,0,0.07032280763479637,0.0777135466902463,0,0,0,0,0,0,0,0,0,0,0,0
2021-06-04,420.75,422.92,418.84,422.6,399.23,55938800.0,393.5715,390.05400000000003,0.009150425924521643,61.02162408102324,2.1981104707583086,1.986866792452788,0,3.1299999999999955,0.007012241127478225,-0.037840478303645786,0,0.5341278916351482,0.0732457544474113,0,0,0,0,0,0,0,0,0,0,0,0
2016-06-10,210.46,210.86,209.43,210.07,180.52,113829200.0,179.2465,178.44459999999998,-0.009492455418381285,55.036044430113094,1.2004581289473606,1.0239673666796114,0,-0.1799999999999784,-0.0075638027641304895,0.5426749192607361,0,0.05319289295452545,0.19212348577738086,0,0,0,0,0,0,0,0,0,0,0,0
2018-01-29,285.93,286.43,284.5,284.68,253.44,90118300.0,246.939,243.0776,-0.006624074001489455,77.11097472783254,4.296963007674407,3.9091423102821956,0,1.7700000000000102,0.005389914328975842,-0.16358170500013458,0,0.2135412085495646,0.14343323662049517,0,1,0,0,0,0,0,0,0,0,0,0
2018-12-19,255.17,259.4,249.35,251.26,226.61,214992800.0,239.75449999999995,244.1232,-0.014996087977049433,28.76197013032042,-4.137547966797058,-2.699575581946071,0,-12.809999999999974,-0.035705283128058984,0.5982800443965026,0,0.15454305567772014,0.3998625800170564,0,0,0,0,0,0,0,0,0,0,0,0
2023-09-28,425.48,430.25,424.87,428.52,420.12,92258300.0,423.27349999999996,424.8006,0.0057936317931530645,37.83708053503767,-4.124356464120922,-2.291486231998916,0,-2.8100000000000023,-0.00850092978840844,-0.11888071147921131,0,0.5800642096930249,0.14782771903979328,1,1,0,0,0,0,0,0,0,0,0,0
2024-10-22,581.05,584.5,580.38,583.32,579.62,34183800.0,572.3439999999999,579.1848,-0.0005345472729466616,63.87882513334795,6.053619517674406,5.904915459430409,0,3.519999999999982,0.0016664527931559148,-0.06188973352726479,0,0.9307986630310492,0.02857193901197661,0,1,0,0,0,0,0,0,0,0,0,0
2015-02-18,209.66,210.22,209.34,210.13,176.01,80652900.0,171.8715,172.55380000000002,5.681818181813014e-05,64.05575685087237,1.3267241011506883,1.024884813884194,0,2.780000000000001,0.00576454801174231,0.04787301768782437,0,0.043275573929105415,0.1239960712505773,0,1,0,0,0,1,0,0,0,0,0,0
2015-06-25,211.1,211.25,209.77,209.86,177.43,97107400.0,176.71300000000002,175.175,-0.003034219250435455,45.13551248731266,0.2375825875399471,0.15865858676738642,0,-0.799999999999983,-0.009616021115944617,0.05200130433887673,0,0.046398100096754324,0.1577853287124187,1,1,0,0,0,0,0,0,0,0,0,0
2019-03-26,280.99,282.18,279.56,281.12,256.15,68125900.0,259.2255,261.3654,0.00747295968534889,56.919920274085136,2.162438761931753,2.4700687567028177,0,-1.160000000000025,-0.012546057003178013,-0.2039060381979826,0,0.21950039581317615,0.09827192112602245,1,1,0,0,0,0,0,0,0,0,0,0
2024-07-23,554.54,556.74,553.28,553.78,548.58,34439600.0,547.9935,543.7357999999999,-0.0015834015834016446,55.69265007246106,4.445205595547236,5.813460398283126,0,-10.979999999999905,0.0021016320957945034,-0.20548507729538812,0,0.8625428797607528,0.029097223405834767,0,1,0,0,0,0,0,0,0,0,0,0
2020-05-05,286.64,289.25,283.71,286.19,266.09,79569900.0,261.505,259.914,0.00921641508002713,55.84424711535955,4.1002809282684325,3.471508226251273,0,0.4199999999999591,-0.014480817994550033,-0.016115350944441387,0,0.24135807898671813,0.12177213458697922,0,1,0,0,0,0,0,0,0,0,0,0
2023-12-14,472.5,473.73,469.25,472.01,462.76,119026000.0,448.703,432.46200000000005,0.0032084634061742,79.93424255294833,7.162712810966752,6.401608188048737,0,13.509999999999991,0.021580903850722866,0.2760350779390639,0,0.6738279532060867,0.20279509616831937,0,0,0,0,0,0,0,0,0,0,0,0
2024-08-27,559.49,562.06,558.32,561.56,556.29,32693900.0,539.6205,543.7357999999999,0.0013680629308947534,61.5360207653957,5.041163174652752,2.6485853013080014,0,2.8299999999999272,0.009614879586874792,-0.08647166974958509,0,0.8794968774738321,0.02551243463977463,0,1,0,0,0,0,0,0,0,0,0,0
2019-11-08,307.8,309.0,307.03,308.94,284.17,49032100.0,278.2495,278.3756,0.0024693971143330273,71.41756638593262,3.0068950280574427,2.474512880300386,0,2.580000000000041,0.006221936588491905,-0.09655385896672886,0,0.28111531357199404,0.05906287046359531,0,1,0,0,0,0,0,0,0,0,0,0
2018-03-09,275.7,278.87,275.34,278.87,248.27,113625300.0,241.558,243.726,0.0174166051962954,59.60012336031,0.4724744590294847,-0.15234159949065607,0,8.719999999999999,0.02190529463353086,0.698404512923535,0,0.20217257454481485,0.19170477784967296,0,0,0,0,0,0,0,0,0,0,0,0
2018-05-21,273.01,273.98,272.57,273.37,244.34,58025900.0,239.635,238.6064,0.007504535708395155,61.34817388455945,1.581099748494637,1.08388091670214,0,0.3400000000000034,0.0041736608094254946,-0.09852877206065125,0,0.1935306535315331,0.07753160690410152,0,1,0,0,0,0,0,0,0,0,0,0
2017-03-31,235.9,236.51,235.68,235.74,206.76,73733100.0,205.97750000000002,207.9214,-0.0023161551823973614,54.9679429958198,0.4113498858643254,0.6247750646767661,0,1.6499999999999773,0.001799212491931268,0.29953875628107496,0,0.11089365819333269,0.10978628646316654,1,1,0,0,0,0,0,0,0,0,0,0
2018-01-26,284.25,286.63,283.96,286.58,255.13,107743100.0,246.19050000000001,243.0776,0.011577653542682587,87.08394977450246,4.3224555642551366,3.812187135934143,0,5.490000000000009,0.011617477624676242,0.2737503147635638,0,0.2172574544814847,0.1796257009866845,0,1,0,0,0,0,0,0,0,0,0,0
2016-10-06,215.37,216.04,214.74,215.78,187.33,62927400.0,186.636,186.78620000000004,0.000694444444444553,51.44155125646871,0.020485634868720126,-0.0654142519398666,0,0.950000000000017,2.2793523651309933e-05,-0.13580257086354652,0,0.06816782478670069,0.087596819791106,1,1,0,0,0,0,0,0,0,0,0,0
2023-05-08,412.97,413.24,411.28,412.74,401.74,50046800.0,400.3515,398.58639999999997,0.00027388392301386233,54.94776306203197,1.7318173209102952,2.2698153304036404,0,-2.6899999999999977,0.011710706911946978,-0.4302763990710805,0,0.5396472864807811,0.0611465533191382,0,1,0,0,0,0,0,0,0,0,0,0
2015-04-28,210.74,211.5,209.33,211.44,177.9,86863500.0,175.9735,176.6218,0.0031577760234577923,58.82141512924025,0.8115837695036703,0.6385902872597939,0,1.5500000000000114,0.001366406458101932,0.09457635704483858,0,0.047431612279004276,0.13674951635024682,0,1,0,0,0,0,0,0,0,0,0,0
2023-08-23,439.25,443.67,439.1,443.03,432.82,68441000.0,436.218,434.70579999999995,0.011143557995561215,48.11173545250478,-1.8349479635080002,-0.6153114678990377,0,3.3100000000000023,0.014936556569948412,0.05192052613701503,0,0.6079910282346731,0.09891897785981724,0,1,0,0,0,0,0,0,0,0,0,0
2015-12-29,206.51,207.79,206.47,207.4,177.31,92640700.0,169.65349999999998,165.66920000000002,0.01065891472868219,61.86821681215992,-0.06750481481398651,-0.34053630958667175,0,4.900000000000006,0.006737608360500524,0.4057790679500273,0,0.046134224645967115,0.14861297608518562,1,1,0,0,0,0,0,0,0,0,0,0
2016-07-18,215.97,216.6,215.67,216.41,186.93,58725900.0,181.361,185.2934,0.002681971785656767,65.87240581608108,1.997440530278169,1.2673856745292973,0,2.5999999999999943,0.006890856061226858,-0.4519557577126304,0,0.06728823995074323,0.07896905442443267,0,1,0,0,0,0,0,0,0,0,0,0
2021-07-27,439.91,439.94,435.99,439.01,416.09,67397100.0,411.08899999999994,414.4906,-0.004545563290987875,60.681568099530764,3.495731351216648,3.253931097486424,0,7.539999999999964,0.008198194144082072,0.5415904225145931,0,0.5712023924707537,0.09677533290771198,0,1,0,0,0,0,0,0,0,0,0,0
2022-09-19,382.26,388.55,382.18,388.55,375.03,73278500.0,355.48400000000004,365.30440000000004,0.007765894555812336,37.95200012696534,-4.4974918929254954,-3.1792986813075674,0,-2.840000000000032,0.00011276530592563283,-0.2891435012727386,0,0.4809130090597237,0.10885276697353433,1,1,0,0,0,0,0,0,0,0,0,0
2023-09-11,448.24,448.77,446.47,448.45,438.11,60180100.0,433.7455,436.716,0.006570936243538217,54.3549441473336,0.6395149151424562,0.2517709237315134,0,-2.680000000000007,0.0049927469095462085,-0.023996224438328384,0,0.6196235376902102,0.08195524897309778,0,0,0,0,0,0,0,0,0,0,0,0
2023-10-17,432.81,438.14,432.45,436.02,427.47,75324700.0,421.9915,424.8006,-4.678472011032664e-05,54.47719612067153,-1.175895071608636,-2.509569637919489,0,1.4500000000000455,0.005485957051644563,-0.0014383587067763326,0,0.5962265810537426,0.11305463142510805,0,1,0,0,0,0,0,0,0,0,0,0
2019-02-05,272.44,273.44,271.88,273.1,247.75,79552800.0,239.317,241.47120000000004,0.004215475659681278,70.25246731329834,3.3249486395055783,2.248779895361633,0,8.789999999999992,0.011726226329968892,0.30962321054641717,0,0.20102911425807013,0.121737019797554,0,1,0,0,0,0,0,0,0,0,0,0
2018-04-12,265.26,267.0,265.06,265.93,237.69,68890500.0,236.1755,238.6064,0.00822905620360559,50.105659666151745,-1.624285225103364,-2.043310455500141,0,0.2599999999999909,0.018857748005862596,-0.2441260826726297,0,0.17890755563374083,0.09984202451751562,1,1,0,0,0,0,0,0,0,0,0,0
2021-10-08,439.48,439.89,437.19,437.86,416.32,74557400.0,415.11799999999994,429.71399999999994,-0.0018461243376728387,52.275716315404,-2.0896411688461853,-2.144860581874835,0,3.4399999999999977,0.010963966777599365,0.029265228645384056,0,0.5717081537514292,0.11147898359317934,1,1,0,0,0,0,0,0,0,0,0,0
2015-09-22,193.88,194.46,192.56,193.91,164.8,153890900.0,166.6435,172.4202,-0.012937230474365125,47.207673134516874,-1.3873110672641928,-1.737525770433036,0,-4.449999999999989,-0.0241058198354831,0.45556068410668304,0,0.01862520890139857,0.2743900448134532,1,1,0,0,0,0,0,0,0,0,0,0
2020-09-22,328.57,330.9,325.86,330.3,309.69,63612100.0,315.936,322.39,0.010177121049026239,47.2999969551402,-1.0721650401835632,0.6693549505550825,0,-6.720000000000027,-0.012461571724724063,-0.36036613079030033,0,0.33723282610607785,0.08900284881563564,1,1,0,0,0,0,0,0,0,0,0,0
2021-02-09,389.61,390.89,389.17,390.25,367.46,35551100.0,359.079,358.47720000000004,-0.0006798836039270117,64.68847595790302,3.7651204671144,3.098430830403099,0,8.189999999999998,0.01048406692272752,-0.07335032790132723,0,0.4642668660392294,0.031379684718474875,0,1,0,0,0,0,0,0,0,0,0,0
2022-11-30,395.49,407.68,393.48,407.68,393.49,144566700.0,377.824,365.8886,0.031482646534549685,63.7368893956918,5.834461465147456,5.259679433633515,0,7.5,0.013815852443914922,1.7636532211814187,0,0.5215058492391591,0.2552428331433507,0,0,0,0,0,0,0,0,0,0,0,0
2020-01-28,325.06,327.85,323.6,326.89,302.16,63834000.0,301.95500000000004,300.60920000000004,0.010467177206300526,54.326164234123574,2.5817465809080886,3.274451933997486,0,-4.079999999999984,-0.014428746159350192,-0.2406364312267658,0,0.32067464156917935,0.08945851967958063,0,1,0,0,0,0,0,0,0,0,0,0
2020-04-20,282.61,286.79,281.35,281.59,261.82,100109300.0,244.5245,259.914,-0.017597838730254,56.36762198724957,2.3093622081163687,-1.9879184889728527,0,5.519999999999982,0.014217011713213212,-0.31752097013460157,0,0.23196851086287262,0.16394971972853598,0,1,0,0,0,0,0,0,0,0,0,0
2023-06-16,443.02,443.61,438.97,439.46,429.33,114121300.0,414.49899999999997,406.2214,-0.003412256267409486,73.76489515951309,6.748729925577777,5.2692158178205375,0,10.889999999999986,0.010172506393837377,0.0346155275781006,0,0.6003166505409446,0.19272331209265048,0,0,0,0,0,0,0,0,0,0,0,0
2019-02-05,272.44,273.44,271.88,273.1,247.75,79552800.0,239.317,241.47120000000004,0.004215475659681278,70.25246731329834,3.3249486395055783,2.248779895361633,0,8.789999999999992,0.011726226329968892,0.30962321054641717,0,0.20102911425807013,0.121737019797554,0,1,0,0,0,0,0,0,0,0,0,0
2021-06-15,425.42,425.46,423.54,424.48,401.0,51508500.0,396.4865,393.5358,-0.0018419873550057364,62.27542175108669,2.6510342096162844,2.405058049923332,0,2.079999999999984,0.0020525553806753916,0.2160133149190835,0,0.5380200545342597,0.06414814909123542,0,0,0,0,0,0,0,0,0,0,0,0
2018-03-16,274.5,275.39,274.14,274.2,245.09,100343700.0,236.1755,238.6064,0.0011028510742587816,52.569826160779876,0.8864917377092638,0.6236338107849362,0,-2.859999999999985,1.2149405935746316e-06,0.20268598755887957,0,0.1951798750989533,0.16443105929820115,1,1,0,0,0,0,0,0,0,0,0,0
2022-04-20,446.92,447.57,443.48,444.71,425.64,65224400.0,429.04949999999997,407.645,-0.0007512442482862092,50.761906386126256,0.1714819020830305,1.3106627132232167,0,6.139999999999986,0.015804658732354593,-0.16186633427995012,0,0.5922024804292373,0.09231370115424983,0,1,0,0,0,0,0,0,0,0,0,0
2021-09-15,444.62,448.41,443.44,447.88,424.49,78792200.0,424.621,419.1622,0.008337688251223385,53.06512943138499,1.5021324506748783,2.470925324592666,0,-2.8700000000000045,0.005509078891954955,0.007610256646346292,0,0.5896736740258598,0.12017513039189132,0,0,0,0,0,0,0,0,0,0,0,0
2018-03-12,279.2,279.91,278.08,278.52,247.95,71924800.0,242.31550000000001,243.9254,-0.0012889193217062722,58.94350848795307,0.8151956154881077,0.041165843505096694,0,5.6299999999999955,0.02098685240399112,-0.3670001311327671,0,0.2014689066760489,0.10607294881885965,0,0,0,0,0,0,0,0,0,0,0,0
2016-08-05,216.41,218.23,216.41,218.18,188.46,71892200.0,186.816,185.2934,0.008184882041405883,65.0385796527076,1.5034008359014877,1.6927696897817728,0,0.9099999999999966,0.012156311218133542,0.5432312629466249,0,0.07065265194828041,0.10600600483434136,0,1,0,0,0,0,0,0,0,0,0,0
2023-07-20,454.17,455.1,451.44,452.18,441.76,70591600.0,432.7724999999999,434.70579999999995,-0.0066335364619639625,69.81565248760154,6.253420957802916,5.7227243476593,0,2.5600000000000023,0.0030218255151458484,0.07132764824704774,0,0.6276497493183216,0.10333522734156608,0,1,0,0,0,0,0,0,0,0,0,0
2022-06-15,377.36,383.9,372.12,379.2,362.94,125666800.0,382.284,396.48720000000003,0.014252179745137594,36.063837683834144,-7.329341039009421,-4.6078416625693945,0,-30.649999999999977,-0.026736959373416136,0.2081975314339335,0,0.45432755739291053,0.21643195544405525,0,0,0,0,0,0,0,0,0,0,0,0
2022-04-04,453.13,456.91,452.26,456.8,437.21,59601000.0,429.25199999999995,407.645,0.00855824682814288,60.042998718829686,5.530120383009319,3.8249653974121784,0,0.8499999999999659,-0.003993890382931298,-0.33069283359236734,0,0.6176444718093059,0.08076606917449239,1,1,0,0,0,0,0,0,0,0,0,0
2021-03-26,390.93,396.41,390.29,395.98,374.08,114409100.0,379.78349999999995,387.74379999999996,0.016107564851283396,60.36727699047368,2.0229100506434747,2.0432757825670347,0,6.139999999999986,0.016652522317040397,-0.014806860669981381,0,0.4788239950743248,0.19331430837315236,1,1,0,0,0,0,0,0,0,0,0,0
2019-08-09,292.58,293.24,289.65,291.62,267.01,93730000.0,271.362,269.217,-0.006807022764469539,45.319206386272285,-1.1283915812959435,-0.012067794825749212,0,-0.910000000000025,0.0134087300450344,0.0685877608908052,0,0.24338112410942025,0.15084984977646665,0,1,0,0,0,0,0,0,0,0,0,0
2023-05-15,412.22,413.43,410.23,413.01,402.0,54289400.0,400.49100000000004,398.58639999999997,0.0034446607757974146,54.8734849536779,1.5373146721527746,1.8023740407543642,0,0.2599999999999909,0.0004063683861138534,-0.2292750932006803,0,0.5402190166241534,0.06985871739021957,0,1,0,0,0,0,0,0,0,0,0,0
2015-09-17,200.02,202.89,199.28,199.73,168.86,276046600.0,165.8705,172.72420000000002,-0.002304283604135815,50.344763398341804,-1.434786424300313,-2.2493276926491603,0,3.280000000000001,0.018888017865422047,1.7720643171027581,0,0.02755299498636643,0.5252363420410483,0,0,0,0,0,0,0,0,0,0,0,0
2018-12-03,280.28,280.4,277.51,279.3,251.9,103176300.0,245.77849999999998,249.68380000000002,0.013233578697558368,58.92685361248991,-0.42488064626490996,-1.6177175184211496,0,10.640000000000015,0.017163880258662,0.05063021744487517,0,0.21015480693112853,0.17024779336404405,0,0,0,0,0,0,0,0,0,0,0,0
2016-10-06,215.37,216.04,214.74,215.78,187.33,62927400.0,186.636,186.78620000000004,0.000694444444444553,51.44155125646871,0.020485634868720126,-0.0654142519398666,0,0.950000000000017,2.2793523651309933e-05,-0.13580257086354652,0,0.06816782478670069,0.087596819791106,1,1,0,0,0,0,0,0,0,0,0,0
2021-04-21,411.51,416.29,411.36,416.07,393.06,66793000.0,383.178,387.74379999999996,0.00947684721473152,68.85304338072375,6.245650007239135,5.90445112204635,0,4.3700000000000045,-0.002761711009139023,-0.18397640613889976,0,0.5205602955405049,0.09553481569766617,0,1,0,0,0,0,0,0,0,0,0,0
2024-12-16,606,607.78,605.21,606.79,602.94,43695200.0,597.0699999999999,586.1304,0.004263966154768761,62.64451197499949,5.0091418555272185,5.483578106657404,0,2.1000000000000227,-0.001088200777684789,0.216977164549488,0,0.9820784589673675,0.048103565218944815,0,0,0,0,0,0,0,0,0,0,0,0
2019-05-30,279.11,280.04,277.81,279.03,254.24,62523800.0,260.118,261.23,0.0027213567343720158,37.26274668057852,-1.9244341665974503,-1.0672873377504497,0,-6.019999999999982,-0.01329229584916014,-0.40438151179971216,0,0.2153003782214794,0.08676802862081223,0,0,0,0,0,0,0,0,0,0,0,0
2023-09-18,443.05,444.97,442.56,443.63,434.93,55752200.0,423.27349999999996,424.8006,0.0005751357320327166,57.22663625860913,0.3865813717733886,0.4933058265001927,0,-0.7799999999999727,-0.011470866358971432,-0.5011497708511168,0,0.6126308382443486,0.07286257200842017,1,1,0,0,0,0,0,0,0,0,0,0
2019-04-16,290.95,291.01,289.5,290.16,264.38,52153200.0,259.927,261.3654,0.000643427576549005,69.5569187998467,2.921033628578641,2.7910646189236523,0,2.589999999999975,0.00674044648102079,0.051545768166027184,0,0.23759785381300025,0.0654720382574604,0,1,0,0,0,0,0,0,0,0,0,0
2024-10-30,581.29,583.32,579.29,580.01,576.33,41435800.0,575.0195,579.1848,-0.003027262662607222,56.63151547591935,3.9300815028781244,4.819277013935756,0,2.009999999999991,0.0016777650033664715,-0.03412378175138753,0,0.9235640777552996,0.04346389532260738,0,1,0,0,0,0,0,0,0,0,0,0
2024-03-04,512.03,514.2,512.0,512.3,504.29,49799300.0,494.206,480.342,-0.0010894540844622602,69.84336931558344,6.631837725075741,6.354618823514272,0,6.210000000000036,0.011899767767571734,-0.35162142491657544,0,0.7651508487993666,0.06063831294587826,0,0,0,0,0,0,0,0,0,0,0,0
2019-09-20,1.38 Dividend,,,,,,271.3395,278.3756,0.0,57.74910082415515,2.2135155668301536,1.8973942878922059,0,0.0,-0.0048246038709144345,0.0,0,0.25941155774474445,0.047655081592601505,1,1,0,0,0,0,1,0,0,0,1,1
2020-09-18,1.34 Dividend,,,,,,315.936,322.39,0.0,46.89472448470435,0.7105882373000441,1.9688484718177481,0,0.0,-0.01275244891419558,0.0,0,0.33795848359574276,0.17579551939393928,1,1,0,0,0,0,1,0,0,0,1,1
2019-07-26,300.76,302.23,300.62,302.01,276.52,45084100.0,273.33299999999997,269.217,0.006698703946410367,65.21167948056117,2.3976874539303594,2.5425930000661827,0,4.430000000000007,0.006611956340634828,-0.18612090457286967,0,0.2642932535843081,0.05095566644892759,0,1,0,0,0,0,0,0,0,0,0,0
2023-04-25,410.58,411.16,406.02,406.08,395.25,97766700.0,398.3305,398.58639999999997,-0.01588526753479569,47.75855751456115,3.1180507742500367,3.6279747946536576,0,-7.920000000000016,-0.014065174040986839,0.5197187718106513,0,0.5253760225173717,0.1591391989269249,0,1,0,0,0,0,0,0,0,0,0,0
2020-04-29,291.53,294.88,290.41,293.21,272.62,118745600.0,255.369,259.914,0.02616027402416532,61.304851218339984,4.466281119594385,2.2549014773811695,0,13.120000000000005,0.03599427151762713,0.1280098793578417,0,0.2557173014337233,0.20221929576160386,0,1,0,0,0,0,0,0,0,0,0,0
2021-09-16,447.32,448.36,444.02,447.17,423.82,77786700.0,424.9995,419.40319999999997,-0.0015783646257863104,51.621178990886804,1.326205924995918,2.2419814446733164,0,-1.7099999999999795,0.001372563714271413,-0.012761415470059267,0,0.588200369425631,0.1181103397037585,0,0,0,0,0,0,0,0,0,0,0,0
2023-08-23,439.25,443.67,439.1,443.03,432.82,68441000.0,436.218,434.70579999999995,0.011143557995561215,48.11173545250478,-1.8349479635080002,-0.6153114678990377,0,3.3100000000000023,0.014936556569948412,0.05192052613701503,0,0.6079910282346731,0.09891897785981724,0,1,0,0,0,0,0,0,0,0,0,0
2016-06-14,208,208.74,206.92,208.04,178.77,125059300.0,179.459,178.5016,-0.002009713615809705,47.01244751882557,0.7744752052935553,0.967673842555157,0,-3.1299999999999955,-0.01920214687598143,0.06206391102595976,0,0.04934470929721174,0.2151844563460536,0,0,0,0,0,0,0,0,0,0,0,0
2020-03-19,239.25,247.38,232.22,240.51,222.31,289322000.0,264.525,289.1832,0.0021186440677967155,33.11043447208566,-19.53110254152398,-14.755691370624707,0,-7.030000000000001,0.00548357244805231,-0.11683589384643511,0,0.14508751869117775,0.5524973289144829,0,0,0,0,0,0,0,0,0,0,0,0
2020-03-06,293.15,298.78,290.23,297.46,274.96,228667200.0,296.8155,299.8324,-0.016524787180771217,35.61853843465542,-6.857543241188296,-4.350152808596767,0,1.1099999999999568,-0.007704511782276713,0.2269739030771576,0,0.26086287272407416,0.42794291197707973,0,0,0,0,0,0,0,0,0,0,0,0
2022-12-23,379.65,383.06,378.03,382.91,371.28,59857300.0,374.127,384.7644,0.005742767363744683,46.86950046364039,-2.010482937198617,-0.08457933064702561,0,-0.35000000000002274,0.006416409349186747,-0.40214980089072316,0,0.4726669012226228,0.08129238031657934,1,1,0,0,0,0,0,0,0,0,0,0
2020-12-10,365.37,367.86,364.43,366.73,343.85,57735400.0,340.124,328.76560000000006,-0.00031980462844505286,61.66247893416949,5.1679139672289125,5.339100046332054,0,0.040000000000020464,-0.006361963977496887,-0.22082692855301678,0,0.41234937109684233,0.07693506618316409,0,0,0,0,0,0,0,0,0,0,0,0
2020-05-11,290.34,294.0,289.88,292.5,271.96,79514200.0,264.4735,259.914,0.0002206693637367696,59.56598302600964,4.408850300363838,3.8663289877855074,0,8.299999999999955,0.02881534387315976,0.04004844844635347,0,0.25426598645439347,0.12165775483429003,0,1,0,0,0,0,0,0,0,0,0,0
2017-06-19,243.59,244.73,243.48,244.66,215.63,65123800.0,214.15,215.75419999999997,0.008323591302314748,62.51713063625437,1.344519521737709,1.2872550748583356,0,1.1399999999999864,0.008510673290996307,-0.22978814496452526,0,0.13039845193068866,0.09210711941061367,1,1,0,0,0,0,0,0,0,0,0,0
2020-09-22,328.57,330.9,325.86,330.3,309.69,63612100.0,315.936,322.39,0.010177121049026239,47.2999969551402,-1.0721650401835632,0.6693549505550825,0,-6.720000000000027,-0.012461571724724063,-0.36036613079030033,0,0.33723282610607785,0.08900284881563564,1,1,0,0,0,0,0,0,0,0,0,0
2020-07-08,314.61,316.3,312.7,316.18,295.27,54638600.0,292.09049999999996,303.6934,0.007644268504931162,59.9860471258787,3.109247261448388,2.9333117674741334,0,7.2999999999999545,0.012776155858905014,-0.34098902424315525,0,0.30552379276981256,0.07057579835321906,1,1,0,0,0,0,0,0,0,0,0,0
2024-05-21,529.28,531.52,529.07,531.36,524.68,33437000.0,510.0735000000001,509.61659999999995,0.0024455483377912035,70.39850488760541,5.587311363999561,3.7281551349235635,0,7.959999999999923,0.00502985874903783,-0.11458471250549462,0,0.8099876858122963,0.02703838785742902,0,1,0,0,0,0,0,0,0,0,0,0
