Date,Open,High,Low,Close,Adj Close,Volume,SMA_20,SMA_50,daily_return,RSI_14,MACD,Signal_Line,target,momentum_5d,return_3d,volume_change,outlier_return,Adj Close_norm,Volume_norm,SMA_20_was_imputed,SMA_50_was_imputed,daily_return_was_imputed,RSI_14_was_imputed,MACD_was_imputed,Signal_Line_was_imputed,momentum_5d_was_imputed,return_3d_was_imputed,volume_change_was_imputed,outlier_return_was_imputed,Adj Close_norm_was_imputed,Volume_norm_was_imputed,day,weekday,month,year,SMA_10,MACD_diff,Bollinger_Middle,Bollinger_High,Bollinger_Low,Price_Change,Volatility_10d,Volume_Change,Unusual_Volume,momentum_3d,momentum_7d,momentum_10d,rolling_mean_3d,rolling_mean_5d,rolling_std_3d,rolling_std_5d,return_1d,rolling_return_3d,rolling_return_5d
2015-03-16,206.71,208.69,205.86,208.58,174.71,136099200.0,175.435,206.0002,0.0133402934864568,52.09165335308303,0.0005359991097009,0.5019082256962876,0,0.21999999999999886,0.0198975610268586,-0.1620069835214261,0,0.0404169232122438,0.2378548518884877,0,0,0,0,0,0,0,0,0,0,0,0,16,0,3,2015,207.86599999999999,-0.5980251377678721,209.44,213.97246952554553,204.90753047445446,0.013360540251663888,2.313838561544223,-0.16200698352142617,0,4.0800000000000125,-1.8799999999999955,-3.4099999999999966,207.17,206.198,1.3763357148604654,1.6575343133701892,0.013360540251663888,0.019951100244498754,0.001055864849299315
2015-03-17,207.69,208.42,206.98,207.96,174.19,94510400.0,175.34449999999998,206.05079999999998,-0.0029763608265125,50.32544709723508,0.0056853153062093,0.4026636436182719,1,2.980000000000018,0.004253365991356,-0.305577108462063,0,0.0392734629254991,0.1524523984119901,0,0,0,0,0,0,0,0,0,0,0,0,17,1,3,2015,207.55,-0.473216126690905,209.33249999999998,213.89817136355637,204.7668286364436,-0.0029724805829897116,2.0167741018215044,-0.305577108462063,0,0.8600000000000136,0.46000000000000796,-3.1599999999999966,207.45666666666668,206.794,1.442440062302007,1.6458067930348257,-0.0029724805829897116,0.004152583293095091,0.014538003707678993
2015-03-18,207.39,211.27,206.62,210.46,176.29,228808500.0,175.3585,206.22560000000001,0.0120558011366898,56.700568681083496,0.1771762574510091,0.3575661663848193,0,5.960000000000008,0.022419733796634,1.4209875315309213,0,0.0438912833142756,0.4282330710265408,0,0,0,0,0,0,0,0,0,0,0,0,18,2,3,2015,207.573,-0.21502397124028605,209.349,213.9284449445319,204.7695550554681,0.012021542604347069,2.051742078224192,1.4209875315309213,1,4.6299999999999955,2.0999999999999943,0.2300000000000182,209.0,207.98600000000002,1.301844844826208,1.7253637297681779,0.012021542604347069,0.022494291405528832,0.029144254278728576
2015-03-19,209.96,210.47,209.03,209.5,175.48,117917300.0,175.33800000000002,206.41920000000002,-0.0045947019116229,53.842981348833035,0.2449007704424843,0.3350330871963524,1,2.4000000000000057,0.0044847383985543,-0.4846463308836866,0,0.0421101240214618,0.2005183846457605,0,0,0,0,0,0,0,0,0,0,0,0,19,3,3,2015,207.477,-0.10708373807198168,209.325,213.89598895207578,204.7540110479242,-0.004561436852608569,1.9198729703348578,-0.4846463308836866,0,0.9199999999999875,4.52000000000001,-0.960000000000008,209.30666666666664,208.46600000000004,1.2611634839837076,1.7509083356930824,-0.004561436852608569,0.004410777639274999,0.011588604538870229
2015-03-20,209.71,211.02,209.49,210.41,177.03,177715100.0,175.3425,206.5812,0.0088329154319581,56.101465078398356,0.4188171179948767,0.3517898933560573,0,4.579999999999984,0.016294014657025,0.5071164282085834,0,0.0455185152607968,0.3233129551189868,0,0,0,0,0,0,0,0,0,0,0,0,20,4,3,2015,207.76799999999997,0.020606192526665124,209.2835,213.79892367890312,204.76807632109688,0.004343675417661119,2.132509215819645,0.5071164282085834,1,2.4499999999999886,5.909999999999997,2.9099999999999966,210.12333333333333,209.382,0.5404010856151165,1.1065803179161662,0.004343675417661119,0.011781111752259932,0.022251372491862043
2015-06-02,211.02,212.19,210.27,211.36,177.83,91531000.0,177.8715,209.9212,-0.0010111791472388,50.57680083297439,0.448809268719998,0.6066702610825396,1,0.660000000000025,-0.0051941654599914,-0.0193681512939956,0,0.0472776849327117,0.1463342110661692,0,0,0,0,0,0,0,0,0,0,0,0,2,1,6,2015,212.233,-0.17939040463232092,211.406,214.51559418574163,208.29640581425838,-0.000992579288178752,0.9573232357868886,-0.019368151293995606,0,-1.0999999999999943,-2.1399999999999864,-1.7399999999999807,211.35666666666665,211.846,0.21501937897245033,0.6923005127833705,-0.000992579288178752,-0.005177445166148931,0.0031324157570005173
2015-06-03,212,212.67,211.33,211.92,178.3,87820900.0,177.9985,209.9596,0.0026429736264972,52.75397585657785,0.4244504934671624,0.5702263075594642,0,-0.7800000000000011,0.0036582509948789,-0.0405338082179808,0,0.0483111971149617,0.1387155338587683,0,0,0,0,0,0,0,0,0,0,0,0,3,2,6,2015,212.12199999999999,-0.1653223282580647,211.55699999999996,214.4509944713143,208.66300552868563,0.0026495079485238104,0.9181962995156061,-0.040533808217980805,0,0.7800000000000011,-1.0700000000000216,-1.1100000000000136,211.61666666666667,211.69,0.282901631903467,0.5175905717844188,0.0026495079485238104,0.003694231315714669,-0.0036671368124118198
2015-06-04,211.07,211.86,209.75,210.13,176.8,151882800.0,178.0865,209.9858,-0.0084127874369041,45.80771893011508,0.2808708206227379,0.512355210172119,0,-2.3300000000000125,-0.0067809929576456,0.7294607547861613,0,0.0450127539801213,0.2702664185769146,0,0,0,0,0,0,0,0,0,0,0,0,4,3,6,2015,211.84700000000004,-0.26802918993218505,211.6615,214.16448441864864,209.15851558135134,-0.008446583616459002,1.065885651569595,0.7294607547861613,1,-1.4399999999999977,-0.5699999999999932,-2.75,211.13666666666666,211.224,0.9156600533679256,0.6757440343799698,-0.008446583616459002,-0.006806257976083585,-0.01096677021557002
2015-06-05,209.95,210.58,208.98,209.77,176.49,121704700.0,178.124,210.06599999999997,-0.0017533936651583,44.5375652485162,0.1404494721477647,0.4379740625672482,0,-1.3699999999999761,-0.0075232074755652,-0.1986933345974659,0,0.0443310757322543,0.2082957971293351,0,0,0,0,0,0,0,0,0,0,0,0,5,4,6,2015,211.47400000000002,-0.34667410506470386,211.7065,214.03327695536075,209.37972304463926,-0.0017132251463378712,1.075755032007109,-0.19869333459746596,0,-1.5900000000000034,-2.9299999999999784,-3.7299999999999898,210.60666666666665,210.95,1.151535207162093,0.943159583527686,-0.0017132251463378712,-0.007522710068130212,-0.006488585772473132
2015-06-08,209.64,209.82,208.39,208.48,175.41,89063300.0,177.99200000000002,210.1302,-0.0061193268740439,40.232618376351446,-0.0573216638043732,0.3389149172929239,0,-3.0900000000000034,-0.0162855079761063,-0.2682016388849403,0,0.0419561966751693,0.1412667978577103,0,0,0,0,0,0,0,0,0,0,0,0,8,0,6,2015,211.023,-0.4646750487965251,211.5495,214.2690328642982,208.8299671357018,-0.006149592410735649,1.2930158545044017,-0.2682016388849403,0,-3.4399999999999977,-3.980000000000018,-4.510000000000019,209.46,210.33200000000002,0.8675828490702094,1.3569340440862103,-0.006149592410735649,-0.016232540581351484,-0.014605095240346033
2015-06-09,208.45,209.1,207.69,208.45,175.38,105034700.0,177.901,210.18439999999998,-0.000171027877544,40.135458761669916,-0.2140104835526131,0.2283298371238165,1,-2.910000000000025,-0.0080437484167463,0.1793263892085741,0,0.0418902278124724,0.1740640111808775,0,0,0,0,0,0,0,0,0,0,0,0,9,1,6,2015,210.798,-0.5196884395031045,211.4415,214.45713442744608,208.4258655725539,-0.00014389869531850064,1.5295881798705724,0.17932638920857413,0,-1.6800000000000068,-2.6899999999999977,-2.25,208.9,209.75,0.7535914012254314,1.427988095188533,-0.00014389869531850064,-0.00799505068291062,-0.013767978803936542
2015-06-10,209.37,211.41,209.3,210.95,177.49,134551300.0,177.942,210.2384,0.0120310183601324,50.79866502279131,-0.1660144251382291,0.1494609846714074,1,-0.9699999999999989,0.0057406636085444,0.2810176065624026,0,0.0465300378221479,0.234676244721744,0,0,0,0,0,0,0,0,0,0,0,0,10,2,6,2015,210.623,-0.3696953948645315,211.49,214.44055249063595,208.53944750936407,0.011993283761093876,1.3806604699683123,0.2810176065624026,0,1.1799999999999784,-0.6200000000000045,-1.75,209.29333333333332,209.55599999999998,1.4347938295567613,1.083918816148229,0.011993283761093876,0.005625208561758077,-0.004577198942997351
2015-06-11,211.48,212.09,211.2,211.63,178.06,73876400.0,178.0095,210.34239999999997,0.0032114485323115,53.23849850234903,-0.0810486879173595,0.103359050153654,0,1.5,0.0150714390148999,-0.4509425029709858,0,0.0477834462133872,0.1100805525055429,0,0,0,0,0,0,0,0,0,0,0,0,11,3,6,2015,210.54000000000002,-0.21437670899952876,211.57049999999998,214.4430561787366,208.69794382126335,0.0032235126807300674,1.279175081405464,-0.4509425029709858,0,3.1500000000000057,0.2699999999999818,-0.8300000000000125,210.34333333333333,209.856,1.6745546671679543,1.433659652776822,0.0032235126807300674,0.015109363008442012,0.007138438109741685
2015-06-12,210.64,211.48,209.68,210.01,176.7,135382400.0,177.917,210.42860000000002,-0.0076378748736382,47.22967997746792,-0.1220464870985438,0.0582779427032144,0,0.23999999999998067,0.0076045920188058,0.8325527502693688,0,0.0447928577711319,0.2363829056276686,0,0,0,0,0,0,0,0,0,0,0,0,12,4,6,2015,210.427,-0.2101540954504726,211.4605,214.39451073617633,208.52648926382366,-0.0076548693474460805,1.270162281845126,0.8325527502693688,1,1.5600000000000023,-1.9099999999999966,-1.1299999999999955,210.86333333333334,209.904,0.8134699338843844,1.4340781010810237,-0.0076548693474460805,0.0074838090669224755,0.0011441102159506222
2015-06-15,208.64,209.45,207.79,209.11,175.94,124384200.0,177.77700000000002,210.482,-0.0043010752688171,44.24215373891635,-0.2134032074017682,0.0039417126822179,1,0.6300000000000239,-0.0087275016101437,-0.0812380338951,0,0.0431216465828128,0.213798140887517,0,0,0,0,0,0,0,0,0,0,0,0,15,0,6,2015,210.18099999999998,-0.25442922754944775,211.294,214.36167273352262,208.2263272664774,-0.004285510213799193,1.2623914694824354,-0.08123803389510009,0,-1.839999999999975,-1.0199999999999818,-2.4599999999999795,210.25,210.03000000000003,1.2770277992277892,1.298999615088523,-0.004285510213799193,-0.008722446077269352,0.0030218726016886244
2015-06-16,208.93,210.35,208.72,210.25,176.9,85308200.0,177.657,210.53040000000001,0.0054564055928156,48.67114972960288,-0.2059658434524749,-0.0380397985447206,1,1.8000000000000114,-0.0064825445496397,-0.3141556564258161,0,0.0452326501891107,0.1335557133097167,0,0,0,0,0,0,0,0,0,0,0,0,16,1,6,2015,210.07,-0.1960129016139689,211.1515,214.13395720841027,208.16904279158973,0.005451676151307927,1.19416172364635,-0.3141556564258161,0,-1.3799999999999955,0.47999999999998977,-1.1100000000000136,209.79,210.39000000000001,0.6009991680531831,0.9557196241576783,0.005451676151307927,-0.006520814629305871,0.008635164307987608
2015-06-17,210.59,211.32,209.36,210.59,177.18,126708600.0,177.554,210.5966,0.001582815149802,49.94811327475732,-0.1754554774699102,-0.0655229343297585,1,-0.3599999999999852,0.0027381454738005,0.4853038746568325,0,0.0458483595742809,0.2185712880535995,0,0,0,0,0,0,0,0,0,0,0,0,17,2,6,2015,209.93699999999998,-0.12690121758258782,211.0295,213.8918100810357,208.16718991896434,0.0016171224732461909,1.0276840197474404,0.48530387465683256,0,0.5800000000000125,2.1100000000000136,-1.329999999999984,209.98333333333335,210.31800000000004,0.7751988992084113,0.9157073768404983,0.0016171224732461909,0.002761773248892929,-0.0017065655368569965
2015-06-18,211.31,213.34,210.63,212.78,179.03,165867900.0,177.55,210.69259999999997,0.0104413590698724,57.31439442935989,-0.0019735043784976,-0.0528130483395063,0,1.1500000000000057,0.0174805798124901,0.3090500565865299,0,0.049916439440584,0.2989847718863193,0,0,0,0,0,0,0,0,0,0,0,0,18,3,6,2015,210.202,0.0636430726282788,211.0245,213.87418401757077,208.1748159824292,0.010399354195355981,1.3682251276744681,0.30905005658652995,0,3.6699999999999875,4.3300000000000125,2.6500000000000057,211.20666666666668,210.548,1.373110823398383,1.3628719675743834,0.010399354195355981,0.017550571469561405,0.0054340121910883
2015-06-19,211.46,211.55,210.36,210.81,178.23,130478700.0,177.48,210.73080000000002,-0.0044685248282411,50.16260506696256,0.0701502466689021,-0.0282203893378246,0,0.8000000000000114,0.0075556493914333,-0.2133577382965601,0,0.0481572697686691,0.2263131750484573,0,0,0,0,0,0,0,0,0,0,0,0,19,4,6,2015,210.30599999999998,0.05468378438185756,210.89000000000001,213.50379417705346,208.27620582294657,-0.009258388946329577,1.3712621922884825,-0.21335773829656013,0,0.5600000000000023,-0.13999999999998636,1.039999999999992,211.39333333333332,210.708,1.2059159727500761,1.3304961480590793,-0.009258388946329577,0.0026634958382878438,0.003809342412266048
2015-08-31,198.11,199.13,197.01,197.67,167.12,163298800.0,172.48000000000002,207.194,-0.0080721747388413,40.554093992022935,-3.0246950607905774,-2.350363943384535,0,8.169999999999987,0.0166830104688709,0.0179809293928725,0,0.0237268009499516,0.2937091341370582,0,0,0,0,0,0,0,0,0,0,0,0,31,0,8,2015,198.755,-0.7882256610482576,204.00650000000002,218.445205308995,189.56779469100502,-0.008079084704937789,7.327778578047145,0.017980929392872547,0,3.2099999999999795,-6.300000000000011,-12.920000000000016,198.74,195.59,0.926660671445441,5.049361345754627,-0.008079084704937789,0.016507250848503352,0.04311345646437981
2015-09-01,193.12,194.77,190.73,191.77,162.14,256000400.0,171.73600000000002,206.7916,-0.0297989468645285,34.10661321956408,-3.34008504488574,-2.5483081636847764,1,4.5,-0.0378711216033699,0.5676808402756175,0,0.0127759697422816,0.4840715413523876,0,0,0,0,0,0,0,0,0,0,0,0,1,1,9,2015,196.934,-0.9282405176209401,203.126,218.27679456662258,187.97520543337743,-0.029847726007993014,6.436840494804338,0.5676808402756175,1,-7.5,-6.060000000000002,-18.20999999999998,196.24,196.49,3.953947394693551,3.290296339237697,-0.029847726007993014,-0.03763737642394738,0.024029476157419793
2015-09-02,194.62,195.46,192.42,195.41,165.21,160269300.0,171.116,206.459,0.0189342543480943,40.40198263816495,-3.3042215276396973,-2.6994908364757606,1,0.9499999999999886,-0.0189368672552755,-0.3739490250796483,0,0.0195267833582549,0.2874880666187107,0,0,0,0,0,0,0,0,0,0,0,0,2,2,9,2015,195.643,-0.7073154804225661,202.39299999999997,217.5475677602497,187.23843223975024,0.01898107107472491,5.043268450783068,-0.37394902507964833,0,-3.8700000000000045,5.909999999999997,-12.909999999999997,194.95000000000002,196.68,2.976776780345489,3.168958819549569,0.01898107107472491,-0.01941991168205537,0.004885323459837387
2015-09-03,196.26,198.05,194.96,195.55,165.33,152087800.0,170.575,206.16,0.0007263482840023,40.636895788166974,-3.2288957346105747,-2.805371816102724,0,-3.719999999999999,-0.0101383442324318,-0.0510484540707422,0,0.0197906588090421,0.2706873853507259,0,0,0,0,0,0,0,0,0,0,0,0,3,3,9,2015,194.801,-0.493491274194219,201.753,216.92833142965912,186.57766857034085,0.0007164423519778751,4.116242758200915,-0.05104845407074221,0,-2.119999999999976,8.280000000000001,-8.419999999999987,194.24333333333334,195.936,2.1431130005992554,2.8271151373796197,0.0007164423519778751,-0.010724945616431336,-0.018668138706277926
2015-09-04,192.85,193.86,191.61,192.59,162.83,207081000.0,169.926,205.81459999999998,-0.0151212726063025,37.29018337985134,-3.332513466743165,-2.910800146230812,1,-6.689999999999998,0.004539330025794,0.3615885034828565,0,0.0142932535843082,0.3836157267436906,0,0,0,0,0,0,0,0,0,0,0,0,4,4,9,2015,194.277,-0.4920367408680524,200.985,216.38119888154222,185.5888011184578,-0.015136793658910852,4.020212957321932,0.36158850348285654,0,0.8199999999999932,-1.8700000000000045,-5.240000000000009,194.51666666666665,194.598,1.6700099800113442,2.399608301369419,-0.015136793658910852,0.004275955571778622,-0.033570855078281836
2015-09-08,195.94,197.61,195.17,197.43,166.92,116025700.0,169.3705,205.5668,0.0251182214579621,45.232690437863994,-3.0494502828955774,-2.938530173563765,0,-0.23999999999998067,0.0107232971356618,-0.4397086164351147,0,0.0232870085319728,0.1966339907465342,0,0,0,0,0,0,0,0,0,0,0,0,8,1,9,2015,195.07,-0.12486842423408584,200.328,215.14250316412944,185.51349683587057,0.02513110753413983,3.745993415192256,-0.4397086164351147,0,2.0200000000000102,-1.8400000000000034,7.930000000000007,195.19000000000003,194.55,2.4400000000008464,2.32400516350568,0.02513110753413983,0.0103372396499668,-0.0012141447867657362
2015-09-09,199.32,199.47,194.35,194.79,164.69,149347700.0,168.78400000000002,205.35420000000002,-0.0133596932662353,42.10047031924367,-2.970817300873705,-2.944987599025753,1,3.019999999999982,-0.0033627444145757,0.2871949921439818,0,0.0183833230715102,0.2650605997072124,0,0,0,0,0,0,0,0,0,0,0,0,9,2,9,2015,195.822,-0.02479688811002223,199.634,214.11706100242628,185.1509389975737,-0.013371827989667295,2.5793099852474604,0.2871949921439818,0,-0.7600000000000193,-4.490000000000009,7.519999999999982,194.93666666666664,195.154,2.4233310408067408,1.7399080435474363,-0.013371827989667295,-0.0038864740475582638,0.015748031496062964
2015-09-10,194.56,197.22,194.25,195.85,165.58,158611100.0,168.2315,205.15420000000003,0.0054040925374947,43.78372014706907,-2.804357644863728,-2.9168616081933485,1,0.4399999999999977,0.0171626207292215,0.0620257292211396,0,0.0203403993315155,0.2840829587926919,0,0,0,0,0,0,0,0,0,0,0,0,10,3,9,2015,195.961,0.13879951848018335,198.98049999999998,212.89698587108114,185.0640141289188,0.005441757790441093,2.5348260952835844,0.06202572922113969,0,3.259999999999991,-1.8199999999999932,1.3899999999999864,196.0233333333333,195.242,1.3285079349922608,1.7670087719083534,0.005441757790441093,0.01692715094241648,0.0022516759633590677
2015-09-11,195.38,196.82,194.53,196.74,166.34,119691200.0,167.728,204.93900000000002,0.0045899263196038,45.22363100937223,-2.5813552631480263,-2.849760339184284,0,1.1899999999999977,-0.0033656744091367,-0.2453794217428666,0,0.0220116105198346,0.2041610820119254,0,0,0,0,0,0,0,0,0,0,0,0,11,4,9,2015,195.70800000000003,0.322470734205774,198.3845,211.5948421227462,185.1741578772538,0.004544294102629687,2.281455675659123,-0.24537942174286664,0,-0.6899999999999977,4.969999999999999,-2.530000000000001,195.79333333333332,195.48,0.9762342615056164,1.894412837794623,0.004544294102629687,-0.003494909588208417,0.006085400153413412
2015-09-14,196.95,197.01,195.43,196.01,165.72,79452000.0,167.161,204.71300000000002,-0.0037273055188169,44.223078210345086,-2.426679832879074,-2.7651442379232423,1,3.4199999999999875,0.0062667133382816,-0.3361918002325985,0,0.0206482540241005,0.1215300273546263,0,0,0,0,0,0,0,0,0,0,0,0,14,0,9,2015,195.38100000000003,0.4049765113360948,197.714,209.94044903477715,185.48755096522285,-0.0037104808376537957,1.9179876607173019,-0.33619180023259854,0,1.2199999999999989,0.5999999999999943,-3.2700000000000102,196.20000000000002,196.164,0.4744470465752922,0.9930659595420139,-0.0037104808376537957,0.006263155192771652,0.017757931356768175
2015-09-15,196.61,198.99,195.96,198.46,167.79,113806200.0,166.648,204.5478,0.0124909485879796,48.35305074125861,-2.1127127028064763,-2.634657930899889,1,1.0300000000000011,0.0133535693887665,0.4323893671650807,0,0.0252001055501802,0.1920762553588557,0,0,0,0,0,0,0,0,0,0,0,0,15,1,9,2015,195.45999999999998,0.6217658098361714,197.10750000000002,207.82979989321336,186.38520010678667,0.012499362277434978,2.0354196946405225,0.4323893671650807,0,2.6100000000000136,2.9099999999999966,0.7900000000000205,197.07000000000002,196.37,1.2578950671673355,1.3602757073480076,0.012499362277434978,0.013326525402093559,0.0052170389505141745
2015-09-16,198.82,200.41,198.41,200.18,169.25,99581600.0,166.23399999999998,204.391,0.0087013528815782,51.091018234180744,-1.726183325082303,-2.452963009736372,0,5.390000000000015,0.0174649959507409,-0.1249896754306882,0,0.0284105902014248,0.162866089647852,0,0,0,0,0,0,0,0,0,0,0,0,16,2,9,2015,196.301,0.8633529401341735,196.6175,205.7144838408125,187.5205161591875,0.008666733850650088,2.078351109252397,-0.12498967543068829,0,3.4399999999999977,7.590000000000003,8.409999999999997,198.21666666666667,197.448,2.095622421462676,1.8446327547783516,0.008666733850650088,0.017485005591135527,0.02767082499101603
2015-09-17,200.02,202.89,199.28,199.73,168.86,276046600.0,165.8705,204.295,-0.0023042836041358,50.339121844164644,-1.434786424300313,-2.2493276926491603,0,3.8799999999999955,0.018888017865422,1.772064317102758,0,0.0275529949863664,0.5252363420410483,0,0,0,0,0,0,0,0,0,0,0,0,17,3,9,2015,196.733,0.9673663879420444,196.18800000000002,203.708974936802,188.66702506319803,-0.0022479768208613082,2.3087709573127286,1.7720643171027581,1,3.719999999999999,2.299999999999983,4.319999999999993,199.45666666666668,198.224,0.8919828100007404,1.8202829450393723,-0.0022479768208613082,0.018978623539615214,0.019811079908092832
2015-11-27,209.43,209.8,208.86,209.56,178.1,37317800.0,177.052,202.88080000000002,0.0011805048063411,59.95912255391397,1.181546853134222,1.2542627692962638,0,1.009999999999991,0.0023626326070271,-0.2820752557228632,0,0.0478714046969829,0.0350075969101449,0,0,0,0,0,0,0,0,0,0,0,0,27,4,11,2015,207.752,-0.07584294074411435,208.33049999999997,212.5454992882557,204.11550071174423,0.001146569845213108,2.379466793679128,-0.2820752557228632,0,0.4900000000000091,4.090000000000003,4.719999999999999,209.41,209.32199999999997,0.13076696830528864,0.17398275777174557,0.001146569845213108,0.002343712632132844,0.004842963318149041
2015-11-30,209.75,209.89,208.56,208.69,177.36,112822700.0,177.0845,203.14559999999997,-0.0041549691184726,56.41337859021768,1.1153462765209383,1.2264794707411988,1,-0.6200000000000045,-0.0031430794200452,2.0232945136101272,0,0.0462441727504617,0.1900566415927904,0,0,0,0,0,0,0,0,0,0,0,0,30,0,11,2015,208.36700000000002,-0.12189202455804571,208.36849999999998,212.58207461070717,204.1549253892928,-0.004151555640389382,1.5234978029373905,2.0232945136101272,1,-0.6599999999999966,-0.03999999999999204,6.150000000000006,209.18999999999997,209.198,0.44933283877307334,0.3329714702521191,-0.004151555640389382,-0.0031526152376403216,-0.0029621136113898716
2015-12-01,209.44,210.82,209.11,210.68,179.05,97858400.0,177.097,203.43,0.0095286423094271,61.9553491394065,1.1855840438293512,1.2183003853588297,0,1.6100000000000136,0.0065541779972956,-0.1326355423155092,0,0.0499604186823819,0.1593275045520882,0,0,0,0,0,0,0,0,0,0,0,0,1,1,12,2015,208.873,-0.030256516881725926,208.38299999999998,212.62619266590573,204.13980733409423,0.009535674924529225,1.3388639462866425,-0.13263554231550923,0,1.3600000000000136,2.1299999999999955,5.060000000000002,209.64333333333335,209.51999999999998,0.9976138197383648,0.7254309064286423,0.009535674924529225,0.006497229122874204,0.007700770077007757
2015-12-02,210.62,211.0,208.23,208.53,177.22,108441300.0,176.992,203.72240000000002,-0.0102206087685005,53.9709676550683,1.0811197983435648,1.1908642679557766,0,-0.8199999999999932,-0.004846935577546,0.1081450340491976,0,0.0459363180578766,0.1810594522133919,0,0,0,0,0,0,0,0,0,0,0,0,2,2,12,2015,209.179,-0.12126282686892131,208.25949999999997,212.33114082404086,204.1878591759591,-0.010205050313271347,0.644109203991283,0.10814503404919762,0,-1.0300000000000011,-0.7800000000000011,3.0600000000000023,209.29999999999998,209.356,1.1977896309451959,0.854651975953878,-0.010205050313271347,-0.004915060125978199,-0.003916885598280406
2015-12-03,208.83,209.15,204.75,205.61,174.74,166224200.0,176.79000000000002,203.9626,-0.0139939058796975,45.41132359743879,0.7891193803892804,1.1105152904424775,1,-3.7099999999999795,-0.0146858723387708,0.5328495693061592,0,0.0404828920749406,0.2997164326741678,0,0,0,0,0,0,0,0,0,0,0,0,3,3,12,2015,208.86700000000002,-0.3708380072854822,208.02200000000002,212.12981985973056,203.91418014026948,-0.01400278137438249,1.303696027965457,0.5328495693061592,1,-3.079999999999984,-3.4599999999999795,-3.119999999999976,208.27333333333334,208.61399999999998,2.5447265733932336,1.8841523292987186,-0.01400278137438249,-0.014758733049019979,-0.017724058857251923
2015-12-04,205.61,209.97,205.61,209.62,178.15,192913900.0,176.7675,204.297,0.0195147075655259,55.782652207114154,0.8233741027283656,1.0530870528996552,0,0.060000000000002274,-0.004699807082672,0.1605644665457857,0,0.0479813528014776,0.3545236370789998,0,0,0,0,0,0,0,0,0,0,0,0,4,4,12,2015,208.974,-0.26361631524897366,207.9955,212.05461554405593,203.93638445594405,0.01950294246388795,1.3186120649293955,0.1605644665457857,0,-1.0600000000000023,0.27000000000001023,1.0699999999999932,207.92,208.62600000000003,2.073427114706593,1.891858874229732,0.01950294246388795,-0.005031327131194252,0.00028631418209590365
2015-12-07,209.23,209.73,207.2,208.35,177.07,102027100.0,176.696,204.607,-0.0060623070446254,52.38790900851009,0.7546748213389947,0.9934046065875232,0,-0.3400000000000034,-0.0005415053587969,-0.4711262381819039,0,0.0456064737443926,0.1678879152349518,0,0,0,0,0,0,0,0,0,0,0,0,7,0,12,2015,208.87800000000001,-0.2747384241856645,207.911,211.865364171393,203.956635828607,-0.0060585821963553554,1.3263550722854553,-0.4711262381819039,0,-0.18000000000000682,-0.9699999999999989,-0.960000000000008,207.86,208.558,2.0494145505486525,1.895091026837968,-0.0060585821963553554,-0.0008631851532153734,-0.001629210791125657
2015-12-08,206.49,208.29,205.78,206.95,175.88,103372400.0,176.648,204.9858,-0.0067205060145705,48.85808383338045,0.5973215402351855,0.9141879933170556,0,-3.730000000000018,0.00673189450633,0.013185712423464,0,0.0429897088574192,0.1706504840193825,0,0,0,0,0,0,0,0,0,0,0,0,8,1,12,2015,208.666,-0.3671232073967936,207.8545,211.82982627591707,203.87917372408293,-0.006719462443004587,1.4554052509332276,0.013185712423464002,0,1.339999999999975,-2.6100000000000136,-2.1200000000000045,208.30666666666664,207.81199999999998,1.3355273615069345,1.5544838371632255,-0.006719462443004587,0.006517192743543454,-0.017704575659768462
2015-12-09,206.19,208.68,204.18,205.34,174.51,162401500.0,176.511,205.33019999999996,-0.0077894018649079,45.095086746529454,0.3579442226725291,0.8029392391881505,1,-3.1899999999999977,-0.0205722149241038,0.5710334673471835,0,0.039977130794265,0.2918665317656393,0,0,0,0,0,0,0,0,0,0,0,0,9,2,12,2015,208.26500000000001,-0.5181638588796256,207.6935,211.80014473749517,203.58685526250483,-0.007779656921961808,1.7654162241363909,0.5710334673471835,1,-4.280000000000001,-3.3499999999999943,-4.009999999999991,206.88,207.17399999999998,1.5062204353948545,1.818359150443504,-0.007779656921961808,-0.020417899055433675,-0.015297559104205605
2015-12-10,205.42,207.43,205.14,205.87,174.96,116128900.0,176.43149999999997,205.615,0.0025786487880352,46.55438547382556,0.2022161907055135,0.6827946294916232,0,0.2599999999999909,-0.0119312590914432,-0.2849271712391819,0,0.0409666637347171,0.1968459115809602,0,0,0,0,0,0,0,0,0,0,0,0,10,3,12,2015,207.92,-0.5603002708906111,207.6,211.78260206091818,203.4173979390818,0.0025810850297067756,1.8703237984666325,-0.2849271712391819,0,-2.4799999999999898,-4.810000000000002,-3.4499999999999886,206.0533333333333,207.22599999999997,0.8205079727430045,1.7653979721302597,0.0025810850297067756,-0.011903047756179452,0.0012645299353144512
2015-12-11,203.35,204.14,201.51,201.88,171.57,211173300.0,176.3055,205.81,-0.0193758573388204,38.301114333809934,-0.192524759590043,0.5077307516752899,1,-7.740000000000009,-0.0245866104156931,0.8184388209997684,0,0.0335121822499779,0.3920192502971923,0,0,0,0,0,0,0,0,0,0,0,0,11,4,12,2015,207.152,-0.8191475578830393,207.452,212.1876841110865,202.7163158889135,-0.019381162869772206,2.5685439022483716,0.8184388209997684,1,-5.069999999999993,-6.650000000000006,-7.680000000000007,204.36333333333334,205.67799999999997,2.1668948597787994,2.4152370484077608,-0.019381162869772206,-0.02449867117661264,-0.03692395763763001
2015-12-14,202.07,203.05,199.95,202.9,172.44,182385200.0,176.321,205.96800000000002,0.0050708165763244,41.172287808854406,-0.4301990111368354,0.3201447991128648,1,-5.449999999999989,-0.0117263919744606,-0.1363245258751935,0,0.0354252792681853,0.332902988925699,0,0,0,0,0,0,0,0,0,0,0,0,14,0,12,2015,206.573,-0.8786623217100646,207.46999999999997,212.13304621465375,202.8069537853462,0.005052506439469084,2.8232843364500027,-0.1363245258751935,0,-2.4399999999999977,-2.710000000000008,-5.789999999999992,203.54999999999998,204.58800000000002,2.072896524190943,2.11959194186081,0.005052506439469084,-0.011882731080159692,-0.026157907367410527
2015-12-15,204.7,206.11,202.87,205.03,174.25,154069600.0,176.296,206.0992,0.010496404546509,46.74546469477595,-0.467121014358554,0.1626916364185811,1,-1.9199999999999875,-0.0038086362159869,-0.1552516322596351,0,0.0394054006508927,0.2747570046304292,0,0,0,0,0,0,0,0,0,0,0,0,15,1,12,2015,206.00799999999998,-0.7372792034625473,207.44050000000001,212.15714488805307,202.72385511194696,0.010497782158698898,2.450840218736675,-0.15525163225963512,0,-0.8400000000000034,-4.590000000000003,-5.650000000000006,203.26999999999998,204.204,1.607264757282706,1.7211711129348055,0.010497782158698898,-0.004080244814688938,-0.009277603285817726
2015-12-16,206.37,208.39,204.8,208.03,176.8,197017000.0,176.40500000000003,206.304,0.0146341463414634,53.4364932454613,-0.2873063899384078,0.0726920311471832,0,2.6899999999999977,0.0302013674642969,0.2787532387959728,0,0.0450127539801213,0.3629493383942438,0,0,0,0,0,0,0,0,0,0,0,0,16,2,12,2015,205.958,-0.42018694549017116,207.5685,212.20251888213642,202.93448111786358,0.014632005072428456,2.3982067374509253,0.2787532387959728,0,6.150000000000006,-0.3199999999999932,-0.5,205.32000000000002,204.74200000000002,2.5772659932575794,2.436712949857108,0.014632005072428456,0.030463641767386695,0.01310022401870059
2015-12-17,208.4,208.48,204.84,204.86,174.1,173092500.0,176.2405,206.41300000000004,-0.0152714932126697,46.75212550507416,-0.3585364546811718,-0.0135536660184877,0,-1.009999999999991,0.0098590576753027,-0.1214336833877279,0,0.0390755563374087,0.3138204623940113,0,0,0,0,0,0,0,0,0,0,0,0,17,3,12,2015,205.88299999999998,-0.4023833976341382,207.375,212.12070753418257,202.62929246581743,-0.01523818679998068,2.421909485417448,-0.12143368338772798,0,1.960000000000008,-2.089999999999975,-0.75,205.97333333333336,204.54000000000002,1.783152638821193,2.360497828849096,-0.01523818679998068,0.009659931000492783,-0.004906008646233029
2016-03-02,197.74,199.06,197.25,199.0,170.13,102415000.0,163.49550000000002,193.783,0.0044872173348289,62.017580078361625,1.084595004960363,0.0679010733515471,1,5.800000000000011,0.0201404019260198,-0.277748824574382,0,0.0303456768405312,0.168684466510861,0,0,0,0,0,0,0,0,0,0,0,0,2,2,3,2016,194.56900000000002,1.2004878497236775,191.2405,199.90621976237477,182.57478023762522,0.00449245368734541,2.4523614469864286,-0.277748824574382,0,3.9099999999999966,4.219999999999999,6.1200000000000045,196.89000000000001,196.26,2.9179958875918577,2.24206378143029,0.00449245368734541,0.0200420318827208,0.03002070393374745
2016-03-03,198.79,199.8,198.11,199.78,170.8,95172200.0,163.858,193.7782,0.0039381649326986,63.143569694439165,1.3841855114376074,0.3311579609687592,1,4.240000000000009,0.0319327547596717,-0.0707201093589806,0,0.0318189814407599,0.1538114023676403,0,0,0,0,0,0,0,0,0,0,0,0,3,3,3,2016,195.33800000000002,1.2420109401676587,191.6645,201.09633433908868,182.23266566091132,0.003919597989949786,2.7733285256365976,-0.07072010935898065,0,6.219999999999999,7.460000000000008,7.689999999999998,198.96333333333334,197.108,0.8356035742712381,2.6638261955318683,0.003919597989949786,0.03213473858235183,0.021683543009103134
2016-03-04,200.01,201.35,199.03,200.43,171.35,129293600.0,164.2355,193.7534,0.0032201405152223,64.0987058732859,1.6470078682338851,0.5943279424217844,1,5.340000000000003,0.0116455227827498,0.3585227618989579,0,0.0330284105902013,0.2238795763965367,0,0,0,0,0,0,0,0,0,0,0,0,4,4,3,2016,196.181,1.241196058540162,192.106,202.2817444936482,181.93025550635178,0.003253578936830648,2.9231240898126227,0.35852276189895793,0,2.319999999999993,7.230000000000018,8.430000000000007,199.73666666666668,198.176,0.7159841711479225,2.7223207011669555,0.003253578936830648,0.011710665791731856,0.027371982162079034
2016-03-07,199.34,201.07,199.25,200.59,171.49,100219000.0,164.776,193.6952,0.0008170411438577,64.34365738803913,1.8453215908721745,0.8445266721118625,0,7.030000000000001,0.0079753465917786,-0.2248726928479059,0,0.0333362652827865,0.1641749882899364,0,0,0,0,0,0,0,0,0,0,0,0,7,0,3,2016,196.762,1.1797876815263582,192.738,203.36293595274867,182.11306404725133,0.0007982836900664037,3.179845558793089,-0.2248726928479059,0,1.5900000000000034,5.050000000000011,5.810000000000002,200.26666666666665,199.582,0.4289910643988409,1.0343935421311337,0.0007982836900664037,0.007989949748743674,0.03631948749741687
2016-03-08,199.32,199.92,198.21,198.4,169.62,123974900.0,165.331,193.5428,-0.0109044259140475,58.46381121292491,1.8304924950375607,1.0417198366970022,1,0.28999999999999204,-0.0068672442549674,0.2370398826569812,0,0.0292242061746855,0.2129576447874148,0,0,0,0,0,0,0,0,0,0,0,0,8,1,3,2016,197.37,0.9309591193468079,193.387,203.7265108201506,183.0474891798494,-0.010917792512089353,2.7939975343977124,0.23703988265698128,0,-1.3799999999999955,3.3100000000000023,6.0800000000000125,199.8066666666667,199.64,1.2208330489196144,0.934531968421956,-0.010917792512089353,-0.006907598358193989,0.001463833223966482
2016-03-09,199.36,199.79,198.43,199.38,170.45,94801200.0,165.927,193.4168,0.0048932908855086,60.215823851034976,1.8642247704373744,1.2062208234450766,1,0.37999999999999545,-0.0051940938846811,-0.2353194073961745,0,0.0310493447092971,0.1530495551818648,0,0,0,0,0,0,0,0,0,0,0,0,9,2,3,2016,197.988,0.7778833705922681,194.0845,204.05846104865117,184.11053895134881,0.0049395161290322065,2.428757341156255,-0.23531940739617452,0,-1.0500000000000114,5.819999999999993,6.180000000000007,199.45666666666668,199.716,1.0970110907983566,0.8835326819097525,0.0049395161290322065,-0.005238736716060566,0.0019095477386934512
2016-03-10,199.96,201.07,197.38,199.54,170.59,156838700.0,166.53699999999998,193.3034,0.0008213552361397,60.5087044216297,1.8805765557740983,1.341091969910881,1,-0.2400000000000091,-0.005189779792399,0.6543957249486294,0,0.0313571994018823,0.2804433416712135,0,0,0,0,0,0,0,0,0,0,0,0,10,3,3,2016,198.38799999999998,0.638744676065975,194.798,204.17120564161536,185.42479435838464,0.0008024877119068297,2.307132900857759,0.6543957249486294,1,-1.0500000000000114,1.4299999999999784,4.0,199.10666666666665,199.66799999999998,0.6171979693217072,0.88570311053006,0.0008024877119068297,-0.0052345580537415115,-0.0012013214535989691
2016-03-11,201.26,202.81,199.52,202.76,173.34,137964500.0,167.3875,193.21059999999997,0.0161205228911425,65.94261043357002,2.091329931114558,1.4911395621516166,0,2.329999999999984,0.0218351690127909,-0.1203414718433651,0,0.0374043451490896,0.2416852388308787,0,0,0,0,0,0,0,0,0,0,0,0,11,4,3,2016,199.155,0.7094615603676793,195.793,204.0436002205906,187.5423997794094,0.016137115365340238,2.3631534957430183,-0.12034147184336519,0,4.359999999999985,3.759999999999991,7.6699999999999875,200.56000000000003,200.13400000000001,1.9069347130933407,1.6607167127486813,0.016137115365340238,0.0219758064516129,0.01162500623659124
2016-03-14,202.16,203.04,201.77,202.5,173.12,73612000.0,168.06599999999997,193.142,-0.0012691819545401,65.16293555544684,2.2150674197019384,1.635925133661681,0,1.9099999999999966,0.0156726961727421,-0.4664424543995012,0,0.036920573489313,0.1095376080421492,0,0,0,0,0,0,0,0,0,0,0,0,14,0,3,2016,200.049,0.6843022834805599,196.5865,204.1864007230364,188.9865992769636,-0.0012823042020121411,1.5689023055762066,-0.46644245439950127,0,3.1200000000000045,2.719999999999999,8.939999999999998,201.6,200.516,1.788742575106767,1.9806766520567987,-0.0012823042020121411,0.015648510382184844,0.009521910364424846
2016-03-15,201.36,202.53,201.05,202.17,172.84,93169100.0,168.5955,193.108,-0.0016173752310536,64.12657535040643,2.2644336296242216,1.761626832854189,1,3.769999999999982,0.0132339657055486,0.2656781503015812,0,0.0363048641041428,0.1496980436133898,0,0,0,0,0,0,0,0,0,0,0,0,15,1,3,2016,200.45499999999998,0.5943416772669345,197.206,204.49933778183959,189.9126622181604,-0.0016296296296296475,1.5363611409930285,0.26567815030158126,0,2.6299999999999955,1.7399999999999807,4.059999999999974,202.47666666666666,201.27,0.29569128044673865,1.6664333169986767,-0.0016296296296296475,0.013180314723864939,0.019002016129032073
2016-03-16,201.6,203.82,201.55,203.34,173.84,129303200.0,169.04250000000002,193.15439999999998,0.0057856977551493,66.18027426689153,2.357077427943665,1.8807169518720843,1,3.960000000000008,0.0028991405695555,0.3878335199116445,0,0.0385038261940364,0.2238992899625298,0,0,0,0,0,0,0,0,0,0,0,0,16,2,3,2016,200.88899999999998,0.5628526076934426,197.72899999999998,205.20435925558152,190.25364074441845,0.005787208784686193,1.6854372990077977,0.3878335199116445,0,0.5800000000000125,2.75,4.340000000000003,202.67,202.06199999999998,0.6032412452732009,1.473472089998151,0.005787208784686193,0.0028605247583350923,0.019861570869696088
2016-03-17,203.24,205.23,202.77,204.63,174.94,134278500.0,169.5785,193.21980000000002,0.0063276576161988,68.33286395394349,2.490549606935332,2.002683482884734,0,5.090000000000003,0.0104959801402945,0.0384777793589021,0,0.0409226844929193,0.2341160508881064,0,0,0,0,0,0,0,0,0,0,0,0,17,3,3,2016,201.374,0.576038338276168,198.356,205.93713289687022,190.77486710312976,0.00634405429330176,1.9994232501726812,0.038477779358902175,0,2.1299999999999955,6.22999999999999,4.849999999999994,203.38,203.08,1.2304877081865668,0.9665660867234651,0.00634405429330176,0.010518518518518594,0.02550866994086398
2016-05-27,209.53,210.25,209.47,210.24,180.67,64211200.0,177.458,206.476,0.0043359831007838,62.39238215330363,0.5764799489629695,0.2237702483315461,0,4.75,0.0113877862125659,0.1615482437812836,0,0.0535227372680094,0.0902330985433933,0,0,0,0,0,0,0,0,0,0,0,0,27,4,5,2016,206.817,0.41975689530110505,206.50799999999998,209.9608863288565,203.05511367114346,0.004299226139294898,2.209997737554695,0.16154824378128363,0,2.3700000000000045,5.3300000000000125,5.480000000000018,209.62,208.388,0.537773186383864,1.9684943484821367,0.004299226139294898,0.011401356617116498,0.02311548007202302
2016-05-31,210.56,210.69,209.18,209.84,180.32,109879400.0,177.5385,206.58520000000001,-0.0019372336303757,60.668786411514695,0.6981410306559042,0.3186444047964178,1,4.6299999999999955,0.0026767743814399,0.7112186036080932,0,0.0527531005365466,0.1840125854690894,0,0,0,0,0,0,0,0,0,0,0,0,31,1,5,2016,207.123,0.45045337624687765,206.6015,210.30020396220138,202.9027960377986,-0.0019025875190259445,2.4073408566293266,0.7112186036080932,1,0.5600000000000023,5.640000000000015,3.0600000000000023,209.8066666666667,209.314,0.45092497527488495,0.8973739465834183,-0.0019025875190259445,0.0026758409785931914,0.02256225330149597
2016-06-01,209.12,210.48,208.89,210.27,180.69,69936200.0,177.71499999999995,206.6972,0.0020519077196095,61.887670716163846,0.8150191883280797,0.4179193615027502,1,2.4000000000000057,0.0044506571900175,-0.3635185485177385,0,0.0535667165098073,0.1019893657632445,0,0,0,0,0,0,0,0,0,0,0,0,1,2,6,2016,207.66500000000002,0.4704041619387176,206.80700000000002,210.82745818284488,202.78654181715515,0.002049180327868827,2.448515423225776,-0.36351854851773857,0,0.9300000000000068,4.780000000000001,5.420000000000016,210.11666666666667,209.794,0.24006943438605216,0.473793203842133,0.002049180327868827,0.004442533677271543,0.011545677586953351
2016-06-02,209.8,210.93,209.24,210.91,181.24,63044700.0,177.9685,206.82420000000002,0.0030438873208258,63.69123970921475,0.9411770703979982,0.5225709032817998,0,1.6299999999999955,0.0031585614100595,-0.0985398120000801,0,0.0547761456592488,0.0878376949255843,0,0,0,0,0,0,0,0,0,0,0,0,2,3,6,2016,208.26500000000001,0.4949034640347014,207.102,211.40746908013566,202.79653091986435,0.00304370571170387,2.4334942869135876,-0.09853981200008011,0,0.6699999999999875,5.699999999999989,6.0,210.34,210.11999999999998,0.5384236250323227,0.580473944296547,0.00304370571170387,0.0031868340943683737,0.007788608562691035
2016-06-03,210.25,210.69,208.86,210.28,180.7,101757100.0,178.1965,206.96559999999997,-0.0029794747296403,60.64871488789127,0.986216128197526,0.615299948264945,1,0.9399999999999977,0.002116320310795,0.6140468588160464,0,0.0535887061307062,0.1673334711913955,0,0,0,0,0,0,0,0,0,0,0,0,3,4,6,2016,208.873,0.43879297604271006,207.3675,211.76817665251653,202.96682334748348,-0.0029870560902754972,2.0313216824949936,0.6140468588160464,1,0.4399999999999977,2.4099999999999966,6.0800000000000125,210.48666666666668,210.308,0.3666515148287028,0.3834970664911405,-0.0029870560902754972,0.0020968356843309444,0.004490302856597017
2016-06-06,210.7,211.77,210.51,211.35,181.62,64887000.0,178.4385,207.1302,0.0050913115661317,63.81071808716046,1.0836545224484553,0.7089708631016471,1,1.1099999999999852,0.0051557241573172,-0.3623344218732648,0,0.0556117512534083,0.0916208514494502,0,0,0,0,0,0,0,0,0,0,0,0,6,0,6,2016,209.459,0.44258916833236195,207.64899999999997,212.30498496561185,202.9930150343881,0.005088453490583955,1.7761784820215594,-0.3623344218732648,0,1.079999999999984,2.069999999999993,5.859999999999985,210.84666666666666,210.53000000000003,0.5378041774902037,0.596447818344112,0.005088453490583955,0.0051362533885004336,0.005279680365296802
2016-06-07,211.53,212.34,211.5,211.68,181.9,60974800.0,178.687,207.299,0.0015416804316705,64.75143651850644,1.1699819877738378,0.8011730880360852,1,1.8400000000000034,0.0036535172681619,-0.0602925085148026,0,0.0562274606385785,0.0835871626079651,0,0,0,0,0,0,0,0,0,0,0,0,7,1,6,2016,210.106,0.4355008830982916,207.93850000000003,212.83481810649636,203.0421818935037,0.0015613910574876488,1.1098568476242803,-0.06029250851480261,0,0.7700000000000102,2.3400000000000034,6.469999999999999,211.10333333333335,210.898,0.7318697516127518,0.6309278881201033,0.0015613910574876488,0.0036508463325588547,0.008768585589020272
2016-06-08,211.84,212.52,211.69,212.37,182.5,66170900.0,178.8555,207.44400000000002,0.0032985156679494,66.70054769664415,1.2721475861025908,0.8953679876493863,0,2.0999999999999943,0.0099315076657517,0.0852171716840399,0,0.0575468378925146,0.0942573355513833,0,0,0,0,0,0,0,0,0,0,0,0,8,2,6,2016,210.55599999999998,0.44394376221353515,208.13450000000003,213.39715892871692,202.87184107128314,0.0032596371882085418,1.010337677322984,0.08521717168403997,0,2.0900000000000034,2.1299999999999955,4.5,211.79999999999998,211.31800000000004,0.5204805471790567,0.7878261229535237,0.0032596371882085418,0.009939128780673379,0.00998715936652883
2016-06-09,211.51,212.22,211.19,212.08,182.25,73786900.0,179.0955,207.5652,-0.0013698630136986,65.07191785911616,1.3177514299658242,0.979844676112674,0,1.170000000000016,0.0034703330859213,0.1150959107402196,0,0.0569970973700413,0.1098967645725862,0,0,0,0,0,0,0,0,0,0,0,0,9,3,6,2016,210.836,0.39812553640388115,208.41350000000003,213.8873734914139,202.93962650858614,-0.001365541272307702,1.0053987600264849,0.11509591074021963,0,0.7300000000000182,2.240000000000009,2.8000000000000114,212.04333333333332,211.552,0.3464582706834188,0.8097962706805569,-0.001365541272307702,0.003453986278684651,0.005547389881940257
2016-06-10,210.46,210.86,209.43,210.07,180.52,113829200.0,179.2465,207.65619999999998,-0.0094924554183812,55.04058246595427,1.2004581289473606,1.0239673666796114,0,-0.21000000000000796,-0.0075638027641304,0.5426749192607361,0,0.0531928929545254,0.1921234857773808,0,0,0,0,0,0,0,0,0,0,0,0,10,4,6,2016,210.90900000000002,0.21002557795120502,208.589,214.03893541246163,203.13906458753837,-0.009477555639381463,0.9063289812305108,0.5426749192607361,1,-1.6100000000000136,-0.20000000000001705,0.7299999999999898,211.50666666666666,211.51,1.2526106072221372,0.8933924109864129,-0.009477555639381463,-0.007605820105820116,-0.0009986684420772995
2016-06-13,209.36,210.37,208.35,208.45,179.13,117751200.0,179.405,207.6868,-0.0076999778417904,48.54506345958441,0.9839980426343402,1.0159735018705571,0,-2.9000000000000057,-0.0185622962738704,0.0344551310208627,0,0.0501363356495733,0.2001772988841505,0,0,0,0,0,0,0,0,0,0,0,0,13,0,6,2016,210.73000000000002,-0.032983105311491734,208.7735,213.93462884938978,203.61237115061024,-0.007711715142571518,1.1865730300119415,0.03445513102086273,0,-3.920000000000016,-2.460000000000008,-1.7900000000000205,210.20000000000002,210.93,1.8184883832439453,1.646860649844952,-0.007711715142571518,-0.01845835099119464,-0.01372131535367871
2016-06-14,208,208.74,206.92,208.04,178.77,125059300.0,179.459,207.72260000000003,-0.0020097136158097,47.03226775772557,0.7744752052935553,0.967673842555157,0,-3.640000000000015,-0.0192021468759814,0.0620639110259597,0,0.0493447092972117,0.2151844563460536,0,0,0,0,0,0,0,0,0,0,0,0,14,1,6,2016,210.55,-0.22037404840868158,208.83649999999997,213.92906035801275,203.7439396419872,-0.001966898536819417,1.4449759705793601,0.06206391102595976,0,-4.0400000000000205,-2.240000000000009,-1.8000000000000114,208.85333333333332,210.202,1.0734213214425872,1.9992673658136029,-0.001966898536819417,-0.019049415314975615,-0.01719576719576732
2016-06-15,208.04,209.36,207.53,207.75,178.53,109124500.0,179.584,207.7938,-0.0013425071320691,45.94172835244718,0.582347908741184,0.8906086557923625,1,-4.6200000000000045,-0.0110521985896693,-0.1274179529231333,0,0.0488169583956372,0.1824624009932351,0,0,0,0,0,0,0,0,0,0,0,0,15,2,6,2016,210.298,-0.3549211298872781,208.9815,213.7677021478416,204.19529785215843,-0.0013939626994807774,1.6969960387554905,-0.1274179529231333,0,-2.319999999999993,-3.5999999999999943,-2.5200000000000102,208.08,209.27800000000002,0.35171010789398827,1.8049570632030736,-0.0013939626994807774,-0.011043937735040643,-0.02175448509676514
2016-06-16,207.75,208.57,205.59,208.37,179.06,149533100.0,179.7325,207.8328,0.0029686887357867,48.681400616648894,0.4674635834224716,0.8059796413183844,0,-3.710000000000008,-0.0003835320120921,0.3702981456959711,0,0.0499824083032808,0.2654413179504545,0,0,0,0,0,0,0,0,0,0,0,0,16,3,6,2016,210.044,-0.3904105111971754,209.1545,213.5757417938859,204.73325820611413,0.0029843561973526,1.7831196133607787,0.3702981456959711,0,-0.07999999999998408,-3.3100000000000023,-2.539999999999992,208.0533333333333,208.536,0.3102149792130535,0.9016540356512346,0.0029843561973526,-0.0003837850803549703,-0.017493398717465136
2016-06-17,207.17,207.2,205.75,206.52,178.39,117055700.0,179.8785,207.8842,-0.0037417625376969,41.86368835947312,0.3186799828631308,0.7085197096273338,0,-3.549999999999983,-0.0021155809339794,-0.2171920464432289,0,0.0485091037030521,0.1987490920978787,0,0,0,0,0,0,0,0,0,0,0,0,17,4,6,2016,209.66799999999998,-0.5186918381989138,209.2705,213.26703087064308,205.2739691293569,-0.00887843739501848,2.0966841546691954,-0.21719204644322898,0,-1.5199999999999818,-5.849999999999994,-3.759999999999991,207.5466666666667,207.82600000000002,0.9416120928113392,0.7814281796849402,-0.00887843739501848,-0.0073062872524514155,-0.01689912886180789
2016-08-29,217.44,218.67,217.4,218.36,188.62,70502200.0,188.257,214.51080000000002,0.0049549789546592,57.04547183271234,0.7387196512314347,1.0123338128949992,0,-0.1699999999999875,0.0023497665517396,-0.4245014338038125,0,0.0710044858826633,0.1031516447582552,0,0,0,0,0,0,0,0,0,0,0,0,29,0,8,2016,218.24300000000002,-0.30709328021647453,217.94099999999997,219.78111847444734,216.1008815255526,0.00492429472134015,0.5319993734279213,-0.42450143380381256,0,0.5100000000000193,-0.5,-0.7299999999999898,217.78333333333333,218.03400000000002,0.5398456569419977,0.648328620387035,0.00492429472134015,0.002341060362635039,-0.0007779252276575166
2016-08-30,218.26,218.59,217.35,218.0,188.31,58114500.0,188.363,214.71380000000002,-0.0016435160640441,54.71086020076667,0.6802291966781979,0.9459128896516392,0,-0.9699999999999989,0.0013970784184001,-0.1757065736955726,0,0.0703228076347963,0.0777135466902463,0,0,0,0,0,0,0,0,0,0,0,0,30,1,8,2016,218.247,-0.2987261300661974,218.06350000000003,219.54110989439116,216.5858901056089,-0.0016486535995604568,0.5297808771295396,-0.17570657369557263,0,0.30000000000001137,-0.539999999999992,0.03999999999999204,217.88333333333333,217.84,0.5444569159438079,0.3931284777433286,-0.0016486535995604568,0.0013780431786862835,-0.004429830570397808
2016-08-31,217.61,217.75,216.47,217.38,187.77,85269500.0,188.4145,214.8926,-0.0028676119165206,50.85103913021843,0.5835745192170521,0.8734452155647218,1,-0.46999999999999886,0.0004438509740944,0.4672672052585844,0,0.0691353681062538,0.133476242996807,0,0,0,0,0,0,0,0,0,0,0,0,31,2,8,2016,218.148,-0.3271094027202234,218.1235,219.36963442292657,216.87736557707345,-0.0028440366972477538,0.59297367375978,0.46726720525858445,0,0.09000000000000341,-1.1500000000000057,-0.9900000000000091,217.91333333333333,217.746,0.4957149718527903,0.4431478308789328,-0.0028440366972477538,0.00041419301394451935,-0.0021574477851732388
2016-09-01,217.37,217.73,216.03,217.39,187.78,97844200.0,188.457,215.0784,5.325664376631956e-05,50.91119376497325,0.5019952189929313,0.7991552162503637,1,-0.3100000000000023,-0.0044578713367984,0.1474700801576178,0,0.0691573577271527,0.1592983449023901,0,0,0,0,0,0,0,0,0,0,0,0,1,3,9,2016,218.00100000000003,-0.3360885536589634,218.17250000000004,219.2038268153222,217.14117318467788,4.600239212426693e-05,0.5788964597452094,0.14747008015761787,0,-0.9700000000000273,-1.5800000000000125,-1.4700000000000273,217.59,217.68400000000003,0.3551056180715354,0.47194279315680576,4.600239212426693e-05,-0.004442205532148913,-0.0014239779513091078
2016-09-02,218.39,218.87,217.7,218.37,188.63,79293900.0,188.4655,215.2296,0.0045265736500159,56.52669092417409,0.5001653374042974,0.7393572404811505,1,1.0800000000000125,0.0017122183772616,-0.1895901852128179,0,0.0710264755035622,0.1212053695646772,0,0,0,0,0,0,0,0,0,0,0,0,2,4,9,2016,217.984,-0.26976572739666493,218.18200000000002,219.21692221930084,217.1470777806992,0.004508027048162333,0.5636034855138133,-0.1895901852128179,0,0.37000000000000455,0.5200000000000102,-0.1699999999999875,217.71333333333334,217.9,0.5687119950547863,0.4932038118393295,0.004508027048162333,0.0016972477064221003,0.00497031616733401
2016-09-06,218.7,219.12,217.86,219.03,189.2,56702100.0,188.508,215.5454,0.0030217886868473,59.85723770412007,0.5385018650781035,0.6991861654005411,0,0.6699999999999875,0.0076016189806296,-0.2849122063613972,0,0.0722798838948016,0.0748131882935095,0,0,0,0,0,0,0,0,0,0,0,0,6,1,9,2016,218.03399999999996,-0.17952863457336854,218.231,219.32726456660905,217.13473543339094,0.00302239318587727,0.6350712995798015,-0.28491220636139725,0,1.6500000000000057,1.3300000000000125,0.5,218.26333333333332,218.03400000000002,0.825186847519216,0.6979469894003186,0.00302239318587727,0.007590394700524472,0.0030683275325149584
2016-09-07,218.84,219.22,218.3,219.01,189.18,76554900.0,188.544,215.9336,-0.000105708245243,59.70795970209861,0.5608053911464594,0.6715100105497248,0,1.009999999999991,0.0074426540916202,0.3501245985598418,0,0.0722359046530037,0.1155808427672671,0,0,0,0,0,0,0,0,0,0,0,0,7,2,9,2016,218.038,-0.12201974960435902,218.27250000000004,219.41956364252496,217.1254363574751,-9.131169246223703e-05,0.6417129853368846,0.3501245985598418,0,1.6200000000000045,1.7199999999999989,0.03999999999999204,218.80333333333337,218.23600000000002,0.37541088598787736,0.8209628493501726,-9.131169246223703e-05,0.007452044712268346,0.0046330275229358175
2016-09-08,218.62,218.94,218.15,218.51,188.75,74102900.0,188.5815,216.2398,-0.0022729675441378,55.95120143181964,0.5375867247766735,0.6447253533951146,0,1.1299999999999955,0.0006431128974664,-0.0320293018474323,0,0.0712903509543495,0.1105456694531929,0,0,0,0,0,0,0,0,0,0,0,0,8,3,9,2016,218.10399999999998,-0.11839335298777498,218.31599999999997,219.42930858256034,217.2026914174396,-0.0022830007762202342,0.6540506266464642,-0.03202930184743236,0,0.13999999999998636,0.14999999999997726,0.6599999999999966,218.85,218.462,0.2946183972273823,0.6676226479182416,-0.0022830007762202342,0.0006411137060950978,0.005198270310056152
2016-09-09,216.97,217.03,213.25,213.28,184.23,221589100.0,188.3495,216.37220000000002,-0.0239470198675497,32.743801487751384,0.1526993169396178,0.5463201461040152,1,-4.109999999999985,-0.0263256956569306,1.990289178966005,0,0.0613510423080305,0.4134080587004283,0,0,0,0,0,0,0,0,0,0,0,0,9,4,9,2016,217.66199999999998,-0.45031726535379013,218.04749999999999,220.49720100216382,215.59779899783615,-0.023934831357832587,1.6668053275636212,1.9902891789660053,1,-5.75,-4.719999999999999,-4.4199999999999875,216.9333333333333,217.64000000000001,3.1737412202824267,2.455015274904125,-0.023934831357832587,-0.026252111582888205,-0.018906113436680583
2016-09-12,212.39,216.81,212.31,216.34,186.87,168110900.0,188.2575,216.5094,0.014329913694838,46.67916833213873,0.0600074809767932,0.4490576130785708,0,-2.030000000000001,-0.0118900737168495,-0.2413394882690529,0,0.0671563022253496,0.3035907644407518,0,0,0,0,0,0,0,0,0,0,0,0,12,0,9,2016,217.567,-0.4450828135498579,217.9415,220.4920236717197,215.3909763282803,0.014347336834208635,1.7166896438575656,-0.24133948826905294,0,-2.6699999999999875,-1.039999999999992,-0.9499999999999886,216.04333333333332,217.234,2.6275907849816686,2.4719081698178402,0.014347336834208635,-0.012191224145016166,-0.009296148738379806
2016-09-13,214.84,215.15,212.5,213.23,184.19,182828800.0,188.0045,216.57559999999998,-0.014341520843367,38.05007360186269,-0.2270873475521853,0.3138286209524196,0,-5.800000000000011,-0.0239586270160787,0.0875487550182647,0,0.0612630838244348,0.3338139199542974,0,0,0,0,0,0,0,0,0,0,0,0,13,1,9,2016,217.054,-0.6215389815321359,217.6485,220.86371554487448,214.43328445512554,-0.014375520014791587,2.1621039136285485,0.08754875501826476,0,-5.280000000000001,-4.159999999999997,-5.130000000000024,214.28333333333333,216.074,1.7813010226579422,2.7622327925088204,-0.014375520014791587,-0.024163653837352972,-0.02648039081404374
2016-09-14,213.29,214.7,212.5,213.15,184.12,134185500.0,187.797,216.67039999999997,-0.0003800423475758,37.856211215528745,-0.4550153488492299,0.1600598269920897,1,-5.859999999999985,-0.0003916494961048,-0.2660592860643399,0,0.0611091564781423,0.2339250757175481,0,0,0,0,0,0,0,0,0,0,0,0,14,2,9,2016,216.56900000000002,-0.7078410517277086,217.408,221.16754039744254,213.64845960255744,-0.00037518172864969834,2.450992769379411,-0.26605928606433993,0,-0.12999999999999545,-5.219999999999999,-4.849999999999994,214.24,214.902,1.819093180677928,2.4280383028300765,-0.00037518172864969834,-0.0006095273818453872,-0.026756769097301403
2016-09-15,212.96,215.73,212.75,215.28,185.96,134427900.0,187.6635,216.78279999999998,0.0099934825114056,45.77743704028104,-0.4816254313600439,0.031722775321663,0,-3.2299999999999898,-0.0047280806795372,0.0018064544976916,0,0.0651552467235465,0.2344228432588742,0,0,0,0,0,0,0,0,0,0,0,0,15,3,9,2016,216.35899999999998,-0.5904618329031991,217.25350000000003,221.095277062767,213.41172293723307,0.009992962702322306,2.4637164789974335,0.0018064544976916785,0,-1.0600000000000023,-3.75,-2.0999999999999943,213.88666666666666,214.256,1.2073248665220966,1.4680020435984964,0.009992962702322306,-0.004899694924655695,-0.014781932177017065
2016-09-16,213.48,213.69,212.57,213.37,185.24,155236400.0,187.473,216.85960000000003,-0.00387180038718,40.76015061931856,-0.5544210751350533,-0.0855059947696802,0,0.09000000000000341,0.0057416397766497,0.1547930154380155,0,0.0635719940188231,0.2771530242971755,0,0,0,0,0,0,0,0,0,0,0,0,16,4,9,2016,215.95700000000002,-0.6080499205619595,216.97899999999998,221.0970087420988,212.86099125790116,-0.008872166480862087,2.6009444865696167,0.1547930154380155,0,0.14000000000001478,-5.639999999999986,-4.019999999999982,213.9333333333333,214.27399999999997,1.1714236352927727,1.4535233056299366,-0.008872166480862087,0.0006565680251371386,0.0004219804951237638
2016-11-28,221.16,221.48,220.36,220.48,191.41,76572500.0,187.578,215.15199999999996,-0.004731697171381,65.11292211229144,1.6605183117639513,1.1626053943798922,1,1.9799999999999898,-0.0004516751498718,1.0218603042329089,0,0.0771395901134664,0.1156169843049212,0,0,0,0,0,0,0,0,0,0,0,0,28,0,11,2016,219.36599999999999,0.5831990477120692,216.06349999999998,224.20555692684604,207.9214430731539,-0.0046948356807512415,1.5550505529459833,1.0218603042329089,1,-0.10000000000002274,2.609999999999985,4.060000000000002,220.89999999999998,220.686,0.5480875842265964,0.5090972402349028,-0.0046948356807512415,-0.00045335025840975707,0.009061784897025138
2016-11-29,220.52,221.44,220.17,220.91,191.79,69886700.0,187.941,215.30200000000002,0.0019852672274176,66.31817149935158,1.6827586569955315,1.2666360469030202,0,0.7599999999999909,0.0010113988660575,-0.0873133305037708,0,0.0779751957076259,0.1018877176885925,0,0,0,0,0,0,0,0,0,0,0,0,29,1,11,2016,219.798,0.48801820873170354,216.4815,224.71697029622484,208.24602970377518,0.00195029027576199,1.2725809295355857,-0.08731333050377088,0,0.21000000000000796,1.9199999999999875,4.319999999999993,220.97000000000003,220.83800000000002,0.5225897052021741,0.4135456444153545,0.00195029027576199,0.0009515178975985084,0.003452191687485673
2016-11-30,221.63,221.82,220.31,220.38,191.33,113291800.0,188.348,215.44119999999998,-0.002398456645289,63.4103703008275,1.6443115353736175,1.3421711445971396,0,-0.20000000000001705,-0.0051448865892523,0.6210781164370331,0,0.0769636731462749,0.191019936781058,0,0,0,0,0,0,0,0,0,0,0,0,30,2,11,2016,220.00799999999998,0.35591879475297294,216.95,224.94982499808597,208.950175001914,-0.0023991670816169153,1.162782104359058,0.6210781164370331,1,-1.1400000000000148,1.8799999999999955,2.0999999999999943,220.59,220.798,0.28160255677735957,0.45257043652329476,-0.0023991670816169153,-0.005146262188515771,-0.0009067005168194031
2016-12-01,220.73,220.73,219.15,219.57,190.62,79040500.0,188.7745,215.5162,-0.0037108660429624,59.142367406579766,1.538812377004632,1.3814993910786382,1,-1.1299999999999955,-0.0041240554608338,-0.3023281473151631,0,0.0754024100624505,0.1206850135623173,0,0,0,0,0,0,0,0,0,0,0,0,1,3,12,2016,220.17800000000003,0.18892424596445423,217.4415,224.79044352951502,210.09255647048496,-0.00367546964334331,0.9128928378121998,-0.3023281473151631,0,-0.9099999999999966,-0.5800000000000125,1.6999999999999886,220.28666666666663,220.57199999999997,0.6748580097450805,0.7180320327218906,-0.00367546964334331,-0.004127358490566002,-0.005120072496601735
2016-12-02,219.67,220.25,219.26,219.68,190.72,74840300.0,189.248,215.56619999999998,0.0005246039240374,59.54063577923236,1.446597225838019,1.3945189580305144,1,-1.8400000000000034,-0.005584718764214,-0.0531398460283019,0,0.0756223062714398,0.1120599177410389,0,0,0,0,0,0,0,0,0,0,0,0,2,4,12,2016,220.24699999999999,0.06709388704142327,217.98649999999998,224.21680745629783,211.75619254370213,0.0005009791865919766,0.8359565379425047,-0.05313984602830191,0,-1.2299999999999898,-0.9000000000000057,0.6899999999999977,219.87666666666667,220.204,0.4393555886948144,0.5661536893940204,0.0005009791865919766,-0.0055678783214883065,-0.008306247742867479
2016-12-05,220.65,221.4,220.42,221.0,191.86,67837800.0,189.7885,215.66639999999998,0.0059773489932886,64.06711598683471,1.448803620498495,1.4053758905241107,1,0.5200000000000102,0.0027910868743635,-0.0935658996556667,0,0.0781291230539185,0.0976803087965833,0,0,0,0,0,0,0,0,0,0,0,0,5,0,12,2016,220.49699999999999,0.057024568759322714,218.60899999999998,223.22131351926558,213.99668648073438,0.006008739985433387,0.5943633381806704,-0.09356589965566675,0,0.6200000000000045,0.30000000000001137,2.5,220.08333333333334,220.308,0.7957595951776024,0.6681092725105214,0.006008739985433387,0.002813322443052879,0.002358490566037874
2016-12-06,221.22,221.74,220.66,221.7,192.47,59877400.0,190.1595,215.81560000000002,0.0031794016470341,66.22508231168761,1.4826826633749022,1.420837245094269,1,0.789999999999992,0.0096813545643601,-0.1173446072838446,0,0.0794704899287536,0.0813336555953774,0,0,0,0,0,0,0,0,0,0,0,0,6,1,12,2016,220.652,0.07783583378887204,219.03650000000002,223.09767359885046,214.97532640114957,0.0031674208144796268,0.6884733513732041,-0.11734460728384466,0,2.1299999999999955,0.1799999999999784,1.549999999999983,220.79333333333332,220.46599999999998,1.0257355084604813,0.8994331548340058,0.0031674208144796268,0.009700778794917264,0.003576116970712029
2016-12-07,221.52,224.67,221.38,224.6,194.99,110738100.0,190.615,215.9962,0.0130929495505793,73.36236492656984,1.69335504553311,1.4753408051820374,1,4.219999999999999,0.0222497001909021,0.8494139692104199,0,0.0850118743952854,0.1857759228772442,0,0,0,0,0,0,0,0,0,0,0,0,7,2,12,2016,221.054,0.2571329460690357,219.56099999999998,223.65112909331714,215.47087090668282,0.013080739738385194,1.4232763454617825,0.8494139692104199,1,4.9199999999999875,4.1200000000000045,4.019999999999982,222.4333333333333,221.31,1.9087517736247162,2.04675352693364,0.013080739738385194,0.022396212672978866,0.019148743080134256
2016-12-08,224.57,225.7,224.26,225.15,195.47,99714400.0,190.996,216.16640000000004,0.0024616647007538,74.46449394804714,1.877404860095396,1.5557536161647092,1,5.5800000000000125,0.0187340158983673,-0.0995474908816387,0,0.0860673761984343,0.1631387939774234,0,0,0,0,0,0,0,0,0,0,0,0,8,3,12,2016,221.49899999999997,0.37580929815648045,219.99950000000004,224.49212273065515,215.50687726934493,0.0024487978628673357,1.9120405039863528,-0.09954749088163872,0,4.150000000000006,4.240000000000009,4.450000000000017,223.8166666666667,222.42600000000002,1.853600100699867,2.3583638396176663,0.0024487978628673357,0.01877828054298636,0.02541330782893847
2016-12-09,225.41,226.53,225.37,226.51,196.65,88005800.0,191.4125,216.403,0.0060367319793319,76.99874275603605,2.094339559708658,1.663470804873499,0,6.829999999999984,0.0215913462306651,-0.1174213553909967,0,0.0886621514645087,0.1390952253537815,0,0,0,0,0,0,0,0,0,0,0,0,9,4,12,2016,221.998,0.501104283977984,220.47899999999998,225.56276199285514,215.39523800714483,0.006040417499444839,2.483786535826106,-0.11742135539099674,0,4.810000000000002,6.1299999999999955,4.989999999999981,225.42,223.792,0.983209031681516,2.348205697978206,0.006040417499444839,0.021695985566080322,0.031090677348871054
2016-12-12,226.4,226.96,225.76,226.25,196.42,102016100.0,191.839,216.60199999999998,-0.0011695906432749,75.45695991193111,2.222087947614085,1.7751942334216164,1,5.25,0.0073288060368108,0.1591974619854601,0,0.0881563901838332,0.167865326773918,0,0,0,0,0,0,0,0,0,0,0,0,12,0,12,2016,222.575,0.5194527975920464,220.9705,226.28502152126586,215.6559784787341,-0.0011478521919561224,2.74810338637718,0.15919746198546014,0,1.6500000000000057,6.680000000000007,5.77000000000001,225.97,224.842,0.7219418258971702,1.9229066540053865,-0.0011478521919561224,0.007346393588602007,0.0237556561085972
2016-12-13,227.02,228.34,227.0,227.76,197.73,110477500.0,192.3235,216.8416,0.0066693819366663,78.18853248914674,2.401354200843514,1.900426226905996,0,6.060000000000002,0.0115365232727233,0.0829418101652581,0,0.0910370305215937,0.1852407817003895,0,0,0,0,0,0,0,0,0,0,0,0,13,1,12,2016,223.26,0.5815808018778692,221.529,227.21918066496994,215.83881933503005,0.0066740331491712546,3.116058764243339,0.08294181016525815,0,2.609999999999985,8.079999999999984,6.849999999999994,226.84,226.054,0.8072793816140383,1.2337057996212613,0.0066740331491712546,0.011592271818787303,0.02733423545331526
2016-12-14,227.41,228.23,225.37,225.88,196.1,142501800.0,192.6535,217.06560000000002,-0.0082435644565821,68.03570794717491,2.3844106191760943,1.997223105360016,1,1.2800000000000011,-0.0027437731631907,0.2898716933312213,0,0.0874527223150672,0.2510025683080195,0,0,0,0,0,0,0,0,0,0,0,0,14,2,12,2016,223.81,0.4502246694897445,221.90900000000002,227.6948098828079,216.12319011719214,-0.00825430277485073,3.035592565252745,0.2898716933312213,0,-0.6299999999999955,4.8799999999999955,5.5,226.63,226.31,0.9959417653554266,0.9587231091505664,-0.00825430277485073,-0.0027813341574323136,0.0056990204808549105
2016-12-15,226.16,227.81,225.89,226.81,196.91,124972600.0,193.0415,217.2892,0.0041305456399796,70.1037987798613,2.4085783472807805,2.079494153744169,0,1.6599999999999966,0.0025563631200637,-0.1230103760092855,0,0.089233881607881,0.2150064182031782,0,0,0,0,0,0,0,0,0,0,0,0,15,3,12,2016,224.53400000000002,0.3827838163952393,222.356,228.20558254920786,216.50641745079213,0.004117230387816528,2.7631310742215787,-0.12301037600928555,0,0.5600000000000023,5.110000000000014,7.240000000000009,226.8166666666667,226.642,0.9400177303181532,0.7123692862691265,0.004117230387816528,0.0024751381215468715,0.007372862536086933
2016-12-16,226.01,226.08,224.67,225.04,196.52,156420200.0,193.3615,217.47440000000003,-0.0019806002742368,61.89574296569952,2.36895387958748,2.137386098912831,0,-1.4699999999999989,-0.0060936190908393,0.2516359586021255,0,0.0883762863928225,0.2795839534037012,0,0,0,0,0,0,0,0,0,0,0,0,16,4,12,2016,225.07,0.1857590490227552,222.6585,228.40535748909758,216.91164251090242,-0.007803888717428764,2.1739825206278938,0.2516359586021255,0,-2.719999999999999,0.4399999999999977,5.359999999999985,225.91,226.348,0.8853812737910096,1.0181699268881272,-0.007803888717428764,-0.011942395504039305,-0.006489779700675435
2017-03-02,239.56,239.57,238.21,238.27,208.08,70246000.0,204.134,229.42899999999997,-0.0062562682076506,72.06819368168594,2.4327928459460395,2.19323300111238,1,1.8300000000000125,0.0050343590894399,-0.5290503639759665,0,0.1137962881519922,0.102625538965814,0,0,0,0,0,0,0,0,0,0,0,0,2,3,3,2017,236.73900000000003,0.285899794143035,233.75550000000004,240.7909657983675,226.7200342016326,-0.006297439319376097,1.4514088940659746,-0.5290503639759665,1,1.1599999999999966,1.7800000000000011,3.3500000000000227,238.17333333333332,237.67399999999998,1.6571159685743386,1.3629490085943285,-0.006297439319376097,0.004892244106110999,0.007739807139232058
2017-03-03,238.17,238.61,237.73,238.42,208.21,81974300.0,204.599,229.6868,0.0006247597078046,72.42809672011701,2.4141629565451126,2.2374189921989265,0,1.6799999999999784,0.0083636488851418,0.1669603963214987,0,0.1140821532236784,0.126709561469671,0,0,0,0,0,0,0,0,0,0,0,0,3,4,3,2017,237.10899999999998,0.21287867704206764,234.28799999999995,241.03706097172025,227.53893902827966,0.0006295379191672001,1.3474127471221058,0.16696039632149873,0,1.9499999999999886,2.1399999999999864,3.6999999999999886,238.82333333333335,238.01,0.8318854087574779,1.2796679256856254,0.0006295379191672001,0.008246289169873577,0.007096392667060858
2017-03-06,237.5,238.12,237.01,237.71,207.59,55391500.0,204.9645,229.91300000000004,-0.0029777628355986,67.96415818328887,2.322596371327336,2.2544544680246084,0,0.5999999999999943,-0.0086092713354447,-0.3242821225676828,0,0.1127187967279443,0.072121875836158,0,0,0,0,0,0,0,0,0,0,0,0,6,0,3,2017,237.371,0.08759176967033477,234.7065,241.2099399359107,228.2030600640893,-0.0029779380924418453,1.1517180403382028,-0.32428212256768285,0,-2.069999999999993,1.2700000000000102,2.6200000000000045,238.13333333333335,238.13000000000002,0.37421027952756714,1.1998124853612178,-0.0029779380924418453,-0.00863291350404538,0.0025304710893678806
2017-03-07,237.36,237.77,236.76,237.0,206.97,65103700.0,205.317,230.13760000000002,-0.0029866563899995,63.73390514180324,2.1749291450589965,2.238549403431486,0,0.5300000000000011,-0.0053396595177935,0.1753373712573229,0,0.1113554402322103,0.0920658441318155,0,0,0,0,0,0,0,0,0,0,0,0,7,1,3,2017,237.42199999999997,-0.06408621513634616,235.10999999999999,241.11182638869187,229.1081736113081,-0.0029868326953009783,1.119204082271774,0.17533737125732296,0,-1.2700000000000102,0.2599999999999909,0.5099999999999909,237.71,238.23599999999996,0.7099999999796276,1.0275358874651297,-0.0029868326953009783,-0.005330087715616827,0.002241299107709205
2017-03-08,237.34,237.64,236.4,236.56,206.58,78168800.0,205.6495,230.3612,-0.0018843310624727,61.1919959325761,2.003338820830976,2.191507286911384,1,-3.219999999999999,-0.0078487502880709,0.2006813744840923,0,0.1104978450171519,0.1188949807002135,0,0,0,0,0,0,0,0,0,0,0,0,8,2,3,2017,237.45,-0.2069775707211905,235.49099999999999,240.80588438256166,230.1761156174383,-0.0018565400843881807,1.0905961672388296,0.2006813744840923,0,-1.8599999999999852,-0.5500000000000114,0.28000000000000114,237.09,237.592,0.58025856303162,0.8022904711064357,-0.0018565400843881807,-0.007801358946397108,-0.013428976561848383
2017-03-09,236.7,237.24,235.74,236.86,206.84,90683900.0,205.98200000000003,230.5842,0.0012585923129053,62.29614700841788,1.8668126258280608,2.12656835469472,1,-1.4099999999999966,-0.0036123951395669,0.1601035195627922,0,0.1110695751605242,0.1445946942169227,0,0,0,0,0,0,0,0,0,0,0,0,9,3,3,2017,237.49200000000002,-0.28917422138256166,235.87199999999999,240.3694641743985,231.37453582560147,0.001268177206628307,1.054880719953378,0.16010351956279223,0,-0.8499999999999943,0.3900000000000148,0.4200000000000159,236.8066666666667,237.31,0.2247962039382418,0.7505331438570395,0.001268177206628307,-0.0035757856211349193,-0.005917656440172947
2017-03-10,237.97,238.02,236.59,237.69,207.57,81991700.0,206.2915,230.81259999999997,0.003529298008122,65.24257797956625,1.7968070585086195,2.0606160954575,1,-0.7299999999999898,0.0029035592585546,-0.0958516340827865,0,0.1126748174861465,0.1267452923080335,0,0,0,0,0,0,0,0,0,0,0,0,10,4,3,2017,237.587,-0.29453727423070486,236.22650000000004,240.07704944131333,232.37595055868675,0.0035041796842014694,1.021894210656761,-0.09585163408278652,0,0.6899999999999977,-2.0900000000000034,0.9499999999999886,237.03666666666666,237.16400000000004,0.5853488987816465,0.5145191930606835,0.0035041796842014694,0.002911392405063218,-0.003061823672510622
2017-03-13,237.62,237.86,237.24,237.81,207.67,57256800.0,206.5665,231.0808,0.0004817651876474,65.66040216881431,1.7294601660673834,1.9943849095794768,0,0.09999999999999432,0.0052696555086748,-0.301675657414104,0,0.1128947136951358,0.0759522627785491,0,0,0,0,0,0,0,0,0,0,0,0,13,0,3,2017,237.657,-0.29610060767514534,236.54149999999998,239.77913046069156,233.3038695393084,0.0005048592704783861,1.0094888695641018,-0.30167565741410407,0,1.25,-0.46000000000000796,0.6999999999999886,237.45333333333335,237.18400000000003,0.5173329037521386,0.5422453319557824,0.0005048592704783861,0.005284071694284798,0.00042068066131006887
2017-03-14,237.18,237.24,236.19,236.9,206.88,59880800.0,206.747,231.33180000000002,-0.0038041122935426,59.79059632096276,1.5939666159658827,1.9143012508567576,1,-0.09999999999999432,0.0002069509022268,0.0458286177362339,0,0.1111575336441199,0.0813406374833333,0,0,0,0,0,0,0,0,0,0,0,0,14,1,3,2017,237.7,-0.36025771864004996,236.748,239.48525117590583,234.01074882409415,-0.0038265842479290324,0.9613185389502092,0.04582861773623392,0,0.03999999999999204,-1.5199999999999818,0.4300000000000068,237.46666666666667,237.164,0.49440199565193094,0.5524762438583368,-0.0038265842479290324,0.00016887612935900798,-0.00042194092826997043
2017-03-15,237.56,239.44,237.29,238.95,208.67,96081800.0,206.976,231.6402,0.008652358855375,66.95693969163365,1.6124378617158186,1.8539285730285704,0,2.3899999999999864,0.0053300117494798,0.6045510414022526,0,0.1150936757850294,0.1556792627454878,0,0,0,0,0,0,0,0,0,0,0,0,15,2,3,2017,237.61700000000002,-0.2705627898266645,237.0105,239.52617466100008,234.49482533899993,0.008653440270156132,0.7806272406756719,0.6045510414022526,1,1.259999999999991,1.2399999999999807,-0.8300000000000125,237.88666666666666,237.642,1.0271481554792152,0.8519800467313053,0.008653440270156132,0.005301022340022721,0.010103145079472409
2017-03-16,239.11,239.2,238.1,238.48,208.26,78344000.0,207.1315,231.905,-0.0019648248430536,64.13471348675068,1.5758277224975077,1.7983084029223575,0,1.6199999999999761,0.0028834217187788,-0.1846114456640071,0,0.114192101328173,0.1192547532795878,0,0,0,0,0,0,0,0,0,0,0,0,16,3,3,2017,237.63799999999998,-0.2493421849650943,237.18849999999998,239.58844395767852,234.78855604232143,-0.00196693869010256,0.8026594684037841,-0.1846114456640071,0,0.6699999999999875,1.4799999999999898,0.20999999999997954,238.10999999999999,237.96599999999998,1.0739180601753973,0.7857035064377718,-0.00196693869010256,0.0028173752155080667,0.006839483239044153
2017-03-17,237.75,237.97,237.03,237.03,207.89,89002100.0,207.277,232.11399999999998,-0.0017766253721309,56.25656339776504,1.4996707447909046,1.738580871296067,0,-0.6599999999999966,0.0049109086401905,0.1360423261513326,0,0.1133784853549124,0.1411411238745042,0,0,0,0,0,0,0,0,0,0,0,0,17,4,3,2017,237.49900000000002,-0.33412538822568094,237.304,239.42359807510712,235.18440192489288,-0.0060801744381079326,0.7719592677772112,0.1360423261513326,0,0.12999999999999545,0.46999999999999886,-1.3899999999999864,238.15333333333334,237.834,1.0008163334519455,0.8919248847456105,-0.0060801744381079326,0.0005487547488391975,-0.0027767259876309014
2017-05-30,241.34,241.79,241.16,241.5,211.81,35201900.0,210.0365,237.06220000000002,-0.0008962264150943,62.28565259507965,0.9697560614050076,0.8049989434724989,0,1.9799999999999898,0.0037011793096304,-0.2450788013699364,0,0.1219984167472952,0.0306626037554753,0,0,0,0,0,0,0,0,0,0,0,0,30,1,5,2017,239.613,0.1971929312728159,239.4735,242.3548974040382,236.5921025959618,-0.0008688097306690512,2.058770129091848,-0.24507880136993643,0,0.8899999999999864,4.72999999999999,1.1999999999999886,241.65666666666667,241.12600000000003,0.13796134713339958,0.7594274159062661,-0.0008688097306690512,0.0036989318814679706,0.008266533066132231
2017-05-31,241.84,241.88,240.64,241.44,211.76,91796000.0,210.1535,237.15560000000002,-0.0002360606203674,61.931972837993364,0.9934674738275362,0.8426926495435064,1,1.3899999999999864,-0.0013209306876028,1.607700152548584,0,0.1218884686428005,0.1468783876274374,0,0,0,0,0,0,0,0,0,0,0,0,31,2,5,2017,239.74899999999997,0.18058299061613592,239.60699999999997,242.5912258627654,236.62277413723453,-0.0002484472049689712,2.136499993498397,1.607700152548584,1,-0.3199999999999932,3.1299999999999955,1.3599999999999852,241.54999999999998,241.404,0.14177446868030427,0.46403663651728266,-0.0002484472049689712,-0.001323626737260053,0.005790460320766355
2017-06-01,241.97,243.38,241.64,243.36,213.45,68962000.0,210.3675,237.3482,0.0079807329051757,68.16215218364046,1.1355380394140582,0.9012617275176168,1,2.75,0.006848445869714,-0.2487472221011808,0,0.1256047145747206,0.0999888495142351,0,0,0,0,0,0,0,0,0,0,0,0,1,3,6,2017,240.503,0.2747210406882046,239.85100000000003,243.2021842682846,236.49981573171544,0.007952286282306265,1.9148196897987395,-0.24874722210118083,0,1.6500000000000057,3.8400000000000034,7.5400000000000205,242.1,241.954,1.091604323905572,0.7975462369234165,0.007952286282306265,0.006826362169542133,0.011429283903412246
2017-06-02,243.42,244.35,243.08,244.17,214.16,88666100.0,210.605,237.546,0.0033263059264465,70.36560954253737,1.2905444592962567,0.9791182738733448,0,2.4099999999999966,0.0110709782112549,0.2857240219251182,0,0.1271659776585451,0.1404511490647453,0,0,0,0,0,0,0,0,0,0,0,0,2,4,6,2017,241.243,0.36187516200375147,240.12150000000003,243.9202433448442,236.32275665515584,0.003328402366863825,1.7331541574049028,0.28572402192511825,0,2.6699999999999875,4.119999999999976,7.399999999999977,242.99,242.436,1.402105559495738,1.250571869198669,0.003328402366863825,0.011055900621117942,0.00996856386499001
2017-06-05,243.97,244.3,243.76,243.99,214.0,44698800.0,210.79300000000003,237.7452,-0.000747104968248,69.21914832239923,1.3845176434285236,1.0601981477843807,0,2.280000000000001,0.0105599338633742,-0.4958749736370496,0,0.1268141437241621,0.0501644542638081,0,0,0,0,0,0,0,0,0,0,0,0,5,0,6,2017,241.811,0.3760788551476333,240.336,244.48376277045807,236.18823722954195,-0.0007371913011425812,1.589957721309645,-0.4958749736370496,0,2.5500000000000114,3.3799999999999955,5.680000000000007,243.84,242.892,0.42532340632558113,1.3326552442516473,-0.0007371913011425812,0.010561630218687945,0.009432791361549064
2017-06-06,243.34,243.98,243.12,243.21,213.31,50375400.0,210.9485,237.93220000000002,-0.0032242990654205,64.32805325196358,1.387322643607007,1.125623046948906,1,1.710000000000008,-0.000645098107222,0.1269966978979302,0,0.1252968598821356,0.0618213322551107,0,0,0,0,0,0,0,0,0,0,0,0,6,1,6,2017,242.18,0.30466629405867196,240.51350000000002,244.83073186775948,236.19626813224056,-0.0031968523300135443,1.4180816462926888,0.12699669789793022,0,-0.15000000000000568,1.450000000000017,3.6899999999999977,243.79,243.234,0.5102940328559914,1.0819565610650392,-0.0031968523300135443,-0.0006163708086784903,0.007080745341614847
2017-06-07,243.6,243.92,242.83,243.66,213.71,54144300.0,211.1335,238.13299999999998,0.0018752051005579,65.82825479231403,1.4056191805718754,1.1816222736735,1,2.219999999999999,-0.0020961989331106,0.0748162793744566,0,0.126176444718093,0.0695607550542194,0,0,0,0,0,0,0,0,0,0,0,0,7,2,6,2017,242.54100000000003,0.26113601831888933,240.72449999999998,245.2200554717963,236.22894452820367,0.0018502528678918662,1.2670565189520466,0.07481627937445667,0,-0.5099999999999909,1.9499999999999886,3.609999999999985,243.62,243.67800000000003,0.39153543896886,0.4061649911452574,0.0018502528678918662,-0.0020887086865707394,0.009194831013916493
2017-06-08,243.77,244.33,243.17,243.78,213.81,65950700.0,211.305,238.3022,0.0004679238220017,66.23603825672072,1.411912829982242,1.2276803849352484,0,0.4199999999999875,-0.0008811701428608,0.2180543473643579,0,0.1263963409270824,0.0938051556314162,0,0,0,0,0,0,0,0,0,0,0,0,8,3,6,2017,242.858,0.2157087369830344,240.92,245.5867247615429,236.25327523845706,0.0004924895345974623,1.1180518771491241,0.21805434736435791,0,-0.21000000000000796,2.280000000000001,3.1699999999999875,243.54999999999998,243.762,0.3004995839740534,0.36533546232482894,0.0004924895345974623,-0.0008606910119267619,0.0017258382642997283
2017-06-09,244.09,245.01,241.95,243.41,213.49,132256400.0,211.48200000000003,238.4596,-0.0014966559094522,63.711480503887095,1.375226511657246,1.257189610279648,0,-0.7599999999999909,0.0008464730131074,1.005382808673752,0,0.1256926730583165,0.2299636757011612,0,0,0,0,0,0,0,0,0,0,0,0,9,4,6,2017,243.023,0.13971152332765246,241.12150000000003,245.85242073490963,236.39057926509042,-0.0015177619164821188,1.0581540530549836,1.005382808673752,1,0.19999999999998863,1.9699999999999989,1.6500000000000057,243.61666666666665,243.60999999999999,0.18876793504692746,0.30651264253205707,-0.0015177619164821188,0.0008223346079518912,-0.0031125854937134045
2017-06-12,243.13,243.42,242.38,243.36,213.45,86108100.0,211.6745,238.601,-0.0001873624057333,63.360033919686636,1.327620689474884,1.2712758261186954,1,-0.6299999999999955,-0.0012160944931838,-0.3489305621504894,0,0.1256047145747206,0.1351983051261637,0,0,0,0,0,0,0,0,0,0,0,0,12,0,6,2017,243.18799999999996,0.06864078945094776,241.34050000000002,246.06011216626936,236.62088783373068,-0.00020541473234458874,0.9542047299523143,-0.34893056215048945,0,-0.29999999999998295,0.0,1.6500000000000057,243.51666666666665,243.484,0.2294195573658257,0.23158151919332023,-0.00020541473234458874,-0.0012312238364934336,-0.0025820730357801747
2017-06-13,243.98,244.61,243.58,244.55,214.49,60067000.0,211.861,238.77720000000002,0.0048723354415554,67.89867855908506,1.3581560630986471,1.288651873514686,0,1.3400000000000034,0.0031883171263697,-0.3024233492551804,0,0.12789163514821,0.0817229985237414,0,0,0,0,0,0,0,0,0,0,0,0,13,1,6,2017,243.493,0.08336097985650937,241.55300000000003,246.44562342716029,236.66037657283977,0.00488987508218286,0.8346662673035805,-0.30242334925518044,0,0.7700000000000102,0.3800000000000239,3.0500000000000114,243.77333333333334,243.752,0.6730775091338324,0.4787170354521534,0.00488987508218286,0.0031585856099762832,0.005509641873278293
2017-06-14,244.86,244.87,243.29,244.24,214.22,78602300.0,212.0435,238.9554,-0.0012587999440534,65.61835805604215,1.345063765361175,1.2999342518839838,0,0.5800000000000125,0.0034261730917686,0.3085770889173755,0,0.1272979153839387,0.11978517141459,0,0,0,0,0,0,0,0,0,0,0,0,14,2,6,2017,243.773,0.05516511058897455,241.76100000000002,246.73842463529058,236.78357536470946,-0.0012676344305867504,0.45082763397142644,0.30857708891737556,0,0.8300000000000125,0.25,2.8000000000000114,244.05000000000004,243.86800000000002,0.6173329733363696,0.5193938775459185,-0.0012676344305867504,0.003409884556920373,0.002380366083887475
2017-06-15,242.68,243.91,242.36,243.77,213.81,66464900.0,212.3925,239.12120000000002,-0.0019139202688824,62.20724297627873,1.286771352428843,1.2973016719929558,1,-0.009999999999990905,0.0016996152286194,-0.1544153288135334,0,0.1263963409270824,0.0948610635099223,0,0,0,0,0,0,0,0,0,0,0,0,15,3,6,2017,243.81400000000002,-0.00878819805754949,242.1585,246.3882577944839,237.9287422055161,-0.0019243367179823112,0.4271143484634844,-0.15441532881353348,0,0.4099999999999966,0.5600000000000023,0.4099999999999966,244.1866666666667,243.86600000000004,0.3927255190353508,0.5198365127924194,-0.0019243367179823112,0.0016847468770546659,-4.102059233734856e-05
2017-06-16,242.77,242.83,241.63,242.64,213.85,84553100.0,212.7015,239.2784,0.0001870819886815,54.82759752058884,1.2296274807305565,1.283766833740476,0,-0.7700000000000102,-0.0029856382242543,0.2721466518417992,0,0.1264842994106781,0.1320051181345709,0,0,0,0,0,0,0,0,0,0,0,0,16,4,6,2017,243.661,-0.1339006668916265,242.452,245.88499635886745,239.01900364113254,-0.004635517085777696,0.5435776546763033,0.2721466518417992,0,-1.910000000000025,-1.0200000000000102,-1.5300000000000011,243.54999999999998,243.712,0.8223746104839169,0.7512456322881951,-0.004635517085777696,-0.007810263749744584,-0.0031633868781069108
2017-08-28,245.17,245.2,244.09,244.57,215.55,40565600.0,216.4245,244.799,4.6395100677498746e-05,47.473025184262845,-0.2627253177464581,-0.0701086289835931,1,1.6699999999999875,5.1788876332836686e-05,-0.3705480100363251,0,0.1302225349634972,0.0416769427051899,0,0,0,0,0,0,0,0,0,0,0,0,28,0,8,2017,244.527,-0.2078898072661568,245.56,248.9932491899067,242.1267508100933,4.0889761203866115e-05,1.4489233550763074,-0.3705480100363251,0,0.009999999999990905,1.4799999999999898,-1.9699999999999989,244.37333333333333,244.62399999999997,0.33201405587938543,0.5193553696967281,4.0889761203866115e-05,4.0889761203866115e-05,0.006875257307533911
2017-08-29,243.06,245.15,242.93,244.85,215.8,51135700.0,216.3155,244.8028,0.0011598237067964,48.779085574357104,-0.2366845705621472,-0.1034238172993039,1,-0.5900000000000034,0.0035313676169976,0.2605680675251938,0,0.1307722754859706,0.0633826056118362,0,0,0,0,0,0,0,0,0,0,0,0,29,1,8,2017,244.36099999999996,-0.14153499412696036,245.43649999999997,248.7842591012489,242.08874089875104,0.001144866500388364,1.2819642047338426,0.2605680675251938,0,0.8599999999999852,2.1399999999999864,-1.6599999999999966,244.66,244.506,0.16462077623465746,0.3140541355128885,0.001144866500388364,0.0035247346202713636,-0.0024038461538461453
2017-08-30,244.83,246.32,244.62,246.01,216.82,62030800.0,216.2525,244.8628,0.0047265987025022,53.893836573345816,-0.1322174943287279,-0.1091825527051887,1,1.4499999999999886,0.0059328175099762,0.2130624984110904,0,0.133015216817662,0.0857556548672075,0,0,0,0,0,0,0,0,0,0,0,0,30,2,8,2017,244.26799999999997,-0.017150241347636097,245.365,248.5976490684878,242.1323509315122,0.004737594445578974,1.094042452963097,0.21306249841109048,0,1.4499999999999886,3.109999999999985,-0.9300000000000068,245.14333333333332,244.796,0.7635007094307977,0.7471813702394714,0.004737594445578974,0.005929015374550151,0.005929015374550151
2017-08-31,246.72,247.77,246.05,247.49,218.13,103803900.0,216.276,244.95359999999997,0.00604187805553,59.45654541127271,0.0556381066442099,-0.076218420835309,1,3.5,0.0119283004648287,0.673425137189912,0,0.1358958571554226,0.1715365677408438,0,0,0,0,0,0,0,0,0,0,0,0,31,3,8,2017,244.708,0.15754684038541883,245.3915,248.68414802248816,242.09885197751186,0.006016015609121572,1.4075179098908144,0.673425137189912,1,2.920000000000016,2.0500000000000114,4.400000000000006,246.11666666666667,245.496,1.3232283753385505,1.2640332274245891,0.006016015609121572,0.011939322075479541,0.014344850198778625
2017-09-01,247.92,248.33,247.67,247.84,218.43,62007000.0,216.29450000000003,245.05359999999996,0.0013753266400771,60.66518136130854,0.2261159922310582,-0.0157515382220355,0,3.280000000000001,0.0121438033981093,-0.4026525014956085,0,0.1365555457823907,0.0857067816515163,0,0,0,0,0,0,0,0,0,0,0,0,1,4,9,2017,245.221,0.28214776426556,245.413,248.7632005910087,242.0627994089913,0.0014141985534767976,1.5280957648863325,-0.4026525014956085,0,2.990000000000009,3.280000000000001,5.1299999999999955,247.11333333333332,246.152,0.9714079129288641,1.4880927390569045,0.0014141985534767976,0.012211558096794084,0.013411841674844549
2017-09-05,247.26,247.52,244.95,246.06,216.87,91398800.0,216.215,245.1122,-0.0071418761159181,52.150475146173505,0.2326600223377966,0.0339307738899308,1,1.490000000000009,0.000275328579689,0.474007773315916,0,0.1331251649221567,0.1460627388344723,0,0,0,0,0,0,0,0,0,0,0,0,5,1,9,2017,245.53699999999998,0.23224290484530502,245.3225,248.49542215473292,242.14957784526706,-0.007182052937378947,1.3052888143571313,0.47400777331591604,0,0.05000000000001137,2.069999999999993,3.1599999999999966,247.13,246.45,0.9430270409524034,1.2164908548912614,-0.007182052937378947,0.00020324377057856502,0.006092325305638413
2017-09-06,246.84,247.28,246.23,246.9,217.61,57916900.0,216.1995,245.18439999999998,0.0034121824134274,55.336347496494184,0.2941670542181498,0.0859780299555746,0,2.0500000000000114,-0.0023543670624135,-0.3663275666638949,0,0.134752396868678,0.0773077757902213,0,0,0,0,0,0,0,0,0,0,0,0,6,2,9,2017,245.683,0.24225024703006093,245.30450000000002,248.4370802463776,242.17191975362243,0.003413801511826353,1.3731233658250692,-0.3663275666638949,0,-0.5900000000000034,2.3400000000000034,1.460000000000008,246.9333333333333,246.85999999999999,0.8904680417066176,0.8248333165157273,0.003413801511826353,-0.0023839347044325443,0.008372472942618003
2017-09-07,247.25,247.27,246.4,246.87,217.58,58034700.0,216.183,245.29519999999997,-0.0001378613115206,55.19500356764865,0.3366108307145055,0.1361045901073608,0,0.8600000000000136,-0.0038675550140112,0.002033948640207,0,0.1346864280059811,0.0775496776729285,0,0,0,0,0,0,0,0,0,0,0,0,7,3,9,2017,245.914,0.2332112902384127,245.2855,248.37496257462286,242.19603742537717,-0.00012150668286758926,1.357425668109115,0.002033948640207006,0,-0.9699999999999989,2.3000000000000114,2.3100000000000023,246.61,247.032,0.476550102263697,0.680272004447068,-0.00012150668286758926,-0.003913815364751438,0.0034957928539491867
2017-09-08,246.54,247.11,246.3,246.58,217.32,63832800.0,216.307,245.35699999999997,-0.0011949627723136,53.765350767956875,0.3452877401551006,0.1779412201169088,1,-0.9099999999999966,0.0020793583295931,0.0999074691520762,0,0.1341146978626088,0.0894560554838314,0,0,0,0,0,0,0,0,0,0,0,0,8,4,9,2017,246.17299999999994,0.1955841909908237,245.42649999999998,248.48181847767052,242.37118152232944,-0.0011747073358447935,1.1857679180820466,0.09990746915207627,0,0.5200000000000102,1.7300000000000182,2.5900000000000034,246.78333333333333,246.85,0.17672954846558678,0.6480740698672579,-0.0011747073358447935,0.0021133056977973297,-0.0036769162390399845
2017-09-11,248.04,249.3,248.02,249.21,219.64,71364800.0,216.531,245.51420000000002,0.010675501564513,63.100027624224026,0.5332222106266897,0.248997418218865,1,1.3700000000000045,0.0093426774806787,0.1179957639332756,0,0.1392162899111618,0.1049229908025947,0,0,0,0,0,0,0,0,0,0,0,0,11,0,9,2017,246.63799999999998,0.32791287502830807,245.68099999999998,249.0865067170679,242.27549328293208,0.010665909643928995,1.378959349975924,0.1179957639332756,0,2.3100000000000023,3.200000000000017,4.650000000000006,247.55333333333337,247.12400000000002,1.4420240404725713,1.2138904398810033,0.010665909643928995,0.009356014580802041,0.005527759845061375
2017-09-12,249.63,250.09,249.42,250.05,220.38,56896000.0,216.6855,245.67919999999998,0.0033691495173922,65.49614228479055,0.7334190497639668,0.3458817445278854,1,3.990000000000009,0.0128496883095915,-0.2027442100307154,0,0.1408435218576831,0.0752113612566412,0,0,0,0,0,0,0,0,0,0,0,0,12,1,9,2017,247.186,0.44484866515244126,245.8565,249.74807179042023,241.9649282095798,0.003370651257975199,1.5447344252141357,-0.2027442100307154,0,3.180000000000007,2.5600000000000023,5.480000000000018,248.61333333333334,247.92200000000003,1.8103130484258345,1.5921275074676116,0.003370651257975199,0.012881273544780747,0.01621555718117529
2017-09-13,249.72,250.21,249.59,250.17,220.49,59228000.0,216.847,245.8384,0.0004991378527998,65.83742850403013,0.8906853020822041,0.4548424560387492,0,3.269999999999982,0.014543788934705,0.0409870641169853,0,0.1410854076875714,0.0800001149958016,0,0,0,0,0,0,0,0,0,0,0,0,13,2,9,2017,247.71800000000002,0.4990439021957792,246.0395,250.35762679295019,241.72137320704982,0.0004799040191960646,1.56677162768879,0.04098706411698538,0,3.589999999999975,2.329999999999984,5.319999999999993,249.81000000000003,248.57600000000002,0.5230678731938326,1.7327665740183966,0.0004799040191960646,0.01455916943791058,0.013244228432563787
2017-09-14,249.8,250.32,249.6,250.09,220.42,95446300.0,216.986,245.9848,-0.0003174747154066,65.37318677122087,0.9981652968947116,0.5635070242099417,1,3.219999999999999,0.0035508126547854,0.6115063821165665,0,0.1409314803412788,0.1543742657466728,0,0,0,0,0,0,0,0,0,0,0,0,14,3,9,2017,248.12600000000003,0.4971726174125475,246.19700000000003,250.85168838913995,241.5423116108601,-0.00031978254786735327,1.603379763706634,0.6115063821165665,1,0.8799999999999955,4.030000000000001,4.0800000000000125,250.10333333333332,249.22000000000003,0.061101009000291966,1.5262699630261667,-0.00031978254786735327,0.003531158460735817,0.013043302142828228
2017-09-15,248.69,249.29,248.57,249.19,220.71,95432400.0,217.309,246.15759999999997,0.0013156700843843,60.22793645327583,1.094132070073783,0.66963203338271,0,2.609999999999985,0.0014973332217775,-0.0001456316274177,0,0.141569179347348,0.154345722145912,0,0,0,0,0,0,0,0,0,0,0,0,15,4,9,2017,248.296,0.40679437748471137,246.502,251.10145040194953,241.90254959805048,-0.0035987044663920997,1.618505483462224,-0.0001456316274177638,0,-0.8600000000000136,2.289999999999992,1.6999999999999886,249.8166666666667,249.74200000000002,0.5441813422939764,0.4967091704773384,-0.0035987044663920997,-0.0034393121375725366,0.0105848000648876
2017-11-27,260.41,260.75,260.0,260.23,230.49,52274900.0,228.87,255.34759999999997,-0.0005203590477429,64.65325137812071,1.124346696682096,1.1113457666960318,1,2.3700000000000045,0.0009146796413248,0.8765781774451205,0,0.1630750285865071,0.0657219487763522,0,0,0,0,0,0,0,0,0,0,0,0,27,0,11,2017,258.76200000000006,0.025619234206872843,258.39700000000005,260.5377297821016,256.2562702178985,-0.0004993086495621579,1.2868203707840438,0.8765781774451205,1,0.2400000000000091,3.7900000000000205,2.140000000000043,260.1166666666666,259.728,0.31564748264463477,0.8307045202975304,-0.0004993086495621579,0.0009231124274011737,0.009191033894361267
2017-11-28,260.76,262.9,260.65,262.87,232.83,98971700.0,229.141,255.6106,0.0101522842639594,72.77800546562187,1.317180701570635,1.1525127536709523,0,4.569999999999993,0.0119354718087061,0.8932929570405683,0,0.1682205998768581,0.1616136621583521,0,0,0,0,0,0,0,0,0,0,0,0,28,1,11,2017,259.216,0.19615443764158824,258.70300000000003,261.47197165026586,255.9340283497342,0.010144871844137926,1.8114156526498524,0.8932929570405683,1,3.1100000000000136,4.25,4.5400000000000205,261.15333333333336,260.642,1.4880972190350228,1.2665188510414755,0.010144871844137926,0.011972590083153767,0.017692605497483527
2017-11-29,263.02,263.63,262.2,262.71,232.69,77512100.0,229.38700000000003,255.86539999999997,-0.0006012970837092,71.70229706088979,1.44208277717766,1.210426758372294,1,2.7199999999999704,0.0090306281325072,-0.2168256178281266,0,0.167912745184273,0.1175464495764971,0,0,0,0,0,0,0,0,0,0,0,0,29,2,11,2017,259.71400000000006,0.2709783186493775,258.981,262.1569905541382,255.8050094458618,-0.0006086658804733691,2.0289800393296944,-0.2168256178281266,0,2.349999999999966,4.849999999999966,4.979999999999961,261.93666666666667,261.186,1.4801801692022687,1.482238172509338,-0.0006086658804733691,0.00902596404977718,0.010461940843878414
2017-11-30,263.76,266.05,263.67,265.01,234.73,127894400.0,229.72,256.1644,0.0087670290945034,76.97157577366764,1.6862415796939558,1.3055897226366264,0,5.25,0.0183180162747536,0.6499927108154726,0,0.1723986278476558,0.2210063241530405,0,0,0,0,0,0,0,0,0,0,0,0,30,3,11,2017,260.571,0.4382636441033305,259.357,263.40008842346714,255.31391157653292,0.00875490084123176,2.2860662477031135,0.6499927108154726,1,4.779999999999973,6.7099999999999795,8.569999999999993,263.53,262.236,1.2842118205210993,1.991552158504665,0.00875490084123176,0.018368366445067785,0.020210963966738493
2017-12-01,264.76,265.31,260.76,264.46,234.24,164390900.0,230.0245,256.4658,-0.0020875047927405,73.44942514200174,1.8192293414410017,1.4083176463975016,0,4.099999999999966,0.0060782272180536,0.2853643318237546,0,0.171321136423608,0.2959517576184205,0,0,0,0,0,0,0,0,0,0,0,0,1,4,12,2017,261.155,0.4718534050972498,259.70050000000003,264.22358069792847,255.1774193020716,-0.0020753933813818515,2.4707679867691,0.28536433182375465,0,1.589999999999975,4.46999999999997,5.839999999999975,264.05999999999995,263.056,1.2010412149323133,1.8661404020183439,-0.0020753933813818515,0.006048617187202732,0.01574742664003681
2017-12-04,266.31,266.8,264.08,264.14,233.96,94040600.0,230.2765,256.7598,-0.0011953551912567,71.40222059012672,1.880353891625276,1.5027248954430563,0,3.909999999999968,0.005484169110506,-0.4279452208121009,0,0.1707054270384378,0.1514876657762021,0,0,0,0,0,0,0,0,0,0,0,0,4,0,12,2017,261.783,0.43348715894703704,259.985,264.85979025189516,255.11020974810486,-0.0012100128563865553,2.3345618194615483,-0.42794522081210096,0,1.4300000000000068,4.3799999999999955,6.279999999999973,264.53666666666663,263.838,0.44003787711899395,1.0076060738432595,-0.0012100128563865553,0.005443264436070239,0.015025170041885971
2017-12-05,263.19,265.15,263.04,263.19,233.11,77994500.0,230.46850000000003,257.045,-0.0036330996751581,65.56009706191806,1.8390086942867183,1.5699816552117891,1,0.3199999999999932,-0.0069159596591554,-0.1706294940695827,0,0.1688363092620283,0.1185370562676511,0,0,0,0,0,0,0,0,0,0,0,0,5,1,12,2017,262.272,0.3108383704330484,260.202,265.23906104787017,255.1649389521298,-0.0035965775724994264,2.0140826420203615,-0.17062949406958272,0,-1.8199999999999932,2.829999999999984,4.889999999999986,263.92999999999995,263.902,0.6605300901292461,0.9385467489932912,-0.0035965775724994264,-0.006867665371118048,0.0012173317609465162
2017-12-06,263.3,263.73,262.71,263.24,233.16,75898600.0,230.671,257.3282,0.0002144910128265,65.71907710301991,1.7896469733600782,1.613914718841447,1,0.5300000000000296,-0.0046139638535883,-0.0268724076697716,0,0.1689462573665229,0.1142331330421338,0,0,0,0,0,0,0,0,0,0,0,0,6,2,12,2017,262.597,0.20490156964630302,260.4305,265.58216177072705,255.27883822927296,0.00018997682282773098,1.8613618073272784,-0.026872407669771614,0,-1.2199999999999704,3.009999999999991,3.25,263.5233333333333,264.008,0.5346338310465939,0.7881433879986312,0.00018997682282773098,-0.004613174014973853,0.002017433672109936
2017-12-07,264.07,264.43,262.94,264.07,233.89,77218600.0,230.8905,257.6086,0.0031308972379482,68.33237517817707,1.7888120413137472,1.6488941833359072,1,-0.9399999999999977,-0.0002877114243833,0.0173916251419656,0,0.1705514996921452,0.1169437483661868,0,0,0,0,0,0,0,0,0,0,0,0,7,3,12,2017,263.02799999999996,0.16430366680472708,260.6785,266.0258405539548,255.33115944604518,0.003153016258927055,1.614020514808035,0.017391625141965683,0,-0.06999999999999318,1.1999999999999886,4.310000000000002,263.5,263.82,0.49426713421615187,0.5717954180000232,0.003153016258927055,-0.0002650109790262034,-0.003547035960907108
2017-12-08,265.16,265.52,264.03,265.51,235.17,76563900.0,231.2155,257.9118,0.0054726580871349,72.28050035009679,1.869880831974712,1.693091513063668,1,1.0500000000000114,0.0088180463379097,-0.0084785271942252,0,0.1733661711672089,0.1155993242353857,0,0,0,0,0,0,0,0,0,0,0,0,8,4,12,2017,263.543,0.20534142215913076,261.0455,266.6549080792868,255.43609192071315,0.0054530995569357366,1.484565405916335,-0.00847852719422526,0,2.319999999999993,2.8000000000000114,5.149999999999977,264.2733333333333,264.03000000000003,1.1485788319917822,0.9399202094039749,0.0054530995569357366,0.0088149245792013,0.003970354685018496
2017-12-11,266.31,266.38,265.48,266.31,235.88,83077500.0,231.5795,258.2134,0.0030190925713313,74.2046095094588,1.968725259621067,1.748218262375148,1,2.170000000000016,0.0116226478964145,0.0850740361972157,0,0.1749274342510335,0.1289749787617128,0,0,0,0,0,0,0,0,0,0,0,0,11,0,12,2017,264.15099999999995,0.2540842400971266,261.4565,267.3374668422775,255.57553315772253,0.0030130691876013582,1.1934585595371905,0.08507403619721576,0,3.069999999999993,1.3000000000000114,6.079999999999984,265.2966666666666,264.46400000000006,1.1351358215208025,1.3944819826897723,0.0030130691876013582,0.01166236134326093,0.008215340349814637
2017-12-12,267.21,267.32,266.35,266.78,236.29,85195800.0,231.9535,258.5026,0.0017381719518398,75.28981712796755,2.056438412225816,1.8098622923452816,0,3.589999999999975,0.0102299226103061,0.025497878486955,0,0.1758290087078898,0.1333249003078807,0,0,0,0,0,0,0,0,0,0,0,0,12,1,12,2017,264.54200000000003,0.2834623244917891,261.879,268.00963422493675,255.74836577506326,0.0017648605009199514,1.3565053139099688,0.02549787848695506,0,2.7099999999999795,2.319999999999993,3.909999999999968,266.2,265.182,0.6421059102409947,1.4951153801787265,0.0017648605009199514,0.01026243041617736,0.013640335879022691
2017-12-13,267.06,267.56,266.65,266.75,236.27,102905400.0,232.353,258.7804,-8.464175377709271e-05,75.07271657031407,2.100128906007569,1.8679156150777392,0,3.509999999999991,0.0046726227693941,0.2078694020127753,0,0.1757850294660919,0.1696915011736759,0,0,0,0,0,0,0,0,0,0,0,0,13,2,12,2017,264.946,0.2666080214448434,262.33000000000004,268.5003776221529,256.1596223778472,-0.00011245220781153087,1.351864556002987,0.20786940201277537,0,1.240000000000009,2.6100000000000136,4.0400000000000205,266.6133333333333,265.884,0.26312227822776496,1.1363010164774032,-0.00011245220781153087,0.004670257240781961,0.013333839841969342
2017-12-14,267.09,267.22,265.6,265.66,235.3,100666700.0,232.761,259.0304,-0.004105472552588,67.46123955735712,2.033047339528821,1.900941959967956,0,1.5900000000000318,-0.0024519423545252,-0.0217549321998651,0,0.1736520362388952,0.1650943386540111,0,0,0,0,0,0,0,0,0,0,0,0,14,3,12,2017,265.011,0.15340530677896513,262.791,268.4921258537207,257.08987414627927,-0.004086223055295157,1.3707779624073377,-0.02175493219986513,0,-0.6499999999999773,2.4700000000000273,0.6500000000000341,266.3966666666667,266.20199999999994,0.6381483630784706,0.5955417701956982,-0.004086223055295157,-0.0024407645225488217,0.006021130760783144
2018-02-28,275.68,276.19,271.29,271.65,241.84,121907800.0,241.099,273.0428,-0.0101101060128525,48.81702430059796,-0.0334370024136774,-0.5091415062030129,0,1.599999999999966,-0.0109873087380079,0.2301592747469203,0,0.1880332483067991,0.2087128622598769,0,0,0,0,0,0,0,0,0,0,0,0,28,2,2,2018,272.627,0.5470778811125621,270.82000000000005,282.870387545633,258.7696124543671,-0.010130087818387312,2.5619829559671423,0.23015927474692033,0,-3.0600000000000023,-1.4600000000000364,5.649999999999977,274.65999999999997,273.818,3.131341565521808,2.924717080343425,-0.010130087818387312,-0.011139019329474698,0.005924828735419219
2018-03-01,271.41,273.17,266.0,267.7,238.32,176855100.0,240.467,273.0666,-0.0145550777373471,43.8420174460234,-0.364152798958969,-0.4801437647542041,1,-2.6999999999999886,-0.0371550786572327,0.4507283373172184,0,0.1802929017503738,0.3215469481654371,0,0,0,0,0,0,0,0,0,0,0,0,1,3,3,2018,272.438,0.14222918909068039,270.11,281.0913041119873,259.1286958880127,-0.014540769372354045,2.862954185219539,0.4507283373172184,0,-10.199999999999989,-3.6999999999999886,-1.8899999999999864,271.26,273.27799999999996,3.3819077456316955,3.8244306765912293,-0.014540769372354045,-0.036703850305865426,-0.009985207100591698
2018-03-02,265.8,269.72,264.82,269.08,239.55,139083200.0,239.9105,273.0842,0.005161127895267,45.91578274644329,-0.5209910691986295,-0.4883132256430892,1,-5.6299999999999955,-0.0195040558549326,-0.2135754072118927,0,0.1829976251209428,0.2439824853180137,0,0,0,0,0,0,0,0,0,0,0,0,2,4,3,2018,272.043,-0.02564721898626554,269.485,279.12484128499807,259.84515871500196,0.005155024280911524,3.03926178902403,-0.21357540721189272,0,-5.350000000000023,-0.9700000000000273,-3.9499999999999886,269.47666666666663,272.15199999999993,2.004652920905853,4.115163423249552,0.005155024280911524,-0.01949495317567329,-0.020494339485275348
2018-03-05,267.73,272.89,267.61,272.19,242.32,97307400.0,239.76550000000003,273.18460000000005,0.0115633479440617,50.36423385226384,-0.4169641747231765,-0.4740434154591067,1,-5.7099999999999795,0.0021693981019816,-0.3003655365996756,0,0.189088750109948,0.1581960280039419,0,0,0,0,0,0,0,0,0,0,0,0,5,0,3,2018,271.951,0.07426938191596211,269.322,278.65834960784747,259.98565039215254,0.011557900995986303,3.017218918142881,-0.3003655365996756,0,0.5400000000000205,1.7900000000000205,-0.9200000000000159,269.6566666666667,271.01,2.299876808287013,2.6542136312003675,0.011557900995986303,0.0019878520154612556,-0.020546959337891302
2018-03-06,273.3,273.39,271.18,272.88,242.93,79213200.0,240.16350000000003,273.3016,0.0025173324529548,51.32088658793592,-0.2820489249236004,-0.4356445173520055,0,-1.5500000000000114,0.0192418082922836,-0.1859488589768095,0,0.1904301169847831,0.1210396524005476,0,0,0,0,0,0,0,0,0,0,0,0,6,1,3,2018,272.099,0.1821876381266243,269.7695,278.8845172243365,260.6544827756635,0.0025349939380578945,3.023480150790072,-0.18594885897680957,0,5.180000000000007,-1.829999999999984,1.4800000000000182,271.38333333333327,270.7,2.024359981153755,2.207906248020852,0.0025349939380578945,0.019350018677624314,-0.005648070546223072
2018-03-07,270.42,273.18,270.2,272.78,242.84,87063500.0,240.326,273.4056,-0.0003704770921665,51.166970193239244,-0.1803113483008758,-0.3845778835417796,1,1.1299999999999955,0.01371020330485,0.09910343225624,0,0.1902322103966927,0.13716021564177,0,0,0,0,0,0,0,0,0,0,0,0,7,2,3,2018,272.37199999999996,0.23863272665381885,269.95199999999994,279.154235815276,260.74976418472386,-0.00036646144825569493,2.9400105819914377,0.09910343225624008,0,3.6999999999999886,-5.1200000000000045,2.7299999999999613,272.6166666666666,270.92600000000004,0.372871738399421,2.3805419551122644,-0.00036646144825569493,0.013750557455031842,0.004159764402724031
2018-03-08,273.55,274.24,272.42,274.1,244.02,66901200.0,240.6125,273.5374,0.0048591665294019,53.16375566937978,-0.0044165364363379,-0.3085456141206912,1,6.400000000000034,0.0070060218901902,-0.2315815468020468,0,0.1928269856627671,0.0957570040143802,0,0,0,0,0,0,0,0,0,0,0,0,8,3,3,2018,272.742,0.3499336764328859,270.27349999999996,279.5830311912012,260.9639688087987,0.004839064447540231,2.8967637114544726,-0.2315815468020468,0,1.910000000000025,-0.3299999999999841,3.7000000000000455,273.25333333333333,272.206,0.7349376390532255,1.8803669854714529,0.004839064447540231,0.007017157132885199,0.023907358983937366
2018-03-09,275.7,278.87,275.34,278.87,248.27,113625300.0,241.558,273.77099999999996,0.0174166051962954,59.59355618892086,0.4724744590294847,-0.152341599490656,0,9.79000000000002,0.0219052946335308,0.698404512923535,0,0.2021725745448148,0.1917047778496729,0,0,0,0,0,0,0,0,0,0,0,0,9,4,3,2018,273.158,0.7091560081445005,271.3355,279.3955458435385,263.27545415646154,0.017402407880335646,3.4555906393359517,0.698404512923535,1,5.990000000000009,7.220000000000027,4.160000000000025,275.25,274.16400000000004,3.203732198540337,2.720814216379527,0.017402407880335646,0.021951040750513018,0.03638323175263869
2018-03-12,279.2,279.91,278.08,278.52,247.95,71924800.0,242.3155,273.995,-0.0012889193217062,58.954022789682035,0.8151956154881077,0.0411658435050966,0,6.329999999999984,0.0209868524039911,-0.3670001311327671,0,0.2014689066760489,0.1060729488188596,0,0,0,0,0,0,0,0,0,0,0,0,12,0,3,2018,273.21999999999997,0.8765768820645208,272.1865,279.4695989969887,264.90340100301137,-0.0012550650840894573,3.5542775480944764,-0.3670001311327671,0,5.740000000000009,10.819999999999993,0.6200000000000045,277.16333333333336,275.43,2.6586901536842746,3.0280191545058424,-0.0012550650840894573,0.021042598430970116,0.023255813953488413
2018-03-13,279.84,280.41,276.03,276.72,246.35,91968900.0,242.822,274.172,-0.0064529138939302,55.646585683866995,0.946784035898844,0.2222894819838461,0,3.840000000000032,0.0096747719806589,0.2786813449602918,0,0.1979505673322191,0.1472334371649592,0,0,0,0,0,0,0,0,0,0,0,0,13,1,3,2018,273.449,0.8204703306286388,272.7555,279.57342483090963,265.93757516909034,-0.006462731581214798,3.711206602231154,0.27868134496029184,0,2.6200000000000045,7.640000000000043,2.2900000000000205,278.03666666666663,276.198,1.1536174986961798,2.6873816253102483,-0.006462731581214798,0.009558555271798719,0.014072119613016909
2018-03-14,277.81,278.02,274.67,275.3,245.09,105895100.0,243.236,274.3408,-0.0051146742439618,53.114982045972056,0.9385779945010028,0.3655471844872775,0,2.5200000000000387,-0.0128565074595983,0.1514229266632525,0,0.1951798750989533,0.1758308395330102,0,0,0,0,0,0,0,0,0,0,0,0,14,2,3,2018,273.81399999999996,0.6495830119665935,273.2205,279.3675919140624,267.0734080859376,-0.005131540907776899,3.6940649094940503,0.15142292666325252,0,-3.569999999999993,3.1100000000000136,3.650000000000034,276.84666666666664,276.70200000000006,1.6137327329200815,2.045829904966608,-0.005131540907776899,-0.01280166385771142,0.009238213945303997
2018-03-15,275.88,276.61,274.43,275.0,244.82,83433000.0,243.477,274.4654,-0.0011016361336652,52.57083080637765,0.8999142527277684,0.4724205981353757,0,0.8999999999999773,-0.0126692242715572,-0.2121165190835081,0,0.1945861553346819,0.1297049967523953,0,0,0,0,0,0,0,0,0,0,0,0,15,3,3,2018,274.544,0.4857067800967533,273.491,279.4484554971002,267.53354450289976,-0.0010897203051217774,3.009459899863887,-0.21211651908350815,0,-3.519999999999982,2.1200000000000045,7.300000000000011,275.67333333333335,276.882,0.9187672900672118,1.7822794393853887,-0.0010897203051217774,-0.012638230647709303,0.0032834731849689103
2018-05-25,272.15,272.86,271.58,272.15,243.25,56374800.0,241.03900000000004,266.9516,-0.0023787064758233,56.79017187089364,1.5594422955625191,1.3940641387510555,0,0.8199999999999932,-0.0016753858796324,-0.2586535654451777,0,0.1911337848535491,0.0741410789029318,0,0,0,0,0,0,0,0,0,0,0,0,25,4,5,2018,272.39500000000004,0.19583610657304118,269.67449999999997,276.9412750068341,262.40772499316586,-0.0023826979472142407,0.7801602399495031,-0.2586535654451777,0,-0.4600000000000364,-0.09000000000003183,-0.7000000000000455,272.77,272.858,0.605557594257671,0.5196825954892401,-0.0023826979472142407,-0.0016873922453323198,0.0030221501492646574
2018-05-29,270.31,271.17,267.76,269.02,240.46,115908600.0,241.24100000000004,266.848,-0.0114696813977389,48.006202576335596,1.257426035645949,1.3667365181300344,1,-4.350000000000023,-0.0158948005122068,1.0560356755145914,0,0.184998680622746,0.1963935263113474,0,0,0,0,0,0,0,0,0,0,0,0,29,1,5,2018,271.999,-0.11284223538414073,269.9,276.78141555204655,263.0185844479534,-0.011501010472166118,1.2891896679689854,1.0560356755145914,1,-4.340000000000032,-2.990000000000009,-3.9600000000000364,271.3233333333333,271.988,2.021047583135101,1.7149256543806775,-0.011501010472166118,-0.0158764998536729,-0.01591249954274432
2018-05-30,270.5,273.11,270.42,272.61,243.66,69678400.0,241.582,266.8904,0.0133078266655577,56.346337987630754,1.2617446236241676,1.3457381392288612,0,0.0,-0.0005405612080046,-0.39885047356279,0,0.1920353593104055,0.1014599743764712,0,0,0,0,0,0,0,0,0,0,0,0,30,2,5,2018,272.15,-0.08495752303513582,270.2815,276.86931078962857,263.6936892103714,0.013344732733625797,1.2602997879685514,-0.39885047356279,0,-0.18999999999999773,1.2800000000000296,1.509999999999991,271.26,271.98799999999994,1.9534840669846505,1.7149256543806775,0.013344732733625797,-0.000696480938416455,0.0
2018-05-31,272.15,272.49,270.26,270.94,242.17,93519900.0,241.92800000000005,266.8902,-0.0061150783879175,52.155254259879676,1.1318888777538234,1.3029682869338537,1,-2.420000000000016,-0.0042769331200988,0.3421648602723368,0,0.188758905796464,0.1504184101707215,0,0,0,0,0,0,0,0,0,0,0,0,31,3,5,2018,272.02,-0.18307064755635416,270.66850000000005,276.4006349425799,264.9363650574202,-0.00612596749935812,1.3158098477947167,0.34216486027233683,0,-1.2099999999999795,-2.430000000000007,-1.3000000000000114,270.8566666666666,271.504,1.7964502034000784,1.5659278399888494,-0.00612596749935812,-0.004446077530773418,-0.00885279484928303
2018-06-01,272.41,273.94,272.33,273.6,244.55,71258400.0,242.41850000000005,266.9536,0.0098278069124995,57.568954697642766,1.2071085768268688,1.2837963449124568,1,0.8000000000000114,0.0170205551901396,-0.2380402459797326,0,0.1939924355704108,0.1047044987795043,0,0,0,0,0,0,0,0,0,0,0,0,1,4,6,2018,272.179,-0.07826578376480464,271.2175,275.7357778798944,266.69922212010556,0.009817671809256856,1.4073493604006944,-0.2380402459797326,0,4.580000000000041,0.9900000000000091,1.5900000000000318,272.3833333333333,271.66400000000004,1.34440817213236,1.7602641847326306,0.009817671809256856,0.01702475652367874,0.0029325513196480912
2018-06-04,274.53,275.19,274.26,274.9,245.71,45385200.0,242.8155,267.1782,0.0047434062563893,59.95383870422403,1.3448207789288062,1.2960012317157266,1,2.75,0.0084561347809712,-0.3630898251995554,0,0.1965432315946873,0.0515739742323157,0,0,0,0,0,0,0,0,0,0,0,0,4,0,6,2018,272.536,0.061616460545406815,271.66150000000005,275.7767947646483,267.5462052353518,0.004751461988304007,1.606730289196117,-0.36308982519955546,0,2.2899999999999636,1.5399999999999636,3.569999999999993,273.14666666666665,272.214,2.0185473324389145,2.297668383395091,0.004751461988304007,0.008400278786544702,0.010104721660848748
2018-06-05,275.05,275.53,274.18,275.1,245.89,51135000.0,243.181,267.5192,0.0007325709169345,60.32331808135217,1.4517483358015395,1.327150652532889,1,6.080000000000041,0.0153037840858234,0.1266888765500649,0,0.1969390447708681,0.0633811681643158,0,0,0,0,0,0,0,0,0,0,0,0,5,1,6,2018,272.709,0.14581180243504677,272.0705,275.8301301679739,268.31086983202607,0.0007275372862860507,1.78927328513196,0.1266888765500649,0,4.160000000000025,2.3000000000000114,1.7300000000000182,274.53333333333336,273.43,0.8144527815019659,1.721278594549889,0.0007275372862860507,0.015353952904702206,0.022600550144970866
2018-06-06,275.79,277.52,275.09,277.4,247.95,62732200.0,243.6495,267.765,0.0083777298792142,64.39204772825356,1.6833098309490993,1.398382488216131,0,4.789999999999964,0.0138537070525381,0.2267957367752029,0,0.2014689066760489,0.0871959772825793,0,0,0,0,0,0,0,0,0,0,0,0,6,2,6,2018,273.188,0.32437477319858643,272.59450000000004,276.2566986565365,268.93230134346356,0.008360596146855581,2.32175125474002,0.22679573677520293,0,3.7999999999999545,5.25,4.789999999999964,275.8,274.38800000000003,1.3892443989316294,2.363835865718556,0.008360596146855581,0.013888888888888618,0.017570888815523933
2018-06-07,277.95,278.28,276.34,277.37,247.92,72969400.0,244.0015,268.1004,-0.0001209921355111,64.29942689330227,1.8431564743729891,1.4873372854475029,1,6.430000000000007,0.0089893086606376,0.1631889205224748,0,0.201402937813352,0.1082180312184852,0,0,0,0,0,0,0,0,0,0,0,0,7,3,6,2018,273.58900000000006,0.40329050712929426,272.988,276.91715054432075,269.05884945567925,-0.00010814708002870876,2.6742868208174544,0.1631889205224748,0,2.4700000000000273,8.350000000000023,4.009999999999991,276.62333333333333,275.674,1.3193306383527248,1.664746226924651,-0.00010814708002870876,0.008985085485631261,0.023732191629143085
2018-06-08,276.85,278.25,276.66,278.19,248.65,72139700.0,244.277,268.4676,0.002944498225234,65.74959851804712,2.0056214346125216,1.5909941152805067,1,4.589999999999975,0.011201235968937,-0.0113705196972977,0,0.2030081801389743,0.1065142452076013,0,0,0,0,0,0,0,0,0,0,0,0,8,4,6,2018,274.128,0.4689382239281903,273.29650000000004,277.80008645969355,268.79291354030653,0.0029563399069834073,3.0186045341069767,-0.011370519697297743,0,3.089999999999975,5.579999999999984,5.389999999999986,277.65333333333336,276.592,0.46500896044728834,1.4917003720793418,0.0029563399069834073,0.01123227917121028,0.016776315789473584
2018-06-11,278.44,279.37,278.31,278.56,248.98,58892500.0,244.532,268.7758,0.0013271667001808,66.4125680495787,2.136377498223453,1.700070791869096,1,3.660000000000025,0.0041506727899036,-0.1836325906539672,0,0.2037338376286392,0.0793111669342714,0,0,0,0,0,0,0,0,0,0,0,0,11,0,6,2018,274.76899999999995,0.49304168905399504,273.582,278.62751920023436,268.5364807997656,0.0013300262410582686,3.2254041951699652,-0.1836325906539672,0,1.160000000000025,7.6200000000000045,6.410000000000025,278.03999999999996,277.32399999999996,0.6090155991129934,1.3445928752090657,0.0013300262410582686,0.0041816870944484386,0.013313932339032553
2018-06-12,279.03,279.33,278.19,278.92,249.3,72329000.0,244.797,269.2048,0.0012852437946824,67.08025038510624,2.2400025908163173,1.80805715165854,0,3.819999999999993,0.0055569087200972,0.2281529906184998,0,0.2044375054974052,0.106902972087028,0,0,0,0,0,0,0,0,0,0,0,0,12,1,6,2018,275.75899999999996,0.48808056022648927,273.879,279.42253641639815,268.3354635836019,0.001292360712234375,2.7488965462926944,0.2281529906184998,0,1.5500000000000114,5.319999999999993,9.900000000000034,278.5566666666667,278.088,0.3650114152959663,0.69178753968571,0.001292360712234375,0.005588203482712606,0.013885859687386315
2018-06-13,279.19,279.48,277.8,278.03,248.51,79070600.0,245.10700000000003,269.55,-0.0031688728439631,63.70844661327127,2.232643303351296,1.8929743819970917,1,0.6299999999999955,-0.0005564623490998,0.0932074271730565,0,0.2027003254463892,0.1207468238056916,0,0,0,0,0,0,0,0,0,0,0,0,13,2,6,2018,276.30100000000004,0.3842778634573816,274.2255,279.8957856189024,268.55521438109764,-0.003190879105119948,2.5886824190433915,0.09320742717305652,0,-0.160000000000025,3.1299999999999955,5.419999999999959,278.50333333333333,278.214,0.4476978147102874,0.584148953662188,-0.003190879105119948,-0.0005751464826199149,0.0022710886806056596
2018-06-14,279.01,279.33,278.06,278.73,249.13,77097600.0,245.397,269.8534,0.0024948694217536,65.19048124771685,2.2508929407692904,1.9645580937515312,0,1.3600000000000136,0.0006112403724729,-0.0249523843248944,0,0.2040636819421233,0.1166952752948153,0,0,0,0,0,0,0,0,0,0,0,0,14,3,6,2018,277.08000000000004,0.3245589341601747,274.55,280.46613049213164,268.6338695078684,0.002517713915764608,1.8679400418636862,-0.02495238432489444,0,0.17000000000001592,3.6299999999999955,7.7900000000000205,278.56,278.486,0.46872166577089946,0.37044567761703723,0.002517713915764608,0.0006102814474440166,0.004903197894509104
2018-06-15,276.6,277.51,275.35,277.13,248.82,120041600.0,245.6815,270.0832,-0.0012443302693373,59.23598487679557,2.214810543409925,2.01460858368321,0,-1.0600000000000023,-0.0019183336915468,0.5570082596604824,0,0.2033820036942563,0.2048806271706741,0,0,0,0,0,0,0,0,0,0,0,0,15,4,6,2018,277.433,0.14808105898137702,274.806,280.70340756603514,268.9085924339648,-0.00574032217558218,1.416129702156931,0.5570082596604824,1,-1.7900000000000205,-0.2699999999999818,3.5299999999999727,277.9633333333333,278.274,0.8020806276779425,0.7202985492590757,-0.00574032217558218,-0.006417610784454353,-0.003810345447356145
2018-08-27,288.86,289.9,288.68,289.78,260.17,57072400.0,255.446,279.9274,0.007863949794685,69.57121148247627,1.851185226803949,1.6365944580257734,1,4.109999999999957,0.0125813975829696,-0.0072189732010841,0,0.2283402234145483,0.0755735980317647,0,0,0,0,0,0,0,0,0,0,0,0,27,0,8,2018,285.606,0.2502388126962285,284.5125,288.82427863530444,280.20072136469554,0.007895377552085137,2.164851547386294,-0.007218973201084111,0,3.609999999999957,5.71999999999997,7.67999999999995,287.6933333333333,287.118,2.001307905669308,1.6207621664152772,0.007895377552085137,0.012614879267567991,0.014387230020653119
2018-08-28,290.3,290.42,289.4,289.92,260.3,46943500.0,255.8315,280.1946,0.0004996732905406,69.8408521703561,2.006983210693108,1.7106722085592403,1,3.580000000000041,0.0144043885086639,-0.1774745761523959,0,0.2286260884862344,0.0547739377622186,0,0,0,0,0,0,0,0,0,0,0,0,28,1,8,2018,286.20799999999997,0.34038676030944837,284.942,289.59776030309393,280.2862396969061,0.0004831251294086236,2.4552745942830696,-0.17747457615239592,0,4.1299999999999955,4.860000000000014,6.020000000000039,289.07,287.834,1.3528118863911718,1.9487252243671207,0.0004831251294086236,0.01445117043983335,0.012502619263812464
2018-08-29,290.16,291.74,289.89,291.48,261.7,61485500.0,256.308,280.51419999999996,0.0053784095274682,72.73962291497543,2.2178564663248608,1.8121090601123648,0,5.310000000000002,0.013742032612694,0.3097766463940694,0,0.2317046354120854,0.0846358832488695,0,0,0,0,0,0,0,0,0,0,0,0,29,2,8,2018,287.178,0.4615238179655923,285.473,290.5489042544026,280.3970957455974,0.005380794701986824,2.427462323771843,0.30977664639406943,0,3.9700000000000273,5.810000000000002,9.700000000000045,290.3933333333334,288.896,0.9436807369521358,2.240274536767088,0.005380794701986824,0.013808215366422072,0.0185554041304119
2018-08-30,290.94,291.36,289.63,290.3,260.64,61229500.0,256.663,280.80080000000004,-0.0040504394344669,67.45796655147423,2.273237433371662,1.904334734764224,1,4.509999999999991,0.001827643383542,-0.0041635832838636,0,0.2293737355967983,0.0841101881557199,0,0,0,0,0,0,0,0,0,0,0,0,30,3,8,2018,287.802,0.41982173970772596,285.8685,291.15036813541,280.58663186458995,-0.004048305201042934,2.3372433905490193,-0.004163583283863681,0,0.5200000000000387,3.9600000000000364,6.240000000000009,290.56666666666666,289.798,0.81346993386018,1.4431978381666661,-0.004048305201042934,0.0017944647663745705,0.01578081808320797
2018-08-31,289.84,290.81,289.29,290.31,260.65,66140800.0,256.964,281.1222,3.836709637816682e-05,67.47951712129728,2.2915189610195057,1.9817715800152804,0,2.8000000000000114,0.0013663371893795,0.0802113360390008,0,0.2293957252176971,0.094195525308009,0,0,0,0,0,0,0,0,0,0,0,0,31,4,8,2018,288.327,0.3532274989060489,286.204,291.7143589719598,280.6936410280402,3.444712366507119e-05,2.2405259799129897,0.08021133603900088,0,0.38999999999998636,4.139999999999986,5.25,290.69666666666666,290.358,0.678404992091356,0.6690440942793869,3.444712366507119e-05,0.0013451986754966505,0.009738791694201998
2018-09-04,289.84,290.21,288.68,289.81,260.2,57594400.0,257.196,281.42359999999996,-0.0017264530980241,65.15611728264123,2.243830483125123,2.034183360637249,0,0.03000000000002956,-0.0057385254361128,-0.1292152498911413,0,0.2284061922772451,0.0766455231826402,0,0,0,0,0,0,0,0,0,0,0,0,4,1,9,2018,288.741,0.24117022754016748,286.4625,292.1377264271883,280.78727357281167,-0.0017222968550859585,2.0711051800102003,-0.1292152498911413,0,-1.670000000000016,4.019999999999982,4.139999999999986,290.14,290.36400000000003,0.28583211849124873,0.6626688464762196,-0.0017222968550859585,-0.00572938108961174,0.00010352681344483194
2018-09-05,289.41,289.64,287.89,289.03,259.5,72452400.0,257.351,281.7842,-0.0026902382782474,61.59329074721146,2.125056541947231,2.0523579968992456,0,-0.8900000000000432,-0.0043783242798933,0.257976469934577,0,0.2268669188143196,0.1071563735498978,0,0,0,0,0,0,0,0,0,0,0,0,5,2,9,2018,289.01,0.08807321511161526,286.635,292.40143910917783,280.86856089082215,-0.0026914185155793025,1.8915132096341876,0.257976469934577,0,-1.2700000000000387,1.5199999999999818,2.6899999999999977,289.71666666666664,290.186,0.6450839738317761,0.8917006224567485,-0.0026914185155793025,-0.004374784705477253,-0.003069812362031077
2018-09-06,289.15,289.49,287.0,288.16,258.72,65909900.0,257.472,282.1154,-0.0030057803468207,57.79704392153719,1.9455606445349645,2.030998526426389,0,-3.319999999999993,-0.0074224717230922,-0.0903006663685399,0,0.2251517283842027,0.0937213729759455,0,0,0,0,0,0,0,0,0,0,0,0,6,3,9,2018,289.20899999999995,-0.0886654399870439,286.77,292.546497208504,280.993502791496,-0.0030100681590145006,1.6486118740047706,-0.09030066636853995,0,-2.1499999999999773,-1.6199999999999477,1.990000000000009,289.0,289.522,0.825408989508435,0.922805505016247,-0.0030100681590145006,-0.007405876476869522,-0.011390146836832704
2018-09-07,286.98,288.7,286.71,287.6,258.22,73524800.0,257.5855,282.48040000000003,-0.0019325912183054,55.428886094377404,1.7428722845164089,1.9733732780443936,1,-2.6999999999999886,-0.0076286098433736,0.1155349955014344,0,0.2240522473392558,0.1093585431510451,0,0,0,0,0,0,0,0,0,0,0,0,7,4,9,2018,289.39,-0.25097172409314616,286.8965,292.6291861940851,281.1638138059149,-0.0019433647973348123,1.2924137624351493,0.11553499550143442,0,-2.2099999999999795,-2.319999999999993,1.8100000000000023,288.2633333333333,288.982,0.7205784712956437,1.122172001115287,-0.0019433647973348123,-0.007625685794140913,-0.009300723389596977
2018-09-10,288.74,289.04,287.88,288.1,258.67,50210900.0,257.8075,282.82460000000003,0.0017427000232359,57.118328468098944,1.6001065063307465,1.898719923701664,1,-2.2099999999999795,-0.0031956715418902,-0.3170889278175527,0,0.225041780279708,0.0614835320878329,0,0,0,0,0,0,0,0,0,0,0,0,10,0,9,2018,289.449,-0.3275049750790675,287.1435,292.6314004181793,281.65559958182075,0.00173852573018074,1.2077476741616533,-0.3170889278175527,0,-0.92999999999995,-3.3799999999999955,0.5900000000000318,287.9533333333334,288.54,0.3074627348067496,0.8767268674371195,0.00173852573018074,-0.0032176590665327076,-0.007612552099479752
2018-09-11,287.37,289.55,286.98,289.05,259.52,50530500.0,258.1195,283.18,0.0032860401283487,60.204777544202784,1.5378244122384783,1.826540821409027,1,-0.7599999999999909,0.0030961489332792,0.0063651517897507,0,0.2269108980561174,0.062139829555687,0,0,0,0,0,0,0,0,0,0,0,0,11,1,9,2018,289.37600000000003,-0.3168009523195354,287.491,292.5182851520329,282.4637148479671,0.0032974661575841946,1.2075797650206501,0.006365151789750723,0,0.8899999999999864,-1.25,-0.7299999999999613,288.25,288.38800000000003,0.7365459931066246,0.633695510545693,0.0032974661575841946,0.003088561910050025,-0.0026224077844104743
2018-09-12,289.06,289.8,288.23,289.12,259.58,59810800.0,258.3535,283.5252,0.000231196054254,60.43077527027622,1.4762891600324224,1.7564904891337063,1,0.09000000000003183,0.0052599362058387,0.1836573950386399,0,0.227042835781511,0.0811968927313002,0,0,0,0,0,0,0,0,0,0,0,0,12,2,9,2018,289.296,-0.30741690971082947,287.752,292.5429063860452,282.9610936139548,0.0002421726344923325,1.1939588677070128,0.18365739503863998,0,1.5199999999999818,-1.1899999999999977,-0.8000000000000114,288.75666666666666,288.40600000000006,0.5697660338196833,0.6573279243161745,0.0002421726344923325,0.0052851182197495294,0.000311386361277588
2018-09-13,290.32,291.04,290.0,290.83,261.12,51034200.0,258.76000000000005,283.9238,0.0059326604514986,65.5740716078553,1.5341029748564097,1.712012986278247,1,2.669999999999959,0.0094498966341014,-0.1467393848602594,0,0.2304292373999472,0.0631741757213881,0,0,0,0,0,0,0,0,0,0,0,0,13,3,9,2018,289.231,-0.1939904981261109,288.2045,292.3149280798776,284.0940719201224,0.005914499169894727,1.0734622075832616,-0.1467393848602594,0,2.7299999999999613,1.0199999999999818,-0.6500000000000341,289.6666666666667,288.94,1.008083991190393,1.236709343413774,0.005914499169894727,0.009475876431794372,0.009265685730149853
2018-09-14,291.06,291.27,290.0,290.88,261.16,55079900.0,259.06600000000003,284.2792,0.0001531862745098,65.71440282812299,1.565106926928138,1.682631774408225,0,3.2799999999999727,0.0063170427802625,0.079274290573772,0,0.230517195883543,0.0714820063399649,0,0,0,0,0,0,0,0,0,0,0,0,14,4,9,2018,289.28900000000004,-0.12679352357820228,288.5455,292.3437599963463,284.7472400036537,0.0001719217412234908,1.1505404527141796,0.079274290573772,0,1.829999999999984,1.8500000000000227,0.5799999999999841,290.27666666666664,289.596,1.0020146372654437,1.2180024630879556,0.0001719217412234908,0.006331084587441582,0.011404728789985885
2018-09-17,290.82,290.86,289.03,289.34,259.78,68244000.0,259.258,284.5576,-0.0052841170163886,57.887517582794416,1.4614763261076291,1.638400684748106,1,1.2399999999999523,0.0008017297096198,0.2390000708062287,0,0.2274826281994897,0.0985144390576669,0,0,0,0,0,0,0,0,0,0,0,0,17,0,9,2018,289.192,-0.19327593837760038,288.7595,292.2149448338591,285.3040551661409,-0.005294279427942916,1.0944181609921881,0.23900007080622876,0,0.21999999999997044,1.17999999999995,-0.9700000000000273,290.34999999999997,289.844,0.8750428560709907,0.92926314899972,-0.005294279427942916,0.0007609297177642027,0.004304061089899225
2018-09-18,289.58,291.58,289.55,290.91,261.19,61930400.0,259.4935,284.8178,0.0054276695665564,62.757534202340814,1.4761078915490202,1.605942126108289,1,1.8600000000000136,0.0002967388246777,-0.09251509290194,0,0.2305831647462397,0.0855494838228629,0,0,0,0,0,0,0,0,0,0,0,0,18,1,9,2018,289.302,-0.14114743714680245,289.02149999999995,292.28974891950435,285.75325108049555,0.005426142254786992,1.2123604157906984,-0.09251509290194004,0,0.08000000000004093,3.3100000000000023,1.1000000000000227,290.3766666666666,290.216,0.8979049689662134,0.9038971180890454,0.005426142254786992,0.0002750747859576741,0.006434872859366836
2018-09-19,290.97,291.69,290.83,291.22,261.47,49080600.0,259.7125,285.0642,0.0010720165396838,63.65136322696328,1.4930858087290062,1.5833708626324323,1,2.1000000000000227,0.0012155690898516,-0.2074877604536705,0,0.23119887413141,0.0591624650417896,0,0,0,0,0,0,0,0,0,0,0,0,19,2,9,2018,289.521,-0.09749712664620636,289.26550000000003,292.42333137609353,286.10766862390653,0.001065621669932293,1.3479816187333056,-0.20748776045367057,0,0.34000000000003183,3.1200000000000045,2.1900000000000546,290.49,290.636,1.007918647491387,0.7404255533749384,0.001065621669932293,0.001168866886688713,0.007263420033204238
2018-09-20,292.64,293.94,291.24,293.58,263.59,100360600.0,260.0455,285.3986,0.0081080047424175,69.62762682924944,1.6584891819187533,1.5983945264896968,0,2.75,0.0146076908486578,1.0448120031132464,0,0.2358606737619842,0.1644657633883348,0,0,0,0,0,0,0,0,0,0,0,0,20,3,9,2018,290.063,0.06959942324888035,289.636,292.98702611148263,286.2849738885174,0.008103839022045145,1.765062479221054,1.0448120031132464,1,4.240000000000009,4.529999999999973,5.419999999999959,291.90333333333336,291.18600000000004,1.4602853602271293,1.5256080755199548,0.008103839022045145,0.014654040229487908,0.009455695767286665
2018-09-21,293.09,293.22,291.81,291.99,263.35,105479700.0,260.3835,285.651,-0.0009105049508705,62.20684600535827,1.7500332585555043,1.6287222729028583,0,1.1100000000000136,0.0082695163312308,0.0510070685109496,0,0.2353329228604098,0.1749778171045166,0,0,0,0,0,0,0,0,0,0,0,0,21,4,9,2018,290.502,0.05307180394208233,289.946,292.9451492126663,286.94685078733374,-0.005415900265685614,1.6247652821933016,0.051007068510949605,0,1.079999999999984,2.8700000000000045,4.389999999999986,292.2633333333333,291.408,1.203508759126254,1.5505063689298935,-0.005415900265685614,0.0037124883984736012,0.00381600660066006
2018-12-03,280.28,280.4,277.51,279.3,251.9,103176300.0,245.7785,276.8428,0.0132335786975583,58.87994417004342,-0.4248806462649099,-1.6177175184211496,0,11.800000000000011,0.017163880258662,0.0506302174448751,0,0.2101548069311285,0.170247793364044,0,0,0,0,0,0,0,0,0,0,0,0,3,0,12,2018,270.09000000000003,1.3339647594081747,272.51300000000003,282.5807626114206,262.44523738857947,0.013241429348812117,5.47423865837863,0.05063021744487517,0,4.720000000000027,14.28000000000003,5.569999999999993,276.31,274.382,2.7207168173043086,3.9300025445346916,0.013241429348812117,0.017189890013839415,0.044112149532710365
2018-12-04,278.37,278.85,269.9,270.25,243.74,177986000.0,245.637,276.42740000000003,-0.0323938070662961,46.71311188203819,-0.5583562444109589,-1.4058452636191117,0,1.8500000000000227,-0.0130493420878796,0.7250667062106317,0,0.1922112762775969,0.3238692473093549,0,0,0,0,0,0,0,0,0,0,0,0,4,1,12,2018,270.20500000000004,0.9500896571898576,272.356,282.4620207797094,262.2499792202906,-0.0324024346580738,5.463198595043665,0.7250667062106317,1,-3.730000000000018,7.0,1.1499999999999773,275.06666666666666,274.752,4.553112488539734,3.2551605183232093,-0.0324024346580738,-0.013614132418424796,0.006892697466468034
2018-12-06,265.92,269.97,262.44,269.84,243.37,204185400.0,245.399,276.0092,-0.0015180109953228,46.24686877271629,-0.686083778634611,-1.2618929666222116,0,-4.740000000000009,-0.0206782393640606,0.1471992179160157,0,0.1913976603043363,0.3776696224010179,0,0,0,0,0,0,0,0,0,0,0,0,6,3,12,2018,270.777,0.648035169543864,272.092,282.17123528844917,262.0127647115508,-0.0015171137835338078,5.038220695620232,0.14719921791601576,0,-5.810000000000002,2.339999999999975,5.71999999999997,273.12999999999994,273.804,5.347307733800652,3.936652130941645,-0.0015171137835338078,-0.02107745329221844,-0.017262728530847093
2018-12-07,269.46,271.22,262.63,263.57,237.71,161018900.0,244.6125,275.483,-0.0232567695278793,39.718110695915165,-1.2298465615319571,-1.255483685604161,1,-10.410000000000025,-0.0571685875894983,-0.2114083573066438,0,0.1789515348755387,0.2890273675633396,0,0,0,0,0,0,0,0,0,0,0,0,7,4,12,2018,270.632,0.03764994013996881,271.21999999999997,281.0773931645199,261.36260683548005,-0.02323599169878443,5.239174659343709,-0.21140835730664387,0,-15.730000000000018,-4.829999999999984,-1.4499999999999886,267.88666666666666,271.722,3.743959579549452,6.021193403308105,-0.02323599169878443,-0.056319369853204515,-0.037995474122198836
2018-12-10,263.37,265.16,258.62,264.07,238.16,151445900.0,243.87150000000003,274.95059999999995,0.0018930629758948,40.440196235257034,-1.6059587525594736,-1.3255786989952236,1,-11.579999999999984,-0.0228817175473073,-0.0594526481052845,0,0.1799410678159908,0.2693692459745822,0,0,0,0,0,0,0,0,0,0,0,0,10,0,12,2018,270.71400000000006,-0.3020338502833757,270.39849999999996,279.7510168270326,261.04598317296734,0.0018970292521911514,5.115762569418645,-0.0594526481052845,0,-6.180000000000007,-10.509999999999991,0.8199999999999932,265.8266666666666,269.40600000000006,3.484628148497507,6.350663744840694,0.0018970292521911514,-0.022867715078630946,-0.04200979502992919
2018-12-11,267.66,267.87,262.48,264.13,238.22,121504400.0,243.257,274.41880000000003,0.0002519314746389,40.53225162418524,-1.8775456970674893,-1.435972098609677,1,-15.170000000000016,-0.0211117750773455,-0.1977042627103143,0,0.1800730055413844,0.2078844817888747,0,0,0,0,0,0,0,0,0,0,0,0,11,1,12,2018,270.377,-0.4816318133570545,269.717,278.8072301400972,260.62676985990277,0.00022721248153900753,5.451022432127176,-0.19770426271031438,0,-5.7099999999999795,-9.850000000000023,-3.3700000000000045,263.92333333333335,266.37199999999996,0.30746273481881253,3.3631413886460964,0.00022721248153900753,-0.021160687815001356,-0.05431435732187617
2018-12-12,267.47,269.0,265.37,265.46,239.42,97976700.0,242.9365,273.8934,0.0050373604231381,42.64830816014828,-1.9732044633108785,-1.5434185715499171,0,-4.7900000000000205,0.007182354873672,-0.1936366090446107,0,0.1827117600492567,0.1595704331830242,0,0,0,0,0,0,0,0,0,0,0,0,12,2,12,2018,270.08299999999997,-0.4693300898547359,269.3615,278.5333728185651,260.18962718143484,0.005035399235225002,5.645320677831654,-0.19363660904461077,0,1.8899999999999864,-10.189999999999998,-2.9399999999999977,264.55333333333334,265.414,0.7857692621259179,2.571328450435941,0.005035399235225002,0.0071707705732821925,-0.017724329324699473
2018-12-13,266.52,267.49,264.12,265.37,239.34,96662700.0,242.635,273.36960000000005,-0.000334140840364,42.538002343474005,-2.032045895970981,-1.64114403643413,0,-4.46999999999997,0.004955151057413,-0.0134113518826415,0,0.1825358430820652,0.1568721388377169,0,0,0,0,0,0,0,0,0,0,0,0,13,3,12,2018,269.162,-0.4269456216055456,269.027,278.26852173616095,259.785478263839,-0.0003390341294355892,5.581056849338976,-0.013411351882641531,0,1.3000000000000114,-13.930000000000007,-9.20999999999998,264.9866666666666,264.52,0.7432585911388175,0.8460496439443831,-0.0003390341294355892,0.00492293710001146,-0.016565372072339102
2018-12-14,262.96,264.03,259.85,260.47,234.92,116961100.0,242.1965,272.7446,-0.018467452160107,36.936655903409154,-2.4075821079300965,-1.7944316507333231,0,-3.099999999999966,-0.0137642325773329,0.2099920651916407,0,0.1728164306447356,0.1985548313329882,0,0,0,0,0,0,0,0,0,0,0,0,14,4,12,2018,267.81100000000004,-0.6739176031402891,268.5405,278.4817403149676,258.5992596850324,-0.01846478501714577,5.910625930380512,0.2099920651916407,0,-3.659999999999968,-9.779999999999973,-13.509999999999991,263.76666666666665,263.9,2.855351700456937,2.027387481468775,-0.01846478501714577,-0.01385681293302532,-0.011761581363584517
2018-12-17,259.4,260.65,253.53,255.36,230.31,165492300.0,241.4,272.063,-0.0196237016856801,32.178003893822876,-3.0421180904287723,-2.043968938672413,0,-8.70999999999998,-0.0384252946861513,0.414934538064365,0,0.1626792154103262,0.2982134786168387,0,0,0,0,0,0,0,0,0,0,0,0,17,0,12,2018,265.78200000000004,-1.1011716371244287,267.65749999999997,278.90211804597834,256.4128819540216,-0.019618382155334624,6.3842563301363615,0.414934538064365,0,-10.099999999999966,-14.479999999999961,-20.289999999999964,260.4,262.158,5.005367119400034,4.3061316747181095,-0.019618382155334624,-0.03804716341445025,-0.032983678570076
2018-12-18,257.2,257.95,253.28,255.08,230.06,134515100.0,240.55900000000003,271.4082,-0.0010854934653293,31.93522098326136,-3.524536673976968,-2.3400824857333244,0,-9.049999999999983,-0.0391766473111165,-0.1871821226727769,0,0.1621294748878529,0.2346019081499783,0,0,0,0,0,0,0,0,0,0,0,0,18,1,12,2018,263.36,-1.3082764973303753,266.725,278.8587075949582,254.59129240504183,-0.0010964912280702066,5.163592633901875,-0.1871821226727769,0,-10.289999999999992,-8.48999999999998,-24.22,256.96999999999997,260.348,3.03432035223261,5.099016571850369,-0.0010964912280702066,-0.03877604853600625,-0.0342634308863059
2018-12-19,255.17,259.4,249.35,251.26,226.61,214992800.0,239.75449999999995,270.677,-0.0149960879770494,28.748366710705,-4.137547966797058,-2.699575581946071,0,-14.199999999999989,-0.0357052831280589,0.5982800443965026,0,0.1545430556777201,0.3998625800170564,0,0,0,0,0,0,0,0,0,0,0,0,19,2,12,2018,261.46099999999996,-1.589472044553844,265.83299999999997,279.64420284406646,252.02179715593348,-0.014975693899953013,5.800767094866444,0.5982800443965026,1,-9.210000000000036,-12.810000000000002,-18.99000000000001,253.89999999999998,257.508,2.2905894437839964,5.4802162366092535,-0.014975693899953013,-0.03535915844435078,-0.05349205153318759
2018-12-20,249.86,251.62,244.65,247.17,222.92,252053400.0,238.98999999999995,269.8724,-0.0162834826353648,25.781824359524705,-4.8650349002965925,-3.132667445616176,0,-18.200000000000017,-0.0323650640777436,0.1723806564684957,0,0.1464288855660128,0.4759663908341775,0,0,0,0,0,0,0,0,0,0,0,0,20,3,12,2018,259.194,-1.9159735047097683,264.9855,281.0151892982975,248.95581070170246,-0.01627795908620555,6.544482323979868,0.17238065646849576,0,-8.190000000000026,-16.960000000000008,-22.669999999999987,251.17,253.86800000000002,3.9557679406122963,4.973587236591337,-0.01627795908620555,-0.032072368421052766,-0.06858348720654184
2018-12-21,246.74,249.71,239.98,240.7,218.35,255345600.0,237.9565,269.12039999999996,-0.0205006280279921,21.92716868019042,-5.744119706881151,-3.6549578978691706,0,-19.77000000000004,-0.0517801986404063,0.0130615179164415,0,0.1363796288151991,0.4827269118719406,0,0,0,0,0,0,0,0,0,0,0,0,21,4,12,2018,256.907,-2.4012752360181366,263.7695,282.9786951679387,244.56030483206126,-0.02617631589594205,8.53780618452071,0.0130615179164415,0,-14.380000000000024,-24.75999999999999,-22.870000000000005,246.37666666666664,249.91400000000004,5.3245124972443785,6.1356645931774825,-0.02617631589594205,-0.056374470754273265,-0.0759012554228895
2019-03-07,276.83,276.99,274.07,275.01,249.48,94885100.0,250.95800000000003,266.182,-0.0083472454090151,52.32872659392767,2.627470511762283,3.347766681766446,0,-3.670000000000016,-0.0157727507513602,0.2644636579521799,0,0.204833318673586,0.1532218435346588,0,0,0,0,0,0,0,0,0,0,0,0,7,3,3,2019,278.704,-0.78024194953373,276.6395,282.9597008670526,270.3192991329474,-0.008365485162081243,1.5108658297656796,0.26446365795217996,0,-4.389999999999986,-4.310000000000002,-2.410000000000025,277.11999999999995,278.236,2.0132312336053917,2.1193937812641113,-0.008365485162081243,-0.015712240515390108,-0.013169226352806152
2019-03-08,272.94,274.65,272.42,274.46,248.98,85795800.0,251.154,266.9844,-0.0020041686708353,50.705214821171076,2.214304057935067,3.1210741570001703,1,-5.960000000000036,-0.0164354848763105,-0.095792700856088,0,0.2037338376286392,0.1345569981824503,0,0,0,0,0,0,0,0,0,0,0,0,8,4,3,2019,278.236,-0.9867439936144011,276.8555,282.5352587096541,271.1757412903459,-0.0019999272753717934,2.004872952471905,-0.09579270085608804,0,-4.560000000000002,-4.740000000000009,-4.680000000000007,275.59999999999997,277.044,1.5232530978026044,2.255621865485788,-0.0019999272753717934,-0.016342914486416782,-0.021253833535411326
2019-03-11,275.26,278.62,275.23,278.44,252.59,65098900.0,251.51550000000003,267.6296,0.0144991565587597,60.30312464776829,2.15334112051562,2.92752754970326,1,-0.9599999999999795,0.0041477424789093,-0.2412344194004835,0,0.211672090773155,0.092055987348819,0,0,0,0,0,0,0,0,0,0,0,0,11,0,3,2019,278.128,-0.84145096834225,277.254,282.15008578355094,272.3579142164491,0.014501202360999832,1.9565264004233087,-0.2412344194004835,0,1.1100000000000136,-0.2400000000000091,-1.079999999999984,275.96999999999997,276.852,2.1566872744941565,2.0350110564950414,0.014501202360999832,0.004002451952547448,-0.0034359341445955316
2019-03-12,279.06,280.07,278.85,279.49,253.54,79667500.0,251.9175,268.258,0.003761035670454,62.383968868384166,2.1568221111924686,2.773386462001102,1,0.4700000000000273,0.0162560235583785,0.2237917998614416,0,0.2137611047585539,0.1219725558412425,0,0,0,0,0,0,0,0,0,0,0,0,12,1,3,2019,278.145,-0.6683440274937702,277.69750000000005,281.61959574078554,273.77540425921455,0.0037710099123688945,1.9687347883004735,0.2237917998614416,0,4.480000000000018,-0.9300000000000068,0.17000000000001592,277.4633333333333,276.946,2.6534191778340483,2.1667787150646762,0.0037710099123688945,0.01629031671575576,0.0016844670632929493
2019-03-13,280.48,282.38,280.3,281.34,255.22,80639200.0,252.246,268.9298,0.0066261733848702,65.78682605769833,2.268987307749086,2.672506631150699,0,4.009999999999991,0.024886365614084,0.0121969435466156,0,0.217455361069575,0.1239679383491079,0,0,0,0,0,0,0,0,0,0,0,0,13,2,3,2019,278.359,-0.4343009928072519,278.05949999999996,281.9226359023319,274.19636409766804,0.006619199255787134,2.198996993580406,0.012196943546615602,0,6.8799999999999955,1.9399999999999977,2.1399999999999864,279.7566666666666,277.748,1.4682756326030695,2.9463316174625622,0.006619199255787134,0.025067405086351302,0.014459308405148974
2019-03-14,281.37,281.84,280.67,281.16,255.06,67518400.0,252.526,269.5546,-0.0006269101167619,65.16909716284466,2.3182450850199814,2.601654321924556,1,6.150000000000034,0.0097602989385623,-0.1627099475193206,0,0.2171035271351922,0.0970244220280207,0,0,0,0,0,0,0,0,0,0,0,0,14,3,3,2019,278.60699999999997,-0.30289331538455144,278.36800000000005,282.18655784294083,274.5494421570593,-0.0006397952655148309,2.3722424927570955,-0.16270994751932066,0,2.7200000000000273,2.140000000000043,2.480000000000018,280.6633333333333,278.97799999999995,1.0201143726540616,2.7975024575615777,-0.0006397952655148309,0.009768711392041496,0.02236282317006677
2019-03-15,280.54,282.21,280.33,281.31,256.32,81309000.0,252.8965,270.1772,0.004940014114326,65.46015733017924,2.4309314337647265,2.5675097442925896,0,6.850000000000023,0.0109392773824343,0.2042495082821867,0,0.219874219368458,0.1253433702764191,0,0,0,0,0,0,0,0,0,0,0,0,15,4,3,2019,278.696,-0.22095391491434402,278.7145,282.2713777038131,275.1576222961869,0.0005335040546308178,2.462786136787667,0.2042495082821867,0,1.8199999999999932,3.980000000000018,0.8899999999999864,281.27,280.348,0.0964365074114644,1.3177139295260076,0.0005335040546308178,0.0065118608894771945,0.024958099540916878
2019-05-28,283.09,284.15,280.13,280.15,255.26,70029400.0,261.418,286.848,-0.0093146006364978,37.95604518015502,-1.3675941912759413,-0.6358308544609312,0,-3.8000000000000114,-0.0192770442681972,0.2670853530336667,0,0.2175433195531708,0.1021807516330944,0,0,0,0,0,0,0,0,0,0,0,0,28,1,5,2019,284.316,-0.7922871576528112,286.905,295.0475045286968,278.76249547130317,-0.009300516302425899,2.267907503502875,0.26708535303366676,0,-5.480000000000018,-7.550000000000011,-0.7100000000000364,281.68999999999994,283.442,1.3715319901340857,2.606275119797267,-0.009300516302425899,-0.019185659769632157,-0.013382637788343033
2019-05-29,278.91,279.36,276.71,278.27,253.55,104972900.0,260.70050000000003,286.7668,-0.0066990519470343,35.276549764802354,-1.721679734849772,-0.8530006305386995,1,-8.240000000000009,-0.0137575455351424,0.4989832841635084,0,0.2137830943794528,0.1739371050997968,0,0,0,0,0,0,0,0,0,0,0,0,29,2,5,2019,283.803,-0.9432792709543175,286.1175,294.4004798381893,277.8345201618107,-0.006710690701409949,2.9697364267632134,0.49898328416350846,0,-3.8700000000000045,-7.569999999999993,-5.1299999999999955,280.3999999999999,281.794,2.2653697269899395,2.780652801064756,-0.006710690701409949,-0.013716594598426335,-0.028759903668283848
2019-05-30,279.11,280.04,277.81,279.03,254.24,62523800.0,260.118,286.69939999999997,0.002721356734372,37.20641838615569,-1.9244341665974505,-1.0672873377504497,0,-6.600000000000023,-0.0132922958491601,-0.4043815117997121,0,0.2153003782214794,0.0867680286208122,0,0,0,0,0,0,0,0,0,0,0,0,30,3,5,2019,283.2,-0.9311363199675471,285.4785,293.8773148568624,277.07968514313757,0.0027311603837998355,3.2819269407535527,-0.40438151179971216,0,-3.75,-4.920000000000016,-6.03000000000003,279.1499999999999,280.474,0.945727233383796,1.945566755489344,0.0027311603837998355,-0.013261192446424763,-0.023106816510870765
2019-05-31,276.2,277.12,275.24,275.27,250.82,86862800.0,259.3935,286.5738,-0.0134518565135305,32.10594508033397,-2.3341769929911607,-1.320665268798592,0,-6.8700000000000045,-0.0174295517261928,0.3892757637891491,0,0.2077799278740434,0.1367480789027265,0,0,0,0,0,0,0,0,0,0,0,0,31,4,5,2019,281.957,-1.1037136171253654,284.683,293.7576947056006,275.6083052943994,-0.013475253556965217,3.7136955239280356,0.3892757637891491,0,-4.8799999999999955,-11.240000000000009,-12.430000000000007,277.52333333333326,279.1,1.9880979184383138,2.7389596565231353,-0.013475253556965217,-0.017419239693021615,-0.024349613666973857
2019-06-03,275.31,276.55,273.09,274.57,250.18,96428000.0,258.507,286.3706,-0.0025516306514631,31.24713391761385,-2.679654398365301,-1.5924630947119338,1,-8.20999999999998,-0.0132821304306216,0.1101184857038917,0,0.2063725921365116,0.1563901832191144,0,0,0,0,0,0,0,0,0,0,0,0,3,0,6,2019,280.83000000000004,-1.185225562233052,283.71,292.7401960111538,274.6798039888462,-0.002542957823228109,4.094882985710886,0.11011848570389171,0,-3.6999999999999886,-11.060000000000002,-11.269999999999982,276.28999999999996,277.45799999999997,2.398582914965966,2.424112208635686,-0.002542957823228109,-0.013296438710604819,-0.029033170662705943
2019-06-04,277.12,280.68,276.62,280.53,255.61,77231900.0,257.947,286.3962,0.0217043728515469,44.788805291380015,-2.4866278139904523,-1.7712960385676375,1,0.37999999999999545,0.0057008856865532,-0.199071846351682,0,0.2183129562846336,0.1169710598690731,0,0,0,0,0,0,0,0,0,0,0,0,4,1,6,2019,280.48799999999994,-0.7776595082216957,283.0955,291.18611548955704,275.004884510443,0.021706668609097868,3.945441251199192,-0.19907184635168207,0,1.5,-1.6100000000000136,-3.420000000000016,276.78999999999996,277.534,3.2577906623916353,2.5331166574117296,0.021706668609097868,0.0053757660466615675,0.0013564162056041162
2019-06-05,282.33,282.99,280.32,282.96,257.82,71169700.0,257.7205,286.4746,0.0086459841164272,49.18352048122684,-2.1307622243635365,-1.8431892757268176,1,4.689999999999998,0.027798726316511,-0.0784934722569301,0,0.2231726625032983,0.1045223536437138,0,0,0,0,0,0,0,0,0,0,0,0,5,2,6,2019,280.133,-0.30841803535291223,282.847,290.62776114527753,275.0662388547224,0.008662175168431263,3.47506370844839,-0.07849347225693015,0,7.689999999999998,0.18000000000000682,-3.5500000000000114,279.3533333333333,278.472,4.316993552612393,3.541443208645234,0.008662175168431263,0.027936208086605907,0.016854134473712534
2019-06-06,283.29,285.55,282.57,284.8,259.5,69430400.0,257.596,286.5482,0.0065161740749359,52.28088422495329,-1.6936508681103533,-1.8132815942035247,1,5.770000000000039,0.0368665310429101,-0.0244387709938358,0,0.2268669188143196,0.1009507072549824,0,0,0,0,0,0,0,0,0,0,0,0,6,3,6,2019,280.05,0.13793250724844697,282.7105,290.2498938085142,275.1711061914859,0.006502685891998983,3.336325323865152,-0.024438770993835846,0,10.230000000000018,4.650000000000034,-0.8299999999999841,282.76333333333326,279.626,2.1417827465207107,4.56182310047889,0.006502685891998983,0.037258258367629526,0.020678780059491864
2019-06-07,285.93,288.85,285.74,287.65,262.1,74272200.0,257.6415,286.7082,0.0100192678227362,56.68480621986033,-1.1244764338024993,-1.6755205621233198,1,12.379999999999995,0.0251814260140994,0.069736023413375,0,0.2325842202480429,0.1108933264034673,0,0,0,0,0,0,0,0,0,0,0,0,7,4,6,2019,280.601,0.6106784895977144,282.76,290.414585553762,275.105414446238,0.010007022471909988,4.089763508511602,0.06973602341337504,0,7.1200000000000045,9.379999999999995,5.509999999999991,285.1366666666666,282.102,2.363055931054378,4.949693929938486,0.010007022471909988,0.025380529711617417,0.04497402550223417
2019-06-10,289.37,290.82,288.87,288.97,263.3,60799100.0,257.681,286.8734,0.0045784051888591,58.59095249883063,-0.5700010059680949,-1.454416650892275,0,14.400000000000034,0.0211138470865313,-0.1814016549933892,0,0.2352229747559152,0.083226363280362,0,0,0,0,0,0,0,0,0,0,0,0,10,0,6,2019,281.21999999999997,0.9761536111995135,282.8035,290.5877668890436,275.01923311095635,0.004588910133843438,4.8533608057828435,-0.18140165499338923,0,6.010000000000048,9.940000000000055,6.190000000000055,287.13999999999993,284.98199999999997,2.131267228659044,3.4265244782546542,0.004588910133843438,0.02123975120158339,0.0524456422770152
2019-06-11,290.99,291.4,288.18,288.9,263.23,58641300.0,258.047,287.0018,-0.0002658564375237,58.44407163414288,-0.1346712433517609,-1.190467569384172,0,8.370000000000005,0.0143318165740715,-0.0354906569340665,0,0.2350690474096226,0.0787953286241183,0,0,0,0,0,0,0,0,0,0,0,0,11,1,6,2019,282.09499999999997,1.1643032214312536,283.20550000000003,291.36800078100214,275.0429992189979,-0.00024223967885961262,5.397296133764941,-0.0354906569340665,0,4.099999999999966,13.629999999999995,8.75,288.50666666666666,286.656,0.7427202254469589,2.6684883361339833,-0.00024223967885961262,0.014396067415730185,0.029836381135707413
2019-06-12,288.64,289.26,287.82,288.39,262.77,47096300.0,258.2745,287.05300000000005,-0.001747521179197,57.3166858544038,0.1712386418132041,-0.9181263271446968,1,5.430000000000007,0.0025650275721382,-0.196874898748834,0,0.2340575248482715,0.0550877120209423,0,0,0,0,0,0,0,0,0,0,0,0,12,2,6,2019,283.107,1.2007120683956825,283.455,291.92528098706646,274.9847190129335,-0.0017653167185877061,5.547093433101208,-0.19687489874883402,0,0.7400000000000091,13.819999999999993,10.120000000000005,288.7533333333333,287.742,0.31659648337862734,1.7271855719888063,-0.0017653167185877061,0.0025725708326092,0.01918999151823586
2019-06-13,289.4,289.98,288.62,289.58,263.85,48945200.0,258.48,287.1252,0.0041100582258251,59.289993196566826,0.4951140374060969,-0.6354782542345382,0,4.779999999999973,0.0020966806091042,0.0392578610209295,0,0.2364324039053567,0.0588844216214284,0,0,0,0,0,0,0,0,0,0,0,0,13,3,6,2019,284.162,1.2458574955377297,283.681,292.5426745595773,274.8193254404227,0.004126356669787334,5.68701991868809,0.03925786102092954,0,0.6099999999999568,9.050000000000011,10.550000000000011,288.9566666666666,288.698,0.5970203792899342,0.7221287974378975,0.004126356669787334,0.002110945772917372,0.016783707865168473
2019-06-14,289.26,289.93,288.41,289.26,263.56,52324700.0,258.55100000000004,287.18199999999996,-0.0010991093424295,58.506690126196325,0.7200863383702654,-0.3643653357135774,1,1.6100000000000136,0.0012634277041985,0.0690466072260405,0,0.2357947048992875,0.0658242128999415,0,0,0,0,0,0,0,0,0,0,0,0,14,4,6,2019,285.561,1.1949080103812284,283.75899999999996,292.7867082363055,274.7312917636944,-0.001105048691207977,4.926455678838061,0.0690466072260405,0,0.36000000000001364,6.300000000000011,13.990000000000009,289.0766666666666,289.02000000000004,0.615819237509984,0.4430011287683354,-0.001105048691207977,0.0012461059190032042,0.005597079784460224
2019-06-17,289.52,290.22,289.18,289.37,263.66,39205700.0,258.7115,287.2258,0.0003794202458644,58.70863602960035,0.8961177839875631,-0.1122687117733493,1,0.39999999999997726,0.00339036912926,-0.2507228899544574,0,0.2360146011082768,0.038884392872478,0,0,0,0,0,0,0,0,0,0,0,0,17,0,6,2019,287.04100000000005,1.1111171104467092,283.9355,293.2524447245252,274.61855527547476,0.00038028071631068805,3.1663524405502934,-0.25072288995445746,0,0.9800000000000182,4.569999999999993,14.800000000000011,289.4033333333333,289.1,0.16258331183437674,0.46717234516851874,0.00038028071631068805,0.0033981760810015693,0.0013842267363393113
2019-06-18,291.39,293.57,290.99,292.4,266.42,85434800.0,259.0965,287.3024,0.0104680270044754,63.91797374529453,1.243992930451384,0.1589836166715973,1,3.5,0.0097483379079104,1.1791423185914294,0,0.2420837364763831,0.1338156859612509,0,0,0,0,0,0,0,0,0,0,0,0,18,1,6,2019,288.22799999999995,1.1949494231026814,284.35799999999995,294.3790250972571,274.3369749027428,0.01047102325742122,2.6345600518242662,1.1791423185914294,1,2.819999999999993,4.75,11.870000000000005,290.3433333333333,289.8,1.7819745602241144,1.522580047187097,0.01047102325742122,0.009738241591270125,0.012114918656974671
2019-06-19,292.55,293.65,291.47,293.06,267.03,78674400.0,259.39500000000004,287.38779999999997,0.0022896178965541,64.95510573149873,1.5510290944278609,0.43739271222285,1,4.670000000000016,0.013137065146894,-0.0791293477599291,0,0.2434251033512181,0.1199332285091841,0,0,0,0,0,0,0,0,0,0,0,0,19,2,6,2019,289.238,1.2254786949568344,284.6855,295.3724387104005,273.9985612895995,0.0022571819425445394,2.3061165047185987,-0.07912934775992919,0,3.8000000000000114,4.089999999999975,10.100000000000023,291.60999999999996,290.73400000000004,1.9677652298867336,1.8405651306310695,0.0022571819425445394,0.013136970199820297,0.016193349283955882
2019-06-20,296.04,296.31,293.13,295.86,269.58,116570000.0,259.861,287.55879999999996,0.0095494888214808,69.02309595076545,1.9773277517379029,0.7453797201258606,0,6.28000000000003,0.0223071337225104,0.4816763775764416,0,0.2490324566804467,0.1977517088684146,0,0,0,0,0,0,0,0,0,0,0,0,20,3,6,2019,290.34399999999994,1.3547749453452413,285.197,296.94262063068004,273.45137936931997,0.009554357469460317,2.5773854107522354,0.48167637757644166,0,6.490000000000009,6.960000000000036,11.060000000000002,293.7733333333333,291.98999999999995,1.8369902921034285,2.766188713753741,0.009554357469460317,0.02242803331375054,0.021686580564956204
2019-08-30,294.22,294.24,291.42,292.45,267.77,62901200.0,264.77750000000003,294.0348,-0.0004106316261013,51.892772341557354,-0.8705866939270095,-1.2969475294744437,0,7.599999999999966,0.0193732334566915,0.0863877691305954,0,0.2450523352977394,0.0875430181839165,0,0,0,0,0,0,0,0,0,0,0,0,30,4,8,2019,290.087,0.478575600296578,289.186,295.48254000224296,282.889459997757,-0.0004443229202268917,2.8115596699666487,0.08638776913059543,0,5.579999999999984,0.0,3.599999999999966,291.3066666666666,289.758,2.0939038500580596,2.617015475707295,-0.0004443229202268917,0.0194513194129744,0.02668070914516396
2019-09-03,290.57,291.58,289.27,290.74,266.2,69101400.0,265.09450000000004,293.9696,-0.0058632408410203,49.472944097944385,-0.760652373199207,-1.1896884982193965,1,2.740000000000009,0.0064666666429309,0.0985704565254717,0,0.2415999648166065,0.1002751069204268,0,0,0,0,0,0,0,0,0,0,0,0,3,1,9,2019,289.928,0.4807088563256672,289.53200000000004,295.3536616184596,283.71033838154045,-0.005847153359548551,2.713881189572655,0.0985704565254717,0,1.8500000000000227,-1.6200000000000045,-1.589999999999975,291.9233333333333,290.30600000000004,1.0268560431174112,2.437586921546167,-0.005847153359548551,0.006403821523763398,0.009513888888888822
2019-09-04,293.14,294.06,292.31,294.04,269.22,46887300.0,265.38,293.9776,0.011344853493614,53.93702601193614,-0.4249414111110354,-1.036739080797724,1,7.170000000000016,0.0050709810264923,-0.3214710555791923,0,0.2482408303280852,0.0546585312613006,0,0,0,0,0,0,0,0,0,0,0,0,4,2,9,2019,290.323,0.6796511624553012,289.844,295.9240342104173,283.7639657895827,0.01135034738942009,3.0112457739474503,-0.3214710555791923,0,1.4600000000000364,9.189999999999998,3.9500000000000455,292.4099999999999,291.74,1.6503635962879608,1.9762464421464863,0.01135034738942009,0.0049900881810105435,0.02499389967581145
2019-09-05,296.79,298.83,294.0,297.82,272.68,83258100.0,265.831,294.1188,0.0128519426491344,58.46388134975305,0.1189340311074147,-0.8056044584166964,1,8.930000000000007,0.0183335553017282,0.7757068545213737,0,0.2558492391591168,0.1293458402219583,0,0,0,0,0,0,0,0,0,0,0,0,5,3,9,2019,290.86,1.0206041000931356,290.3365,297.2659683057103,283.4070316942897,0.012855393823969496,3.8065090451904195,0.7757068545213737,1,5.3700000000000045,9.819999999999993,5.3700000000000045,294.2,293.52599999999995,3.542710826464516,2.6700711601193565,0.012855393823969496,0.018362113181740414,0.03091141957146326
2019-09-06,298.17,298.76,297.42,298.05,272.89,49584300.0,266.0335,294.2704,0.0007701334898049,58.72964985581951,0.5604440324910342,-0.5323947602351503,1,5.470000000000027,0.0249669296325534,-0.4044507381263805,0,0.2563110211979944,0.0601968112074908,0,0,0,0,0,0,0,0,0,0,0,0,6,4,9,2019,291.429,1.2038143642243635,290.558,298.1451354278043,282.9708645721957,0.0007722785575179358,4.429874465239763,-0.40445073812638055,0,7.310000000000002,11.180000000000007,5.689999999999998,296.6366666666666,294.62,2.2517178627166996,3.2444028726568335,0.0007722785575179358,0.025142739217169918,0.018695741335703175
2019-09-09,299.14,299.24,297.16,298.2,273.03,51260300.0,266.3345,294.4044,0.0005130272270876,58.914285926705666,0.9111376913244272,-0.2436882699232348,0,5.75,0.014135103366027,0.0338010216943669,0,0.2566188758905795,0.0636384712704551,0,0,0,0,0,0,0,0,0,0,0,0,9,0,9,2019,292.764,1.2707012422506236,290.887,299.1686739853633,282.6053260146367,0.0005032712632107028,4.234186790610867,0.03380102169436694,0,4.159999999999968,9.310000000000002,13.349999999999966,298.0233333333333,295.77000000000004,0.19139836277979724,3.3014996592619603,0.0005032712632107028,0.014147735002040474,0.019661480594973524
2019-09-10,297.36,298.2,295.97,298.13,272.97,57947100.0,266.7955,294.50699999999995,-0.0002197560707613,58.782121336000245,1.170728020138938,0.0391949880891997,1,7.389999999999986,0.0010634046461313,0.1304479294892928,0,0.2564869381651861,0.0773697913832413,0,0,0,0,0,0,0,0,0,0,0,0,10,1,9,2019,293.77700000000004,1.2442364835459327,291.39,300.1352387045661,282.64476129543385,-0.00023474178403748436,4.179202608686304,0.13044792948929285,0,0.3100000000000023,5.550000000000011,10.129999999999995,298.1266666666666,297.24800000000005,0.07505553460323162,1.7990191772493065,-0.00023474178403748436,0.0010408971862199135,0.02541789915388315
2019-09-11,298.47,300.34,297.75,300.25,274.91,68821100.0,267.148,294.5988,0.0071070080961277,61.59230826096001,1.5155269612883444,0.3344613827290287,1,6.2099999999999795,0.0074002792524541,0.1876539119300189,0,0.2607529246195795,0.099699511863357,0,0,0,0,0,0,0,0,0,0,0,0,11,2,9,2019,295.11499999999995,1.2975728709737266,291.775,301.33099811635816,282.2190018836418,0.007110991849193393,3.8511506217125917,0.1876539119300189,0,2.1999999999999886,7.800000000000011,13.379999999999995,298.85999999999996,298.48999999999995,1.2042840196315052,0.9942082277441533,0.007110991849193393,0.00738131186042601,0.021119575567949855
2019-09-12,301.25,302.46,300.41,301.29,275.86,72908700.0,267.944,294.69599999999997,0.0034556764031865,62.92761862049307,1.844181095108695,0.636405325204962,0,3.4700000000000273,0.010342928428553,0.0593945752102189,0,0.2628419386049784,0.1080933839835079,0,0,0,0,0,0,0,0,0,0,0,0,12,3,9,2019,296.355,1.3262505812610377,292.6445,302.3396997916412,282.9493002083588,0.0034637801831807202,3.6130358118601698,0.05939457521021896,0,3.090000000000032,10.550000000000011,12.400000000000034,299.88999999999993,299.184,1.61046577111649,1.4947173646265162,0.0034637801831807202,0.010362173038229505,0.011651333019945032
2019-09-13,301.78,302.17,300.68,301.09,275.68,62104800.0,268.697,294.7418,-0.0006525048937867,62.477765395013115,2.066298366961007,0.922383933556171,0,3.0399999999999636,0.0099101796055275,-0.1481839615848315,0,0.2624461254287976,0.0859076136050711,0,0,0,0,0,0,0,0,0,0,0,0,13,4,9,2019,297.206,1.2558126809923138,293.4665,303.09858445767776,283.83441554232223,-0.0006638122738891195,3.627270783018506,-0.1481839615848315,0,2.9599999999999795,7.0499999999999545,8.509999999999991,300.8766666666666,299.79200000000003,0.5518453889171901,1.535845044305459,-0.0006638122738891195,0.009928554657364197,0.01019963093440679
2019-09-16,299.84,301.14,299.45,300.16,274.82,58191200.0,269.2145,294.7758,-0.0031195589088799,60.31844390435171,2.148170322207534,1.1675412112864436,1,1.9600000000000364,-0.0003163873994801,-0.0630160631706405,0,0.260555018031489,0.0778710498685454,0,0,0,0,0,0,0,0,0,0,0,0,16,0,9,2019,297.977,1.0774943616289705,294.03200000000004,303.83995921687267,284.2240407831274,-0.0030887774419606773,3.3095150702189584,-0.06301606317064057,0,-0.08999999999997499,2.340000000000032,7.710000000000036,300.84666666666664,300.184,0.6030201765025932,1.251790717379968,-0.0030887774419606773,-0.00029975020815975473,0.0065727699530517825
2019-09-17,299.94,301.02,299.75,300.92,275.52,41475500.0,269.6075,294.8578,0.0025471217524197,61.48978423833491,2.243674898857023,1.3827679488005595,1,2.7900000000000205,-0.0012249420502469,-0.2872547739177058,0,0.2620942914944145,0.0435454191319747,0,0,0,0,0,0,0,0,0,0,0,0,17,1,9,2019,298.995,0.9463024507732416,294.4615,304.67755261340386,284.24544738659614,0.0025319829424306217,2.2236069296942365,-0.2872547739177058,0,-0.37000000000000455,2.8700000000000045,10.180000000000007,300.7233333333333,300.742,0.4952103929336183,0.5083994493703956,0.0025319829424306217,-0.0012280527066945712,0.009358333612853542
2019-09-18,300.49,301.22,298.24,301.1,275.69,73375800.0,270.112,294.93600000000004,0.0006170150987225,61.7775614438014,2.3064927307179346,1.5675129051840346,0,0.8500000000000227,4.457794226242484e-05,0.769135995949416,0,0.2624681150496964,0.1090525721788603,0,0,0,0,0,0,0,0,0,0,0,0,18,2,9,2019,299.701,0.8123546968144038,295.01200000000006,305.41139729022007,284.61260270978005,0.000598165625415481,1.4679725247223845,0.769135995949416,1,0.010000000000047748,2.900000000000034,7.060000000000002,300.72666666666663,300.912,0.4989321930578027,0.44030671141896327,0.000598165625415481,3.321266066635964e-05,0.0028309741881766826
2019-09-19,301.53,302.63,300.71,301.08,275.67,76560500.0,270.50699999999995,294.9854,-7.254525009969814e-05,61.722370831470855,2.32782872171191,1.7195760684896098,0,-0.21000000000003638,0.0030915916010426,0.0434025932255592,0,0.2624241358078987,0.1155923423474298,0,0,0,0,0,0,0,0,0,0,0,0,19,3,9,2019,300.027,0.6690863429487828,295.44350000000003,306.0949811646003,284.79201883539974,-6.64231152441852e-05,1.3619924130992014,0.04340259322555928,0,0.9199999999999591,2.9499999999999886,3.259999999999991,301.0333333333333,300.87,0.09865765691921494,0.4037325849129085,-6.64231152441852e-05,0.00306503198294239,-0.0006970028875835643
2019-09-20,300.36,300.67,297.41,298.28,274.36,89565000.0,270.841,294.96479999999997,-0.0047520586208147,54.39562477022291,2.2135155668301536,1.8183639681577184,0,-2.8100000000000023,-0.0042075887721918,0.1698591310140347,0,0.2595434954701381,0.1422970370304963,0,0,0,0,0,0,0,0,0,0,0,0,20,4,9,2019,300.05,0.34854829294999545,295.7395,306.360758823691,285.118241176309,-0.009299853859439433,1.3263735019492582,0.16985913101403471,0,-2.640000000000043,-1.9700000000000273,0.22999999999996135,300.15333333333325,300.308,1.6223850755202665,1.197129901104734,-0.009299853859439433,-0.00877309583942587,-0.009332757647215084
2019-12-02,314.59,314.66,311.17,311.64,286.65,75767800.0,285.66150000000005,302.6406,-0.0085088720556191,59.56607099119361,2.820634883112348,2.969412494571016,0,0.6800000000000068,-0.0077653587553309,1.0705714527761003,0,0.28656873955493,0.1139645357054776,0,0,0,0,0,0,0,0,0,0,0,0,2,0,12,2019,312.483,-0.14982522816358657,310.562,315.43843558347874,305.6855644165213,-0.008494798129235481,1.733308012635907,1.0705714527761003,1,-2.4399999999999977,0.8700000000000045,-0.1500000000000341,313.81,313.776,1.968222548367858,1.414966430750074,-0.008494798129235481,-0.0077687213448802694,0.002186776434268012
2019-12-03,308.65,309.64,307.13,309.55,284.73,73941700.0,285.7615,302.8674,-0.0066980638409208,52.487544364970496,2.438016858004005,2.863133367257614,1,-3.819999999999993,-0.0189286354726797,-0.0241012672929661,0,0.2823467323423344,0.1102146458242252,0,0,0,0,0,0,0,0,0,0,0,0,3,1,12,2019,312.236,-0.45104183811331033,310.671,315.35065340594974,305.99134659405024,-0.006706456167372532,1.9668711758077617,-0.024101267292966133,0,-5.930000000000007,-0.7199999999999704,-2.4699999999999704,311.83333333333326,313.012,2.38588208703648,2.3866440874474644,-0.006706456167372532,-0.018796754152402673,-0.012190062864983808
2019-12-04,310.7,312.12,310.32,311.46,286.49,49080000.0,285.9655,303.17920000000004,0.0061812945597583,57.462483895043114,2.250860093511619,2.7406787125084158,1,-2.6200000000000045,-0.0090256413367816,-0.3362338166420301,0,0.2862169056205471,0.0591612329439151,0,0,0,0,0,0,0,0,0,0,0,0,4,2,12,2019,312.18899999999996,-0.5223547166510221,310.89250000000004,315.2715449871881,306.51345501281196,0.006170247132934792,1.980563612263795,-0.3362338166420301,0,-2.8500000000000227,0.5,-0.4700000000000273,310.88333333333327,312.488,1.1582026304769542,2.381148882398335,0.006170247132934792,-0.009067481149183987,-0.008341823739174803
2019-12-05,312.23,312.25,310.58,312.02,287.0,40709000.0,286.1915,303.4672,0.0017801668470103,58.82382110202844,2.1192602342254645,2.616395016851825,1,-3.4600000000000364,0.0012633975658478,-0.1705582722086389,0,0.2873383762863928,0.0419714140972121,0,0,0,0,0,0,0,0,0,0,0,0,5,3,12,2019,312.31399999999996,-0.5307933454762854,311.13849999999996,315.1772635483916,307.09973645160835,0.0017979836897192847,1.9195612924719894,-0.17055827220863895,0,0.37999999999999545,-1.3500000000000227,1.25,311.00999999999993,311.796,1.2950289571704925,1.699420489503798,0.0017979836897192847,0.0012193556667949856,-0.010967414733105252
2019-12-06,314.12,315.31,314.11,314.87,289.62,48927000.0,286.499,303.8246,0.0091289198606272,64.96843554068852,2.201006666588455,2.5333173467991514,0,0.5600000000000023,0.0170903812673959,0.2018718219558328,0,0.293099656961914,0.0588470479858998,0,0,0,0,0,0,0,0,0,0,0,0,6,4,12,2019,312.774,-0.35202901024598754,311.473,315.5837571078594,307.3622428921406,0.0091340298698801,1.9264717317766353,0.20187182195583286,0,5.319999999999993,0.7900000000000205,4.600000000000023,312.78333333333325,311.908,1.8286698261959067,1.9117191216665568,0.0091340298698801,0.01718623808754649,0.001781680506506289
2019-12-09,314.44,315.18,313.8,313.88,288.71,34838500.0,286.726,304.1942,-0.0031420482010912,61.53337534984897,2.1673777270826804,2.460129422855857,0,2.240000000000009,0.0077670385065463,-0.2879493939951356,0,0.2910986014601108,0.0299163631427777,0,0,0,0,0,0,0,0,0,0,0,0,9,0,12,2019,313.066,-0.3095580894539598,311.71999999999997,315.78568567400583,307.6543143259941,-0.0031441547305237627,1.8403393406896404,-0.28794939399513564,0,2.420000000000016,-1.6000000000000227,2.920000000000016,313.59,312.356,1.446962335343983,2.0875895190737324,-0.0031441547305237627,0.0077698580877159085,0.007187780772686558
2019-12-10,313.82,314.55,312.81,313.53,288.39,52649800.0,286.96400000000006,304.5294,-0.0011083786498562,60.31913521952604,2.0908037405515074,2.3862642863949874,1,3.9799999999999613,0.0048784930096797,0.5112533547655611,0,0.2903949335913448,0.0664918045983124,0,0,0,0,0,0,0,0,0,0,0,0,10,1,12,2019,313.082,-0.3131907858910399,311.979,315.80591991029553,308.15208008970444,-0.001115075825156131,1.8439679438045735,0.5112533547655611,1,1.509999999999991,-0.7800000000000296,0.15999999999996817,314.0933333333333,313.152,0.6950059951081535,1.3936175946608238,-0.001115075825156131,0.0048394333696557545,0.012857373606848466
2019-12-11,314.03,314.7,313.44,314.42,289.21,53429100.0,287.21349999999995,304.953,0.0028433718228786,62.35348340849908,2.0723961586190853,2.323490660839808,1,2.9600000000000364,-0.0014070550280688,0.0148015756944945,0,0.2921980825050575,0.0680920943877325,0,0,0,0,0,0,0,0,0,0,0,0,11,2,12,2019,313.116,-0.2656821761949244,312.25,315.9605740795484,308.5394259204516,0.0028386438299365935,1.8673998560092377,0.014801575694494584,0,-0.44999999999998863,2.7800000000000296,0.34000000000003183,313.9433333333333,313.74399999999997,0.4483674087582873,1.0910224562993638,0.0028386438299365935,-0.0014291612411471144,0.009503628074231107
2019-12-12,314.43,317.99,314.17,317.13,291.7,96389600.0,287.58250000000004,305.5344,0.0086096608001107,67.7715842448604,2.23298969233457,2.30539046713876,1,5.110000000000014,0.0103446539731331,0.8040655747523353,0,0.2976734981088925,0.156311328955142,0,0,0,0,0,0,0,0,0,0,0,0,12,3,12,2019,313.281,-0.07185597484110229,312.6515,316.6392225329524,308.6637774670476,0.008619044590038705,2.150867783529088,0.8040655747523353,1,3.25,7.579999999999984,1.6499999999999773,315.02666666666664,314.76599999999996,1.8751088857008005,1.417014467163852,0.008619044590038705,0.010354275519306677,0.016377155310557168
2019-12-13,316.87,318.67,316.02,317.32,291.88,81503900.0,287.93999999999994,306.0724,0.0006170723345904,68.11803093419493,2.347722635361322,2.3138569007832728,1,2.4499999999999886,0.0120701049575797,-0.1544326358860291,0,0.2980693112850734,0.1257435967360084,0,0,0,0,0,0,0,0,0,0,0,0,13,4,12,2019,313.582,0.042861830044487625,313.04,317.25109486948656,308.8289051305135,0.0005991233878850366,2.494098812976343,-0.15443263588602918,0,3.7900000000000205,5.860000000000014,3.009999999999991,316.28999999999996,315.256,1.622251521773912,1.8264254707358438,0.0005991233878850366,0.012088157433100655,0.007780988979578796
2019-12-16,319.22,320.15,317.25,319.5,293.88,82749700.0,288.2945,306.5754,0.0068521310127449,71.85626709769181,2.5704026034266008,2.365166041311938,1,5.6200000000000045,0.016078864147446,0.0152851581335371,0,0.3024672354648605,0.1283018426229064,0,0,0,0,0,0,0,0,0,0,0,0,16,0,12,2019,314.368,0.22888178793017522,313.4255,318.4427401776092,308.4082598223908,0.00687003655615781,3.0010768437718074,0.015285158133537147,0,5.079999999999984,7.480000000000018,7.860000000000014,317.9833333333333,316.38,1.3169029323481882,2.4054417474041863,0.00687003655615781,0.016156733032249848,0.017904931821078218
2019-12-17,319.92,320.25,319.48,319.57,293.95,61097700.0,288.642,307.1052,0.0002381924595071,71.96991781975201,2.7211586740939997,2.4363645678683508,1,6.0400000000000205,0.0077073958068425,-0.2616565377276292,0,0.302621162811153,0.0838395373226061,0,0,0,0,0,0,0,0,0,0,0,0,17,1,12,2019,315.37,0.31466414184043057,313.803,319.43847371565295,308.16752628434705,0.00021909233176842235,2.884167509390428,-0.2616565377276292,0,2.4399999999999977,4.699999999999989,10.019999999999982,318.7966666666666,317.588,1.2793097096580746,2.115530666323995,0.00021909233176842235,0.00769400561284006,0.019264504194176135
2019-12-18,320,320.25,319.53,319.59,293.97,48133000.0,288.9945,307.7264,6.803878210592806e-05,72.00470283672664,2.809857491008984,2.5110631524964777,1,5.169999999999959,0.007158362254358,-0.2121962037850852,0,0.302665142052951,0.0572165717985528,0,0,0,0,0,0,0,0,0,0,0,0,18,2,12,2019,316.183,0.32921458834322737,314.18600000000004,320.2825609977934,308.0894390022067,6.258409738069126e-05,2.8042905618991516,-0.2121962037850852,0,2.269999999999982,5.7099999999999795,8.129999999999995,319.5533333333333,318.62199999999996,0.04725815510281973,1.2774858121166224,6.258409738069126e-05,0.007153661918567922,0.016442974365498353
2019-12-19,319.8,320.98,319.52,320.9,295.17,85310500.0,289.4605,308.31899999999996,0.0040820491886925,74.2580841963065,2.943056193822656,2.597461760761713,0,3.769999999999982,0.0043882804303057,0.7723910830407412,0,0.3053038965608232,0.1335604363515692,0,0,0,0,0,0,0,0,0,0,0,0,19,3,12,2019,317.071,0.37992993650986495,314.6925,321.2364770017792,308.1485229982208,0.0040990018461153355,2.7449041675238735,0.7723910830407412,1,1.3999999999999773,7.3700000000000045,8.879999999999995,320.0199999999999,319.376,0.7621679604190504,1.2892362080552562,0.0040990018461153355,0.004381846635367781,0.01188786932803576
2020-03-04,306.12,313.1,303.33,312.86,289.19,176613400.0,299.908,325.2132,0.0420510233496684,44.11561069534732,-5.788087015221379,-3.098921851508463,0,1.3600000000000136,0.0566939738684924,-0.4115615059817264,1,0.2921541032632597,0.3210506180716313,0,0,0,0,0,0,0,0,0,0,0,0,4,2,3,2020,313.296,-2.894603221487986,324.45449999999994,353.82346966186935,295.0855303381305,0.04203304023447907,14.069504611037226,-0.41156150598172647,0,16.600000000000023,-9.560000000000002,-25.47999999999996,307.39666666666665,303.192,6.478165892692835,7.370696710632214,0.04203304023447907,0.05603186390332815,0.004365971107544109
2020-03-05,304.98,308.47,300.01,302.46,279.58,186366800.0,298.503,324.8478,-0.0332307479511739,38.12162137520069,-6.2208385962105694,-3.723305200448885,0,4.949999999999989,-0.0198451545829552,0.055224575258729,1,0.2710220775793824,0.3410791904213426,0,0,0,0,0,0,0,0,0,0,0,0,5,3,3,2020,309.847,-2.6885205973076403,322.93449999999996,353.5272425870876,292.34175741291233,-0.03324170555520056,11.645265179939376,0.055224575258729036,0,-6.6299999999999955,-10.189999999999998,-34.49000000000001,305.18666666666667,304.18199999999996,6.7373684278992165,6.720470221653129,-0.03324170555520056,-0.02145006308842079,0.01663809619844714
2020-03-06,293.15,298.78,290.23,297.46,274.96,228667200.0,296.8155,324.3726,-0.0165247871807712,35.61613628789401,-6.857543241188296,-4.350152808596767,0,1.1999999999999886,-0.0077045117822767,0.2269739030771576,0,0.2608628727240741,0.4279429119770797,0,0,0,0,0,0,0,0,0,0,0,0,6,4,3,2020,306.245,-2.700383587174221,321.1085,353.1704433440926,289.0465566559074,-0.016531111551940758,8.728528258277699,0.2269739030771576,0,-2.7800000000000296,-14.04000000000002,-36.02000000000004,304.25999999999993,304.42199999999997,7.8562077365559615,6.379617543405471,-0.016531111551940758,-0.009259259259259411,0.004050496185782793
2020-03-09,275.3,284.19,273.45,274.23,253.48,309417300.0,294.136,323.4326,-0.0781204538842013,26.802430854747286,-8.99174154433399,-5.278470555744212,1,-34.85999999999996,-0.1278759890161465,0.3531337244694472,1,0.2136291670331602,0.5937629562792124,0,0,0,0,0,0,0,0,0,0,0,0,9,0,3,2020,301.426,-4.005470079055128,318.21,355.75034469740257,280.6696553025974,-0.07809453371881925,11.627490605361666,0.35313372446944724,0,-38.629999999999995,-23.279999999999973,-48.19,291.38333333333327,297.45,15.064117409701726,14.22603950508055,-0.07809453371881925,-0.12347375823051843,-0.11278268465495478
2020-03-10,284.64,288.52,273.5,288.42,266.6,276444100.0,291.998,322.74219999999997,0.0517595076534638,37.050090773279805,-9.514754556264847,-6.12572735584834,0,-11.819999999999993,-0.0428857334115087,-0.1065654699979606,1,0.242479549652564,0.5260526068829506,0,0,0,0,0,0,0,0,0,0,0,0,10,1,3,2020,299.003,-3.655522961048039,315.89700000000005,354.77005292872946,277.02394707127064,0.05174488567990365,11.553043899047948,-0.10656546999796068,0,-14.039999999999964,-7.839999999999975,-24.22999999999996,286.7033333333333,295.086,11.70975803905818,14.623056452059107,0.05174488567990365,-0.04641936123784951,-0.03936850519584334
2020-03-11,280.7,281.94,270.88,274.36,253.6,255316300.0,289.183,321.7722,-0.0487621905476369,32.234625229446664,-10.853129371238992,-7.071207758926471,0,-38.5,-0.0751231367783744,-0.0764270244870481,1,0.2138930424839475,0.4826667444257326,0,0,0,0,0,0,0,0,0,0,0,0,11,2,3,2020,295.289,-4.081094972462894,312.852,354.6144887189425,271.08951128105747,-0.0487483530961792,12.971849392691146,-0.07642702448704819,0,-23.099999999999966,-34.72999999999996,-37.139999999999986,279.00333333333333,287.38599999999997,8.155331589414518,12.966660325623216,-0.0487483530961792,-0.0776575001680897,-0.12305823691107842
2020-03-12,256,266.66,247.68,248.11,229.34,392220700.0,285.05550000000005,320.31280000000004,-0.0956624605678233,25.556201414881443,-13.713301897258702,-8.399626586592918,1,-54.349999999999966,-0.0926651434619965,0.5362148832644058,1,0.1605462221831295,0.7637994448577677,0,0,0,0,0,0,0,0,0,0,0,0,12,3,3,2020,290.349,-5.739073842808967,308.38649999999996,357.1915273127656,259.58147268723434,-0.09567721242163585,19.695766860475793,0.5362148832644058,1,-26.120000000000005,-52.129999999999995,-49.39999999999998,270.2966666666666,276.51599999999996,20.45988839982558,18.689109930653967,-0.09567721242163585,-0.09524851402107726,-0.17969318256959588
2020-03-13,263.09,271.48,248.52,269.32,248.94,329566100.0,281.9245,319.262,0.0854626319002354,36.92699814340773,-14.23436809972702,-9.56657488921974,0,-28.139999999999986,-0.0589620192152249,-0.1597432261989232,1,0.2036458791450435,0.6351384457044243,0,0,0,0,0,0,0,0,0,0,0,0,13,4,3,2020,287.655,-5.040720629611533,304.9995,354.76744127749106,255.23155872250896,0.08548627624843808,20.618254183018244,-0.15974322619892323,0,-19.100000000000023,-43.54000000000002,-26.939999999999998,263.92999999999995,270.88800000000003,13.930351754352605,14.593583178920017,0.08548627624843808,-0.06622286942653088,-0.09460095475021846
2020-03-16,241.18,256.9,237.36,239.85,221.7,297240000.0,277.4065,317.5616,-0.1094239575801397,30.057315029093118,-16.653387282860592,-10.98393736794791,1,-34.380000000000024,-0.1196237862477277,-0.0980868481315281,1,0.1437461518163426,0.5687569138658858,0,0,0,0,0,0,0,0,0,0,0,0,16,0,3,2020,280.731,-6.124863325928565,300.11199999999997,355.0449619081275,245.1790380918724,-0.10942373384821036,23.97325521399938,-0.09808684813152813,0,-34.51000000000002,-62.609999999999985,-69.23999999999998,252.42666666666662,264.01200000000006,15.201823355550056,19.79698386118561,-0.10942373384821036,-0.12578364193031055,-0.12536921562192327
2020-03-17,245.04,256.17,237.07,252.8,233.67,262070500.0,273.52750000000003,316.1694,0.0539918809201622,35.71665139627335,-17.403976246479715,-12.26794514365427,0,-35.620000000000005,0.0300305552402578,-0.1183202126227963,1,0.1700677280323687,0.4965364701997621,0,0,0,0,0,0,0,0,0,0,0,0,17,1,3,2020,275.98699999999997,-5.5483022724456,295.91549999999995,351.83237883814496,239.99862116185494,0.05399207838232245,24.374251008435408,-0.11832021262279635,0,4.689999999999998,-44.65999999999997,-47.44,253.98999999999998,256.88800000000003,14.770995227133861,14.524839758153236,0.05399207838232245,0.018902905969126582,-0.12350045073157201
2020-03-18,236.25,248.37,228.02,240.0,221.84,327597100.0,268.9825,314.4966,-0.0506269525399066,32.88436268532509,-18.737412314882363,-13.56183857789989,1,-34.360000000000014,-0.1060590291998841,0.250034246510004,1,0.1440540065089277,0.6310951111793786,0,0,0,0,0,0,0,0,0,0,0,0,18,2,3,2020,268.701,-5.591727705031419,290.9985,348.4034716575122,233.5935283424877,-0.05063291139240511,22.977102346079544,0.25003424651000405,0,-29.319999999999993,-34.23000000000002,-72.86000000000001,244.2166666666666,250.016,7.433763066802781,12.121218173105152,-0.05063291139240511,-0.10886677558294966,-0.12523691500218692
2020-03-19,239.25,247.38,232.22,240.51,222.31,289322000.0,264.525,312.85220000000004,0.0021186440677967,33.11195635062215,-19.53110254152398,-14.755691370624708,0,-7.600000000000023,0.0054835724480523,-0.1168358938464351,0,0.1450875186911777,0.5524973289144829,0,0,0,0,0,0,0,0,0,0,0,0,19,3,3,2020,262.506,-5.159314439074571,286.1765,343.5335718482018,228.81942815179818,0.0021249999999999325,21.14186799273456,-0.11683589384643511,0,0.6599999999999966,-47.910000000000025,-61.94999999999999,244.4366666666666,248.496,7.247346640899738,12.873178706132043,0.0021249999999999325,0.0027517198248905306,-0.030631574704768183
2020-03-20,242.53,244.47,228.5,228.8,212.73,347158800.0,259.749,310.93919999999997,-0.0430929782735819,30.55028658523159,-20.694579470755716,-15.94346899065091,0,-40.51999999999998,-0.0916012867456919,0.1999046045582431,1,0.1240214618699973,0.6712649928343242,0,0,0,0,0,0,0,0,0,0,0,0,20,4,3,2020,255.64000000000001,-5.219415243952362,280.9425,339.17602123133014,222.70897876866985,-0.04868820423267217,19.623398731559462,0.1999046045582431,0,-24.0,-45.56,-68.65999999999997,236.43666666666664,240.392,6.618461553365261,8.496974167313578,-0.04868820423267217,-0.09493670886075944,-0.15045299272241197
2020-06-02,306.55,308.13,305.1,308.08,286.45,74267200.0,273.3705,279.54380000000003,0.0083072265831252,67.2092828836204,6.06772839617031,5.051200645524017,1,9.0,0.0167735516612879,0.3319487861000065,0,0.2861289471369512,0.1108830589211792,0,0,0,0,0,0,0,0,0,0,0,0,2,1,6,2020,300.275,1.108013174321563,294.0165,309.51553645391397,278.51746354608605,0.008280150548191756,5.344125019328976,0.33194878610000655,0,5.109999999999957,13.199999999999989,13.079999999999984,305.9833333333333,304.89,1.917089808341635,2.029322547091754,0.008280150548191756,0.01686635640492451,0.03009228300120359
2020-06-03,310.24,313.22,309.94,312.18,290.26,92567600.0,274.579,281.3284,0.0133007505672892,69.94343668146091,6.549613329679232,5.35088318235506,0,8.650000000000034,0.0256369575356414,0.2464129521511515,0,0.2945069926994458,0.1484628654941338,0,0,0,0,0,0,0,0,0,0,0,0,3,2,6,2020,302.296,1.3029156012703362,295.316,312.26288927206855,278.3691107279314,0.013308231628148537,5.666163114881254,0.24641295215115155,0,7.860000000000014,16.74000000000001,20.20999999999998,308.6033333333333,306.62,3.345838210858727,3.633269877140789,0.013308231628148537,0.025828075709779297,0.028498006786808583
2020-06-04,311.11,313.0,309.08,311.36,289.5,75794400.0,275.8395,282.6926,-0.0026183421759801,68.70947036319268,6.791892256734002,5.639084997230849,1,8.389999999999986,0.0189896349744344,-0.1811994693607698,0,0.2928357815111266,0.1140191587112502,0,0,0,0,0,0,0,0,0,0,0,0,4,3,6,2020,303.739,1.252383808158351,296.6715,314.18829910827753,279.1547008917224,-0.0026266897302837933,5.976698178016685,-0.1811994693607698,0,5.810000000000002,12.28000000000003,14.430000000000007,310.53999999999996,308.298,2.169516075051143,3.4593814476206974,-0.0026266897302837933,0.019014891179839566,0.027692510809651072
2020-06-05,317.23,321.27,317.16,319.34,296.92,150524700.0,277.3115,284.1436,0.0256303972366149,73.59219625198537,7.496220279278532,6.010512053640387,1,15.019999999999982,0.0363128056279241,0.9859607042208922,0,0.309152080218137,0.2674775650378264,0,0,0,0,0,0,0,0,0,0,0,0,5,4,6,2020,306.185,1.6094085664235038,298.2545,317.8355484652828,278.67345153471723,0.025629496402877594,6.8845111986575995,0.9859607042208922,1,11.259999999999991,15.810000000000002,24.45999999999998,314.2933333333333,311.302,4.389730439700261,5.216571671140777,0.025629496402877594,0.03654894832511024,0.04935594111461605
2020-06-08,320.22,323.41,319.63,323.2,300.5,73641200.0,278.7415,285.3836,0.0120571197628991,75.57742256050356,8.248201262419968,6.458049895396303,0,17.649999999999977,0.035069174823534,-0.5107699932303469,0,0.3170243644999559,0.1095975701387116,0,0,0,0,0,0,0,0,0,0,0,0,8,0,6,2020,308.96099999999996,1.9365691050240965,299.79249999999996,321.9656728672229,277.619327132777,0.012087430325045556,7.627158273782669,-0.5107699932303469,1,11.019999999999982,20.22999999999996,27.75999999999999,317.96666666666664,314.832,6.038288940852714,6.225409223509378,0.012087430325045556,0.03530014735088716,0.05776468663066603
2020-06-09,320.3,323.28,319.36,320.79,298.26,77479200.0,280.0565,286.731,-0.0074542429284526,71.94104554042929,8.564674098072999,6.879374735931642,0,12.710000000000036,0.0302332740710614,0.0521175646241505,0,0.3120986894185943,0.1174788895430415,0,0,0,0,0,0,0,0,0,0,0,0,9,1,6,2020,311.13199999999995,1.8233104484096696,301.207,324.89643317176984,277.51756682823014,-0.007456683168316713,7.59181254890928,0.052117564624150514,0,9.430000000000007,16.470000000000027,21.710000000000036,321.10999999999996,317.37399999999997,1.949794860975209,5.306183185695781,-0.007456683168316713,0.030286485097636096,0.041255518047260464
2020-06-10,321.42,322.39,318.22,319.0,296.6,95000800.0,281.5595,287.87800000000004,-0.0055656138939179,69.27496175205202,8.582598124888648,7.220019413723044,0,6.819999999999993,-0.0009627370594714,0.2261458559200404,0,0.3084484123493711,0.1534594330748049,0,0,0,0,0,0,0,0,0,0,0,0,10,2,6,2020,312.679,1.475354036740212,302.82349999999997,326.7356360609994,278.9113639390005,-0.0055799744381059835,7.445382536250908,0.22614585592004044,0,-0.339999999999975,13.449999999999989,15.470000000000027,320.99666666666667,318.738,2.1076131839640033,4.443705660837953,-0.0055799744381059835,-0.0010646959353666219,0.021846370683579863
2020-06-11,311.46,312.15,300.01,300.61,279.5,209243600.0,282.443,288.7352,-0.0576534052596089,49.13030437768612,7.134731215699901,7.202961774118416,1,-10.75,-0.0706732620819795,1.2025456627733662,1,0.270846160612191,0.3880566181829308,0,0,0,0,0,0,0,0,0,0,0,0,11,3,6,2020,312.443,-0.06420178053267733,303.774,325.66164436845014,281.88635563154986,-0.05764890282131652,7.815530194569087,1.2025456627733662,1,-22.589999999999975,-7.46999999999997,-2.3600000000000136,313.46666666666664,316.588,11.170113398405281,9.08381913074888,-0.05764890282131652,-0.06989480198019793,-0.03452595066803699
2020-06-12,308.24,309.08,298.6,304.21,282.85,194678900.0,283.3375,289.89639999999997,0.0119856887298748,52.06868715586427,6.186291543649361,6.999627728024605,1,-15.129999999999995,-0.051233330423652,-0.0696064300174533,0,0.2782126836133345,0.358148058326692,0,0,0,0,0,0,0,0,0,0,0,0,12,4,6,2020,312.432,-0.8664262039892332,304.736,324.85283712713675,284.6191628728632,0.011975649512657505,7.828300227025235,-0.06960643001745337,0,-16.58000000000004,-7.970000000000027,-0.11000000000001364,307.94,313.562,9.745906833122842,10.367269167922384,0.011975649512657505,-0.051684902895975715,-0.04737896912381789
2020-06-15,298.02,308.28,296.74,307.05,285.49,135782700.0,284.303,291.00079999999997,0.0093335690295208,54.31082874353971,5.583311270177944,6.716364436455273,1,-16.149999999999977,-0.0363341475002132,-0.3025299608740341,0,0.2840179435306534,0.2372049202596523,0,0,0,0,0,0,0,0,0,0,0,0,15,0,6,2020,312.582,-1.2109783283166387,305.77450000000005,324.0315353288739,287.5174646711262,0.009335656290062833,7.695016857970057,-0.30252996087403417,0,-11.949999999999989,-4.310000000000002,1.5,303.95666666666665,310.332,3.2274654658495314,9.045325864784994,0.009335656290062833,-0.03746081504702192,-0.04996905940594054
2020-06-16,315.48,315.64,307.67,312.96,290.98,137627500.0,285.13800000000003,292.2962,0.0192300956250657,58.64607949668426,5.485212067085683,6.470133962581356,0,-7.830000000000041,0.0405493533844614,0.0135864141750017,0,0.2960902454041693,0.2409932105246622,0,0,0,0,0,0,0,0,0,0,0,0,16,1,6,2020,313.07,-1.0519280379468086,306.6725,324.48266661908997,288.86233338091006,0.0192476795310208,7.530773901502727,0.013586414175001726,0,12.349999999999966,-6.3799999999999955,4.8799999999999955,308.07333333333327,308.76599999999996,4.46385857003151,7.289487636325721,0.0192476795310208,0.04108313096703364,-0.02440849153651936
2020-06-17,314.07,314.39,310.86,311.66,289.77,83398900.0,286.053,293.23220000000003,-0.004158361399409,57.35686000063545,5.249319961334436,6.225971162331972,1,-7.339999999999975,0.0244053032551775,-0.3940244500554032,0,0.2934295012753979,0.1296349725231906,0,0,0,0,0,0,0,0,0,0,0,0,17,2,6,2020,313.018,-1.0432949888278813,307.65700000000004,324.2421561343192,291.0718438656809,-0.0041538854805724945,7.539392548474912,-0.3940244500554032,0,7.4500000000000455,-11.539999999999964,-0.5199999999999818,310.5566666666666,307.298,3.1056453972144245,5.133514390760286,-0.0041538854805724945,0.02448966174681977,-0.023009404388714683
2020-06-18,310.01,312.3,309.51,311.78,289.89,80828700.0,286.7435,294.16519999999997,0.0004141215446733,57.44984472458478,5.01425554843712,5.983628039553002,0,11.169999999999959,0.01548585577033,-0.0308181522777878,0,0.2936933767261851,0.1243570759278261,0,0,0,0,0,0,0,0,0,0,0,0,18,3,6,2020,313.06,-1.0363941482215981,308.3995,324.31327701866354,292.48572298133644,0.0003850349740099901,7.530294372289332,-0.030818152277787836,0,4.729999999999961,-9.010000000000048,0.4199999999999591,312.13333333333327,309.532,0.7184242014549487,3.7355414601028247,0.0003850349740099901,0.015404657221950613,0.03715777918232921
2020-08-28,349.44,350.72,348.15,350.58,327.4,48588900.0,315.855,325.19780000000003,0.0064555794651091,80.03435694008932,6.043059080898729,5.40042858019938,0,11.099999999999966,0.018693987416503,-0.1627525885643096,0,0.376176444718093,0.0581527608335799,0,0,0,0,0,0,0,0,0,0,0,0,28,4,8,2020,342.506,0.7004989658212777,338.22,349.7463957939899,326.69360420601015,0.006459391955903948,4.926685160091416,-0.16275258856430963,0,6.4599999999999795,13.349999999999966,13.740000000000009,348.82666666666665,346.704,1.5652582320924031,3.1389855049372724,0.006459391955903948,0.018772521213530124,0.032697066101095684
2020-08-31,350.35,351.3,349.06,349.31,326.21,66099200.0,316.813,326.0112,-0.0036346976175931,76.18489850577035,6.110203657714692,5.542383595702443,1,6.389999999999986,0.0050082566896245,0.3603765469068039,0,0.3735596798311196,0.0941100998553722,0,0,0,0,0,0,0,0,0,0,0,0,31,0,8,2020,343.646,0.6197325202291228,339.246,350.884717111422,327.60728288857797,-0.003622568315363006,5.062116816773895,0.3603765469068039,0,1.740000000000009,11.03000000000003,11.399999999999977,349.4066666666666,347.98199999999997,1.1281105145912693,2.4351119071221605,-0.003622568315363006,0.0050061858042984575,0.018634083751312147
2020-09-01,350.21,352.71,349.24,352.6,329.28,54908700.0,317.8655,326.8508,0.0094111155390699,79.0024316793628,6.338078142026745,5.701522504967304,1,8.480000000000018,0.0122319973865858,-0.1692985694229279,0,0.3803104934470929,0.0711304477464211,0,0,0,0,0,0,0,0,0,0,0,0,1,1,9,2020,345.04200000000003,0.692823228991279,340.373,352.5864583144868,328.1595416855132,0.009418568034124553,5.439068139141185,-0.16929856942292798,0,4.270000000000039,13.120000000000005,13.960000000000036,350.83,349.678,1.659186547617248,1.9841799314100825,0.009418568034124553,0.012258490511871,0.0246425665465535
2020-09-02,354.67,358.75,353.43,357.7,334.05,69540000.0,319.0605,327.76379999999995,0.0144861516034986,82.46555253740715,6.824896291934749,5.926197262360794,0,10.129999999999995,0.0202625695249754,0.2664659698736265,0,0.3907995426158852,0.1011757704667371,0,0,0,0,0,0,0,0,0,0,0,0,2,2,9,2020,347.089,0.9724479728917501,341.65250000000003,355.40057750195297,327.9044224980471,0.014463981849120788,5.995801216036178,0.2664659698736265,0,7.1200000000000045,14.779999999999973,20.46999999999997,353.2033333333333,351.704,4.2274144974346415,3.712590739660556,0.014463981849120788,0.020309201894004314,0.029145208159507385
2020-09-03,355.87,356.38,342.59,345.39,322.55,148011100.0,319.577,328.58979999999997,-0.0344259841341116,57.71998515709023,6.211151010045796,5.983188011897795,0,-2.9399999999999977,-0.0105287169915431,1.1284311187805578,1,0.3655114785821092,0.262315896341963,0,0,0,0,0,0,0,0,0,0,0,0,3,3,9,2020,347.8,0.2535839249527214,342.20550000000003,355.6165543582414,328.79444564175867,-0.03441431367067371,5.204480975296283,1.1284311187805578,1,-3.920000000000016,1.2699999999999818,7.110000000000014,351.8966666666667,351.116,6.185065345905769,4.524580643574892,-0.03441431367067371,-0.011222123615126978,-0.008440272155714412
2020-09-04,346.13,347.83,334.87,342.57,319.92,139156300.0,319.9505,329.2942,-0.0081537746085877,53.74156291669338,5.449713526969788,5.8764931149121935,0,-8.009999999999991,-0.0280936071392008,-0.059825242836517,0,0.3597282082856892,0.2441325959090654,0,0,0,0,0,0,0,0,0,0,0,0,4,4,9,2020,348.109,-0.44837785193942636,342.6055,355.5508767422854,329.6601232577146,-0.00816468340137233,4.725289996979481,-0.05982524283651702,0,-10.03000000000003,-5.0,3.089999999999975,348.5533333333333,349.514,8.045758717059202,5.954034766459665,-0.00816468340137233,-0.02844583096993769,-0.022847852130754687
2020-09-08,336.71,342.64,332.88,333.21,311.18,114465300.0,319.8405,329.9574,-0.0273193298324581,43.11830418203455,4.093832723682681,5.519961036666291,1,-16.100000000000023,-0.0698990885751575,-0.1774335764891708,0,0.3405092796200193,0.1934297148740703,0,0,0,0,0,0,0,0,0,0,0,0,8,1,9,2020,347.13800000000003,-1.519293194054808,342.4875,355.72693031250606,329.24806968749397,-0.02732288291444085,6.553890786734485,-0.1774335764891708,0,-24.49000000000001,-15.120000000000005,-9.710000000000036,340.38999999999993,346.294,6.375923462513134,9.430521194515508,-0.02732288291444085,-0.0684651942968969,-0.04609086484784297
2020-09-09,337.55,342.46,336.61,339.79,317.32,91462300.0,320.167,330.664,0.0197313452021337,50.522678643953135,3.4746801544556547,5.110904860224164,0,-12.810000000000002,-0.0157417592389121,-0.2009604657481349,0,0.3540109068519658,0.1461931358595309,0,0,0,0,0,0,0,0,0,0,0,0,9,2,9,2020,346.705,-1.7446059934321152,342.837,355.38609096308187,330.2879090369181,0.019747306503406392,6.908861057447148,-0.20096046574813498,0,-5.599999999999966,-10.789999999999964,-4.329999999999984,338.5233333333333,343.73199999999997,4.806842345361932,9.020200662967687,0.019747306503406392,-0.016213555690668402,-0.03633011911514461
2020-09-10,341.82,342.53,332.85,333.89,311.81,90569500.0,320.00100000000003,331.1746,-0.0173641749653346,44.88122132637893,2.5104474560076824,4.590813379380867,1,-23.810000000000002,-0.0249521595956589,-0.0097613989589152,0,0.3418946257366523,0.1443597742221714,0,0,0,0,0,0,0,0,0,0,0,0,10,3,9,2020,345.337,-2.220568366297538,342.65950000000004,355.6031431888284,329.71585681117165,-0.01736366579357851,7.9885543818083615,-0.009761398958915257,0,-8.680000000000007,-15.420000000000016,-13.680000000000007,335.62999999999994,338.96999999999997,3.618673790194399,5.334622760814153,-0.01736366579357851,-0.02533788714715246,-0.06656415991053954
2020-09-11,335.82,336.97,331.0,334.06,311.97,84680200.0,319.8715,331.6454,0.0005131329976588,45.07154111465299,1.7391489320839923,4.020480489921492,1,-11.329999999999984,0.0028803032344579,-0.0650252016407288,0,0.3422464596710353,0.1322661175343339,0,0,0,0,0,0,0,0,0,0,0,0,11,4,9,2020,343.91,-2.4362479580052057,342.521,355.76693658446635,329.2750634155337,0.0005091497199676276,8.642288791492318,-0.06502520164072889,0,0.8500000000000227,-18.54000000000002,-14.269999999999982,335.9133333333333,336.704,3.3583676590231124,4.214579457098109,0.0005091497199676276,0.0025509438492243852,-0.032803497495584644
2020-09-14,337.49,340.38,334.22,338.46,316.08,65605700.0,319.947,332.17,0.0131743436868927,49.8939392135834,1.4428991035729837,3.50496421265179,1,-4.110000000000014,-0.0036766982807829,-0.2252533650133089,0,0.3512841938604978,0.0930966993535387,0,0,0,0,0,0,0,0,0,0,0,0,14,0,9,2020,342.698,-2.201979644560341,342.602,355.727249864277,329.47675013572297,0.013171286595222265,8.45068412746685,-0.22525336501330895,0,-1.330000000000041,-19.24000000000001,-12.120000000000005,335.46999999999997,335.88199999999995,2.59081068390575,3.0143772159755007,0.013171286595222265,-0.003914182289061041,-0.011997547946405174
2020-09-15,341.12,342.02,338.47,340.17,317.67,52920900.0,320.0525,332.63239999999996,0.0050303720577069,51.66981355710529,1.321188849285761,3.0682091399785847,0,6.960000000000036,0.0187178487422585,-0.1933490535121186,0,0.3547805435834286,0.0670485074879721,0,0,0,0,0,0,0,0,0,0,0,0,15,1,9,2020,341.784,-1.8646241918511137,342.71500000000003,355.7150407691555,329.71495923084456,0.005052295692253184,8.14483367267578,-0.19334905351211862,0,6.28000000000003,-5.21999999999997,-9.139999999999986,337.56333333333333,337.274,3.152147416154168,3.078348583281985,0.005052295692253184,0.018808589655275876,0.02088772845953013
2020-09-16,341.51,343.06,338.52,338.82,316.41,82096000.0,320.0605,333.1332,-0.003966380205874,50.15838420767557,1.1102627087554424,2.6766198537339565,0,-0.9700000000000273,0.0142383355387256,0.5512963687314463,0,0.3520098513501627,0.1269594719885628,0,0,0,0,0,0,0,0,0,0,0,0,16,2,9,2020,340.406,-1.6713726432392662,342.724,355.7129882592796,329.7350117407204,-0.003968603933327541,7.225383034829172,0.5512963687314463,1,4.759999999999991,-3.75,-13.78000000000003,339.1499999999999,337.08,0.9014987519844504,2.9058819659776103,-0.003968603933327541,0.014248937316649668,-0.0028547043762324753
2020-09-17,333.56,337.7,332.99,335.84,313.63,91523300.0,319.9955,333.52639999999997,-0.0087860687083215,46.89727218098085,0.7105882373000441,2.283413530447174,0,1.9499999999999886,-0.0077220768564886,0.1148326349639445,0,0.3458967367402585,0.1463183991434455,0,0,0,0,0,0,0,0,0,0,0,0,17,3,9,2020,338.22,-1.6787865911553355,342.6545,355.7745449313142,329.53445506868576,-0.008795230505873386,3.997713235226804,0.11483263496394458,0,-2.6200000000000045,2.6299999999999955,-21.860000000000014,338.2766666666666,337.46999999999997,2.215543575099662,2.4686838599129026,-0.008795230505873386,-0.007740944277019435,0.005840246787864212
2020-11-27,363.84,364.18,362.58,363.67,340.98,28514100.0,330.64250000000004,343.8424,0.002793871129018,64.29848960587591,5.191627673881953,4.603717447894874,0,5.890000000000043,0.0173493186928586,-0.3709787363586427,0,0.4060383498988477,0.0169292301462315,0,0,0,0,0,0,0,0,0,0,0,0,27,4,11,2020,359.769,0.6399686470529922,352.644,373.49499652293997,331.79300347706004,0.002784977665030608,3.1270484841512785,-0.37097873635864276,0,6.210000000000036,3.0500000000000114,10.460000000000036,363.18333333333334,360.46799999999996,0.5059973647061417,3.8104553533957963,0.002784977665030608,0.017372573155038484,0.016462630666890465
2020-11-30,362.83,363.12,359.17,362.06,339.47,83872700.0,332.3075,344.4706,-0.0044284122235908,61.84374708057446,5.109689067856266,4.7049117718871525,1,6.730000000000018,-0.0031908013717633,1.9414465124271847,0,0.4027179171431084,0.130607919144809,0,0,0,0,0,0,0,0,0,0,0,0,30,0,11,2020,360.165,0.44377406654664053,354.42,371.84400068869513,336.9959993113049,-0.004427090494129371,3.1429082427320325,1.9414465124271851,1,-1.160000000000025,5.78000000000003,3.9599999999999795,362.7966666666666,361.814,0.8136543081006102,2.5077440061186596,-0.004427090494129371,-0.0031936567369639235,0.018940140151408658
2020-12-01,365.57,367.68,364.93,366.02,343.18,74231400.0,333.9865,345.25159999999994,0.0109288007776828,65.34794159876358,5.283216495410443,4.82057271659181,1,8.560000000000002,0.0092942596831101,-0.1149515873460613,0,0.4108760664966135,0.1108095437479965,0,0,0,0,0,0,0,0,0,0,0,0,1,1,12,2020,360.51,0.5048582090515783,356.21099999999996,370.36569519274923,342.0563048072507,0.010937413688338893,3.5933209647297586,-0.11495158734606137,0,3.359999999999957,8.240000000000009,3.4499999999999886,363.9166666666666,363.526,1.9914902292221568,1.5193353810880081,0.010937413688338893,0.009264876192576876,0.023946735299054556
2020-12-02,364.82,366.96,364.2,366.79,343.91,45927000.0,335.429,345.9814,0.0021271635876216,66.00176296253072,5.417197055512304,4.93989758437591,0,3.569999999999993,0.0086275521417137,-0.3812995578690419,0,0.4124813088222359,0.052686558613052,0,0,0,0,0,0,0,0,0,0,0,0,2,2,12,2020,361.127,0.5192685175769851,357.74899999999997,369.2303812757713,346.2676187242286,0.002103710179771623,4.107270112591682,-0.3812995578690419,0,3.1200000000000045,11.460000000000036,6.170000000000016,364.95666666666665,364.24,2.537958497116213,2.076330898538734,0.002103710179771623,0.008579206423405816,0.009828753923242006
2020-12-03,366.68,368.19,365.5,366.69,343.81,62882000.0,336.514,346.8624,-0.000290773748946,65.82804888651282,5.452455932452324,5.042409253991193,1,4.029999999999973,0.0127651906163585,0.3691728177324884,0,0.4122614126132465,0.0875035910519302,0,0,0,0,0,0,0,0,0,0,0,0,3,3,12,2020,362.168,0.44696427349142187,358.9065,369.00957136467065,348.80342863532934,-0.0002726355680362502,4.061249944428754,0.36917281773248845,0,4.6299999999999955,9.230000000000018,10.410000000000025,366.5,365.046,0.41868842800657946,2.0918006597732033,-0.0002726355680362502,0.012787935701265019,0.011112336623834818
2020-12-04,367.32,369.85,367.22,369.85,346.77,50749900.0,337.433,347.7894,0.0086094063581629,68.63714637663028,5.654069514870287,5.164741306167011,0,6.180000000000007,0.0104457961968386,-0.1929343850386438,0,0.4187703403993315,0.0625903666784879,0,0,0,0,0,0,0,0,0,0,0,0,4,4,12,2020,363.375,0.5311261977761808,359.887,370.2386628615708,349.5353371384292,0.008617633423327664,4.39233992309473,-0.1929343850386438,0,3.830000000000041,6.6299999999999955,12.07000000000005,367.77666666666664,366.28200000000004,1.7962553641050603,2.786085066940547,0.008617633423327664,0.010463909076006805,0.016993428107900055
2020-12-07,369.02,369.62,367.72,369.09,346.06,48944300.0,338.3205,348.5966,-0.0020474666205264,67.20621868234872,5.6909568570511055,5.26998441634383,1,7.029999999999973,0.0062711659886904,-0.035578395228365,0,0.417209077315507,0.0588825734746166,0,0,0,0,0,0,0,0,0,0,0,0,7,0,12,2020,364.75100000000003,0.4575703917942455,360.8335,370.91266717787835,350.7543328221217,-0.0020548871163986737,3.691420834555434,-0.035578395228365034,0,2.2999999999999545,6.42999999999995,13.759999999999991,368.5433333333333,367.688,1.6494039326599015,1.6751477547460571,-0.0020548871163986737,0.006270618064832645,0.019416671269955277
2020-12-08,367.72,370.78,367.67,370.17,347.07,42458900.0,339.052,349.3162,0.0029185690342714,68.22014235748432,5.735572787739159,5.363102090622896,0,4.150000000000034,0.0094805087719079,-0.1325057258965803,0,0.4194300290262995,0.0455648275483942,0,0,0,0,0,0,0,0,0,0,0,0,8,1,12,2020,366.02200000000005,0.40539769082073107,361.614,372.0406761721852,351.18732382781474,0.002926115581565636,3.0311669919926634,-0.13250572589658038,0,3.480000000000018,6.5,12.710000000000036,369.7033333333333,368.51800000000003,0.5547371747688142,1.6701856184962418,0.002926115581565636,0.009490305162398904,0.011338178241626196
2020-12-09,370.88,371.05,365.95,366.85,343.96,74098300.0,339.65250000000003,350.0058,-0.0089607283833232,61.885770145767964,5.457074468047608,5.381896566107839,0,0.060000000000002274,-0.0080896259695782,0.7451771006785386,0,0.4125912569267305,0.1105362233694878,0,0,0,0,0,0,0,0,0,0,0,0,9,2,12,2020,366.385,0.08764078086464622,362.2545,372.30858668152473,352.2004133184753,-0.008968852149012552,2.8714775522970695,0.7451771006785386,1,-3.0,4.7900000000000205,3.6299999999999955,368.7033333333333,368.53000000000003,1.6934383168788332,1.654811167545012,-0.008968852149012552,-0.008111396512099467,0.00016358134082183895
2020-12-10,365.37,367.86,364.43,366.73,343.85,57735400.0,340.124,350.6426,-0.000319804628445,61.662904677506766,5.1679139672289125,5.339100046332054,0,0.040000000000020464,-0.0063619639774968,-0.2208269285530167,0,0.4123493710968423,0.076935066183164,0,0,0,0,0,0,0,0,0,0,0,0,10,3,12,2020,366.79200000000003,-0.1759050506232258,362.7575,372.64897688667423,352.86602311332575,-0.0003271091726864128,2.555937749200974,-0.22082692855301678,0,-2.359999999999957,0.7100000000000364,4.069999999999993,367.9166666666667,368.538,1.9523660858240242,1.6437518061531255,-0.0003271091726864128,-0.006394104418976254,0.00010908396738384951
2020-12-11,364.9,366.74,363.26,366.3,343.45,57698600.0,340.738,351.2278,-0.0011632979496875,60.81771540304461,4.850561278926762,5.241392292850995,0,-3.5500000000000114,-0.0104438309614558,-0.0006373905783972,0,0.4114697862608848,0.0768594975135238,0,0,0,0,0,0,0,0,0,0,0,0,11,4,12,2020,367.055,-0.4110394729860314,363.412,372.3789807627544,354.44501923724556,-0.0011725247457257115,2.323762514164269,-0.00063739057839729,0,-3.8700000000000045,-0.4900000000000091,2.6299999999999955,366.6266666666666,367.82800000000003,0.28919428258488916,1.7010643727475083,-0.0011725247457257115,-0.010454655968879178,-0.009598485872651108
2020-12-14,368.64,369.8,364.47,364.66,341.91,69216200.0,341.0455,351.8442,-0.0044839132333671,57.57630610908868,4.423797078360337,5.077873249952864,1,-4.42999999999995,-0.0059670158114997,0.1996166284797205,0,0.4080833846424487,0.1005108483137611,0,0,0,0,0,0,0,0,0,0,0,0,14,0,12,2020,367.315,-0.6923225706840626,363.73999999999995,372.37970138370565,355.10029861629425,-0.004477204477204455,1.7860213386841306,0.1996166284797205,0,-2.1899999999999977,-2.0299999999999727,2.6000000000000227,365.8966666666667,366.942,1.0923522019394458,2.005809063752069,-0.004477204477204455,-0.005969742401526479,-0.012002492616976723
2020-12-15,367.4,369.59,365.92,369.59,346.53,63865300.0,341.3745,352.4408,0.0135123278055626,63.819000634852074,4.407571028590496,4.943812805680391,1,-0.5800000000000409,0.0078651166225079,-0.0773070466162545,0,0.4182425894977569,0.089522794118704,0,0,0,0,0,0,0,0,0,0,0,0,15,1,12,2020,367.672,-0.5669254447909857,364.091,373.07556209281256,355.10643790718746,0.013519442768606282,1.8539135782361595,-0.07730704661625454,0,2.859999999999957,-0.26000000000004775,3.569999999999993,366.84999999999997,366.826,2.510597538385172,1.776071507634127,0.013519442768606282,0.0077986529599431975,-0.0015668476645867013
2020-12-16,369.82,371.16,368.87,370.17,347.07,58420500.0,341.822,353.14560000000006,0.0015583066401176,64.48119833245778,4.387706504940752,4.832591545532464,1,3.319999999999993,0.0105867212123131,-0.0852544339414361,0,0.4194300290262995,0.0783419166062767,0,0,0,0,0,0,0,0,0,0,0,0,16,2,12,2020,368.01000000000005,-0.4695172578454425,364.5685,373.77673604169667,355.3602639583033,0.0015693065288564512,1.979129999663596,-0.08525443394143617,0,3.8700000000000045,1.080000000000041,3.3799999999999955,368.13999999999993,367.49000000000007,3.0276888875414336,2.3235210350307596,0.0015693065288564512,0.010565110565110558,0.009050020444323348
2020-12-17,371.94,372.46,371.05,372.24,349.02,64119500.0,342.5705,353.7752,0.0056184631342379,66.81556247731667,4.477696333933807,4.761612503212732,0,5.509999999999991,0.0206890975799183,0.0975513732337107,0,0.4237180051015919,0.0900447929182299,0,0,0,0,0,0,0,0,0,0,0,0,17,3,12,2020,368.565,-0.29859984982286125,365.3665,374.3261278382306,356.40687216176934,0.0055920252856795916,2.3171546248725936,0.09755137323371077,0,7.579999999999984,2.069999999999993,5.550000000000011,370.6666666666666,368.592,1.393066162487562,3.062183861271488,0.0055920252856795916,0.02078648604179234,0.01502467755569481
2021-03-03,385.79,386.83,381.31,381.42,359.15,119940200.0,365.432,380.7086,-0.0132428496854137,45.940457634742124,1.1404212230127089,2.3506535877086407,0,-10.349999999999966,0.0031962787646044,0.5068754059598997,0,0.4459934910722138,0.2046724026298718,0,0,0,0,0,0,0,0,0,0,0,0,3,2,3,2021,386.72799999999995,-1.2712539335390018,388.0955,395.694066904322,380.496933095678,-0.01324571842500133,4.071392882050907,0.5068754059598997,1,1.0600000000000023,-5.609999999999957,-10.96999999999997,385.84666666666664,384.046,4.123946330036529,3.881762486326247,-0.01324571842500133,0.002786833526133181,-0.02641856191132541
2021-03-04,381.22,384.0,371.88,376.7,354.7,183433000.0,365.1895,380.85900000000004,-0.0123903661422803,41.28743768206372,0.3402534565204291,1.9485735614709987,1,-5.6299999999999955,-0.0334297428293024,0.5293704696173593,0,0.4362081097721875,0.335054642513989,0,0,0,0,0,0,0,0,0,0,0,0,4,3,3,2021,385.32599999999996,-1.6947509204039202,387.83799999999997,396.53531130864354,379.1406886913564,-0.012374809920822294,4.878010067869532,0.5293704696173593,1,-12.879999999999995,-10.800000000000011,-14.020000000000039,381.5533333333333,382.92,4.921354826979436,5.122304169048196,-0.012374809920822294,-0.03306124544381128,-0.014725498914550217
2021-03-05,380.46,384.76,372.64,383.63,361.23,152039600.0,365.069,381.17440000000005,0.0184099238793347,49.39208244901292,0.2303755373994249,1.604933956656684,0,3.269999999999982,-0.0072232919483594,-0.1711436873408819,0,0.4505673322191925,0.2705884068214688,0,0,0,0,0,0,0,0,0,0,0,0,5,4,3,2021,384.68600000000004,-1.447563077410451,387.71,396.5743082076076,378.84569179239236,0.01839660207061322,4.604437955809917,-0.17114368734088192,0,-2.910000000000025,-8.139999999999986,-6.399999999999977,380.5833333333333,383.57399999999996,3.5399482105020086,4.918432677210219,0.01839660207061322,-0.007528328245459792,0.008597118519297453
2021-03-08,384.66,387.68,381.42,381.72,359.43,123149200.0,364.787,381.464,-0.004982974835977,47.448038712430474,-0.0019262572099023,1.283561913883367,1,-7.859999999999957,0.0010365829010772,-0.1900189161244834,0,0.446609200457384,0.2112620727623613,0,0,0,0,0,0,0,0,0,0,0,0,8,0,3,2021,384.155,-1.3538098306572017,387.4105,396.65134298099815,378.1696570190019,-0.004978755571774851,4.610264513984299,-0.1900189161244834,0,0.30000000000001137,-0.6099999999999568,-5.309999999999945,380.68333333333334,382.002,3.579418015967974,3.597682587478716,-0.004978755571774851,0.0007865345288657899,-0.020175573694748095
2021-03-09,385.85,389.91,385.31,387.17,364.56,113633600.0,364.6295,381.856,0.0142725982806108,53.118262638538724,0.2253236331356447,1.0719142577338223,1,0.6299999999999955,0.0276995473239685,-0.0772688738538293,0,0.457889875978538,0.1917218218702712,0,0,0,0,0,0,0,0,0,0,0,0,9,1,3,2021,384.122,-0.88835750427028,387.2435,396.3743165571028,378.11268344289715,0.014277480876034865,4.58477141075789,-0.0772688738538293,0,10.470000000000027,6.810000000000002,-0.3299999999999841,384.17333333333335,382.12800000000004,2.765326984829553,3.801600978567809,0.014277480876034865,0.02779400053092651,0.0016298442593263296
2021-03-10,389.69,391.4,388.17,389.58,366.83,109899400.0,364.598,382.2676,0.0062266842220759,55.40944362289453,0.5818832494105663,0.9739080560691712,1,8.159999999999968,0.0155163076667097,-0.0328617591979837,0,0.4628815199225964,0.1840536553982417,0,0,0,0,0,0,0,0,0,0,0,0,10,2,3,2021,383.90299999999996,-0.40631212740662925,387.21,396.30127933788543,378.1187206621145,0.006224655835937565,4.216362439619747,-0.03286175919798373,0,5.949999999999989,0.0,-2.1899999999999977,386.1566666666667,383.76,4.026789457250136,4.988050721499305,0.006224655835937565,0.015509735943487257,0.021393739185150196
2021-03-11,392.23,395.65,391.74,393.53,370.55,86245000.0,364.7605,382.69480000000004,0.0101409372188752,58.950465963592364,1.1513600627380356,1.0093984574029442,1,16.829999999999984,0.030640219721562,-0.2152368438772186,0,0.4710616588970006,0.1354794287912113,0,0,0,0,0,0,0,0,0,0,0,0,11,3,3,2021,385.023,0.16006910664360108,387.3825,396.80977081394514,377.95522918605485,0.010139124185019721,5.138744009971126,-0.21523684387721864,0,11.809999999999945,6.989999999999952,11.199999999999989,390.0933333333333,387.126,3.2109240621681043,4.703246750942799,0.010139124185019721,0.030938908100178075,0.04467746217148916
2021-03-12,392.07,394.21,391.2,394.06,371.05,64653600.0,364.9185,383.1468,0.0013493455673998,59.41616179534174,1.6242964827212631,1.132378062466608,1,10.430000000000007,0.017716967008351,-0.2503495854832164,0,0.4721611399419474,0.0911415653762426,0,0,0,0,0,0,0,0,0,0,0,0,12,4,3,2021,386.39300000000003,0.5309985418026233,387.55,397.32059670641775,377.7794032935823,0.0013467842350012305,5.565918213158539,-0.2503495854832164,0,6.889999999999986,12.639999999999986,13.699999999999989,392.38999999999993,389.212,2.447917482202122,5.064175154974085,0.0013467842350012305,0.017795800294444275,0.027187654771524628
2021-03-15,394.33,396.69,392.03,396.41,373.26,73427200.0,365.096,383.63519999999994,0.0059560706104297,61.501673567803856,2.152616509970528,1.336425751967392,0,14.689999999999998,0.0174463533967048,0.1357016469307199,0,0.4770208461606121,0.1091581218967818,0,0,0,0,0,0,0,0,0,0,0,0,15,0,3,2021,387.076,0.8749157370858645,387.73850000000004,398.0263924469233,377.4506075530768,0.005963558848906425,6.362506843481422,0.13570164693071995,0,6.830000000000041,19.710000000000036,6.830000000000041,394.6666666666667,392.15,1.5328513734208113,3.711650576261295,0.005963558848906425,0.01753170080599631,0.03848370533375256
2021-03-16,397.07,397.83,395.08,395.91,372.79,73722500.0,365.266,384.07579999999996,-0.0012591759095536,60.78594308787101,2.504518337473826,1.570044269068679,1,8.740000000000009,0.006046240268276,0.0040216704436502,0,0.4759873339783622,0.1097645194007158,0,0,0,0,0,0,0,0,0,0,0,0,16,1,3,2021,388.01300000000003,0.9999990242335972,387.919,398.638311358453,377.19968864154697,-0.0012613203501424808,6.938667899693502,0.004021670443650205,0,2.3800000000000523,12.28000000000003,9.370000000000005,395.46000000000004,393.898,1.2379418401777276,2.700235174991851,-0.0012613203501424808,0.006047823545854314,0.02257406307306864
2021-03-17,394.53,398.12,393.3,397.26,374.06,97959300.0,365.495,384.64520000000005,0.0034067437431262,62.06945558671813,2.852993919278731,1.8266341991106896,0,7.680000000000007,0.0081036384440024,0.328757163688155,0,0.478780015832527,0.1595347023446617,0,0,0,0,0,0,0,0,0,0,0,0,17,2,3,2021,389.597,1.0971478626840918,388.1625,399.48148206551537,376.8435179344847,0.0034098658786085867,7.07306950497712,0.328757163688155,0,3.1999999999999886,15.539999999999964,15.839999999999975,396.52666666666664,395.434,0.6825198407321986,1.5832340320575742,0.0034098658786085867,0.008120590772978664,0.019713537655937197
2021-03-18,394.48,396.72,390.75,391.48,368.62,115349100.0,365.53100000000006,385.0482,-0.0145431214243704,53.930453611841514,2.6595432335785745,1.9932160060042667,0,-2.0499999999999545,-0.0123955535907978,0.1775206641942113,0,0.4668176620635059,0.1952445950433113,0,0,0,0,0,0,0,0,0,0,0,0,18,3,3,2021,391.075,0.7141746622998619,388.20050000000003,399.55860631220975,376.8423936877903,-0.014549665206665563,5.432648729877306,0.1775206641942113,0,-4.930000000000007,4.310000000000002,14.78000000000003,394.88333333333327,395.024,3.023678774770433,2.3018970438020694,-0.014549665206665563,-0.012436618652405307,-0.005209259776891129
2021-05-28,420.97,421.25,419.79,420.04,396.81,58520200.0,392.9695,410.44519999999994,0.0017924766473111,58.41639505478722,1.976764061788288,1.8347098871268583,0,5.100000000000023,0.0042970608104693,0.0319621497609672,0,0.5288064033776058,0.078546650203101,0,0,0,0,0,0,0,0,0,0,0,0,28,4,5,2021,416.43500000000006,0.16244699290419007,415.97649999999993,423.72889904799314,408.2241009520067,0.0017887381048915518,3.2407209417423317,0.03196214976096723,0,1.8000000000000114,9.180000000000007,3.4600000000000364,419.46666666666664,419.162,0.5085600583378825,0.6414592740736309,0.0017887381048915518,0.004303749043611305,0.0122909336289585
2021-06-01,422.57,422.72,419.2,419.67,396.46,54216600.0,393.039,411.04900000000004,-0.0008820342229278,57.733652511092444,2.0267453312761745,1.8731169759567217,1,0.5,0.0014408928020135,-0.0735404185221513,0,0.528036766646143,0.0697092228481051,0,0,0,0,0,0,0,0,0,0,0,0,1,1,6,2021,416.85,0.17385738432396636,416.05,423.91242201864833,408.1875779813517,-0.0008808684887153806,3.373527662390536,-0.07354041852215132,0,0.6000000000000227,4.390000000000043,4.150000000000034,419.6666666666667,419.262,0.37501111041692686,0.6807863103024117,-0.0008808684887153806,0.0014317417137947874,0.0011928334565927123
2021-06-02,420.37,421.23,419.29,420.33,397.08,49097100.0,393.2615,411.6038,0.0015638399838571,58.66176588036188,2.0922663221139146,1.9169468451881604,0,2.089999999999975,0.0024742824082404,-0.0944267991722092,0,0.5294001231418769,0.0591963477333403,0,0,0,0,0,0,0,0,0,0,0,0,2,2,6,2021,417.689,0.19627320259627346,416.28549999999996,424.361547238552,408.2094527614479,0.001572664236185517,3.0439245500984886,-0.0944267991722092,0,1.0399999999999636,5.389999999999986,8.389999999999986,420.0133333333333,419.68,0.3308070932360784,0.5187484942586431,0.001572664236185517,0.002480383505449657,0.004997130833970909
2021-06-03,417.85,419.99,416.28,418.77,395.61,58138800.0,393.4045,412.18919999999997,-0.0037020247809005,55.55644757361819,2.002491983629397,1.934055872876408,1,-0.30000000000001137,-0.0030202190199712,0.1841595532119004,0,0.5261676488697334,0.0777634466541663,0,0,0,0,0,0,0,0,0,0,0,0,3,3,6,2021,418.48,0.08228937496905875,416.43649999999997,424.5795050349563,408.29349496504364,-0.0037113696381414485,1.875745777617056,0.18415955321190047,0,-1.2700000000000387,-0.4000000000000341,7.909999999999968,419.59,419.62,0.7830708777645603,0.615304802756769,-0.0037113696381414485,-0.0030235215693744655,-0.0007158708568973937
2021-06-04,420.75,422.92,418.84,422.6,399.23,55938800.0,393.5715,412.8908,0.0091504259245216,61.013124943423136,2.198110470758309,1.986866792452788,0,3.3100000000000023,0.0070122411274782,-0.0378404783036457,0,0.5341278916351482,0.0732457544474113,0,0,0,0,0,0,0,0,0,0,0,0,4,4,6,2021,419.212,0.23257776623206095,416.613,425.12150186574127,408.10449813425873,0.00914583184086748,1.9160712118590977,-0.037840478303645786,0,2.930000000000007,4.360000000000014,7.32000000000005,420.5666666666666,420.282,1.925937001289,1.4225575560575234,0.00914583184086748,0.00698167607882394,0.007894297502921699
2021-06-07,422.59,422.78,421.19,422.19,398.84,51555000.0,393.575,413.5406,-0.0009768804949529,60.1615781896061,2.295212015138418,2.048535836989914,1,2.1499999999999773,0.0044715206486681,-0.07836778765365,0,0.5332702964200896,0.0642436366765145,0,0,0,0,0,0,0,0,0,0,0,0,7,0,6,2021,419.937,0.2695115123202463,416.6165,425.13411298717676,408.0988870128232,-0.000970184571699062,1.4300042735071952,-0.07836778765365005,0,1.8600000000000136,3.1200000000000045,7.25,421.18666666666667,420.712,2.102910681158992,1.6395182220081792,-0.000970184571699062,0.004425094568553334,0.005118560137129746
2021-06-08,423.11,423.21,420.32,422.28,398.92,47134300.0,393.78,414.06659999999994,0.0002005816868921,60.2925868961628,2.351514227799328,2.109131515151797,0,2.609999999999957,0.0083741271164609,-0.0857472602075453,0,0.5334462133872812,0.0551657448863317,0,0,0,0,0,0,0,0,0,0,0,0,8,1,6,2021,420.24799999999993,0.26475519551284776,416.8335,425.68935066491764,407.9776493350824,0.00021317416329136307,1.5754491423168095,-0.0857472602075453,0,3.509999999999991,2.9899999999999523,3.109999999999957,422.3566666666666,421.23400000000004,0.21548395051531116,1.6403139944222493,0.00021317416329136307,0.008381689232753065,0.006219172206733736
2021-06-09,423.18,423.26,421.41,421.65,398.33,48436300.0,394.1315,414.584,-0.001478993281861,58.83407594804866,2.321762237971825,2.1516576597158026,1,1.3199999999999932,-0.0022552920899218,0.0276231958467612,0,0.5321488257542439,0.0578393972741477,0,0,0,0,0,0,0,0,0,0,0,0,9,2,6,2021,420.58900000000006,0.1875655403459744,417.20550000000003,426.21303789885565,408.1979621011444,-0.0014919011082693556,1.457131504789174,0.027623195846761206,0,-0.9500000000000455,1.6099999999999568,3.409999999999968,422.03999999999996,421.49800000000005,0.3407345001568307,1.5628403630242522,-0.0014919011082693556,-0.002247988641741694,0.003140389693812029
2021-06-10,422.96,424.63,421.55,423.61,400.18,51020100.0,394.991,415.1616,0.0046443903296262,61.92037919532074,2.419571793087357,2.205240486390114,1,4.840000000000032,0.0033659787346573,0.0533442893036832,0,0.536216905620547,0.0631452214213358,0,0,0,0,0,0,0,0,0,0,0,0,10,3,6,2021,421.043,0.2338827307166773,418.1155,425.7443989375476,410.4866010624524,0.004648405075299511,1.6284624650347892,0.05334428930368329,0,1.420000000000016,3.9399999999999977,4.5400000000000205,422.51333333333326,422.466,1.0006164764430467,0.7251413657341969,0.004648405075299511,0.0033634145763756784,0.011557656947728034
2021-06-11,424.2,424.43,422.82,424.31,400.84,45570800.0,395.6535,415.72119999999995,0.0016492578339746,62.987648591367396,2.521279315834988,2.268448252279089,1,1.7099999999999795,0.0048146548817398,-0.1068069251138277,0,0.5376682205998767,0.0519551031748492,0,0,0,0,0,0,0,0,0,0,0,0,11,4,6,2021,421.54499999999996,0.27424027302726417,418.817,426.00219616985584,411.6318038301442,0.0016524633507235542,1.793421621130556,-0.10680692511382772,0,2.0300000000000296,3.980000000000018,5.019999999999982,423.1899999999999,422.808,1.378840092104322,1.1068965626016043,0.0016524633507235542,0.00480723690442364,0.004046379555134871
2021-06-14,424.43,425.37,423.1,425.26,401.74,42358500.0,396.0635,416.21420000000006,0.0022452849017065,64.44412373074094,2.644027040884112,2.343564010000094,0,3.069999999999993,0.0085389330653073,-0.0704903139729826,0,0.5396472864807811,0.0453586565040496,0,0,0,0,0,0,0,0,0,0,0,0,14,0,6,2021,422.067,0.32407618123479853,419.25100000000003,426.8782692360575,411.62373076394255,0.002238929084867225,2.0482678318859544,-0.07049031397298267,0,3.6100000000000136,6.490000000000009,5.21999999999997,424.39333333333326,423.4219999999999,0.8281505496734642,1.47022787359646,0.002238929084867225,0.008561603225423875,0.007271607570051408
2021-06-15,425.42,425.46,423.54,424.48,401.0,51508500.0,396.4865,416.57660000000004,-0.0018419873550057,62.277211897323376,2.6510342096162844,2.405058049923332,0,2.2000000000000455,0.0020525553806753,0.2160133149190835,0,0.5380200545342597,0.0641481490912354,0,0,0,0,0,0,0,0,0,0,0,0,15,1,6,2021,422.54799999999994,0.2660972713264278,419.69899999999996,427.44863457198505,411.94936542801486,-0.0018341720359309477,1.9866767337622837,0.2160133149190835,0,0.8700000000000045,1.8799999999999955,4.810000000000002,424.6833333333332,423.86199999999997,0.5065899060618431,1.3687110726155771,-0.0018341720359309477,0.0020537758787564364,0.005209813393956653
2021-06-16,424.63,424.87,419.92,422.11,398.76,80386100.0,396.9665,416.89639999999997,-0.0055860349127182,56.10426907990841,2.4476234818752687,2.41357113631372,0,0.4600000000000364,-0.0051827373660174,0.5606375646737918,0,0.5330943794528982,0.1234481983956853,0,0,0,0,0,0,0,0,0,0,0,0,16,2,6,2021,422.726,0.041504897428783494,420.2075,427.14613927577324,413.2688607242267,-0.005583301922352013,1.8402125481178069,0.5606375646737918,1,-2.1999999999999886,-0.07999999999998408,1.7800000000000296,423.95,423.954,1.6405182106859164,1.1861408012122945,-0.005583301922352013,-0.005184888407060884,0.001090952211549867
2021-06-17,421.67,423.02,419.32,421.97,398.63,90949700.0,397.491,417.20399999999995,-0.0003260106329622,55.752713918564446,2.249992587127963,2.380855426476568,0,-1.6399999999999864,-0.0077540329006862,0.1314107787291583,0,0.532808514381212,0.145140513575357,0,0,0,0,0,0,0,0,0,0,0,0,17,3,6,2021,423.046,-0.13352527224062438,420.76300000000003,426.2453830584246,415.2806169415755,-0.00033166710099263863,1.2638143323664333,0.1314107787291583,0,-3.2899999999999636,-0.30999999999994543,3.2000000000000455,422.8533333333333,423.62600000000003,1.4104727338477963,1.4922901863579112,-0.00033166710099263863,-0.007736443587452291,-0.0038714855645523016
2021-06-18,417.09,417.83,414.7,414.92,393.25,118676300.0,397.538,417.33200000000005,-0.0134962245691493,41.61222872872054,1.6403388366891818,2.232752108519091,0,-9.389999999999986,-0.0194082701148298,0.3048564206369015,0,0.5209780983375846,0.202076988457091,0,0,0,0,0,0,0,0,0,0,0,0,18,4,6,2021,422.27799999999996,-0.7089911676366847,420.745,426.3011407468944,415.1888592531056,-0.01670734886366332,2.873436966426752,0.30485642063690155,0,-9.560000000000002,-6.729999999999961,-7.680000000000007,419.6666666666667,421.74800000000005,4.111329874011049,4.080437476582367,-0.01670734886366332,-0.022521673577082568,-0.02213004642831884
2021-08-30,450.97,453.07,450.71,452.23,428.61,48357400.0,421.302,437.32739999999995,0.0043820593335519,66.39488349355688,3.364628605833559,3.0384116831108208,0,4.970000000000027,0.0074197162975085,-0.3738934758937322,0,0.5987333978362213,0.0576773764036418,0,0,0,0,0,0,0,0,0,0,0,0,30,0,8,2021,445.93199999999996,0.3563740674615756,444.51449999999994,451.6913557878214,437.3376442121785,0.004397556912826284,4.292843657380232,-0.37389347589373223,0,3.319999999999993,12.370000000000005,5.259999999999991,449.5799999999999,449.1240000000001,3.0408715855053696,2.2635768156480816,0.004397556912826284,0.0073956917867723515,0.011112104815990786
2021-08-31,452.13,452.49,450.92,451.56,427.98,59300200.0,421.7955,437.9414,-0.0014698677119059,64.84539690755182,3.4859480718627083,3.1279189608611984,1,3.589999999999975,0.0118492069422436,0.2262900817661826,0,0.5973480517195884,0.0801483774400415,0,0,0,0,0,0,0,0,0,0,0,0,31,1,8,2021,446.684,0.38906004878182543,445.035,452.65651034895217,437.4134896510479,-0.0014815470004201359,4.5740359032792846,0.2262900817661826,0,5.300000000000011,8.199999999999989,7.519999999999982,451.34666666666664,449.842,1.0070915215925715,2.372755781858016,-0.0014815470004201359,0.01187648456057011,0.008013929504207873
2021-09-01,452.56,453.11,451.55,451.8,428.21,48721400.0,422.403,438.5152,0.0005374082901068,65.159060553909,3.5596206099554597,3.214259290680051,1,2.8899999999999864,0.0034495999117528,-0.1783940020438379,0,0.5978538130002637,0.058424849114214,0,0,0,0,0,0,0,0,0,0,0,0,1,2,9,2021,447.946,0.37470947322969694,445.67600000000004,453.3091078859913,438.0428921140088,0.0005314908317832767,3.975385935148633,-0.17839400204383793,0,1.5500000000000114,4.5400000000000205,12.620000000000005,451.8633333333333,450.41999999999996,0.33946035536206903,2.4400102459501283,0.0005314908317832767,0.003442531926707515,0.006437816043304956
2021-09-02,453.32,454.05,451.91,453.19,429.52,42501000.0,422.9445,439.12699999999995,0.0030592466313257,66.99576749696001,3.681277206923255,3.307662873928692,0,6.930000000000007,0.0021267872095266,-0.1276728501233544,0,0.6007344533380243,0.0456512797492598,0,0,0,0,0,0,0,0,0,0,0,0,2,3,9,2021,449.279,0.4041658506681389,446.24750000000006,454.3210936855393,438.1739063144608,0.003076582558654284,3.101621260645712,-0.1276728501233544,0,0.9599999999999795,5.21999999999997,13.329999999999984,452.18333333333334,451.80600000000004,0.8800189389222678,1.0696868702306563,0.003076582558654284,0.002122813612542185,0.015529063774481155
2021-09-03,451.98,453.63,451.55,453.08,429.42,47170500.0,423.4465,439.68660000000006,-0.000232818029428,66.6961182863453,3.7266631195684,3.391462923056633,0,2.829999999999984,0.0033638368920044,0.1098680031058092,0,0.6005145571290351,0.0552400814580974,0,0,0,0,0,0,0,0,0,0,0,0,3,4,9,2021,450.25100000000003,0.3628877541251563,446.77700000000004,455.17785019502065,438.37614980497943,-0.00024272380237877478,2.5065622762042343,0.10986800310580924,0,1.5199999999999818,4.169999999999959,9.71999999999997,452.69,452.372,0.7727224595723191,0.7377465691853573,-0.00024272380237877478,0.0033661086012932717,0.006285397001665638
2021-09-07,452.71,452.81,450.74,451.46,427.88,51671500.0,423.8885,440.1836,-0.0035862325927996,62.27828399795889,3.596903784808092,3.4325510954069256,0,-0.7700000000000387,-0.000759803990902,0.0954198068708196,0,0.597128155510599,0.0644828690138268,0,0,0,0,0,0,0,0,0,0,0,0,7,1,9,2021,450.671,0.18224675871370133,447.2434999999999,455.59640195076986,438.89059804923,-0.0035755275006621456,2.292434174516346,0.09541980687081963,0,-0.34000000000003183,5.199999999999989,4.199999999999989,452.5766666666666,452.218,0.9686244539867299,0.847065523052686,-0.0035755275006621456,-0.0007525453740594434,-0.0017026734183933634
2021-09-08,450.89,451.67,448.86,450.91,427.36,56181900.0,424.2785,440.6524,-0.0012152940076656,60.80568200088476,3.412768650339956,3.428594606393532,0,-0.6499999999999773,-0.0050343446298933,0.087289898686897,0,0.5959846952238543,0.0737449594362577,0,0,0,0,0,0,0,0,0,0,0,0,8,2,9,2021,450.965,-0.008405179268801355,447.65500000000003,455.8779666179047,439.43203338209537,-0.0012182696141407323,2.0868543579170438,0.08728989868689707,0,-2.2799999999999727,0.660000000000025,2.9399999999999977,451.8166666666666,452.088,1.1281105144721402,1.0079037654182499,-0.0012182696141407323,-0.0050310024493037675,-0.0014394543360792822
2021-09-09,450.7,452.57,448.72,448.98,425.53,57970400.0,424.5245,441.078,-0.0042821040808687,55.817962412530655,3.0836283751829683,3.3596013601514194,0,-2.819999999999993,-0.0090836306813339,0.031834096034488,0,0.591960594599349,0.0774176378507038,0,0,0,0,0,0,0,0,0,0,0,0,9,3,9,2021,450.97200000000004,-0.2833867114489488,447.9150000000001,455.9583065339557,439.87169346604446,-0.0042802333059812625,2.0792990271941894,0.03183409603448806,0,-4.099999999999966,-3.25,0.06999999999999318,450.45,451.524,1.302420822749713,1.7356353304606684,-0.0042802333059812625,-0.00904917453871279,-0.006241699867197914
2021-09-10,451.04,451.49,445.31,445.44,422.18,89948200.0,424.54,441.42560000000003,-0.0078725354264093,48.03497896817802,2.5233774088898717,3.19235656989911,1,-7.75,-0.0133699335149436,0.5516228972027104,0,0.5845940715982056,0.1430839368730547,0,0,0,0,0,0,0,0,0,0,0,0,10,4,9,2021,450.89,-0.6989099563418746,447.93149999999997,455.95304667125816,439.9099533287418,-0.007884538286783371,2.2911472138650852,0.5516228972027104,1,-6.019999999999982,-6.1200000000000045,-0.8199999999999932,448.4433333333333,449.974,2.774208595774564,2.927316177036688,-0.007884538286783371,-0.01333451468568636,-0.017100995167589783
2021-09-13,448.64,448.92,444.11,446.58,423.26,83738600.0,424.5715,441.7486,0.0025581505518972,50.43193657051464,2.141831752575968,2.982251606434482,0,-6.5,-0.0095964889553807,-0.0690352891997838,0,0.5869689506552906,0.1303325452698427,0,0,0,0,0,0,0,0,0,0,0,0,13,0,9,2021,450.52299999999997,-0.8804799850687197,447.96449999999993,455.9580560922015,439.97094390779836,0.002559267241379226,2.667995710483248,-0.06903528919978386,0,-4.330000000000041,-5.220000000000027,-3.670000000000016,447.0,448.674,1.8069864414375085,2.6314786718380376,0.002559267241379226,-0.009602803220154943,-0.014346252317471553
2021-09-14,448.12,448.34,443.22,444.17,420.98,78197100.0,424.439,441.9576,-0.0053867599111656,45.63919417090334,1.6366112896226357,2.713123543072113,1,-7.289999999999964,-0.0107011447856777,-0.0661761720401343,0,0.5819553170903333,0.118953094649964,0,0,0,0,0,0,0,0,0,0,0,0,14,1,9,2021,449.717,-1.1304403839575365,447.8245,455.97927645304725,439.66972354695275,-0.005396569483631097,3.249174425063951,-0.06617617204013437,0,-4.810000000000002,-9.019999999999982,-8.060000000000002,445.3966666666666,447.216,1.2055842288598102,2.720023897015591,-0.005396569483631097,-0.010713172078934519,-0.01614760997652054
2021-09-15,444.62,448.41,443.44,447.88,424.49,78792200.0,424.621,442.25659999999993,0.0083376882512233,53.03807280068644,1.5021324506748783,2.470925324592666,0,-3.0300000000000296,0.0055090788919549,0.0076102566463462,0,0.5896736740258598,0.1201751303918913,0,0,0,0,0,0,0,0,0,0,0,0,15,2,9,2021,449.349,-1.0170225999087523,448.0165,455.98450169422506,440.04849830577496,0.008352657766170557,3.225555766072714,0.007610256646346292,0,2.4399999999999977,-5.199999999999989,-3.680000000000007,446.21,446.61,1.8824717792149026,1.9074328298356225,0.008352657766170557,0.0054777298850574585,-0.006719744516644144
2021-09-16,447.32,448.36,444.02,447.17,423.82,77786700.0,424.9995,442.5108,-0.0015783646257863,51.590893995426846,1.326205924995918,2.2419814446733164,0,-1.8100000000000023,0.0013725637142714,-0.0127614154700592,0,0.588200369425631,0.1181103397037585,0,0,0,0,0,0,0,0,0,0,0,0,16,3,9,2021,448.8860000000001,-0.9615480321001284,448.41600000000005,455.2991109245146,441.5328890754855,-0.0015852460480485497,3.1664006905914293,-0.012761415470059267,0,0.5900000000000318,-4.289999999999964,-4.6299999999999955,446.4066666666666,446.24800000000005,1.9692722851026696,1.4658342335796564,-0.0015852460480485497,0.0013211518652873622,-0.004031359971490955
2021-09-17,444.92,445.37,441.02,441.4,419.69,118425000.0,425.1395,442.7203999999999,-0.0097447029399273,41.645819907121734,0.8437996051619621,1.9623450767710455,0,-4.0400000000000205,-0.0029853793144902,0.522432498100575,0,0.5791186559943706,0.2015609447972922,0,0,0,0,0,0,0,0,0,0,0,0,17,4,9,2021,447.707,-1.2660250346471709,448.49300000000005,455.01659747372355,441.96940252627655,-0.01290337008296627,3.5566871289694517,0.522432498100575,1,-2.7700000000000387,-9.510000000000048,-11.79000000000002,445.4833333333333,445.43999999999994,3.5540446441871603,2.6542701445656616,-0.01290337008296627,-0.006236350946709712,-0.009069683908046078
2021-11-29,464.07,466.56,461.73,464.6,441.75,86268800.0,443.3335,451.9422,0.0122593950504126,54.121865252510055,3.2558715001208043,4.535459665656519,0,-4.289999999999964,-0.0073593321739103,-0.2343205265661722,0,0.6276277596974228,0.1355283020069026,0,0,0,0,0,0,0,0,0,0,0,0,29,0,11,2021,467.224,-1.3331666783190101,466.2655000000001,472.47278757180504,460.05821242819513,0.012266596945334163,3.2513525390820504,-0.2343205265661722,0,-3.589999999999975,-3.5399999999999636,-2.669999999999959,464.33666666666664,465.754,5.2399650125573425,4.18846391895318,0.012266596945334163,-0.007667827164185459,-0.009149267418797513
2021-11-30,462,464.03,455.3,455.56,433.15,148559600.0,443.1205,452.37260000000003,-0.0194680249009621,42.51992379650925,2.242637210678481,4.076895174660911,0,-12.009999999999991,-0.0295005532290641,0.7220547868986238,0,0.608716685724338,0.2634422391489653,0,0,0,0,0,0,0,0,0,0,0,0,30,1,11,2021,466.037,-1.9170981720434668,466.0415,473.35586196801097,458.727138031989,-0.019457597933706494,4.910967431288039,0.7220547868986238,1,-13.879999999999995,-14.170000000000016,-11.870000000000005,459.71,463.352,4.565205362248576,5.957026943062121,-0.019457597933706494,-0.029567143830947495,-0.025685993541074037
2021-12-01,461.64,464.67,450.29,450.5,428.34,131939200.0,442.5785,452.71,-0.0111046981415213,37.65429270478784,1.039531858999453,3.46942251152862,1,-17.689999999999998,-0.0183133279920708,-0.1118769840521918,0,0.5981396780719499,0.2293123066248054,0,0,0,0,0,0,0,0,0,0,0,0,1,2,12,2021,464.15899999999993,-2.5442620123162896,465.4715,475.32429305573237,455.6187069442676,-0.011107208710158911,6.77143419898399,-0.11187698405219182,0,-8.470000000000027,-18.389999999999986,-18.779999999999973,456.8866666666666,459.814,7.143005903178547,7.435138196453456,-0.011107208710158911,-0.01845436520905508,-0.03778380571990003
2021-12-02,450.73,459.07,450.31,457.4,434.9,127637800.0,442.2305,453.1008,0.0153149367325022,46.623959529915844,0.6083862773820101,2.8972152646992977,0,-12.04000000000002,-0.0152577863099812,-0.0326013800295893,0,0.6125648693816518,0.2204793969620163,0,0,0,0,0,0,0,0,0,0,0,0,2,3,12,2021,463.08500000000004,-2.3965879379729995,465.1055,475.56774540904536,454.64325459095465,0.01531631520532728,6.919953837358227,-0.032601380029589344,0,-7.2000000000000455,-10.170000000000016,-10.740000000000009,454.4866666666667,457.40600000000006,3.57302859390312,5.130797209046216,0.01531631520532728,-0.01549720189410253,-0.025647580095432887
2021-12-03,459.17,460.3,448.92,453.42,431.12,137331600.0,441.589,453.30559999999997,-0.0086916532536214,42.79903882711732,-0.0378774834566115,2.310196715068116,1,-5.550000000000011,-0.0044814146626405,0.0759477208162471,0,0.6042527926818542,0.2403855809228536,0,0,0,0,0,0,0,0,0,0,0,0,3,4,12,2021,461.454,-2.4598756624957936,464.43100000000004,476.0196891406705,452.8423108593296,-0.008701355487538143,7.0995026429908235,0.07594772081624712,0,-2.1399999999999864,-14.769999999999982,-16.310000000000002,453.7733333333333,456.296,3.463543464842183,5.305231380472882,-0.008701355487538143,-0.004697515146193654,-0.012092293613961691
2021-12-06,456.13,460.79,453.56,458.79,436.23,98977500.0,441.1259999999999,453.6032,0.0118528483948785,48.89136895022339,-0.1361425099431699,1.8209288700658584,1,-5.810000000000002,0.0184761318737594,-0.2792809520896866,0,0.6154894889612103,0.1616255724378062,0,0,0,0,0,0,0,0,0,0,0,0,6,0,12,2021,460.4440000000001,-2.0497707975294848,463.9440000000001,475.62102256566703,452.2669774343331,0.011843324070398342,6.626782695165407,-0.2792809520896866,0,8.29000000000002,-10.649999999999977,-10.099999999999966,456.53666666666663,455.134,2.7871550607823474,3.282313208752598,0.011843324070398342,0.018401775804661513,-0.012505380972879898
2021-12-07,464.41,468.88,458.65,468.28,445.25,95484700.0,441.095,454.116,0.0206771657153335,57.505136544153316,0.5079648625809909,1.5583360685688852,1,12.71999999999997,0.0238383608565906,-0.035288828269051,0,0.6353241270120502,0.1544531200106453,0,0,0,0,0,0,0,0,0,0,0,0,7,1,12,2021,460.515,-1.096850386095305,463.9115,475.5363342353384,452.28666576466156,0.020684844918154255,6.714833083062319,-0.035288828269051,0,10.879999999999995,9.309999999999945,0.7099999999999795,460.16333333333324,457.678,7.524588582297113,6.770717834938676,0.020684844918154255,0.023786620026235328,0.02792167881288954
2021-12-08,468.7,470.0,466.83,469.52,446.43,72238800.0,441.197,454.832,0.0026501965188097,58.48959197663544,1.1009496716802687,1.466858789191162,0,19.019999999999982,0.0351802106290217,-0.2434515686806367,0,0.6379189022781246,0.106717746706551,0,0,0,0,0,0,0,0,0,0,0,0,8,2,12,2021,460.648,-0.3776531514091914,464.0185,475.80730532535404,452.229694674646,0.002647988383018829,6.894509570830777,-0.24345156868063678,0,16.099999999999966,4.919999999999959,1.329999999999984,465.5299999999999,461.48199999999997,5.869846675978077,7.066252189128567,0.002647988383018829,0.035507917603987416,0.04221975582685911
2021-12-09,468.15,469.63,466.14,466.35,443.41,61272600.0,441.3265,455.47,-0.0067647783527092,54.982809636399764,1.3120807936618917,1.435903190085308,1,8.950000000000045,0.0165625838814339,-0.1518048472565989,0,0.6312780367666462,0.0841986938530431,0,0,0,0,0,0,0,0,0,0,0,0,9,3,12,2021,460.33900000000006,-0.12322573291014605,464.15500000000003,475.98533473740684,452.3246652625932,-0.006751576077696275,6.515512173954058,-0.15180484725659893,0,7.560000000000002,10.79000000000002,-3.089999999999975,468.04999999999995,463.27200000000005,1.5974667444067887,6.905466675060268,-0.006751576077696275,0.01647812724776032,0.019567118495846136
2021-12-10,469.23,470.9,466.51,470.74,447.59,77159800.0,441.658,456.30199999999996,0.009426941205656,58.67772413535437,1.795991720642803,1.507920896196807,0,17.319999999999993,0.0053123593717564,0.2592871854629965,0,0.6404696983024012,0.116823002774479,0,0,0,0,0,0,0,0,0,0,0,0,10,4,12,2021,461.51599999999996,0.3092978580242376,464.5035,476.6737017649295,452.33329823507046,0.009413530610056897,7.261163359503017,0.25928718546299656,0,2.4600000000000364,20.24000000000001,11.769999999999982,468.86999999999995,466.736,2.266031773714535,4.729019983080532,0.009413530610056897,0.005253267275988849,0.038198579683295764
2021-12-13,470.19,470.56,466.27,466.57,443.62,87724700.0,441.6245,456.9486,-0.0088697245246764,54.132644769761306,1.8379619144809567,1.573929099853637,0,7.779999999999973,-0.0062075616717297,0.1369223352056381,0,0.6317398188055238,0.1385179874995456,0,0,0,0,0,0,0,0,0,0,0,0,13,0,12,2021,461.713,0.28379092353455926,464.46850000000006,476.6106699460638,452.3263300539363,-0.008858393168203249,7.379884145435887,0.13692233520563812,0,-2.9499999999999886,9.170000000000016,1.9699999999999704,467.8866666666666,468.29200000000003,2.4735062831574455,1.886629269458684,-0.008858393168203249,-0.006283012438234814,0.016957649469256042
2021-12-14,463.09,465.74,460.25,463.36,440.57,97264100.0,441.431,457.64300000000003,-0.0068752535954195,50.866370701305726,1.6065942667531772,1.5804621332335451,1,-4.919999999999959,-0.0063180369144399,0.108742463639089,0,0.6250329844313484,0.1581071116073271,0,0,0,0,0,0,0,0,0,0,0,0,14,1,12,2021,462.49300000000005,0.03315458523427872,464.26500000000004,476.33804021359555,452.19195978640454,-0.006879996570718139,7.06268291798922,0.10874246363908902,0,-2.990000000000009,9.939999999999998,7.800000000000011,466.88999999999993,467.308,3.7003918710709813,2.9034755036638757,-0.006879996570718139,-0.006411493513455602,-0.010506534551977365
2021-12-15,463.42,470.86,460.74,470.6,447.45,116899300.0,441.4935,458.393,0.0156161336450506,57.1468696344394,1.955846459937959,1.655538998574428,0,1.080000000000041,-0.0001288444750453,0.2018751008851158,0,0.6401618436098161,0.1984279252519075,0,0,0,0,0,0,0,0,0,0,0,0,15,2,12,2021,464.50300000000004,0.32136929000579917,464.33099999999996,476.52678927331453,452.1352107266854,0.015625,6.059187789359659,0.20187510088511584,0,-0.13999999999998636,11.810000000000002,20.100000000000023,466.8433333333333,467.524,3.6277311549812694,3.13973406523175,0.015625,-0.00029740408718181843,0.002300221502811395
2021-12-16,472.57,472.87,464.8,466.45,443.51,116568600.0,441.4129999999999,459.024,-0.0088054531232539,52.96742679238138,1.8928862527757813,1.7030084494146989,0,0.0999999999999659,-6.457307362284226e-05,-0.0028289305410725,0,0.6314979329756354,0.1977488339733739,0,0,0,0,0,0,0,0,0,0,0,0,16,3,12,2021,465.408,0.20460104171751925,464.2465,476.3586860536856,452.1343139463145,-0.008818529536761655,5.533451404368141,-0.002828930541072583,0,-0.12000000000000455,-1.829999999999984,9.050000000000011,466.8033333333333,467.544,3.632909761172416,3.130691616939737,-0.008818529536761655,-0.0002571961334848494,0.00021443122118580682
2021-12-17,461.55,464.74,458.06,459.87,438.79,135511600.0,441.021,459.4482,-0.0106423755946877,47.08723352907022,1.4454628853093825,1.6514993365936357,0,-10.870000000000005,-0.003831695072891,0.1625051686303171,0,0.6211188319113379,0.2366482173699926,0,0,0,0,0,0,0,0,0,0,0,0,17,4,12,2021,466.053,-0.31542474143698596,463.7535000000001,475.73472911053364,451.77227088946654,-0.01410654946939649,4.194822337656795,0.16250516863031716,0,-3.490000000000009,-9.649999999999977,6.449999999999989,465.63999999999993,465.37,5.410665393414269,4.007786171987265,-0.01410654946939649,-0.007531940607734877,-0.02309130305476481
2022-03-02,432.37,439.72,431.57,437.89,417.82,117726500.0,420.939,452.6444,0.0184025154166769,47.25973908896548,-5.044854606383296,-5.177324059037361,0,15.939999999999998,0.0006226759832984,-0.1455838369528377,0,0.5750065968862696,0.2001265775216474,0,0,0,0,0,0,0,0,0,0,0,0,2,2,3,2022,433.996,0.1529202748853935,441.1625,460.013374648122,422.31162535187804,0.018396204474626643,6.813105345175553,-0.14558383695283772,0,0.13999999999998636,3.659999999999968,-8.210000000000036,434.8333333333333,434.11,4.2500627445813794,4.601668175815639,0.018396204474626643,0.00031981724728713523,0.03777698779476246
2022-03-03,440.47,441.11,433.8,435.71,415.74,105501700.0,419.907,452.259,-0.0049782202862476,45.837881668580124,-4.708691118058653,-5.08359747084162,0,7.409999999999968,-0.0017937745270442,-0.1038406815797632,0,0.570432755739291,0.1750229940265841,0,0,0,0,0,0,0,0,0,0,0,0,3,3,3,2022,432.907,0.4058375991760421,440.08050000000003,457.5221598693821,422.63884013061795,-0.004978419237708143,5.270287890092739,-0.10384068157976323,0,-0.9200000000000159,6.139999999999986,-10.890000000000043,434.52666666666664,435.592,4.085612969051169,3.260509162740767,-0.004978419237708143,-0.0021070471566314586,0.017300957272939455
2022-03-04,431.75,433.37,427.88,432.17,412.36,113978200.0,419.21850000000006,451.6412,-0.008130081300813,43.54674057385897,-4.661284497655572,-4.99913487620441,0,-5.579999999999984,0.0052942138296162,0.0803446769104194,0,0.5630002638754508,0.1924294567495656,0,0,0,0,0,0,0,0,0,0,0,0,4,4,3,2022,432.418,0.36613583133071526,439.35900000000004,456.85596190769184,421.86203809230824,-0.008124670078721974,5.06499928704742,0.08034467691041947,0,2.1899999999999977,10.220000000000027,-4.889999999999986,435.2566666666666,434.476,2.8868206270702053,3.2920176184697127,-0.008124670078721974,0.005093260151634915,-0.012747001713306672
2022-03-07,431.55,432.3,419.36,419.43,400.2,137896600.0,417.822,450.67600000000004,-0.0294887961974974,36.47981152431606,-5.541050997366426,-5.107518100436813,0,-17.19999999999999,-0.0425970977845581,0.2098506556516948,0,0.5362608848623449,0.2415458064214066,0,0,0,0,0,0,0,0,0,0,0,0,7,0,3,2022,430.938,-0.4428496869608871,437.89549999999997,456.8575278187546,418.93347218124535,-0.029479140153180428,6.449709381911891,0.2098506556516948,0,-18.45999999999998,-8.870000000000005,-14.800000000000011,429.1033333333333,431.03599999999994,8.562297199518865,7.1750247386549555,-0.029479140153180428,-0.04215670602206034,-0.03939262075441452
2022-03-08,419.62,427.21,415.12,416.25,397.17,164772700.0,416.3425,449.589,-0.0075712143928035,34.954964361406695,-6.408890266400704,-5.367792533629592,1,-13.730000000000018,-0.045190091891114,0.1949003818803363,0,0.5295980297299674,0.2967357825659383,0,0,0,0,0,0,0,0,0,0,0,0,8,1,3,2022,429.60599999999994,-1.0804927887624816,436.34499999999997,456.9874092585926,415.70259074140733,-0.00758171804591945,7.961800745504784,0.19490038188033632,0,-19.45999999999998,-21.5,-13.319999999999993,422.6166666666666,428.28999999999996,8.424828385961343,9.820030549866292,-0.00758171804591945,-0.044662734387551306,-0.03193171775431425
2022-03-09,425.14,429.51,422.82,427.41,407.82,116990800.0,415.22,448.59200000000004,0.0268147141022734,43.828761351378084,-6.166212881554031,-5.527476603214479,0,-10.479999999999961,-0.0102452964880275,-0.289986751446083,0,0.5530169759873339,0.1986158201777794,0,0,0,0,0,0,0,0,0,0,0,0,9,2,3,2022,430.15200000000004,-0.659707517538684,435.16849999999994,455.01633340818927,415.3206665918106,0.026810810810810937,7.55527306661521,-0.289986751446083,0,-4.759999999999991,-9.21999999999997,5.460000000000036,421.03,426.1940000000001,5.749469540711521,8.25197430923684,0.026810810810810937,-0.011014184233056445,-0.023932951197789265
2022-03-10,422.52,426.43,420.44,425.48,405.97,93972700.0,413.69,447.56419999999997,-0.0045363150409493,42.742747008733545,-6.053389142639389,-5.6326591110994615,0,-10.229999999999961,0.0147071846685206,-0.1967513684836757,0,0.5489488961210309,0.15134823336673,0,0,0,0,0,0,0,0,0,0,0,0,10,3,3,2022,429.87,-0.43144771899539336,433.56550000000004,450.95327326167,416.1777267383301,-0.00451557052946816,7.683617492938303,-0.1967513684836757,0,6.050000000000011,-4.5,-2.819999999999993,423.0466666666666,424.148,5.964665399911344,6.3522688860203935,-0.00451557052946816,0.014424337791764996,-0.023478919464781534
2022-03-11,428.12,428.77,419.53,420.07,400.81,95636300.0,412.2945,446.416,-0.012710298790551,39.7680973968267,-6.307633915368513,-5.767654071953272,0,-12.100000000000023,0.009568100270773,0.0177030137476097,0,0.53760225173718,0.1547644300736199,0,0,0,0,0,0,0,0,0,0,0,0,11,4,3,2022,428.102,-0.5569270261721551,432.10299999999995,448.8530413133595,415.3529586866404,-0.01271505123625083,7.703023648759032,0.01770301374760974,0,3.819999999999993,-17.819999999999993,-17.680000000000007,424.32,421.72799999999995,3.8050098553832936,4.593497578131518,-0.01271505123625083,0.009177177177177143,-0.02799824143276952
2022-03-14,420.89,424.55,415.79,417.0,397.88,95729200.0,411.175,445.2328,-0.007310196851376,38.1457446881709,-6.668678863627861,-5.94785903028819,1,-2.430000000000007,-0.0245568106828764,0.0009713884790607,0,0.5311592928137918,0.1549551998945324,0,0,0,0,0,0,0,0,0,0,0,0,14,0,3,2022,426.13899999999995,-0.7469426364412755,430.93,448.4432064454016,413.4167935545984,-0.007308305758564004,7.789045655420666,0.000971388479060753,0,-10.410000000000025,-18.70999999999998,-19.629999999999995,420.8499999999999,421.242,4.293471788607633,5.007321639389625,-0.007308305758564004,-0.02435600477293476,-0.005793576997353611
2022-03-15,419.77,426.84,418.42,426.17,406.63,106219100.0,410.562,444.25699999999995,0.0219915552427867,45.321136010913776,-6.17754679900338,-5.993796584031228,1,9.920000000000016,0.0019710596008596,0.1095788954676315,0,0.5504002111003605,0.1764961723852778,0,0,0,0,0,0,0,0,0,0,0,0,15,1,3,2022,425.758,-0.1846167804489358,430.2875,447.5067646474598,413.0682353525402,0.021990407673860846,7.6726003125120785,0.10957889546763155,0,0.6899999999999977,-6.0,-3.8100000000000023,421.0799999999999,423.226,4.667686793216679,4.4714908028868665,0.021990407673860846,0.0016216978471372823,0.023831831831831796
2022-03-16,429.89,435.68,424.8,435.62,415.65,144954800.0,410.062,443.4152,0.0221823279148118,51.557732274890164,-5.002813166616647,-5.7955999005483125,1,8.20999999999998,0.0368636863062226,0.3646773508719241,0,0.5702348491512005,0.2560397951185514,0,0,0,0,0,0,0,0,0,0,0,0,16,2,3,2022,425.53099999999995,0.8380738056050738,429.7635,445.6091571652696,413.91784283473044,0.022174249712556104,7.298230302995398,0.3646773508719241,0,15.550000000000011,16.189999999999998,-2.269999999999982,426.2633333333333,424.86800000000005,9.310350870557736,7.116907333969136,0.022174249712556104,0.037017639917156675,0.01920872230411086
2022-03-17,433.59,441.07,433.19,441.07,420.85,102676900.0,409.798,442.6856,0.0125105256826658,54.76235916443809,-3.610610882933429,-5.3586020970253365,1,15.589999999999975,0.0566844088402644,-0.2916626424237072,0,0.5816694520186472,0.1692222772331106,0,0,0,0,0,0,0,0,0,0,0,0,17,3,3,2022,426.067,1.838520160279277,429.48699999999997,444.3076910769795,414.66630892302044,0.012510903998898204,8.262048508424584,-0.2916626424237072,0,24.069999999999993,24.819999999999993,5.360000000000014,434.28666666666663,427.98600000000005,7.538954392545606,10.199535773764769,0.012510903998898204,0.05772182254196645,0.0366409701983641
2022-03-18,438,444.86,437.22,444.52,425.46,106345500.0,410.22,442.20840000000004,0.0109540216229058,56.71446376580446,-2.110958257450079,-4.709073329110285,0,24.44999999999999,0.0456468752203835,0.0357295555280692,0,0.5918066672530564,0.1767557343375204,0,0,0,0,0,0,0,0,0,0,0,0,18,4,3,2022,427.30199999999996,2.640753523620723,429.86,445.7604565971943,413.9595434028057,0.007821887682227358,10.013143362601305,0.03572955552806922,0,18.349999999999966,17.109999999999957,12.349999999999966,440.40333333333325,432.87600000000003,4.487296884859837,11.261346722320246,0.007821887682227358,0.043057934627026784,0.05820458495012737
2022-05-31,413.55,416.46,410.03,412.93,395.22,95937000.0,385.5135,425.9074,-0.0056107686501445,52.328818641895566,-4.9037990963015545,-7.946097001610011,0,16.00999999999999,0.0389123878846222,0.1317502804690882,0,0.525310053654675,0.155381916458425,0,0,0,0,0,0,0,0,0,0,0,0,31,1,5,2022,400.09499999999997,3.1908262914431784,402.78499999999997,423.910583068862,381.6594169311379,-0.0056109425420218795,9.63791269472203,0.1317502804690882,0,15.560000000000002,23.470000000000027,12.840000000000032,411.1666666666667,404.952,5.204097744367336,9.3526210230224,-0.0056109425420218795,0.03915746030148215,0.04033558399677517
2022-06-01,415.17,416.24,406.93,409.59,392.03,86585800.0,385.1885,425.21139999999997,-0.0080714538737919,50.15068875987581,-4.092459871943504,-7.17536957567671,1,15.699999999999989,0.0108582873618675,-0.0974722995298997,0,0.5182953645879144,0.1361792603839668,0,0,0,0,0,0,0,0,0,0,0,0,1,2,6,2022,400.22200000000004,3.232009675406305,402.4455,422.8936299633828,381.99737003661716,-0.008088538008863555,9.765855256395207,-0.09747229952989978,0,4.279999999999973,19.95999999999998,1.2699999999999818,412.5933333333333,408.092,2.849953215918873,7.06631587181641,-0.008088538008863555,0.010559818410599275,0.03985884383965055
2022-06-02,409.42,417.44,407.04,417.39,399.49,79609600.0,384.63,424.56739999999996,0.0190291559319439,54.8745507467405,-2.8150578030368933,-6.303307221148747,0,20.019999999999982,0.0053469334080075,-0.0805697931993467,0,0.5346996217785205,0.1218536583963466,0,0,0,0,0,0,0,0,0,0,0,0,2,3,6,2022,402.775,3.6548385603296216,401.86199999999997,419.7439860194386,383.98001398056135,0.01904343367757999,10.635299974872872,-0.08056979319934676,0,2.1299999999999955,20.46999999999997,25.529999999999973,413.3033333333333,412.096,3.9133787617511335,4.771339434612642,0.01904343367757999,0.005129316572749509,0.05038125676321803
2022-06-03,412.4,414.04,409.51,410.54,392.94,71874300.0,384.4735,423.9022,-0.0163959047785927,50.361050491682064,-2.30467090798993,-5.503579958516984,1,5.230000000000018,-0.0054382027204407,-0.0971654172361122,0,0.5202964200897175,0.10596924724775,0,0,0,0,0,0,0,0,0,0,0,0,3,4,6,2022,404.883,3.351451171407973,401.69849999999997,419.1961881615657,384.2008118384342,-0.016411509619300824,9.75565824420654,-0.09716541723611227,0,-2.3899999999999864,16.650000000000034,21.08000000000004,412.50666666666666,413.142,4.255682475576204,3.238961253286463,-0.016411509619300824,-0.005787905940474181,0.01290370333818558
2022-06-06,414.78,416.61,410.55,411.79,394.13,57508900.0,384.495,423.1282,0.0030284521809944,51.15064738516373,-1.783602304656938,-4.759584427744975,1,-3.4699999999999704,0.0056617033343456,-0.1998683813268442,0,0.5229131849766909,0.076469949235514,0,0,0,0,0,0,0,0,0,0,0,0,6,0,6,2022,407.099,3.1180740012131087,401.721,419.2693057871522,384.17269421284783,0.0030447703025284767,8.316662591848123,-0.19986838132684426,0,2.2000000000000455,14.420000000000016,22.160000000000025,413.24,412.448,3.6479446267167286,3.037156564994658,0.0030447703025284767,0.005371224883420123,-0.008356210566873745
2022-06-07,408.1,416.22,407.61,415.74,397.91,59272400.0,385.3355,422.38919999999996,0.0095907441707052,53.659172204627865,-1.0534932586876948,-4.018366193933519,0,2.8100000000000023,-0.003776708426893,0.0306648188367366,0,0.5312252616764886,0.0800912902385197,0,0,0,0,0,0,0,0,0,0,0,0,7,1,6,2022,408.98100000000005,3.1060128676294703,402.5995,421.08302074144405,384.1159792585559,0.00959226790354295,7.874977883565621,0.030664818836736663,0,-1.6499999999999773,10.430000000000007,18.819999999999993,412.69,413.01000000000005,2.71431390955297,3.388325545205303,0.00959226790354295,-0.003953137353554181,0.006805027486499027
2022-06-08,413.93,415.82,410.38,411.22,393.59,64350000.0,385.916,421.4954,-0.0108567263954161,50.46557016712854,-0.8140802653079504,-3.377509008208406,0,1.6300000000000523,0.0017624699562835,0.0856655036745601,0,0.5217257454481483,0.0905181238517104,0,0,0,0,0,0,0,0,0,0,0,0,8,2,6,2022,410.71399999999994,2.6856857585993428,403.206,421.9828063312,384.42919366880005,-0.01087217972771437,5.825036385197214,0.08566550367456016,0,0.6800000000000068,-4.039999999999964,17.33000000000004,412.9166666666667,413.33600000000007,2.4616322497330154,3.037240523944576,-0.01087217972771437,0.0016563550445753972,0.003979589345443069
2022-06-09,409.34,411.74,401.44,401.44,384.23,86289800.0,386.332,420.2932,-0.0237810919992884,44.31926050796673,-1.363895381431405,-2.974786282853006,0,-15.949999999999989,-0.0250470742239993,0.340944832944833,0,0.5011434602867446,0.1355714254325125,0,0,0,0,0,0,0,0,0,0,0,0,9,3,6,2022,411.121,1.6896975544155413,403.64050000000003,421.82212421235766,385.4588757876424,-0.023782889937259966,4.849601243628709,0.340944832944833,0,-10.350000000000023,-11.490000000000009,4.069999999999993,409.4666666666667,410.146,7.309455064020366,5.270168877776837,-0.023782889937259966,-0.02513417032953691,-0.03821366108435753
2022-06-10,394.88,395.78,389.75,389.8,373.09,132893900.0,386.2105,418.91519999999997,-0.0289930510371393,38.33496379214769,-2.6677802116542466,-2.913385068613254,0,-20.74000000000001,-0.0636308694318439,0.5400881680105876,0,0.4766470226053302,0.2312727796928914,0,0,0,0,0,0,0,0,0,0,0,0,10,4,6,2022,409.57,0.2625554584357781,403.5135,422.0412783611363,384.98572163886377,-0.02899561578318055,8.222117867204512,0.5400881680105876,1,-25.939999999999998,-19.789999999999964,-15.509999999999991,400.82,405.998,10.723450937063964,10.47465608028649,-0.02899561578318055,-0.06239476595949389,-0.050518828859550835
2022-06-13,379.85,381.81,373.3,375.0,358.92,170004900.0,384.932,417.38239999999996,-0.0379801120373098,32.35317658025296,-4.789310717251567,-3.288570198340917,0,-36.79000000000002,-0.0907542550737376,0.2792528475723868,1,0.4454877297915384,0.3074800867314764,0,0,0,0,0,0,0,0,0,0,0,0,13,0,6,2022,405.544,-1.5622746318339908,402.17749999999995,424.49564497218336,379.85935502781655,-0.037968188814776815,13.370992816125014,0.2792528475723868,0,-36.22000000000003,-42.389999999999986,-40.25999999999999,388.74666666666667,398.64,13.251435142390331,16.54918124863807,-0.037968188814776815,-0.08807937357132445,-0.08934165472692401
2022-06-14,376.85,377.94,370.59,373.87,357.84,104011800.0,383.6775,415.8014,-0.0030090270812438,31.943333553282358,-6.483053298933271,-3.9274668184593873,1,-41.870000000000005,-0.069982190155693,-0.3881835170633316,0,0.4431128507344533,0.1719634896543821,0,0,0,0,0,0,0,0,0,0,0,0,14,1,6,2022,401.63800000000003,-2.6647590394182803,400.8665,426.3736772448345,375.35932275516546,-0.0030133333333333123,16.347517514560522,-0.38818351706333165,0,-27.569999999999993,-36.670000000000016,-39.06,379.5566666666666,390.26599999999996,8.888961319130482,16.32502006125151,-0.0030133333333333123,-0.06867776006377035,-0.10071198345119547
2022-06-15,377.36,383.9,372.12,379.2,362.94,125666800.0,382.284,414.2493999999999,0.0142521797451375,36.05787228515107,-7.329341039009421,-4.6078416625693945,0,-32.02000000000004,-0.0267369593734161,0.2081975314339335,0,0.4543275573929105,0.2164319554440552,0,0,0,0,0,0,0,0,0,0,0,0,15,2,6,2022,398.599,-2.8383614797037193,399.4105,426.33470581928856,372.48629418071147,0.01425629229411296,17.489826534937208,0.2081975314339335,0,-10.600000000000023,-32.59000000000003,-30.389999999999986,376.0233333333333,383.86199999999997,2.8084930715608984,11.665711294227075,0.01425629229411296,-0.027193432529502348,-0.07786586255532324
2022-06-16,370.51,370.94,364.08,366.65,350.93,134473300.0,381.0775,412.5618,-0.0330908690141621,31.26486355466139,-8.86692441326835,-5.459658212709186,0,-34.79000000000002,-0.0218477163502683,0.0700781749833687,1,0.4279180226932887,0.23451607199805,0,0,0,0,0,0,0,0,0,0,0,0,16,3,6,2022,393.525,-3.5552488006422536,398.15,428.51124964489134,367.7887503551086,-0.03309599156118148,18.7475285778618,0.07007817498336877,0,-8.350000000000023,-49.09000000000003,-50.74000000000001,373.23999999999995,376.904,6.298674463700966,8.508133167754822,-0.03309599156118148,-0.022266666666666768,-0.08666301315265046
2022-08-29,402.2,405.84,401.2,402.63,387.03,65370800.0,401.0175,399.2832,-0.0066220066220067,42.260875493134805,2.395478911500504,5.346544255071302,0,-10.720000000000027,-0.0263377492326161,-0.3658676651760163,0,0.5073005541384465,0.0926143330356447,0,0,0,0,0,0,0,0,0,0,0,0,29,0,8,2022,417.32,-3.054046146392679,417.1815,432.73592480451475,401.6270751954853,-0.006612222743085594,9.392001325004866,-0.3658676651760163,0,-11.04000000000002,-25.25999999999999,-26.230000000000018,409.1499999999999,410.6940000000001,9.071537907080089,6.770087148647022,-0.006612222743085594,-0.02668793966204952,-0.025934438127494963
2022-08-30,403.85,404.1,396.0,398.21,382.78,85652400.0,400.544,399.93019999999996,-0.0109810608996718,39.153633817731105,1.0035148387494246,4.477938371806927,0,-14.140000000000043,-0.0514521971154889,0.3102547314703201,0,0.4979549652563988,0.1342625267904281,0,0,0,0,0,0,0,0,0,0,0,0,30,1,8,2022,414.171,-3.5994407779379687,416.689,433.9027478777664,399.47525212223366,-0.01097782082805554,10.036892447366407,0.3102547314703201,0,-21.30000000000001,-23.930000000000007,-31.49000000000001,402.04999999999995,407.866,3.585359117244413,8.608953478807585,-0.01097782082805554,-0.050773521489356654,-0.03429125742694328
2022-08-31,399.93,401.24,395.04,395.18,379.87,76029700.0,399.61800000000005,400.3324,-0.0076022780709544,37.137786649942115,-0.3306281223946143,3.5162250729666185,1,-18.49000000000001,-0.0252053455926331,-0.1123459471071447,0,0.4915559855748086,0.1145023464277273,0,0,0,0,0,0,0,0,0,0,0,0,31,2,8,2022,411.024,-3.9879883573784904,415.7255,435.32459638221394,396.1264036177861,-0.007609050500991921,10.606860672853706,-0.11234594710714474,0,-10.129999999999995,-18.170000000000016,-31.46999999999997,398.67333333333335,404.168,3.7465495236214927,9.425079310025458,-0.007609050500991921,-0.02499321506994645,-0.04469746416225495
2022-09-01,392.89,396.78,390.04,396.42,381.06,78740100.0,398.765,400.773,0.0031326506436413,38.53253096269707,-1.2772002073662634,2.557540016900042,0,-23.089999999999975,-0.015450688326985,0.0356492265522552,0,0.494172750461782,0.1200681432264495,0,0,0,0,0,0,0,0,0,0,0,0,1,3,9,2022,407.877,-3.976268080378321,414.838,436.16944402049046,393.5065559795096,0.0031378106179462684,9.674297045952587,0.03564922655225522,0,-6.2099999999999795,-15.930000000000007,-31.46999999999997,396.6033333333333,399.55,1.5232968630418458,4.282329973304971,0.0031378106179462684,-0.01542358989643089,-0.055040404281185173
2022-09-02,400.28,401.56,390.33,392.24,377.04,99632100.0,397.7445,401.05659999999995,-0.0105495197606675,35.660239749811865,-2.3249452858212862,1.581042956355777,0,-13.069999999999993,-0.0150191471879806,0.2653285936898735,0,0.4853329228604098,0.1629697912189616,0,0,0,0,0,0,0,0,0,0,0,0,2,4,9,2022,404.88700000000006,-4.051111080345449,413.77650000000006,437.2772023511921,390.275797648808,-0.01054437213056858,9.392726559535971,0.2653285936898735,0,-5.96999999999997,-21.430000000000007,-29.899999999999977,394.6133333333333,396.936,2.146842642803071,3.8550914386384973,-0.01054437213056858,-0.014992089600964209,-0.03224692210900293
2022-09-06,393.13,394.12,388.42,390.76,375.62,76637400.0,396.676,401.07020000000006,-0.0037661786547846,34.67467877813934,-3.232609432350785,0.6183124786144647,1,-11.870000000000005,-0.0111830477718108,-0.2307960988476605,0,0.482210396692761,0.1157502562250205,0,0,0,0,0,0,0,0,0,0,0,0,6,1,9,2022,402.628,-3.994745877660636,412.66499999999996,438.2221794218245,387.10782057817545,-0.0037732000815827726,9.837167388136171,-0.2307960988476605,0,-4.420000000000016,-28.75,-22.590000000000032,393.13999999999993,394.562,2.935370504659953,3.040924201663314,-0.0037732000815827726,-0.01118477655751815,-0.02948116136403145
2022-09-07,390.43,398.59,390.2,397.78,382.37,70964200.0,396.024,401.254,0.017970289121985,42.756112866931026,-3.3684419182944225,-0.1790384007673127,1,-0.4300000000000068,0.0036545907065328,-0.0740265196888203,0,0.4970533907995426,0.1041003601216737,0,0,0,0,0,0,0,0,0,0,0,0,7,2,9,2022,401.171,-3.3075416961832973,411.9865,438.354942710925,385.61805728907495,0.01796499129900697,9.301649136935477,-0.07402651968882035,0,1.3599999999999568,-7.53000000000003,-14.57000000000005,393.59333333333325,394.476,3.7005044700634824,2.9154553675646593,0.01796499129900697,0.0034307048080317593,-0.0010798322493157375
2022-09-08,395.39,400.86,394.12,400.38,384.87,80821700.0,395.0815,401.6486,0.0065381698354995,45.44789150160379,-3.237046379722585,-0.7906399965583673,1,5.199999999999989,0.0207422803026999,0.1389080691390869,0,0.5025507960242765,0.1243427014526228,0,0,0,0,0,0,0,0,0,0,0,0,8,3,9,2022,399.842,-2.5354997604264478,411.006,437.56875994695093,384.443240053049,0.006536276333651836,8.201790861349588,0.13890806913908693,0,8.139999999999986,-2.25,-13.29000000000002,396.3066666666666,395.51599999999996,4.976357436213169,3.96715011062886,0.006536276333651836,0.02075260044870486,0.013158560655903706
2022-09-09,402.74,407.51,402.46,406.6,390.85,76706900.0,394.438,402.17379999999997,0.0155377140333099,51.34258196516268,-2.6201747027250804,-1.15654693779171,1,10.180000000000007,0.0400461729907946,-0.0509120694071022,0,0.51570058932184,0.1158929742288248,0,0,0,0,0,0,0,0,0,0,0,0,9,4,9,2022,398.55100000000004,-1.5139560180260223,410.3365,436.63340877269314,384.03959122730686,0.015535241520555632,5.245081187803438,-0.050912069407102245,0,15.840000000000032,8.390000000000043,-12.909999999999968,401.5866666666666,397.55199999999996,4.532122387242318,6.4082852620856885,0.015535241520555632,0.04053639062340064,0.025679834518944622
2022-09-12,408.78,411.73,408.46,410.97,395.05,69256300.0,393.663,402.8482,0.0107458104132018,55.02001290540303,-1.771968406470933,-1.2796312315275546,0,18.730000000000018,0.0328216942820114,-0.0971307665933572,0,0.524936230099393,0.1005931935217115,0,0,0,0,0,0,0,0,0,0,0,0,12,0,9,2022,399.117,-0.5041924539279992,409.53,434.6855743325282,384.37442566747177,0.010747663551401887,6.26224853121067,-0.09713076659335729,0,13.190000000000055,15.79000000000002,5.660000000000025,405.9833333333333,401.29800000000006,5.321863708601846,7.8410343705577645,0.010747663551401887,0.03315903263110287,0.047751376708137894
2022-09-13,401.83,403.1,391.92,393.1,377.87,122947100.0,391.9445,403.0854,-0.0434881660549297,41.280574116773195,-2.457710272294946,-1.515247039681033,1,2.340000000000032,-0.0172046416084179,0.7752478835860419,1,0.4871580613950215,0.2108470611282772,0,0,0,0,0,0,0,0,0,0,0,0,13,1,9,2022,398.16400000000004,-0.9729016386698277,407.742,432.22208055541,383.26191944459003,-0.04348249263936543,6.392033583556629,0.7752478835860419,1,-7.279999999999973,-3.319999999999993,-9.529999999999973,403.5566666666667,401.76599999999996,9.315612343423185,7.088545690074116,-0.04348249263936543,-0.018182726409910477,0.005988330433002398
2022-09-14,394.47,396.2,391.12,394.6,379.31,85023700.0,390.2575000000001,403.3382,0.0038108344139518,42.576818671309034,-2.852092528740627,-1.782616137492952,0,-3.17999999999995,-0.028931521227776,-0.3084529850643082,0,0.4903245668044682,0.132971493567525,0,0,0,0,0,0,0,0,0,0,0,0,14,2,9,2022,397.803,-1.1053528018578525,405.987,428.90131700922757,383.0726829907725,0.0038158229458153947,6.490331356032079,-0.3084529850643082,0,-12.0,2.3600000000000136,-3.609999999999957,399.5566666666666,401.13,9.91265016698093,7.655566602170453,0.0038158229458153947,-0.029513034923758008,-0.007994368746543246
2022-09-15,392.96,395.96,388.78,390.12,375.01,87633800.0,388.50200000000007,403.4756,-0.0113363739421581,39.75415514880548,-3.4715989401582874,-2.120412698026019,0,-10.259999999999991,-0.0510137055831361,0.0306984993595902,0,0.4808690298179259,0.1383313246715483,0,0,0,0,0,0,0,0,0,0,0,0,15,3,9,2022,397.297,-1.3992109497010388,404.1605,425.9935469472171,382.3274530527829,-0.011353269133299593,6.901751871001335,0.030698499359590237,0,-20.850000000000023,-0.6399999999999864,-5.060000000000002,392.6066666666666,399.07800000000003,2.2803800851967884,9.138310565978031,-0.011353269133299593,-0.050733630191984846,-0.02562565562715413
2022-09-16,384.14,386.25,382.11,385.56,372.14,103084800.0,386.5435,403.40700000000004,-0.0076531292498867,37.06092383132098,-4.146350699073423,-2.5256002982355,0,-21.04000000000002,-0.015178668778093,0.1763132489975329,0,0.4745580086199313,0.1700598984381722,0,0,0,0,0,0,0,0,0,0,0,0,16,4,9,2022,396.211,-1.780747667185536,402.044,422.4239297348985,381.6640702651015,-0.011688711165795174,7.845038701128411,0.17631324899753298,0,-7.5400000000000205,-12.21999999999997,-10.860000000000014,390.0933333333333,394.87,4.520058996624698,9.639170088771216,-0.011688711165795174,-0.01918087000763169,-0.05174618789965568
2022-11-28,399.09,400.81,395.11,395.91,382.13,67881600.0,376.271,378.47299999999996,-0.0159658022815646,55.90896997178603,5.69534868667489,5.077521360930776,0,-0.1199999999999477,-0.009902010343156,1.2223182541397395,0,0.496525639897968,0.0977702519414268,0,0,0,0,0,0,0,0,0,0,0,0,28,0,11,2022,397.448,0.6546992707085622,389.836,409.70365552347573,369.9683444765243,-0.015957050182685784,3.125165951147551,1.2223182541397395,1,-3.9899999999999523,0.4600000000000364,-2.599999999999966,400.21999999999997,399.03000000000003,3.7328407412584546,3.6258447291995273,-0.015957050182685784,-0.009977494373593299,-0.000303007347928097
2022-11-29,396.05,397.3,393.3,395.23,381.48,52310000.0,376.7065,378.60659999999996,-0.0017009918090701,55.248085552449744,5.269834185052048,5.11598392575503,1,0.6400000000000432,-0.0178985020356428,-0.2293935322679489,0,0.4950963145395373,0.0657940265020145,0,0,0,0,0,0,0,0,0,0,0,0,29,1,11,2022,397.459,0.17277746588231402,390.287,410.2143581791338,370.35964182086616,-0.0017175620721880946,3.1162422170853987,-0.2293935322679489,0,-7.189999999999998,0.9900000000000091,0.11000000000001364,397.82333333333327,399.158,3.917669375143768,3.4362581393521654,-0.0017175620721880946,-0.0178669052233984,0.0016219366937835211
2022-11-30,395.49,407.68,393.48,407.68,393.49,144566700.0,377.824,379.0784,0.0314826465345496,63.706958620333054,5.834461465147456,5.259679433633515,0,7.78000000000003,0.0138158524439149,1.7636532211814189,0,0.5215058492391591,0.2552428331433507,0,0,0,0,0,0,0,0,0,0,0,0,30,2,11,2022,398.378,0.608262141476116,391.445,412.55394075977017,370.3360592402298,0.03150064519393769,4.501344984186117,1.7636532211814187,1,5.350000000000023,11.650000000000034,9.189999999999998,399.6066666666666,400.71400000000006,6.999973809446284,5.176864881399338,0.03150064519393769,0.013297541818904968,0.019454863715929083
2022-12-01,408.77,410.0,404.75,407.38,393.21,76398200.0,379.393,379.6782,-0.0007115809804569,63.39600232852822,6.188007494109456,5.445345045728703,0,4.9599999999999795,0.0290700737450225,-0.4715366678495116,0,0.5208901398539888,0.1152590598723587,0,0,0,0,0,0,0,0,0,0,0,0,1,3,12,2022,399.571,0.7808690334468666,393.0705,413.8275975572086,372.31340244279136,-0.0007358712715855864,5.1703136590854495,-0.47153666784951165,0,11.46999999999997,12.79000000000002,11.930000000000007,403.43,401.706,7.1029923271526165,5.995926116978663,-0.0007358712715855864,0.02897123083529074,0.012325431141593235
2022-12-02,402.25,407.86,402.14,406.91,392.75,85342700.0,381.1255,380.332,-0.0011698583454133,62.878188334546074,6.357788485528545,5.627833733688672,0,4.580000000000041,0.0296012072086793,0.1170773656970975,0,0.5198786172926378,0.1336265589375045,0,0,0,0,0,0,0,0,0,0,0,0,2,4,12,2022,400.83799999999997,0.7670321236053752,394.8655,413.8112704778525,375.9197295221475,-0.0011537139771220506,5.270228331548879,0.11707736569709759,0,11.680000000000007,7.010000000000048,12.670000000000016,407.32333333333327,402.622,0.38811510265687654,6.4478965562629735,-0.0011537139771220506,0.029552412519292526,0.011383690005716707
2022-12-05,403.95,404.93,398.17,399.59,385.69,77289800.0,382.2475,380.9648,-0.0179758115849777,55.30200164704578,5.855163467574528,5.673299680465843,0,3.67999999999995,-0.0198572509108481,-0.0943595644384347,0,0.5043539449379892,0.1170899573139691,0,0,0,0,0,0,0,0,0,0,0,0,5,0,12,2022,401.194,0.1981619859676016,396.02750000000003,413.0404560923275,379.0145439076726,-0.017989235948981497,5.023843592752333,-0.09435956443843474,0,-8.090000000000032,-2.830000000000041,3.5600000000000023,404.6266666666666,403.358,4.368207107374706,5.650997257145756,-0.017989235948981497,-0.01984399529042391,0.009295041802429793
2022-12-06,399.42,399.99,391.64,393.83,380.13,77972200.0,382.9175,381.55519999999996,-0.0144157224714148,50.1785264630562,4.95111066470372,5.528861877313418,0,-1.400000000000034,-0.033561392401806,0.0088291081099964,0,0.4921277157181809,0.1184912632966462,0,0,0,0,0,0,0,0,0,0,0,0,6,1,12,2022,401.118,-0.5896672091385424,396.7215,412.1092461312389,381.3337538687611,-0.014414775144523162,5.139271024830352,0.008829108109996486,0,-13.550000000000011,-8.5,-0.7599999999999909,400.10999999999996,403.078,6.555486251957183,6.165660548576172,-0.014414775144523162,-0.033261328489371134,-0.003542241226627607
2022-12-07,392.94,395.64,391.97,393.16,379.48,65927900.0,383.456,382.1508,-0.0017099413358587,49.60286448472564,4.134532421261326,5.249995986103,1,-14.519999999999982,-0.0341014753922513,-0.1544691569559406,0,0.4906983903597501,0.0937583359121826,0,0,0,0,0,0,0,0,0,0,0,0,7,2,12,2022,400.44399999999996,-1.1472605116115941,397.2795,411.23405549272184,383.32494450727813,-0.0017012416524895269,5.725308725299742,-0.15446915695594066,0,-13.75,-2.75,-6.739999999999952,395.52666666666664,400.17400000000004,3.5348597331360523,6.838927547522709,-0.0017012416524895269,-0.03379125605170674,-0.035616169544740894
2022-12-08,395.14,397.36,393.27,396.24,382.45,60737900.0,384.523,382.665,0.0078264994202592,52.31134262492905,3.684569040544261,4.936910596991253,0,-11.139999999999986,-0.0082991643870143,-0.0787223618528726,0,0.497229307766734,0.0831006892971559,0,0,0,0,0,0,0,0,0,0,0,0,8,3,12,2022,399.826,-1.2893853766086547,398.385,407.4886992480776,389.2813007519224,0.007833960728456546,5.821056032484656,-0.07872236185287262,0,-3.349999999999966,1.009999999999991,-6.180000000000007,394.41,397.946,1.619845671543075,5.608335760300221,0.007833960728456546,-0.008383593183012517,-0.027345475968383326
2022-12-09,394.94,397.62,393.15,393.28,379.6,81447700.0,384.455,383.27479999999997,-0.0074519545038566,49.55500337062306,3.062693810175688,4.56206723962814,1,-13.630000000000052,-0.0013353964194561,0.3409699709736424,0,0.4909622658105373,0.1256281902350904,0,0,0,0,0,0,0,0,0,0,0,0,9,4,12,2022,398.921,-1.5461721730531668,398.31450000000007,407.552414212605,389.0765857873951,-0.0074702200686453946,6.085977416249823,0.34096997097364246,0,-0.5500000000000114,-14.400000000000034,-9.050000000000011,394.22666666666663,395.21999999999997,1.744629855571301,2.742106854274416,-0.0074702200686453946,-0.0013965416550288934,-0.03349635054434652
2022-12-12,394.11,398.95,393.41,398.95,385.07,75405800.0,384.4765,384.11019999999996,0.0144099051633297,54.50059807390701,2.9769204096284625,4.245037873628204,1,-0.6399999999999864,0.0147844500797323,-0.0741813458206922,0,0.5029905884422552,0.1132211699878207,0,0,0,0,0,0,0,0,0,0,0,0,12,0,12,2022,399.225,-1.3070951806812117,398.3365,407.57826666008447,389.09473333991554,0.014417209113100071,5.994095706053201,-0.07418134582069225,0,5.789999999999964,-8.430000000000007,3.0399999999999636,396.1566666666666,395.092,2.835918428471634,2.4905160108416444,0.014417209113100071,0.014726828772001044,-0.0016016416827248081
2022-12-13,410.22,410.49,399.07,401.97,387.98,123782500.0,384.807,384.81739999999996,0.0075570675461604,56.92304351311308,3.1079307606569277,4.017616451033949,0,8.140000000000043,0.0145150182056336,0.6415514456447646,0,0.5093895681238455,0.2125625520689695,0,0,0,0,0,0,0,0,0,0,0,0,13,1,12,2022,399.899,-0.9358908577550853,398.679,407.92628695345,389.43171304654993,0.007569870911141807,5.872675805040152,0.6415514456447646,1,5.730000000000018,-4.939999999999998,6.740000000000009,398.0666666666666,396.72,4.41182879687544,3.7839463527197115,0.007569870911141807,0.014460932768019408,0.020668816494426645
2022-12-14,401.61,405.5,396.31,399.4,385.5,108111300.0,384.851,385.246,-0.0063920820660858,54.274802938824415,2.977321425871196,3.809557446001399,0,6.239999999999952,0.0155748906434043,-0.126602710399289,0,0.5039361421409094,0.1803817983823787,0,0,0,0,0,0,0,0,0,0,0,0,14,2,12,2022,399.071,-0.8559384839278001,398.7245,407.97657322709057,389.4724267729094,-0.006393511953628472,5.198761497809169,-0.12660271039928905,0,6.1200000000000045,-0.18999999999999773,-8.28000000000003,400.10666666666657,397.96799999999996,1.6293045549967082,3.3164092027767804,-0.006393511953628472,0.01556143205858418,0.01587140095635342
2022-12-15,394.3,395.25,387.89,389.63,376.07,117705900.0,384.57,385.4968,-0.0244617380025941,45.591258569035126,2.088811873821101,3.46540833156534,0,-6.610000000000014,-0.0232967525225195,0.0887474297321371,0,0.483199929633213,0.2000842754946205,0,0,0,0,0,0,0,0,0,0,0,0,15,3,12,2022,397.296,-1.4202647474026087,398.4335,408.41646804559883,388.45053195440113,-0.024461692538808144,5.075330750031169,0.08874742973213712,0,-9.319999999999993,-4.199999999999989,-17.75,397.0,396.646,6.510675848144246,5.044604047917012,-0.024461692538808144,-0.023361323474119566,-0.016681809004643666
2023-03-01,395.41,396.69,393.38,394.74,382.75,99706800.0,394.114,396.8132,-0.0038518595632824,41.07211276120813,-0.9944413783258028,1.1907267796300751,1,-3.8000000000000114,-0.0041255142839338,0.0338889199967646,0,0.4978889963937021,0.1631231874043455,0,0,0,0,0,0,0,0,0,0,0,0,1,2,3,2023,401.29200000000003,-2.236317501985472,406.456,420.43614363300435,392.4758563669957,-0.0038358653409377164,6.353665258905322,0.03388891999676469,0,-1.6399999999999864,-12.519999999999982,-17.899999999999977,396.24333333333334,397.154,1.4950696749473251,2.227640006882251,-0.0038358653409377164,-0.0041374438669963265,-0.009534802027400091
2023-03-02,392.68,398.69,392.33,397.81,385.73,85127800.0,393.484,397.10400000000004,0.0077857609405618,45.35743894045188,-1.1596050019783206,0.7206604233083962,1,-2.8500000000000227,0.0002518062132705,-0.1462187132672997,0,0.504441903421585,0.1331852625487628,0,0,0,0,0,0,0,0,0,0,0,0,2,3,3,2023,399.675,-1.9231911806055482,405.80649999999997,420.12200247107774,391.4909975289222,0.0077772711151644636,4.574247357640898,-0.14621871326729974,0,0.07999999999998408,-1.2799999999999727,-16.170000000000016,396.27,396.584,1.5350244296471953,1.2612810948640647,0.0077772711151644636,0.00020114147788707903,-0.007113263115858914
2023-03-03,399.71,404.45,399.03,404.19,391.92,90120000.0,392.8735,397.5874,0.0160474943613408,53.00588904837118,-0.7820026558145514,0.4201278074838066,1,7.810000000000002,0.0199813957386202,0.0586435923399877,0,0.5180534787580262,0.1434367275644731,0,0,0,0,0,0,0,0,0,0,0,0,3,4,3,2023,399.26599999999996,-1.2252715123784517,405.177,418.58548999699207,391.768510003008,0.016037806993288273,3.8438990621497,0.05864359233998773,0,7.930000000000007,5.649999999999977,-4.089999999999975,398.91333333333336,398.146,4.820646567934692,3.604640065285804,0.016037806993288273,0.020012113258971453,0.019703315000756838
2023-03-06,405.05,407.45,404.01,404.47,392.19,72795900.0,392.4915,398.066,0.0006889161053276,53.31473665540711,-0.4557101890957824,0.2449602081678888,0,6.740000000000009,0.0245221714072303,-0.192233688415446,0,0.5186471985222975,0.1078617495830888,0,0,0,0,0,0,0,0,0,0,0,0,6,0,3,2023,398.98699999999997,-0.7092520389636177,404.783,417.78208627555944,391.7839137244406,0.0006927435117147773,3.255409344459621,-0.19223368841544608,0,9.730000000000018,3.8100000000000023,-2.7899999999999636,402.1566666666667,399.494,3.7669262446897744,4.54720023753799,0.0006927435117147773,0.024649136140244332,0.01694616951198058
2023-03-07,404.42,404.67,397.63,398.27,386.18,108310600.0,391.931,398.3068,-0.0153242051046685,46.091382920504095,-0.6743048640130382,0.0611071937317034,1,2.009999999999991,0.0014122053619999,0.4878667617269654,0,0.5054314363620371,0.1807910602263815,0,0,0,0,0,0,0,0,0,0,0,0,7,1,3,2023,398.90500000000003,-0.746216609817627,404.20500000000004,417.2828170961151,391.127182903885,-0.015328701757856056,3.2628455542832584,0.4878667617269654,0,0.45999999999997954,1.8899999999999864,-0.8199999999999932,402.30999999999995,399.896,3.5015425171770973,4.27023184385416,-0.015328701757856056,0.0011563309117417209,0.005072427194266371
2023-03-08,398.39,399.71,396.59,398.92,386.81,74746600.0,391.1425,398.67080000000004,0.0016313636128231,46.90358328206723,-0.7876277020363887,-0.1086397854219149,0,4.180000000000007,-0.0130039253865178,-0.3098865669657448,0,0.50681678247867,0.1118675051229602,0,0,0,0,0,0,0,0,0,0,0,0,8,2,3,2023,398.943,-0.6889913469040074,403.3915,415.63218507067484,391.1508149293252,0.0016320586536773263,3.2603341682845723,-0.3098865669657448,0,-5.269999999999982,1.1899999999999977,0.37999999999999545,400.5533333333333,400.732,3.4074672900757896,3.3095800338210974,0.0016320586536773263,-0.0130384225240604,0.010589248619344405
2023-03-09,399.74,401.48,390.53,391.56,379.67,111945300.0,390.217,398.8438,-0.0184586748015821,39.62391610525203,-1.43701023664687,-0.374313875666906,0,-6.25,-0.0321515162934276,0.4976641077988832,0,0.4911161931568299,0.1882549038008782,0,0,0,0,0,0,0,0,0,0,0,0,9,3,3,2023,398.033,-1.08533870031861,402.437,415.2295683113066,389.64443168869343,-0.018449814499147732,3.9292013607509517,0.49766410779888326,0,-12.910000000000025,-4.699999999999989,-9.100000000000023,396.24999999999994,399.482,4.074641088441181,5.281767696544929,-0.018449814499147732,-0.031918312853858155,-0.015711017822578666
2023-03-10,390.99,393.16,384.32,385.91,374.19,189253000.0,389.19,398.934,-0.014433587062449,35.11793111425284,-2.3665605388442827,-0.7727632083023814,0,-18.279999999999973,-0.031260898251208,0.6905845980134941,0,0.4790658809042132,0.3470059918973137,0,0,0,0,0,0,0,0,0,0,0,0,10,4,3,2023,396.986,-1.6335974877193462,401.37800000000004,415.8508070532102,386.9051929467899,-0.01442946164061698,5.499699385723354,0.6905845980134941,1,-12.359999999999957,-8.829999999999984,-10.46999999999997,392.12999999999994,395.826,6.523702936187609,7.190106397005571,-0.01442946164061698,-0.031034223014537732,-0.04522625497909394
2023-03-13,381.81,390.39,380.65,385.36,373.66,157790000.0,388.0905,399.108,-0.0014163927416552,34.70420458936266,-3.110150541547739,-1.240240674951453,1,-19.110000000000014,-0.0343086546056864,-0.1662483553761367,0,0.4779004309965696,0.2823968328513435,0,0,0,0,0,0,0,0,0,0,0,0,13,0,3,2023,395.749,-1.919137402751372,400.244,415.9525052121281,384.535494787872,-0.0014252027674847012,6.595696324118553,-0.1662483553761367,0,-13.560000000000002,-12.449999999999989,-12.370000000000005,387.60999999999996,392.004,3.4318362431259986,6.491735515272852,-0.0014252027674847012,-0.03399177780006013,-0.0472470146117141
2023-03-14,390.5,393.45,387.05,391.73,379.84,149752400.0,387.0675,399.2738,0.0165390997163195,43.069660970227794,-3.1643005374943414,-1.6250526474600306,0,-6.539999999999964,0.0006891199122152,-0.0509385892642119,0,0.4914900167121118,0.2658916497236097,0,0,0,0,0,0,0,0,0,0,0,0,14,1,3,2023,395.29600000000005,-1.579049408154126,399.189,414.1930393227777,384.18496067722236,0.016529997924019213,6.7112512494559295,-0.05093858926421191,0,0.17000000000001592,-12.45999999999998,-4.529999999999973,387.6666666666667,390.696,3.529678927744907,5.496101345522403,0.016529997924019213,0.0004341607927265123,-0.016421020915459272
2023-03-15,385.89,389.49,383.71,389.28,377.46,172996900.0,385.93500000000006,399.4108,-0.006265796124684,40.89930160427006,-3.3605228928656743,-1.9721466965411596,1,-9.640000000000043,0.0088569108499801,0.1552195490689965,0,0.486256486938165,0.3136241481326632,0,0,0,0,0,0,0,0,0,0,0,0,15,2,3,2023,394.75,-1.4239307567352788,398.021,412.27287973565114,383.7691202643489,-0.006254307814055671,6.978299697394524,0.1552195490689965,0,3.3699999999999477,-15.190000000000055,-5.460000000000036,388.78999999999996,388.768,3.213144876850506,3.025453685028154,-0.006254307814055671,0.008732606048042157,-0.02416524616464466
2023-03-16,386.82,396.47,386.29,396.11,384.08,143254200.0,385.0685,399.71659999999997,0.0175382822020877,48.6655055117988,-2.9478706312008853,-2.1672914834731047,0,4.550000000000011,0.0278115857937232,-0.1719262021458187,0,0.5008136159732606,0.2525476190427297,0,0,0,0,0,0,0,0,0,0,0,0,16,3,3,2023,394.58000000000004,-0.7974055357436591,397.1275,409.363314439565,384.891685560435,0.017545211672832073,6.915899555853621,-0.17192620214581877,0,10.75,-2.159999999999968,-1.6999999999999886,392.3733333333333,389.678,3.4601493223496496,4.4323436238915175,0.017545211672832073,0.027895993356861215,0.011620185922974757
2023-03-17,393.22,394.4,388.55,389.99,379.59,140553400.0,384.254,399.8412,-0.0116902728598209,43.188986600649635,-2.949150248059482,-2.3236632363903804,0,4.079999999999984,-0.0004177867824172,-0.0188531994175389,0,0.4909402761896384,0.2470015358100006,0,0,0,0,0,0,0,0,0,0,0,0,17,4,3,2023,393.15999999999997,-0.7328765948991376,396.21299999999997,407.6883232633974,384.7376767366025,-0.015450253717401718,6.1374895338212925,-0.018853199417538935,0,-1.740000000000009,-8.930000000000007,-14.199999999999989,391.7933333333333,390.494,3.7551608930854,3.9100166240379353,-0.015450253717401718,-0.004441834937329303,0.010572413256976887
2023-05-30,422.03,422.58,418.74,420.18,408.98,72216000.0,402.5735,409.50479999999993,0.0003913702852111,59.83530898598731,2.289709635404222,2.01437030826954,0,1.3899999999999864,0.0219972556546088,-0.2303527656399872,0,0.5555677720116105,0.1066709269873174,0,0,0,0,0,0,0,0,0,0,0,0,30,1,5,2023,416.215,0.296163628902657,413.601,421.5544166242827,405.6475833757173,0.0003809342412266492,3.6740236798378385,-0.2303527656399872,0,9.090000000000032,0.9499999999999886,7.170000000000016,418.2833333333333,416.006,3.1475757866815135,3.9752773488510034,0.0003809342412266492,0.022111946289133932,0.0033190859380596294
2023-05-31,418.28,419.22,416.22,417.85,406.71,110811800.0,402.9145,409.987,-0.0055503936622818,56.02455486852167,2.2764310011532416,2.06678244684628,1,3.7600000000000477,0.0077996723289677,0.5344494294893098,0,0.550576128067552,0.1859272655661705,0,0,0,0,0,0,0,0,0,0,0,0,31,2,5,2023,416.975,0.22767392857481017,413.9515,422.0045497949172,405.89845020508284,-0.0055452425151125695,3.033187725444599,0.5344494294893098,1,3.2000000000000455,-0.7699999999999818,7.600000000000023,419.34999999999997,416.758,1.3014991354465693,3.87663126958044,-0.0055452425151125695,0.007717351983600684,0.009080151657852253
2023-06-01,418.09,422.92,416.79,421.82,410.57,88865000.0,403.586,410.44520000000006,0.0094907919647906,60.62588566713513,2.548005507068808,2.1630270588907856,1,10.730000000000018,0.0043317685877199,-0.1980547198042085,0,0.5590641217345412,0.1408595895101651,0,0,0,0,0,0,0,0,0,0,0,0,1,3,6,2023,417.634,0.4071710763793881,414.6415,422.9054779161983,406.3775220838017,0.009501017111403609,3.314752211287137,-0.19805471980420852,0,1.8000000000000114,3.0299999999999727,6.589999999999975,419.95,418.904,1.9949686713246766,2.7651455658412654,0.009501017111403609,0.004285510213799304,0.02610134033909861
2023-06-02,424.5,428.74,423.95,427.92,416.51,91366700.0,404.6950000000001,411.1614,0.0144676912584942,66.43698376738806,3.205586609913553,2.3715389690953392,0,13.270000000000039,0.018408089561003,0.0281516907668935,0,0.5721259565485091,0.1459968215981829,0,0,0,0,0,0,0,0,0,0,0,0,2,4,6,2023,418.503,0.8676956378831759,415.78100000000006,424.74032341192185,406.8216765880783,0.014461144564032136,4.649865111545412,0.0281516907668935,0,7.740000000000009,13.830000000000041,8.689999999999998,422.53,421.558,5.072405740825741,3.826136432524991,0.014461144564032136,0.018420676852777484,0.032002894006993854
2023-06-05,428.28,429.62,426.37,427.1,415.71,65460200.0,405.399,411.84,-0.001920722191544,65.04720789010271,3.620436914308584,2.6213185581379883,1,7.080000000000041,0.0220377610317408,-0.2835442234424576,0,0.5703667868765941,0.0927979156189556,0,0,0,0,0,0,0,0,0,0,0,0,5,0,6,2023,419.351,1.0366253918993626,416.5045,426.5947853775009,406.4142146224991,-0.0019162460272947879,5.3882061537740125,-0.28354422344245767,0,9.25,16.010000000000048,8.480000000000018,425.6133333333333,422.974,3.3106092087241947,4.38407116733943,-0.0019162460272947879,0.022137130549240158,0.016856340174277618
2023-06-06,426.67,428.58,425.99,428.03,416.62,64022200.0,406.143,412.4856,0.0021890260037045,65.91799849119609,3.976796133828259,2.8924140732760426,0,7.849999999999966,0.0147359950706547,-0.021967546692494,0,0.5723678423783973,0.0898449877129039,0,0,0,0,0,0,0,0,0,0,0,0,6,1,6,2023,420.275,1.1232518255888513,417.26899999999995,428.3689619818901,406.1690380181098,0.00217747600093654,6.034782975018155,-0.02196754669249401,0,6.2099999999999795,13.379999999999995,9.239999999999952,427.68333333333334,424.54400000000004,0.5081666388946048,4.53631237904743,0.00217747600093654,0.014721919302072006,0.01868246941786844
2023-06-07,428.44,429.62,426.11,426.55,415.18,85373300.0,406.9035,413.0868,-0.0034563871153568,63.21875985735752,4.095803543607701,3.1330919673423745,1,8.699999999999989,-0.0031880833031964,0.3334952563329594,0,0.5692013369689506,0.1336893959291075,0,0,0,0,0,0,0,0,0,0,0,0,7,2,6,2023,421.521,0.9973903438587959,418.05,429.45000526313055,406.6499947368695,-0.0034577015629744245,5.900693838676285,0.3334952563329594,0,-1.3700000000000045,6.53000000000003,12.460000000000036,427.22666666666663,426.284,0.7480864474686768,2.5685073486952152,-0.0034577015629744245,-0.0032015329968217987,0.02082086873279887
2023-06-08,426.62,429.6,425.82,429.13,417.69,61952800.0,407.696,413.75739999999996,0.0060455705958861,65.84443738155508,4.342595063593194,3.3749925865925388,1,7.310000000000002,0.0047782094842337,-0.2743304991138916,0,0.5747207318145835,0.0855954821435135,0,0,0,0,0,0,0,0,0,0,0,0,8,3,6,2023,423.325,1.0017698809221192,418.86400000000003,430.9658600223025,406.7621399776976,0.006048528894619487,5.054268273231428,-0.2743304991138916,0,2.0299999999999727,8.949999999999989,18.04000000000002,427.90333333333336,427.746,1.294655681208316,0.9841392179479515,0.006048528894619487,0.004752985249355968,0.017329666682471156
2023-06-09,429.96,431.99,428.87,429.9,418.44,85742800.0,408.561,414.3284,0.0017955900308841,66.61052822162486,4.546291040065171,3.6092522772870654,1,1.9799999999999613,0.0043847735114134,0.384002014436797,0,0.5763699533820036,0.1344481628701966,0,0,0,0,0,0,0,0,0,0,0,0,9,4,6,2023,424.85,0.9697591751017796,419.75249999999994,432.34561696917797,407.1593830308219,0.001794328059096184,4.404913922732658,0.38400201443679705,0,1.8700000000000045,12.049999999999955,15.25,428.52666666666664,428.142,1.754603468845225,1.387396843121586,0.001794328059096184,0.004368852650515231,0.004627033090297106
2023-06-12,430.92,433.88,430.17,433.8,422.23,76104300.0,409.6415,414.9304,0.0090574514864736,70.25019417973178,4.956408502656473,3.878683522360947,1,6.699999999999989,0.0168986121132439,-0.1124117710175082,0,0.5847040197027003,0.1146555372634654,0,0,0,0,0,0,0,0,0,0,0,0,12,0,6,2023,426.22799999999995,1.1141568345594757,420.863,434.27176295559724,407.45423704440276,0.009071877180739873,4.85814505067026,-0.11241177101750821,0,7.25,11.980000000000018,13.78000000000003,430.9433333333333,429.48199999999997,2.5037238930998162,2.7225300733519266,0.009071877180739873,0.016996835072089933,0.01568719269491914
2023-06-13,435.32,437.33,434.63,436.66,425.02,95899700.0,410.7925,415.4758,0.0066077730147076,72.608268923969,5.443806417761721,4.191708101441102,1,8.630000000000052,0.0174608145320653,0.2601088243371268,0,0.5908391239335032,0.1553053210405559,0,0,0,0,0,0,0,0,0,0,0,0,13,1,6,2023,427.87600000000003,1.292644516693823,422.0455,436.59805369340353,407.4929463065965,0.006592899953895781,5.348971240654915,0.2601088243371268,0,7.53000000000003,8.740000000000009,16.480000000000018,433.4533333333333,431.20799999999997,3.3933071380106017,4.005267781348458,0.006592899953895781,0.017547130240253672,0.02016213816788559
2023-06-14,437.01,439.06,433.59,437.18,425.52,100612100.0,412.103,416.0004,0.0011764152275186,73.02689508684813,5.803519241074866,4.514070329367855,1,10.629999999999995,0.0168416397286998,0.0491388398503853,0,0.5919386049784501,0.1649822177474252,0,0,0,0,0,0,0,0,0,0,0,0,14,2,6,2023,429.809,1.3308630137120838,423.392,438.30871626060474,408.47528373939525,0.0011908578756927302,4.786349687742737,0.04913883985038536,0,7.28000000000003,10.079999999999984,19.329999999999984,435.87999999999994,433.334,1.8199999998722436,3.72616156390339,0.0011908578756927302,0.016934170737380905,0.024920876802250636
2023-06-15,436.33,443.9,436.23,442.6,430.8,110303100.0,413.43500000000006,416.67900000000003,0.0124083474337282,76.97654040222356,6.440405136934714,4.899337290881228,0,13.470000000000027,0.0201925356759544,0.0963204226926979,0,0.6035491248130882,0.1848826519181813,0,0,0,0,0,0,0,0,0,0,0,0,15,3,6,2023,431.887,1.5888332728908212,424.7605,441.35818233818765,408.1628176618123,0.012397639416258821,5.4035688823859775,0.09632042269269792,0,8.800000000000011,14.57000000000005,20.78000000000003,438.81333333333333,436.02799999999996,3.2896403044804123,4.675309615449523,0.012397639416258821,0.02028584601198702,0.031389089553282234
2023-06-16,443.02,443.61,438.97,439.46,429.33,114121300.0,414.499,417.3162,-0.0034122562674094,70.53286404257031,6.748729925577777,5.2692158178205375,0,9.560000000000002,0.0101725063938373,0.0346155275781006,0,0.6003166505409446,0.1927233120926504,0,0,0,0,0,0,0,0,0,0,0,0,16,4,6,2023,433.041,1.4211159773348623,425.77200000000005,443.3358351164939,408.2081648835062,-0.007094441934026308,5.687052448815625,0.0346155275781006,0,2.7999999999999545,12.909999999999968,11.539999999999964,439.7466666666666,437.94000000000005,2.7213477052482604,3.2932354911723647,-0.007094441934026308,0.006412311638345436,0.022237729704582376
2023-08-29,442.65,449.45,442.46,449.16,438.81,83081900.0,433.5365,444.9608,0.0144488625855372,56.84564638702987,-1.0976052986877676,-1.2501180936669445,1,11.010000000000048,0.0278523639254362,0.3488328673894478,0,0.6211628111531357,0.1289840141461264,0,0,0,0,0,0,0,0,0,0,0,0,29,1,8,2023,440.17299999999994,0.16949911028189457,443.76399999999995,453.2452180651721,434.2827819348278,0.014454783629957557,3.9451744082035805,0.34883286738944785,0,12.270000000000039,12.660000000000025,6.270000000000039,443.9633333333333,442.36199999999997,4.711691133006098,4.540976767208228,0.014454783629957557,0.028084872622399226,0.025128380691544105
2023-08-30,449.51,451.67,448.78,451.01,440.62,69053900.0,433.5795,445.2374,0.0041247920512295,58.8040697431173,-0.3691521850411732,-1.0739249119417902,0,7.980000000000018,0.0249250028441976,-0.1688454404629649,0,0.6251429325358431,0.10017756583869,0,0,0,0,0,0,0,0,0,0,0,0,30,2,8,2023,441.31000000000006,0.7336516037672971,443.808,453.4143241668885,434.2016758331115,0.004118799536913187,5.210122625986098,-0.1688454404629649,0,11.039999999999964,11.670000000000016,11.370000000000005,447.64333333333326,443.95799999999997,4.329068413970755,6.001822223319152,0.004118799536913187,0.02509261995136014,0.018012324221835962
2023-08-31,451.65,452.83,450.16,450.35,439.97,66084600.0,433.653,445.54560000000004,-0.001475194044755,57.79635114129043,0.1539281995541728,-0.8283542896425976,1,13.460000000000036,0.0170984605920117,-0.0429997436784888,0,0.6237136071774123,0.094080118807091,0,0,0,0,0,0,0,0,0,0,0,0,31,3,8,2023,442.716,1.017071308953221,443.8835,453.6688978457366,434.0981021542635,-0.0014633821866476548,5.5882937169320845,-0.0429997436784888,0,7.590000000000032,12.200000000000045,14.060000000000002,450.17333333333335,446.65,0.9375677750609719,4.968757389965063,-0.0014633821866476548,0.017142469961152873,0.030808670374693925
2023-09-01,453.17,453.67,449.68,451.19,440.79,58875700.0,433.867,445.8392,0.0018637634384162,58.7648944299333,0.6274079515926019,-0.5372018413955578,0,11.21999999999997,0.0045133614448906,-0.1090859292482666,0,0.625516756091125,0.0792766681937835,0,0,0,0,0,0,0,0,0,0,0,0,1,4,9,2023,444.18500000000006,1.2030841963371937,444.1025000000001,454.32630922158404,433.8786907784161,0.0018652159431553628,5.702354776759983,-0.10908592924826666,0,2.0299999999999727,8.160000000000025,14.689999999999998,450.8499999999999,448.89400000000006,0.4422668871820592,3.520146303825511,0.0018652159431553628,0.004519547599964424,0.025501738754915015
2023-09-05,450.73,451.06,449.17,449.24,438.89,55166200.0,433.7955,446.1598,-0.0043104426143969,55.576304229517156,0.8396509715475986,-0.2618312788069266,0,6.480000000000018,-0.0039218732207357,-0.0630056203153422,0,0.6213387281203271,0.0716592230842572,0,0,0,0,0,0,0,0,0,0,0,0,5,1,9,2023,445.175,1.1374999201845921,444.029,454.08144427984286,433.97655572015714,-0.004321904297524326,5.626619766790569,-0.06300562031534229,0,-1.7699999999999818,12.350000000000023,9.900000000000034,450.25999999999993,450.19000000000005,0.9781104229581068,0.9567392541014289,-0.004321904297524326,-0.003924524955100761,0.014635468425332032
2023-09-06,448.4,448.51,443.81,446.22,435.94,70758500.0,433.672,446.45539999999994,-0.006721501970881,50.96416241272717,0.7610419305260621,-0.0572566369403288,0,-2.9399999999999977,-0.0091681811468617,0.2826422700856683,0,0.6148517899551411,0.1036779559003421,0,0,0,0,0,0,0,0,0,0,0,0,6,2,9,2023,445.98199999999997,0.8467799596074517,443.9025,453.7762102954941,434.02878970450587,-0.006722464606891632,5.056992518619386,0.28264227008566833,0,-4.1299999999999955,6.25,8.07000000000005,448.8833333333334,449.60200000000003,2.504123266302247,2.039159140512944,-0.006722464606891632,-0.009170645053847015,-0.006545551696500174
2023-09-07,443.11,445.55,442.75,444.85,434.6,70355400.0,433.628,446.629,-0.0030738174978207,48.97845007218666,0.5838862211157902,0.0709719346708949,1,-6.159999999999968,-0.0141057620830987,-0.0056968420755103,0,0.6119051807546838,0.1028501914782772,0,0,0,0,0,0,0,0,0,0,0,0,7,3,9,2023,446.16400000000004,0.5335584968466881,443.85749999999996,453.7052893458047,434.0097106541952,-0.003070234413518058,4.97096503039124,-0.0056968420755103555,0,-6.339999999999975,2.090000000000032,1.82000000000005,446.77,448.37,2.2460854835710724,2.722250906939919,-0.003070234413518058,-0.014051729869899554,-0.013658233742045556
2023-09-08,444.9,447.11,444.53,445.52,435.25,61659700.0,433.609,446.81160000000006,0.0014956281638287,50.00439069940988,0.4902868907103084,0.1548349258787776,1,-4.830000000000041,-0.008299691304873,-0.1235967672701739,0,0.6133345061131146,0.0849936023317863,0,0,0,0,0,0,0,0,0,0,0,0,8,4,9,2023,447.02699999999993,0.3516250615416031,443.838,453.6709885588943,434.00501144110575,0.0015061256603348117,3.791136006827271,-0.12359676727017399,0,-3.7200000000000273,-3.640000000000043,8.629999999999995,445.53,447.404,0.6850547419821481,2.7008757839510937,0.0015061256603348117,-0.008280651767429537,-0.010724991673143225
2023-09-11,448.24,448.77,446.47,448.45,438.11,60180100.0,433.7455,447.0184,0.0065709362435382,54.3293613670476,0.6395149151424562,0.2517709237315134,0,-2.740000000000009,0.0049927469095462,-0.0239962244383283,0,0.6196235376902102,0.0819552489730977,0,0,0,0,0,0,0,0,0,0,0,0,11,0,9,2023,447.875,0.40494416526953986,443.97799999999995,453.98832986466203,433.96767013533787,0.006576584665110463,2.8749309170515,-0.023996224438328384,0,2.2299999999999613,-2.5600000000000023,8.479999999999961,446.2733333333333,446.85600000000005,1.9145843760052443,1.899849994165964,0.006576584665110463,0.004997534848281138,-0.006072829628316234
2023-09-12,446.95,448.53,445.39,445.99,435.71,67565400.0,433.642,447.0726,-0.0054780762822123,50.38813183836067,0.5576905477870469,0.3129548485426201,1,-3.25,0.0025884881251546,0.1227199688933717,0,0.6143460286744655,0.0971209363615287,0,0,0,0,0,0,0,0,0,0,0,0,12,1,9,2023,448.198,0.25801976969967133,443.872,453.74907973033254,433.9949202696675,-0.005485561378079984,2.374254502888331,0.12271996889337178,0,1.1399999999999864,-4.360000000000014,3.230000000000018,446.65333333333325,446.206,1.5736052023434466,1.3593858908827912,-0.005485561378079984,0.002562661571316127,-0.007234440388211194
2023-09-13,446.22,447.71,445.08,446.51,436.22,60199300.0,433.819,447.12699999999995,0.0011705033164262,51.194108192730454,0.527911450311592,0.3559461688964145,1,0.2899999999999636,0.0022633632777521,-0.1090217774186196,0,0.6154674993403114,0.0819946761050839,0,0,0,0,0,0,0,0,0,0,0,0,13,2,9,2023,447.933,0.18287720665743962,444.053,453.98399209542254,434.12200790457746,0.0011659454247852086,2.4026700425514442,-0.10902177741861963,0,0.9900000000000091,-4.680000000000007,-2.650000000000034,446.9833333333333,446.264,1.2965081306499426,1.3663015773727647,0.0011659454247852086,0.0022221224636380654,0.0006499036349780773
2023-09-14,449.07,451.08,447.72,450.36,439.98,83430800.0,434.3424999999999,447.2716,0.0086195039200402,56.791069515062986,0.7985071836250199,0.4444583718421356,0,5.509999999999991,0.0043119309542541,0.385909802937908,0,0.6237355967983111,0.1297004790601886,0,0,0,0,0,0,0,0,0,0,0,0,14,3,9,2023,447.86800000000005,0.36876120928685807,444.58900000000006,454.66551507215394,434.5124849278462,0.008622427269266097,2.3174593368209413,0.385909802937908,0,1.910000000000025,1.1200000000000045,-0.6499999999999773,447.61999999999995,447.366,2.3871112247874864,2.0107784563032585,0.008622427269266097,0.004259114728509372,0.012386197594694837
2023-11-24,455.07,455.5,454.73,455.3,446.38,29737400.0,430.12,433.2936,0.0006276619592018,72.18236650303275,6.854690825660725,4.925569724834247,0,5.069999999999993,0.0022976200430782,-0.4993273833275248,0,0.6378089541736299,0.0194412723628331,0,0,0,0,0,0,0,0,0,0,0,0,24,4,11,2023,449.808,1.9823035828363489,438.71849999999995,465.61160489696846,411.82539510303144,0.0006153575667005029,5.462628183092744,-0.4993273833275248,0,1.0400000000000205,6.569999999999993,21.460000000000036,454.53,453.72800000000007,1.1001363549493903,1.8210628765484895,0.0006153575667005029,0.0022894377669175903,0.01126091108988736
2023-11-27,454.65,455.49,454.08,454.48,445.57,50506000.0,432.267,433.51579999999996,-0.0018145974282002,70.4694446145072,6.874794295542756,5.315414638975949,1,3.6899999999999977,0.0026610359074952,0.69839999461957,0,0.6360277948808162,0.0620895188924754,0,0,0,0,0,0,0,0,0,0,0,0,27,0,11,2023,451.195,1.604434542125384,440.9085,465.3320167615015,416.4849832384985,-0.0018010103228640606,4.552770218967911,0.69839999461957,1,1.2100000000000364,4.800000000000011,13.870000000000005,454.93333333333334,454.466,0.4168133069053227,0.7866892654310563,-0.0018010103228640606,0.00266949059059729,0.008185629672353034
2023-11-28,454.08,456.27,453.5,454.93,446.01,62115000.0,434.1955,433.7418,0.0009874991583813,70.87787018181426,6.847299358321607,5.621791582845081,0,0.6700000000000159,-0.000199436310617,0.2298538787470796,0,0.6369953382003694,0.0859285592689388,0,0,0,0,0,0,0,0,0,0,0,0,28,1,11,2023,452.669,1.2631854975913095,442.8755,465.059886829465,420.691113170535,0.00099014258053165,2.531202832219161,0.22985387874707963,0,-0.08999999999997499,4.699999999999989,14.740000000000009,454.90333333333336,454.6,0.4106498907992622,0.7997812203000895,0.00099014258053165,-0.00019779350358217762,0.001474926253687281
2023-11-29,457.15,458.32,454.2,454.61,445.7,63146000.0,435.9805,433.97979999999995,-0.0006950516804555,70.13502483191164,6.722996494591996,5.842032565194463,1,1.3400000000000318,-0.0015221499502744,0.0165982451903727,0,0.6363136599525023,0.0880457141167408,0,0,0,0,0,0,0,0,0,0,0,0,29,2,11,2023,453.25699999999995,0.910759339610764,444.696,464.30859228147403,425.083407718526,-0.0007034049194380998,2.1719732451932194,0.016598245190372785,0,-0.6899999999999977,3.819999999999993,5.8799999999999955,454.67333333333335,454.86800000000005,0.23158871478153786,0.3281310718983572,-0.0007034049194380998,-0.0015154842960685144,0.002956295364793693
2023-11-30,455.48,456.76,453.34,456.4,447.45,79752700.0,437.634,434.335,0.003926407897689,71.90859719760181,6.68859400597654,6.011344853350879,1,1.3799999999999955,0.0042188553756148,0.262988946251544,0,0.6401618436098161,0.1221475137394314,0,0,0,0,0,0,0,0,0,0,0,0,30,3,11,2023,453.929,0.7023818109091735,446.383,463.80567384758524,428.9603261524147,0.0039374408833945385,1.972727666076274,0.262988946251544,0,1.919999999999959,2.1399999999999864,6.71999999999997,455.3133333333333,455.14399999999995,0.9545854245755838,0.7703440791916676,0.0039374408833945385,0.004224608343601499,0.0030328337215945744
2023-12-01,455.77,459.65,455.16,459.1,450.1,89097900.0,439.023,434.88919999999996,0.0059224494356913,74.38009218855956,6.796813207135699,6.168438524107843,0,3.8000000000000114,0.0091538056529247,0.1171772240939805,0,0.6459890931480341,0.1413378488351438,0,0,0,0,0,0,0,0,0,0,0,0,1,4,12,2023,454.816,0.6516878705858291,447.8,464.50469395108234,431.0953060489177,0.005915863277826672,2.1138127742314228,0.11717722409398057,0,4.170000000000016,5.830000000000041,8.870000000000005,456.7033333333333,455.904,2.260317086784061,1.943664065713781,0.005915863277826672,0.009166245356428515,0.008346145398638205
2023-12-04,455.6,459.12,454.34,456.69,447.74,72430900.0,440.10149999999993,435.41460000000006,-0.0052432792712731,68.58016187986735,6.615881661523758,6.257927151591027,0,2.2099999999999795,0.0046055780621072,-0.1870638926394449,0,0.6407995426158852,0.107112223376059,0,0,0,0,0,0,0,0,0,0,0,0,4,0,12,2023,455.40600000000006,0.37489081815052394,448.9,464.8887085156783,432.9112914843217,-0.005249401001960363,1.634218807617692,-0.1870638926394449,0,2.079999999999984,1.670000000000016,5.899999999999977,457.3966666666667,456.346,1.4822392967419078,1.783572258235645,-0.005249401001960363,0.0045753503002572415,0.004862700228832839
2023-12-05,455.26,457.59,454.87,456.6,447.65,69793500.0,441.1265,435.90200000000004,-0.0002010095144504,68.36576675678354,6.391552027081048,6.284652126689031,0,1.670000000000016,0.0004781606499677,-0.0364126360434565,0,0.6406016360277947,0.1016963318187428,0,0,0,0,0,0,0,0,0,0,0,0,5,1,12,2023,455.64,0.11808940231245924,449.9455,465.05257446858326,434.8384255314167,-0.00019707022268933283,1.6193551528839112,-0.03641263604345657,0,0.20000000000004547,1.3000000000000114,2.340000000000032,457.4633333333333,456.68,1.4181090694321394,1.598921511628502,-0.00019707022268933283,0.00043821209465400024,0.0036708944233179164
2023-12-06,458.81,458.84,454.31,454.76,445.85,69124700.0,442.0005,436.4796,-0.0040209985479726,63.96319406272314,5.999367247650696,6.227595150881365,1,0.14999999999997726,-0.0094652873336962,-0.0095825542493211,0,0.6366435042659865,0.1003229533878892,0,0,0,0,0,0,0,0,0,0,0,0,6,2,12,2023,455.78900000000004,-0.2246672426395131,450.837,464.82984974547065,436.8441502545293,-0.004029785370127104,1.4351263978613558,-0.009582554249321196,0,-4.340000000000032,0.2799999999999727,1.490000000000009,456.01666666666665,456.71000000000004,1.089235205458349,1.5510641509455483,-0.004029785370127104,-0.009453278152907973,0.00032995314665318354
2023-12-07,456.91,458.9,456.29,458.23,449.25,66995400.0,443.029,437.1232,0.0076258831445552,68.13121327020468,5.8949561840212255,6.161067357509338,1,1.830000000000041,0.0034038750821321,-0.0308037503236904,0,0.6441199753716246,0.0959504433806876,0,0,0,0,0,0,0,0,0,0,0,0,7,3,12,2023,456.11,-0.2639472333005539,451.88599999999997,464.74711254904935,439.0248874509506,0.007630398451930809,1.5941908431883467,-0.030803750323690426,0,1.5400000000000205,3.3000000000000114,3.2100000000000364,456.53,457.076,1.736058754614932,1.6709069394640426,0.007630398451930809,0.0033720904771290527,0.004009640666082559
2023-12-08,457.46,460.75,457.21,460.2,451.18,83080900.0,444.321,437.7568,0.0042960489705063,70.23594592989471,5.899933770248538,6.108840640057178,1,1.099999999999966,0.0079009335670889,0.2400985739319416,0,0.6483639722051191,0.1289819606496687,0,0,0,0,0,0,0,0,0,0,0,0,8,4,12,2023,456.6,-0.2060797209450005,453.20400000000006,463.5554547769535,442.8525452230466,0.004299151081334607,2.015054451995324,0.24009857393194167,0,3.599999999999966,5.589999999999975,4.899999999999977,457.72999999999996,457.296,2.754251259321088,2.0364503432073846,0.004299151081334607,0.007884362680683266,0.002395992158571003
2023-12-11,459.69,462.17,459.47,461.99,452.93,65002200.0,445.369,438.44700000000006,0.0038787180282813,72.04269641870349,5.976199015637519,6.082312315173247,1,5.300000000000011,0.0158006501433429,-0.2176035647182445,0,0.6522121558624329,0.0918574142413675,0,0,0,0,0,0,0,0,0,0,0,0,11,0,12,2023,457.351,-0.10137302849529028,454.273,463.5627020403945,444.9832979596055,0.003889613211647047,2.4824201900690936,-0.2176035647182445,0,7.230000000000018,5.590000000000032,7.509999999999991,460.13999999999993,458.35600000000005,1.880717947876564,2.8564365913409406,0.003889613211647047,0.015898495909930643,0.011605246447261797
2023-12-12,461.63,464.2,460.6,464.1,455.0,68327600.0,446.541,439.1828,0.0045702426423508,74.04290929405674,6.132974361561821,6.092444724450962,1,7.5,0.0127450096411385,0.0511582684893741,0,0.6567640073885126,0.0986861113615235,0,0,0,0,0,0,0,0,0,0,0,0,12,1,12,2023,458.26800000000003,0.04785535883315628,455.46849999999995,463.229266134816,447.7077338651839,0.004567198424208385,3.1044870751967766,0.051158268489374104,0,5.8700000000000045,5.0,9.170000000000016,462.09666666666664,459.85600000000005,1.9521868078626532,3.5810934084933264,0.004567198424208385,0.012810160836261186,0.016425755584756896
2023-12-13,464.49,470.76,464.12,470.5,461.28,93278000.0,447.6085,440.161,0.0138021978021978,78.96000600046182,6.686881263792316,6.211332032319233,1,15.740000000000009,0.0222511584728299,0.36515844256201,0,0.6705734893130442,0.1499216693776242,0,0,0,0,0,0,0,0,0,0,0,0,13,2,12,2023,459.8570000000001,0.490834989065986,456.55699999999996,466.12767834582814,446.9863216541718,0.013790131437190212,4.687242852212941,0.36515844256201,0,10.300000000000011,13.810000000000002,15.889999999999986,465.53,463.004,4.431557288296052,4.718922546552346,0.013790131437190212,0.022381573229030893,0.03461166329492471
2023-12-14,472.5,473.73,469.25,472.01,462.76,119026000.0,448.703,441.108,0.0032084634061742,79.92619925411384,7.162712810966752,6.401608188048737,0,13.779999999999973,0.0215809038507228,0.2760350779390639,0,0.6738279532060867,0.2027950961683193,0,0,0,0,0,0,0,0,0,0,0,0,14,3,12,2023,461.41799999999995,0.7815233949438927,457.6735,468.8499042070472,446.4970957929528,0.0032093517534537153,5.8605039601329745,0.2760350779390639,0,10.019999999999982,15.409999999999968,15.610000000000014,468.86999999999995,465.75999999999993,4.19936900015232,5.230014340359419,0.0032093517534537153,0.021688781142448876,0.030072234467407144
2023-12-15,469.49,470.7,467.43,469.33,462.0,141319300.0,449.7325,442.0046,-0.0016423199930849,73.4769107140529,7.393262167744808,6.599938983987951,0,9.129999999999995,0.015368341215287,0.1872977332683616,0,0.6721567420177676,0.2485743087468886,0,0,0,0,0,0,0,0,0,0,0,0,15,4,12,2023,462.441,0.6923429838924928,458.6285,470.34846463302256,446.9085353669774,-0.0056778458083515115,6.288180181902305,0.18729773326836163,0,5.229999999999961,14.569999999999993,10.229999999999961,470.6133333333333,467.58600000000007,1.34358971891299,4.317757519867056,-0.0056778458083515115,0.011269123033828876,0.019839200347674835
2024-02-29,508.07,509.74,505.35,508.08,500.14,83924800.0,492.159,486.4008,0.0035918531152803,66.78500149639993,6.2246312296665565,6.2268401187722935,1,0.5799999999999841,0.0041364042626267,0.4852211954001832,0,0.7560251561263083,0.1307149063102508,0,0,0,0,0,0,0,0,0,0,0,0,29,3,2,2024,503.81000000000006,0.013909584749314696,499.9715,511.0622768438114,488.8807231561886,0.0035949907162327044,4.517280401119214,0.48522119540018327,0,2.089999999999975,11.319999999999993,9.509999999999991,507.09,507.02199999999993,0.9204890001193742,0.9299301051363209,0.0035949907162327044,0.004130516413367813,0.0011428571428571122
2024-03-01,508.98,513.29,508.56,512.85,504.84,76805900.0,493.323,487.2184,0.0093973687367536,70.84793425499977,6.519210015530348,6.285314098123905,0,5.0,0.0116666030668394,-0.0848247478695213,0,0.7663602779488081,0.1160962703781287,0,0,0,0,0,0,0,0,0,0,0,0,1,4,3,2024,504.89400000000006,0.2523514835261036,501.154,512.4401958160942,489.86780418390583,0.00938828530940028,5.274503030839644,-0.08482474786952132,0,5.920000000000016,15.640000000000043,10.840000000000032,509.0633333333333,508.02200000000005,3.4032680371474684,2.8168723791539825,0.00938828530940028,0.011678140966208339,0.009845426799251822
2024-03-04,512.03,514.2,512.0,512.3,504.29,49799300.0,494.206,487.9676,-0.0010894540844622,69.78791293068474,6.631837725075741,6.354618823514272,0,6.309999999999945,0.0118997677675717,-0.3516214249165754,0,0.7651508487993666,0.0606383129458782,0,0,0,0,0,0,0,0,0,0,0,0,4,0,3,2024,506.17299999999994,0.2957020847064804,502.05150000000003,513.8728354152237,490.23016458477645,-0.0010724383347958666,5.373664278487539,-0.35162142491657544,0,6.039999999999964,4.7999999999999545,12.789999999999964,511.0766666666666,509.284,2.6097190141210103,3.0801022711011967,-0.0010724383347958666,0.011930628530794296,0.012470602185813862
2024-03-05,510.24,510.7,504.91,507.18,499.25,72855600.0,494.926,488.746,-0.0099942493406571,60.68535845770886,6.24245102771016,6.33218526435345,1,0.25,-0.0016863346883657,0.4629844194597112,0,0.7540680798663031,0.1079843433216085,0,0,0,0,0,0,0,0,0,0,0,0,5,1,3,2024,507.215,-0.07781995855948232,502.783,513.9547592168476,491.6112407831525,-0.009994144056217014,4.23527842454889,0.46298441945971125,0,-0.8999999999999773,-0.6700000000000159,10.420000000000016,510.77666666666664,509.334,3.126920742945898,3.034020435073377,-0.009994144056217014,-0.0017713745866791974,0.0004931647367487635
2024-03-06,510.55,512.07,508.42,509.75,501.78,68382400.0,495.70200000000006,489.48699999999997,0.0050676014021031,63.27473862394563,6.068060298689147,6.27936027122059,1,3.490000000000009,-0.0060161020230162,-0.0613981629414897,0,0.7596314539537337,0.0987986429674009,0,0,0,0,0,0,0,0,0,0,0,0,6,2,3,2024,508.46899999999994,-0.20211385429066286,503.5715,514.3664308010389,492.77656919896117,0.005067234512401875,2.4046087693116123,-0.0613981629414897,0,-3.1000000000000227,3.759999999999991,12.54000000000002,509.7433333333333,510.032,2.5600065102783716,2.5054281072192044,0.005067234512401875,-0.006044652432485198,0.006893690988819978
2024-03-07,513.14,515.89,509.81,514.81,506.77,58652100.0,496.5245,490.31019999999995,0.0099445972338474,67.77498873765678,6.260340379385639,6.2755562928536,0,6.729999999999961,0.0050179492952934,-0.1422924612180912,0,0.7706042747823025,0.0788175063858606,0,0,0,0,0,0,0,0,0,0,0,0,7,3,3,2024,509.2,-0.0043140428350545434,504.407,515.940065680868,492.873934319132,0.0099264345267287,3.090577076661275,-0.14229246121809125,0,2.509999999999991,7.879999999999939,7.309999999999945,510.5799999999999,511.378,3.8821257062764136,2.9609576154423514,0.0099264345267287,0.004899472965059548,0.013245945520390379
2024-03-08,515.46,518.22,511.13,511.72,503.72,86425500.0,497.184,491.0316,-0.0060185093829546,62.72053574940703,6.096339412644852,6.23971291681185,0,-1.1299999999999955,0.0089936892529959,0.4735278020735831,0,0.7638974404081273,0.135850084901811,0,0,0,0,0,0,0,0,0,0,0,0,8,4,3,2024,509.587,-0.13510525620967506,505.07700000000006,516.6744861068775,493.47951389312266,-0.006002214409199347,3.1445757530682052,0.47352780207358314,0,4.5400000000000205,5.460000000000036,3.8700000000000045,512.0933333333332,511.15200000000004,2.550575098416439,2.8619870720263014,-0.006002214409199347,0.008951457076383118,-0.002203373306034928
2024-03-11,510.48,511.88,508.5,511.28,503.29,62557200.0,497.68,491.727,-0.0008536488525371,62.011358437617204,5.864072679014384,6.164584869252357,1,-1.0199999999999818,0.0030724389983556,-0.27617196313588,0,0.7629518867094731,0.0868366154024966,0,0,0,0,0,0,0,0,0,0,0,0,11,0,3,2024,510.116,-0.29556992522989756,505.58099999999996,517.3357792833049,493.8262207166951,-0.0008598452278590907,2.9083145176289906,-0.27617196313588,0,1.5299999999999727,3.1999999999999886,5.289999999999964,512.6033333333332,510.948,1.9236510423309636,2.795276372819937,-0.0008598452278590907,0.0030014713094652645,-0.0019910208861994017
2024-03-12,513.45,517.38,510.86,516.78,508.7,73114400.0,498.4575,492.5288,0.0107492698046851,67.02972458692022,6.046837230397784,6.141035341481443,0,9.599999999999966,0.0038771115691933,0.1687607501614523,0,0.7748482716157972,0.1085157882048395,0,0,0,0,0,0,0,0,0,0,0,0,12,1,3,2024,511.101,-0.08647093154888807,506.371,518.8821196940646,493.85988030593535,0.01075731497418242,3.344658926326011,0.1687607501614523,0,1.9700000000000273,3.92999999999995,9.849999999999966,513.2599999999999,512.868,3.056337677568756,2.856426088742438,0.01075731497418242,0.0038266544938909686,0.01892819117473077
2024-03-13,517.11,517.29,514.49,515.97,507.91,55104100.0,499.535,493.342,-0.0015529781796735,65.6541697522033,6.058099061477094,6.124448085480574,0,6.220000000000027,0.0083426427724744,-0.2463304082369547,0,0.7731110915647814,0.0715317009542392,0,0,0,0,0,0,0,0,0,0,0,0,13,2,3,2024,512.0719999999999,-0.05919028243834035,507.46549999999996,519.2955811070427,495.6354188929572,-0.0015673981191220987,3.1889420049964508,-0.24633040823695473,0,4.25,3.6700000000000728,9.710000000000036,514.6766666666666,514.112,2.9693489745493036,2.4899538149231524,-0.0015673981191220987,0.008305323223637862,0.012202059833251733
2024-03-14,516.97,517.13,511.82,514.95,506.9,110171800.0,500.341,494.18800000000005,-0.0019885412769979,63.87649865435854,5.917314466892776,6.083021361763015,0,0.14000000000010004,0.0072077503480135,0.9993394320930749,0,0.7708901398539887,0.1846130278332963,0,0,0,0,0,0,0,0,0,0,0,0,14,3,3,2024,512.759,-0.16056674877844745,508.28450000000004,519.8016758256618,496.7673241743382,-0.0019768591197162344,2.9655670246848125,0.9993394320930749,1,3.6700000000000728,7.770000000000039,6.870000000000061,515.9,514.14,0.9170059974292629,2.5005299439219755,-0.0019768591197162344,0.007178062900954574,0.00027194498941374157
2024-03-15,510.21,511.7,508.12,509.83,503.42,107585800.0,500.8035,495.00879999999995,-0.0068652594200038,55.72080421215581,5.461972525644114,5.958811594539235,0,-1.8900000000000432,-0.0104067788766754,-0.02347243123921,0,0.7632377517811593,0.1793026859939015,0,0,0,0,0,0,0,0,0,0,0,0,15,4,3,2024,512.457,-0.5985551382509335,508.6755,519.8396237452479,497.5113762547521,-0.009942712884746241,3.1057296512714347,-0.023472431239210056,0,-6.949999999999989,0.07999999999998408,-3.0200000000000387,513.5833333333333,513.762,3.2902482174843604,3.0420338591885994,-0.009942712884746241,-0.01344866287395019,-0.003693426092394314
2024-05-28,530.27,530.51,527.11,529.81,523.15,36269600.0,514.4095,516.1030000000001,0.0006886130186116,64.07149051795284,5.217358422893767,4.674401878075189,0,-0.25,1.0635300522476854e-05,-0.1209159831694879,0,0.8066232738147594,0.0328551219232719,0,0,0,0,0,0,0,0,0,0,0,0,28,1,5,2024,528.768,0.5635441899589999,520.9575,540.1459620279784,501.7690379720215,0.0006988516168024983,2.3648387307290157,-0.12091598316948793,0,-0.020000000000095497,1.1199999999998909,8.899999999999977,528.4033333333333,529.28,2.1240605764957716,1.997360758715291,0.0006988516168024983,-3.774795689204247e-05,-0.0004716447194657025
2024-05-29,525.68,527.31,525.37,526.1,519.49,45190300.0,515.6004999999999,516.3678,-0.0069960814298002,57.392263936049986,4.816626099762061,4.702846722412564,0,-5.259999999999991,0.0003161957844404,0.245955290380925,0,0.798575072565749,0.0511737477727264,0,0,0,0,0,0,0,0,0,0,0,0,29,2,5,2024,529.048,0.127870979790643,522.1635,539.3576644460895,504.9693355539105,-0.007002510333893097,1.7245727329530405,0.245955290380925,0,0.13999999999998636,-3.3500000000000227,2.800000000000068,528.4499999999999,528.2280000000001,2.043550831100186,2.013099600232477,-0.007002510333893097,0.00026617993763777825,-0.009899126769045474
2024-05-30,524.52,525.2,521.33,522.61,516.04,46468500.0,516.6995,516.5058,-0.0066411287993994,51.910129718440515,4.172558027795617,4.596788983489175,1,-7.220000000000027,-0.012948597210588,0.0282848310367489,0,0.7909886533556161,0.053798526944851,0,0,0,0,0,0,0,0,0,0,0,0,30,3,5,2024,528.331,-0.41766901565212056,523.2765,537.2607172108119,509.2922827891883,-0.006633719825128281,2.63604269905564,0.028284831036748947,0,-6.830000000000041,-7.449999999999932,-7.169999999999959,526.1733333333333,526.784,3.6005601415099275,2.948733626568662,-0.006633719825128281,-0.012900423088546442,-0.013627012437951835
2024-05-31,523.59,527.5,518.36,527.37,520.74,90785800.0,517.8025,516.6436,0.0091078210991397,57.8270593136612,3.995324546593338,4.476496096110008,1,1.4099999999999682,-0.0045293891300599,0.9537062741426988,0,0.8013237751781159,0.1448039455059538,0,0,0,0,0,0,0,0,0,0,0,0,31,4,5,2024,528.1990000000001,-0.4760255969401541,524.3934999999999,535.6776468884076,513.1093531115922,0.00910813034576452,2.6490855864954157,0.9537062741426987,1,-2.439999999999941,-3.990000000000009,-1.32000000000005,525.36,527.066,2.46477179456826,2.9174869323540515,0.00910813034576452,-0.004605424586172302,0.002680812229066687
2024-06-03,529.02,529.31,522.6,527.8,521.17,46835700.0,518.618,516.7556000000001,0.0008257479740367,58.32589244496866,3.845237636288516,4.35024440414571,1,-1.6400000000001,0.003292440273777,-0.4841076467905774,0,0.8022693288767699,0.0545525708440876,0,0,0,0,0,0,0,0,0,0,0,0,3,0,6,2024,528.034,-0.5012114298314092,525.219,534.8411970463695,515.5968029536306,0.0008153668202588449,2.613657292870972,-0.4841076467905774,0,1.6999999999999318,-2.0300000000000864,-1.650000000000091,525.9266666666666,526.738,2.8803529875052787,2.665139771279673,0.0008153668202588449,0.003231324843185668,-0.0030976125717741
2024-06-04,526.46,529.15,524.96,528.39,521.75,34632700.0,519.2015,516.8992,0.0011128806339582,59.04175716799116,3.7300956109922936,4.226214645515027,1,-1.419999999999959,0.0110464497071347,-0.2605491110413638,0,0.8035447268889084,0.0294937535718004,0,0,0,0,0,0,0,0,0,0,0,0,4,1,6,2024,527.867,-0.49293300882991,525.8100000000001,534.6553128830562,516.9646871169439,0.001117847669571903,2.5215517709272595,-0.2605491110413638,0,5.779999999999973,2.42999999999995,-1.669999999999959,527.8533333333331,526.454,0.512087231459996,2.307624319610295,0.001117847669571903,0.011059872562714013,-0.0026802061116248943
2024-06-05,530.77,534.69,528.73,534.67,527.95,47610400.0,520.067,517.1972,0.0118830857690466,65.77987446678745,4.091963305008221,4.199364377413666,0,8.569999999999936,0.0138217143770416,0.3747238881172996,0,0.8171782918462487,0.0561434145498027,0,0,0,0,0,0,0,0,0,0,0,0,5,2,6,2024,528.198,-0.09986780914721471,526.6865,535.3946967708108,517.9783032291892,0.011885160582145726,3.165932546505383,0.3747238881172996,0,7.2999999999999545,5.2299999999999045,3.3099999999999454,530.2866666666665,528.168,3.807523254376288,4.300839452997033,0.011885160582145726,0.013842273925327442,0.016289678768294902
2024-06-06,534.98,535.42,532.68,534.66,527.94,30808500.0,520.9295,517.5142,-1.894118761247565e-05,65.76132237741143,4.328048098838281,4.2251011216985885,0,12.049999999999955,0.0129770252153923,-0.3529039873641053,0,0.8171563022253496,0.0216407724185855,0,0,0,0,0,0,0,0,0,0,0,0,6,3,6,2024,528.6809999999999,0.1125836751022673,527.5600000000001,535.7733622834476,519.3466377165526,-1.8703125292174327e-05,3.7560216837795553,-0.35290398736410533,0,6.860000000000014,4.850000000000023,4.829999999999927,532.5733333333333,530.578,3.6228763893636233,3.748435673778349,-1.8703125292174327e-05,0.01299734748010617,0.023057346778668553
2024-06-07,533.66,536.89,532.54,534.01,527.3,43224500.0,521.613,517.731,-0.0012122589688223,64.4881772007489,4.412638201139998,4.262608537586871,1,6.639999999999986,0.0106518856126117,0.4030056640212929,0,0.8157489664878175,0.047136984436345,0,0,0,0,0,0,0,0,0,0,0,0,7,4,6,2024,529.486,0.15959301791159142,528.2520000000001,536.1855959059658,520.3184040940343,-0.001215725881868801,3.964893721445244,0.4030056640212929,0,5.6200000000000045,7.909999999999968,8.049999999999955,534.4466666666666,531.906,0.37819747831313943,3.495444177848244,-0.001215725881868801,0.01063608319612408,0.01259078066632524
2024-06-10,533.18,535.99,532.57,535.66,528.93,35729300.0,522.345,517.9828,0.0030912194196852,66.27317670366787,4.558654512616954,4.321817732592888,1,7.860000000000014,0.0018600192632504,-0.173401658781478,0,0.819333274694344,0.031745617787222,0,0,0,0,0,0,0,0,0,0,0,0,10,0,6,2024,530.108,0.24685900619408763,528.993,536.7861870245206,521.1998129754795,0.0030898297784685003,4.418782637801277,-0.17340165878147806,0,0.9900000000000091,13.049999999999955,6.219999999999914,534.7766666666665,533.478,0.8311638422124119,2.9047323457509693,0.0030898297784685003,0.0018516094039313646,0.014892004547176985
2024-06-11,534.07,537.01,532.05,536.95,530.2,36383400.0,523.137,518.2786,0.0024010738661073,67.64257425587161,4.7224148191859285,4.401937149911496,1,8.56000000000006,0.0042800343169702,0.0183071036936071,0,0.8221259565485091,0.0330888098201486,0,0,0,0,0,0,0,0,0,0,0,0,11,1,6,2024,530.8219999999999,0.33124545206847067,529.7950000000001,537.3947855232338,522.1952144767663,0.0024082440353956347,4.914343632009038,0.018307103693607107,0,2.2900000000000773,9.580000000000041,7.1400000000001,535.5399999999998,535.1899999999999,1.473668890648621,1.1469742806404721,0.0024082440353956347,0.004283095799199721,0.016200155188402565
2024-06-12,541.63,544.12,540.3,541.36,534.56,63251300.0,524.029,518.729,0.0082233119577515,71.85041815714321,5.1447066283873255,4.550491045606663,1,6.690000000000055,0.013715605243544,0.738465893786727,0,0.8317134312604448,0.0882619472937278,0,0,0,0,0,0,0,0,0,0,0,0,12,2,6,2024,532.3480000000001,0.6077595153345658,530.698,539.2307571159123,522.1652428840877,0.008213055219294052,5.605774403844823,0.738465893786727,1,7.350000000000023,13.56000000000006,15.259999999999991,537.9899999999999,536.528,2.9889295741548283,2.9201660912437224,0.008213055219294052,0.01376378719499649,0.012512390820506258
2024-06-13,543.15,543.33,539.59,542.45,535.63,44760900.0,524.6545,519.1898,0.0020016462137084,72.7922028554893,5.502289024446668,4.740850641374664,1,7.790000000000077,0.0126260320375672,-0.2923323315093918,0,0.834066320696631,0.0502919763938261,0,0,0,0,0,0,0,0,0,0,0,0,13,3,6,2024,534.332,0.7769402721898482,531.3315,541.2640732315022,521.3989267684979,0.002013447613418151,5.277642150316989,-0.29233233150939186,0,6.790000000000077,14.06000000000006,19.840000000000032,540.2533333333332,538.086,2.9122213742403953,3.6590066958736642,0.002013447613418151,0.012675951163051424,0.014570007107320704
2024-06-14,540.88,542.81,539.85,542.78,535.96,40089900.0,525.35,519.784,0.0006160969325841,73.08578759877142,5.746066810254547,4.94189387515064,1,8.769999999999982,0.010841055104044,-0.1043544700843817,0,0.834791978186296,0.040700094440302,0,0,0,0,0,0,0,0,0,0,0,0,14,4,6,2024,535.8729999999999,0.8197056286056528,532.036,543.0581983287885,521.0138016712114,0.0006083510000920445,5.268712788203661,-0.1043544700843817,0,5.829999999999927,8.110000000000014,15.409999999999968,542.1966666666666,539.8399999999999,0.7431240357946264,3.30115888748885,0.0006083510000920445,0.01085762175249072,0.01642291342858737
2024-06-17,542.08,548.53,541.61,547.1,540.22,55839500.0,526.221,520.3574,0.0079483543548026,76.63946057131406,6.2114076189614025,5.195796623912793,1,11.440000000000055,0.0105660975010952,0.3928570537716482,0,0.8441595566892426,0.07304184224917,0,0,0,0,0,0,0,0,0,0,0,0,17,0,6,2024,537.8030000000001,1.0337586341450153,532.9185,545.6629486345684,520.1740513654316,0.007959025756291815,5.5121805526108885,0.39285705377164826,0,5.740000000000009,12.440000000000055,19.300000000000068,544.1099999999999,542.128,2.5946676086226117,3.6280531970251633,0.007959025756291815,0.010602925964238175,0.021356830825523865
2024-06-18,547.16,548.62,546.73,548.49,541.6,41376400.0,527.131,520.9528,0.0025545148272925,77.66149522378443,6.615291071720776,5.47969551347439,0,11.539999999999964,0.0111189661146793,-0.2590119897205383,0,0.8471941243732957,0.0433419176330249,0,0,0,0,0,0,0,0,0,0,0,0,18,1,6,2024,539.813,1.1546085074847028,533.8399999999999,548.1886738062842,519.4913261937156,0.002540668981904526,5.361007471665136,-0.2590119897205383,0,6.039999999999964,14.480000000000018,20.100000000000023,546.1233333333332,544.436,2.97765567730073,3.14960791217613,0.002540668981904526,0.011134666789565761,0.021491759009218736
2024-06-20,549.44,550.12,545.18,547.0,540.13,70328200.0,527.9035,521.5064,-0.0027141802067947,73.927735972851,6.739071086598074,5.731570628099126,0,5.639999999999986,0.0077886889753004,0.6997177134791814,0,0.8439616501011522,0.10279433637463,0,0,0,0,0,0,0,0,0,0,0,0,20,3,6,2024,541.046,1.0242788550143072,534.622,550.0117818047933,519.2322181952067,-0.002716549071086094,5.463649980667691,0.6997177134791814,1,4.220000000000027,11.340000000000032,12.330000000000041,547.5299999999999,545.5640000000001,0.8328865464290486,2.75819324929226,-0.002716549071086094,0.00777478904897011,0.010418205999704444
2024-06-21,544.4,545.65,543.02,544.51,539.4,64513900.0,528.7149999999999,522.1142,-0.0013515264843648,68.04057013303269,6.701017581597739,5.925460018798849,0,2.0599999999999454,-0.001511191863867,-0.0826738065242677,0,0.8423564077755299,0.0908546919211137,0,0,0,0,0,0,0,0,0,0,0,0,21,4,6,2024,542.0310000000001,0.677194635145729,535.356,551.1563865775223,519.5556134224777,-0.004552102376599643,5.057220250968529,-0.0826738065242677,0,-2.590000000000032,7.559999999999945,9.850000000000023,546.6666666666666,545.976,2.0108290162415647,2.2910543425333803,-0.004552102376599643,-0.00473405227563517,0.0037975850308782366
2024-09-03,560.47,560.81,549.51,552.08,546.9,60600100.0,543.994,548.8858,-0.0205770160640412,50.59540942405473,4.403891119181026,3.923842004297669,0,-8.709999999999923,-0.0109405883727951,-0.0334927695490119,0,0.8588486234497317,0.0828177174852964,0,0,0,0,0,0,0,0,0,0,0,0,3,1,9,2024,559.243,0.4998408090054429,549.1465000000001,576.9462131459867,521.3467868540134,-0.02057905194436549,3.3351363457285297,-0.033492769549011925,0,-6.219999999999914,-4.139999999999986,-7.529999999999973,558.0366666666666,558.794,5.806344231315465,4.3886991239336375,-0.02057905194436549,-0.011140963639620138,-0.015531660692950866
2024-09-04,550.2,554.43,549.46,550.95,545.78,47224900.0,545.4205,549.05,-0.0020479063814226,49.63045637505709,3.674736611074536,3.874020925653043,0,-10.6099999999999,-0.0130789008584378,-0.2207125070750708,0,0.8563857859090507,0.0553517916653917,0,0,0,0,0,0,0,0,0,0,0,0,4,2,9,2024,558.4680000000001,-0.1869882474601967,550.5865,575.4746090281913,525.6983909718087,-0.0020468048108969183,4.250241300357572,-0.22071250707507084,0,-7.399999999999977,-11.17999999999995,-7.75,555.5699999999999,556.6719999999999,7.046154979788834,5.205907221649273,-0.0020468048108969183,-0.013253335721321702,-0.018893795854405426
2024-09-05,550.89,553.8,547.1,549.61,544.45,44264300.0,546.9535,549.1456000000001,-0.002436879328667,48.45039809600772,2.955487505166843,3.6903142415558032,0,-8.68999999999994,-0.0250618017741309,-0.0626915038464878,0,0.8534611663294924,0.049272210052974,0,0,0,0,0,0,0,0,0,0,0,0,5,3,9,2024,557.367,-0.7284352056353365,552.134,572.2876442361954,531.9803557638046,-0.002432162628187684,4.992127246434866,-0.0626915038464878,0,-14.069999999999936,-11.17999999999995,-11.009999999999991,550.88,554.934,1.2364869587727818,5.927143494165085,-0.002432162628187684,-0.024960970763553636,-0.015565108364678393
2024-09-06,549.94,551.6,539.44,540.36,535.29,68493800.0,547.4345,549.0426,-0.016824318119203,41.172812250476646,1.6275802283996654,3.277767438924576,1,-17.99000000000001,-0.0213091038292927,0.5473824278255841,0,0.8333186735860671,0.0990274024727793,0,0,0,0,0,0,0,0,0,0,0,0,6,4,9,2024,555.7810000000001,-1.6535134064920056,552.6195,571.0759216195646,534.1630783804354,-0.01683011590036576,7.356482326654041,0.5473824278255841,1,-11.720000000000027,-21.199999999999932,-15.860000000000014,546.9733333333332,551.336,5.766370897935449,8.31457335047508,-0.01683011590036576,-0.021228807419214624,-0.03221993373332144
2024-09-09,544.65,547.71,542.68,546.41,541.28,40445800.0,548.0989999999999,549.0434,0.0111901959685405,46.801271954249216,1.0464838693553702,2.8315107250107348,1,-17.269999999999982,-0.0080710014793295,-0.4094969179692176,0,0.8464904565045297,0.0414309338295676,0,0,0,0,0,0,0,0,0,0,0,0,9,0,9,2024,554.2090000000001,-1.790371162245875,553.2905,569.7065488242185,536.8744511757814,0.011196239544007724,7.5266525686415315,-0.4094969179692176,0,-4.540000000000077,-11.889999999999986,-15.720000000000027,545.4599999999999,547.882,4.69760577307488,4.710867223817479,0.011196239544007724,-0.008240312188039,-0.0306379506102753
2024-09-10,548.36,549.15,543.38,548.79,543.64,36394600.0,548.8675,549.1347999999999,0.004360035471475,48.8736204006199,0.7675453103393011,2.418717642076448,1,-3.2900000000000773,-0.0012740866791874,-0.1001636758328429,0,0.8516800070366786,0.0331118089804739,0,0,0,0,0,0,0,0,0,0,0,0,10,1,9,2024,553.009,-1.656143511850984,554.0665,567.885500361789,540.247499638211,0.004355703592540339,7.314449094477555,-0.10016367583284291,0,-0.82000000000005,-9.56000000000006,-12.0,545.1866666666665,547.2239999999999,4.346105536288792,4.177484889313081,0.004355703592540339,-0.001491967031167607,-0.005959281263585137
2024-09-11,548.7,555.36,539.96,554.42,549.22,75248600.0,549.481,549.3164,0.0102641453903318,53.48925043788042,0.985384954297274,2.132051104520613,1,3.4699999999999136,0.0258143768303473,1.0675759590708511,0,0.8639502154982848,0.1128983603446834,0,0,0,0,0,0,0,0,0,0,0,0,11,2,9,2024,552.295,-1.1478591224389216,554.6854999999999,567.3555346881577,542.0154653118421,0.010258933289600813,6.710554290744995,1.0675759590708513,1,14.059999999999945,-9.259999999999991,-7.139999999999986,549.8733333333332,547.918,4.1134211226848665,5.130708528111639,0.010258933289600813,0.026019690576652543,0.006298212178963425
2024-09-12,555.01,559.4,552.74,559.09,553.84,51892700.0,550.2405000000001,549.518,0.0084119296456792,56.96020785121753,1.5133745903978024,2.0083158016960514,1,9.480000000000018,0.0230361105074861,-0.3103831832087241,0,0.8741094203535931,0.0649371024302514,0,0,0,0,0,0,0,0,0,0,0,0,12,3,9,2024,552.374,-0.4904170774243355,555.4525,567.2057767771,543.6992232229,0.008423217055661958,6.793243702396325,-0.31038318320872416,0,12.680000000000064,7.009999999999991,0.7900000000000773,554.0999999999999,549.8140000000001,5.157450920678541,7.233141088105056,0.008423217055661958,0.023206017459417083,0.0172485944578884
2024-09-13,559.71,563.03,559.45,562.01,556.74,39310500.0,550.6835,549.729,0.0052361692907698,59.01952659237727,2.141134281469135,2.0348794976506683,1,21.649999999999977,0.0239122443267809,-0.2424657032684751,0,0.8804864104142844,0.0390995993012362,0,0,0,0,0,0,0,0,0,0,0,0,13,4,9,2024,552.74,0.11548674612660426,555.8995,567.9330023579637,543.8659976420363,0.005222772719955637,7.235205594877568,-0.24246570326847516,0,13.220000000000027,11.059999999999945,3.659999999999968,558.5066666666665,554.144,3.8284766334055007,6.61235812705451,0.005222772719955637,0.024089360228867207,0.04006588200458938
2024-09-16,561.74,563.11,559.9,562.84,557.56,36656100.0,551.106,549.893,0.0014728598627724,59.61108216226091,2.673981512006776,2.16269990052189,1,16.430000000000064,0.0151209587992215,-0.0675239439844316,0,0.8822895593279969,0.0336487983041404,0,0,0,0,0,0,0,0,0,0,0,0,16,0,9,2024,552.656,0.5236827962522264,556.326,568.7036563209324,543.9483436790676,0.0014768420490738343,7.097649376153666,-0.06752394398443162,0,8.420000000000073,13.230000000000018,-0.8399999999999181,561.3133333333333,557.4300000000001,1.969678484556753,5.84614830468886,0.0014768420490738343,0.015187042314490862,0.030068995809007903
2024-09-17,565.1,566.58,560.79,563.07,557.79,49321000.0,551.2774999999999,550.0488,0.000412511657938,59.784322250405665,3.079329267989124,2.3460257740153367,0,14.280000000000086,0.0071215408114804,0.3455059321640872,0,0.8827953206086725,0.0596561255902005,0,0,0,0,0,0,0,0,0,0,0,0,17,1,9,2024,553.755,0.7470769554580858,556.499,569.1491397620389,543.8488602379612,0.0004086418875701714,7.813316623996227,0.3455059321640872,0,3.980000000000018,22.710000000000036,10.990000000000009,562.64,560.2860000000001,0.5575840736513529,3.6430111172504342,0.0004086418875701714,0.007118710762131331,0.026020882304706783
2024-09-18,563.74,568.69,560.83,561.4,556.13,59044900.0,551.411,550.1604,-0.0029760304057081,57.84424227139627,3.229395694835944,2.522699758179458,1,6.980000000000018,-0.0010906588849975,0.1971553699235619,0,0.8791450435394492,0.0796241197944121,0,0,0,0,0,0,0,0,0,0,0,0,18,2,9,2024,554.8,0.7199738779228269,556.6339999999999,569.4319770276053,543.8360229723945,-0.002965883460315899,8.090385240115799,0.19715536992356197,0,-0.6100000000000136,14.990000000000009,10.449999999999932,562.4366666666666,561.682,0.9051150935231597,1.5947633054491595,-0.002965883460315899,-0.0010853899396807698,0.01258973341510039
2024-09-19,571.01,572.88,568.08,570.98,565.62,75315500.0,551.924,550.3536,0.017064355456458,64.88418056173086,4.067203913079538,2.831600589159474,0,11.889999999999986,0.0145008367086879,0.2755631731106327,0,0.9000131937725393,0.113035739257698,0,0,0,0,0,0,0,0,0,0,0,0,19,3,9,2024,556.9370000000001,1.2535925252915159,557.152,571.3188212383411,542.985178761659,0.017064481653010333,9.299209106163428,0.2755631731106327,0,8.139999999999986,22.190000000000055,21.370000000000005,565.15,564.0600000000001,5.117509159658119,3.9253343807123247,0.017064481653010333,0.014462369412266307,0.02126670124666874
2024-09-20,567.84,569.31,565.17,568.25,564.65,77503100.0,552.6065000000001,550.589,-0.0017149322866942,61.7209809857502,4.599877543748221,3.1852559800772235,0,6.240000000000009,0.0123733927640555,0.029045813942681,0,0.8978802005453426,0.1175279681083786,0,0,0,0,0,0,0,0,0,0,0,0,20,4,9,2024,559.726,1.3222348830506059,557.7535,572.7104719863049,542.7965280136951,-0.004781253283827835,7.8434646539609165,0.02904581394268102,0,5.17999999999995,13.830000000000041,27.889999999999986,566.8766666666666,565.308,4.935446619356227,4.098752249209436,-0.004781253283827835,0.009199566661338698,0.011103005284603507
2024-12-02,602.97,604.32,602.47,603.63,599.8,31746000.0,589.4675,582.8822,0.0017871160623317,67.30071631178595,5.630667512234709,5.056620714084548,1,8.120000000000005,0.0049726513728188,0.0519792957643798,0,0.9751737180051014,0.0235659253476004,0,0,0,0,0,0,0,0,0,0,0,0,2,0,12,2024,596.1320000000001,0.5925560008967032,593.231,609.4769876892422,576.9850123107578,0.0017923823749066425,5.405233677769874,0.051979295764379874,0,2.980000000000018,13.129999999999995,17.879999999999995,601.67,600.6379999999999,2.51809451751313,2.52668161831533,0.0017923823749066425,0.00496129193373851,0.013635371362361592
2024-12-03,603.39,604.16,602.34,603.91,600.08,26906600.0,591.1614999999999,583.567,0.0004668222740915,67.5446547310988,5.786685992401999,5.202633769748038,1,6.3799999999999955,0.0084721122100095,-0.1524412524412524,0,0.975789427390272,0.0136282345906139,0,0,0,0,0,0,0,0,0,0,0,0,3,1,12,2024,597.708,0.6015148581298462,594.9359999999999,607.7969321590232,582.0750678409767,0.0004638603117803619,5.108774151743327,-0.1524412524412524,0,5.079999999999927,10.240000000000009,15.759999999999991,603.3633333333332,601.914,0.7181457598995996,2.1472028316697496,0.0004638603117803619,0.008483208924068508,0.010677288169631538
2024-12-04,605.63,607.91,604.95,607.66,603.81,42787600.0,592.7,584.2942,0.0062158378882815,70.69751247349993,6.140527411423022,5.390212498083035,0,7.009999999999991,0.0084697762247047,0.5902269331688137,0,0.9839915559855744,0.0462398118340125,0,0,0,0,0,0,0,0,0,0,0,0,4,2,12,2024,599.444,0.7675855584941349,596.4839999999999,607.5152309376147,585.4527690623852,0.0062095345332913165,5.259098359580647,0.5902269331688137,1,5.110000000000014,12.149999999999977,17.360000000000014,605.0666666666666,603.316,2.250251837564007,3.163570767396943,0.0062095345332913165,0.008480624014604699,0.011670690085740398
2024-12-05,607.66,608.48,606.3,606.66,602.81,28762200.0,593.4759999999999,585.0266,-0.0016561501134463,68.77873014116001,6.268003994286573,5.565770797323744,1,7.829999999999927,0.0050265100489267,-0.3277912292346381,0,0.9817925938956812,0.017438702617366,0,0,0,0,0,0,0,0,0,0,0,0,5,3,12,2024,601.06,0.7185418319505414,597.265,608.8421749576045,585.6878250423955,-0.0016456571108843798,4.653361986560581,-0.3277912292346381,0,3.0299999999999727,9.129999999999995,16.159999999999968,606.0766666666665,604.882,1.9418633660634599,2.169624391531022,-0.0016456571108843798,0.00501963123105198,0.013075497219578125
2024-12-06,607.44,609.07,607.02,607.81,603.95,31241500.0,594.082,585.7368,0.0018911431462651,69.79403579559194,6.387388735911486,5.730094385041292,0,5.259999999999991,0.0064508309211003,0.0861999429807176,0,0.98429941067816,0.0225299363847332,0,0,0,0,0,0,0,0,0,0,0,0,6,4,12,2024,602.4739999999999,0.6728097782932041,597.875,610.2941054427837,585.4558945572163,0.0018956252266508766,4.2926350364019425,0.08619994298071765,0,3.8999999999999773,7.159999999999968,14.139999999999986,607.3766666666666,605.934,0.6251666437503932,2.0267288916687853,0.0018956252266508766,0.006457915914622969,0.008729566011119294
2024-12-09,607.69,607.86,604.08,604.68,600.84,34742700.0,594.404,586.401,-0.0051494329000745,63.720308455716676,6.160041866974666,5.816083881427967,0,1.0499999999999545,-0.0049144398672557,0.1120688827361042,0,0.9774606385785908,0.0297196381821381,0,0,0,0,0,0,0,0,0,0,0,0,9,0,12,2024,603.391,0.35687769614489007,598.1995,610.9687888995032,585.4302111004966,-0.0051496355769072855,3.555913541032978,0.11206888273610427,0,-2.980000000000018,5.849999999999909,9.169999999999959,606.3833333333332,606.144,1.583235084394901,1.7659360125227659,-0.0051496355769072855,-0.00490405819043549,0.0017394761691764682
2024-12-10,605.37,605.8,602.13,602.8,598.98,37234500.0,594.605,586.9817999999999,-0.0030956660675055,60.32460570110981,5.763345125021601,5.8055361301466935,1,-1.1100000000000136,-0.0063539558213149,0.0717215415036827,0,0.9733705690913887,0.0348365406552255,0,0,0,0,0,0,0,0,0,0,0,0,10,1,12,2024,603.9179999999999,-0.03289016410419787,598.4015,611.3267315646173,585.4762684353828,-0.0031090824899120406,2.925393800683917,0.0717215415036827,0,-3.8600000000000136,0.25,5.269999999999982,605.0966666666665,605.9219999999999,2.530856244921864,2.145884433124281,-0.0031090824899120406,-0.006362707282497659,-0.001838022221854252
2024-12-11,605.78,608.43,605.5,607.46,603.61,28677700.0,595.13,587.7586,0.0077298073391431,65.26569957107822,5.756208416938421,5.795670587505039,0,-0.1999999999999318,-0.0005152916284368,-0.2298083766399441,0,0.983551763567596,0.0172651821666975,0,0,0,0,0,0,0,0,0,0,0,0,11,2,12,2024,604.5989999999999,-0.03106209963054596,598.9295,612.4167850862942,585.4422149137057,0.0077305905773059624,2.8722753272879826,-0.22980837663994413,0,-0.34999999999990905,3.830000000000041,6.810000000000059,604.9799999999999,605.882,2.344440231510896,2.106898194105546,0.0077305905773059624,-0.0005758378440630096,-0.00032913142217672053
2024-12-12,606.58,607.16,604.33,604.33,600.5,31543800.0,595.485,588.468,-0.0051523334603469,59.87220540754033,5.436927994173175,5.723922068838666,0,-2.3299999999999272,-0.0005181921887092,0.0999417665991344,0,0.976712991468027,0.0231507083638705,0,0,0,0,0,0,0,0,0,0,0,0,12,3,12,2024,605.149,-0.2809539305062909,599.2864999999999,612.9475750308668,585.6254249691331,-0.005152602640503101,2.055228832940013,0.09994176659913445,0,-0.34999999999990905,0.42000000000007276,5.5,604.8633333333333,605.4159999999999,2.37533857217456,2.1490532800109485,-0.005152602640503101,-0.0005788185486537145,-0.003840701546170666
2024-12-13,606.4,607.13,602.81,604.21,600.38,35904700.0,596.0245,589.1958,-0.0001998334721066,59.668617124267506,5.115247571845089,5.602187169439951,1,-3.599999999999909,0.0023776404066896,0.138249037845789,0,0.9764491160172396,0.0321058010658878,0,0,0,0,0,0,0,0,0,0,0,0,13,4,12,2024,605.3149999999999,-0.4827876535311857,599.8295,613.3663142115851,586.292685788415,-0.0001985670080916213,1.8816969292438874,0.138249037845789,0,1.4100000000000819,-3.449999999999932,1.6600000000000819,605.3333333333334,604.696,1.8427244320461007,1.703299738838364,-0.0001985670080916213,0.0023390842733910233,-0.005922903538934765
2024-12-16,606,607.78,605.21,606.79,602.94,43695200.0,597.0699999999999,589.872,0.0042639661547687,62.61222708587914,5.0091418555272185,5.483578106657404,0,2.1100000000000136,-0.0010882007776847,0.216977164549488,0,0.9820784589673676,0.0481035652189448,0,0,0,0,0,0,0,0,0,0,0,0,16,0,12,2024,605.631,-0.47051096529192726,600.8815,613.0823922214305,588.6806077785694,0.0042700385627512105,1.8319658536888082,0.216977164549488,0,-0.6700000000000728,0.12999999999999545,3.159999999999968,605.11,605.118,1.4561593316414239,1.942876733178451,0.0042700385627512105,-0.001102953280874619,0.0034894489647416815
2024-12-17,604.19,605.17,602.89,604.29,600.46,55773500.0,597.872,590.6018,-0.004113178757422,58.18100652760496,4.671091600799286,5.3210808054857806,0,1.490000000000009,-4.9046074759862e-05,0.2764216664530659,0,0.9766250329844312,0.0729063114829673,0,0,0,0,0,0,0,0,0,0,0,0,17,1,12,2024,605.669,-0.6477989260934631,601.6885,612.4663537287792,590.9106462712208,-0.004120041530018659,1.7958869675435907,0.2764216664530659,0,-0.04000000000007731,-3.519999999999982,0.37999999999999545,605.0966666666666,605.4159999999999,1.4670151098266713,1.5785689723055085,-0.004120041530018659,-6.618900269728112e-05,0.0024717982747179956
2024-12-18,603.98,606.41,585.89,586.28,582.56,108248700.0,597.672,590.8639999999999,-0.0298104786330482,37.558825164659616,2.925085371587329,4.84188171870609,0,-21.180000000000064,-0.0296596912357014,0.9408625960357516,0,0.9372636115753364,0.1806639487956551,0,0,0,0,0,0,0,0,0,0,0,0,18,2,12,2024,603.531,-1.9229441095996247,601.4875,613.2154714784339,589.759528521566,-0.0298035711330652,6.283007860727888,0.9408625960357517,1,-17.930000000000064,-18.399999999999977,-21.379999999999995,599.1199999999999,601.18,11.189803394123217,8.400261900698839,-0.0298035711330652,-0.02967511295741554,-0.034866493267046494
2024-12-19,591.36,593.0,585.85,586.1,582.38,85919500.0,597.4535,591.0432,-0.0003089810491622,37.41608205399383,1.509438492613981,4.175393073487668,0,-18.230000000000018,-0.0342326384396324,-0.2062768421237391,0,0.9368677983991556,0.1348110156942573,0,0,0,0,0,0,0,0,0,0,0,0,19,3,12,2024,601.475,-2.6771079892049086,601.2674999999999,613.938794921947,588.5962050780529,-0.00030702053626241455,8.2128858779745,-0.2062768421237391,0,-20.68999999999994,-16.699999999999932,-20.559999999999945,592.2233333333332,597.534,10.450427423434393,10.40762845226223,-0.00030702053626241455,-0.03409746370243405,-0.03016563797924976
2024-01-10,474.16,477.45,473.87,476.56,469.11,67310600.0,465.97800000000007,589.0798,0.0056379694735035,28.254608754324693,4.799234033504092,5.6951674025141,0,-108.48999999999995,0.0184033114578536,0.0209187124799412,0,0.6877913624769108,0.0965977054641281,1,1,0,0,0,0,0,0,0,0,0,0,10,2,1,2024,550.1679999999999,-15.014398702080522,578.826,676.7700622804628,480.8819377195373,-0.04596412556053808,59.06721609977848,-0.09708496930169919,0,-34.29000000000002,-117.68,-133.82,475.2233333333332,506.14,24.991823329490888,54.52047551150362,-0.04596412556053808,-0.06712342174806696,-0.18543714212460471
2023-08-07,448.71,450.87,447.99,450.71,440.32,58357500.0,441.4475000000001,586.271,0.0087283223752032,25.22952089699406,3.151914966704624,4.606833695237727,0,-143.46999999999997,0.001324924771991,-0.4167300501837538,0,0.6244832439088749,0.0782125463294469,0,1,0,0,0,0,0,0,0,0,0,0,7,0,8,2023,535.245,-16.259763331211282,571.0455,682.7703965047594,459.32060349524045,-0.05424290750377714,63.760059467769274,-0.13301173960713464,0,1.1200000000000045,-143.82999999999998,-149.23000000000008,475.5966666666666,477.446,24.419255380385472,27.81476280683522,-0.05424290750377714,0.0024911586111791006,-0.2414588171934431
2015-11-24,207.87,209.83,207.41,209.35,177.92,98874400.0,177.0055,578.5642,0.0013507429085997,12.149672663786191,1.1675675100376282,1.2971743676112903,0,-301.5,0.0038373124540629,0.5227563944605982,0,0.0474755915208021,0.161413856953026,0,1,0,0,0,0,0,0,0,0,0,0,24,1,11,2015,496.459,-31.445188314180633,551.4745,743.6680849579777,359.2809150420224,-0.5355106387699408,117.33733823184096,0.6942877950563338,1,-290.16999999999996,-375.69999999999993,-387.86,378.8733333333333,417.146,147.37936094763234,117.97651473916567,-0.5355106387699408,-0.580897661755285,-0.5901928158950769
2018-10-12,276.77,277.09,272.37,275.95,248.88,183186500.0,256.8095,572.0572,0.0138917179288711,23.877097449855228,-2.0191037754594845,-0.1381079308953224,0,-173.64,-0.0398133153387758,-0.3334806915283591,0,0.2035139414196498,0.3345484556371866,1,1,0,0,0,0,0,0,0,0,0,0,12,4,10,2018,464.63,-34.84697029859292,535.0294999999999,759.6838638993007,310.375136100699,0.31812753761643187,130.31785978052997,0.8527192073984773,1,-200.61,-318.22999999999996,-318.29,312.0033333333333,382.418,124.65369843423214,130.88865447394826,0.31812753761643187,-0.4209543394326003,-0.3862185546831558
2017-08-02,247.47,247.6,246.37,247.44,218.08,47211200.0,216.4025,564.9792,0.0004587576841912,22.49285690983065,1.1576339555662116,1.1571245995306527,0,-252.07999999999998,0.0021143632674522,-0.1424004185255692,0,0.1357859090509279,0.0553236587639224,0,1,0,0,0,0,0,0,0,0,0,0,2,2,8,2017,429.91999999999996,-36.6749408173796,517.136,771.5815702424384,262.69042975756156,-0.10331581808298607,137.87746097330236,-0.7422779517049565,1,-203.26999999999998,-263.41,-347.09999999999997,244.24666666666658,332.002,33.414638009897615,122.80541140357242,-0.10331581808298607,-0.4509995340684697,-0.5046444586803331
2015-08-24,187.49,197.48,182.4,189.5,160.22,507244300.0,175.577,556.869,-0.0420901590338395,19.960280127030885,-2.2004944209203643,-0.682362033475762,0,-287.06,-0.0930794970345127,0.4635347104707743,1,0.0085539625296859,1.0000000000000002,0,1,0,0,0,0,0,0,0,0,0,0,24,0,8,2015,390.365,-39.215215801587235,496.44300000000004,784.5608600573033,208.32513994269675,-0.23415777562237305,144.98361112361803,9.744151811434575,1,-19.849999999999994,-260.09,-395.54999999999995,237.6299999999999,274.59000000000003,44.05198860436564,103.98773028584066,-0.23415777562237305,-0.09481729161690944,-0.6023585697498741
2024-04-03,517.72,520.95,517.67,519.41,512.88,59155800.0,511.226,555.4928,0.0010930668332291,52.651267179898745,4.969483687526804,5.573757552551408,0,68.69999999999999,-0.0070109513052077,-0.2030774495051212,0,0.7840399331515524,0.0798518525515617,1,1,0,0,0,0,0,0,0,0,0,0,3,2,4,2024,382.88800000000003,-17.227723691897317,491.92699999999996,775.5976400105584,208.25635998944153,1.7409498680738786,134.8807003573489,-0.8833780882308584,1,243.45999999999998,19.889999999999986,-74.76999999999998,318.78333333333325,288.33,176.1464034073148,133.4432765260233,1.7409498680738786,0.8822612792172495,0.15242617203967068
2022-04-21,448.54,450.01,437.1,438.06,419.28,85417300.0,428.775,552.5324,-0.0149422046800112,47.49947812006952,-0.2961147482529327,0.989307220927987,0,228.71,0.0004567454942793,0.3095911959328103,0,0.5782170815375142,0.1337797497732426,0,1,0,0,0,0,0,0,0,0,0,0,21,3,4,2022,375.609,-7.22570997311135,483.34499999999997,762.5951816293051,204.09481837069484,-0.1566200111665158,129.0456713682754,0.4439378725332088,0,190.62,-38.5,-72.79000000000002,382.32333333333327,334.072,171.87228989378275,138.69752330161006,-0.1566200111665158,0.7703685741998061,1.0924767136374491
2015-12-17,208.4,208.48,204.84,204.86,174.1,173092500.0,176.2405,544.9368,-0.0152714932126697,36.48002495399783,-0.3585364546811718,-0.0135536660184877,0,-71.08999999999997,0.0098590576753027,-0.1214336833877279,0,0.0390755563374087,0.3138204623940113,0,0,0,0,0,0,0,0,0,0,0,0,17,3,12,2015,351.136,-14.9345273951973,463.0135,760.593296375695,165.43370362430505,-0.5323471670547413,136.45016307958184,1.0264337552228882,1,15.360000000000014,-245.84999999999997,-244.72999999999996,387.4433333333333,319.854,163.26959555695757,149.37773287876837,-0.5323471670547413,0.0810554089709763,-0.25761913390106894
2021-06-18,417.09,417.83,414.7,414.92,393.25,118676300.0,397.538,541.3962,-0.0134962245691493,48.148893173307535,1.6403388366891818,2.232752108519091,0,167.48000000000002,-0.0194082701148298,0.3048564206369015,0,0.5209780983375846,0.202076988457091,0,0,0,0,0,0,0,0,0,0,0,0,18,4,6,2021,342.67600000000004,-5.018185240386643,453.113,743.1634458951928,163.0625541048072,1.0253831885189886,128.62637289624735,-0.31437641723356013,0,-104.48999999999995,205.57000000000002,-84.59999999999997,352.61333333333323,353.35,128.48015618504087,147.8501565775317,1.0253831885189886,-0.2011705589033711,0.6768509537665697
2017-09-15,248.69,249.29,248.57,249.19,220.71,95432400.0,217.309,534.4728,0.0013156700843843,41.648233183231376,1.094132070073783,0.66963203338271,0,59.69,0.0014973332217775,-0.0001456316274177,0,0.141569179347348,0.154345722145912,0,0,0,0,0,0,0,0,0,0,0,0,15,4,9,2017,319.93899999999996,-8.545167987396383,435.0535,728.6433757297334,141.46362427026656,-0.39942639544972525,122.26914269121403,-0.19585966195440874,0,-188.87,-26.75999999999999,-227.37,289.6566666666666,365.28799999999995,110.72246489910025,132.9742259612765,-0.39942639544972525,-0.43115098388348627,0.3149868073878628
2021-10-11,437.16,440.26,434.62,434.69,413.31,65233300.0,415.118,531.394,-0.0072300153727901,49.81536200464805,-2.061065598164191,-2.1281015851327063,0,-84.71999999999997,-0.0004185498093723,-0.1250593502455825,0,0.5650892778608496,0.0923319772727226,1,1,0,0,0,0,0,0,0,0,0,0,11,0,10,2021,318.337,2.1208781503073197,426.791,710.4888222616457,143.0931777383542,0.744411894538304,120.4568907719457,-0.31644493903538007,0,229.82999999999998,187.25,-16.019999999999982,366.2666666666666,348.344,101.87208956987429,112.20085797354957,0.744411894538304,1.12188811871522,-0.16310814193026701
2018-02-16,272.32,275.32,272.27,273.11,243.14,160420100.0,244.435,525.0664,0.0002879828855884,44.03397949279875,-1.3377254161600547,-0.9561797983694303,0,-164.95,0.0265503644713884,0.4426229065928779,0,0.1908918990236607,0.2877977338845192,0,1,0,0,0,0,0,0,0,0,0,0,16,4,2,2018,324.71299999999997,-1.0309606032056138,410.58599999999996,690.4950729076149,130.67692709238497,-0.371713174906255,115.63810618092604,1.4591749919136392,1,-141.81,83.61000000000001,63.76000000000002,318.9966666666666,315.354,100.90466854081869,103.10870928297321,-0.371713174906255,-0.3417767280439603,-0.37654659179107886
2025-02-20,611.54,611.68,607.02,610.38,608.55,36554000.0,603.63,525.6641999999999,-0.0041565072247952,55.613574663481636,3.723545891385356,3.154521681579673,0,405.52,0.0011337710095401,0.1787392256321123,0,0.9944146362916702,0.0334391363158179,0,1,0,0,0,0,0,0,0,0,0,0,20,3,2,2025,358.156,19.159434049206112,411.39300000000003,693.4998135370015,129.28618646299856,1.234923657134488,144.68087742799105,-0.7721357859769443,1,361.19,90.97000000000003,334.43,439.39333333333326,396.45799999999997,168.68418489393872,145.31667684749945,1.234923657134488,1.4494562382118064,1.9794981938885088
2022-11-16,396.78,397.78,394.79,395.45,381.69,68508500.0,369.954,521.9454000000001,-0.007617908585097,48.698616150649485,5.017122919445399,2.91808053762726,0,-19.470000000000027,-0.0075974566334088,-0.2648868763714597,0,0.4955580965784149,0.0990575888707063,0,1,0,0,0,0,0,0,0,0,0,0,16,2,11,2022,372.957,17.63809234965109,401.4385,670.7527348465833,132.12426515341667,-0.3521249057963891,139.57678906449883,0.8741724571866281,1,-39.24000000000001,-42.610000000000014,148.01,426.3133333333333,392.56399999999996,170.74007213695472,144.95870163601973,-0.3521249057963891,-0.0902712277715153,-0.04692470837751861
2017-03-06,237.5,238.12,237.01,237.71,207.59,55391500.0,204.9645,515.0558,-0.0029777628355986,44.34104786849728,2.322596371327336,2.2544544680246084,0,-11.47999999999999,-0.0086092713354447,-0.3242821225676828,0,0.1127187967279443,0.072121875836158,0,0,0,0,0,0,0,0,0,0,0,0,6,0,3,2017,377.77799999999996,6.197537590151327,384.07149999999996,648.537895012676,119.60510498732395,-0.3988873435326843,133.22411366649158,-0.1914652926279221,0,-35.400000000000006,32.849999999999994,48.21000000000001,414.51333333333326,390.26800000000003,187.06493587343542,147.85922365547773,-0.3988873435326843,-0.12961810259602358,-0.04606926441671011
2024-11-01,571.32,575.55,570.62,571.04,567.42,45667500.0,574.9635000000001,514.621,0.0042298639010318,53.75747896577853,1.968354365778964,3.916527723664369,0,136.34999999999997,-0.0184042212417517,-0.2411830681676566,0,0.9039713255343476,0.0521536762823007,0,1,0,0,0,0,0,0,0,0,0,0,1,4,11,2024,382.941,20.46435976602151,382.9145,643.8732077278717,121.95579227212824,1.4022548483446213,140.14357387653894,-0.17555040033218094,0,-39.34000000000003,156.11999999999995,51.629999999999995,401.3999999999999,417.538,166.74463739502738,169.1422016233694,1.4022548483446213,-0.06445165306858025,0.3136718120959763
2018-10-01,292.11,292.93,290.98,291.73,263.11,62078900.0,256.8095,508.6228,0.0034706331045004,46.637434226934225,1.4510611034075964,1.5597199698049478,0,18.620000000000005,0.0063772903352796,-0.1143150229557407,0,0.2348051719588354,0.0858544280468188,1,1,0,0,0,0,0,0,0,0,0,0,1,0,10,2018,368.308,10.95228140038894,371.9585,628.8801525927718,115.03684740722827,-0.4891251050714486,141.38288720900982,0.35936716483275855,0,-103.71999999999997,42.54000000000002,-146.32999999999998,366.82666666666654,421.262,178.90459533877961,165.32936995585672,-0.4891251050714486,-0.2622834745226956,0.06817765735417969
2015-03-05,210.62,210.8,209.85,210.46,176.29,76873000.0,175.5145,500.88039999999995,0.0010789324247586,44.779002125757394,1.396332363982964,1.5138075344080493,0,-399.91999999999996,-0.0072166959964098,-0.3286036689106808,0,0.0438912833142756,0.1162340599904348,0,1,0,0,0,0,0,0,0,0,0,0,5,3,3,2015,368.868,-0.3518246071902311,360.002,623.5317462223212,96.47225377767882,-0.2785795084495938,140.67286461858959,0.23831124585003916,0,-27.25,-224.23,5.599999999999994,357.7433333333333,341.27799999999996,189.1369985839166,146.64571787134003,-0.2785795084495938,-0.1146354802069749,-0.6551984009961007
2016-12-16,226.01,226.08,224.67,225.04,196.52,156420200.0,193.3615,493.32019999999994,-0.0019806002742368,45.200890441964454,2.36895387958748,2.137386098912831,0,-170.41,-0.0060936190908393,0.2516359586021255,0,0.0883762863928225,0.2795839534037012,0,0,0,0,0,0,0,0,0,0,0,0,16,4,12,2016,349.88,-6.068833950960382,346.278,607.8968606809553,84.65913931904464,0.06927682219899256,146.46196282842718,1.0347872464974697,1,-346.0,-48.07000000000002,-189.88000000000002,242.40999999999994,307.196,43.33002307868208,150.65574974092658,0.06927682219899256,-0.605912020173718,-0.43092679226198005
2021-04-19,416.26,416.74,413.79,415.21,392.24,78498500.0,380.9985,489.49559999999997,-0.0049216094170175,50.51174661378585,6.593782016876503,5.705533621038902,0,177.49999999999997,0.0091668982784488,-0.0431364757250665,0,0.5187571466267921,0.1195720184822895,0,1,0,0,0,0,0,0,0,0,0,0,19,0,4,2021,366.48199999999997,3.235311420722738,343.2105,600.0420289426148,86.37897105738523,0.8450497689299681,143.15229953522316,-0.4981562483617845,0,123.47999999999996,-195.17000000000002,166.01999999999998,283.56999999999994,342.69599999999997,114.23642720253085,151.1010338482191,0.8450497689299681,0.4232680903575221,0.746708173825249
2022-03-10,422.52,426.43,420.44,425.48,405.97,93972700.0,413.69,485.81020000000007,-0.0045363150409493,50.78912031862887,-6.053389142639389,-5.6326591110994615,0,-145.55999999999995,0.0147071846685206,-0.1967513684836757,0,0.5489488961210309,0.15134823336673,0,0,0,0,0,0,0,0,0,0,0,0,10,3,3,2022,365.56100000000004,9.97851523520982,341.94899999999996,596.8970228517201,87.00097714827987,0.024734471713109052,142.6936026324315,0.19712733364331791,0,215.02,30.03000000000003,-9.20999999999998,355.2433333333333,313.584,112.87625628684046,102.22616509485573,0.024734471713109052,1.0216668250498908,-0.2549033342673017
2018-11-01,271.6,273.73,270.38,273.51,246.68,99495000.0,248.1335,479.121,0.0106522451655195,46.62472853872427,-4.097589019925152,-3.989123282261617,0,-18.220000000000027,0.0361266339001018,-0.2244904958287963,0,0.198676224821884,0.1626882568546225,0,1,0,0,0,0,0,0,0,0,0,0,1,3,11,2018,365.601,4.38655977631268,345.157,594.9120994154096,95.40190058459035,-0.35717307511516405,142.66486030398517,0.05876493917914449,0,48.47,35.79999999999998,0.39999999999997726,371.3999999999999,309.94,84.93060284726091,103.5165322545182,-0.35717307511516405,0.21538393174546755,-0.06245500976930729
2023-11-28,454.08,456.27,453.5,454.93,446.01,62115000.0,434.1955,476.23220000000003,0.0009874991583813,51.71462004756314,6.847299358321607,5.621791582845081,0,244.47,-0.000199436310617,0.2298538787470796,0,0.6369953382003694,0.0859285592689388,0,0,0,0,0,0,0,0,0,0,0,0,28,1,11,2023,350.056,12.622478085159472,354.106,606.1166581396927,102.09534186030729,0.6633029870937077,119.64103831415422,-0.37569727121965923,0,39.72000000000003,-116.10999999999996,-155.45,384.6399999999999,358.834,97.36135424283687,102.51268619054242,0.6633029870937077,0.09566243587582202,1.1615984034971016
2019-03-04,281.6,281.87,276.84,279.4,253.46,106494600.0,250.343,469.7298,-0.0036558040803489,47.04058449414932,3.544935084276034,3.712567380943226,0,54.359999999999985,0.0007382948765604,0.3500751136212372,0,0.2135851877913624,0.177061910659351,0,1,0,0,0,0,0,0,0,0,0,0,4,0,3,2019,338.451,6.285215053700739,355.704,605.3834496469444,106.02455035305562,-0.3858395797155607,120.37473770134118,0.7144747645496257,1,-146.08000000000004,-12.330000000000041,-116.05000000000001,335.94666666666654,369.706,103.08466536460452,86.39057720608545,-0.3858395797155607,-0.34332988624612215,0.24155705652328474
2020-11-11,356.4,357.56,355.06,356.67,334.42,58649000.0,321.11,464.827,0.0074408796505498,49.2165169030515,3.274357750592344,1.2823266913761369,0,-58.539999999999964,0.0185465036469868,-0.314463717972695,0,0.3916131585891459,0.078811140546842,0,1,0,0,0,0,0,0,0,0,0,0,11,2,11,2020,350.34700000000004,7.264754224147033,364.0625,601.8350850366289,126.28991496337102,0.27655690765927,115.07424270636967,-0.44927724034833694,0,83.16000000000003,146.21,118.96000000000001,363.6666666666666,357.998,87.97391791509855,82.56401195436561,0.27655690765927,0.30404738400789744,-0.1409888971845571
2022-12-30,380.64,382.58,378.43,382.43,370.82,84022200.0,374.127,460.37480000000005,-0.0026358257127487,49.95473525639154,-2.6852029610445243,-1.60795889792005,0,-43.05000000000001,0.0029422286777511,0.2546075982254978,0,0.4716553786612718,0.1309149168652226,1,1,0,0,0,0,0,0,0,0,0,0,30,4,12,2022,331.486,9.475168495173314,357.2135,584.345776110202,130.08122388979803,0.07222362407827965,86.88771645699484,0.43262800729765205,0,-72.5,157.39000000000001,-188.60999999999996,339.49999999999994,349.38800000000003,53.618111678789674,75.72929763308676,0.07222362407827965,-0.15936517706020703,-0.1011798439409608
2016-06-14,208,208.74,206.92,208.04,178.77,125059300.0,179.459,452.4992,-0.0020097136158097,45.167858399506635,0.7744752052935553,0.967673842555157,0,-65.47,-0.0192021468759814,0.0620639110259597,0,0.0493447092972117,0.2151844563460536,0,0,0,0,0,0,0,0,0,0,0,0,14,1,6,2016,323.117,-0.4535033741292338,345.7125,578.5285092326151,112.89649076738482,-0.4560050205266324,94.81165611065163,0.48840782555086637,0,-71.35999999999999,-207.17,-83.69000000000003,315.71333333333325,336.294,94.13317392573406,95.26834222343044,-0.4560050205266324,-0.2554044380816034,-0.23936967569741507
2022-11-23,399.55,402.93,399.31,402.42,388.42,68261600.0,374.86,448.5922,0.0062954998834166,50.82427103338848,5.872589889128051,4.631471494451596,0,-52.50999999999999,0.0161286526047698,0.1296165748233464,0,0.5103571114433987,0.0985505805953209,0,1,0,0,0,0,0,0,0,0,0,0,23,2,11,2022,342.313,6.064831634693931,355.5905,580.286422034649,130.89457796535103,0.9343395500865219,88.70409812028619,-0.454166143581485,0,45.75,-23.060000000000002,191.96,330.9633333333333,325.79200000000003,106.92291350937131,80.70147997404183,0.9343395500865219,0.12826982925393215,-0.11542435099905479
2020-10-05,336.06,339.96,336.01,339.76,318.56,45713100.0,315.936,443.3518,0.0177310629053384,49.067077631403336,-0.2161009281072665,-0.9110808175874836,0,60.360000000000014,0.0146389663277286,-0.4888456029278405,0,0.3567376198434339,0.052247315720768,1,1,0,0,0,0,0,0,0,0,0,0,5,0,10,2020,353.785,6.132614745276548,351.8325,574.9420922523303,128.72290774766967,-0.15570796680085486,78.7070847086421,-0.3303248092631875,0,-42.670000000000016,66.25,114.72,316.73999999999995,337.864,99.21358979494273,76.42829469509742,-0.15570796680085486,-0.11157597468817826,0.216034359341446
2022-11-23,399.55,402.93,399.31,402.42,388.42,68261600.0,374.86,439.3158,0.0062954998834166,50.895410122343286,5.872589889128051,4.631471494451596,0,45.75,0.0161286526047698,0.1296165748233464,0,0.5103571114433987,0.0985505805953209,0,1,0,0,0,0,0,0,0,0,0,0,23,2,11,2022,352.506,10.137415751460637,359.49399999999997,578.463902717248,140.52409728275205,0.1844242995055334,77.69543161173226,0.493261231463191,0,194.38000000000002,-52.50999999999999,-12.789999999999964,381.5333333333333,347.014,36.176767867410355,81.79293355786088,0.1844242995055334,0.9343395500865219,0.12826982925393215
2019-08-08,289.62,293.62,289.01,293.62,268.84,87713900.0,271.775,433.0618,0.0196465144504283,47.693984778207856,-1.0725156986943034,0.2670131517917993,0,-88.81,0.034261777592079,-0.3760228722159344,0,0.2474052247339254,0.1384958097378034,0,1,0,0,0,0,0,0,0,0,0,0,8,3,8,2019,339.32000000000005,5.434643156269736,352.44050000000004,570.3528675677935,134.52813243220663,-0.2703642960091447,75.07986207292149,0.2849669506721202,0,-108.80000000000001,14.220000000000027,-131.86,345.2666666666666,329.252,54.608630575509736,81.82224465266563,-0.2703642960091447,-0.2703642960091447,-0.23222550532123531
2022-01-07,467.95,469.2,464.65,466.09,444.72,85111600.0,447.9175,430.3682,-0.0039642545185781,52.7660874164619,2.343823522288858,3.0790340132992577,0,258.04999999999995,-0.0241069555065391,-0.0201165338267005,0,0.6341586771044068,0.1331519959061494,1,1,0,0,0,0,0,0,0,0,0,0,7,4,1,2022,358.578,13.458266882799645,362.0895,582.175763221949,142.00323677805105,0.5873918670390299,80.80418193248298,-0.02966804577153681,0,126.32999999999998,109.41999999999996,192.57999999999998,387.37666666666655,380.86199999999997,87.21354042425114,66.13215496262458,0.5873918670390299,0.371821285613374,1.240386464141511
2024-07-29,546.02,547.05,542.72,544.76,539.65,39515800.0,547.395,429.1664,0.0005933287597572,54.91372513102765,0.6936982194238226,3.2390393776925346,0,142.33999999999997,0.0065827514978902,-0.2650110297263214,0,0.8429061482980031,0.0395211821239847,0,1,0,0,0,0,0,0,0,0,0,0,29,0,7,2024,367.56100000000004,23.02116667971181,358.8085,565.5425592427891,152.07444075721088,0.1687871441137978,96.22712062268812,-0.5357178104982165,1,142.33999999999997,162.32999999999998,89.82999999999998,434.82333333333327,409.33000000000004,128.4563281171172,99.799197892571,0.1687871441137978,0.35371005417225776,0.35371005417225776
2020-04-30,291.71,293.32,288.59,290.48,270.08,122901700.0,257.4295,422.86980000000005,-0.0093169980192209,47.41018087076146,4.80424289865465,2.7647697616358657,0,-49.27999999999997,0.0122721043611961,0.0350000336854585,0,0.2501319377253935,0.2107538323891014,0,1,0,0,0,0,0,0,0,0,0,0,30,3,4,2020,368.669,11.746990823852355,353.56000000000006,561.6321536390708,145.48784636092927,-0.46677435935090683,95.15704603443739,2.110191366491378,1,-3.1399999999999864,82.44000000000003,11.080000000000041,433.77666666666664,399.474,130.18330627746585,110.27143047952431,-0.46677435935090683,-0.01069409440773783,-0.145043560160113
2015-03-03,211.47,212.05,210.08,211.12,176.84,110325800.0,175.0205,415.025,-0.0041110547952919,45.32842264488731,1.6319372354305417,1.553739138871831,0,-191.3,-0.0012093591754254,0.2609902230390644,0,0.0451007124637171,0.1849292662877692,0,1,0,0,0,0,0,0,0,0,0,0,3,1,3,2015,354.114,-0.8602374551439773,352.2305,563.5608978584271,140.90010214157292,-0.2732029743872212,107.52415844306302,-0.10232486613285252,0,-254.96999999999997,-191.3,-145.55,348.7866666666666,361.214,174.29475876609854,138.55374942599215,-0.2732029743872212,-0.547040271192259,-0.47537398737637293
2022-02-02,455.5,458.12,453.05,457.35,436.38,117361000.0,432.8055,411.97740000000005,0.0096948101529419,52.32342289906447,-4.8543905596851005,-5.527318832207183,0,163.73000000000002,0.0344726065571963,-0.0470495000625226,0,0.6158193332746943,0.1993760245663888,0,1,0,0,0,0,0,0,0,0,0,0,2,2,2,2022,361.606,7.138248388958127,346.546,539.3302973273528,153.76170267264723,1.1663035240621449,112.22377300138639,0.06376749590757558,0,-87.40999999999997,117.59000000000003,74.92000000000002,319.6499999999999,393.96000000000004,125.68002983767613,137.93136427223712,1.1663035240621449,-0.16045598061531674,0.5576255023499763
2016-04-04,206.83,207.07,205.89,206.25,177.24,63497000.0,176.41150000000002,403.90840000000003,-0.0032056689724987,45.87709397300558,2.477074993783731,2.484065626944645,0,-259.84,0.0011601336250127,-0.4450702871350728,0,0.0459802972996745,0.088766491373364,1,1,0,0,0,0,0,0,0,0,0,0,4,0,4,2016,361.427,-4.122005456857133,342.272,543.3400276523375,141.20397234766241,-0.5490324696621843,112.4970256446317,-0.4589599611455254,0,-84.23000000000002,-196.17000000000002,-1.789999999999992,291.57333333333327,341.992,143.5874529105259,152.175217331866,-0.5490324696621843,-0.28996832828421926,-0.5574888969941427
2018-02-26,275.93,278.01,275.26,277.9,247.4,86491400.0,242.0055,397.23659999999995,0.0116126921818777,47.85139414187433,-0.1392328887208691,-0.7927752828545586,0,-266.86,0.0288536922193505,-0.067643025923179,0,0.2002594775266074,0.1359854103183679,0,1,0,0,0,0,0,0,0,0,0,0,26,0,2,2018,348.975,-6.256437241855728,345.644,539.9034667345743,151.38453326542574,0.34739393939393937,114.3318938927854,0.3621336441091705,0,66.77999999999997,-15.720000000000027,-124.52000000000004,313.83333333333326,288.62,129.3491624763473,101.70946096603173,0.34739393939393937,0.31631299734747986,-0.48986709743740364
2019-12-09,314.44,315.18,313.8,313.88,288.71,34838500.0,286.726,391.25559999999996,-0.0031420482010912,48.86022996167719,2.1673777270826804,2.460129422855857,0,23.399999999999977,0.0077670385065463,-0.2879493939951356,0,0.2910986014601108,0.0299163631427777,0,0,0,0,0,0,0,0,0,0,0,0,9,0,12,2019,346.387,-4.821206496890948,350.086,537.0366360941334,163.13536390586654,0.1294710327455919,114.85536944348762,-0.5972027276700342,1,-143.47000000000003,-152.20999999999998,-25.879999999999995,266.00999999999993,293.3,54.79127029006676,102.35276474038562,0.1294710327455919,-0.3136984803760796,0.08055632057284479
2017-06-16,242.77,242.83,241.63,242.64,213.85,84553100.0,212.7015,383.9008,0.0001870819886815,46.92458514740563,1.2296274807305565,1.283766833740476,0,31.519999999999982,-0.0029856382242543,0.2721466518417992,0,0.1264842994106781,0.1320051181345709,0,0,0,0,0,0,0,0,0,0,0,0,16,4,6,2017,330.409,-8.055359010951527,341.4575,531.4928593282082,151.42214067179177,-0.22696571938320376,117.28246107865698,1.4270017365845256,1,36.389999999999986,-302.12,-159.78000000000003,278.13999999999993,299.604,35.62060639572484,96.84850917799777,-0.22696571938320376,0.1764363636363635,0.1492989768851838
2015-02-06,206.56,207.24,204.92,205.55,172.18,125672000.0,169.997,376.013,-0.0027222704894295,45.90494428353348,0.1631568660847904,1.024884813884194,0,-251.8,0.0035520079181412,0.2829800353638267,0,0.034853549124813,0.2164426336256348,0,1,0,0,1,1,0,0,0,0,0,0,6,4,2,2015,321.602,-11.848917859821498,330.461,525.1709364593428,135.75106354065719,-0.1528602044180678,123.49416898515229,0.48630860370583684,0,-72.34999999999997,-84.93,-88.07,254.02333333333323,249.244,55.054812989714954,46.90480071379459,-0.1528602044180678,-0.2603454480028786,-0.5505630261287854
2016-11-02,210.65,211.1,209.23,209.74,182.09,103330800.0,185.3645,368.2636,-0.0060046945793984,46.04757060082741,-0.7975820760353542,-0.4926182358662745,0,3.490000000000009,-0.0132121917779749,-0.1584192445460157,0,0.0566452634356583,0.1705650585667457,0,1,0,0,0,0,0,0,0,0,0,0,2,2,11,2016,295.967,-13.132837895446446,327.2725,527.6155106467439,126.92948935325603,0.02038433471174894,116.58191236208128,-0.17777388758036794,0,-104.13999999999999,-1.3799999999999955,-256.34999999999997,219.30999999999995,249.94199999999995,20.312697999014176,46.1245251466157,0.02038433471174894,-0.3317828469478782,0.016921212121212115
2021-07-15,434.81,435.53,432.72,434.75,412.05,55126400.0,407.5205,365.07379999999995,-0.003410245247424,53.185823984941585,4.101965414685594,3.8274073537178896,0,156.85000000000002,-0.0053362517522858,-0.1404014320821326,0,0.5623185856275837,0.0715774939252441,1,1,0,0,0,0,0,0,0,0,0,0,15,3,7,2021,284.966,1.3456891854121942,326.26349999999996,524.2136066708512,128.31339332914877,1.0728044245256032,93.37774231582169,-0.46650563046061777,0,192.11,-22.600000000000023,-110.00999999999999,283.3466666666666,281.312,131.13586859945102,96.12732426319137,1.0728044245256032,0.7917490933069569,0.5644116588700974
2019-08-13,287.74,294.15,287.36,292.55,267.86,94299800.0,270.45050000000003,359.034,0.0155829383886256,48.79228418655555,-1.3033004674624635,-0.4954821700100927,0,-21.329999999999984,-0.003433364927134,0.4390852098962881,0,0.2452502418858299,0.1520199320580162,0,1,0,0,0,0,0,0,0,0,0,0,13,1,8,2019,285.173,1.5072730069838123,326.921,524.330721128422,129.51127887157796,-0.3270845313398505,93.39361696604321,0.7106105241771639,1,87.0,86.30000000000001,2.069999999999993,312.34666666666664,277.046,113.80380500375408,94.78459015051311,-0.3270845313398505,0.423254682558988,-0.06795590671594232
2022-06-28,390.23,393.16,380.53,380.65,365.9,86548900.0,366.3955,354.9460000000001,-0.0204267394854495,51.4672285907156,-6.75360085679506,-7.822106677941876,0,138.01,0.0075427548914692,0.3111562560597247,0,0.4608364851789954,0.1361034863646808,1,1,0,0,0,0,0,0,0,0,0,0,28,1,6,2022,302.12600000000003,7.380576265120663,328.12,526.526673476477,129.71332652352302,0.3011451034011279,93.84341440221937,-0.08219423583082885,0,170.90999999999997,102.75,169.52999999999997,369.3166666666666,304.648,71.77425257940678,102.07489662008336,0.3011451034011279,0.814866024601888,0.5687850313221232
2015-09-03,196.26,198.05,194.96,195.55,165.33,152087800.0,170.575,346.9734,0.0007263482840023,46.02711123776506,-3.2288957346105747,-2.805371816102724,0,-10.0,-0.0101383442324318,-0.0510484540707422,0,0.0197906588090421,0.2706873853507259,0,0,0,0,0,0,0,0,0,0,0,0,3,3,9,2015,275.946,-0.9258212314931953,318.77599999999995,523.5710499792449,113.98095002075496,-0.48627347957441214,81.42433941327911,0.7572470591769509,1,-239.2,-118.32999999999998,-261.8,289.58333333333326,302.648,92.58565403631647,104.56947221823732,-0.48627347957441214,-0.5502012650948821,-0.04864996351252737
2022-11-16,396.78,397.78,394.79,395.45,381.69,68508500.0,369.954,344.66540000000003,-0.007617908585097,51.93578967610443,5.017122919445399,2.91808053762726,0,185.70999999999998,-0.0075974566334088,-0.2648868763714597,0,0.4955580965784149,0.0990575888707063,0,1,0,0,0,0,0,0,0,0,0,0,16,2,11,2022,294.866,6.887565331373679,328.1465,528.9276632872998,127.36533671270018,1.022244950140629,85.31856450321284,-0.5495463804460319,1,102.89999999999998,152.81,189.2,323.88333333333327,339.79,111.38601049203837,95.94499986972043,1.022244950140629,0.3517347461972311,0.8854295794793552
2019-02-27,278.52,279.59,277.48,279.2,253.28,56921600.0,248.94,341.25759999999997,-0.0004341134219976,48.603468836402186,3.8664133246774384,3.7847470103822247,0,-155.55,0.0001986763480628,0.0013633780814543,0,0.2131893746151816,0.0752639307659562,0,1,0,0,0,0,0,0,0,0,0,0,27,2,2,2019,294.996,4.2032770454198065,321.9855,520.824845349459,123.146154650541,-0.2939688961942092,85.29082693936084,-0.16913083777925364,0,-101.44999999999999,73.64999999999998,1.3000000000000114,290.0666666666666,308.68,100.39206060905654,81.60324442079923,-0.2939688961942092,-0.2665177985025614,-0.3577918343875791
2021-07-14,437.4,437.92,434.91,436.24,413.46,64130400.0,407.5205,339.99199999999996,0.0015017924619706,52.99139620712329,4.2444215277787976,3.758767838475963,0,143.69,0.0016594385263898,0.2120359923116612,0,0.5654191221743337,0.090067176029618,1,1,0,0,0,0,0,0,0,0,0,0,14,2,7,2021,307.23199999999997,12.511113591615885,326.8095,531.7281007638188,121.89089923618118,0.5624641833810888,96.35973776542892,0.1266443669889814,0,240.69,226.5,122.36000000000001,370.2966666666666,337.418,81.48563083963016,98.13048899297638,0.5624641833810888,1.230836103298389,0.4911639036062212
2015-04-06,205.37,208.45,205.21,207.83,174.86,114368200.0,175.073,334.61740000000003,0.0067361390983937,46.74092911048144,-0.0895377641049322,0.0323403717686787,0,-172.81999999999996,0.0068062982587189,0.3160761280953361,0,0.0407467675257278,0.1932303203680358,1,1,0,0,0,0,0,0,0,0,0,0,6,0,4,2015,303.75100000000003,2.646056632825381,317.08000000000004,525.168478777662,108.9915212223381,-0.5235879332477535,99.52902931640935,0.7833695096241409,1,-187.61999999999998,-226.92,-34.809999999999974,307.7566666666666,302.854,116.85201938063581,108.93698283870683,-0.5235879332477535,-0.4744468327222151,-0.4540128727177196
2016-08-01,217.19,217.65,216.41,216.94,187.39,73311400.0,185.69,329.94199999999995,-0.0008531058384432,47.00939796582507,1.845159177765396,1.9200559004284332,0,21.389999999999986,0.0019253122230445,-0.0780689995145839,0,0.0682997625120942,0.1089203270069898,0,1,0,0,0,0,0,0,0,0,0,0,1,0,8,2016,304.89,-2.9403347087615614,313.246,525.7019869149408,100.79001308505914,0.043833902708944716,98.33841184625899,-0.35898790048282647,0,-62.25999999999999,-75.61000000000001,11.389999999999986,287.0033333333333,307.132,129.32298725799868,103.97671070966182,0.043833902708944716,-0.22299426934097422,0.10938378931219628
2024-02-15,499.29,502.2,498.8,502.01,494.17,61683000.0,484.3095,335.79519999999997,0.0069073719385468,54.703876365595825,6.5387910905078,6.45619707310618,0,106.56,0.0022266601186815,-0.098040878636248,0,0.7428973524496438,0.0850414487992487,0,1,0,0,0,0,0,0,0,0,0,0,15,3,2,2024,334.117,12.0657306568793,315.04200000000003,533.1675505070451,96.91644949295491,1.3140499677330135,109.69380910820215,-0.1586165316717455,0,65.76999999999998,121.36000000000001,292.27,308.92666666666656,328.444,167.27710014623187,133.370709415526,1.3140499677330135,0.15076563359618556,0.26946516626627903
2023-06-02,424.5,428.74,423.95,427.92,416.51,91366700.0,404.6950000000001,338.83459999999997,0.0144676912584942,52.567440191271366,3.205586609913553,2.3715389690953392,0,148.72000000000003,0.018408089561003,0.0281516907668935,0,0.5721259565485091,0.1459968215981829,0,0,0,0,0,0,0,0,0,0,0,0,2,4,6,2023,333.434,16.24385382404959,309.2,507.7861440282316,110.61385597176837,-0.1475867014601302,109.01677905513252,0.48122983642170447,0,220.09,232.37,-6.829999999999984,382.28999999999996,358.188,147.9114562838158,136.19651232686041,-0.1475867014601302,1.0589905210989752,0.5326647564469915
2023-05-18,414.9,419.67,414.67,419.23,408.05,97177200.0,400.7085,342.2704,0.0096249010292952,52.30939463769401,1.9730728049494812,1.7299435946197137,0,-17.00999999999999,0.0150793105075359,0.1133066779703735,0,0.5535227372680095,0.1579286627651603,0,1,0,0,0,0,0,0,0,0,0,0,18,3,5,2023,346.102,17.55286065789031,315.6375,519.6520178044972,111.62298219550283,-0.020307534118526815,111.07884735127979,0.06359537993601605,0,202.29000000000002,23.78000000000003,126.68,449.71999999999997,354.786,45.492440031274924,133.95344612961864,-0.020307534118526815,0.9324698073199964,-0.03899229781771496
2019-08-19,292.19,293.08,291.44,292.33,267.66,53571800.0,268.53149999999994,344.327,0.0120618595681929,48.560612228984866,-1.7670909419775285,-1.3567499946980497,0,84.49999999999997,0.0294503135320001,-0.3546989037356823,0,0.2448104494678512,0.0683851283322343,0,1,0,0,0,0,0,0,0,0,0,0,19,0,8,2019,337.27,9.411048096854964,319.698,518.3933426328897,121.00265736711023,-0.3026978031152351,111.53694674361905,-0.44872048175909574,0,-209.68,13.129999999999995,-88.32,379.8266666666666,371.68600000000004,75.89880785185291,114.72874413154108,-0.3026978031152351,-0.41768092269078305,0.40658230284367014
2024-04-17,506.05,506.22,499.12,500.55,494.26,75910300.0,510.017,343.94980000000004,-0.0059131134352373,54.34248242677851,-1.1155973349090686,1.6305209672165042,0,283.61,-0.0202690122597452,0.0330180719612431,0,0.743095259037734,0.1142571589506879,0,1,0,0,0,0,0,0,0,0,0,0,17,2,4,2024,367.77000000000004,17.137578116369,321.85800000000006,527.316149860261,116.39985013973916,0.7122772209489276,110.17043079802431,0.416982442255067,0,72.63,64.31,305.0,404.0366666666666,428.408,104.93817290830103,85.47429215852299,0.7122772209489276,0.16972798653954002,1.3073199963123443
2020-11-19,355.6,358.18,354.15,357.78,335.46,59940900.0,324.909,342.3442,0.0042209250112257,50.17778695597824,4.994569438795793,3.850245146583628,0,-144.23000000000002,-0.0131993661440399,-0.1508741162154543,0,0.3939000791626351,0.081464052620436,0,1,0,0,0,0,0,0,0,0,0,0,19,3,11,2020,364.003,11.966618542916363,329.4345,528.3527596419981,130.51624035800197,-0.285226251123764,109.76208068666843,-0.2103719785062106,0,-61.450000000000045,149.94999999999996,-37.670000000000016,383.5533333333333,399.562,106.47577486608157,78.47614268043877,-0.285226251123764,-0.1465782506022948,-0.28730503376426764
2018-03-26,262.13,265.43,259.41,265.11,236.96,141956100.0,236.1755,343.5492,0.0273574680251462,47.62638835620455,-1.5304373503355748,-0.324288892846254,0,-162.81,-0.0189724627988283,-0.2265439578761084,0,0.1773023133081185,0.2498819752910985,1,1,0,0,0,0,0,0,0,0,0,0,26,0,3,2018,362.594,2.1528232169410773,328.79499999999996,528.4527208624834,129.13727913751651,-0.2590139191682038,111.05446763738172,1.3682677437275719,1,-27.21999999999997,48.170000000000016,-14.089999999999975,374.47999999999996,367.0,118.60508378648511,95.66316532501224,-0.2590139191682038,-0.0931139465672356,-0.38046831183398766
2021-02-19,392.07,392.38,389.55,390.03,367.25,83241000.0,362.8155,343.0514,-0.0017667844522967,51.22659463240233,4.095628979103253,4.017574783929181,0,-29.200000000000045,-0.0057994197017187,0.3940227220964349,0,0.4638050840003518,0.1293107254325331,0,1,0,0,0,0,0,0,0,0,0,0,19,4,2,2021,357.973,3.824622505978258,332.60249999999996,533.8751282309677,131.3298717690323,0.47120063369921894,108.58346375535803,-0.41361449067704736,0,-110.52000000000004,-111.98000000000002,-46.210000000000036,337.63999999999993,361.15999999999997,64.84956669091288,92.51708598956536,0.47120063369921894,-0.22079712316451905,-0.0696515039477138
2016-03-21,204.07,204.94,203.8,204.67,175.88,72926700.0,176.41150000000002,342.16100000000006,0.0014234470193019,46.15649586005503,2.759203447303662,2.3244425182043145,0,-87.66,0.0053676564625395,-0.4729678750964787,0,0.0429897088574192,0.108130346919745,1,1,0,0,0,0,0,0,0,0,0,0,21,0,3,2016,357.657,-7.202330312164847,330.704,536.0109611484261,125.39703885157394,-0.47524549393636384,109.07245716596954,-0.12390889105128478,0,-153.10999999999999,-223.25000000000003,-3.160000000000025,286.6033333333333,343.628,94.53070894335077,114.51238020406637,-0.47524549393636384,-0.42794454692828,-0.29986658912872444
2016-07-20,216.19,217.37,216.19,217.09,187.52,58159500.0,182.0945,337.809,0.0041769304915926,46.53831163020907,2.1634705757961115,1.5748394209238088,0,-283.46000000000004,0.0058424790172055,0.070176665311147,0,0.0685856275837804,0.077805954030839,0,1,0,0,0,0,0,0,0,0,0,0,20,2,7,2016,357.672,-12.972290729955045,331.281,535.2382014810983,127.32379851890173,0.06068305076464564,109.05096329494569,-0.20249373686180783,0,-48.02000000000001,-202.14000000000001,0.15000000000000568,270.59666666666664,286.93600000000004,103.61855496643688,83.32133268257729,0.06068305076464564,-0.18113236015238965,-0.5662970732194585
2023-03-06,405.05,407.45,404.01,404.47,392.19,72795900.0,392.4915,340.43619999999993,0.0006889161053276,52.06151657868735,-0.4557101890957824,0.2449602081678888,0,46.690000000000055,0.0245221714072303,-0.192233688415446,0,0.5186471985222975,0.1078617495830888,0,0,0,0,0,0,0,0,0,0,0,0,6,0,3,2023,347.918,-3.9496943604263017,341.01750000000004,539.351121242091,142.683878757909,0.8631443180247824,98.56425020146914,0.251659660072731,0,14.440000000000055,112.14000000000004,-97.53999999999996,275.4099999999999,296.274,111.94162228590031,95.03835478374357,0.8631443180247824,0.037022793118478114,0.13049918944602834
2017-01-30,228.17,228.2,226.41,227.55,198.71,79737300.0,198.1195,332.7796,-0.0062015503875968,47.112457616438284,1.0916747277235572,1.1179823441246852,0,-37.56,-0.008846879333185,0.3353848781884776,0,0.0931920133696895,0.1221158898939841,0,1,0,0,0,0,0,0,0,0,0,0,30,0,1,2017,327.881,-9.368162163264568,330.6575,529.9681251934436,131.34687480655649,-0.43741192177417365,100.8340355292355,0.09535427132572027,0,22.880000000000024,-273.0,-200.37,283.03666666666663,288.762,105.29431956821082,99.49723373039434,-0.43741192177417365,0.11178971026530515,-0.14167703971936174
2021-11-30,462,464.03,455.3,455.56,433.15,148559600.0,443.1205,333.9818,-0.0194680249009621,53.276966611816675,2.242637210678481,4.076895174660911,0,65.53000000000003,-0.0295005532290641,0.7220547868986238,0,0.608716685724338,0.2634422391489653,0,0,0,0,0,0,0,0,0,0,0,0,30,1,11,2021,331.514,2.309074362621099,338.808,544.4501486563522,133.1658513436478,1.0020215337288505,105.05703468962847,0.8631129973048999,1,238.47,97.78000000000003,36.329999999999984,362.52666666666664,301.868,119.6518801913806,118.6447711447947,1.0020215337288505,1.0984844995163296,0.16801271697048947
2018-09-21,293.09,293.22,291.81,291.99,263.35,105479700.0,260.3835,335.0674000000001,-0.0009105049508705,48.87574778753861,1.7500332585555043,1.6287222729028583,0,87.32000000000002,0.0082695163312308,0.0510070685109496,0,0.2353329228604098,0.1749778171045166,0,0,0,0,0,0,0,0,0,0,0,0,21,4,9,2018,331.48,-0.905556516755647,334.37500000000006,540.0405580791332,128.7094419208669,-0.3590525946088331,105.07117904861774,-0.2899839525685314,0,-112.48000000000002,26.879999999999995,-0.339999999999975,325.0333333333333,319.332,117.541637019962,106.57332461737641,-0.3590525946088331,-0.27809231834252235,0.4266380026383936
2023-05-03,411.36,413.87,407.77,408.02,397.14,91531800.0,400.1515,331.807,-0.0068768911450648,51.910577685961385,2.198397796375957,2.836366583162845,0,190.92999999999998,-0.0191153125634357,-0.1198738443342932,0,0.5295320608672706,0.1463358538633353,0,1,0,0,0,0,0,0,0,0,0,0,3,2,5,2023,322.227,4.559877630181488,344.99850000000004,542.6778561578983,147.3191438421018,0.3973766224870714,91.75880255079382,-0.13223302682885896,0,180.46999999999997,17.99000000000001,-92.53000000000003,385.19,357.518,84.14091097676067,94.2772187222377,0.3973766224870714,0.7931004174906613,0.879496982818186
2017-04-18,233.72,234.49,233.08,233.87,205.12,83225800.0,205.85,330.6498,-0.0030135121998638,47.36582398494995,-0.1434003374956489,0.0899108490959838,0,-170.60000000000002,-0.0006175044985397,0.2166554102453899,0,0.1072873603659073,0.1292795122863773,0,1,0,0,0,0,0,0,0,0,0,0,18,1,4,2017,309.836,-3.3497012844731904,336.9195,538.852372061488,134.98662793851207,-0.4268173128768197,94.74215032860975,-0.09074441887955875,0,-221.69,29.200000000000017,-123.90999999999997,311.2933333333333,323.398,88.66521095295774,103.46042900549313,-0.4268173128768197,-0.4866318377381684,-0.4217865354661656
2021-01-14,380.59,381.13,378.1,378.46,356.36,49989100.0,351.8995,334.00980000000004,-0.0034954279802018,51.18693805974832,4.221643073405517,4.036708394267685,0,150.90999999999997,-0.0006074040305118,0.1034244519199356,0,0.4398583868414109,0.0610280665735337,1,1,0,0,0,0,0,0,0,0,0,0,14,3,1,2021,321.171,1.1210307396385994,341.8825,542.7734501072689,140.9915498927311,0.6182494548253301,95.5735269540915,-0.399355728632227,0,86.46999999999997,161.36999999999998,113.34999999999997,340.1166666666666,353.58000000000004,93.19181312396756,89.59137877050811,0.6182494548253301,0.29614027877667026,0.6631949022192922
2017-08-22,243.57,245.62,243.55,245.44,216.32,63140100.0,216.8935,334.4178,0.0104633781763825,47.75230840990149,-0.190406374163274,0.197748585864765,0,-210.12,0.0096711737754324,-0.0355828726876708,0,0.1319157357727152,0.0880335984876409,0,1,0,0,0,0,0,0,0,0,0,0,22,1,8,2017,306.71200000000005,-4.601838054787435,332.34250000000003,532.5241451001473,132.16085489985278,-0.3514770385245468,94.93371205448801,0.26307735086248796,0,-162.57999999999998,-159.03000000000003,-144.58999999999997,285.92333333333323,311.556,80.34763365110696,78.37524628350904,-0.3514770385245468,-0.39846085976177636,-0.46123452454122404
2022-05-11,398.07,404.04,391.96,392.75,375.91,142361000.0,404.37,333.9686,-0.0158908843394941,51.623586754756204,-10.240845266837027,-7.434316151401168,0,100.75999999999999,-0.0455858431258955,0.074445346769592,0,0.4828480956988301,0.2507134360067872,0,1,0,0,0,0,0,0,0,0,0,0,11,2,5,2022,325.52000000000004,1.4866380971768205,341.5885,534.8755343582342,148.30146564176582,0.6001874185136897,91.02151528317059,1.2546844240031296,1,158.88,165.2,188.08,338.88333333333327,331.70799999999997,81.23911270645742,84.77888693537251,0.6001874185136897,0.6793517766280412,0.3450803109695537
2023-10-25,421.89,421.92,417.02,417.55,409.37,94223200.0,419.7795,333.81,-0.0143500349119976,52.264840338441765,-3.644725186645303,-2.7145277445332794,0,9.53000000000003,-0.0085249396036016,0.1993147005888178,0,0.5564253672266689,0.1518626342293628,0,1,0,0,0,0,0,0,0,0,0,0,25,2,10,2023,345.566,6.837378113904525,351.619,538.7125972073901,164.52540279260998,0.06314449395289623,86.44733852339125,-0.3381389565962588,0,39.09000000000003,-38.00999999999999,200.46,351.91333333333324,333.61400000000003,93.03863731446462,87.0014398156759,0.06314449395289623,0.10328700523172873,0.02335669820106867
2021-09-08,450.89,451.67,448.86,450.91,427.36,56181900.0,424.2785,337.35799999999995,-0.0012152940076656,53.16419943618912,3.412768650339956,3.428594606393532,0,217.04000000000002,-0.0050343446298933,0.087289898686897,0,0.5959846952238543,0.0737449594362577,0,0,0,0,0,0,0,0,0,0,0,0,8,2,9,2021,350.21000000000004,11.975920214532588,349.064,529.1366297247895,168.99137027521053,0.07989462339839548,91.08621727669785,-0.4037360225507094,0,205.47000000000003,158.92000000000002,46.44,420.40333333333325,377.022,29.184799696631057,78.52581721956562,0.07989462339839548,0.8371496088657107,0.928036943601146
2016-08-30,218.26,218.59,217.35,218.0,188.31,58114500.0,188.363,332.61940000000004,-0.0016435160640441,46.56752985702201,0.6802291966781979,0.9459128896516392,0,-160.45999999999998,0.0013970784184001,-0.1757065736955726,0,0.0703228076347963,0.0777135466902463,0,0,0,0,0,0,0,0,0,0,0,0,30,1,8,2016,349.255,-0.30793498502477346,338.56800000000004,523.439275713674,153.69672428632612,-0.5165332327959016,92.55339542964153,0.03439897903061295,0,-174.75,-190.01999999999998,-9.550000000000011,362.15333333333325,344.93,125.94983141446633,105.83201571358578,-0.5165332327959016,-0.44493952896244426,-0.423981398298367
2021-06-04,420.75,422.92,418.84,422.6,399.23,55938800.0,393.5715,335.4834,0.0091504259245216,52.18073051417673,2.198110470758309,1.986866792452788,0,177.16000000000003,0.0070122411274782,-0.0378404783036457,0,0.5341278916351482,0.0732457544474113,0,0,0,0,0,0,0,0,0,0,0,0,4,4,6,2021,345.959,5.0536966462414386,338.7365,523.9074447267612,153.56555527323877,0.9385321100917432,88.86023913364694,-0.037438160872071524,0,5.050000000000011,188.73000000000002,-32.95999999999998,363.83666666666664,380.362,127.0890004419442,93.08450177124345,0.9385321100917432,0.012094359956891454,0.7218057366362451
2016-06-10,210.46,210.86,209.43,210.07,180.52,113829200.0,179.2465,332.5514,-0.0094924554183812,46.69341141086601,1.2004581289473606,1.0239673666796114,0,-182.68,-0.0075638027641304,0.5426749192607361,0,0.0531928929545254,0.1921234857773808,0,0,0,0,0,0,0,0,0,0,0,0,10,4,6,2016,337.767,-5.437668521783253,334.6235,527.2394720558015,142.0075279441985,-0.5029105537150971,97.72259923431804,1.0348881277396011,1,-240.84000000000003,-168.39,-81.92000000000002,283.5566666666666,343.826,120.48032052303193,119.19564182469371,-0.5029105537150971,-0.5341198908873168,-0.4651304901336728
2018-01-29,285.93,286.43,284.5,284.68,253.44,90118300.0,246.939,330.5964,-0.0066240740014894,48.73167646707743,4.296963007674407,3.909142310282196,0,-132.87,0.0053899143289758,-0.1635817050001345,0,0.2135412085495646,0.1434332366204951,0,1,0,0,0,0,0,0,0,0,0,0,29,0,1,2018,325.433,-6.978412726659532,323.83,501.6711203293586,145.98887967064138,0.35516732517732197,95.63171696670523,-0.20830243909295687,0,66.68,39.24000000000001,-123.33999999999997,305.7833333333333,317.252,107.82515120941174,113.31652337589917,0.35516732517732197,0.3058715596330275,-0.31821338761824935
2018-12-19,255.17,259.4,249.35,251.26,226.61,214992800.0,239.75449999999995,331.4608,-0.0149960879770494,47.8491094024816,-4.137547966797058,-2.699575581946071,0,-199.65000000000003,-0.0357052831280589,0.5982800443965026,0,0.1545430556777201,0.3998625800170564,0,0,0,0,0,0,0,0,0,0,0,0,19,2,12,2018,327.17199999999997,-9.706629765029575,318.504,498.3282460181648,138.6797539818352,-0.11739496979064212,93.92457811102135,1.3856730541965394,1,-171.34000000000003,-141.49,17.389999999999986,248.66999999999993,277.322,37.37237081052235,86.43060291355572,-0.11739496979064212,-0.40544249881684813,-0.44277128473531313
2023-09-28,425.48,430.25,424.87,428.52,420.12,92258300.0,423.2735,331.9828,0.005793631793153,52.73827672135191,-4.124356464120922,-2.291486231998916,0,210.51999999999998,-0.0085009297884084,-0.1188807114792113,0,0.5800642096930249,0.1478277190397932,1,1,0,0,0,0,0,0,0,0,0,0,28,3,9,2023,332.178,0.4311146608437748,326.67449999999997,510.84901338065583,142.49998661934413,0.7054843588314892,98.19866210901257,-0.5708772572848951,1,218.45,10.96999999999997,50.06,321.4866666666666,319.42600000000004,94.18771115879446,100.44774502197993,0.7054843588314892,1.0398914647498452,0.9656880733944952
2024-10-22,581.05,584.5,580.38,583.32,579.62,34183800.0,572.3439999999999,336.85400000000004,-0.0005345472729466,56.56767991171704,6.053619517674406,5.904915459430409,0,160.72000000000003,0.0016664527931559,-0.0618897335272647,0,0.9307986630310492,0.0285719390119766,0,1,0,0,0,0,0,0,0,0,0,0,22,1,10,2024,365.966,16.667229835915894,336.33900000000006,550.6220833173755,122.0559166826246,0.3612433492019045,120.6092539475219,-0.6294772394462069,1,298.64000000000004,132.41000000000003,337.88000000000005,421.0333333333333,351.57,166.15654827099797,153.45030400752114,0.3612433492019045,1.0490375158072225,0.38031235210601055
2015-02-18,209.66,210.22,209.34,210.13,176.01,80652900.0,171.8715,333.0082,5.681818181813014e-05,46.73620432812762,1.3267241011506885,1.024884813884194,0,0.060000000000002274,0.0057645480117423,0.0478730176878243,0,0.0432755739291054,0.1239960712505773,0,1,0,0,0,1,0,0,0,0,0,0,18,2,2,2015,347.704,2.141485357807623,336.612,550.2362938057404,122.98770619425969,-0.6397689090036345,129.59415240580037,1.3593895353939587,1,-41.129999999999995,-7.8700000000000045,-182.62,407.32333333333327,351.582,187.49578137476183,153.4364738906648,-0.6397689090036345,-0.1636949773143357,0.0002856190793545377
2015-06-25,211.1,211.25,209.77,209.86,177.43,97107400.0,176.71300000000002,331.333,-0.0030342192504354,46.729876372576555,0.2375825875399471,0.1586585867673864,0,-74.82,-0.0096160211159446,0.0520013043388767,0,0.0463981000967543,0.1577853287124187,1,1,0,0,0,0,0,0,0,0,0,0,25,3,6,2015,326.93500000000006,-7.109730953886789,336.2505,550.7054565270089,121.79554347299108,-0.0012849188597533479,133.73306333056834,0.2040162226032789,0,-218.65999999999997,-212.74,-207.69,334.43666666666667,336.618,215.53933152288587,164.8185724364845,-0.0012849188597533479,-0.5102678988145244,-0.2628214135169312
2019-03-26,280.99,282.18,279.56,281.12,256.15,68125900.0,259.2255,327.6336,0.0074729596853488,48.7039381654024,2.162438761931753,2.4700687567028177,0,29.860000000000014,-0.012546057003178,-0.2039060381979826,0,0.2195003958131761,0.0982719211260224,1,1,0,0,0,0,0,0,0,0,0,0,26,1,3,2019,309.956,-7.988929141623004,330.08299999999997,543.4274879156744,116.73851208432555,0.33955970647098055,126.84511081542634,-0.29844790407322197,0,-302.20000000000005,71.05000000000001,-169.79000000000002,233.7033333333333,342.59,41.06425980499967,161.4592543027518,0.33955970647098055,-0.5180689844339299,0.11884104115259109
2024-07-23,554.54,556.74,553.28,553.78,548.58,34439600.0,547.9935,327.814,-0.0015834015834016,55.49918584103671,4.445205595547236,5.813460398283126,0,125.25999999999999,0.0021016320957945,-0.2054850772953881,0,0.8625428797607528,0.0290972234058347,0,1,0,0,0,0,0,0,0,0,0,0,23,1,7,2024,343.534,9.296466337986818,346.3945,575.2111880692953,117.57781193070474,0.9699060899260101,143.18851421969737,-0.49447126570071,0,343.65,269.09999999999997,335.78,348.2533333333333,367.642,181.52246399091345,185.98091359061723,0.9699060899260101,1.6354161709417978,0.2923084103425744
2020-05-05,286.64,289.25,283.71,286.19,266.09,79569900.0,261.505,327.7282,0.0092164150800271,48.683133414761656,4.1002809282684325,3.471508226251273,0,-297.13000000000005,-0.01448081799455,-0.0161153509444413,0,0.2413580789867181,0.1217721345869792,0,1,0,0,0,0,0,0,0,0,0,0,5,1,5,2020,329.893,2.5622668230693213,337.92600000000004,562.4515216139165,113.40047838608362,-0.4832063274224421,141.30451302457092,1.3104188201953564,1,76.32999999999998,34.93000000000001,-136.41000000000003,373.69666666666666,308.216,155.97734269223997,142.1405836839033,-0.4832063274224421,0.3637186695892498,-0.5093773571967359
2023-12-14,472.5,473.73,469.25,472.01,462.76,119026000.0,448.703,332.94599999999997,0.0032084634061742,52.999843423929725,7.162712810966752,6.401608188048737,0,261.88,0.0215809038507228,0.2760350779390639,0,0.6738279532060867,0.2027950961683193,0,0,0,0,0,0,0,0,0,0,0,0,14,3,12,2023,356.087,10.055795395958114,346.927,577.7111381984498,116.14286180155028,0.6492889339250147,140.9022997249435,0.4958671557963501,0,190.89,43.49000000000001,261.94,437.3266666666666,360.592,137.12513348519465,145.1784817733008,0.6492889339250147,0.6790338645418326,1.246276114786085
2024-08-27,559.49,562.06,558.32,561.56,556.29,32693900.0,539.6205,335.03020000000004,0.0013680629308947,54.96588281619829,5.041163174652752,2.6485853013080014,0,351.69999999999993,0.0096148795868747,-0.086471669749585,0,0.8794968774738321,0.0255124346397746,0,1,0,0,0,0,0,0,0,0,0,0,27,1,8,2024,383.775,19.907519459614647,354.604,602.5809487996839,106.62705120031606,0.18972055676786503,152.07273963103623,-0.725321358358678,1,7.779999999999973,-21.760000000000105,276.87999999999994,439.9199999999999,430.93199999999996,140.46168623506952,138.95735809952822,0.18972055676786503,0.014048900285311916,1.6758791575335934
2019-11-08,307.8,309.0,307.03,308.94,284.17,49032100.0,278.2495,337.084,0.002469397114333,48.76836314717044,3.0068950280574427,2.474512880300386,0,27.819999999999993,0.0062219365884919,-0.0965538589667288,0,0.281115313571994,0.0590628704635953,0,1,0,0,0,0,0,0,0,0,0,0,8,4,11,2019,389.543,8.839007824211137,358.35749999999996,601.1288173235278,115.58618267647216,-0.44985397820357576,147.51362159701293,0.4997323659765278,0,22.75,98.81,57.68000000000001,447.5033333333333,436.496,128.08063332655897,131.83342872731677,-0.44985397820357576,0.07949264474649698,0.09896129766647688
2018-03-09,275.7,278.87,275.34,278.87,248.27,113625300.0,241.558,337.10339999999997,0.0174166051962954,48.073529098527075,0.4724744590294847,-0.152341599490656,0,-274.90999999999997,0.0219052946335308,0.698404512923535,0,0.2021725745448148,0.1917047778496729,0,0,0,0,0,0,0,0,0,0,0,0,9,4,3,2018,374.57800000000003,-0.5791973894292841,353.37800000000004,598.3709820709179,108.38501792908218,-0.09733281543341743,150.6770686527244,1.3173655625600373,1,-193.14,69.00999999999999,-149.64999999999998,383.1233333333332,381.51399999999995,155.26037560605235,127.9604717481168,-0.09733281543341743,-0.409186246054109,-0.49642457293510056
2018-05-21,273.01,273.98,272.57,273.37,244.34,58025900.0,239.635,336.2932,0.0075045357083951,47.93899085760873,1.581099748494637,1.08388091670214,0,-12.819999999999993,0.0041736608094254,-0.0985287720606512,0,0.1935306535315331,0.0775316069041015,0,1,0,0,0,0,0,0,0,0,0,0,21,0,5,2018,343.58299999999997,-6.8999845215016204,354.7745,597.5993217522275,111.94967824777248,-0.019722451321404266,133.9133831209148,-0.489322360425011,0,-288.18999999999994,-7.75,-309.95000000000005,287.05999999999995,378.95,19.14714861276093,130.45221213149512,-0.019722451321404266,-0.51319538428663,-0.04479541563297107
2017-03-31,235.9,236.51,235.68,235.74,206.76,73733100.0,205.9775,336.1552,-0.0023161551823973,46.97044404104866,0.4113498858643254,0.6247750646767661,0,-236.26999999999998,0.0017992124919312,0.2995387562810749,0,0.1108936581933326,0.1097862864631665,1,1,0,0,0,0,0,0,0,0,0,0,31,4,3,2017,346.14399999999995,-12.982758978951924,346.924,594.4372064678593,99.41079353214067,-0.1376522661594176,131.296936513301,0.27069291471567003,0,-73.19999999999999,-318.03999999999996,25.610000000000014,262.6599999999999,331.696,23.47503567620629,131.10621316322374,-0.1376522661594176,-0.23693921149737807,-0.5005614287832885
2018-01-26,284.25,286.63,283.96,286.58,255.13,107743100.0,246.1905,337.7758,0.0115776535426825,48.484783594142385,4.3224555642551366,3.812187135934143,0,-274.97999999999996,0.0116174776246762,0.2737503147635638,0,0.2172574544814847,0.1796257009866845,0,1,0,0,0,0,0,0,0,0,0,0,26,4,1,2018,353.816,-12.921943562849291,340.3755,586.996523554362,93.75447644563786,0.21566132179519792,124.51502160159019,0.4612582408714676,0,7.7099999999999795,0.38999999999998636,76.71999999999997,265.22999999999996,276.7,26.379368832463697,26.60146330562944,0.21566132179519792,0.02764729085236839,-0.4896716290334069
2016-10-06,215.37,216.04,214.74,215.78,187.33,62927400.0,186.636,337.89660000000003,0.0006944444444445,46.49360200482503,0.0204856348687201,-0.0654142519398666,0,-93.16,2.2793523651309933e-05,-0.1358025708635465,0,0.0681678247867006,0.087596819791106,1,1,0,0,0,0,0,0,0,0,0,0,6,3,10,2016,347.282,-16.746961983283313,328.61899999999997,575.459638218267,81.77836178173297,-0.2470514341545118,130.33214524607683,-0.41594960605365916,0,-57.59,-256.23,-65.34,246.03333333333327,258.068,36.50513023305757,30.686410184327116,-0.2470514341545118,-0.21066686176244653,-0.30154722599857575
2023-05-08,412.97,413.24,411.28,412.74,401.74,50046800.0,400.3515,337.4564,0.0002738839230138,52.35561279265983,1.7318173209102952,2.2698153304036404,0,133.87,0.0117107069119469,-0.4302763990710805,0,0.5396472864807811,0.0611465533191382,0,1,0,0,0,0,0,0,0,0,0,0,8,0,5,2023,333.178,-5.681044607465036,338.35599999999994,582.3212022235983,94.39079777640154,0.912781536750394,111.81945286934655,-0.20468984893702902,0,177.0,-148.81999999999994,-141.03999999999996,305.03333333333325,284.842,99.76825413593488,76.93031275122141,0.912781536750394,0.750827182489183,0.48004446516297916
2015-04-28,210.74,211.5,209.33,211.44,177.9,86863500.0,175.9735,335.8342,0.0031577760234577,46.7217018915342,0.8115837695036703,0.6385902872597939,0,-61.93000000000001,0.0013664064581019,0.0945763570448385,0,0.0474316122790042,0.1367495163502468,0,1,0,0,0,0,0,0,0,0,0,0,28,1,4,2015,325.703,-11.264945376528756,327.798,574.5271193677823,81.06888063221766,-0.4877162378252653,117.65572310299613,0.7356454358720237,1,-75.13999999999999,-97.5,-74.75,279.9866666666666,272.456,114.9882364997937,83.90809543781076,-0.4877162378252653,-0.26219554749110197,-0.22654278084647184
2023-08-23,439.25,443.67,439.1,443.03,432.82,68441000.0,436.218,337.0818,0.0111435579955612,52.98933840183012,-1.834947963508,-0.6153114678990377,0,207.28999999999996,0.0149365565699484,0.051920526137015,0,0.6079910282346731,0.0989189778598172,0,1,0,0,0,0,0,0,0,0,0,0,23,2,8,2023,322.80499999999995,0.6597912862535527,339.44599999999997,584.8360183300072,94.0559816699928,1.0952989027620128,113.95014760362926,-0.21208562860119617,0,227.24999999999997,164.15999999999997,-28.980000000000018,355.7366666666666,313.914,125.878977725959,108.76105681722983,1.0952989027620128,1.0531559922142923,0.8793161958089419
2015-12-29,206.51,207.79,206.47,207.4,177.31,92640700.0,169.65349999999998,337.31880000000007,0.0106589147286821,46.93896187601353,-0.0675048148139865,-0.3405363095866717,0,-79.17999999999998,0.0067376083605005,0.4057790679500273,0,0.0461342246459671,0.1486129760851856,1,1,0,0,0,0,0,0,0,0,0,0,29,1,12,2015,287.389,-6.884904394605426,335.582,586.6674543457293,84.4965456542707,-0.5318601449111797,82.07933742557992,0.35358483949679287,0,-205.34,-65.97,-354.15999999999997,287.2899999999999,298.078,134.88992215877045,119.0168686363438,-0.5318601449111797,-0.4975044822406357,-0.2762928327168678
2016-07-18,215.97,216.6,215.67,216.41,186.93,58725900.0,181.361,333.73800000000006,0.0026819717856567,47.18728165791751,1.997440530278169,1.2673856745292973,0,0.6299999999999955,0.0068908560612268,-0.4519557577126304,0,0.0672882399507432,0.0789690544244326,0,1,0,0,0,0,0,0,0,0,0,0,18,0,7,2016,278.136,-10.609112302124046,333.8395,587.7097687181019,79.96923128189798,0.043442622950819576,84.55803492933767,-0.36608963446951504,0,4.969999999999999,-19.330000000000013,-92.53,288.9466666666666,298.204,133.5161047714188,118.90824416330734,0.043442622950819576,0.023505486189935754,0.0029196403744553567
2021-07-27,439.91,439.94,435.99,439.01,416.09,67397100.0,411.089,336.9342,-0.0045455632909878,53.0351018771876,3.495731351216648,3.253931097486424,0,26.269999999999982,0.008198194144082,0.5415904225145931,0,0.5712023924707537,0.0967753329077119,0,1,0,0,0,0,0,0,0,0,0,0,27,1,7,2021,294.15,1.9115117717671755,334.36400000000003,589.0565604253122,79.67143957468784,1.0286031144586665,98.69480150668744,0.14765546377322436,0,-4.019999999999982,152.43,160.14,287.60666666666657,303.45799999999997,131.19650160477786,125.62493172137731,1.0286031144586665,-0.009073877615511372,0.06364781702766864
2022-09-19,382.26,388.55,382.18,388.55,375.03,73278500.0,355.48400000000004,335.98040000000003,0.0077658945558123,51.63924107664451,-4.497491892925496,-3.1792986813075674,0,177.11,0.0001127653059256,-0.2891435012727386,0,0.4809130090597237,0.1088527669735343,1,1,0,0,0,0,0,0,0,0,0,0,19,0,9,2022,305.668,6.5273220095705895,324.6255,554.1475105763311,95.10348942366892,-0.11494043415867516,102.64224978048755,0.08726488231689489,0,181.15,172.77,115.18,347.98999999999995,338.88,116.71128994231508,117.92607811676206,-0.11494043415867516,0.8734329797492768,0.8376371547483921
2023-09-11,448.24,448.77,446.47,448.45,438.11,60180100.0,433.7455,340.7928,0.0065709362435382,53.21345566498524,0.6395149151424562,0.2517709237315134,0,5.420000000000016,0.0049927469095462,-0.0239962244383283,0,0.6196235376902102,0.0819552489730977,0,0,0,0,0,0,0,0,0,0,0,0,11,0,9,2023,326.939,12.974619968392387,336.5415,565.794736773227,107.28826322677298,0.15416291339595922,108.41848084057344,-0.1787482003589047,0,232.04,35.70999999999998,212.70999999999998,425.3366666666666,339.964,32.20593941080522,119.14143561331073,0.15416291339595922,1.0722240192227717,0.012233934496535204
2023-10-17,432.81,438.14,432.45,436.02,427.47,75324700.0,421.9915,345.17440000000005,-4.678472011032664e-05,52.82915294168966,-1.175895071608636,-2.509569637919489,0,228.61999999999998,0.0054859570516445,-0.0014383587067763,0,0.5962265810537426,0.113054631425108,0,1,0,0,0,0,0,0,0,0,0,0,17,1,10,2023,341.883,15.586377528943546,347.8495,573.2715863602348,122.4274136397652,-0.0277176942802988,112.46119686856944,0.2516546167254623,0,-2.990000000000009,224.57999999999998,149.44,424.3399999999999,385.688,31.61201195746838,97.44081136772522,-0.0277176942802988,-0.006810778797749495,1.102314368370299
2019-02-05,272.44,273.44,271.88,273.1,247.75,79552800.0,239.317,340.59619999999995,0.0042154756596812,47.94199823712331,3.3249486395055783,2.248779895361633,0,56.690000000000026,0.0117262263299688,0.3096232105464171,0,0.2010291142580701,0.121737019797554,0,1,0,0,0,0,0,0,0,0,0,0,5,1,2,2019,347.615,6.017735292466649,347.4485,573.3719519278624,121.52504807213765,-0.373652584743819,106.62929733426937,0.05613165402583742,0,-115.44999999999999,-169.92999999999995,57.32000000000002,385.85666666666657,397.026,97.84771654633774,73.07036355459437,-0.373652584743819,-0.29713035645348085,0.2619564715124072
2018-04-12,265.26,267.0,265.06,265.93,237.69,68890500.0,236.1755,337.3564,0.0082290562036055,47.732718084780934,-1.624285225103364,-2.043310455500141,0,-173.07999999999998,0.0188577480058625,-0.2441260826726297,0,0.1789075556337408,0.0998420245175156,1,1,0,0,0,0,0,0,0,0,0,0,12,3,4,2018,332.93399999999997,-0.757856022155492,333.056,540.4863388995961,125.62566110040379,-0.026254119370194173,106.77292594827385,-0.1340279663317947,0,-182.51999999999998,58.53,-146.81,325.0166666666666,362.40999999999997,96.1985303075492,87.73437154274622,-0.026254119370194173,-0.4070018954175493,-0.3942507004396255
2021-10-08,439.48,439.89,437.19,437.86,416.32,74557400.0,415.118,337.72900000000004,-0.0018461243376728,53.02777063890032,-2.0896411688461853,-2.144860581874835,0,49.31,0.0109639667775993,0.029265228645384,0,0.5717081537514292,0.1114789835931793,1,1,0,0,0,0,0,0,0,0,0,0,8,4,10,2021,355.576,6.003841460415676,340.6395,551.7195769826495,129.5594230173505,0.6465235212273908,102.04911194561626,0.08225952780136603,0,1.8400000000000318,221.45000000000002,226.42000000000002,325.62999999999994,372.27200000000005,97.26012492280242,93.95795267033347,0.6465235212273908,0.004219989908719857,0.1269077338823832
2015-09-22,193.88,194.46,192.56,193.91,164.8,153890900.0,166.6435,335.76059999999995,-0.0129372304743651,45.91939515076518,-1.3873110672641928,-1.737525770433036,0,-254.54,-0.0241058198354831,0.455560684106683,0,0.0186252089013985,0.2743900448134532,1,1,0,0,0,0,0,0,0,0,0,0,22,1,9,2015,330.664,-5.658184052640362,326.73449999999997,538.0060560102718,115.46294398972819,-0.5571415520942767,108.52946719158307,1.0640593690230613,1,-79.19000000000003,-245.1,-249.11999999999998,299.23333333333323,321.364,125.33848025779024,109.95928851170643,-0.5571415520942767,-0.2899670450384475,-0.5675995094213402
2020-09-22,328.57,330.9,325.86,330.3,309.69,63612100.0,315.936,332.3556,0.0101771210490262,49.95831561714853,-1.0721650401835632,0.6693549505550825,0,-105.71999999999997,-0.012461571724724,-0.3603661307903003,0,0.3372328261060778,0.0890028488156356,1,1,0,0,0,0,0,0,0,0,0,0,22,1,9,2020,342.954,-3.9711931621511187,315.17150000000004,497.03627935818565,133.3067206418144,0.7033675416430303,99.61229567121177,-0.5866415752978247,1,64.37,-58.25,122.9,320.68999999999994,300.21999999999997,122.25859765267691,90.915744786042,0.7033675416430303,0.2420561801977965,-0.2424659419292693
2021-02-09,389.61,390.89,389.17,390.25,367.46,35551100.0,359.079,333.005,-0.000679883603927,51.66698861793002,3.7651204671144,3.098430830403099,0,117.14999999999998,0.0104840669227275,-0.0733503279013272,0,0.4642668660392294,0.0313796847184748,0,1,0,0,0,0,0,0,0,0,0,0,9,1,2,2021,360.338,1.1250966768414332,319.237,503.9753953703223,134.49860462967777,0.18150166515289134,89.75582813636382,-0.44112676676292717,0,-47.610000000000014,-58.19999999999999,173.84,304.81999999999994,323.65,100.61943997060975,97.06669433951426,0.18150166515289134,-0.10873338510026043,0.428963749542292
2022-11-30,395.49,407.68,393.48,407.68,393.49,144566700.0,377.824,335.8564,0.0314826465345496,52.178252790472605,5.834461465147456,5.259679433633515,0,141.75,0.0138158524439149,1.7636532211814189,0,0.5215058492391591,0.2552428331433507,0,0,0,0,0,0,0,0,0,0,0,0,30,2,11,2022,357.205,5.375021724642542,325.67749999999995,513.2964981718306,138.05850182816923,0.04466367713004482,87.21544374580577,3.066448014266788,1,213.77,-28.339999999999975,-31.329999999999984,376.0766666666666,352.0,40.59037611715933,96.6935915663528,0.04466367713004482,1.1024186478263114,0.5330350092129508
2020-01-28,325.06,327.85,323.6,326.89,302.16,63834000.0,301.95500000000004,334.5936,0.0104671772063005,49.56133885569298,2.5817465809080886,3.274451933997486,0,-110.97000000000003,-0.0144287461593501,-0.2406364312267658,0,0.3206746415691793,0.0894585196795806,0,1,0,0,0,0,0,0,0,0,0,0,28,1,1,2020,351.039,2.5912519225251502,328.3535,514.4323104298858,142.2746895701142,-0.19817013343799061,86.93234744456319,-0.5584460321775346,1,-3.410000000000025,53.789999999999964,-61.660000000000025,374.9399999999999,329.806,42.51532782419918,83.95580224142154,-0.19817013343799061,-0.010323947926127786,-0.2534371716987165
2020-04-20,282.61,286.79,281.35,281.59,261.82,100109300.0,244.5245,336.13199999999995,-0.017597838730254,48.104502040260265,2.3093622081163687,-1.9879184889728527,0,87.67999999999998,0.0142170117132132,-0.3175209701346015,0,0.2319685108628726,0.1639497197285359,0,1,0,0,0,0,0,0,0,0,0,0,20,0,4,2020,334.35299999999995,-2.1961888316181977,330.646,513.2006887264234,148.09131127357657,-0.1385787267888281,82.0332805160335,0.5682755271485416,1,-108.66000000000003,15.659999999999968,-166.86,338.7199999999999,347.342,63.872010301846025,51.26843639122087,-0.1385787267888281,-0.2784368994234466,0.4521685317930997
2023-06-16,443.02,443.61,438.97,439.46,429.33,114121300.0,414.499,340.57939999999996,-0.0034122562674094,53.260770460615156,6.748729925577777,5.2692158178205375,0,109.15999999999997,0.0101725063938373,0.0346155275781006,0,0.6003166505409446,0.1927233120926504,0,0,0,0,0,0,0,0,0,0,0,0,16,4,6,2023,334.697,4.982314150693767,338.29,525.5658027082017,151.01419729179838,0.5606378067402962,82.512794435503,0.13996701605145567,0,31.779999999999973,1.599999999999966,3.4399999999999977,349.3133333333333,369.174,81.28861318372,63.886472198741984,0.5606378067402962,0.07795329670329654,0.3304874356645473
2019-02-05,272.44,273.44,271.88,273.1,247.75,79552800.0,239.317,337.95200000000006,0.0042154756596812,47.863834016663915,3.3249486395055783,2.248779895361633,0,-117.14999999999998,0.0117262263299688,0.3096232105464171,0,0.2010291142580701,0.121737019797554,0,1,0,0,0,0,0,0,0,0,0,0,5,1,2,2019,334.697,-1.4184269814528196,341.156,522.5053249394693,159.80667506053072,-0.3785554999317343,82.512794435503,-0.3029101491132681,0,-53.789999999999964,79.19000000000003,0.0,331.3833333333332,345.74399999999997,93.69335319718499,74.77819956378102,-0.3785554999317343,-0.16455076631282683,-0.30019218449711715
2021-06-15,425.42,425.46,423.54,424.48,401.0,51508500.0,396.4865,341.89060000000006,-0.0018419873550057,52.57325437163753,2.6510342096162844,2.405058049923332,0,16.80000000000001,0.0020525553806753,0.2160133149190835,0,0.5380200545342597,0.0641481490912354,0,0,0,0,0,0,0,0,0,0,0,0,15,1,6,2021,350.552,4.2858195594371225,341.743,524.088615148819,159.39738485118096,0.5543024533138043,83.06190981564444,-0.35252436117899055,0,142.89000000000004,94.18,158.55,379.01333333333326,349.104,92.02893965124483,78.53973217423558,0.5543024533138043,0.5074398948826311,0.041208791208791284
2018-03-16,274.5,275.39,274.14,274.2,245.09,100343700.0,236.1755,338.2634,0.0011028510742587,47.94332967599341,0.8864917377092638,0.6236338107849362,0,-52.69,1.2149405935746316e-06,0.2026859875588795,0,0.1951798750989533,0.1644310592982011,1,1,0,0,0,0,0,0,0,0,0,0,16,4,3,2018,334.186,-1.982792885233954,344.881,520.1726774864145,169.58932251358542,-0.3540331699962307,80.0152827346822,0.9480998281836979,1,-165.26,-116.05000000000001,-163.66000000000003,323.92666666666656,338.566,87.08347795840756,85.49248259350449,-0.3540331699962307,-0.3760524279797933,-0.1611857199669614
2022-04-20,446.92,447.57,443.48,444.71,425.64,65224400.0,429.0495,341.3178,-0.0007512442482862,53.0007951624904,0.1714819020830305,1.3106627132232167,0,163.12,0.0158046587323545,-0.1618663342799501,0,0.5922024804292373,0.0923137011542498,0,1,0,0,0,0,0,0,0,0,0,0,20,2,4,2022,359.26599999999996,5.049437195641162,344.96500000000003,520.446237116682,169.48376288331804,0.6218453683442742,69.81733598787964,-0.3499900840810135,0,171.60999999999996,37.02999999999997,250.79999999999998,381.12999999999994,371.19,93.15488124622955,89.35115500093228,0.6218453683442742,0.6283778835591356,0.5792819347277958
2021-09-15,444.62,448.41,443.44,447.88,424.49,78792200.0,424.621,342.11499999999995,0.0083376882512233,53.09203766760047,1.5021324506748783,2.470925324592666,0,8.420000000000016,0.0055090788919549,0.0076102566463462,0,0.5896736740258598,0.1201751303918913,0,0,0,0,0,0,0,0,0,0,0,0,15,2,9,2021,371.024,9.358980018326998,356.989,525.9529957979244,188.02500420207554,0.007128240876076664,74.16277131343546,0.20801724508006214,0,23.399999999999977,120.99000000000001,117.57999999999998,388.9299999999999,372.87399999999997,99.3717359212323,91.02321066629447,0.007128240876076664,0.05512627214474164,0.019159878032130484
2018-03-12,279.2,279.91,278.08,278.52,247.95,71924800.0,242.3155,343.008,-0.0012889193217062,47.7576352975715,0.8151956154881077,0.0411658435050966,0,5.419999999999959,0.0209868524039911,-0.3670001311327671,0,0.2014689066760489,0.1060729488188596,0,0,0,0,0,0,0,0,0,0,0,0,12,0,3,2018,359.851,0.7042893117999212,360.0945,520.6847895538862,199.50421044611383,-0.378137000982406,79.19037644253967,-0.08715837354458944,0,4.319999999999993,-3.069999999999993,-111.73000000000002,390.3699999999999,373.95799999999997,96.87790821440733,89.5584313172167,-0.378137000982406,0.015754923413566768,0.01984621017942123
2016-08-05,216.41,218.23,216.41,218.18,188.46,71892200.0,186.816,339.8024,0.0081848820414058,45.98487297596201,1.5034008359014877,1.6927696897817728,0,-206.3,0.0121563112181335,0.5432312629466249,0,0.0706526519482804,0.1060060048343413,0,1,0,0,0,0,0,0,0,0,0,0,5,4,8,2016,340.901,-8.666642132266137,349.053,516.6358035449972,181.4701964550028,-0.2166451242280626,88.58898570238739,-0.00045325117344785504,0,-226.52999999999997,-221.27999999999997,-189.5,314.8599999999999,332.698,119.0838746430394,106.40162743116603,-0.2166451242280626,-0.5093881405859999,-0.4860064078401809
2023-07-20,454.17,455.1,451.44,452.18,441.76,70591600.0,432.7724999999999,343.9372,-0.0066335364619639,53.23468573259786,6.253420957802916,5.7227243476593,0,177.98000000000002,0.0030218255151458,0.0713276482470477,0,0.6276497493183216,0.103335227341566,0,1,0,0,0,0,0,0,0,0,0,0,20,3,7,2023,353.43,0.8085845148873858,352.2345,525.0307421437489,179.43825785625117,1.0725089375744798,95.01404855189705,-0.01809097509882851,0,4.300000000000011,179.07999999999998,125.29000000000002,316.29333333333324,368.294,121.48711262241956,111.58380429076895,1.0725089375744798,0.009600785924801292,0.6490882567469001
2022-06-15,377.36,383.9,372.12,379.2,362.94,125666800.0,382.284,343.6662,0.0142521797451375,50.938382569043675,-7.329341039009421,-4.6078416625693945,0,-65.50999999999999,-0.0267369593734161,0.2081975314339335,0,0.4543275573929105,0.2164319554440552,0,0,0,0,0,0,0,0,0,0,0,0,15,2,6,2022,363.191,2.0069215385330494,348.772,516.4160539476457,181.12794605235433,-0.1613959042859039,91.77227909341703,0.7801948107140226,1,100.68,-45.28000000000003,97.61000000000001,349.85333333333324,355.192,119.72852681517658,103.95312078047797,-0.1613959042859039,0.3614821197759588,-0.147309482584156
2022-04-04,453.13,456.91,452.26,456.8,437.21,59601000.0,429.252,344.4512,0.0085582468281428,53.247681872583854,5.530120383009319,3.8249653974121776,0,8.920000000000016,-0.0039938903829312,-0.3306928335923673,0,0.6176444718093059,0.0807660691744923,1,1,0,0,0,0,0,0,0,0,0,0,4,0,4,2022,364.925,7.559735326743884,349.81100000000004,519.8456370478707,179.77636295212935,0.20464135021097052,93.52063221557064,-0.5257219886238848,1,238.62,182.60000000000002,17.340000000000032,429.39333333333326,356.976,43.53003713911197,105.99789186583213,0.20464135021097052,1.0936841140342834,0.019916048941680753
2021-03-26,390.93,396.41,390.29,395.98,374.08,114409100.0,379.7835,343.35259999999994,0.0161075648512833,51.2130385618398,2.0229100506434747,2.0432757825670347,0,117.46000000000004,0.0166525223170403,-0.0148068606699813,0,0.4788239950743248,0.1933143083731523,1,1,0,0,0,0,0,0,0,0,0,0,26,4,3,2021,377.213,6.699891924754928,355.955,523.3174290574233,188.59257094257669,-0.13314360770577927,88.02626553099572,0.9195835640341605,1,-56.19999999999999,-48.72999999999996,122.88,410.6599999999999,380.468,40.829729364754954,96.88757670620426,-0.13314360770577927,-0.12428678844707852,0.4217291397386185
2019-08-09,292.58,293.24,289.65,291.62,267.01,93730000.0,271.362,344.825,-0.0068070227644695,47.835427946122046,-1.1283915812959435,-0.0120677948257492,0,73.44,0.0134087300450344,0.0685877608908052,0,0.2433811241094202,0.1508498497764666,0,1,0,0,0,0,0,0,0,0,0,0,9,4,8,2019,363.927,-0.9280978498470596,357.2395,522.1954978266963,192.28350217330373,-0.2635486640739432,90.10143987627391,-0.18074698603520178,0,-87.57999999999998,-156.26,-132.86,381.4666666666665,395.156,83.54092250707116,67.13176505947536,-0.2635486640739432,-0.23095991561181428,0.33660280502337514
2023-05-15,412.22,413.43,410.23,413.01,402.0,54289400.0,400.491,344.6332,0.0034446607757974,51.81616866459896,1.5373146721527746,1.802374040754364,0,-39.170000000000016,0.0004063683861138,-0.2292750932006803,0,0.5402190166241534,0.0698587173902195,0,1,0,0,0,0,0,0,0,0,0,0,15,0,5,2023,377.808,2.0105941081939847,355.99699999999996,518.8664038915874,193.1275961084125,0.41626088745627876,85.30716392998778,-0.42078950176037555,0,-43.79000000000002,134.49,138.81,366.8699999999999,387.322,65.72234855815131,60.80063009542422,0.41626088745627876,-0.09586252189141864,-0.0866247954354461
2015-09-17,200.02,202.89,199.28,199.73,168.86,276046600.0,165.8705,344.4264,-0.0023042836041358,45.27837804677669,-1.434786424300313,-2.2493276926491603,0,-179.47,0.018888017865422,1.772064317102758,0,0.0275529949863664,0.5252363420410483,0,0,0,0,0,0,0,0,0,0,0,0,17,3,9,2015,353.31000000000006,-9.944213723317842,356.288,518.0147446775611,194.56125532243888,-0.516403961163168,98.16663067345135,4.084723721389443,1,-196.25000000000003,-18.450000000000017,-244.98,301.45333333333326,351.428,106.97948603976594,104.24701659999987,-0.516403961163168,-0.4956058386787212,-0.473285864978903
2018-12-03,280.28,280.4,277.51,279.3,251.9,103176300.0,245.7785,344.31879999999995,0.0132335786975583,47.91855273643625,-0.4248806462649099,-1.6177175184211496,0,-177.5,0.017163880258662,0.0506302174448751,0,0.2101548069311285,0.170247793364044,0,0,0,0,0,0,0,0,0,0,0,0,3,0,12,2018,336.452,-11.895620183385663,353.73799999999994,518.6012316315589,188.87476836844095,0.3983878235618086,94.52939575720474,-0.6262359326287663,1,-12.319999999999993,-172.88,-168.57999999999998,297.3466666666666,315.928,107.77917810659198,88.41337834287685,0.3983878235618086,-0.042246759481517016,-0.38857267950963226
2016-10-06,215.37,216.04,214.74,215.78,187.33,62927400.0,186.636,343.60920000000004,0.0006944444444445,46.01013677198201,0.0204856348687201,-0.0654142519398666,0,-180.20000000000002,2.2793523651309933e-05,-0.1358025708635465,0,0.0681678247867006,0.087596819791106,1,1,0,0,0,0,0,0,0,0,0,0,6,3,10,2016,330.178,-16.579349501773667,345.0145,519.4144542975891,170.61454570241088,-0.22742570712495525,100.6833563206949,-0.3900983074601435,0,-197.23,-163.42,-62.73999999999998,231.60333333333324,279.88800000000003,42.07885019023787,84.25347630810687,-0.22742570712495525,-0.477542916636401,-0.45507348856002827
2021-04-21,411.51,416.29,411.36,416.07,393.06,66793000.0,383.178,343.3602,0.0094768472147315,52.44186420328064,6.245650007239135,5.90445112204635,0,124.44999999999999,-0.002761711009139,-0.1839764061388997,0,0.5205602955405049,0.0955348156976661,0,1,0,0,0,0,0,0,0,0,0,0,21,2,4,2021,349.967,-5.856591440590867,345.434,520.4740639168107,170.39393608318935,0.9282139215868013,95.54061533656201,0.061429520367916046,0,216.34,-40.73000000000002,197.89,303.7166666666666,304.778,102.35307144063864,104.52862033912386,0.9282139215868013,1.0831622690632354,0.4267539949249022
2024-12-16,606,607.78,605.21,606.79,602.94,43695200.0,597.0699999999999,343.8296000000001,0.0042639661547687,57.619198677089656,5.0091418555272185,5.483578106657404,0,193.77999999999997,-0.0010882007776847,0.216977164549488,0,0.9820784589673676,0.0481035652189448,0,0,0,0,0,0,0,0,0,0,0,0,16,0,12,2024,365.428,13.363163054586956,359.429,567.8713172870639,150.9866827129361,0.45838440647006506,122.5979034441002,-0.3458116868534128,0,327.48999999999995,210.80999999999995,154.60999999999996,412.87999999999994,343.534,195.52451789992762,170.06754137695015,0.45838440647006506,1.1725384890798423,0.46918960799980614
2019-05-30,279.11,280.04,277.81,279.03,254.24,62523800.0,260.118,345.2076,0.002721356734372,47.95696591625528,-1.9244341665974505,-1.0672873377504497,0,79.29999999999998,-0.0132922958491601,-0.4043815117997121,0,0.2153003782214794,0.0867680286208122,0,0,0,0,0,0,0,0,0,0,0,0,30,3,5,2019,355.411,3.782499322767586,359.301,567.9374109066321,150.66458909336797,-0.5401539247515614,125.40767161098603,0.4309077427268899,0,63.24999999999997,-12.590000000000032,-100.17000000000002,433.9633333333333,359.394,164.6110048974018,156.4571443878503,-0.5401539247515614,0.29312262489572705,0.39703599859810734
2023-09-18,443.05,444.97,442.56,443.63,434.93,55752200.0,423.2735,349.88300000000004,0.0005751357320327,52.284388784600836,0.3865813717733886,0.4933058265001927,0,164.32999999999998,-0.0114708663589714,-0.5011497708511168,0,0.6126308382443486,0.0728625720084201,1,1,0,0,0,0,0,0,0,0,0,0,18,0,9,2023,354.094,8.06516950339232,359.5095,568.4739971257104,150.54500287428965,0.5899007275203385,124.28876530975052,-0.10830435770058766,0,27.560000000000002,30.620000000000005,-13.170000000000016,443.1499999999999,392.26000000000005,163.88052721418464,152.63939301504246,0.5899007275203385,0.06623885403898377,0.5883637665592552
2019-04-16,290.95,291.01,289.5,290.16,264.38,52153200.0,259.927,350.06380000000007,0.000643427576549,48.255443366544306,2.921033628578641,2.7910646189236523,0,74.38000000000002,0.0067404464810207,0.0515457681660271,0,0.2375978538130002,0.0654720382574604,0,1,0,0,0,0,0,0,0,0,0,0,16,1,4,2019,343.512,0.49573767208393793,360.3625,568.0444706065045,152.6805293934955,-0.3459414376845569,124.82993175605857,-0.06455350640871571,0,-316.62999999999994,90.43000000000004,-105.82,337.60666666666657,407.13599999999997,91.98738844718042,133.57383718378603,-0.3459414376845569,-0.5218114998599186,0.34470293817777375
2024-10-30,581.29,583.32,579.29,580.01,576.33,41435800.0,575.0195,350.5884,-0.0030272626626072,55.26654532107759,3.930081502878125,4.819277013935756,0,163.94,0.0016777650033664,-0.0341237817513875,0,0.9235640777552996,0.0434638953226073,0,1,0,0,0,0,0,0,0,0,0,0,30,2,10,2024,372.351,14.18495687477313,368.139,595.5520585432615,140.72594145673847,0.9989316239316237,143.43571997781999,-0.20549841620456655,0,300.98,300.71,288.39,437.9333333333332,439.924,145.00894673547717,154.75643663512201,0.9989316239316237,1.0786653764828156,0.3940202369793544
2024-03-04,512.03,514.2,512.0,512.3,504.29,49799300.0,494.206,355.1106,-0.0010894540844622,53.44478540317732,6.631837725075741,6.354618823514272,0,-94.49000000000001,0.0118997677675717,-0.3516214249165754,0,0.7651508487993666,0.0606383129458782,0,0,0,0,0,0,0,0,0,0,0,0,4,0,3,2024,382.28,17.63010094541149,380.044,611.4340489130868,148.65395108691308,-0.1167393665626455,149.85584547231468,0.20184236819368762,0,68.66999999999996,296.52,99.28999999999996,460.82333333333327,421.026,151.62665014215824,133.610039031506,-0.1167393665626455,0.15479115479115468,-0.1557210896685839
