Date,daily_return,Volume_Ratio_lag_5,Volume_Change,ADX_14,Stoch_Oscillator,Volume,RSI_14_lag_3,Volatility_10d,Volume_Ratio,return_1d,momentum_3d,Volume_Ratio_lag_3,return_3d,rolling_return_5d,momentum_10d,momentum_7d,RSI_14,Volume_SMA_5,Price_Change,day,MACD_diff_lag_5,MACD_diff,MACD,rolling_std_5d,Volume_Ratio_lag_1,Volume_lag_1,volume_change,Open,RSI_14_lag_5,ATR_14,momentum_5d,Volume_lag_5,MACD_diff_lag_3,Volume_lag_3,month,weekday,SMA_50_was_imputed,target
2015-12-15,0.010496404546509,0.7680211073482393,-0.1552516322596351,14.63626659477403,45.972850678733096,154069600.0,51.91738533512453,2.450840218736675,0.9324457716043593,0.010497782158698898,-0.8400000000000034,0.857870752454259,-0.0038086362159869,-0.0092776032858177,-5.650000000000006,-4.590000000000003,51.051543378698014,165231700.0,0.0104977821586988,15,1.014065883321023,-0.1568117192539158,-0.467121014358554,1.721171112934589,1.1759787367854464,182385200.0,-0.1552516322596351,204.7,53.44809458079717,3.797930855884233,-1.9199999999999875,103372400.0,0.46666880810405864,116128900.0,12,1,0,1
2015-12-16,0.0146341463414634,1.1170227327158493,0.2787532387959728,13.660545158883071,73.1221719457014,197017000.0,46.392716624473515,2.3982067374509253,1.1444176984899637,0.014632005072428456,6.150000000000006,1.5190068179804093,0.0302013674642969,0.0131002240187005,-0.5,-0.3199999999999932,55.14441019074439,172154800.0,0.0146320050724284,16,0.6825188660694487,0.040596702991519185,-0.2873063899384078,2.4367129498569,0.9324457716043593,154069600.0,0.2787532387959728,206.37,51.200599836556776,3.7830786518925,2.6899999999999977,162401500.0,0.04513110644358986,211173300.0,12,2,0,0
2015-12-17,-0.0152714932126697,0.857870752454259,-0.1214336833877279,12.733008869860525,44.434389140271676,173092500.0,47.91848632226863,2.421909485417448,0.9430391650075142,-0.01523818679998068,1.960000000000008,1.1759787367854464,0.0098590576753027,-0.004906008646233,-0.75,-2.089999999999975,50.35326898133172,183547520.0,-0.0152381867999806,17,0.46666880810405864,-0.04671779485089678,-0.3585364546811718,2.360497828848901,1.1444176984899637,197017000.0,-0.1214336833877279,208.4,51.91738533512453,3.772858748185892,-1.009999999999991,116128900.0,-0.16360628976815517,182385200.0,12,3,0,1
2015-12-29,0.0106589147286821,1.5190068179804093,0.3535848394967928,11.871725172911017,67.4208144796381,92640700.0,51.051543378698014,82.07933742557992,0.5795803329558749,0.01239871131504433,2.3700000000000045,0.9324457716043593,0.0067376083605005,-0.2762928327168678,-354.16,-65.97,53.81577304280315,159841000.0,-0.5318601449111797,29,0.04513110644358986,0.056591406955824985,-0.0675048148139865,2.0795263883875164,0.9430391650075142,173092500.0,0.4057790679500273,206.51,46.392716624473515,3.7126545518868985,5.52000000000001,211173300.0,-0.1568117192539158,154069600.0,12,1,1,0
2016-03-02,0.0044872173348289,1.1759787367854464,-0.277748824574382,12.928064705774743,12.727272727272727,102415000.0,55.14441019074439,2.452361446986429,0.7119719457401116,-0.04050144648023146,-9.030000000000001,1.1444176984899637,0.0201404019260198,0.0300207039337474,6.1200000000000045,4.219999999999999,43.108225081517595,143846960.0,0.0044924536873454,2,-0.16360628976815517,-0.42433001379014823,1.084595004960363,3.566122544164778,0.5795803329558749,92640700.0,-0.277748824574382,197.74,47.91848632226863,4.172464941037835,-3.9000000000000057,182385200.0,0.040596702991519185,197017000.0,3,2,0,1
2016-03-03,0.0039381649326986,0.9324457716043593,-0.0707201093589806,13.708892009752978,19.88993710691825,95172200.0,50.35326898133172,2.7733285256365976,0.7206331187662549,0.003919597989949786,-5.0800000000000125,0.9430391650075142,0.0319327547596717,0.0216835430091031,7.689999999999998,7.460000000000008,44.21809927565494,132067480.0,0.0039195979899497,3,-0.1568117192539158,-0.6594118869829296,1.3841855114376074,4.218291123192023,0.7119719457401116,102415000.0,-0.0707201093589806,198.79,51.051543378698014,3.9951460166779893,-5.25,154069600.0,-0.04671779485089678,173092500.0,3,3,0,1
2016-03-04,0.0032201405152223,1.1444176984899637,0.3585227618989579,14.013613899842882,25.000000000000057,129293600.0,53.81577304280315,2.9231240898126227,1.0908753421282655,0.003253578936830648,-6.969999999999999,0.5795803329558749,0.0116455227827498,0.027371982162079,8.430000000000007,7.230000000000018,45.17790499984724,118522800.0,0.0032535789368306,4,0.040596702991519185,-0.7348762774462837,1.6470078682338851,3.6503671048267323,0.7206331187662549,95172200.0,0.3585227618989579,200.01,55.14441019074439,3.875492729772418,-7.599999999999994,197017000.0,0.056591406955824985,92640700.0,3,4,0,1
2016-03-07,0.0008170411438577,0.9430391650075142,-0.2248726928479059,14.296569940640651,26.76282051282056,100219000.0,43.108225081517595,3.179845558793089,0.9641253664088136,0.0007982836900664037,1.5900000000000034,0.7119719457401116,0.0079753465917786,0.0363194874974168,5.810000000000002,5.050000000000011,45.42682543665474,103948100.0,0.0007982836900664,7,-0.04671779485089678,-0.7359352775764088,1.8453215908721745,3.3901843607687967,1.0908753421282655,129293600.0,-0.2248726928479059,199.34,50.35326898133172,3.728671820502959,-4.27000000000001,173092500.0,-0.42433001379014823,102415000.0,3,0,0,0
2016-03-08,-0.0109044259140475,0.5795803329558749,0.2370398826569812,14.768202733250783,10.061242344706955,123974900.0,44.21809927565494,2.7939975343977124,1.12484659520751,-0.010917792512089353,-1.3799999999999955,0.7206331187662549,-0.0068672442549674,0.0014638332239664,6.0800000000000125,3.3100000000000023,42.577181175782954,110214940.0,-0.0109177925120893,8,0.056591406955824985,-0.838597070590418,1.8304924950375607,0.9345319684215154,0.9641253664088136,100219000.0,0.2370398826569812,199.32,53.81577304280315,3.6323381190384616,-9.0,92640700.0,-0.6594118869829296,95172200.0,3,1,0,1
2016-03-09,0.0048932908855086,0.7119719457401116,-0.2353194073961745,15.206147469245906,18.63517060367449,94801200.0,45.17790499984724,2.428757341156255,0.8721989015217102,0.0049395161290322065,-1.0500000000000114,1.0908753421282655,-0.0051940938846811,0.0019095477386934,6.180000000000007,5.819999999999993,44.26216222598407,108692180.0,0.0049395161290322,9,-0.42433001379014823,-0.7953464983238696,1.8642247704373744,0.8835326819092623,1.12484659520751,123974900.0,-0.2353194073961745,199.36,43.108225081517595,3.472171110535714,0.37999999999999545,102415000.0,-0.7348762774462837,129293600.0,3,2,0,1
2016-03-10,0.0008213552361397,0.7206331187662549,0.6543957249486294,15.1946147007293,20.39180765805872,156838700.0,45.42682543665474,2.307132900857759,1.2959147115136416,0.0008024877119068297,-1.0500000000000114,0.9641253664088136,-0.005189779792399,-0.0012013214535989,4.0,1.4299999999999784,44.54825331720927,121025480.0,0.0008024877119068,10,-0.6594118869829296,-0.7134258775368523,1.8805765557740983,0.8857031105295863,0.8721989015217102,94801200.0,0.6543957249486294,199.96,44.21809927565494,3.4877303169260196,-0.2400000000000091,95172200.0,-0.7359352775764088,100219000.0,3,3,0,1
2016-03-11,0.0161205228911425,1.0908753421282655,-0.1203414718433651,14.639904895207392,49.065004452359716,137964500.0,42.577181175782954,2.3631534957430183,1.1238586030622764,0.016137115365340238,4.359999999999985,1.12484659520751,0.0218351690127909,0.0116250062365912,7.6699999999999875,3.759999999999991,50.099375313392564,122759660.0,0.0161371153653402,11,-0.7348762774462837,-0.41465394064141714,2.091329931114558,1.6607167127483489,1.2959147115136416,156838700.0,-0.1203414718433651,201.26,45.17790499984724,3.473606722859875,2.329999999999984,129293600.0,-0.838597070590418,123974900.0,3,4,0,0
2016-03-14,-0.0012691819545401,0.9641253664088136,-0.4664424543995012,14.05317930212606,46.74977738201251,73612000.0,44.26216222598407,1.5689023055762066,0.6268144640426382,-0.0012823042020121411,3.1200000000000045,0.8721989015217102,0.0156726961727421,0.0095219103644248,8.939999999999998,2.719999999999999,49.66702493111025,117438260.0,-0.0012823042020121,14,-0.7359352775764088,-0.21676630842550992,2.2150674197019384,1.9806766520564651,1.1238586030622764,137964500.0,-0.4664424543995012,202.16,45.42682543665474,3.3162062426555967,1.9099999999999966,100219000.0,-0.7953464983238696,94801200.0,3,0,0,0
2016-03-15,-0.0016173752310536,1.12484659520751,0.2656781503015812,13.712306480455897,43.81121994657161,93169100.0,44.54825331720927,1.5363611409930285,0.8372711007026603,-0.0016296296296296475,2.6299999999999955,1.2959147115136416,0.0132339657055486,0.019002016129032,4.059999999999974,1.739999999999981,49.08799092584717,111277100.0,-0.0016296296296296,15,-0.838597070590418,-0.09645778280659356,2.2644336296242216,1.6664333169981516,0.6268144640426382,73612000.0,0.2656781503015812,201.36,42.577181175782954,3.185048653894482,3.769999999999982,123974900.0,-0.7134258775368523,156838700.0,3,1,0,1
2016-03-16,0.0057856977551493,0.8721989015217102,0.3878335199116445,12.961775229943028,54.22974176313454,129303200.0,50.099375313392564,1.6854372990077977,1.09414397833767,0.005787208784686193,0.5800000000000125,1.1238586030622764,0.0028991405695555,0.019861570869696,4.340000000000003,2.75,51.25768584912363,118177500.0,0.0057872087846861,16,-0.7953464983238696,0.0648652325659913,2.357077427943665,1.4734720899974045,0.8372711007026603,93169100.0,0.3878335199116445,201.6,44.26216222598407,3.119688035759161,3.960000000000008,94801200.0,-0.41465394064141714,137964500.0,3,2,0,1
2016-03-17,0.0063276576161988,1.2959147115136416,0.0384777793589021,12.259843573671915,65.71682991985755,134278500.0,49.66702493111025,1.9994232501726807,1.1813483181258406,0.00634405429330176,2.1299999999999955,0.6268144640426382,0.0104959801402945,0.0255086699408639,4.849999999999994,6.22999999999999,53.60534435996099,113665460.0,0.0063440542933017,17,-0.7134258775368523,0.2509487951661973,2.490549606935332,0.9665660867220277,1.09414397833767,129303200.0,0.0384777793589021,203.24,44.54825331720927,3.0725674617763623,5.090000000000003,156838700.0,-0.21676630842550992,73612000.0,3,3,0,1
2016-03-21,0.0014234470193019,1.1238586030622764,-0.1239088910512847,11.608049892848738,70.39848197343447,72926700.0,49.08799092584717,109.07245716596954,0.7245005111372281,0.00019547475932157887,2.5,0.8372711007026603,0.0053676564625395,-0.2998665891287244,-3.160000000000025,-223.25000000000003,53.679843928732765,100657900.0,-0.4752454939363638,21,-0.41465394064141714,0.3624529383991233,2.759203447303662,1.1654484115571389,1.1813483181258406,134278500.0,-0.4729678750964787,204.07,50.099375313392564,2.934526928792335,1.9099999999999966,137964500.0,-0.09645778280659356,93169100.0,3,0,1,1
2016-04-04,-0.0032056689724987,0.6268144640426382,-0.4589599611455254,11.67507866248617,91.64969450101839,63497000.0,51.25768584912363,112.4970256446317,0.643757939633943,0.007719743978111149,2.9099999999999966,1.09414397833767,0.0011601336250127,-0.5574888969941427,-1.789999999999992,-196.17,56.64154601132994,98634900.0,-0.5490324696621843,4,-0.21676630842550992,0.5188200136919308,2.477074993783731,1.53851226839467,0.7245005111372281,72926700.0,-0.4450702871350728,206.83,49.66702493111025,2.8963464338785974,3.75,73612000.0,0.0648652325659913,129303200.0,4,0,1,1
2016-05-27,0.0043359831007838,0.8372711007026603,0.1615482437812836,12.581319828217858,99.9222999223,64211200.0,53.60534435996099,2.209997737554695,0.691608184627607,0.019345454545454555,5.610000000000014,1.1813483181258406,0.0113877862125659,0.023115480072023,5.480000000000018,5.3300000000000125,63.06426088774609,92843320.0,0.0042992261392948,27,-0.09645778280659356,0.8477273592320855,0.5764799489629695,2.674421432758987,0.643757939633943,63497000.0,0.1615482437812836,209.53,49.08799092584717,2.9751788314586975,8.070000000000022,93169100.0,0.2509487951661973,134278500.0,5,4,0,0
2016-05-31,-0.0019372336303757,1.09414397833767,0.7112186036080932,13.52945375193614,93.61382419233664,109879400.0,53.679843928732765,2.4073408566293266,1.235175119741147,-0.0019025875190259445,5.170000000000016,0.7245005111372281,0.0026767743814399,0.0225622533014959,3.0600000000000023,5.640000000000015,62.071580510032916,88958560.0,-0.0019025875190259,31,0.0648652325659913,0.9854460506671022,0.6981410306559042,2.742814248176564,0.691608184627607,64211200.0,0.7112186036080932,210.56,51.25768584912363,2.8705232006402186,6.5,129303200.0,0.3624529383991233,72926700.0,5,1,0,1
2016-06-01,0.0020519077196095,1.1813483181258406,-0.3635185485177385,14.285676174393942,96.84447783621346,69936200.0,56.64154601132994,2.448515423225776,0.9191235127828719,0.002049180327868827,4.02000000000001,0.643757939633943,0.0044506571900175,0.0115456775869533,5.420000000000016,4.780000000000001,62.750379407597244,76090100.0,0.0020491803278688,1,0.2509487951661973,1.0468345863583253,0.8150191883280797,2.6165301450585488,1.235175119741147,109879400.0,-0.3635185485177385,209.12,53.60534435996099,2.779057257737346,5.640000000000015,134278500.0,0.5188200136919308,63497000.0,6,2,0,1
2016-06-02,0.0030438873208258,0.7245005111372281,-0.0985398120000801,15.11018697557382,99.85239852398516,63044700.0,63.06426088774609,2.433494286913588,0.850648395640752,0.00304370571170387,0.6699999999999875,0.691608184627607,0.0031585614100595,0.007788608562691,6.0,5.699999999999989,63.78913060274728,74113700.0,0.0030437057117038,2,0.3624529383991233,1.068178532336034,0.9411770703979982,1.8578670566000484,0.9191235127828719,69936200.0,-0.0985398120000801,209.8,53.679843928732765,2.70126745361325,6.240000000000009,72926700.0,0.8477273592320855,64211200.0,6,3,0,0
2016-06-03,-0.0029794747296403,0.643757939633943,0.6140468588160464,15.695082985144836,95.20295202952025,101757100.0,62.071580510032916,2.0313216824949936,1.2444958596340863,-0.0029870560902754972,0.4399999999999977,1.235175119741147,0.002116320310795,0.004490302856597,6.0800000000000125,2.4099999999999966,61.9575371283954,81765720.0,-0.0029870560902754,3,0.5188200136919308,0.9798213923626573,0.986216128197526,0.38349706648091564,0.850648395640752,63044700.0,0.6140468588160464,210.25,56.64154601132994,2.654748349783731,4.030000000000001,63497000.0,0.9854460506671022,109879400.0,6,4,0,1
2016-06-06,0.0050913115661317,0.691608184627607,-0.3623344218732648,16.55582849243356,97.0813064628213,64887000.0,62.750379407597244,1.7761784820215594,0.792262549559907,0.005088453490583955,1.079999999999984,0.9191235127828719,0.0051557241573172,0.0052796803652968,5.859999999999985,2.069999999999993,63.85576918377052,81900880.0,0.0050884534905839,6,0.8477273592320855,0.9335943815983725,1.0836545224484553,0.5964478183373613,1.2444958596340863,101757100.0,-0.3623344218732648,210.7,63.06426088774609,2.5715520390848936,1.1099999999999852,64211200.0,1.0468345863583253,69936200.0,6,0,0,1
2016-06-07,0.0015416804316705,1.235175119741147,-0.0602925085148026,17.519732581631605,94.85179407176288,60974800.0,63.78913060274728,1.1098568476242805,0.845463585947635,0.0015613910574876488,0.7700000000000102,0.850648395640752,0.0036535172681619,0.0087685855890202,6.469999999999999,2.3400000000000034,64.44501435309093,72119960.0,0.0015613910574876,7,0.9854460506671022,0.8668440942493851,1.1699819877738378,0.6309278881134405,0.792262549559907,64887000.0,-0.0602925085148026,211.53,62.071580510032916,2.4585840362931157,1.8400000000000034,109879400.0,1.068178532336034,63044700.0,6,1,0,1
2016-06-08,0.0032985156679494,0.9191235127828719,0.0852171716840399,18.468409547729372,98.69224062772444,66170900.0,61.9575371283954,1.010337677322984,0.9271931385558291,0.0032596371882085418,2.0900000000000034,1.2444958596340863,0.0099315076657517,0.0099871593665288,4.5,2.1299999999999955,65.70399879656895,71366900.0,0.0032596371882085,8,1.0468345863583253,0.8117280210405606,1.2721475861025908,0.787826122947913,0.845463585947635,60974800.0,0.0852171716840399,211.84,62.750379407597244,2.3429708908436075,2.0999999999999943,69936200.0,0.9798213923626573,101757100.0,6,2,0,0
2016-06-09,-0.0013698630136986,0.850648395640752,0.1150959107402196,19.058695728259003,96.1639058413252,73786900.0,63.85576918377052,1.0053987600264849,1.0036939229281943,-0.001365541272307702,0.7300000000000182,0.792262549559907,0.0034703330859213,0.0055473898819402,2.800000000000012,2.240000000000009,64.66756878458455,73515340.0,-0.0013655412723077,9,1.068178532336034,0.7024019205982388,1.3177514299658242,0.8097962706749475,0.9271931385558291,66170900.0,0.1150959107402196,211.51,63.78913060274728,2.2599015414976362,1.170000000000016,63044700.0,0.9335943815983725,64887000.0,6,3,0,0
2016-06-10,-0.0094924554183812,1.2444958596340863,0.5426749192607361,18.65197796945122,77.6663628076571,113829200.0,64.44501435309093,0.9063289812305108,1.4991381508383537,-0.009477555639381463,-1.6100000000000136,0.845463585947635,-0.0075638027641304,-0.0009986684420772,0.7299999999999898,-0.200000000000017,57.85554844136904,75929760.0,-0.0094775556393814,10,0.9798213923626573,0.45346178232202083,1.2004581289473606,0.8933924109813535,1.0036939229281943,73786900.0,0.5426749192607361,210.46,61.9575371283954,2.2877657171049486,-0.21000000000000796,101757100.0,0.8668440942493851,60974800.0,6,4,0,0
2016-06-13,-0.0076999778417904,0.792262549559907,0.0344551310208627,17.746653672835272,58.256410256410035,117751200.0,65.70399879656895,1.1865730300119417,1.3612446331092938,-0.007711715142571518,-3.920000000000016,0.9271931385558291,-0.0185622962738704,-0.0137213153536787,-1.7900000000000205,-2.460000000000008,53.00889676340713,86502600.0,-0.0077117151425715,13,0.9335943815983725,0.15391948106846298,0.9839980426343402,1.646860649842403,1.4991381508383537,113829200.0,0.0344551310208627,209.36,63.85576918377052,2.2686395944545956,-2.9000000000000057,64887000.0,0.8117280210405606,66170900.0,6,0,0,0
2016-06-14,-0.0020097136158097,0.845463585947635,0.0620639110259597,16.695648300579073,48.62385321100896,125059300.0,64.66756878458455,1.44497597057936,1.2591615946516042,-0.001966898536819417,-4.0400000000000205,1.0036939229281943,-0.0192021468759814,-0.0171957671957673,-1.8000000000000114,-2.240000000000009,51.82559738531525,99319500.0,-0.0019668985368194,14,0.8668440942493851,-0.08476821362328946,0.7744752052935553,1.9992673658117102,1.3612446331092938,117751200.0,0.0620639110259597,208.0,64.44501435309093,2.236593909136412,-3.640000000000015,60974800.0,0.7024019205982388,73786900.0,6,1,0,0
2016-06-15,-0.0013425071320691,0.9271931385558291,-0.1274179529231333,15.567480262858334,28.054298642534043,109124500.0,57.85554844136904,1.6969960387554903,1.011252687650901,-0.0013939626994807774,-2.319999999999993,1.4991381508383537,-0.0110521985896693,-0.0217544850967651,-2.5200000000000102,-3.5999999999999943,50.959101593341835,107910220.0,-0.0013939626994807,15,0.8117280210405606,-0.26494969293943127,0.582347908741184,1.804957063201268,1.2591615946516042,125059300.0,-0.1274179529231333,208.04,65.70399879656895,2.2075514870552406,-4.6200000000000045,66170900.0,0.45346178232202083,113829200.0,6,2,0,1
2016-06-16,0.0029686887357867,1.0036939229281943,0.3702981456959711,15.212712827496274,40.115440115440094,149533100.0,53.00889676340713,1.7831196133607787,1.215128849094576,0.0029843561973526,-0.07999999999998408,1.3612446331092938,-0.0003835320120921,-0.0174933987174651,-2.539999999999992,-3.3100000000000023,52.77693744753481,123059460.0,0.0029843561973526,16,0.7024019205982388,-0.34033725101227774,0.4674635834224716,0.9016540356480877,1.011252687650901,109124500.0,0.3702981456959711,207.75,64.66756878458455,2.2627263808370084,-3.710000000000008,73786900.0,0.15391948106846298,117751200.0,6,3,0,0
2016-06-17,-0.0037417625376969,1.4991381508383537,-0.2171920464432289,14.883285923231503,13.419913419913506,117055700.0,51.82559738531525,2.0966841546691954,0.9462505727346304,-0.00887843739501848,-1.5199999999999818,1.2591615946516042,-0.0021155809339794,-0.0168991288618078,-3.759999999999991,-5.849999999999994,47.15959342794085,123704760.0,-0.0088784373950184,17,0.45346178232202083,-0.5029440012707074,0.3186799828631308,0.7814281796818255,1.215128849094576,149533100.0,-0.2171920464432289,207.17,57.85554844136904,2.288245925062937,-3.549999999999983,113829200.0,-0.08476821362328946,125059300.0,6,4,0,1
2016-07-18,0.0026819717856567,1.3612446331092938,-0.366089634469515,16.14764873365679,98.2742960944596,58725900.0,50.959101593341835,84.55803492933767,0.5248083775023525,0.047888824326941526,8.659999999999997,1.011252687650901,0.0068908560612268,0.0029196403744553,-92.53,-19.330000000000013,67.23620117314638,111899700.0,0.0434426229508195,18,0.15391948106846298,0.03867174740235968,1.997440530278169,3.9707014493663464,0.9462505727346304,117055700.0,-0.4519557577126304,215.97,53.00889676340713,2.8447997875584403,7.960000000000008,117751200.0,-0.26494969293943127,109124500.0,7,0,1,1
2016-07-20,0.0041769304915926,1.2591615946516042,-0.2024937368618078,17.482042454706594,97.62308998302206,58159500.0,52.77693744753481,109.05096329494567,0.590333470226373,0.003142183817753441,8.719999999999999,1.215128849094576,0.0058424790172055,-0.5662970732194585,0.1500000000000056,-202.14,68.13273419525379,98519740.0,0.0606830507646456,20,-0.08476821362328946,0.4054392983302011,2.1634705757961115,5.0903359417624925,0.5248083775023525,58725900.0,0.070176665311147,216.19,51.82559738531525,2.725885517018552,9.050000000000011,125059300.0,-0.34033725101227774,149533100.0,7,2,1,0
2016-08-01,-0.0008531058384432,1.011252687650901,-0.3589879004828264,18.78104167030303,94.11276948590375,73311400.0,47.15959342794085,98.338411846259,0.8024705682490867,-0.0006909576673269635,10.419999999999987,0.9462505727346304,0.0019253122230445,0.1093837893121962,11.389999999999986,-75.61000000000001,67.69270555736729,91357120.0,0.0438339027089447,1,-0.26494969293943127,0.5894960860680556,1.845159177765396,5.17893135694982,0.590333470226373,58159500.0,-0.0780689995145839,217.19,50.959101593341835,2.6197508372315133,9.189999999999998,109124500.0,-0.5029440012707074,117055700.0,8,0,1,1
2016-08-05,0.0081848820414058,1.215128849094576,-0.0004532511734478,20.11551793736751,99.60443037974697,71892200.0,67.23620117314638,88.58898570238739,0.9480839373463482,0.00571586613810271,1.7700000000000102,0.5248083775023525,0.0121563112181335,-0.4860064078401809,-189.5,-221.28,69.44926135089662,75828940.0,-0.2166451242280626,5,-0.34033725101227774,0.7367477180650575,1.5034008359014877,4.799444759552628,0.8024705682490867,73311400.0,0.5432312629466249,216.41,52.77693744753481,2.5626257774292616,9.810000000000002,149533100.0,0.03867174740235968,58725900.0,8,4,1,1
2016-08-29,0.0049549789546592,0.9462505727346304,-0.4245014338038125,21.454266054365863,97.62996941896043,70502200.0,68.13273419525379,0.5319993734279213,1.059892745207931,0.0008250068750572659,1.2700000000000102,0.590333470226373,0.0023497665517396,-0.0007779252276575,-0.7299999999999898,-0.5,69.70674097164977,66518240.0,0.0049242947213401,29,-0.5029440012707074,0.7838854968820641,0.7387196512314347,0.8393032824885986,0.9480839373463482,71892200.0,-0.4245014338038125,217.44,47.15959342794085,2.4702953647557417,11.840000000000003,117055700.0,0.4054392983302011,58159500.0,8,0,0,0
2016-08-30,-0.0016435160640441,0.5248083775023525,0.0343989790306129,22.670400724251028,94.87767584097867,58114500.0,67.69270555736729,92.55339542964153,0.8752716279725453,-0.0016486535995604568,1.0600000000000023,0.8024705682490867,0.0013970784184001,-0.423981398298367,-9.550000000000011,-190.02,68.46395087924404,66395960.0,-0.5165332327959016,30,0.03867174740235968,0.7295546397237898,0.6802291966781979,0.6528246318851514,1.059892745207931,70502200.0,-0.1757065736955726,218.26,67.23620117314638,2.3824171244160466,1.5900000000000034,58725900.0,0.5894960860680556,73311400.0,8,1,0,0
2016-08-31,-0.0028676119165206,0.590333470226373,0.4672672052585844,23.31454320430903,90.13761467889913,85269500.0,69.44926135089662,0.59297367375978,1.1873005025483876,-0.0028440366972477538,-0.8000000000000114,0.9480839373463482,0.0004438509740944,-0.0021574477851732,-0.9900000000000092,-1.1500000000000057,66.2725073789054,71817960.0,-0.0028440366972477,31,0.4054392983302011,0.5962179254297459,0.5835745192170521,0.5937339471480109,0.8752716279725453,58114500.0,0.4672672052585844,217.61,68.13273419525379,2.321530186957758,0.28999999999999204,58159500.0,0.7367477180650575,71892200.0,8,2,0,1
2016-09-01,5.325664376631956e-05,0.8024705682490867,0.1474700801576178,23.67065714301643,90.21406727828743,97844200.0,69.70674097164977,0.5788964597452094,1.275266368561185,4.600239212426693e-05,-0.9700000000000273,1.059892745207931,-0.0044578713367984,-0.0014239779513091,-1.4700000000000273,-1.5800000000000125,66.29124886294073,76724520.0,4.600239212426693e-05,1,0.5894960860680556,0.45919782832319633,0.5019952189929313,0.45367389168423217,1.1873005025483876,85269500.0,0.1474700801576178,217.37,67.69270555736729,2.2771351736036314,0.44999999999998863,73311400.0,0.7838854968820641,70502200.0,9,3,0,1
2016-09-02,0.0045265736500159,0.9480839373463482,-0.1895901852128179,24.34437548486357,96.23493975903614,79293900.0,68.46395087924404,0.5636034855138133,1.0139254772657351,0.004508027048162333,0.37000000000000455,0.8752716279725453,0.0017122183772616,0.004970316167334,-0.1699999999999875,0.5200000000000102,68.15858718381963,78204860.0,0.0045080270481623,2,0.7367477180650575,0.387908407300277,0.5001653374042974,0.4932038118221472,1.275266368561185,97844200.0,-0.1895901852128179,218.39,69.44926135089662,2.220196946917659,0.18999999999999773,71892200.0,0.7295546397237898,58114500.0,9,4,0,1
2016-09-06,0.0030217886868473,1.059892745207931,-0.2849122063613972,25.04438256327764,99.33481152993346,56702100.0,66.2725073789054,0.6350712995798015,0.7515702863177919,0.00302239318587727,1.6500000000000057,1.1873005025483876,0.0076016189806296,0.0030683275325149,0.5,1.3300000000000125,69.38848141619904,75444840.0,0.0030223931858772,6,0.7838854968820641,0.34024903573429466,0.5385018650781035,0.6979469893880403,1.0139254772657351,79293900.0,-0.2849122063613972,218.7,69.70674097164977,2.1516114507092543,0.6699999999999875,70502200.0,0.5962179254297459,85269500.0,9,1,0,0
2016-09-07,-0.000105708245243,0.8752716279725453,0.3501245985598418,25.72573387925403,98.4592809977989,76554900.0,66.29124886294073,0.6417129853368846,0.9674216495486329,-9.131169246223703e-05,1.6200000000000045,1.275266368561185,0.0074426540916202,0.0046330275229358,0.039999999999992,1.7199999999999989,69.30112667641554,79132920.0,-9.131169246223704e-05,7,0.7295546397237898,0.2657273966148912,0.5608053911464594,0.8209628493395593,0.7515702863177919,56702100.0,0.3501245985598418,218.84,68.46395087924404,2.063639204230021,1.009999999999991,58114500.0,0.45919782832319633,97844200.0,9,2,0,0
2016-09-08,-0.0022729675441378,1.1873005025483876,-0.0320293018474323,26.256043209299175,94.79090242112979,74102900.0,68.15858718381963,0.6540506266464642,0.9636318004254899,-0.0022830007762202342,0.13999999999998636,1.0139254772657351,0.0006431128974664,0.0051982703100561,0.6599999999999966,0.1499999999999772,67.02923284514878,76899600.0,-0.0022830007762202,8,0.5962179254297459,0.14703743094491895,0.5375867247766735,0.6676226479049501,0.9674216495486329,76554900.0,-0.0320293018474323,218.62,66.2725073789054,1.977664975356447,1.1299999999999955,85269500.0,0.387908407300277,79293900.0,9,3,0,0
2016-09-09,-0.0239470198675497,1.275266368561185,1.990289178966005,24.60477963942154,55.902004454343,221589100.0,69.38848141619904,1.6668053275636212,2.1799527351980714,-0.023934831357832587,-5.75,0.7515702863177919,-0.0263256956569306,-0.0189061134366805,-4.419999999999988,-4.719999999999999,48.95192117300735,101648580.0,-0.0239348313578325,9,0.45919782832319633,-0.2953071399032763,0.1526993169396178,2.4550152749007483,0.9636318004254899,74102900.0,1.990289178966005,216.97,66.29124886294073,2.2121174771167,-4.109999999999985,97844200.0,0.34024903573429466,56702100.0,9,4,0,1
2016-09-12,0.014329913694838,1.0139254772657351,-0.2413394882690529,23.440252324659262,58.32127351664259,168110900.0,69.30112667641554,1.7166896438575656,1.4078227326939894,0.014347336834208635,-2.6699999999999875,0.9674216495486329,-0.0118900737168495,-0.0092961487383798,-0.9499999999999886,-1.039999999999992,56.36661064310877,119411980.0,0.0143473368342086,12,0.387908407300277,-0.3876022159471777,0.0600074809767932,2.4719081698146037,2.1799527351980714,221589100.0,-0.2413394882690529,212.39,68.15858718381963,2.3755376573226497,-2.030000000000001,79293900.0,0.2657273966148912,76554900.0,9,0,0,0
2016-09-13,-0.014341520843367,0.7515702863177919,0.0875487550182647,22.358905532380003,13.3140376266279,182828800.0,67.02923284514878,2.1621039136285485,1.26404996995243,-0.014375520014791587,-5.280000000000001,0.9636318004254899,-0.0239586270160787,-0.0264803908140437,-5.130000000000024,-4.159999999999997,48.63475182837841,144637320.0,-0.0143755200147915,13,0.34024903573429466,-0.6485263517377082,-0.2270873475521853,2.762232792506222,1.4078227326939894,168110900.0,0.0875487550182647,214.84,69.38848141619904,2.4801421103710317,-5.800000000000011,56702100.0,0.14703743094491895,74102900.0,9,1,0,0
2016-09-14,-0.0003800423475758,0.9674216495486329,-0.2660592860643399,21.354797796692118,12.156295224312645,134185500.0,48.95192117300735,2.450992769379411,0.8592632180746018,-0.00037518172864969834,-0.12999999999999545,2.1799527351980714,-0.0003916494961048,-0.0267567690973014,-4.849999999999994,-5.219999999999999,48.450642490674355,156163440.0,-0.0003751817286496,14,0.2657273966148912,-0.8066201968283231,-0.4550153488492299,2.428038302827464,1.26404996995243,182828800.0,-0.2660592860643399,213.29,69.30112667641554,2.460131959630243,-5.859999999999985,76554900.0,-0.2953071399032763,221589100.0,9,2,0,1
2016-09-15,0.0099934825114056,0.9636318004254899,0.0018064544976916,19.89646202209322,42.98118668596238,134427900.0,56.36661064310877,2.463716478997433,0.7990795135471743,0.009992962702322306,-1.0600000000000023,1.4078227326939894,-0.0047280806795372,-0.014781932177017,-2.0999999999999943,-3.75,53.498115072938816,168228440.0,0.0099929627023223,15,0.14703743094491895,-0.7490989796365652,-0.4816254313600439,1.4680020435944872,0.8592632180746018,134185500.0,0.0018064544976916,212.96,67.02923284514878,2.4972653910852247,-3.2299999999999898,74102900.0,-0.3876022159471777,168110900.0,9,3,0,0
2016-09-16,-0.00387180038718,2.1799527351980714,0.1547930154380155,18.631688508572925,15.340086830680214,155236400.0,48.63475182837841,2.6009444865696167,1.001797262353194,-0.008872166480862087,0.14000000000001478,1.26404996995243,0.0057416397766497,0.0004219804951237,-4.019999999999982,-5.639999999999986,48.876543877409915,154957900.0,-0.008872166480862,16,-0.2953071399032763,-0.8155657895402624,-0.5544210751350533,1.4535233056258787,0.7990795135471743,134427900.0,0.1547930154380155,213.48,48.95192117300735,2.5124607202934235,0.09000000000000341,221589100.0,-0.6485263517377082,182828800.0,9,4,0,1
2016-10-06,0.0006944444444445,1.4078227326939894,-0.4159496060536591,18.24544936172279,50.21707670043416,62927400.0,48.450642490674355,130.33214524607683,0.46988378240338347,0.011294933683273278,2.6299999999999955,0.8592632180746018,2.2793523651309933e-05,-0.3015472259985757,-65.34,-256.23,54.24730909541562,133921200.0,-0.2470514341545118,6,-0.3876022159471777,-0.6787104456751343,0.0204856348687201,1.2637127838229796,1.001797262353194,155236400.0,-0.1358025708635465,215.37,56.36661064310877,2.5237135259867496,-0.5600000000000023,168110900.0,-0.8066201968283231,134185500.0,10,3,1,0
2016-11-02,-0.0060046945793984,1.26404996995243,-0.1777738875803679,18.228277164018102,5.105105105105294,103330800.0,53.498115072938816,116.58191236208128,0.8755244802646295,-0.0279914727963666,-5.539999999999992,0.7990795135471743,-0.0132121917779749,0.0169212121212121,-256.35,-1.3799999999999957,42.26369092435431,118021600.0,0.0203843347117489,2,-0.6485263517377082,-0.95930323896507,-0.7975820760353542,2.3789346355034415,0.46988378240338347,62927400.0,-0.1584192445460157,210.65,48.63475182837841,2.8113054169876968,-3.4899999999999807,182828800.0,-0.7490989796365652,134427900.0,11,2,1,1
2016-11-28,-0.004731697171381,0.8592632180746018,1.0218603042329089,18.664461714363135,91.83673469387755,76572500.0,48.876543877409915,1.5550505529459833,0.7189973614775725,0.05120625536378354,7.109999999999985,1.001797262353194,-0.0004516751498718,0.0090617848970251,4.060000000000002,2.609999999999985,59.42694130365653,106499000.0,-0.0046948356807512,28,-0.8066201968283231,-0.41378845443852574,1.6605183117639513,3.905675357732286,0.8755244802646295,103330800.0,1.0218603042329089,221.16,48.450642490674355,3.449069315774288,7.329999999999984,134185500.0,-0.8155657895402624,155236400.0,11,0,0,1
2016-11-29,0.0019852672274176,0.7990795135471743,-0.0873133305037708,19.00711757182493,95.34693877551025,69886700.0,54.24730909541562,1.2725809295355857,0.7467264930854285,0.00195029027576199,5.1299999999999955,0.46988378240338347,0.0010113988660575,0.0034521916874856,4.319999999999993,1.9199999999999875,59.94040055233361,93590760.0,0.0019502902757619,29,-0.7490989796365652,-0.03609923729686226,1.6827586569955315,4.751729158948003,0.7189973614775725,76572500.0,-0.0873133305037708,220.52,53.498115072938816,3.293421507504697,5.6299999999999955,134427900.0,-0.6787104456751343,62927400.0,11,1,0,0
2016-11-30,-0.002398456645289,1.001797262353194,0.6210781164370331,19.406763725281905,88.5623510722796,113291800.0,42.26369092435431,1.162782104359058,1.3296872461909273,-0.0023991670816169153,10.639999999999986,0.8755244802646295,-0.0051448865892523,-0.0009067005168194,2.0999999999999943,1.8799999999999957,58.950149662930784,85201840.0,-0.0023991670816169,30,-0.8155657895402624,0.15541839286400205,1.6443115353736175,4.795051615988725,0.7467264930854285,69886700.0,0.6210781164370331,221.63,48.876543877409915,3.1660342569686466,7.009999999999991,155236400.0,-0.95930323896507,103330800.0,11,2,0,0
2016-12-01,-0.0037108660429624,0.46988378240338347,-0.3023281473151631,19.362230555258403,82.12867355043687,79040500.0,59.42694130365653,0.9128928378121998,0.8938759705176599,-0.00367546964334331,-0.9099999999999966,0.7189973614775725,-0.0041240554608338,-0.0051200724966017,1.6999999999999886,-0.5800000000000125,57.389687324136816,88424460.0,-0.0036754696433433,1,-0.6787104456751343,0.20198443258319254,1.538812377004632,4.7629329199554915,1.3296872461909273,113291800.0,-0.3023281473151631,220.73,54.24730909541562,3.0527460957565995,3.789999999999992,62927400.0,-0.41378845443852574,76572500.0,12,3,0,1
2016-12-02,0.0005246039240374,0.8755244802646295,-0.0531398460283019,19.320878325950865,83.00238284352673,74840300.0,59.94040055233361,0.8359565379425047,0.9046729482597808,0.0005009791865919766,-1.2299999999999898,0.7467264930854285,-0.005584718764214,-0.0083062477428674,0.6899999999999977,-0.9000000000000057,57.5540099616235,82726360.0,0.0005009791865919,2,-0.95930323896507,0.21350844217685427,1.446597225838019,0.5661536893767705,0.8938759705176599,79040500.0,-0.0531398460283019,219.67,42.26369092435431,2.905407088916843,9.939999999999998,103330800.0,-0.03609923729686226,69886700.0,12,4,0,1
2016-12-05,0.0059773489932886,0.7189973614775725,-0.0935658996556667,19.578093738162718,93.4868943606037,67837800.0,58.950149662930784,0.5943633381806704,0.837716545759404,0.006008739985433387,0.6200000000000045,1.3296872461909273,0.0027910868743635,0.0023584905660378,2.5,0.3000000000000113,59.56895662378428,80979420.0,0.0060087399854333,5,-0.41378845443852574,0.2791974228306868,1.448803620498495,0.6681092724958154,0.9046729482597808,74840300.0,-0.0935658996556667,220.65,59.42694130365653,2.820735153994211,0.5200000000000102,76572500.0,0.15541839286400205,113291800.0,12,0,0,1
2016-12-06,0.0031794016470341,0.7467264930854285,-0.1173446072838446,19.904836165577986,99.0468625893566,59877400.0,57.389687324136816,0.6884733513732041,0.7581571271637159,0.0031674208144796268,2.1299999999999955,0.8938759705176599,0.0096813545643601,0.003576116970712,1.549999999999983,0.1799999999999784,60.63612637712564,78977560.0,0.0031674208144796,6,-0.03609923729686226,0.3351891341139852,1.4826826633749022,0.899433154822982,0.837716545759404,67837800.0,-0.1173446072838446,221.22,59.94040055233361,2.696396928708911,0.789999999999992,69886700.0,0.20198443258319254,79040500.0,12,1,0,1
2016-12-07,0.0130929495505793,1.3296872461909273,0.8494139692104199,20.907380484436004,99.54663212435237,110738100.0,57.5540099616235,1.4232763454617825,1.4112729431369846,0.013080739738385194,4.9199999999999875,0.9046729482597808,0.0222497001909021,0.0191487430801342,4.019999999999982,4.1200000000000045,64.78329692389163,78466820.0,0.0130807397383851,7,0.15541839286400205,0.5218025033561813,1.69335504553311,2.0467535269285615,0.7581571271637159,59877400.0,0.8494139692104199,221.52,58.950149662930784,2.7387971480868454,4.219999999999999,113291800.0,0.21350844217685427,74840300.0,12,2,0,1
2016-12-08,0.0024616647007538,0.8938759705176599,-0.0995474908816387,22.058099353153015,96.66059502125086,99714400.0,59.56895662378428,1.9120405039863528,1.2071727424166119,0.0024487978628673357,4.150000000000006,0.837716545759404,0.0187340158983673,0.0254133078289384,4.450000000000017,4.240000000000009,65.52512980854533,82601600.0,0.0024487978628673,8,0.20198443258319254,0.6293436126388969,1.877404860095396,2.3583638396129896,1.4112729431369846,110738100.0,-0.0995474908816387,224.57,57.389687324136816,2.646025923223499,5.5800000000000125,79040500.0,0.2791974228306868,67837800.0,12,3,0,1
2016-12-09,0.0060367319793319,0.9046729482597808,-0.1174213553909967,23.301406772173696,99.88439306358374,88005800.0,60.63612637712564,2.483786535826106,1.032511406739274,0.006040417499444839,4.810000000000002,0.7581571271637159,0.0215913462306651,0.031090677348871,4.989999999999981,6.129999999999996,67.35625590643826,85234700.0,0.0060404174994448,9,0.21350844217685427,0.7319441849073587,2.094339559708658,2.3482056979731785,1.2071727424166119,99714400.0,-0.1174213553909967,225.41,57.5540099616235,2.5555955001361057,6.829999999999984,74840300.0,0.3351891341139852,59877400.0,12,4,0,0
2016-12-12,-0.0011695906432749,0.837716545759404,0.1591974619854601,24.547644871578168,95.99548787366041,102016100.0,64.78329692389163,2.74810338637718,1.1080232552582612,-0.0011478521919561224,1.6500000000000057,1.4112729431369846,0.0073288060368108,0.0237556561085972,5.77000000000001,6.680000000000007,66.62765573540248,92070360.0,-0.0011478521919561,12,0.2791974228306868,0.7210167685125808,2.222087947614085,1.9229066539989368,1.032511406739274,88005800.0,0.1591974619854601,226.4,59.56895662378428,2.4587672501263853,5.25,67837800.0,0.5218025033561813,110738100.0,12,0,0,1
2016-12-13,0.0066693819366663,0.7581571271637159,0.0829418101652581,25.994001180232782,96.96493982208261,110477500.0,65.52512980854533,3.116058764243339,1.0810949132393872,0.0066740331491712546,2.609999999999985,1.2071727424166119,0.0115365232727233,0.0273342354533152,6.849999999999994,8.079999999999984,68.7423880814296,102190380.0,0.0066740331491712,13,0.3351891341139852,0.7508189633455205,2.401354200843514,1.2337057996106497,1.1080232552582612,102016100.0,0.0829418101652581,227.02,60.63612637712564,2.432426732260215,6.060000000000002,59877400.0,0.6293436126388969,99714400.0,12,1,0,0
2016-12-14,-0.0082435644565821,1.4112729431369846,0.2898716933312213,26.510123288751622,87.12715855572995,142501800.0,67.35625590643826,3.035592565252745,1.31285888962838,-0.00825430277485073,-0.6299999999999955,1.032511406739274,-0.0027437731631907,0.0056990204808549,5.5,4.879999999999996,63.359149621031094,108543120.0,-0.0082543027748507,14,0.5218025033561813,0.5865342604989996,2.3844106191760943,0.9587231091367594,1.0810949132393872,110477500.0,0.2898716933312213,227.41,64.78329692389163,2.4629676799559133,1.2800000000000011,110738100.0,0.7319441849073587,88005800.0,12,2,0,1
2016-12-15,0.0041305456399796,1.2071727424166119,-0.1230103760092855,26.98937953237626,83.35146898803045,124972600.0,66.62765573540248,2.7631310742215787,1.1001616623865396,0.004117230387816528,0.5600000000000023,1.1080232552582612,0.0025563631200637,0.0073728625360869,7.240000000000009,5.110000000000014,64.82653419429852,113594760.0,0.0041172303878165,15,0.6293436126388969,0.48720253097009625,2.4085783472807805,0.7123692862502801,1.31285888962838,142501800.0,-0.1230103760092855,226.16,65.52512980854533,2.4248985599590624,1.6599999999999966,99714400.0,0.7210167685125808,102016100.0,12,3,0,0
2016-12-16,-0.0019806002742368,1.032511406739274,1.0347872464974697,26.816848479884516,64.09140369967342,156420200.0,68.7423880814296,146.46196282842718,1.2289684189618852,-0.007803888717428764,-2.719999999999999,1.0810949132393872,-0.0060936190908393,-0.43092679226198,-189.88,-48.07000000000002,59.90902001088324,127277640.0,0.0692768221989925,16,0.7319441849073587,0.26037107474156906,2.36895387958748,1.0181699268751052,1.1001616623865396,124972600.0,0.2516359586021255,226.01,67.35625590643826,2.4045486628191304,-1.4699999999999989,88005800.0,0.7508189633455205,110477500.0,12,4,0,1
2017-01-30,-0.0062015503875968,1.1080232552582612,0.0953542713257202,27.240098726444547,91.4036996735583,79737300.0,63.359149621031094,100.8340355292355,0.6492108735023434,0.011153572698187064,1.670000000000016,1.31285888962838,-0.008846879333185,-0.1416770397193617,-200.37,-273.0,64.0711983805675,122821880.0,-0.4374119217741736,30,0.7210167685125808,0.23806230244725723,1.0916747277235572,1.1449759822776873,1.2289684189618852,156420200.0,0.3353848781884776,228.17,66.62765573540248,2.458509472617764,1.3000000000000114,102016100.0,0.5865342604989996,142501800.0,1,0,1,1
2017-03-02,-0.0062562682076506,1.0810949132393872,-0.5290503639759665,29.481758415780206,93.63369245837423,70246000.0,64.82653419429852,1.4514088940659746,0.6120291441785788,0.04711052515930558,11.460000000000008,1.1001616623865396,0.0050343590894399,0.007739807139232,3.3500000000000227,1.7800000000000011,75.68282175606257,114775580.0,-0.006297439319376,2,0.7508189633455205,0.8685142766879004,2.4327928459460395,5.427407299990658,0.6492108735023434,79737300.0,-0.5290503639759665,239.56,68.7423880814296,3.141473081716494,10.51000000000002,110477500.0,0.48720253097009625,124972600.0,3,3,0,1
2017-03-03,0.0006247597078046,1.31285888962838,0.1669603963214987,31.368489462287403,94.33776464795663,81974300.0,59.90902001088324,1.3474127471221058,0.7984244290059966,0.0006295379191672001,13.379999999999995,1.2289684189618852,0.0083636488851418,0.0070963926670608,3.6999999999999886,2.1399999999999864,75.80067313054118,102670080.0,0.0006295379191672,3,0.5865342604989996,1.198522480245694,2.4141629565451126,6.56985311860096,0.6120291441785788,70246000.0,0.1669603963214987,238.17,63.359149621031094,2.979939290165318,12.539999999999992,142501800.0,0.26037107474156906,156420200.0,3,4,0,0
2017-03-06,-0.0029777628355986,1.1001616623865396,-0.3242821225676828,32.81952962147087,90.28720626631862,55391500.0,64.0711983805675,1.1517180403382028,0.6241024334040233,-0.0029779380924418453,10.159999999999997,0.6492108735023434,-0.0086092713354447,0.0025304710893678,2.6200000000000045,1.2700000000000102,73.97321374486208,88753860.0,-0.0029779380924418,6,0.48720253097009625,1.2653039075075023,2.322596371327336,6.549913739889246,0.7984244290059966,81974300.0,-0.3242821225676828,237.5,64.82653419429852,2.867800769439224,10.900000000000006,124972600.0,0.23806230244725723,79737300.0,3,0,0,0
2017-03-07,-0.0029866563899995,1.2289684189618852,0.1753373712573229,34.05853508325635,86.40930724484404,65103700.0,75.68282175606257,1.119204082271774,0.9235804056599919,-0.0029868326953009783,-1.2700000000000102,0.6120291441785788,-0.0053396595177935,0.0022412991077092,0.5099999999999909,0.2599999999999909,72.10123018852208,70490560.0,-0.0029868326953009,7,0.26037107474156906,1.1607152146190858,2.1749291450589965,4.639919180329425,0.6241024334040233,55391500.0,0.1753373712573229,237.36,59.90902001088324,2.7351007144792807,11.960000000000008,156420200.0,0.8685142766879004,70246000.0,3,1,0,0
2017-03-08,-0.0018843310624727,0.6492108735023434,0.2006813744840923,35.04517757788433,83.45244639912045,78168800.0,75.80067313054118,1.0905961672388296,1.11388283830311,-0.0018565400843881807,-1.8599999999999852,0.7984244290059966,-0.0078487502880709,-0.0134289765618483,0.2800000000000011,-0.5500000000000114,70.90372987574142,70176860.0,-0.0018565400843881,8,0.23806230244725723,0.9687830269853386,2.003338820830976,0.8022904710815281,0.9235804056599919,65103700.0,0.2006813744840923,237.34,64.0711983805675,2.628307806302188,9.009999999999991,79737300.0,1.198522480245694,81974300.0,3,2,0,1
2017-03-09,0.0012585923129053,0.6120291441785788,0.1601035195627922,35.652092290005406,82.29915088177675,90683900.0,73.97321374486208,1.054880719953378,1.2210945103740094,0.001268177206628307,-0.8499999999999943,0.6241024334040233,-0.0036123951395669,-0.0059176564401729,0.4200000000000159,0.3900000000000148,71.25428740677752,74264440.0,0.0012681772066283,9,0.8685142766879004,0.7771840501405025,1.8668126258280608,0.7505331438306493,1.11388283830311,78168800.0,0.1601035195627922,236.7,75.68282175606257,2.547714391566317,-1.4099999999999966,70246000.0,1.2653039075075023,55391500.0,3,3,0,1
2017-03-10,0.003529298008122,0.7984244290059966,-0.0958516340827865,36.360533580277924,87.3825503355705,81991700.0,72.10123018852208,1.021894210656761,1.103998873268566,0.0035041796842014694,0.6899999999999977,0.9235804056599919,0.0029035592585546,-0.0030618236725106,0.9499999999999886,-2.0900000000000034,72.25042612564091,74267920.0,0.0035041796842014,10,1.198522480245694,0.6278898604962224,1.7968070585086195,0.5145191930223577,1.2210945103740094,90683900.0,-0.0958516340827865,237.97,75.80067313054118,2.467877649311581,-0.7299999999999898,81974300.0,1.1607152146190858,65103700.0,3,4,0,1
2017-03-13,0.0004817651876474,0.6241024334040233,-0.301675657414104,37.01837192124526,88.18791946308731,57256800.0,70.90372987574142,1.0094888695641018,0.7670960375922181,0.0005048592704783861,1.25,1.11388283830311,0.0052696555086748,0.00042068066131,0.6999999999999886,-0.4600000000000079,72.39934644019155,74640980.0,0.0005048592704783,13,1.2653039075075023,0.46619611069572553,1.7294601660673834,0.5422453319193873,1.103998873268566,81991700.0,-0.301675657414104,237.62,73.97321374486208,2.3358863886464682,0.09999999999999432,55391500.0,0.9687830269853386,78168800.0,3,0,0,0
2017-03-14,-0.0038041122935426,0.9235804056599919,0.0458286177362339,37.077001377085516,82.08053691275177,59880800.0,71.25428740677752,0.9613185389502092,0.8136376235794142,-0.0038265842479290324,0.03999999999999204,1.2210945103740094,0.0002069509022268,-0.0004219409282699,0.4300000000000068,-1.5199999999999818,69.3595216972075,73596400.0,-0.003826584247929,14,1.1607152146190858,0.23841206138926552,1.5939666159658827,0.5524762438226424,0.7670960375922181,57256800.0,0.0458286177362339,237.18,72.10123018852208,2.2847516466002924,-0.09999999999999432,65103700.0,0.7771840501405025,90683900.0,3,1,0,1
2017-03-15,0.008652358855375,1.11388283830311,0.6045510414022526,37.60658157778442,95.8389261744966,96081800.0,72.25042612564091,0.7806272406756719,1.2449215460164034,0.008653440270156132,1.259999999999991,1.103998873268566,0.0053300117494798,0.0101031450794724,-0.8300000000000125,1.239999999999981,72.19208414116324,77179000.0,0.0086534402701561,15,0.9687830269853386,0.16950160458089503,1.6124378617158186,0.8519800467077603,0.8136376235794142,59880800.0,0.6045510414022526,237.56,70.90372987574142,2.3029836718431276,2.3899999999999864,78168800.0,0.6278898604962224,81991700.0,3,2,0,0
2017-03-16,-0.0019648248430536,1.2210945103740094,-0.1846114456640071,38.09833462129053,92.68456375838925,78344000.0,72.39934644019155,0.8026594684037841,1.0486270967790294,-0.00196693869010256,0.6699999999999875,0.7670960375922181,0.0028834217187788,0.0068394832390441,0.2099999999999795,1.4799999999999898,70.58106449518652,74711020.0,-0.0019669386901025,16,0.7771840501405025,0.04257559640835229,1.5758277224975077,0.7857035064119476,1.2449215460164034,96081800.0,-0.1846114456640071,239.11,71.25428740677752,2.217056266711475,1.6199999999999761,90683900.0,0.46619611069572553,57256800.0,3,3,0,0
2017-03-17,-0.0017766253721309,1.103998873268566,0.1360423261513326,37.96744449544956,82.95302013422825,89002100.0,69.3595216972075,0.7719592677772112,1.169340100455769,-0.0060801744381079326,0.12999999999999545,0.8136376235794142,0.0049109086401905,-0.0027767259876309,-1.3899999999999864,0.4699999999999988,65.70923066495124,76113100.0,-0.0060801744381079,17,0.6278898604962224,-0.17669811326524254,1.4996707447909046,0.8919248847229669,1.0486270967790294,78344000.0,0.1360423261513326,237.75,72.25042612564091,2.1622665333749405,-0.6599999999999966,81991700.0,0.23841206138926552,59880800.0,3,4,0,0
2017-03-31,-0.0023161551823973,0.7670960375922181,0.27069291471567,37.14711444191219,70.89665653495452,73733100.0,72.19208414116324,131.296936513301,0.9285306987828486,-0.005442349069737951,-3.2099999999999795,1.2449215460164034,0.0017992124919312,-0.5005614287832885,25.610000000000014,-318.04,61.63330626673776,79408360.0,-0.1376522661594176,31,0.46619611069572553,-0.43174532602033366,0.4113498858643254,1.2951254765420253,1.169340100455769,89002100.0,0.2995387562810749,235.9,72.39934644019155,2.10424749527673,-2.069999999999993,57256800.0,0.16950160458089503,96081800.0,3,4,1,0
2017-04-18,-0.0030135121998638,0.8136376235794142,-0.0907444188795587,35.21445051163562,12.172573189522256,83225800.0,70.58106449518652,94.74215032860975,0.9898717086264364,-0.007932467973190804,-4.609999999999985,1.0486270967790294,-0.0006175044985397,-0.4217865354661656,-123.90999999999995,29.200000000000017,56.191912774477366,84077360.0,-0.4268173128768197,18,0.23841206138926552,-0.7318748912040407,-0.1434003374956489,2.073964802012898,0.9285306987828486,73733100.0,0.2166554102453899,233.72,69.3595216972075,2.1439441027569632,-3.030000000000001,59880800.0,0.04257559640835229,78344000.0,4,1,1,1
2017-05-30,-0.0008962264150943,1.2449215460164034,-0.2450788013699364,35.22799857993416,96.67049368541915,35201900.0,65.70923066495124,2.058770129091848,0.4895858744296702,0.032624962586051964,4.469999999999999,1.169340100455769,0.0037011793096304,0.0082665330661322,1.1999999999999886,4.72999999999999,68.4365667860413,71901380.0,-0.000868809730669,30,0.16950160458089503,-0.436592016564223,0.9697560614050076,2.88534746607549,0.9898717086264364,83225800.0,-0.2450788013699364,241.34,72.19208414116324,2.556519523988608,2.5500000000000114,96081800.0,-0.17669811326524254,89002100.0,5,1,0,0
2017-05-31,-0.0002360606203674,1.0486270967790294,1.607700152548584,35.036101241798825,95.00000000000001,91796000.0,61.63330626673776,2.136499993498397,1.2306449852785388,-0.0002484472049689712,5.699999999999989,0.9285306987828486,-0.0013209306876028,0.0057904603207663,1.3599999999999852,3.1299999999999955,68.27495796421873,74591780.0,-0.0002484472049689,31,0.04257559640835229,-0.2733581291578986,0.9934674738275362,3.4334283158365264,0.4895858744296702,35201900.0,1.607700152548584,241.84,70.58106449518652,2.4624824151322793,2.960000000000008,78344000.0,-0.43174532602033366,73733100.0,5,2,0,1
2017-06-01,0.0079807329051757,1.169340100455769,-0.2487472221011808,35.15487092132807,99.80582524271861,68962000.0,56.191912774477366,1.9148196897987395,0.9770236099635383,0.007952286282306265,9.490000000000009,0.9898717086264364,0.006848445869714,0.0114292839034122,7.54000000000002,3.8400000000000034,70.66241656289876,70583760.0,0.0079522862823062,1,-0.17669811326524254,-0.07446496601454555,1.1355380394140582,4.122865508355526,1.2306449852785388,91796000.0,-0.2487472221011808,241.97,65.70923066495124,2.425162242622831,6.3300000000000125,89002100.0,-0.7318748912040407,83225800.0,6,3,0,1
2017-06-02,0.0033263059264465,0.9285306987828486,0.2857240219251182,35.45123151106965,98.40283939662815,88666100.0,68.4365667860413,1.7331541574049028,1.2051877957373052,0.003328402366863825,2.6699999999999875,0.4895858744296702,0.0110709782112549,0.00996856386499,7.399999999999977,4.119999999999976,71.6323144661331,73570360.0,0.0033284023668638,2,-0.43174532602033366,0.06568454594109863,1.2905444592962567,4.086926718206128,0.9770236099635383,68962000.0,0.2857240219251182,243.42,61.63330626673776,2.342650653864056,8.429999999999978,73733100.0,-0.436592016564223,35201900.0,6,4,0,0
2017-06-05,-0.000747104968248,0.9898717086264364,-0.4958749736370496,35.726423487258266,96.80567879325655,44698800.0,68.27495796421873,1.589957721309645,0.6786430903472802,-0.0007371913011425812,2.5500000000000114,1.2306449852785388,0.0105599338633742,0.009432791361549,5.680000000000007,3.3799999999999955,71.07002452093016,65864960.0,-0.0007371913011425,5,-0.7318748912040407,0.09833861083683537,1.3845176434285236,1.3326552442347677,1.2051877957373052,88666100.0,-0.4958749736370496,243.97,56.191912774477366,2.213889892873768,10.120000000000005,83225800.0,-0.2733581291578986,91796000.0,6,0,0,0
2017-06-06,-0.0032242990654205,0.4895858744296702,0.1269966978979302,35.678184604592964,89.88464951197881,50375400.0,70.66241656289876,1.4180816462926888,0.7311414889420355,-0.0031968523300135443,-0.15000000000000568,0.9770236099635383,-0.000645098107222,0.0070807453416148,3.6899999999999977,1.450000000000017,68.55860041748609,68899660.0,-0.0031968523300135,6,-0.436592016564223,0.023390100131588376,1.387322643607007,1.0819565610440687,0.6786430903472802,44698800.0,0.1269966978979302,243.34,68.4365667860413,2.1178977576684987,1.710000000000008,35201900.0,-0.07446496601454555,68962000.0,6,1,0,1
2017-06-07,0.0018752051005579,1.2306449852785388,0.0748162793744566,35.491790399650746,93.87755102040818,54144300.0,71.6323144661331,1.2670565189520466,0.8822698377625824,0.0018502528678918662,-0.5099999999999909,1.2051877957373052,-0.0020961989331106,0.0091948310139164,3.609999999999985,1.9499999999999889,69.23407066663265,61369320.0,0.0018502528678918,7,-0.2733581291578986,-0.03663027984810441,1.4056191805718754,0.4061649910887738,0.7311414889420355,50375400.0,0.0748162793744566,243.6,68.27495796421873,2.0444764892636043,2.219999999999999,91796000.0,0.06568454594109863,88666100.0,6,2,0,1
2017-06-08,0.0004679238220017,0.9770236099635383,0.2180543473643579,35.423222699479325,94.9423247559894,65950700.0,71.07002452093016,1.118051877149124,1.0853034522321798,0.0004924895345974623,-0.21000000000000796,0.6786430903472802,-0.0008811701428608,0.0017258382642997,3.1699999999999875,2.280000000000001,69.4227205812563,60767060.0,0.0004924895345974,8,-0.07446496601454555,-0.10512397043996202,1.411912829982242,0.36533546226190217,0.8822698377625824,54144300.0,0.2180543473643579,243.77,70.66241656289876,1.9812995971733487,0.4199999999999875,68962000.0,0.09833861083683537,44698800.0,6,3,0,0
2017-06-09,-0.0014966559094522,1.2051877957373052,1.005382808673752,34.73045269573083,86.58843252305115,132256400.0,68.55860041748609,1.0581540530549836,1.9033772986216329,-0.0015177619164821188,0.19999999999998863,0.7311414889420355,0.0008464730131074,-0.0031125854937134,1.6500000000000057,1.9699999999999989,68.03743389105415,69485120.0,-0.0015177619164821,9,0.06568454594109863,-0.2063690720046223,1.375226511657246,0.3065126424573359,1.0853034522321798,65950700.0,1.005382808673752,244.09,71.6323144661331,2.0583496259466814,-0.7599999999999909,88666100.0,0.023390100131588376,50375400.0,6,4,0,0
2017-06-12,-0.0001873624057333,0.6786430903472802,-0.3489305621504894,34.08716626367866,86.16932103939664,86108100.0,69.23407066663265,0.9542047299523144,1.1072578618843114,-0.00020541473234458874,-0.29999999999998295,0.8822698377625824,-0.0012160944931838,-0.0025820730357801,1.6500000000000057,0.0,67.84042783614214,77766980.0,-0.0002054147323445,12,0.09833861083683537,-0.30194267866217217,1.327620689474884,0.23158151909473138,1.9033772986216329,132256400.0,-0.3489305621504894,243.13,71.07002452093016,1.9856103669504892,-0.6299999999999955,44698800.0,-0.03663027984810441,54144300.0,6,0,0,1
2017-06-13,0.0048723354415554,0.7311414889420355,-0.3024233492551804,33.85564998842089,96.14417435037737,60067000.0,69.4227205812563,0.8346662673035805,0.753613624188103,0.00488987508218286,0.7700000000000102,1.0853034522321798,0.0031883171263697,0.0055096418732782,3.050000000000012,0.3800000000000239,70.06226501135743,79705300.0,0.0048898750821828,13,0.023390100131588376,-0.3091292842229105,1.3581560630986471,0.47871703540414234,1.1072578618843114,86108100.0,-0.3024233492551804,243.98,68.55860041748609,1.9330667693111685,1.3400000000000034,50375400.0,-0.10512397043996202,65950700.0,6,1,0,0
2017-06-14,-0.0012587999440534,0.8822698377625824,0.3085770889173755,33.47454749026199,93.54568315171849,78602300.0,68.03743389105415,0.4508276339714264,0.9291392474192317,-0.0012676344305867504,0.8300000000000125,1.9033772986216329,0.0034261730917686,0.0023803660838874,2.800000000000012,0.25,68.73012908203273,84596900.0,-0.0012676344305867,14,-0.03663027984810441,-0.35556182365544853,1.345063765361175,0.5193938775015405,0.753613624188103,60067000.0,0.3085770889173755,244.86,69.23407066663265,1.9078477143603716,0.5800000000000125,54144300.0,-0.2063690720046223,132256400.0,6,2,0,0
2017-06-15,-0.0019139202688824,1.0853034522321798,-0.1544153288135334,32.58973617636984,89.60603520536478,66464900.0,67.84042783614214,0.4271143484634844,0.784711971961189,-0.0019243367179823112,0.4099999999999966,1.1072578618843114,0.0016996152286194,-4.102059233734856e-05,0.4099999999999966,0.5600000000000023,66.66067902768074,84699740.0,-0.0019243367179823,15,-0.10512397043996202,-0.4335593125675352,1.286771352428843,0.5198365127480814,0.9291392474192317,78602300.0,-0.1544153288135334,242.68,69.4227205812563,1.9058585919060589,-0.009999999999990905,65950700.0,-0.30194267866217217,86108100.0,6,3,0,0
2017-06-16,0.0001870819886815,1.9033772986216329,1.4270017365845256,31.364982716904997,45.766590389015974,84553100.0,70.06226501135743,117.28246107865698,1.1249884910778578,-0.004635517085777696,-1.910000000000025,0.753613624188103,-0.0029856382242543,0.1492989768851838,-159.78000000000003,-302.12,61.83964654879249,75159080.0,-0.2269657193832037,16,-0.2063690720046223,-0.5683838317914112,1.2296274807305565,0.7512456322576312,0.784711971961189,66464900.0,0.2721466518417992,242.77,68.03743389105415,1.9225829781984842,-0.7700000000000102,132256400.0,-0.3091292842229105,60067000.0,6,4,0,1
2017-08-02,0.0004587576841912,1.1072578618843114,-0.7422779517049565,31.719450404100535,97.70114942528741,47211200.0,68.73012908203273,137.87746097330236,0.700673941854891,0.01978239366963397,3.1999999999999886,0.9291392474192317,0.0021143632674522,-0.5046444586803331,-347.1,-263.41,71.32611128616402,67379700.0,-0.103315818082986,2,-0.30194267866217217,-0.3520245004439655,1.1576339555662116,1.7820129067955086,1.1249884910778578,84553100.0,-0.1424004185255692,247.47,67.84042783614214,2.139541336898593,4.079999999999984,86108100.0,-0.35556182365544853,78602300.0,8,2,1,0
2017-08-22,0.0104633781763825,0.753613624188103,0.2630773508624879,30.72542675147585,63.81909547738699,63140100.0,66.66067902768074,94.933712054488,0.9286084484704017,-0.008082767539605573,1.6699999999999875,0.784711971961189,0.0096711737754324,-0.461234524541224,-144.58999999999995,-159.03000000000003,64.168214898825,67994320.0,-0.3514770385245468,22,-0.3091292842229105,-0.36004962770258997,-0.190406374163274,1.8286005577997873,0.700673941854891,47211200.0,-0.0355828726876708,243.57,70.06226501135743,2.2645740985486924,0.8899999999999864,60067000.0,-0.4335593125675352,66464900.0,8,1,1,0
2017-08-28,4.6395100677498746e-05,0.9291392474192317,-0.3705480100363251,29.802404788324363,49.246231155778865,40565600.0,61.83964654879249,1.4489233550763074,0.6717607007338336,-0.0035446544980443084,1.9300000000000068,1.1249884910778578,5.1788876332836686e-05,0.0068752573075339,-1.9699999999999989,1.4799999999999898,61.28697774452384,60386980.0,4.088976120386612e-05,28,-0.35556182365544853,-0.4353593100883786,-0.2627253177464581,1.8134690512897278,0.9286084484704017,63140100.0,-0.3705480100363251,245.17,68.73012908203273,2.1992473772237853,0.3299999999999841,78602300.0,-0.5683838317914112,84553100.0,8,0,0,1
2017-08-29,0.0011598237067964,0.784711971961189,0.2605680675251938,28.43305370897104,53.93634840871021,51135700.0,71.32611128616402,1.2819642047338426,0.8920914692206052,0.001144866500388364,-2.5900000000000034,0.700673941854891,0.0035313676169976,-0.0024038461538461,-1.6599999999999966,2.1399999999999864,61.88022110151304,57321140.0,0.0011448665003883,29,-0.4335593125675352,-0.4745112047932416,-0.2366845705621472,1.726519620504089,0.6717607007338336,40565600.0,0.2605680675251938,243.06,66.66067902768074,2.200729707422086,1.079999999999984,66464900.0,-0.3520245004439655,47211200.0,8,1,0,1
2017-08-30,0.0047265987025022,1.1249884910778578,0.2130624984110904,27.557446219846103,73.3668341708542,62030800.0,64.168214898825,1.094042452963097,1.1744547366475893,0.004737594445578974,0.5699999999999932,0.9286084484704017,0.0059328175099762,0.0059290153745501,-0.9300000000000068,3.109999999999985,64.31965730444824,52816680.0,0.0047375944455789,30,-0.5683838317914112,-0.43170664047753204,-0.1322174943287279,1.1383628595422788,0.8920914692206052,51135700.0,0.2130624984110904,244.83,61.83964654879249,2.164963299749079,3.3700000000000045,84553100.0,-0.36004962770258997,63140100.0,8,2,0,1
2017-08-31,0.00604187805553,0.700673941854891,0.673425137189912,27.20214331331641,95.43973941368077,103803900.0,61.28697774452384,1.4075179098908144,1.6185163159961096,0.006016015609121572,2.920000000000016,0.6717607007338336,0.0119283004648287,0.0143448501987786,4.400000000000006,2.050000000000012,67.2033988823921,64135220.0,0.0060160156091215,31,-0.3520245004439655,-0.3183716422202929,0.0556381066442099,1.1579378221585432,1.1744547366475893,62030800.0,0.673425137189912,246.72,71.32611128616402,2.1360373497670033,0.05000000000001137,47211200.0,-0.4353593100883786,40565600.0,8,3,0,1
2017-09-01,0.0013753266400771,0.9286084484704017,-0.4026525014956085,27.042634415744736,92.68656716417898,62007000.0,61.88022110151304,1.5280957648863325,0.9702450061494071,0.0014141985534767976,2.990000000000009,0.8920914692206052,0.0121438033981093,0.0134118416748445,5.129999999999996,3.280000000000001,67.86485136009982,63908600.0,0.0014141985534767,1,-0.36004962770258997,-0.23815906899727235,0.2261159922310582,1.4880927390404952,1.6185163159961096,103803900.0,-0.4026525014956085,247.92,64.168214898825,2.0434632533550747,2.4000000000000057,63140100.0,-0.4745112047932416,51135700.0,9,4,0,0
2017-09-05,-0.0071418761159181,0.6717607007338336,0.474007773315916,25.655340521362934,66.11940298507456,91398800.0,64.31965730444824,1.3052888143571313,1.233864378974675,-0.007182052937378947,0.05000000000001137,1.1744547366475893,0.000275328579689,0.0060923253056384,3.1599999999999966,2.069999999999993,61.114159365405825,74075240.0,-0.0071820529373789,5,-0.4353593100883786,-0.3183006769697809,0.2326600223377966,1.216490854871049,0.9702450061494071,62007000.0,0.474007773315916,247.26,61.28697774452384,2.1039301638297134,1.490000000000009,40565600.0,-0.43170664047753204,62030800.0,9,1,0,1
2017-09-06,0.0034121824134274,0.8920914692206052,-0.3663275666638949,24.3671390480084,78.6567164179104,57916900.0,67.2033988823921,1.3731233658250692,0.7678080822489497,0.003413801511826353,-0.5900000000000034,1.6185163159961096,-0.0023543670624135,0.008372472942618,1.460000000000008,2.3400000000000034,62.985362182248046,75431480.0,0.0034138015118263,6,-0.4745112047932416,-0.326820272790608,0.2941670542181498,0.8248333164856348,1.233864378974675,91398800.0,-0.3663275666638949,246.84,61.88022110151304,2.0407922949847337,2.0500000000000114,51135700.0,-0.3183716422202929,103803900.0,9,2,0,0
2017-09-07,-0.0001378613115206,1.1744547366475893,0.002033948640207,23.170951965607763,78.20895522388054,58034700.0,67.86485136009982,1.357425668109115,0.7776087713275733,-0.00012150668286758926,-0.9699999999999989,0.9702450061494071,-0.0038675550140112,0.0034957928539491,2.3100000000000023,2.300000000000012,62.86900515671511,74632260.0,-0.0001215066828675,7,-0.43170664047753204,-0.3447784456635268,0.3366108307145055,0.680272004410437,0.7678080822489497,57916900.0,0.002033948640207,247.25,64.31965730444824,1.957164273914396,0.8600000000000136,62030800.0,-0.23815906899727235,62007000.0,9,3,0,0
2017-09-08,-0.0011949627723136,1.6185163159961096,0.0999074691520762,22.011515433192304,73.88059701492544,63832800.0,61.114159365405825,1.1857679180820466,0.9579033236871913,-0.0011747073358447935,0.5200000000000102,1.233864378974675,0.0020793583295931,-0.0036769162390399,2.5900000000000034,1.7300000000000182,61.68274994495582,66638040.0,-0.0011747073358447,8,-0.3183716422202929,-0.38351791145397973,0.3452877401551006,0.6480740698289666,0.7776087713275733,58034700.0,0.0999074691520762,246.54,67.2033988823921,1.8752239686347962,-0.9099999999999966,103803900.0,-0.3183006769697809,91398800.0,9,4,0,1
2017-09-11,0.010675501564513,0.9702450061494071,0.1179957639332756,21.798844337402492,98.82659713168184,71364800.0,62.985362182248046,1.378959349975924,1.041675911113187,0.010665909643928995,2.3100000000000023,0.7678080822489497,0.0093426774806787,0.0055277598450613,4.650000000000006,3.200000000000017,67.64517617455371,68509600.0,0.0106659096439289,11,-0.23815906899727235,-0.2460302089885218,0.5332222106266897,1.213890439860432,0.9579033236871913,63832800.0,0.1179957639332756,248.04,67.86485136009982,1.9355651137323107,1.3700000000000045,62007000.0,-0.326820272790608,57916900.0,9,0,0,1
2017-09-12,0.0033691495173922,1.233864378974675,-0.2027442100307154,21.87933326513275,99.52718676122942,56896000.0,62.86900515671511,1.5447344252141355,0.9235008368901707,0.003370651257975199,3.180000000000007,0.7776087713275733,0.0128496883095915,0.0162155571811752,5.480000000000018,2.5600000000000023,69.28891231689938,61609040.0,0.0033706512579751,12,-0.3183006769697809,-0.11896692971923262,0.7334190497639668,1.5921275074516423,1.041675911113187,71364800.0,-0.2027442100307154,249.63,61.114159365405825,1.8601676056085739,3.990000000000009,91398800.0,-0.3447784456635268,58034700.0,9,1,0,1
2017-09-13,0.0004991378527998,0.7678080822489497,0.0409870641169853,21.997020878414904,99.45054945054918,59228000.0,61.68274994495582,1.56677162768879,0.957278064160969,0.0004799040191960646,3.589999999999975,0.9579033236871913,0.014543788934705,0.0132442284325637,5.319999999999993,2.329999999999984,69.52708595747406,61871260.0,0.000479904019196,13,-0.326820272790608,-0.050775912267463585,0.8906853020822041,1.7327665740035092,0.9235008368901707,56896000.0,0.0409870641169853,249.72,62.985362182248046,1.7715842052079618,3.269999999999982,57916900.0,-0.38351791145397973,63832800.0,9,2,0,0
2017-09-14,-0.0003174747154066,0.7776087713275733,0.6115063821165665,22.148047279993392,96.88768606224642,95446300.0,67.64517617455371,1.603379763706634,1.3762274420440876,-0.00031978254786735327,0.8799999999999955,1.041675911113187,0.0035508126547854,0.0130433021428282,4.0800000000000125,4.030000000000001,69.14210916928764,69353580.0,-0.0003197825478673,14,-0.3447784456635268,-0.035707377981347044,0.9981652968947116,1.5262699630090253,0.957278064160969,59228000.0,0.6115063821165665,249.8,62.86900515671511,1.6964710476931073,3.219999999999999,58034700.0,-0.2460302089885218,71364800.0,9,3,0,0
2017-09-15,0.0013156700843843,0.9579033236871913,-0.1958596619544087,21.6539845185139,84.70906630581871,95432400.0,69.28891231689938,122.26914269121404,1.261107256833634,-0.0035987044663920997,-0.8600000000000136,0.9235008368901707,0.0014973332217775,0.3149868073878628,-227.37,-26.75999999999999,64.79538766393583,75673500.0,-0.3994263954497252,15,-0.38351791145397973,-0.10697400445001914,1.094132070073783,0.49670917042406937,1.3762274420440876,95446300.0,-0.0001456316274177,248.69,61.68274994495582,1.683865972857886,2.609999999999985,63832800.0,-0.11896692971923262,56896000.0,9,4,0,1
2017-11-27,-0.0005203590477429,1.041675911113187,0.8765781774451205,23.990104263158607,97.08193041526386,52274900.0,69.52708595747406,1.2868203707840438,0.7275001280347008,0.04430354348087806,10.06000000000003,0.957278064160969,0.0009146796413248,0.0091910338943612,2.140000000000043,3.790000000000021,80.76757684462706,71855520.0,-0.0004993086495621,27,-0.2460302089885218,0.5336087986099107,1.124346696682096,4.647954388758824,1.261107256833634,95432400.0,0.8765781774451205,260.41,67.64517617455371,2.3893041176537513,11.02000000000001,71364800.0,-0.050775912267463585,59228000.0,11,0,0,1
2017-11-28,0.0101522842639594,0.9235008368901707,0.8932929570405683,26.43745307381863,99.83588621444216,98971700.0,69.14210916928764,1.8114156526498524,1.2329747880483355,0.010144871844137926,12.780000000000001,1.3762274420440876,0.0119354718087061,0.0176926054974835,4.5400000000000205,4.25,82.77957791790347,80270660.0,0.0101448718441379,28,-0.11896692971923262,1.0495000457755328,1.317180701570635,6.505428502410983,0.7275001280347008,52274900.0,0.8932929570405683,260.76,69.28891231689938,2.4093538235356236,12.819999999999993,56896000.0,-0.035707377981347044,95446300.0,11,1,0,0
2017-11-29,-0.0006012970837092,0.957278064160969,-0.2168256178281266,28.800189681638866,95.07494646680934,77512100.0,64.79538766393583,2.0289800393296944,0.923560435747624,-0.0006086658804733691,13.519999999999982,1.261107256833634,0.0090306281325072,0.0104619408438784,4.979999999999961,4.849999999999966,82.21819026768657,83927480.0,-0.0006086658804733,29,-0.050775912267463585,1.2791116881513416,1.44208277717766,6.8234243602446325,1.2329747880483355,98971700.0,-0.2168256178281266,263.02,69.52708595747406,2.3393999789973656,12.539999999999992,59228000.0,-0.10697400445001914,95432400.0,11,2,0,1
2017-11-30,0.0087670290945034,1.3762274420440876,0.6499927108154726,31.275998527926276,95.07109004739327,127894400.0,80.76757684462706,2.286066247703113,1.4144934973583536,0.00875490084123176,4.779999999999973,0.7275001280347008,0.0183180162747536,0.0202109639667384,8.569999999999993,6.70999999999998,83.90766340715433,90417100.0,0.0087549008412317,30,-0.035707377981347044,1.4713282974103739,1.6862415796939558,6.276744379053401,0.923560435747624,77512100.0,0.6499927108154726,263.76,69.14210916928764,2.4108714090689847,14.919999999999987,95446300.0,0.5336087986099107,52274900.0,11,3,0,0
2017-12-01,-0.0020875047927405,1.261107256833634,0.2853643318237546,32.26646765263231,92.46445497630317,164390900.0,82.77957791790347,2.4707679867691,1.577514566907977,-0.0020753933813818515,1.589999999999975,1.2329747880483355,0.0060782272180536,0.0157474266400368,5.839999999999975,4.46999999999997,81.90366124707718,104208800.0,-0.0020753933813818,1,-0.10697400445001914,1.4447963154045116,1.8192293414410017,1.866140402000105,1.4144934973583536,127894400.0,0.2853643318237546,264.76,64.79538766393583,2.5636663084212006,15.269999999999982,95432400.0,1.0495000457755328,98971700.0,12,4,0,0
2017-12-04,-0.0011953551912567,0.7275001280347008,-0.4279452208121009,33.41423850912376,87.06854642683508,94040600.0,82.21819026768657,2.3345618194615483,0.8354564606828916,-0.0012100128563865553,1.4300000000000068,0.923560435747624,0.005484169110506,0.0150251700418859,6.279999999999973,4.379999999999996,80.69606737493966,112561940.0,-0.0012100128563865,4,0.5336087986099107,1.2939328842200393,1.880353891625276,1.007606073809039,1.577514566907977,164390900.0,-0.4279452208121009,266.31,80.76757684462706,2.5748330006768314,3.909999999999968,52274900.0,1.2791116881513416,77512100.0,12,0,0,0
2017-12-05,-0.0036330996751581,1.2329747880483355,-0.1706294940695827,34.035932270757336,82.39024390243895,77994500.0,83.90766340715433,2.014082642020361,0.7197288830035112,-0.0035965775724994264,-1.8199999999999932,1.4144934973583536,-0.0069159596591554,0.0012173317609465,4.889999999999986,2.829999999999984,77.0634125621776,108366500.0,-0.0035965775724994,5,1.0495000457755328,1.029895156759527,1.8390086942867183,0.938546748956514,0.8354564606828916,94040600.0,-0.1706294940695827,263.19,82.77957791790347,2.541630643485626,0.3199999999999932,98971700.0,1.4713282974103739,127894400.0,12,1,0,1
2017-12-06,0.0002144910128265,0.923560435747624,-0.0268724076697716,34.4698791097289,82.6341463414634,75898600.0,81.90366124707718,1.8613618073272784,0.7024799201805194,0.00018997682282773098,-1.2199999999999704,1.577514566907977,-0.0046139638535883,0.0020174336721099,3.25,3.009999999999991,77.12178729919233,108043800.0,0.0001899768228277,6,1.2791116881513416,0.7702335913478953,1.7896469733600782,0.7881433879547592,0.7197288830035112,77994500.0,-0.0268724076697716,263.3,82.21819026768657,2.432942740379513,0.5300000000000296,77512100.0,1.4447963154045116,164390900.0,12,2,0,1
2017-12-07,0.0031308972379482,1.4144934973583536,0.0173916251419656,35.00650346783102,85.46325878594239,77218600.0,80.69606737493966,1.614020514808035,0.7886801409967497,0.003153016258927055,-0.06999999999999318,0.8354564606828916,-0.0002877114243833,-0.0035470359609071,4.310000000000002,1.1999999999999886,78.11739429698885,97908640.0,0.003153016258927,7,1.4713282974103739,0.57494906747824,1.7888120413137472,0.5717954179397385,0.7024799201805194,75898600.0,0.0173916251419656,264.07,83.90766340715433,2.365589687495263,-0.9399999999999977,127894400.0,1.2939328842200393,94040600.0,12,3,0,1
2017-12-08,0.0054726580871349,1.577514566907977,-0.0084785271942252,35.71114075508317,92.92375205704872,76563900.0,77.0634125621776,1.484565405916335,0.9529600747990745,0.0054530995569357366,2.319999999999993,0.7197288830035112,0.0088180463379097,0.0039703546850184,5.149999999999977,2.800000000000012,79.76284329250684,80343240.0,0.0054530995569357,8,1.4447963154045116,0.4678703131939379,1.869880831974712,0.9399202093671741,0.7886801409967497,77218600.0,-0.0084785271942252,265.16,81.90366124707718,2.3030475669598878,1.0500000000000114,164390900.0,1.029895156759527,77994500.0,12,4,0,1
2017-12-11,0.0030190925713313,0.8354564606828916,0.0850740361972157,36.52528100105014,97.31212287438284,83077500.0,77.12178729919233,1.1934585595371905,1.0630433898029217,0.0030130691876013582,3.069999999999993,0.7024799201805194,0.0116226478964145,0.0082153403498146,6.079999999999984,1.3000000000000114,80.63407911025479,78150620.0,0.0030130691876013,11,1.2939328842200393,0.37978079576732604,1.968725259621067,1.3944819826647907,0.9529600747990745,76563900.0,0.0850740361972157,266.31,80.69606737493966,2.2028298836056086,2.170000000000016,94040600.0,0.7702335913478953,75898600.0,12,0,0,1
2017-12-12,0.0017381719518398,0.7197288830035112,0.025497878486955,37.45354181830107,97.11999999999989,85195800.0,78.11739429698885,1.3565053139099688,1.0704216362477712,0.0017648605009199514,2.7099999999999795,0.7886801409967497,0.0102299226103061,0.0136403358790226,3.909999999999968,2.319999999999993,81.14758539526235,79590880.0,0.0017648605009199,12,1.029895156759527,0.28628573586984896,2.056438412225816,1.4951153801551533,1.0630433898029217,83077500.0,0.025497878486955,267.21,77.0634125621776,2.11762774906235,3.589999999999975,77994500.0,0.57494906747824,77218600.0,12,1,0,0
2017-12-13,-8.464175377709271e-05,0.7024799201805194,0.2078694020127753,38.360146641855515,95.7345971563981,102905400.0,79.76284329250684,1.351864556002987,1.2107623001817578,-0.00011245220781153087,1.240000000000009,0.9529600747990745,0.0046726227693941,0.0133338398419693,4.0400000000000205,2.6100000000000136,80.99994662372207,84992240.0,-0.0001124522078115,13,0.7702335913478953,0.16174241719699722,2.100128906007569,1.136301016446035,1.0704216362477712,85195800.0,0.2078694020127753,267.06,77.12178729919233,2.031368624129327,3.509999999999991,75898600.0,0.4678703131939379,76563900.0,12,2,0,0
2017-12-14,-0.004105472552588,0.7886801409967497,-0.0217549321998651,38.61078039840254,74.86772486772517,100666700.0,80.63407911025479,1.3707779624073375,1.1224867548465207,-0.004086223055295157,-0.6499999999999773,1.0630433898029217,-0.0024519423545252,0.0060211307607831,0.6500000000000341,2.4700000000000277,75.61683664123785,89681860.0,-0.0040862230552951,14,0.57494906747824,-0.043747949341327086,2.033047339528821,0.595541770135544,1.2107623001817578,102905400.0,-0.0217549321998651,267.09,78.11739429698885,2.0019851509772324,1.5900000000000318,77218600.0,0.37978079576732604,83077500.0,12,3,0,1
2018-01-26,0.0115776535426825,0.9529600747990745,0.4612582408714676,41.01606419789232,99.80754426481906,107743100.0,81.14758539526235,124.5150216015902,1.1232869428687302,0.07874727094782785,19.80000000000001,1.0704216362477712,0.0116174776246762,-0.4896716290334069,76.71999999999997,0.3899999999999863,89.72746037144633,95917700.0,0.2156613217951979,26,0.4678703131939379,1.1155242783465242,4.3224555642551366,9.047288544087392,1.1224867548465207,100666700.0,0.2737503147635638,284.25,79.76284329250684,3.356843354478857,21.069999999999993,76563900.0,0.28628573586984896,85195800.0,1,4,1,0
2018-01-29,-0.0066240740014894,1.0630433898029217,-0.2083024390929568,43.24954201170426,92.462311557789,90118300.0,80.99994662372207,95.63171696670524,0.9259440399499167,-0.006629911368553176,17.930000000000007,1.2107623001817578,0.0053899143289758,-0.3182133876182493,-123.33999999999996,39.24000000000001,84.92076431196078,97325860.0,0.3551673251773219,29,0.37978079576732604,1.610570700671448,4.296963007674407,10.565566714567382,1.1232869428687302,107743100.0,-0.1635817050001345,285.93,80.63407911025479,3.265640257730366,18.370000000000005,83077500.0,0.16174241719699722,102905400.0,1,0,1,0
2018-02-16,0.0002879828855884,1.0704216362477712,1.4591749919136392,41.919703364158686,47.738693467336766,160420100.0,75.61683664123785,115.63810618092604,1.4275969754398654,-0.040642124490656184,7.449999999999989,1.1224867548465207,0.0265503644713884,-0.3765465917910788,63.76000000000002,83.61000000000001,62.8434686072143,112370720.0,-0.371713174906255,16,0.28628573586984896,1.042554479374873,-1.3377254161600547,9.823890777078791,0.9259440399499167,90118300.0,0.4426229065928779,272.32,81.14758539526235,3.9188088107496273,6.330000000000041,85195800.0,-0.043747949341327086,100666700.0,2,4,1,1
2018-02-26,0.0116126921818777,1.2107623001817578,0.3621336441091705,41.0158724236254,66.2543486664089,86491400.0,89.72746037144633,114.3318938927854,0.7928595576852139,0.017538720662004126,-8.680000000000007,1.1232869428687302,0.0288536922193505,-0.4898670974374036,-124.52000000000004,-15.720000000000027,66.7029151589292,109087920.0,0.3473939393939393,26,0.16174241719699722,0.879688324436211,-0.1392328887208691,8.567081183225303,1.4275969754398654,160420100.0,-0.067643025923179,275.93,80.99994662372207,3.988893895696081,11.149999999999977,102905400.0,1.1155242783465242,107743100.0,2,0,1,0
2018-02-28,-0.0101101060128525,1.1224867548465207,0.2301592747469203,39.354589004861175,37.3745819397993,121907800.0,84.92076431196078,2.5619829559671423,1.0756304211525114,-0.02249010435408416,-13.03000000000003,0.9259440399499167,-0.0109873087380079,0.0059248287354192,5.649999999999977,-1.4600000000000364,58.20727138440689,113336140.0,-0.0101300878183873,28,-0.043747949341327086,0.2727480988139357,-0.0334370024136774,6.697203147581302,0.7928595576852139,86491400.0,0.2301592747469203,275.68,75.61683664123785,4.176115760289215,5.989999999999952,100666700.0,1.610570700671448,90118300.0,2,2,0,0
2018-03-01,-0.0145550777373471,1.1232869428687302,0.4507283373172184,36.859129928055104,20.86120401337795,176855100.0,62.8434686072143,2.862954185219539,1.390823612790773,-0.014540769372354045,-5.410000000000025,1.4275969754398654,-0.0371550786572327,-0.0099852071005916,-1.8899999999999864,-3.6999999999999886,53.56397860181415,127158540.0,-0.014540769372354,1,1.1155242783465242,-0.43455336292797675,-0.364152798958969,6.522972481926783,1.0756304211525114,121907800.0,0.4507283373172184,271.41,89.72746037144633,4.389964634554272,-18.879999999999995,107743100.0,1.042554479374873,160420100.0,3,3,0,1
2018-03-02,0.005161127895267,0.9259440399499167,-0.2135754072118927,34.34433195326114,26.630434782608695,139083200.0,66.7029151589292,3.03926178902403,1.0155652160706212,0.005155024280911524,-8.819999999999993,0.7928595576852139,-0.0195040558549326,-0.0204943394852753,-3.9499999999999886,-0.9700000000000272,54.91707151997249,136951520.0,0.0051550242809115,2,1.610570700671448,-0.8265428086012712,-0.5209910691986295,3.9723506894501224,1.390823612790773,176855100.0,-0.2135754072118927,265.8,84.92076431196078,4.426395732086112,-15.600000000000023,90118300.0,0.879688324436211,86491400.0,3,4,0,1
2018-03-05,0.0115633479440617,1.4275969754398654,-0.3003655365996756,32.5092385969563,39.04601097509498,97307400.0,58.20727138440689,3.017218918142881,0.7826606475819233,0.011557900995986303,0.5400000000000205,1.0756304211525114,0.0021693981019816,-0.0205469593378913,-0.920000000000016,1.7900000000000205,57.89473112539404,124328980.0,0.0115579009959863,5,1.042554479374873,-0.8880636400798583,-0.4169641747231765,3.9225922551260535,1.0155652160706212,139083200.0,-0.3003655365996756,267.73,62.8434686072143,4.487367465508531,-0.9200000000000159,160420100.0,0.2727480988139357,121907800.0,3,0,0,1
2018-03-06,0.0025173324529548,0.7928595576852139,-0.1859488589768095,30.883177644665093,39.159292035398295,79213200.0,53.56397860181415,3.023480150790072,0.6446736126811561,0.0025349939380578945,5.180000000000007,1.390823612790773,0.0192418082922836,-0.005648070546223,1.4800000000000182,-1.829999999999984,58.54887404859886,122873340.0,0.0025349939380578,6,0.879688324436211,-0.8916427925438333,-0.2820489249236004,2.2079062480040115,0.7826606475819233,97307400.0,-0.1859488589768095,273.3,66.7029151589292,4.324698360829349,-5.019999999999982,86491400.0,-0.43455336292797675,176855100.0,3,1,0,0
2018-03-07,-0.0003704770921665,1.0756304211525114,0.09910343225624,29.180443633029196,36.49701971572663,87063500.0,54.91707151997249,2.9400105819914377,0.7511659601078405,-0.00036646144825569493,3.6999999999999886,1.0155652160706212,0.01371020330485,0.004159764402724,2.7299999999999613,-5.1200000000000045,58.40724949629437,115904480.0,-0.0003664614482556,7,0.2727480988139357,-0.9071013181628462,-0.1803113483008758,2.380541955096591,0.6446736126811561,79213200.0,0.09910343225624,270.42,58.20727138440689,4.2286484779129685,1.1299999999999955,121907800.0,-0.8265428086012712,139083200.0,3,2,0,1
2018-03-08,0.0048591665294019,1.390823612790773,-0.2315815468020468,27.784277105896404,42.54928931682728,66901200.0,57.89473112539404,2.8967637114544726,0.712368908902535,0.004839064447540231,1.910000000000025,0.7826606475819233,0.0070060218901902,0.0239073589839373,3.7000000000000455,-0.3299999999999841,59.78990416730541,93913700.0,0.0048390644475402,8,-0.43455336292797675,-0.8365066932638818,-0.0044165364363379,1.880366985451224,0.7511659601078405,87063500.0,-0.2315815468020468,273.55,53.56397860181415,4.0566021580620415,6.400000000000034,176855100.0,-0.8880636400798583,97307400.0,3,3,0,1
2018-03-09,0.0174166051962954,1.0155652160706212,0.698404512923535,27.235589988927888,64.41999082989459,113625300.0,58.54887404859886,3.455590639335952,1.2792455302800698,0.017402407880335646,5.990000000000009,0.6446736126811561,0.0219052946335308,0.0363832317526386,4.160000000000025,7.220000000000027,64.39591584112503,88822120.0,0.0174024078803356,9,-0.8265428086012712,-0.4935987995032729,0.4724744590294847,2.720814216365137,0.712368908902535,66901200.0,0.698404512923535,275.7,54.91707151997249,4.107559146771894,9.79000000000002,139083200.0,-0.8916427925438333,79213200.0,3,4,0,0
2018-03-12,-0.0012889193217062,0.7826606475819233,-0.0871583735445894,26.881662783642277,62.81522237505725,71924800.0,58.40724949629437,79.19037644253967,0.8588487036930895,-0.0012550650840894573,5.740000000000009,0.7511659601078405,0.0209868524039911,0.0198462101794212,-111.73000000000002,-3.069999999999993,63.81825991473216,83745600.0,-0.378137000982406,12,-0.8880636400798583,-0.32360745006189884,0.8151956154881077,3.0280191544926747,1.2792455302800698,113625300.0,-0.3670001311327671,279.2,57.89473112539404,3.9448763505739044,6.329999999999984,97307400.0,-0.9071013181628462,87063500.0,3,0,0,0
2018-03-13,-0.0064529138939302,0.6446736126811561,0.2786813449602918,26.075244711526214,54.562127464465995,91968900.0,59.78990416730541,3.711206602231154,1.0657285547518944,-0.006462731581214798,2.6200000000000045,0.712368908902535,0.0096747719806589,0.0140721196130169,2.2900000000000205,7.640000000000043,60.797701665174536,86296740.0,-0.0064627315812147,13,-0.8916427925438333,-0.3627061137826324,0.946784035898844,2.6873816252952496,0.8588487036930895,71924800.0,0.2786813449602918,279.84,58.54887404859886,3.975956611247201,3.840000000000032,79213200.0,-0.8365066932638818,66901200.0,3,1,0,0
2018-03-14,-0.0051146742439618,0.7511659601078405,0.1514229266632525,25.01589323444867,48.4960666358168,105895100.0,64.39591584112503,3.6940649094940494,1.175788386492753,-0.005131540907776899,-3.569999999999993,1.2792455302800698,-0.0128565074595983,0.0092382139453039,3.650000000000034,3.1100000000000136,58.44748132634912,90063060.0,-0.0051315409077768,14,-0.9071013181628462,-0.5057313375950434,0.9385779945010028,2.0458299049467654,1.0657285547518944,91968900.0,0.1514229266632525,277.81,58.40724949629437,3.9312454247295414,2.5200000000000387,87063500.0,-0.4935987995032729,113625300.0,3,2,0,0
2018-03-15,-0.0011016361336652,0.712368908902535,-0.2121165190835081,23.975816776050788,65.29826812059004,83433000.0,63.81825991473216,3.009459899863887,0.8935795038675404,-0.0010897203051217774,-3.519999999999982,0.8588487036930895,-0.0126692242715572,0.0032834731849689,7.300000000000011,2.1200000000000045,57.937913658302996,93369420.0,-0.0010897203051217,15,-0.8365066932638818,-0.6337696498175482,0.8999142527277684,1.782279439362555,1.175788386492753,105895100.0,-0.2121165190835081,275.88,59.78990416730541,3.806156465820289,0.8999999999999773,66901200.0,-0.32360745006189884,71924800.0,3,3,0,0
2018-03-16,0.0011028510742587,1.2792455302800698,0.948099828183698,22.937835908436366,60.166773572802924,100343700.0,60.797701665174536,80.0152827346822,1.1061654821629952,-0.0029090909090909722,-2.5200000000000387,1.0657285547518944,1.2149405935746316e-06,-0.1611857199669614,-163.66000000000005,-116.05,56.522730623514576,90713100.0,-0.3540331699962307,16,-0.4935987995032729,-0.7761668189786946,0.8864917377092638,1.7018578083889302,0.8935795038675404,83433000.0,0.2026859875588795,274.5,64.39591584112503,3.6235738611188397,-4.670000000000016,113625300.0,-0.3627061137826324,91968900.0,3,4,1,0
2018-03-26,0.0273574680251462,0.8588487036930895,1.368267743727572,23.23254717567874,27.14285714285709,141956100.0,58.44748132634912,111.05446763738172,1.3555860158045274,-0.03315098468271327,-10.189999999999998,1.175788386492753,-0.0189724627988283,-0.3804683118339876,-14.089999999999977,48.170000000000016,43.516249866138,104719360.0,-0.2590139191682038,26,-0.32360745006189884,-1.447378538449664,-1.5304373503355748,4.649374151428743,1.1061654821629952,100343700.0,-0.2265439578761084,262.13,63.81825991473216,4.421175728181777,-13.409999999999968,71924800.0,-0.5057313375950434,105895100.0,3,0,1,1
2018-04-12,0.0082290562036055,1.0657285547518944,-0.1340279663317947,23.171511000271696,31.047619047618962,68890500.0,57.937913658302996,106.77292594827384,0.6881914830703526,0.003093055712722892,-9.069999999999993,0.8935795038675404,0.0188577480058625,-0.3942507004396255,-146.81,58.53,44.75132447081568,100103680.0,-0.0262541193701941,12,-0.3627061137826324,-1.779123028858403,-1.624285225103364,5.125150729488168,1.3555860158045274,141956100.0,-0.2441260826726297,265.26,60.797701665174536,4.243948890454507,-10.79000000000002,91968900.0,-0.6337696498175482,83433000.0,4,3,1,1
2018-05-21,0.0075045357083951,1.175788386492753,-0.489322360425011,21.80306197778711,66.47619047619038,58025900.0,56.522730623514576,133.9133831209148,0.6409588263935957,0.02797728725604487,-0.8299999999999841,1.1061654821629952,0.0041736608094254,-0.044795415632971,-309.95000000000005,-7.75,54.47745270240116,90529840.0,-0.0197224513214042,21,-0.5057313375950434,-1.4541775265597119,1.581099748494637,4.792376237314113,0.6881914830703526,68890500.0,-0.0985287720606512,273.01,58.44748132634912,4.515809683993472,-1.9300000000000068,105895100.0,-0.7761668189786946,100343700.0,5,0,1,0
2018-05-25,-0.0023787064758233,0.8935795038675404,-0.2586535654451777,20.685993725147476,60.66666666666644,56374800.0,43.516249866138,0.7801602399495031,0.6623119379874104,-0.00446281596371223,7.039999999999964,1.3555860158045274,-0.0016753858796324,0.0030221501492646,-0.7000000000000455,-0.0900000000000318,52.83493200328215,85118200.0,-0.0023826979472142,25,-0.6337696498175482,-1.2840122431368464,1.5594422955625191,4.300606933907444,0.6409588263935957,58025900.0,-0.2586535654451777,272.15,57.937913658302996,4.321108992279654,-2.8500000000000227,83433000.0,-1.447378538449664,141956100.0,5,4,0,0
2018-05-29,-0.0114696813977389,1.1061654821629952,1.0560356755145914,20.219659691648964,45.76190476190455,115908600.0,44.75132447081568,1.2891896679689854,1.3136920530814618,-0.011501010472166118,3.089999999999975,0.6881914830703526,-0.0158948005122068,-0.0159124995427443,-3.960000000000037,-2.990000000000009,48.77204956742064,88231180.0,-0.0115010104721661,29,-0.7761668189786946,-1.338745761916667,1.257426035645949,3.657510082005561,0.6623119379874104,56374800.0,1.0560356755145914,270.31,56.522730623514576,4.326029778545392,-5.180000000000007,100343700.0,-1.779123028858403,68890500.0,5,1,0,1
2018-05-30,0.0133078266655577,1.3555860158045274,-0.39885047356279,19.423661467702605,62.857142857142804,69678400.0,54.47745270240116,1.2602997879685514,0.9444635112619829,0.013344732733625797,-0.7599999999999909,0.6409588263935957,-0.0005405612080046,0.0,1.509999999999991,1.2800000000000296,53.21577611962568,73775640.0,0.0133447327336257,30,-1.447378538449664,-1.0996662981595118,1.2617446236241676,3.099174083521777,1.3136920530814618,115908600.0,-0.39885047356279,270.5,43.516249866138,4.309170508649294,7.5,141956100.0,-1.4541775265597119,58025900.0,5,2,0,0
2018-05-31,-0.0061150783879175,0.6881914830703526,0.3421648602723368,18.710096739978223,54.90476190476178,93519900.0,52.83493200328215,1.3158098477947169,1.1882858170973063,-0.00612596749935812,-1.2099999999999795,0.6623119379874104,-0.0042769331200988,-0.008852794849283,-1.3000000000000114,-2.430000000000007,50.999553292056106,78701520.0,-0.0061259674993581,31,-1.779123028858403,-1.0221380393495276,1.1318888777538234,1.6989614474653345,0.9444635112619829,69678400.0,0.3421648602723368,272.15,44.75132447081568,4.169229758031489,5.009999999999991,68890500.0,-1.2840122431368464,56374800.0,5,3,0,1
2018-06-01,0.0098278069124995,0.6409588263935957,-0.2380402459797326,17.758189468698653,67.57142857142856,71258400.0,48.77204956742064,1.4073493604006944,0.8759696917023918,0.009817671809256856,4.580000000000041,1.3136920530814618,0.0170205551901396,0.002932551319648,1.5900000000000318,0.9900000000000092,54.26660715121294,81348020.0,0.0098176718092568,1,-1.4541775265597119,-0.7712709617902642,1.2071085768268688,1.7602641847102238,1.1882858170973063,93519900.0,-0.2380402459797326,272.41,54.47745270240116,4.085713346743526,0.2300000000000182,58025900.0,-1.338745761916667,115908600.0,6,4,0,1
2018-06-04,0.0047434062563893,0.6623119379874104,-0.3630898251995554,16.624217456487028,73.76190476190453,45385200.0,53.21577611962568,1.606730289196117,0.5734067297451299,0.004751461988304007,2.2899999999999636,0.9444635112619829,0.0084561347809712,0.0101047216608487,3.569999999999993,1.5399999999999636,55.8170555221041,79150100.0,0.004751461988304,4,-1.2840122431368464,-0.5099434777718668,1.3448207789288062,2.2976683833777565,0.8759696917023918,71258400.0,-0.3630898251995554,274.53,52.83493200328215,3.907448107690415,2.75,56374800.0,-1.0996662981595118,69678400.0,6,0,0,1
2018-06-05,0.0007325709169345,1.3136920530814618,0.1266888765500649,15.501111371943386,74.71428571428571,51135000.0,50.999553292056106,1.78927328513196,0.7724859348190161,0.0007275372862860507,4.160000000000025,1.1882858170973063,0.0153037840858234,0.0226005501449708,1.7300000000000182,2.300000000000012,56.0638397009815,66195380.0,0.000727537286286,5,-1.338745761916667,-0.3247959980346058,1.4517483358015395,1.7212785945262374,0.5734067297451299,45385200.0,0.1266888765500649,275.05,48.77204956742064,3.7247732428553824,6.080000000000041,115908600.0,-1.0221380393495276,93519900.0,6,1,0,1
2018-06-06,0.0083777298792142,0.9444635112619829,0.2267957367752029,14.742274710163747,96.66845781837718,62732200.0,54.26660715121294,2.32175125474002,0.9679977853950258,0.008360596146855581,3.7999999999999545,0.8759696917023918,0.0138537070525381,0.0175708888155239,4.789999999999964,5.25,58.90645929448135,64806140.0,0.0083605961468555,6,-1.0996662981595118,-0.06234503616231257,1.6833098309490993,2.363835865701051,0.7724859348190161,51135000.0,0.2267957367752029,275.79,53.21577611962568,3.632289439794284,4.789999999999964,69678400.0,-0.7712709617902642,71258400.0,6,2,0,0
2018-06-07,-0.0001209921355111,1.1882858170973063,0.1631889205224748,14.193985579166931,95.17753047164827,72969400.0,55.8170555221041,2.6742868208174544,1.202210226565028,-0.00010814708002870876,2.4700000000000273,0.5734067297451299,0.0089893086606376,0.023732191629143,4.009999999999991,8.350000000000023,58.85297292094011,60696040.0,-0.0001081470800287,7,-1.0221380393495276,0.08624707784732677,1.843156474372989,1.6647462268992355,0.9679977853950258,62732200.0,0.1631889205224748,277.95,50.999553292056106,3.5114116226661207,6.430000000000007,93519900.0,-0.5099434777718668,45385200.0,6,3,0,1
2018-06-08,0.002944498225234,0.8759696917023918,-0.0113705196972977,13.68485995752703,99.52305246422907,72139700.0,56.0638397009815,3.0186045341069767,1.185098969482014,0.0029563399069834073,3.089999999999975,0.7724859348190161,0.011201235968937,0.0167763157894735,5.389999999999986,5.579999999999984,59.924099520215684,60872300.0,0.0029563399069834,8,-0.7712709617902642,0.20973366738441657,2.0056214346125216,1.491700372050532,1.202210226565028,72969400.0,-0.0113705196972977,276.85,54.26660715121294,3.3741679353328244,4.589999999999975,71258400.0,-0.3247959980346058,51135000.0,6,4,0,1
2018-06-11,0.0013271667001808,0.5734067297451299,-0.1836325906539672,13.463286070491382,95.94188376753506,58892500.0,58.90645929448135,3.225404195169965,0.9263649027523305,0.0013300262410582686,1.160000000000025,0.9679977853950258,0.0041506727899036,0.0133139323390325,6.410000000000025,7.620000000000003,60.42470893684378,63573760.0,0.0013300262410582,11,-0.5099434777718668,0.28181525531082663,2.136377498223453,1.3445928751767329,1.185098969482014,72139700.0,-0.1836325906539672,278.44,55.8170555221041,3.2174416542376227,3.660000000000025,45385200.0,-0.06234503616231257,62732200.0,6,0,0,1
2018-06-12,0.0012852437946824,0.7724859348190161,0.2281529906184998,13.223201701414629,96.85534591194977,72329000.0,58.85297292094011,2.7488965462926944,1.0666018212555315,0.001292360712234375,1.5500000000000114,1.202210226565028,0.0055569087200972,0.0138858596873863,9.900000000000034,5.319999999999993,60.93601126614481,67812560.0,0.0012923607122343,12,-0.3247959980346058,0.3166180575494151,2.2400025908163173,0.6917875396221681,0.9263649027523305,58892500.0,0.2281529906184998,279.03,56.0638397009815,3.06905296464922,3.819999999999993,51135000.0,0.08624707784732677,72969400.0,6,1,0,0
2018-06-13,-0.0031688728439631,0.9679977853950258,0.0932074271730565,12.882401810428815,87.6279863481225,79070600.0,59.924099520215684,2.5886824190433915,1.1124132388973362,-0.003190879105119948,-0.160000000000025,1.185098969482014,-0.0005564623490998,0.0022710886806056,5.419999999999959,3.1299999999999955,58.90967070423272,71080240.0,-0.0031908791051199,13,-0.06234503616231257,0.24573710235622093,2.232643303351296,0.5841489535867977,1.0666018212555315,72329000.0,0.0932074271730565,279.19,58.90645929448135,2.969834895745705,0.6299999999999955,62732200.0,0.20973366738441657,72139700.0,6,2,0,1
2018-06-14,0.0024948694217536,1.202210226565028,-0.0249523843248944,12.56594476879913,93.60068259385667,77097600.0,60.42470893684378,1.8679400418636865,1.0722016057657593,0.002517713915764608,0.17000000000001592,0.9263649027523305,0.0006112403724729,0.0049031978945091,7.79000000000002,3.629999999999996,60.0353310105898,71905880.0,0.0025177139157646,14,0.08624707784732677,0.21324131314210426,2.2508929407692904,0.3704456774976235,1.1124132388973362,79070600.0,-0.0249523843248944,279.01,58.85297292094011,2.850560974621012,1.3600000000000136,72969400.0,0.28181525531082663,58892500.0,6,3,0,0
2018-06-15,-0.0012443302693373,1.185098969482014,0.5570082596604824,11.899456039032946,79.9488054607507,120041600.0,60.93601126614481,1.416129702156931,1.4731514245469113,-0.00574032217558218,-1.7900000000000205,1.0666018212555315,-0.0019183336915468,-0.0038103454473561,3.5299999999999727,-0.2699999999999818,56.24270060575213,81486260.0,-0.0057403221755821,15,0.20973366738441657,0.0592414384192792,2.214810543409925,0.7202985491978893,1.0722016057657593,77097600.0,0.5570082596604824,276.6,59.924099520215684,2.888378047862368,-1.0600000000000023,72139700.0,0.3166180575494151,72329000.0,6,4,0,1
2018-08-27,0.007863949794685,0.9263649027523305,-0.0072189732010841,13.37463249702731,99.38900203665986,57072400.0,58.90967070423272,2.164851547386294,0.7035357998004,0.0456464475156062,11.75,1.1124132388973362,0.0125813975829696,0.0143872300206531,7.67999999999995,5.71999999999997,71.54707905175763,81122240.0,0.0078953775520851,27,0.28181525531082663,0.7464247709108243,1.851185226803949,5.225033014247617,1.4731514245469113,120041600.0,-0.0072189732010841,288.86,60.42470893684378,3.594208187300769,11.21999999999997,58892500.0,0.24573710235622093,79070600.0,8,0,0,1
2018-08-28,0.0004996732905406,1.0666018212555315,-0.1774745761523959,14.818759035901397,97.51984126984128,46943500.0,60.0353310105898,2.4552745942830696,0.6173109813460794,0.0004831251294086236,11.189999999999998,1.0722016057657593,0.0144043885086639,0.0125026192638124,6.020000000000039,4.860000000000014,71.66519474724801,76045140.0,0.0004831251294086,28,0.3166180575494151,1.1247619280536494,2.006983210693108,6.53543954145234,0.7035357998004,57072400.0,-0.1774745761523959,290.3,60.93601126614481,3.4103361739221456,11.0,72329000.0,0.21324131314210426,77097600.0,8,1,0,1
2018-08-29,0.0053784095274682,1.1124132388973362,0.3097766463940694,16.35167523306549,98.66048428645033,61485500.0,56.24270060575213,2.427462323771843,0.847747053142974,0.005380794701986824,14.350000000000023,1.4731514245469113,0.013742032612694,0.0185554041304119,9.700000000000044,5.810000000000002,73.00972125859701,72528120.0,0.0053807947019868,29,0.24573710235622093,1.3777447495537145,2.2178564663248608,6.882272153873322,0.6173109813460794,46943500.0,0.3097766463940694,290.16,58.90967070423272,3.2988835900705658,13.450000000000045,79070600.0,0.0592414384192792,120041600.0,8,2,0,0
2018-08-30,-0.0040504394344669,1.0722016057657593,-0.0041635832838636,17.692254705117932,91.7995444191344,61229500.0,71.54707905175763,2.3372433905490198,0.8828482650729225,-0.004048305201042934,0.5200000000000387,0.7035357998004,0.001827643383542,0.0157808180832079,6.240000000000009,3.960000000000037,70.29264928821866,69354500.0,-0.0040483052010429,30,0.21324131314210426,1.3608955666188316,2.273237433371662,5.958726373981387,0.847747053142974,61485500.0,-0.0041635832838636,290.94,60.0353310105898,3.195391905065527,11.569999999999993,77097600.0,0.7464247709108243,57072400.0,8,3,0,1
2018-08-31,3.836709637816682e-05,1.4731514245469113,0.0802113360390008,18.822775248928206,91.85649202733481,66140800.0,71.66519474724801,2.2405259799129897,1.1291770423704304,3.444712366507119e-05,0.38999999999998636,0.6173109813460794,0.0013663371893795,0.0097387916942019,5.25,4.139999999999986,70.3027357668109,58574340.0,3.444712366507119e-05,31,0.0592414384192792,1.248645436496072,2.2915189610195057,0.6690440941989978,0.8828482650729225,61229500.0,0.0802113360390008,289.84,56.24270060575213,3.075721054703702,13.180000000000007,120041600.0,1.1247619280536494,46943500.0,8,4,0,0
2018-09-04,-0.0017264530980241,0.7035357998004,-0.1292152498911413,19.659193502099875,88.40840840840839,57594400.0,73.00972125859701,2.0711051800102003,0.9815207347669701,-0.0017222968550859585,-1.670000000000016,0.847747053142974,-0.0057385254361128,0.0001035268134448,4.139999999999986,4.019999999999982,69.04051774975407,58678740.0,-0.0017222968550859,4,0.7464247709108243,1.0470912541332345,2.243830483125123,0.6626688463950565,1.1291770423704304,66140800.0,-0.1292152498911413,289.84,71.54707905175763,2.972455265082009,0.03000000000002956,57072400.0,1.3777447495537145,61485500.0,9,1,0,0
2018-09-05,-0.0026902382782474,0.6173109813460794,0.257976469934577,20.153764748740308,83.46552776082954,72452400.0,70.29264928821866,1.891513209634188,1.1359643979070726,-0.0026914185155793025,-1.2700000000000387,0.8828482650729225,-0.0043783242798933,-0.003069812362031,2.6899999999999977,1.5199999999999818,67.01903697996717,63780520.0,-0.0026914185155793,5,1.1247619280536494,0.779873346583269,2.125056541947231,0.8917006223966035,0.9815207347669701,57594400.0,0.257976469934577,289.41,71.66519474724801,2.8972798890047238,-0.8900000000000432,46943500.0,1.3608955666188316,61229500.0,9,2,0,0
2018-09-06,-0.0030057803468207,0.847747053142974,-0.0903006663685399,20.292858046503955,78.157413056742,65909900.0,70.3027357668109,1.6486118740047706,1.019245222329097,-0.0030100681590145006,-2.1499999999999773,1.1291770423704304,-0.0074224717230922,-0.0113901468368327,1.990000000000009,-1.6199999999999477,64.74204590995208,64665400.0,-0.0030100681590145,6,1.3777447495537145,0.4779856136216578,1.9455606445349645,0.9228055049587093,1.1359643979070726,72452400.0,-0.0903006663685399,289.15,73.00972125859701,2.86818846836153,-3.319999999999993,61485500.0,1.248645436496072,66140800.0,9,3,0,0
2018-09-07,-0.0019325912183054,0.8828482650729225,0.1155349955014344,20.314980409696453,74.74069554606474,73524800.0,69.04051774975407,1.2924137624351493,1.0953503387587773,-0.0019433647973348123,-2.2099999999999795,0.9815207347669701,-0.0076286098433736,-0.0093007233895969,1.8100000000000025,-2.319999999999993,63.25236460411474,67124460.0,-0.0019433647973348,7,1.3608955666188316,0.18888700944928782,1.7428722845164089,1.122172001068351,1.019245222329097,65909900.0,0.1155349955014344,286.98,70.29264928821866,2.8054607206214213,-2.6999999999999886,61229500.0,1.0470912541332345,57594400.0,9,4,0,1
2018-09-10,0.0017427000232359,1.1291770423704304,-0.3170889278175527,20.422059887403,77.791336180598,50210900.0,67.01903697996717,1.2077476741616533,0.7853001823002361,0.00173852573018074,-0.92999999999995,1.1359643979070726,-0.0031956715418902,-0.0076125520994797,0.5900000000000318,-3.3799999999999955,64.04778954871978,63938480.0,0.0017385257301807,10,1.248645436496072,-0.00982437807682679,1.6001065063307465,0.8767268673774412,1.0953503387587773,73524800.0,-0.3170889278175527,288.74,70.3027357668109,2.707927812005605,-2.2099999999999795,66140800.0,0.779873346583269,72452400.0,9,0,0,1
2018-09-11,0.0032860401283487,0.9815207347669701,0.0063651517897507,20.158788080334542,83.5875533862111,50530500.0,64.74204590995208,1.20757976502065,0.8081556863817598,0.0032974661575841946,0.8899999999999864,1.019245222329097,0.0030961489332792,-0.0026224077844104,-0.7299999999999613,-1.25,65.57258808962023,62525700.0,0.0032974661575841,11,1.0470912541332345,-0.11272568954842477,1.5378244122384783,0.6336955104633163,0.7853001823002361,50210900.0,0.0063651517897507,287.37,69.04051774975407,2.6980758254337758,-0.7599999999999909,57594400.0,0.4779856136216578,65909900.0,9,1,0,1
2018-09-12,0.000231196054254,1.1359643979070726,0.1836573950386399,19.987571685940875,84.01464307504573,59810800.0,63.25236460411474,1.1939588677070128,0.9968901975386258,0.0002421726344923325,1.5199999999999818,1.0953503387587773,0.0052599362058387,0.0003113863612775,-0.8000000000000114,-1.1899999999999975,65.68806395147917,59997380.0,0.0002421726344923,12,0.779873346583269,-0.2060834642260021,1.4762891600324224,0.6573279242367484,0.8081556863817598,50530500.0,0.1836573950386399,289.06,67.01903697996717,2.617498980759934,0.09000000000003183,72452400.0,0.18888700944928782,73524800.0,9,2,0,1
2018-09-13,0.0059326604514986,1.019245222329097,-0.1467393848602594,20.1911807342965,94.44783404514932,51034200.0,64.04778954871978,1.0734622075832616,0.8949876399103227,0.005914499169894727,2.7299999999999613,0.7853001823002361,0.0094498966341014,0.0092656857301498,-0.6500000000000341,1.0199999999999818,68.4702732473776,57022240.0,0.0059144991698947,13,0.4779856136216578,-0.18343489155279613,1.5341029748564097,1.2367093433712573,0.9968901975386258,59810800.0,-0.1467393848602594,290.32,64.74204590995208,2.5676776249913686,2.669999999999959,65909900.0,-0.00982437807682679,50210900.0,9,3,0,1
2018-09-14,0.0001531862745098,1.0953503387587773,0.079274290573772,20.447376863580995,82.90258449304157,55079900.0,65.57258808962023,1.1505404527141796,1.0327495450306243,0.0001719217412234908,1.829999999999984,0.8081556863817598,0.0063170427802625,0.0114047287899858,0.5799999999999841,1.8500000000000227,68.55057330995506,53333260.0,0.0001719217412234,14,0.18888700944928782,-0.1947823000954969,1.565106926928138,1.2180024630444106,0.8949876399103227,51034200.0,0.079274290573772,291.06,63.25236460411474,2.4749863660634124,3.2799999999999727,73524800.0,-0.11272568954842477,50530500.0,9,4,0,0
2018-09-17,-0.0052841170163886,0.7853001823002361,0.2390000708062287,20.22182043372849,52.286282306162626,68244000.0,65.68806395147917,1.094418160992188,1.1985272887824843,-0.005294279427942916,0.21999999999997044,0.9968901975386258,0.0008017297096198,0.0043040610898992,-0.9700000000000272,1.17999999999995,63.21080517975,56939880.0,-0.0052942794279429,17,-0.00982437807682679,-0.3278690183538977,1.4614763261076291,0.929263148942459,1.0327495450306243,55079900.0,0.2390000708062287,290.82,64.04778954871978,2.43034448277317,1.2399999999999523,50210900.0,-0.2060834642260021,59810800.0,9,0,0,1
2018-09-18,0.0054276695665564,0.8081556863817598,-0.09251509290194,20.249972236881746,83.49900596421513,61930400.0,68.4702732473776,1.2123604157906984,1.0457707937843825,0.005426142254786992,0.08000000000004093,0.8949876399103227,0.0002967388246777,0.0064348728593668,1.1000000000000227,3.3100000000000023,66.10919507131962,59219860.0,0.0054261422547869,18,-0.11272568954842477,-0.33106273748639126,1.4761078915490202,0.903897118029891,1.1985272887824843,68244000.0,-0.09251509290194,289.58,65.57258808962023,2.416748448289373,1.8600000000000136,50530500.0,-0.18343489155279613,51034200.0,9,1,0,1
2018-09-19,0.0010720165396838,0.9968901975386258,-0.2074877604536705,20.313386236197733,90.56224899598456,49080600.0,68.55057330995506,1.3479816187333056,0.8599494479255112,0.001065621669932293,0.34000000000003183,1.0327495450306243,0.0012155690898516,0.0072634200332042,2.1900000000000546,3.1200000000000045,66.66760074654242,57073820.0,0.0010656216699322,19,-0.2060834642260021,-0.33233031864257345,1.4930858087290062,0.7404255533023127,1.0457707937843825,61930400.0,-0.2074877604536705,290.97,65.68806395147917,2.3055521305544184,2.1000000000000227,59810800.0,-0.1947823000954969,55079900.0,9,2,0,1
2018-09-20,0.0081080047424175,0.8949876399103227,1.0448120031132464,21.084756206947358,95.02074688796662,100360600.0,63.21080517975,1.765062479221054,1.4992821833577088,0.008103839022045145,4.240000000000009,1.1985272887824843,0.0146076908486578,0.0094556957672866,5.419999999999959,4.529999999999973,70.634412780361,66939100.0,0.0081038390220451,20,-0.18343489155279613,-0.20074052628589056,1.6584891819187533,1.525608075484446,0.8599494479255112,49080600.0,1.0448120031132464,292.64,68.4702732473776,2.3351555498005294,2.75,51034200.0,-0.3278690183538977,68244000.0,9,3,0,0
2018-09-21,-0.0009105049508705,1.0327495450306243,0.0510070685109496,21.801028322643436,73.02904564315375,105479700.0,66.10919507131962,1.6247652821933016,1.3695272313113143,-0.005415900265685614,1.079999999999984,1.0457707937843825,0.0082695163312308,0.00381600660066,4.389999999999986,2.8700000000000045,65.02014901940238,77019060.0,-0.0054159002656856,21,-0.1947823000954969,-0.2443987042582818,1.7500332585555043,1.5505063688948475,1.4992821833577088,100360600.0,0.0510070685109496,293.09,68.55057330995506,2.294787296243347,1.1100000000000136,55079900.0,-0.33106273748639126,61930400.0,9,4,0,0
2018-10-01,0.0034706331045004,1.1985272887824843,0.3593671648327585,21.985377215579433,69.43291839557436,62078900.0,66.66760074654242,141.38288720900982,0.8191337085299615,-0.0008904414534743887,0.5099999999999909,0.8599494479255112,0.0063772903352796,0.0681776573541796,-146.32999999999998,42.54000000000002,64.12261971502711,75786040.0,-0.4891251050714486,1,-0.3278690183538977,-0.31017575412333365,1.4510611034075964,1.0369329775755576,1.3695272313113143,105479700.0,-0.1143150229557407,292.11,63.21080517975,2.2701596322259645,2.390000000000043,68244000.0,-0.33233031864257345,49080600.0,10,0,1,0
2018-10-12,0.0138917179288711,1.0457707937843825,0.8527192073984773,23.59080243915212,16.597125637459367,183186500.0,70.634412780361,130.31785978052997,1.8311827013254862,-0.05409111164432878,-17.629999999999995,1.4992821833577088,-0.0398133153387758,-0.3862185546831558,-318.29,-318.23,33.70911895753184,100037260.0,0.3181275376164318,12,-0.33106273748639126,-1.3761115318959911,-2.0191037754594845,7.289446481042474,0.8191337085299615,62078900.0,-0.3334806915283591,276.77,66.10919507131962,3.490862515638397,-14.960000000000036,61930400.0,-0.20074052628589056,100360600.0,10,4,1,0
2018-11-01,0.0106522451655195,0.8599494479255112,0.0587649391791444,25.319254013907813,13.28522920203733,99495000.0,65.02014901940238,142.66486030398517,0.903513199311225,-0.008842181554629458,-18.480000000000018,1.3695272313113143,0.0361266339001018,-0.0624550097693072,0.3999999999999772,35.79999999999998,31.241624032312274,110120140.0,-0.357173075115164,1,-0.33233031864257345,-2.158585237312881,-4.097589019925152,9.760538919546445,1.8311827013254862,183186500.0,-0.2244904958287963,271.6,66.66760074654242,3.6393723359499393,-17.710000000000036,49080600.0,-0.2443987042582818,105479700.0,11,3,1,1
2018-12-03,0.0132335786975583,1.4992821833577088,0.0506302174448751,25.047094969265352,37.86078098471993,103176300.0,64.12261971502711,5.47423865837863,0.9321760251412861,0.021169244268948173,-12.430000000000007,0.8191337085299615,0.017163880258662,0.0441121495327103,5.569999999999993,14.28000000000003,42.07677614727436,110683280.0,0.0132414293488121,3,-0.20074052628589056,-2.192232617123503,-0.4248806462649099,8.792262507453897,0.903513199311225,99495000.0,0.0506302174448751,280.28,70.634412780361,3.8715600262392287,-14.279999999999973,100360600.0,-0.31017575412333365,62078900.0,12,0,0,0
2018-12-04,-0.0323938070662961,1.3695272313113143,0.7250667062106317,25.799682010101716,1.4559068219634876,177986000.0,33.70911895753184,5.463198595043665,1.421788984486423,-0.0324024346580738,-5.699999999999989,1.8311827013254862,-0.0130493420878796,0.006892697466468,1.1499999999999773,7.0,33.25556155832561,125184540.0,-0.0324024346580738,4,-0.2443987042582818,-2.696823901448154,-0.5583562444109589,8.284299608293836,0.9321760251412861,103176300.0,0.7250667062106317,278.37,65.02014901940238,4.266448595793572,-21.74000000000001,105479700.0,-1.3761115318959911,183186500.0,12,1,0,0
2018-12-06,-0.0015180109953228,0.8191337085299615,0.1471992179160157,27.230873915742567,23.49206349206342,204185400.0,31.241624032312274,5.038220695620232,1.3292814908599828,-0.0015171137835338078,-3.670000000000016,0.903513199311225,-0.0206782393640606,-0.017262728530847,5.71999999999997,2.339999999999975,32.91885573997192,153605840.0,-0.0015171137835338,6,-0.31017575412333365,-2.912610969933336,-0.686083778634611,3.97605960719591,1.421788984486423,177986000.0,0.1471992179160157,265.92,64.12261971502711,4.519559410379746,-21.890000000000043,62078900.0,-2.158585237312881,99495000.0,12,3,0,0
2018-12-07,-0.0232567695278793,1.8311827013254862,-0.2114083573066438,28.269000150369482,3.587301587301573,161018900.0,42.07677614727436,5.239174659343709,1.0794154036083907,-0.02323599169878443,-15.730000000000018,0.9321760251412861,-0.0571685875894983,-0.0379954741221988,-1.4499999999999886,-4.829999999999984,28.21425019547266,149172320.0,-0.0232359916987844,7,-1.3761115318959911,-3.3034023167069417,-1.2298465615319571,5.741753216568384,1.3292814908599828,204185400.0,-0.2114083573066438,269.46,33.70911895753184,4.810305166781196,-12.379999999999995,183186500.0,-2.192232617123503,103176300.0,12,4,0,1
2018-12-10,0.0018930629758948,0.903513199311225,-0.0594526481052845,29.598905494487155,15.43035107587766,151445900.0,33.25556155832561,5.115762569418645,0.9491321582452017,0.0018970292521911514,-6.180000000000007,1.421788984486423,-0.0228817175473073,-0.0420097950299291,0.8199999999999932,-10.509999999999993,29.084624456266837,159562500.0,0.0018970292521911,10,-2.158585237312881,-3.3438223204306423,-1.6059587525594736,6.350663744835823,1.0794154036083907,161018900.0,-0.0594526481052845,263.37,31.241624032312274,4.933854797725397,-9.439999999999998,99495000.0,-2.696823901448154,177986000.0,12,0,0,1
2018-12-11,0.0002519314746389,0.9321760251412861,-0.1977042627103143,30.202488911524274,15.60022650056623,121504400.0,32.91885573997192,5.451022432127176,0.7443839946205347,0.00022721248153900753,-5.7099999999999795,1.3292814908599828,-0.0211117750773455,-0.0543143573218761,-3.3700000000000045,-9.850000000000025,29.19556599452278,163228120.0,0.000227212481539,11,-2.192232617123503,-3.1829759953911743,-1.8775456970674893,3.363141388638014,0.9491321582452017,151445900.0,-0.1977042627103143,267.66,42.07677614727436,4.966436597887868,-15.170000000000016,103176300.0,-2.912610969933336,204185400.0,12,1,0,1
2018-12-12,0.0050373604231381,1.421788984486423,-0.1936366090446107,30.50353028655467,19.36579841449597,97976700.0,28.21425019547266,5.645320677831654,0.6654838613709266,0.005035399235225002,1.8899999999999864,1.0794154036083907,0.007182354873672,-0.0177243293246994,-2.9399999999999977,-10.189999999999998,31.744601341000475,147226260.0,0.005035399235225,12,-2.696823901448154,-2.816108585612471,-1.9732044633108785,2.5713284504258507,0.7443839946205347,121504400.0,-0.1936366090446107,267.47,33.25556155832561,4.959548269467306,-4.7900000000000205,177986000.0,-3.3034023167069417,161018900.0,12,2,0,0
2018-12-13,-0.000334140840364,1.3292814908599828,-0.0134113518826415,30.925429115151136,19.110985277463197,96662700.0,29.084624456266837,5.581056849338976,0.7688623731842039,-0.0003390341294355892,1.3000000000000114,0.9491321582452017,0.004955151057413,-0.0165653720723391,-9.20999999999998,-13.930000000000009,31.661535412099227,125721720.0,-0.0003390341294355,13,-2.912610969933336,-2.4235455485653707,-2.032045895970981,0.8460496439151508,0.6654838613709266,97976700.0,-0.0134113518826415,266.52,32.91885573997192,4.846009107362499,-4.46999999999997,204185400.0,-3.3438223204306423,151445900.0,12,3,0,0
2018-12-14,-0.018467452160107,1.0794154036083907,0.2099920651916407,31.773926596227806,5.237825594564052,116961100.0,29.19556599452278,5.910625930380512,1.0004357191881357,-0.01846478501714577,-3.659999999999968,0.7443839946205347,-0.0137642325773329,-0.0117615813635845,-13.509999999999993,-9.779999999999973,27.450057216155912,116910160.0,-0.0184647850171457,14,-3.3034023167069417,-2.3368950056600726,-2.4075821079300965,2.027387481456991,0.7688623731842039,96662700.0,0.2099920651916407,262.96,28.21425019547266,4.894151313979462,-3.099999999999966,161018900.0,-3.1829759953911743,121504400.0,12,4,0,0
2018-12-17,-0.0196237016856801,0.9491321582452017,0.414934538064365,33.12616846248711,4.610733182161782,165492300.0,31.744601341000475,6.3842563301363615,1.382334397822108,-0.019618382155334624,-10.099999999999966,0.6654838613709266,-0.0384252946861513,-0.032983678570076,-20.289999999999964,-14.47999999999996,23.88235042880021,119719440.0,-0.0196183821553346,17,-3.3438223204306423,-2.454602305193956,-3.0421180904287723,4.306131674713085,1.0004357191881357,116961100.0,0.414934538064365,259.4,29.084624456266837,5.053140505838071,-8.70999999999998,151445900.0,-2.816108585612471,97976700.0,12,0,0,0
2018-12-18,-0.0010854934653293,0.7443839946205347,-0.1871821226727769,34.40242063823764,4.539722572509485,134515100.0,31.661535412099227,5.163592633901875,1.0996841276903062,-0.0010964912280702066,-10.289999999999992,0.7688623731842039,-0.0391766473111165,-0.0342634308863059,-24.22,-8.48999999999998,23.700578563852076,122321580.0,-0.0010964912280702,18,-3.1829759953911743,-2.380392878747827,-3.524536673976968,5.099016571846584,1.382334397822108,165492300.0,-0.1871821226727769,257.2,29.19556599452278,5.025773326849636,-9.049999999999983,121504400.0,-2.4235455485653707,96662700.0,12,1,0,0
2018-12-19,-0.0149960879770494,0.6654838613709266,1.3856730541965394,35.9029556644369,6.151368760064405,214992800.0,27.450057216155912,93.92457811102136,1.475334328817058,-0.014975693899953013,-9.210000000000036,1.0004357191881357,-0.0357052831280589,-0.4427712847353131,17.389999999999986,-141.49,21.31682116914844,145724800.0,-0.1173949697906421,19,-2.816108585612471,-2.410273080301738,-4.137547966797058,5.4802162366063785,1.0996841276903062,134515100.0,0.5982800443965026,255.17,31.744601341000475,5.38464666064609,-14.199999999999989,97976700.0,-2.3368950056600726,116961100.0,12,2,0,0
2018-12-20,-0.0162834826353648,0.7688623731842039,0.1723806564684957,37.627524760933,7.048951048951004,252053400.0,23.88235042880021,6.544482323979868,1.4256176961763192,-0.01627795908620555,-8.190000000000026,1.382334397822108,-0.0323650640777436,-0.0685834872065418,-22.669999999999987,-16.960000000000008,19.101598229637347,176802940.0,-0.0162779590862055,20,-2.4235455485653707,-2.5155655439273596,-4.8650349002965925,4.973587236589041,1.475334328817058,214992800.0,0.1723806564684957,249.86,31.661535412099227,5.4978861848856555,-18.200000000000017,96662700.0,-2.454602305193956,165492300.0,12,3,0,0
2018-12-21,-0.0205006280279921,1.0004357191881357,0.0130615179164415,39.51467180029356,1.7812963879267667,255345600.0,23.700578563852076,8.53780618452071,1.2487568456626335,-0.02617631589594205,-14.380000000000024,1.0996841276903062,-0.0517801986404063,-0.0759012554228895,-22.870000000000005,-24.75999999999999,16.228564300355004,204479840.0,-0.026176315895942,21,-2.3368950056600726,-2.8087579046752866,-5.744119706881151,6.135664593176375,1.4256176961763192,252053400.0,0.0130615179164415,246.74,27.450057216155912,5.800180028822396,-19.77000000000004,116961100.0,-2.380392878747827,134515100.0,12,4,0,1
2019-02-05,0.0042154756596812,1.382334397822108,0.0561316540258374,37.119108895735394,85.20710059171599,79552800.0,21.31682116914844,106.62929733426937,0.42475292850295643,0.1346073950976321,21.840000000000032,1.475334328817058,0.0117262263299688,0.2619564715124072,57.32000000000002,-169.92999999999995,53.74660151217894,187291940.0,-0.373652584743819,5,-2.454602305193956,-0.717358332675107,3.3249486395055783,12.202209635961895,1.2487568456626335,255345600.0,0.3096232105464171,272.44,23.88235042880021,7.724452883906511,17.74000000000001,165492300.0,-2.410273080301738,214992800.0,2,1,1,1
2019-02-27,-0.0004341134219976,1.0996841276903062,-0.1691308377792536,34.72146595261036,99.01540015147694,56921600.0,19.101598229637347,85.29082693936084,0.33137641229798076,0.02233614060783573,32.03,1.4256176961763192,0.0001986763480628,-0.3577918343875791,1.3000000000000114,73.64999999999998,57.597037105287846,171773240.0,-0.2939688961942092,27,-2.380392878747827,1.0822530904530803,3.8664133246774384,16.874889036671178,0.42475292850295643,79552800.0,0.0013633780814543,278.52,23.700578563852076,7.636277677913185,24.119999999999976,134515100.0,-2.5155655439273596,252053400.0,2,2,1,1
2019-03-04,-0.0036558040803489,1.475334328817058,0.7144747645496257,32.733822491272754,94.10360467892092,106494600.0,16.228564300355004,120.37473770134118,0.7096158151733549,0.0007163323782235498,38.69999999999999,1.2487568456626335,0.0007382948765604,0.2415570565232847,-116.05,-12.33000000000004,57.72130890635443,150073600.0,-0.3858395797155607,4,-2.410273080301738,2.2256478599921943,3.544935084276034,18.554729316267856,0.33137641229798076,56921600.0,0.3500751136212372,281.6,21.31682116914844,7.4501149866336736,28.139999999999986,214992800.0,-2.8087579046752866,255345600.0,3,0,1,0
2019-03-07,-0.0083472454090151,1.4256176961763192,0.2644636579521799,30.556978191064985,83.62377655765096,94885100.0,53.74660151217894,1.5108658297656796,0.7997736681255908,-0.015712240515390108,1.9099999999999682,0.42475292850295643,-0.0157727507513602,-0.0131692263528061,-2.410000000000025,-4.310000000000002,53.98157140475282,118639940.0,-0.0083654851620812,7,-2.5155655439273596,2.599804322303135,2.627470511762283,16.31608470191224,0.7096158151733549,106494600.0,0.2644636579521799,276.83,19.101598229637347,7.298678201874124,27.840000000000003,252053400.0,-0.717358332675107,79552800.0,3,3,0,0
2019-03-08,-0.0020041686708353,1.2487568456626335,-0.095792700856088,28.41077995871017,82.3108140367629,85795800.0,57.597037105287846,2.004872952471905,1.0125790186661203,-0.0019999272753717934,-4.740000000000009,0.33137641229798076,-0.0164354848763105,-0.0212538335354113,-4.680000000000007,-4.740000000000009,53.513778726733086,84729980.0,-0.0019999272753717,8,-2.8087579046752866,2.711337565370269,2.214304057935067,2.8847842206966736,0.7997736681255908,94885100.0,-0.095792700856088,272.94,16.228564300355004,6.962344044597399,33.75999999999999,255345600.0,1.0822530904530803,56921600.0,3,4,0,1
2019-03-11,0.0144991565587597,0.42475292850295643,-0.2412344194004835,26.815573887058633,91.81188827882548,65098900.0,57.72130890635443,1.9565264004233087,0.7954488802432086,0.014501202360999832,-0.9599999999999795,0.7096158151733549,0.0041477424789093,-0.0034359341445955,-1.079999999999984,-0.2400000000000091,56.45451510515771,81839200.0,0.0145012023609998,11,-0.717358332675107,2.935331235906447,2.15334112051562,2.378512139969343,1.0125790186661203,85795800.0,-0.2412344194004835,275.26,53.74660151217894,6.7621766128404435,5.339999999999975,79552800.0,2.2256478599921943,106494600.0,3,0,0,1
2019-03-12,0.003761035670454,0.33137641229798076,0.2237917998614416,25.502926373299637,94.31845309142994,79667500.0,53.98157140475282,1.968734788300473,0.9222015738690782,0.0037710099123688945,4.480000000000018,0.7997736681255908,0.0162560235583785,0.0016844670632929,0.1700000000000159,-0.9300000000000068,57.22334381481879,86388380.0,0.0037710099123688,12,1.0822530904530803,3.024394836689306,2.1568221111924686,2.4391289428772778,0.7954488802432086,65098900.0,0.2237917998614416,279.06,57.597037105287846,6.3955925690661255,0.29000000000002046,56921600.0,2.599804322303135,94885100.0,3,1,0,1
2019-03-13,0.0066261733848702,0.7096158151733549,0.0121969435466156,24.554395409181268,97.5471698113207,80639200.0,53.513778726733086,2.198996993580406,0.9928820583791876,0.006619199255787134,6.8799999999999955,1.0125790186661203,0.024886365614084,0.0144593084051489,2.1399999999999864,1.9399999999999975,58.609938854255525,81217300.0,0.0066191992557871,13,2.2256478599921943,3.068378946106141,2.268987307749086,2.946331617449401,0.9222015738690782,79667500.0,0.0121969435466156,280.48,57.72130890635443,6.145193099847115,1.9399999999999977,106494600.0,2.711337565370269,85795800.0,3,2,0,0
2019-03-14,-0.0006269101167619,0.7997736681255908,-0.1627099475193206,23.67361665678564,97.12264150943403,67518400.0,56.45451510515771,2.3722424927570955,0.8914030900945765,-0.0006397952655148309,2.7200000000000273,0.7954488802432086,0.0097602989385623,0.0223628231700667,2.480000000000018,2.140000000000043,58.41154556998745,75743960.0,-0.0006397952655148,14,2.599804322303135,2.9452590701364136,2.3182450850199814,2.7975024575473135,0.9928820583791876,80639200.0,-0.1627099475193206,281.37,53.98157140475282,5.7898221641437475,6.150000000000034,94885100.0,2.935331235906447,65098900.0,3,3,0,1
2019-03-15,0.004940014114326,1.0125790186661203,0.2042495082821867,22.903529812634535,97.47641509433963,81309000.0,57.22334381481879,2.462786136787667,1.0863419313636158,0.0005335040546308178,1.8199999999999932,0.9222015738690782,0.0109392773824343,0.0249580995409168,0.8899999999999864,3.980000000000018,58.53750033933192,74846600.0,0.0005335040546308,15,2.711337565370269,2.7382027886871794,2.4309314337647265,1.3177139294947713,0.8914030900945765,67518400.0,0.2042495082821867,280.54,53.513778726733086,5.510549152419194,6.850000000000023,85795800.0,3.024394836689306,79667500.0,3,4,0,0
2019-03-26,0.0074729596853488,0.7954488802432086,-0.2984479040732219,22.05304134951782,97.02830188679248,68125900.0,58.609938854255525,126.84511081542634,0.902903832900387,-0.0006754114677757217,-0.21999999999997044,0.9928820583791876,-0.012546057003178,0.118841041152591,-169.79000000000002,71.05000000000001,58.29665817508688,75452000.0,0.3395597064709805,26,2.935331235906447,2.4614521030847105,2.162438761931753,0.7849394881040556,1.0863419313636158,81309000.0,-0.2039060381979826,280.99,56.45451510515771,5.304081355817823,2.680000000000007,65098900.0,3.068378946106141,80639200.0,3,1,1,1
2019-04-16,0.000643427576549,0.9222015738690782,-0.0645535064087157,22.35523699694738,98.33431314912804,52153200.0,58.41154556998745,124.82993175605856,0.7455874368148058,0.03215708594194666,9.0,0.8914030900945765,0.0067404464810207,0.3447029381777737,-105.82,90.43000000000004,65.55757666101991,69949140.0,-0.3459414376845569,16,3.024394836689306,2.7389529332056672,2.921033628578641,3.9936098958194717,0.902903832900387,68125900.0,0.0515457681660271,290.95,57.22334381481879,5.631646973259406,10.670000000000016,79667500.0,2.9452590701364136,67518400.0,4,1,1,0
2019-05-28,-0.0093146006364978,0.9928820583791876,0.2670853530336667,21.155826163615366,78.71840094062314,70029400.0,58.53750033933192,2.267907503502875,1.0324681049691289,-0.03449820788530478,-1.160000000000025,1.0863419313636158,-0.0192770442681972,-0.013382637788343,-0.7100000000000364,-7.550000000000011,54.286554317385075,67827180.0,-0.0093005163024258,28,3.068378946106141,2.127331700188006,-1.3675941912759413,4.150969766209699,0.7455874368148058,52153200.0,0.2670853530336667,283.09,58.609938854255525,5.945815046598022,-1.1899999999999977,80639200.0,2.7382027886871794,81309000.0,5,1,0,0
2019-05-29,-0.0066990519470343,0.8914030900945765,0.4989832841635084,19.70414169390981,33.40303188708828,104972900.0,58.29665817508688,2.9697364267632134,1.3937277742608414,-0.006710690701409949,-2.8500000000000227,0.902903832900387,-0.0137575455351424,-0.0287599036682838,-5.129999999999996,-7.569999999999993,52.462256084541025,75318080.0,-0.0067106907014099,29,2.9452590701364136,1.5044771664207566,-1.721679734849772,4.608890321974106,1.0324681049691289,70029400.0,0.4989832841635084,278.91,58.41154556998745,5.766828257555305,-2.890000000000043,67518400.0,2.4614521030847105,68125900.0,5,2,0,1
2019-05-30,0.002721356734372,1.0863419313636158,-0.4043815117997121,18.32949660716556,35.55675094136614,62523800.0,65.55757666101991,3.2819269407535527,0.873712847102278,0.0027311603837998355,-11.130000000000052,0.7455874368148058,-0.0132922958491601,-0.0231068165108707,-6.03000000000003,-4.920000000000016,53.14770463038251,71561040.0,0.0027311603837998,30,2.7382027886871794,1.0722825059391545,-1.9244341665974505,4.826844725075192,1.3937277742608414,104972900.0,-0.4043815117997121,279.11,58.53750033933192,5.5141976677299285,-2.2800000000000296,81309000.0,2.7389529332056672,52153200.0,5,3,0,0
2019-05-31,-0.0134518565135305,0.902903832900387,0.3892757637891491,17.34296037608086,15.330823023130552,86862800.0,54.286554317385075,3.713695523928036,1.1534274653484962,-0.013475253556965217,-4.8799999999999955,1.0324681049691289,-0.0174295517261928,-0.0243496136669738,-12.430000000000009,-11.240000000000007,49.355994443743946,75308420.0,-0.0134752535569652,31,2.4614521030847105,0.49134632942042145,-2.3341769929911607,5.654553916975707,0.873712847102278,62523800.0,0.3892757637891491,276.2,58.29665817508688,5.391040691463503,-5.850000000000023,68125900.0,2.127331700188006,70029400.0,5,4,0,0
2019-06-03,-0.0025516306514631,0.7455874368148058,0.1101184857038917,16.718302010023592,11.565357719203766,96428000.0,52.462256084541025,4.094882985710886,1.1457239478737664,-0.002542957823228109,-3.6999999999999886,1.3937277742608414,-0.0132821304306216,-0.0290331706627059,-11.269999999999982,-11.060000000000002,48.659981303648834,84163380.0,-0.0025429578232281,3,2.7389529332056672,0.04179766018437303,-2.679654398365301,2.424112208620452,1.1534274653484962,86862800.0,0.1101184857038917,275.31,65.55757666101991,5.253109213501827,-15.590000000000032,52153200.0,1.5044771664207566,104972900.0,6,0,0,1
2019-06-04,0.0217043728515469,1.0324681049691289,-0.199071846351682,15.539978111084123,43.62560516406653,77231900.0,53.14770463038251,3.945441251199192,0.902200928275681,0.021706668609097868,1.5,0.873712847102278,0.0057008856865532,0.0013564162056041,-3.420000000000016,-1.6100000000000136,54.53833570580712,85603880.0,0.0217066686090978,4,2.127331700188006,0.12309659490273428,-2.4866278139904523,2.533116657397119,1.1457239478737664,96428000.0,-0.199071846351682,277.12,54.286554317385075,5.314315698251698,0.37999999999999545,70029400.0,1.0722825059391545,62523800.0,6,1,0,1
2019-06-05,0.0086459841164272,1.3937277742608414,-0.0784934722569301,14.778201411028574,55.07812499999998,71169700.0,49.355994443743946,3.47506370844839,0.9026734568493127,0.008662175168431263,7.689999999999998,1.1534274653484962,0.027798726316511,0.0168541344737125,-3.550000000000012,0.1800000000000068,56.71447709407851,78843240.0,0.0086621751684312,5,1.5044771664207566,0.3073017837385126,-2.1307622243635365,3.5414432086344996,0.902200928275681,77231900.0,-0.0784934722569301,282.33,52.462256084541025,5.125436005519434,4.689999999999998,104972900.0,0.49134632942042145,86862800.0,6,2,0,1
2019-06-06,0.0065161740749359,0.873712847102278,-0.0244387709938358,14.429085144070742,65.34598214285728,69430400.0,48.659981303648834,3.336325323865152,0.8654506799414045,0.006502685891998983,10.230000000000018,1.1457239478737664,0.0368665310429101,0.0206787800594918,-0.8299999999999841,4.650000000000034,58.34059154720728,80224560.0,0.0065026858919989,6,1.0722825059391545,0.5079974540679724,-1.6936508681103533,4.561823100470285,0.9026734568493127,71169700.0,-0.0244387709938358,283.29,53.14770463038251,4.972190576553762,5.770000000000039,62523800.0,0.04179766018437303,96428000.0,6,3,0,1
2019-06-07,0.0100192678227362,1.1534274653484962,0.069736023413375,14.543880928629658,81.24999999999994,74272200.0,54.53833570580712,4.089763508511602,0.955804950014439,0.010007022471909988,7.1200000000000045,0.902200928275681,0.0251814260140994,0.0449740255022341,5.509999999999991,9.379999999999995,60.797206957346155,77706440.0,0.0100070224719099,7,0.49134632942042145,0.7718062515520812,-1.1244764338024993,4.949693929930018,0.8654506799414045,69430400.0,0.069736023413375,285.93,49.355994443743946,4.906319821085638,12.379999999999995,86862800.0,0.12309659490273428,77231900.0,6,4,0,1
2019-06-10,0.0045784051888591,1.1457239478737664,-0.1814016549933892,14.902396652988626,88.61607142857164,60799100.0,56.71447709407851,4.853360805782844,0.8614130273080473,0.004588910133843438,6.010000000000048,0.9026734568493127,0.0211138470865313,0.0524456422770152,6.190000000000055,9.940000000000056,61.91732871104595,70580660.0,0.0045889101338434,10,0.04179766018437303,0.961943713136113,-0.5700010059680949,3.4265244782415203,0.955804950014439,74272200.0,-0.1814016549933892,289.37,48.659981303648834,4.782296976722378,14.400000000000034,96428000.0,0.3073017837385126,71169700.0,6,0,0,0
2019-06-11,-0.0002658564375237,0.902200928275681,-0.0354906569340665,15.102103026953348,86.34625887493173,58641300.0,58.34059154720728,5.397296133764941,0.8770426609578398,-0.00024223967885961262,4.099999999999966,0.8654506799414045,0.0143318165740715,0.0298363811357074,8.75,13.629999999999995,61.81645891623928,66862540.0,-0.0002422396788596,11,0.12309659490273428,1.0050390716954931,-0.1346712433517609,2.668488336116438,0.8614130273080473,60799100.0,-0.0354906569340665,290.99,54.53833570580712,4.670704335527921,8.370000000000005,77231900.0,0.5079974540679724,69430400.0,6,1,0,0
2019-06-12,-0.001747521179197,0.9026734568493127,-0.196874898748834,15.214509923060879,83.56089568541786,47096300.0,60.797206957346155,5.547093433101208,0.759031818341519,-0.0017653167185877061,0.7400000000000091,0.955804950014439,0.0025650275721382,0.0191899915182358,10.120000000000005,13.819999999999991,61.03628072290015,62047860.0,-0.0017653167185877,12,0.3073017837385126,0.9233416994278403,0.1712386418132041,1.7271855719609845,0.8770426609578398,58641300.0,-0.196874898748834,288.64,56.71447709407851,4.439939740133069,5.430000000000007,71169700.0,0.7718062515520812,74272200.0,6,2,0,1
2019-06-13,0.0041100582258251,0.8654506799414045,0.0392578610209295,15.42820635898867,90.06007646095034,48945200.0,61.91732871104595,5.68701991868809,0.8445989202568661,0.004126356669787334,0.6099999999999568,0.8614130273080473,0.0020966806091042,0.0167837078651684,10.550000000000011,9.050000000000011,62.233992252926924,57950820.0,0.0041263566697873,13,0.5079974540679724,0.8740949183517297,0.4951140374060969,0.722128797369848,0.759031818341519,47096300.0,0.0392578610209295,289.4,58.34059154720728,4.236372615837852,4.779999999999973,69430400.0,0.961943713136113,60799100.0,6,3,0,0
2019-06-14,-0.0010991093424295,0.955804950014439,0.0690466072260405,15.578206305978076,88.31239759694164,52324700.0,61.81645891623928,4.926455678838061,0.9769120701282193,-0.001105048691207977,0.36000000000001364,0.8770426609578398,0.0012634277041985,0.0055970797844602,13.990000000000007,6.300000000000011,61.68488361615353,53561320.0,-0.0011050486912079,14,0.7718062515520812,0.7494122253076618,0.7200863383702654,0.44300112865658275,0.8445989202568661,48945200.0,0.0690466072260405,289.26,60.797206957346155,4.042346000420862,1.6100000000000136,74272200.0,1.0050390716954931,58641300.0,6,4,0,1
2019-06-17,0.0003794202458644,0.8614130273080473,-0.2507228899544574,15.767320230364126,88.91316220644471,39205700.0,61.03628072290015,3.1663524405502934,0.7961738038415487,0.00038028071631068805,0.9800000000000182,0.759031818341519,0.00339036912926,0.0013842267363393,14.800000000000011,4.569999999999993,61.80962539180522,49242640.0,0.0003802807163106,17,0.961943713136113,0.6097173702660341,0.8961177839875631,0.4671723450623535,0.9769120701282193,52324700.0,-0.2507228899544574,289.52,61.91732871104595,3.827892714676516,0.39999999999997726,60799100.0,0.9233416994278403,47096300.0,6,0,0,1
2019-06-18,0.0104680270044754,0.8770426609578398,1.1791423185914294,16.499043217474274,94.28710937499993,85434800.0,62.233992252926924,2.6345600518242662,1.5647015256402133,0.01047102325742122,2.819999999999993,0.8445989202568661,0.0097483379079104,0.0121149186569746,11.870000000000005,4.75,65.17312164619472,54601340.0,0.0104710232574212,18,1.0050390716954931,0.652894127181805,1.243992930451384,1.5225800471539996,0.7961738038415487,39205700.0,1.1791423185914294,291.39,61.81645891623928,3.8544718064853356,3.5,58641300.0,0.8740949183517297,48945200.0,6,1,0,1
2019-06-19,0.0022896178965541,0.759031818341519,-0.0791293477599291,17.1914089727456,97.13035019455265,78674400.0,61.68488361615353,2.3061165047185987,1.2915023993318118,0.0022571819425445394,3.8000000000000114,0.9769120701282193,0.013137065146894,0.0161933492839558,10.100000000000025,4.089999999999975,65.87806889854002,60916960.0,0.0022571819425445,19,0.9233416994278403,0.6556919296863688,1.5510290944278609,1.8405651306031137,1.5647015256402133,85434800.0,-0.0791293477599291,292.55,61.03628072290015,3.734866677450665,4.670000000000016,47096300.0,0.7494122253076618,52324700.0,6,2,0,1
2019-06-20,0.0095494888214808,0.8445989202568661,0.4816763775764416,18.258336083049457,98.06201550387601,116570000.0,61.80962539180522,2.577385410752236,1.5659187726485293,0.009554357469460317,6.490000000000009,0.7961738038415487,0.0223071337225104,0.0216865805649562,11.060000000000002,6.960000000000036,68.76649691534462,74441920.0,0.0095543574694603,20,0.8740949183517297,0.7681096664350084,1.9773277517379029,2.7661887137346235,1.2915023993318118,78674400.0,0.4816763775764416,296.04,62.233992252926924,3.7002333433470462,6.28000000000003,48945200.0,0.6097173702660341,39205700.0,6,3,0,0
2019-08-08,0.0196465144504283,0.9769120701282193,0.2849669506721202,18.1326956623855,86.33824276282378,87713900.0,65.17312164619472,75.07986207292149,1.0759832953384554,-0.007571148516190118,1.2200000000000273,1.5647015256402133,0.034261777592079,-0.2322255053212353,-131.86,14.220000000000027,64.09228525537259,81519760.0,-0.2703642960091447,8,0.7494122253076618,0.619950227811568,-1.0725156986943034,2.345702453422699,1.5659187726485293,116570000.0,-0.3760228722159344,289.62,61.68488361615353,3.925216675965116,4.360000000000014,52324700.0,0.652894127181805,85434800.0,8,3,1,0
2019-08-09,-0.0068070227644695,0.7961738038415487,-0.1807469860352017,18.016029557483257,70.66916823014387,93730000.0,65.87806889854002,90.10143987627391,1.014123725907664,-0.006811525100470006,-1.4399999999999977,1.2915023993318118,0.0134087300450344,0.3366028050233751,-132.86,-156.26,60.16033189711359,92424620.0,-0.2635486640739432,9,0.6097173702660341,0.33013607382218524,-1.1283915812959435,1.60820396716135,1.0759832953384554,87713900.0,0.0685877608908052,292.58,61.80962539180522,3.928415484824753,2.25,39205700.0,0.6556919296863688,78674400.0,8,4,1,1
2019-08-13,0.0155829383886256,1.5647015256402133,0.7106105241771639,17.31814037679766,72.63464337700154,94299800.0,68.76649691534462,93.3936169660432,1.0010847407821981,0.003189081681640449,-3.3100000000000023,1.5659187726485293,-0.003433364927134,-0.0679559067159423,2.069999999999993,86.30000000000001,61.347780110396336,94197620.0,-0.3270845313398505,13,0.652894127181805,0.15296133349042673,-1.3033004674624635,1.5882128320831284,1.014123725907664,93730000.0,0.4390852098962881,287.74,65.17312164619472,4.132814378765839,0.1500000000000341,85434800.0,0.7681096664350084,116570000.0,8,1,1,0
2019-08-19,0.0120618595681929,1.2915023993318118,-0.4487204817590957,16.670100423303893,62.34626300851447,53571800.0,64.09228525537259,111.53694674361904,0.6007349420422956,-0.0007520082037260067,-1.2900000000000205,1.0759832953384554,0.0294503135320001,0.4065823028436701,-88.32,13.129999999999995,60.88546613970012,89177100.0,-0.3026978031152351,19,0.6556919296863688,-0.018064355103454943,-1.7670909419775285,1.6528551055653569,1.0010847407821981,94299800.0,-0.3546989037356823,292.19,65.87806889854002,3.9547562088539925,-0.7300000000000182,78674400.0,0.619950227811568,87713900.0,8,0,1,1
2019-08-30,-0.0004106316261013,1.5659187726485293,0.0863877691305954,16.33023397999966,56.87150837988806,62901200.0,60.16033189711359,2.8115596699666487,0.8018679469793102,0.0004104949885403997,0.8299999999999841,1.014123725907664,0.0193732334566915,0.0266807091451639,3.599999999999966,0.0,61.05785187210137,78443340.0,-0.0004443229202268,30,0.7681096664350084,-0.15453130997495368,-0.8705866939270095,0.7179345374010009,0.6007349420422956,53571800.0,0.0863877691305954,294.22,68.76649691534462,3.8737021939358494,-3.410000000000025,116570000.0,0.33013607382218524,93730000.0,8,4,0,0
2019-09-03,-0.0058632408410203,1.0759832953384554,0.0985704565254717,15.424172645613954,37.765363128491614,69101400.0,61.347780110396336,2.713881189572655,0.9247942073456348,-0.005847153359548551,-1.8100000000000023,1.0010847407821981,0.0064666666429309,0.0095138888888888,-1.589999999999975,-1.6200000000000043,57.1898918030398,74720840.0,-0.0058471533595485,3,0.619950227811568,-0.3786178134603553,-0.760652373199207,0.7626729312050691,0.8018679469793102,62901200.0,0.0985704565254717,290.57,64.09228525537259,3.8241520372261464,-2.8799999999999955,87713900.0,0.15296133349042673,94299800.0,9,1,0,1
2019-09-04,0.011344853493614,1.014123725907664,-0.3214710555791923,15.161279973483436,74.63687150838005,46887300.0,60.88546613970012,3.0112457739474503,0.7174544736757543,0.01135034738942009,1.7100000000000364,0.6007349420422956,0.0050709810264923,0.0249938996758114,3.9500000000000455,9.189999999999998,62.170410781418504,65352300.0,0.01135034738942,4,0.33013607382218524,-0.3252861254361763,-0.4249414111110354,1.1696879925831458,0.9247942073456348,69101400.0,-0.3214710555791923,293.14,60.16033189711359,3.7881411774242784,2.420000000000016,93730000.0,-0.018064355103454943,53571800.0,9,2,0,1
2019-09-05,0.0128519426491344,1.0010847407821981,0.7757068545213737,15.851901973415595,91.19442022667835,83258100.0,61.05785187210137,3.80650904519042,1.3185441647942258,0.012855393823969496,5.3700000000000045,0.8018679469793102,0.0183335553017282,0.0309114195714632,5.3700000000000045,9.819999999999991,66.91809024135311,63143960.0,0.0128553938239694,5,0.15296133349042673,-0.06949595315902402,0.1189340311074147,2.6944442840767096,0.7174544736757543,46887300.0,0.7757068545213737,296.79,61.347780110396336,3.8625596647511142,5.269999999999982,94299800.0,-0.15453130997495368,62901200.0,9,3,0,1
2019-09-06,0.0007701334898049,0.6007349420422956,-0.4044507381263805,16.493193830495457,93.19965126416761,49584300.0,57.1898918030398,4.429874465239763,0.7953025721107502,0.0007722785575179358,7.310000000000002,0.9247942073456348,0.0249669296325534,0.0186957413357031,5.689999999999998,11.180000000000009,67.18792887446907,62346460.0,0.0007722785575179,6,-0.018064355103454943,0.07338802005344514,0.5604440324910342,3.2444028726399115,1.3185441647942258,83258100.0,-0.4044507381263805,298.17,60.88546613970012,3.682376831554604,5.720000000000027,53571800.0,-0.3786178134603553,69101400.0,9,4,0,1
2019-09-09,0.0005130272270876,0.8018679469793102,0.0338010216943669,17.180012441463415,91.24579124579107,51260300.0,62.170410781418504,4.234186790610867,0.854078124198161,0.0005032712632107028,4.159999999999968,0.7174544736757543,0.014135103366027,0.0196614805949735,13.349999999999966,9.310000000000002,67.37483108200561,60018280.0,0.0005032712632107,9,-0.15453130997495368,0.13274168182035861,0.9111376913244272,3.3014996592449575,0.7953025721107502,49584300.0,0.0338010216943669,299.14,61.05785187210137,3.5679213435864168,5.75,62901200.0,-0.3252861254361763,46887300.0,9,0,0,0
2019-09-10,-0.0002197560707613,0.9247942073456348,0.1304479294892928,17.426453511176344,90.65656565656553,57947100.0,66.91809024135311,4.179202608686304,1.002763231166922,-0.00023474178403748436,0.3100000000000023,1.3185441647942258,0.0010634046461313,0.0254178991538831,10.129999999999995,5.550000000000011,67.18250930110199,57787420.0,-0.0002347417840374,10,-0.3786178134603553,0.1222863144135502,1.170728020138938,1.7990191772172173,0.854078124198161,51260300.0,0.1304479294892928,297.36,57.1898918030398,3.472355533330241,7.389999999999986,69101400.0,-0.06949595315902402,83258100.0,9,1,0,1
2019-09-11,0.0071070080961277,0.7174544736757543,0.1876539119300189,18.095248880519517,99.30662557781221,68821100.0,67.18792887446907,3.851150621712592,1.10690804446476,0.007110991849193393,2.1999999999999886,0.7953025721107502,0.0074002792524541,0.0211195755679498,13.379999999999995,7.800000000000011,69.97761641956836,62174180.0,0.0071109918491933,11,-0.3252861254361763,0.2081060560964998,1.5155269612883444,0.9942082276846674,1.002763231166922,57947100.0,0.1876539119300189,298.47,62.170410781418504,3.409330138092365,6.2099999999999795,46887300.0,0.07338802005344514,49584300.0,9,2,0,1
2019-09-12,0.0034556764031865,1.3185441647942258,0.0593945752102189,19.11611621809946,92.25165562913932,72908700.0,67.37483108200561,3.6130358118601698,1.2130363384982439,0.0034637801831807202,3.090000000000032,0.854078124198161,0.010342928428553,0.011651333019945,12.400000000000034,10.550000000000011,71.27034017873949,60104300.0,0.0034637801831807,12,-0.06949595315902402,0.28037296560829805,1.844181095108695,1.4947173645864213,1.10690804446476,68821100.0,0.0593945752102189,301.25,66.91809024135311,3.3236636996571947,3.4700000000000273,83258100.0,0.13274168182035861,51260300.0,9,3,0,0
2019-09-13,-0.0006525048937867,0.7953025721107502,-0.1481839615848315,20.06406446013798,90.92715231788074,62104800.0,67.18250930110199,3.627270783018506,0.9919563509049903,-0.0006638122738891195,2.9599999999999795,1.002763231166922,0.0099101796055275,0.0101996309344067,8.509999999999991,7.0499999999999545,70.64040612214183,62608400.0,-0.0006638122738891,13,0.07338802005344514,0.2605839418290463,2.066298366961007,1.535845044265988,1.2130363384982439,72908700.0,-0.1481839615848315,301.78,67.18792887446907,3.192687721110253,3.0399999999999636,49584300.0,0.1222863144135502,57947100.0,9,4,0,0
2019-09-16,-0.0031195589088799,0.854078124198161,-0.0630160631706405,20.48158726348728,84.76821192053006,58191200.0,69.97761641956836,3.3095150702189584,0.90931450757236,-0.0030887774419606773,-0.08999999999997499,1.10690804446476,-0.0003163873994801,0.0065727699530517,7.710000000000036,2.340000000000032,67.64629504103007,63994580.0,-0.0030887774419606,16,0.13274168182035861,0.13695259770801638,2.148170322207534,1.2517907173311842,0.9919563509049903,62104800.0,-0.0630160631706405,299.84,67.37483108200561,3.085352883888092,1.9600000000000364,51260300.0,0.2081060560964998,68821100.0,9,0,0,1
2019-09-17,0.0025471217524197,1.002763231166922,-0.2872547739177058,20.86928700945449,89.80132450331148,41475500.0,71.27034017873949,2.2236069296942365,0.6832837289329567,0.0025319829424306217,-0.37000000000000455,1.2130363384982439,-0.0012249420502469,0.0093583336128535,10.180000000000009,2.8700000000000045,68.80974826711896,60700260.0,0.0025319829424306,17,0.1222863144135502,0.062255567485748564,2.243674898857023,0.5083994492490314,0.90931450757236,58191200.0,-0.2872547739177058,299.94,67.18250930110199,2.955684820753227,2.7900000000000205,57947100.0,0.28037296560829805,72908700.0,9,1,0,1
2019-09-18,0.0006170150987225,1.10690804446476,0.769135995949416,20.643537664180393,89.68915845337409,73375800.0,70.64040612214183,1.4679725247223845,1.190949048224998,0.000598165625415481,0.010000000000047748,0.9919563509049903,4.457794226242484e-05,0.0028309741881766,7.060000000000002,2.900000000000034,69.09322808869636,61611200.0,0.0005981656254154,18,0.2081060560964998,-0.015010779090244952,2.3064927307179346,0.44030671127839127,0.6832837289329567,41475500.0,0.769135995949416,300.49,69.97761641956836,2.9574216192708547,0.8500000000000227,68821100.0,0.2605839418290463,62104800.0,9,2,0,0
2019-09-19,-7.254525009969814e-05,1.2130363384982439,0.0434025932255592,20.79522939421859,88.3982035928143,76560500.0,67.64629504103007,1.3619924130992014,1.2280812350541115,-6.64231152441852e-05,0.9199999999999591,0.90931450757236,0.0030915916010426,-0.0006970028875835,3.259999999999991,2.9499999999999886,69.01816803473514,62341560.0,-6.64231152441852e-05,19,0.28037296560829805,-0.10256641397833022,2.32782872171191,0.40373258475972035,1.190949048224998,73375800.0,0.0434025932255592,301.53,71.27034017873949,2.883320075037223,-0.21000000000003638,72908700.0,0.13695259770801638,58191200.0,9,3,0,0
2019-09-20,-0.0047520586208147,0.9919563509049903,0.1698591310140347,19.75972829164549,67.44011976047891,89565000.0,68.80974826711896,1.3263735019492582,1.32036335975092,-0.009299853859439433,-2.640000000000043,0.6832837289329567,-0.0042075887721918,-0.009332757647215,0.2299999999999613,-1.9700000000000275,59.304682595849485,67833600.0,-0.0092998538594394,20,0.2605839418290463,-0.3691607001927597,2.2135155668301536,1.197129901053605,1.2280812350541115,76560500.0,0.1698591310140347,300.36,70.64040612214183,2.939511498248847,-2.8100000000000023,62104800.0,0.062255567485748564,41475500.0,9,4,0,1
2019-11-08,0.002469397114333,0.90931450757236,0.4997323659765278,20.586707234597778,99.64050329538645,49032100.0,69.09322808869636,147.51362159701293,0.7428905705270373,0.035738232533190306,7.839999999999975,1.190949048224998,0.0062219365884919,0.0989612976664768,57.68000000000001,98.81,74.19490065996112,66001780.0,-0.4498539782035757,8,0.13695259770801638,0.12582951540107778,3.0068950280574427,4.025056521341913,1.32036335975092,89565000.0,-0.0965538589667288,307.8,67.64629504103007,3.49526067694536,8.779999999999973,58191200.0,-0.015010779090244952,73375800.0,11,4,1,1
2019-12-02,-0.0085088720556191,0.6832837289329567,1.0705714527761003,22.156770697088984,85.38238141335898,75767800.0,69.01816803473514,1.733308012635907,1.0399059898787049,0.008739561079821323,10.560000000000002,1.2280812350541115,-0.0077653587553309,0.002186776434268,-0.1500000000000341,0.8700000000000045,76.53663761142471,72860240.0,-0.0084947981292354,2,0.062255567485748564,0.5639425424438498,2.820634883112348,5.7491668961683,0.7428905705270373,49032100.0,1.0705714527761003,314.59,68.80974826711896,3.654170628592122,10.71999999999997,41475500.0,-0.10256641397833022,76560500.0,12,0,0,0
2019-12-03,-0.0066980638409208,1.190949048224998,-0.0241012672929661,22.477382245620312,72.65917602996247,73941700.0,59.304682595849485,1.9668711758077615,1.013268940937673,-0.006706456167372532,11.270000000000039,1.32036335975092,-0.0189286354726797,-0.0121900628649838,-2.4699999999999704,-0.7199999999999704,71.15395440918843,72973420.0,-0.0067064561673725,3,-0.015010779090244952,0.6364674919573723,2.438016858004005,5.848257860251877,1.0399059898787049,75767800.0,-0.0241012672929661,308.65,69.09322808869636,3.7153012979783986,8.449999999999989,73375800.0,-0.3691607001927597,89565000.0,12,1,0,1
2019-12-04,0.0061812945597583,1.2280812350541115,-0.3362338166420301,23.13534193356917,82.87854467629724,49080000.0,74.19490065996112,1.980563612263795,0.7273555025599713,0.006170247132934792,2.519999999999982,0.7428905705270373,-0.0090256413367816,-0.0083418237391748,-0.4700000000000273,0.5,73.02129004311465,67477320.0,0.0061702471329347,4,-0.10256641397833022,0.7298670565105994,2.250860093511619,5.544869700903547,1.013268940937673,73941700.0,-0.3362338166420301,310.7,69.01816803473514,3.6334940624085124,10.379999999999995,76560500.0,0.12582951540107778,49032100.0,12,2,0,1
2019-12-05,0.0017801668470103,1.32036335975092,-0.1705582722086389,23.765169672997605,85.8747993579452,40709000.0,76.53663761142471,1.9195612924719891,0.7054537716276887,0.0017979836897192847,0.37999999999999545,1.0399059898787049,0.0012633975658478,-0.0109674147331052,1.25,-1.3500000000000227,73.56168247303484,57706120.0,0.0017979836897192,5,-0.3691607001927597,0.743636905040364,2.1192602342254645,1.3803332930848524,0.7273555025599713,49080000.0,-0.1705582722086389,312.23,59.304682595849485,3.493244486522191,13.740000000000009,89565000.0,0.5639425424438498,75767800.0,12,3,0,1
2019-12-06,0.0091289198606272,0.7428905705270373,0.2018718219558328,24.78385592700236,97.54189944134079,48927000.0,71.15395440918843,1.9264717317766356,0.8481739652007191,0.0091340298698801,5.319999999999993,1.013268940937673,0.0170903812673959,0.0017816805065062,4.600000000000023,0.7900000000000205,76.17700879196931,57685100.0,0.0091340298698801,6,0.12582951540107778,0.8512221032505654,2.201006666588455,1.9117191216281553,0.7054537716276887,40709000.0,0.2018718219558328,314.12,74.19490065996112,3.478727023199179,5.930000000000007,49032100.0,0.6364674919573723,73941700.0,12,4,0,0
2019-12-09,-0.0031420482010912,1.0399059898787049,-0.2879493939951356,25.634695218239123,92.01117318435749,34838500.0,73.02129004311465,1.8403393406896404,0.7038188869162436,-0.0031441547305237627,2.420000000000016,0.7273555025599713,0.0077670385065463,0.0071877807726865,2.920000000000016,-1.6000000000000227,73.45863036662752,49499240.0,-0.0031441547305237,9,0.5639425424438498,0.7649692148511367,2.1673777270826804,2.087589519038357,0.8481739652007191,48927000.0,-0.2879493939951356,314.44,76.53663761142471,3.3288179501135233,2.240000000000009,75767800.0,0.7298670565105994,49080000.0,12,0,0,0
2019-12-10,-0.0011083786498562,1.013268940937673,0.5112533547655611,26.111298905456135,90.05586592178753,52649800.0,73.56168247303484,1.8439679438045733,1.1637665596984672,-0.001115075825156131,1.509999999999991,0.7054537716276887,0.0048784930096797,0.0128573736068484,0.1599999999999681,-0.7800000000000296,72.47397195337228,45240860.0,-0.0011150758251561,10,0.6364674919573723,0.6008436732339772,2.0908037405515074,1.3936175946072726,0.7038188869162436,34838500.0,0.5112533547655611,313.82,71.15395440918843,3.215330953676844,3.9799999999999613,73941700.0,0.743636905040364,40709000.0,12,1,0,1
2019-12-11,0.0028433718228786,0.7273555025599713,0.0148015756944945,26.579056189861735,95.02793296089392,53429100.0,76.17700879196931,1.8673998560092375,1.1587142067737886,0.0028386438299365935,-0.44999999999998863,0.8481739652007191,-0.0014070550280688,0.0095036280742311,0.3400000000000318,2.7800000000000296,73.4485955313124,46110680.0,0.0028386438299365,11,0.7298670565105994,0.47427725218446604,2.0723961586190853,1.091022456230407,1.1637665596984672,52649800.0,0.0148015756944945,314.03,73.02129004311465,3.0756644569856397,2.9600000000000364,49080000.0,0.8512221032505654,48927000.0,12,2,0,1
2019-12-12,0.0086096608001107,0.7054537716276887,0.8040655747523353,27.540571564426138,95.82118561710392,96389600.0,73.45863036662752,2.150867783529088,1.683755249201702,0.008619044590038705,3.25,0.7038188869162436,0.0103446539731331,0.0163771553105571,1.6499999999999773,7.579999999999984,76.21069370744127,57246800.0,0.0086190445900387,12,0.743636905040364,0.4929541555522299,2.23298969233457,1.4170144671100209,1.1587142067737886,53429100.0,0.8040655747523353,314.43,73.56168247303484,3.128831281486665,5.110000000000014,40709000.0,0.7649692148511367,34838500.0,12,3,0,1
2019-12-13,0.0006170723345904,0.8481739652007191,-0.1544326358860291,28.535399304008,93.6500470366885,81503900.0,72.47397195337228,2.494098812976343,1.2782483283978057,0.0005991233878850366,3.7900000000000205,1.1637665596984672,0.0120701049575797,0.0077809889795787,3.009999999999991,5.860000000000014,76.39609148709022,63762180.0,0.000599123387885,13,0.8512221032505654,0.43974363164192276,2.347722635361322,1.8264254706938163,1.683755249201702,96389600.0,-0.1544326358860291,316.87,76.17700879196931,3.094629047094763,2.4499999999999886,48927000.0,0.6008436732339772,52649800.0,12,4,0,1
2019-12-16,0.0068521310127449,0.7038188869162436,0.0152851581335371,29.680195928967116,97.14160070360606,82749700.0,73.4485955313124,3.0010768437718074,1.1282344314673154,0.00687003655615781,5.079999999999984,1.1587142067737886,0.016078864147446,0.0179049318210782,7.860000000000014,7.480000000000018,78.46941101040362,73344420.0,0.0068700365561578,16,0.7649692148511367,0.47025973090380013,2.5704026034266008,2.405441747371817,1.2782483283978057,81503900.0,0.0152851581335371,319.22,73.45863036662752,3.0807269723022785,5.6200000000000045,34838500.0,0.47427725218446604,53429100.0,12,0,0,1
2019-12-17,0.0002381924595071,1.1637665596984672,-0.2616565377276292,30.758395848223415,97.02276707530645,61097700.0,76.21069370744127,2.884167509390428,0.814266865687555,0.00021909233176842235,2.4399999999999977,1.683755249201702,0.0077073958068425,0.0192645041941761,10.019999999999982,4.699999999999989,78.53461096724381,75034000.0,0.0002190923317684,17,0.6008436732339772,0.41592726346137354,2.721158674094,2.115530666286638,1.1282344314673154,82749700.0,-0.2616565377276292,319.92,72.47397195337228,2.9156750457092575,6.0400000000000205,52649800.0,0.4929541555522299,96389600.0,12,1,0,1
2019-12-18,6.803878210592806e-05,1.1587142067737886,-0.2121962037850852,31.75958148753284,95.00756429652024,48133000.0,76.39609148709022,2.804290561899152,0.6506677005325329,6.258409738069126e-05,2.269999999999982,1.2782483283978057,0.007158362254358,0.0164429743654983,8.129999999999995,5.70999999999998,78.55459312241437,73974780.0,6.258409738069126e-05,18,0.47427725218446604,0.3071226903641815,2.809857491008984,1.277485812054017,0.814266865687555,61097700.0,-0.2121962037850852,320.0,73.4485955313124,2.758841113872884,5.169999999999959,53429100.0,0.43974363164192276,81503900.0,12,2,0,1
2019-12-19,0.0040820491886925,1.683755249201702,0.7723910830407412,32.81321120365409,99.42238267147985,85310500.0,78.46941101040362,2.744904167523873,1.1888480546540807,0.0040990018461153355,1.3999999999999773,1.1282344314673154,0.0043882804303057,0.0118878693280357,8.879999999999995,7.370000000000003,79.87602082112753,71758960.0,0.0040990018461153,19,0.4929541555522299,0.2515045638443665,2.943056193822656,1.2892362079926853,0.6506677005325329,48133000.0,0.7723910830407412,319.8,76.21069370744127,2.666066748596252,3.769999999999982,96389600.0,0.47025973090380013,82749700.0,12,3,0,1
2020-01-28,0.0104671772063005,1.2782483283978057,-0.5584460321775346,34.71447313639611,95.3667953667952,63834000.0,78.53461096724381,86.93234744456319,0.9356397026426391,0.018666251168588444,7.319999999999993,0.814266865687555,-0.0144287461593501,-0.2534371716987165,-61.660000000000025,53.78999999999997,84.5606758116954,68224980.0,-0.1981701334379906,28,0.43974363164192276,0.5302317026348549,2.5817465809080886,3.184517231857823,1.1888480546540807,85310500.0,-0.2406364312267658,325.06,76.39609148709022,2.97206198083938,9.569999999999993,81503900.0,0.41592726346137354,61097700.0,1,1,1,0
2020-03-04,0.0420510233496684,1.1282344314673154,-0.4115615059817264,32.93485305934446,38.86623164763464,176613400.0,78.55459312241437,14.069504611037226,2.030092282878218,-0.042919636574994535,-6.729999999999961,0.6506677005325329,0.0566939738684924,0.0043659711075441,-25.47999999999996,-9.560000000000002,53.276942362664045,86997720.0,0.042033040234479,4,0.47025973090380013,-0.2749294957473092,-5.788087015221379,4.990177351557687,0.9356397026426391,63834000.0,-0.4115615059817264,306.12,78.46941101040362,4.442628982207996,-6.639999999999986,82749700.0,0.3071226903641815,48133000.0,3,2,0,0
2020-03-05,-0.0332307479511739,0.814266865687555,0.055224575258729,31.74072551266297,8.800287356321789,186366800.0,79.87602082112753,11.645265179939376,1.6632239057133886,-0.03324170555520056,-18.439999999999998,1.1888480546540807,-0.0198451545829552,0.0166380961984471,-34.49000000000001,-10.189999999999998,41.129952020753166,112051540.0,-0.0332417055552005,5,0.41592726346137354,-1.484958285386262,-6.2208385962105694,9.31696570778274,2.030092282878218,176613400.0,0.055224575258729,304.98,78.53461096724381,5.043155483478855,-17.110000000000014,61097700.0,0.2515045638443665,85310500.0,3,3,0,0
2020-03-06,-0.0165247871807712,0.6506677005325329,0.2269739030771576,31.733869644066807,19.218500797448062,228667200.0,84.5606758116954,8.728528258277699,1.54339700528583,-0.016531111551940758,-29.430000000000007,0.9356397026426391,-0.0077045117822767,0.0040504961857827,-36.02000000000004,-14.04000000000002,36.78735700601839,148158380.0,-0.0165311115519407,6,0.3071226903641815,-2.537318624081677,-6.857543241188296,12.288408359100053,1.6632239057133886,186366800.0,0.2269739030771576,293.15,78.55459312241437,5.556501520373219,-22.129999999999995,48133000.0,0.5302317026348549,63834000.0,3,4,0,0
2020-03-09,-0.0781204538842013,1.1888480546540807,0.3531337244694472,32.96699828672897,1.4338235294118182,309417300.0,53.276942362664045,11.627490605361666,1.6033667575674007,-0.07809453371881925,-38.629999999999995,2.030092282878218,-0.1278759890161465,-0.1127826846549547,-48.19,-23.279999999999973,24.07125986736503,192979740.0,-0.0780945337188192,9,0.2515045638443665,-4.593301913378786,-8.99174154433399,19.534621828947714,1.54339700528583,228667200.0,0.3531337244694472,275.3,79.87602082112753,6.874608554632275,-46.66999999999996,85310500.0,-0.2749294957473092,176613400.0,3,0,0,1
2020-03-10,0.0517595076534638,0.9356397026426391,-0.1065654699979606,33.410708966583506,27.51838235294121,276444100.0,41.129952020753166,11.553043899047948,1.1738515245066534,0.05174488567990365,-14.039999999999964,1.6632239057133886,-0.0428857334115087,-0.0393685051958433,-24.22999999999996,-7.839999999999975,38.138095294508645,235501760.0,0.0517448856799036,10,0.5302317026348549,-4.772032539082129,-9.514754556264847,14.623056452055478,1.6033667575674007,309417300.0,-0.1065654699979606,284.64,84.5606758116954,7.456422229301396,-38.46999999999997,63834000.0,-1.484958285386262,186366800.0,3,1,0,0
2020-03-11,-0.0487621905476369,2.030092282878218,-0.0764270244870481,34.00159692698514,6.1084781463928675,255316300.0,36.78735700601839,12.971849392691146,1.0162152605329182,-0.0487483530961792,-23.099999999999966,1.54339700528583,-0.0751231367783744,-0.1230582369110784,-37.13999999999999,-34.72999999999996,31.8431272032051,251242340.0,-0.0487483530961792,11,-0.2749294957473092,-5.556740784344296,-10.853129371238992,12.9666603256198,1.1738515245066534,276444100.0,-0.0764270244870481,280.7,53.276942362664045,8.176677784351298,-38.5,176613400.0,-2.537318624081677,228667200.0,3,2,0,0
2020-03-12,-0.0956624605678233,1.6632239057133886,0.5362148832644058,35.724675907441814,0.5363602345016923,392220700.0,24.07125986736503,19.695766860475796,1.341323877670058,-0.09567721242163585,-26.120000000000005,1.6033667575674007,-0.0926651434619965,-0.1796931825695958,-49.39999999999998,-52.13,23.908650800898684,292413120.0,-0.0956772124216358,12,-1.484958285386262,-7.4454007445998265,-13.713301897258702,18.68910993065226,1.0162152605329182,255316300.0,0.5362148832644058,256.0,41.129952020753166,9.498343656897633,-54.349999999999966,186366800.0,-4.593301913378786,309417300.0,3,3,0,1
2020-03-13,0.0854626319002354,1.54339700528583,-0.1597432261989232,36.654487163165335,26.99264063864286,329566100.0,38.138095294508645,20.618254183018244,1.0542980982613488,0.08548627624843808,-19.100000000000023,1.1738515245066534,-0.0589620192152249,-0.0946009547502184,-26.94,-43.54000000000002,37.46702705490122,312592900.0,0.085486276248438,13,-2.537318624081677,-6.881233677602202,-14.23436809972702,14.593583178918268,1.341323877670058,392220700.0,-0.1597432261989232,263.09,36.78735700601839,10.489176252833516,-28.139999999999986,228667200.0,-4.772032539082129,276444100.0,3,4,0,0
2020-03-16,-0.1094239575801397,1.6033667575674007,-0.0980868481315281,37.98976937999278,2.7516852690904856,297240000.0,31.8431272032051,23.97325521399938,0.9583519905245542,-0.10942373384821036,-34.51000000000002,1.0162152605329182,-0.1196237862477277,-0.1253692156219232,-69.23999999999998,-62.60999999999999,29.58026686765875,310157440.0,-0.1094237338482103,16,-4.593301913378786,-8.027852197769782,-16.653387282860592,19.796983861184714,1.0542980982613488,329566100.0,-0.0980868481315281,241.18,24.07125986736503,12.022806520488263,-34.380000000000024,309417300.0,-5.556740784344296,255316300.0,3,0,0,1
2020-03-17,0.0539918809201622,1.1738515245066534,-0.1183202126227963,39.2411364779126,17.32760519938314,262070500.0,23.908650800898684,24.374251008435408,0.8528644240066607,0.05399207838232245,4.689999999999998,1.341323877670058,0.0300305552402578,-0.123500450731572,-47.44,-44.65999999999997,35.95963301483093,307282720.0,0.0539920783823224,17,-4.772032539082129,-7.461207944852043,-17.403976246479715,14.524839758152575,0.9583519905245542,297240000.0,-0.1183202126227963,245.04,38.138095294508645,12.528320340453389,-35.620000000000005,276444100.0,-7.4454007445998265,392220700.0,3,1,0,0
2020-03-18,-0.0506269525399066,1.0162152605329182,0.250034246510004,40.74558720617971,12.000400681157958,327597100.0,37.46702705490122,22.977102346079544,1.0182079952537908,-0.05063291139240511,-29.319999999999993,1.0542980982613488,-0.1060590291998841,-0.1252369150021869,-72.86000000000001,-34.23000000000002,32.797044109443405,321738880.0,-0.0506329113924051,18,-5.556740784344296,-7.476727446404442,-18.737412314882363,12.121218173105005,0.8528644240066607,262070500.0,0.250034246510004,236.25,31.8431272032051,13.40344031613529,-34.360000000000014,255316300.0,-6.881233677602202,329566100.0,3,2,0,1
2020-03-19,0.0021186440677967,1.341323877670058,-0.1168358938464351,42.14257716814202,12.511269157567845,289322000.0,29.58026686765875,21.14186799273456,0.9606947343520771,0.0021249999999999325,0.6599999999999966,0.9583519905245542,0.0054835724480523,-0.0306315747047681,-61.94999999999999,-47.910000000000025,33.04969738109594,301159140.0,0.0021249999999999,19,-7.4454007445998265,-6.989868273306515,-19.53110254152398,12.873178706132038,1.0182079952537908,327597100.0,-0.1168358938464351,239.25,23.908650800898684,13.52890886498277,-7.600000000000023,392220700.0,-8.027852197769782,297240000.0,3,3,0,0
2020-03-20,-0.0430929782735819,1.0542980982613488,0.1999046045582431,43.578331724563036,0.7813282580386668,347158800.0,35.95963301483093,19.623398731559465,1.1394297081427165,-0.04868820423267217,-24.0,0.8528644240066607,-0.0916012867456919,-0.1504529927224119,-68.65999999999997,-45.56,30.238637057668498,304677680.0,-0.0486882042326721,20,-6.881233677602202,-6.977570370132526,-20.69457947075572,8.496974167314656,0.9606947343520771,289322000.0,0.1999046045582431,242.53,37.46702705490122,13.703272517483999,-40.51999999999998,329566100.0,-7.461207944852043,262070500.0,3,4,0,1
2020-04-20,-0.017597838730254,0.9583519905245542,0.5682755271485416,40.571882275754255,62.96426892336619,100109300.0,32.797044109443405,82.0332805160335,0.37741270041259706,0.2307255244755244,41.589999999999975,1.0182079952537908,0.0142170117132132,0.4521685317930997,-166.86,15.659999999999968,50.626644122152776,265251540.0,-0.1385787267888281,20,-8.027852197769782,-3.1312203430427417,2.3093622081163687,20.23196851519919,1.1394297081427165,347158800.0,-0.3175209701346015,282.61,29.58026686765875,16.866610194806572,41.73999999999998,297240000.0,-7.476727446404442,327597100.0,4,0,1,1
2020-04-30,-0.0093169980192209,0.8528644240066607,2.110191366491378,37.99225955908728,77.63828464885022,122901700.0,33.04969738109594,95.1570460344374,0.5176600505657158,0.031570723392166045,49.97000000000003,0.9606947343520771,0.0122721043611961,-0.145043560160113,11.08000000000004,82.44000000000003,53.111824602378626,237417780.0,-0.4667743593509068,30,-7.461207944852043,0.12214849611959977,4.80424289865465,27.74489917083878,0.37741270041259706,100109300.0,0.0350000336854585,291.71,35.95963301483093,16.499709466606102,37.68000000000001,262070500.0,-6.989868273306515,289322000.0,4,3,1,0
2020-05-05,0.0092164150800271,1.0182079952537908,1.3104188201953564,35.296085880175646,82.2074618428491,79569900.0,30.238637057668498,141.30451302457092,0.4236670497795832,-0.014768658771688314,57.389999999999986,1.1394297081427165,-0.01448081799455,-0.5093773571967359,-136.41000000000005,34.93000000000001,51.757937462830284,187812340.0,-0.4832063274224421,5,-7.476727446404442,1.9919060339100554,4.1002809282684325,28.645914717460304,0.5176600505657158,122901700.0,-0.0161153509444413,286.64,32.797044109443405,15.804730218991383,46.19,327597100.0,-6.977570370132526,347158800.0,5,1,1,1
2020-06-02,0.0083072265831252,0.9606947343520771,0.3319487861000065,33.88841184636881,99.93758581949817,74267200.0,50.626644122152776,5.344125019328976,0.5128901395829238,0.07648764806597019,26.49000000000001,0.37741270041259706,0.0167735516612879,0.0300922830012035,13.079999999999984,13.199999999999989,57.68523020169771,144801380.0,0.0082801505481917,2,-6.989868273306515,4.562633515221002,6.06772839617031,29.81558770173759,0.4236670497795832,79569900.0,0.3319487861000065,306.55,33.04969738109594,16.242963774777714,67.57,289322000.0,-3.1312203430427417,100109300.0,6,1,0,1
2020-06-03,0.0133007505672892,1.1394297081427165,0.2464129521511515,32.84567106978828,98.77934272300467,92567600.0,53.111824602378626,5.666163114881254,0.985987473363162,0.013308231628148537,21.69999999999999,0.5176600505657158,0.0256369575356414,0.0284980067868085,20.20999999999998,16.74000000000001,58.70855470299753,93883140.0,0.0133082316281485,3,-6.977570370132526,6.292238190566815,6.549613329679232,13.616491104539497,0.5128901395829238,74267200.0,0.2464129521511515,310.24,30.238637057668498,15.449894933722165,83.38,347158800.0,0.12214849611959977,122901700.0,6,2,0,0
2020-06-04,-0.0026183421759801,0.37741270041259706,-0.1811994693607698,31.809966063947744,97.81690140845069,75794400.0,51.757937462830284,5.976698178016685,0.8514296087537924,-0.0026266897302837933,25.170000000000016,0.4236670497795832,0.0189896349744344,0.027692510809651,14.430000000000009,12.28000000000003,58.404339310532514,89020160.0,-0.0026266897302837,4,-3.1312203430427417,7.075650461664323,6.791892256734002,12.35202493520808,0.985987473363162,92567600.0,-0.1811994693607698,311.11,50.626644122152776,14.626331009884868,29.77000000000004,100109300.0,1.9919060339100554,79569900.0,6,3,0,1
2020-06-05,0.0256303972366149,0.5176600505657158,0.9859607042208922,31.290119709885808,97.93029490616621,150524700.0,57.68523020169771,6.8845111986576,1.5920998688874983,0.025629496402877594,11.259999999999991,0.5128901395829238,0.0363128056279241,0.049355941114616,24.45999999999998,15.810000000000002,60.546907105868094,94544760.0,0.0256294964028775,5,0.12214849611959977,7.77040850173006,7.496220279278532,12.563992199933946,0.8514296087537924,75794400.0,0.9859607042208922,317.23,53.111824602378626,14.289450223464518,28.859999999999957,122901700.0,4.562633515221002,74267200.0,6,4,0,1
2020-06-08,0.0120571197628991,0.4236670497795832,-0.5107699932303469,30.918862130452943,99.77985113743576,73641200.0,58.70855470299753,7.627158273782669,0.7887957692786407,0.012087430325045556,11.019999999999982,0.985987473363162,0.035069174823534,0.057764686630666,27.75999999999999,20.22999999999996,61.57785623317699,93359020.0,0.0120874303250455,8,1.9919060339100554,8.09254031511323,8.248201262419968,6.225409223496871,1.5920998688874983,150524700.0,-0.5107699932303469,320.22,51.757937462830284,13.559489493217056,37.00999999999999,79569900.0,6.292238190566815,92567600.0,6,0,0,0
2020-06-09,-0.0074542429284526,0.5128901395829238,0.0521175646241505,30.54889102602421,97.25338085753224,77479200.0,58.404339310532514,7.59181254890928,0.8242343573107725,-0.007456683168316713,9.430000000000007,0.8514296087537924,0.0302332740710614,0.0412555180472604,21.71000000000004,16.470000000000027,60.51461724789063,94001420.0,-0.0074566831683167,9,4.562633515221002,7.745649258158746,8.564674098072999,5.306183185680593,0.7887957692786407,73641200.0,0.0521175646241505,320.3,57.68523020169771,12.870954529415835,12.710000000000036,74267200.0,7.075650461664323,75794400.0,6,1,0,0
2020-06-10,-0.0055656138939179,0.985987473363162,0.2261458559200404,30.092377119632012,95.37687388615156,95000800.0,60.546907105868094,7.445382536250908,1.0054265057405136,-0.0055799744381059835,-0.339999999999975,1.5920998688874983,-0.0009627370594714,0.0218463706835798,15.470000000000027,13.449999999999989,59.69023189888186,94488060.0,-0.0055799744381059,10,6.292238190566815,7.019525279743241,8.582598124888648,4.443705660819488,0.8242343573107725,77479200.0,0.2261458559200404,321.42,58.70855470299753,12.249457777314701,6.819999999999993,92567600.0,7.77040850173006,150524700.0,6,2,0,0
2020-06-11,-0.0576534052596089,0.8514296087537924,1.2025456627733662,28.090912974394854,76.09812349302861,209243600.0,61.57785623317699,7.815530194569087,1.7267472039043423,-0.05764890282131652,-22.589999999999975,0.7887957692786407,-0.0706732620819795,-0.0345259506680369,-2.3600000000000136,-7.46999999999997,51.87187795987245,121177900.0,-0.0576489028213165,11,7.075650461664323,5.018397934540251,7.134731215699901,9.083819130740101,1.0054265057405136,95000800.0,1.2025456627733662,311.46,58.404339310532514,12.730925078935082,-10.75,75794400.0,8.09254031511323,73641200.0,6,3,0,1
2020-06-12,0.0119856887298748,1.5920998688874983,-0.0696064300174533,26.125844936917794,79.77030871351803,194678900.0,60.51461724789063,7.828300227025235,1.497429326674499,0.011975649512657505,-16.58000000000004,0.8242343573107725,-0.051233330423652,-0.0473789691238178,-0.1100000000000136,-7.970000000000027,53.1651406142087,130008740.0,0.0119756495126575,12,7.77040850173006,3.7149380654366304,6.186291543649361,10.367269167915014,1.7267472039043423,209243600.0,-0.0696064300174533,308.24,60.546907105868094,12.570144716154003,-15.129999999999995,150524700.0,7.745649258158746,77479200.0,6,4,0,1
2020-06-15,0.0093335690295208,0.7887957692786407,-0.3025299608740341,24.364429558900877,82.76261721631018,135782700.0,59.69023189888186,7.695016857970057,0.9532822361374541,0.009335656290062833,-11.949999999999989,1.0054265057405136,-0.0363341475002132,-0.0499690594059405,1.5,-4.310000000000002,54.210473223863204,142437040.0,0.0093356562900628,15,8.09254031511323,2.860123654683414,5.583311270177944,9.045325864776952,1.497429326674499,194678900.0,-0.3025299608740341,298.02,61.57785623317699,12.496562950714429,-16.149999999999977,73641200.0,7.019525279743241,95000800.0,6,0,0,1
2020-06-16,0.0192300956250657,0.8242343573107725,0.0135864141750017,23.09753375885565,75.15454113171648,137627500.0,51.87187795987245,7.530773901502727,0.8909849177848689,0.0192476795310208,12.349999999999966,1.7267472039043423,0.0405493533844614,-0.0244084915365193,4.879999999999996,-6.379999999999996,56.391735580522685,154466700.0,0.0192476795310208,16,7.745649258158746,2.52072373701065,5.485212067085683,7.289487636315986,0.9532822361374541,135782700.0,0.0135864141750017,315.48,60.51461724789063,12.217522739949112,-7.830000000000041,77479200.0,5.018397934540251,209243600.0,6,1,0,0
2020-06-17,-0.004158361399409,1.0054265057405136,-0.3940244500554032,21.921130515956516,70.40302267002522,83398900.0,53.1651406142087,7.539392548474912,0.5481493078504955,-0.0041538854805724945,7.4500000000000455,1.497429326674499,0.0244053032551775,-0.0230094043887146,-0.5199999999999818,-11.539999999999964,55.762483855719644,152146320.0,-0.0041538854805724,17,7.019525279743241,2.056296947466758,5.249319961334436,5.133514390746788,0.8909849177848689,137627500.0,-0.3940244500554032,314.07,59.69023189888186,11.596985401381318,-7.339999999999975,95000800.0,3.7149380654366304,194678900.0,6,2,0,1
2020-06-18,0.0004141215446733,1.7267472039043423,-0.0308181522777878,20.70166987657507,70.70528967254398,80828700.0,54.210473223863204,7.530294372289332,0.6391472817339792,0.0003850349740099901,4.729999999999961,0.9532822361374541,0.01548585577033,0.0371577791823292,0.4199999999999591,-9.010000000000048,55.81150018538535,126463340.0,0.0003850349740099,18,5.018397934540251,1.623786122475618,5.01425554843712,3.7355414600835943,0.5481493078504955,83398900.0,-0.0308181522777878,310.01,51.87187795987245,10.967915015568368,11.169999999999959,209243600.0,2.860123654683414,135782700.0,6,3,0,1
2020-08-28,0.0064555794651091,1.497429326674499,-0.1627525885643096,21.869008238959964,99.74064468321592,48588900.0,56.391735580522685,4.926685160091416,0.4996527340024725,0.12444672525498746,37.620000000000005,0.8909849177848689,0.018693987416503,0.0326970661010956,13.740000000000007,13.349999999999966,68.11383425809122,97245340.0,0.0064593919559039,28,3.7149380654366304,3.698718837323346,6.043059080898729,17.90528078528789,0.6391472817339792,80828700.0,-0.1627525885643096,349.44,53.1651406142087,12.965921085884917,46.370000000000005,194678900.0,2.52072373701065,137627500.0,8,4,0,0
2020-08-31,-0.0036346976175931,0.9532822361374541,0.3603765469068039,22.97756684218299,96.35263929618766,66099200.0,55.762483855719644,5.062116816773895,0.793425507846485,-0.003622568315363006,37.64999999999998,0.5481493078504955,0.0050082566896245,0.0186340837513121,11.399999999999975,11.03000000000003,67.45187846668551,83308640.0,-0.003622568315363,31,2.860123654683414,4.670893266534328,6.110203657714692,20.721397636259884,0.4996527340024725,48588900.0,0.3603765469068039,350.35,54.210473223863204,12.199783865464566,42.25999999999999,135782700.0,2.056296947466758,83398900.0,8,0,0,1
2020-09-01,0.0094111155390699,0.8909849177848689,-0.1692985694229279,24.070093593121392,99.80346614257647,54908700.0,55.81150018538535,5.439068139141185,0.8224189124581667,0.009418568034124553,40.82000000000005,0.6391472817339792,0.0122319973865858,0.0246425665465535,13.960000000000036,13.120000000000005,68.311047088299,66764880.0,0.0094185680341245,1,2.52072373701065,5.181279812694578,6.338078142026745,21.453574993459565,0.793425507846485,66099200.0,-0.1692985694229279,350.21,56.391735580522685,11.576227875074238,39.64000000000004,137627500.0,1.623786122475618,80828700.0,9,1,0,1
2020-09-02,0.0144861516034986,0.5481493078504955,0.2664659698736265,25.354231526454548,98.30672472181905,69540000.0,68.11383425809122,5.995801216036178,1.0866796576505904,0.014463981849120788,7.1200000000000045,0.4996527340024725,0.0202625695249754,0.0291452081595073,20.46999999999997,14.779999999999973,69.64853863648378,63993100.0,0.0144639818491207,2,2.056296947466758,5.479172140704799,6.824896291934749,18.5100967042312,0.8224189124581667,54908700.0,0.2664659698736265,354.67,55.762483855719644,11.18864016971179,46.039999999999964,83398900.0,3.698718837323346,48588900.0,9,2,0,0
2020-09-03,-0.0344259841341116,0.6391472817339792,1.1284311187805578,25.47410272831316,78.45508788905013,148011100.0,67.45187846668551,5.204480975296283,1.9115575727002523,-0.03441431367067371,-3.920000000000016,0.793425507846485,-0.0105287169915431,-0.0084402721557144,7.110000000000014,1.2699999999999818,62.762692934846015,77429580.0,-0.0344143136706737,3,1.623786122475618,4.504707532700918,6.211151010045796,4.524580643550115,1.0866796576505904,69540000.0,1.1284311187805578,355.87,55.81150018538535,11.468737300446664,33.610000000000014,80828700.0,4.670893266534328,66099200.0,9,3,0,0
2020-09-04,-0.0081537746085877,0.4996527340024725,-0.059825242836517,24.904938005569768,73.90743428479276,139156300.0,68.311047088299,4.725289996979481,1.456477320278417,-0.00816468340137233,-10.03000000000003,0.8224189124581667,-0.0280936071392008,-0.0228478521307546,3.089999999999975,-5.0,61.268326732287456,95543060.0,-0.0081646834013723,4,3.698718837323346,3.3791997817853687,5.449713526969788,5.954034766441048,1.9115575727002523,148011100.0,-0.059825242836517,346.13,68.11383425809122,11.575256064700472,-8.009999999999991,48588900.0,5.181279812694578,54908700.0,9,4,0,0
2020-09-08,-0.0273193298324581,0.793425507846485,-0.1774335764891708,24.20525775010691,58.81309466215123,114465300.0,69.64853863648378,6.553890786734485,1.0879048375403502,-0.02732288291444085,-24.49000000000001,1.0866796576505904,-0.0698990885751575,-0.0460908648478429,-9.710000000000036,-15.120000000000005,56.46291925855046,105216280.0,-0.0273228829144408,8,4.670893266534328,1.792952689989086,4.093832723682681,9.430521194504001,1.456477320278417,139156300.0,-0.1774335764891708,336.71,67.45187846668551,11.445594917221866,-16.100000000000023,66099200.0,5.479172140704799,69540000.0,9,1,0,1
2020-09-09,0.0197313452021337,0.8224189124581667,-0.2009604657481349,23.55555465574854,69.4242864054185,91462300.0,62.762692934846015,6.908861057447148,0.8128031494663503,0.019747306503406392,-5.599999999999966,1.9115575727002523,-0.0157417592389121,-0.0363301191151446,-4.329999999999984,-10.789999999999964,58.90318484337717,112527000.0,0.0197473065034063,9,5.181279812694578,1.0142438584300688,3.4746801544556547,9.020200662955855,1.0879048375403502,114465300.0,-0.2009604657481349,337.55,68.311047088299,11.288766708848877,-12.810000000000002,54908700.0,4.504707532700918,148011100.0,9,2,0,0
2020-09-10,-0.0173641749653346,1.0866796576505904,-0.0097613989589152,22.600539220046496,59.909691985163654,90569500.0,61.268326732287456,7.9885543818083615,0.7758695277852259,-0.01736366579357851,-8.680000000000007,1.456477320278417,-0.0249521595956589,-0.0665641599105395,-13.680000000000009,-15.420000000000016,55.87880918724274,116732900.0,-0.0173636657935785,10,5.479172140704799,-0.01625054388068392,2.5104474560076824,5.334622760794768,0.8128031494663503,91462300.0,-0.0097613989589152,341.82,69.64853863648378,11.173854801073954,-23.810000000000002,69540000.0,3.3791997817853687,139156300.0,9,3,0,1
2020-09-11,0.0005131329976588,1.9115575727002523,-0.0650252016407288,21.53929990772172,60.18384131591678,84680200.0,56.46291925855046,8.642288791492318,0.8137106656191335,0.0005091497199676276,0.8500000000000227,1.0879048375403502,0.0028803032344579,-0.0328034974955846,-14.269999999999982,-18.54000000000002,55.948992585744,104066720.0,0.0005091497199676,11,4.504707532700918,-0.7631287870112349,1.7391489320839923,4.214579457073946,0.7758695277852259,90569500.0,-0.0650252016407288,335.82,62.762692934846015,10.80215088671153,-11.329999999999984,148011100.0,1.792952689989086,114465300.0,9,4,0,1
2020-09-14,0.0131743436868927,1.456477320278417,-0.2252533650133089,20.83157068401616,60.27799530148781,65605700.0,58.90318484337717,8.45068412746685,0.7342009431871849,0.013171286595222265,-1.330000000000041,0.8128031494663503,-0.0036766982807829,-0.0119975479464051,-12.120000000000005,-19.24000000000001,57.81920266103961,89356600.0,0.0131712865952222,14,3.3791997817853687,-1.0214012816436107,1.4428991035729837,3.014377215941915,0.8137106656191335,84680200.0,-0.2252533650133089,337.49,61.268326732287456,10.48199725194642,-4.110000000000014,139156300.0,1.0142438584300688,91462300.0,9,0,0,1
2020-09-15,0.0050303720577069,1.0879048375403502,-0.1933490535121186,20.309223122268623,62.26645004061743,52920900.0,55.87880918724274,8.14483367267578,0.6868587415695104,0.005052295692253184,6.28000000000003,0.7758695277852259,0.0187178487422585,0.0208877284595301,-9.139999999999986,-5.21999999999997,58.55562717471135,77047720.0,0.0050522956922531,15,1.792952689989086,-1.1292276235804977,1.321188849285761,3.0783485832487694,0.7342009431871849,65605700.0,-0.1933490535121186,341.12,56.46291925855046,9.98756887680739,6.960000000000036,114465300.0,-0.01625054388068392,90569500.0,9,1,0,0
2020-09-16,-0.003966380205874,0.8128031494663503,0.5512963687314463,19.913002348385124,59.524776604386666,82096000.0,55.948992585744,7.225383034829172,1.0920730258654336,-0.003968603933327541,4.759999999999991,0.8137106656191335,0.0142383355387256,-0.0028547043762324,-13.78000000000003,-3.75,57.69917056898795,75174460.0,-0.0039686039333275,16,1.0142438584300688,-1.329813109723812,1.1102627087554424,2.90588196594247,0.6868587415695104,52920900.0,0.5512963687314463,341.51,58.90318484337717,9.598456814178293,-0.9700000000000273,91462300.0,-0.7631287870112349,84680200.0,9,2,0,0
2020-09-17,-0.0087860687083215,0.7758695277852259,0.1148326349639445,18.92151428477315,17.441441441441352,91523300.0,57.81920266103961,3.997713235226804,1.2143970388463008,-0.008795230505873386,-2.6200000000000045,0.7342009431871849,-0.0077220768564886,0.0058402467878642,-21.860000000000014,2.6299999999999955,55.7603854719865,75365220.0,-0.0087952305058733,17,-0.01625054388068392,-1.6790150867292457,0.7105882373000441,2.4686838598714242,1.0920730258654336,82096000.0,0.1148326349639445,333.56,55.87880918724274,9.329281327451271,1.9499999999999886,90569500.0,-1.0214012816436107,65605700.0,9,3,0,0
2020-09-22,0.0101771210490262,0.8137106656191335,-0.5866415752978247,17.86265238775552,13.499543934326542,63612100.0,58.55562717471135,99.61229567121175,0.8940361144373422,-0.01649595045259633,-9.870000000000005,0.6868587415695104,-0.012461571724724,-0.2424659419292693,122.9,-58.25,52.24568200842933,71151600.0,0.7033675416430303,22,-0.7631287870112349,-2.2626076607243313,-1.0721650401835632,3.9157017251049266,1.2143970388463008,91523300.0,-0.3603661307903003,328.57,55.948992585744,9.375761232633321,-3.759999999999991,84680200.0,-1.1292276235804977,52920900.0,9,1,1,1
2020-10-05,0.0177310629053384,0.7342009431871849,-0.3303248092631875,17.15374320372987,42.262085740346556,45713100.0,57.69917056898795,78.7070847086421,0.6805270801934347,0.02864062973054793,0.9399999999999977,1.0920730258654336,0.0146389663277286,0.216034359341446,114.72,66.25,57.20602395680003,67173080.0,-0.1557079668008548,5,-1.0214012816436107,-2.0000969351400872,-0.2161009281072665,4.099148692105436,0.8940361144373422,63612100.0,-0.4888456029278405,336.06,57.81920266103961,9.396064001730938,1.3000000000000114,65605700.0,-1.329813109723812,82096000.0,10,0,1,1
2020-11-11,0.0074408796505498,0.6868587415695104,-0.4492772403483369,17.776218983326896,93.67588932806328,58649000.0,55.7603854719865,115.07424270636967,0.8584618852525004,0.049770426183188166,20.83000000000004,1.2143970388463008,0.0185465036469868,-0.1409888971845571,118.96,146.21,64.33706869106325,68318700.0,0.27655690765927,11,-1.1292276235804977,-0.7410260782031255,3.274357750592344,9.878614275291332,0.6805270801934347,45713100.0,-0.314463717972695,356.4,58.55562717471135,9.996345144464442,16.5,52920900.0,-1.6790150867292457,91523300.0,11,2,1,1
2020-11-19,0.0042209250112257,1.0920730258654336,-0.2103719785062106,18.257776319456514,98.76237623762366,59940900.0,52.24568200842933,109.76208068666844,0.938223144117927,0.003112120447472222,27.47999999999996,0.8940361144373422,-0.0131993661440399,-0.2873050337642676,-37.670000000000016,149.94999999999996,64.75227662887593,63887680.0,-0.285226251123764,19,-1.329813109723812,0.07003664765841933,4.994569438795793,12.476437792895418,0.8584618852525004,58649000.0,-0.1508741162154543,355.6,57.69917056898795,9.570177634145555,18.95999999999998,82096000.0,-2.2626076607243313,63612100.0,11,3,1,1
2020-11-27,0.002793871129018,1.2143970388463008,-0.3709787363586427,19.086586790967594,98.66910229645096,28514100.0,57.20602395680003,3.1270484841512785,0.5559838739113955,0.016462630666890465,23.910000000000025,0.6805270801934347,0.0173493186928586,0.0164626306668904,10.460000000000036,3.050000000000012,66.9510633263622,51285840.0,0.0027849776650306,27,-1.6790150867292457,0.8626681133759178,5.191627673881953,14.001529559301318,0.938223144117927,59940900.0,-0.3709787363586427,363.84,55.7603854719865,9.343736374563731,27.83000000000004,91523300.0,-2.0000969351400872,45713100.0,11,4,0,0
2020-11-30,-0.0044284122235908,0.8940361144373422,1.9414465124271847,19.471011421836323,94.46764091858037,83872700.0,64.33706869106325,3.1429082427320325,1.5156449569156507,-0.004427090494129371,5.389999999999986,0.8584618852525004,-0.0031908013717633,0.0189401401514086,3.95999999999998,5.78000000000003,65.74379975776533,55337960.0,-0.0044270904941293,30,-2.2626076607243313,1.1215974973509901,5.109689067856266,9.525054855484475,0.5559838739113955,28514100.0,1.9414465124271847,362.83,52.24568200842933,8.997755204952036,31.75999999999999,63612100.0,-0.7410260782031255,58649000.0,11,0,0,1
2020-12-01,0.0109288007776828,0.6805270801934347,-0.1149515873460613,20.132408085521195,96.03060736489712,74231400.0,64.75227662887593,3.5933209647297586,1.2160784723603337,0.010937413688338893,8.240000000000009,0.938223144117927,0.0092942596831101,0.0239467352990545,3.4499999999999886,8.240000000000009,67.30541637054489,61041620.0,0.0109374136883388,1,-2.0000969351400872,1.3853472897409578,5.283216495410443,3.945953623648934,1.5156449569156507,83872700.0,-0.1149515873460613,365.57,57.20602395680003,8.75648697602689,26.25999999999999,45713100.0,0.07003664765841933,59940900.0,12,1,0,1
2020-12-02,0.0021271635876216,0.8584618852525004,-0.3812995578690419,20.657972936004594,97.8718316594931,45927000.0,66.9510633263622,4.107270112591682,0.7851142327789252,0.002103710179771623,3.1200000000000045,0.5559838739113955,0.0086275521417137,0.009828753923242,6.170000000000016,11.460000000000036,67.61456349378173,58497220.0,0.0021037101797716,2,-0.7410260782031255,1.4315563865170304,5.417197055512304,3.595723849239291,1.2160784723603337,74231400.0,-0.3812995578690419,364.82,64.33706869106325,8.328166477739254,10.120000000000005,58649000.0,0.8626681133759178,28514100.0,12,2,0,0
2020-12-03,-0.000290773748946,0.938223144117927,0.3691728177324884,21.234986217325474,96.45641389085755,62882000.0,65.74379975776533,4.061249944428754,1.0642554240097053,-0.0002726355680362502,4.6299999999999955,1.5156449569156507,0.0127651906163585,0.0111123366238348,10.410000000000023,9.230000000000018,67.52526386639485,59085440.0,-0.0002726355680362,3,0.07003664765841933,1.2802086584357077,5.452455932452324,2.0918006597159633,0.7851142327789252,45927000.0,0.3691728177324884,366.68,64.75227662887593,7.925440300757878,8.910000000000025,59940900.0,1.1215974973509901,83872700.0,12,3,0,1
2020-12-04,0.0086094063581629,0.5559838739113955,-0.1929343850386438,21.89480207877724,100.0,50749900.0,67.30541637054489,4.39233992309473,0.798800930545893,0.008617633423327664,3.830000000000041,1.2160784723603337,0.0104457961968386,0.0169934281079,12.07000000000005,6.629999999999996,68.92206111959337,63532600.0,0.0086176334233276,4,0.8626681133759178,1.2180977673952,5.654069514870287,2.7860850668973187,1.0642554240097053,62882000.0,-0.1929343850386438,367.32,66.9510633263622,7.585051707846603,6.180000000000007,28514100.0,1.3853472897409578,74231400.0,12,4,0,0
2020-12-07,-0.0020474666205264,1.5156449569156507,-0.035578395228365,22.507488235839592,98.27233462150478,48944300.0,67.61456349378173,3.691420834555434,0.8655520053081582,-0.0020548871163986737,2.2999999999999545,0.7851142327789252,0.0062711659886904,0.0194166712699552,13.759999999999993,6.42999999999995,68.16270456084598,56546920.0,-0.0020548871163986,7,1.1215974973509901,0.9622332191756922,5.6909568570511055,1.6751477546736837,0.798800930545893,50749900.0,-0.035578395228365,369.02,65.74379975776533,7.195405157286131,7.029999999999973,83872700.0,1.4315563865170304,45927000.0,12,0,0,1
2020-12-08,0.0029185690342714,1.2160784723603337,-0.1325057258965803,23.17257223958291,98.6420302760464,42458900.0,67.52526386639485,3.031166991992664,0.8459225516522216,0.002926115581565636,3.480000000000018,1.0642554240097053,0.0094805087719079,0.0113381782416261,12.710000000000036,6.5,68.69061096596792,50192420.0,0.0029261155815656,8,1.3853472897409578,0.7135718519605732,5.735572787739159,1.670185618423371,0.8655520053081582,48944300.0,-0.1325057258965803,367.72,67.30541637054489,6.903590503194261,4.150000000000034,74231400.0,1.2802086584357077,62882000.0,12,1,0,0
2020-12-09,-0.0089607283833232,0.7851142327789252,0.7451771006785386,23.5077598410197,90.70590838681126,74098300.0,68.92206111959337,2.871477552297069,1.3272918969926206,-0.008968852149012552,-3.0,0.798800930545893,-0.0080896259695782,0.0001635813408218,3.629999999999996,4.7900000000000205,65.11616613885388,55826680.0,-0.0089688521490125,9,1.4315563865170304,0.20003644342390814,5.457074468047608,1.6548111674714598,0.8459225516522216,42458900.0,0.7451771006785386,370.88,67.61456349378173,6.774762610108958,0.060000000000002274,45927000.0,1.2180977673952,50749900.0,12,2,0,0
2020-12-10,-0.000319804628445,1.0642554240097053,-0.2208269285530167,23.56554938772689,90.44036291214871,57735400.0,68.16270456084598,2.555937749200974,1.0536164515954782,-0.0003271091726864128,-2.359999999999957,0.8655520053081582,-0.0063619639774968,0.0001090839673838,4.069999999999993,0.7100000000000364,64.98453789125645,54797360.0,-0.0003271091726864,10,1.2802086584357077,-0.24883590735882066,5.1679139672289125,1.643751806079076,1.3272918969926206,74098300.0,-0.2208269285530167,365.37,67.52526386639485,6.535850995101176,0.040000000000020464,62882000.0,0.9622332191756922,48944300.0,12,3,0,0
2020-12-11,-0.0011632979496875,0.798800930545893,-0.0006373905783972,23.41953329653617,86.44406392694064,57698600.0,68.69061096596792,2.323762514164269,1.0269011926225058,-0.0011725247457257115,-3.8700000000000045,0.8459225516522216,-0.0104438309614558,-0.0095984858726511,2.6299999999999955,-0.4900000000000091,64.48153838356151,56187100.0,-0.0011725247457257,11,1.2180977673952,-0.6528644043348972,4.850561278926762,1.7010643726761907,1.0536164515954782,57735400.0,-0.0006373905783972,364.9,68.92206111959337,6.317575924022521,-3.5500000000000114,50749900.0,0.7135718519605732,42458900.0,12,4,0,0
2020-12-14,-0.0044839132333671,0.8655520053081582,0.1996166284797205,23.617835442858397,62.18934911242619,69216200.0,65.11616613885388,1.7860213386841306,1.1489790755472806,-0.004477204477204455,-2.1899999999999977,1.3272918969926206,-0.0059670158114997,-0.0120024926169767,2.6000000000000227,-2.0299999999999727,62.49470777283087,60241480.0,-0.0044772044772044,14,0.9622332191756922,-1.0833371642588823,4.423797078360337,2.0058090636918378,1.0269011926225058,57698600.0,0.1996166284797205,368.64,68.16270456084598,6.24703478659234,-4.42999999999995,48944300.0,0.20003644342390814,74098300.0,12,0,0,1
2020-12-15,0.0135123278055626,0.8459225516522216,-0.0773070466162545,23.801973150157608,91.36094674556193,63865300.0,64.98453789125645,1.8539135782361595,0.9898104172853114,0.013519442768606282,2.859999999999957,1.0536164515954782,0.0078651166225079,-0.0015668476645867,3.569999999999993,-0.2600000000000477,65.89653115923318,64522760.0,0.0135194427686062,15,0.7135718519605732,-1.0860673866743724,4.407571028590496,1.7760715075661417,1.1489790755472806,69216200.0,-0.0773070466162545,367.4,68.69061096596792,6.152960873264312,-0.5800000000000409,42458900.0,-0.24883590735882066,57735400.0,12,1,0,1
2020-12-16,0.0015583066401176,1.3272918969926206,-0.0852544339414361,24.153406415101593,91.74311926605498,58420500.0,64.48153838356151,1.979129999663596,0.951672335600907,0.0015693065288564512,3.8700000000000045,1.0269011926225058,0.0105867212123131,0.0090500204443233,3.3799999999999955,1.080000000000041,66.28398608881997,61387200.0,0.0015693065288564,16,0.20003644342390814,-1.0956852209028174,4.387706504940752,2.32352103497863,0.9898104172853114,63865300.0,-0.0852544339414361,369.82,65.11616613885388,5.877035096602577,3.319999999999993,74098300.0,-0.6528644043348972,57698600.0,12,2,0,1
2020-12-17,0.0056184631342379,1.0536164515954782,0.0975513732337107,24.63053591090567,98.34462001504913,64119500.0,62.49470777283087,2.3171546248725936,1.0232267256393701,0.0055920252856795916,7.579999999999984,1.1489790755472806,0.0206890975799183,0.0150246775556948,5.550000000000011,2.069999999999993,67.69465175868767,62664020.0,0.0055920252856795,17,-0.24883590735882066,-1.0115302866763791,4.477696333933807,3.0621838612317287,0.951672335600907,58420500.0,0.0975513732337107,371.94,64.98453789125645,5.620818303988104,5.509999999999991,57735400.0,-1.0833371642588823,69216200.0,12,3,0,1
2021-01-14,-0.0034954279802018,1.0269011926225058,-0.399355728632227,25.940218516832527,85.0587576944599,49989100.0,65.89653115923318,95.5735269540915,0.8178561214826973,0.016709649688372963,8.870000000000005,0.9898104172853114,-0.0006074040305118,0.6631949022192922,113.34999999999997,161.36999999999998,71.54696187736496,61122120.0,0.6182494548253301,14,-0.6528644043348972,-0.6058631515961821,4.221643073405517,5.001472783089761,1.0232267256393701,64119500.0,0.1034244519199356,380.59,64.48153838356151,5.854331282274667,12.159999999999968,57698600.0,-1.0860673866743724,63865300.0,1,3,1,1
2021-02-09,-0.000679883603927,1.1489790755472806,-0.4411267667629271,27.870763625107895,97.68367716250458,35551100.0,66.28398608881997,89.75582813636382,0.6536438367246379,0.031152565660836018,20.079999999999984,0.951672335600907,0.0104840669227275,0.428963749542292,173.84,-58.19999999999999,77.1171001696973,54389100.0,0.1815016651528913,9,-1.0833371642588823,0.33690113283904566,3.7651204671144,8.634637803636412,0.8178561214826973,49989100.0,-0.0733503279013272,389.61,62.49470777283087,6.324021904969334,25.589999999999975,69216200.0,-1.0956852209028174,58420500.0,2,1,1,0
2021-02-19,-0.0017667844522967,0.9898104172853114,-0.4136144906770473,29.757555421053354,91.92994505494498,83241000.0,67.69465175868767,108.58346375535804,1.4286807825863685,-0.0005637411915438983,17.789999999999964,1.0232267256393701,-0.0057994197017187,-0.0696515039477138,-46.21000000000004,-111.98000000000002,76.81491271373856,58264240.0,0.4712006336992189,19,-1.0860673866743724,0.7996682352748827,4.095628979103253,9.5474734877865,0.6536438367246379,35551100.0,0.3940227220964349,392.07,65.89653115923318,6.074448911757238,20.439999999999998,63865300.0,-1.0115302866763791,64119500.0,2,4,1,0
2021-03-03,-0.0132428496854137,0.951672335600907,0.5068754059598997,29.933374950445966,62.362637362637436,119940200.0,71.54696187736496,4.071392882050907,1.6996357281709689,-0.022075224982693542,2.9600000000000364,0.8178561214826973,0.0031962787646044,-0.0264185619113254,-10.96999999999997,-5.609999999999957,65.92679388567052,70568180.0,-0.0132457184250013,3,-1.0956852209028174,0.40007058183357813,1.1404212230127089,7.738168387931714,1.4286807825863685,83241000.0,0.5068754059598997,385.79,66.28398608881997,6.263416846631719,11.25,58420500.0,-0.6058631515961821,49989100.0,3,2,0,0
2021-03-04,-0.0123903661422803,1.0232267256393701,0.5293704696173593,28.681360189487037,46.15384615384614,183433000.0,77.1171001696973,4.878010067869532,1.9425107549564296,-0.012374809920822294,-13.550000000000011,0.6536438367246379,-0.0334297428293024,-0.0147254989145502,-14.02000000000004,-10.800000000000011,60.83593533152837,94430880.0,-0.0123748099208222,4,-1.0115302866763791,-0.2717541540439896,0.3402534565204291,6.404870802755169,1.6996357281709689,119940200.0,0.5293704696173593,381.22,67.69465175868767,6.681744214729454,4.4599999999999795,64119500.0,0.33690113283904566,35551100.0,3,3,0,1
2021-03-05,0.0184099238793347,0.8178561214826973,-0.1711436873408819,27.59910915203639,69.95192307692308,152039600.0,76.81491271373856,4.604437955809917,1.3239141637418976,0.01839660207061322,-6.399999999999977,1.4286807825863685,-0.0072232919483594,0.0085971185192974,-6.399999999999977,-8.139999999999986,65.09743394774245,114840980.0,0.0183966020706132,5,-0.6058631515961821,-0.3348922223221411,0.2303755373994249,5.802639916450564,1.9425107549564296,183433000.0,-0.1711436873408819,380.46,71.54696187736496,7.070191056534493,5.170000000000016,49989100.0,0.7996682352748827,83241000.0,3,4,0,0
2021-03-08,-0.004982974835977,0.6536438367246379,-0.1900189161244834,26.90573594403624,63.39285714285726,123149200.0,65.92679388567052,4.610264513984299,0.9304067826830643,-0.004978755571774851,0.30000000000001137,1.6996357281709689,0.0010365829010772,-0.020175573694748,-5.309999999999945,-0.6099999999999568,63.06077316920073,132360600.0,-0.0049787555717748,8,0.33690113283904566,-0.5765923387312366,-0.0019262572099023,4.826815720533114,1.3239141637418976,152039600.0,-0.1900189161244834,384.66,77.1171001696973,7.012320266782028,-8.529999999999973,35551100.0,0.40007058183357813,119940200.0,3,0,0,1
2021-03-09,0.0142725982806108,1.4286807825863685,-0.0772688738538293,26.49552199546678,82.10851648351657,113633600.0,60.83593533152837,4.58477141075789,0.8208200109911129,0.014277480876034865,10.470000000000027,1.9425107549564296,0.0276995473239685,0.0016298442593263,-0.3299999999999841,6.810000000000002,66.3006205503209,138439120.0,0.0142774808760348,9,0.7996682352748827,-0.446529191823668,0.2253236331356447,3.801600978533365,0.9304067826830643,123149200.0,-0.0772688738538293,385.85,76.81491271373856,7.09644024772617,-2.859999999999957,83241000.0,-0.2717541540439896,183433000.0,3,1,0,1
2021-03-10,0.0062266842220759,1.6996357281709689,-0.0328617591979837,26.271526512207373,90.38461538461534,109899400.0,65.09743394774245,4.216362439619747,0.8055312371913237,0.006224655835937565,5.949999999999989,1.3239141637418976,0.0155163076667097,0.0213937391851501,-2.1899999999999977,0.0,67.65173747472609,136430960.0,0.0062246558359375,10,0.40007058183357813,-0.2832581264546068,0.5818832494105663,4.988050721472828,0.8208200109911129,113633600.0,-0.0328617591979837,389.69,65.92679388567052,6.891694515745726,8.159999999999968,119940200.0,-0.3348922223221411,152039600.0,3,2,0,1
2021-03-11,0.0101409372188752,1.9425107549564296,-0.2152368438772186,26.495165653819278,93.20076972418214,86245000.0,63.06077316920073,5.138744009971126,0.737178588596823,0.010139124185019721,11.809999999999945,0.9304067826830643,0.030640219721562,0.0446774621714891,11.199999999999989,6.989999999999952,69.78965731868614,116993360.0,0.0101391241850197,11,-0.2717541540439896,-0.00880711533078049,1.1513600627380356,4.703246750914188,0.8055312371913237,109899400.0,-0.2152368438772186,392.23,60.83593533152837,6.833002050335317,16.829999999999984,183433000.0,-0.5765923387312366,123149200.0,3,3,0,1
2021-03-12,0.0013493455673998,1.3239141637418976,-0.2503495854832164,26.604173005792774,94.65186680121097,64653600.0,66.3006205503209,5.565918213158539,0.6496794088517885,0.0013467842350012305,6.889999999999986,0.8208200109911129,0.017716967008351,0.0271876547715246,13.699999999999989,12.639999999999986,70.07543725164503,99516160.0,0.0013467842350012,12,-0.3348922223221411,0.10270581930764244,1.6242964827212631,5.064175154947187,0.737178588596823,86245000.0,-0.2503495854832164,392.07,65.09743394774245,6.559930475311366,10.430000000000007,152039600.0,-0.446529191823668,113633600.0,3,4,0,1
2021-03-15,0.0059560706104297,0.9304067826830643,0.1357016469307199,26.96319981709137,98.99352983465143,73427200.0,67.65173747472609,6.362506843481422,0.819758370272059,0.005963558848906425,6.830000000000041,0.8055312371913237,0.0174463533967048,0.0384837053337525,6.830000000000041,19.71000000000004,71.36872009766213,89571760.0,0.0059635588489064,15,-0.5765923387312366,0.2221606927506503,2.152616509970528,3.7116505762239607,0.6496794088517885,64653600.0,0.1357016469307199,394.33,63.06077316920073,6.42422115564627,14.689999999999998,123149200.0,-0.2832581264546068,109899400.0,3,0,0,0
2021-03-16,-0.0012591759095536,0.8208200109911129,0.0040216704436502,27.414869508658814,92.83047050037356,73722500.0,69.78965731868614,6.938667899693502,0.9035778360804584,-0.0012613203501424808,2.3800000000000523,0.737178588596823,0.006046240268276,0.0225740630730686,9.370000000000005,12.28000000000003,70.66890885532783,81589540.0,-0.0012613203501424,16,-0.446529191823668,0.15794470668219063,2.504518337473826,2.700235174939956,0.819758370272059,73427200.0,0.0040216704436502,397.07,66.3006205503209,6.161776787385823,8.740000000000009,113633600.0,-0.00880711533078049,86245000.0,3,1,0,1
2021-03-17,0.0034067437431262,0.8055312371913237,0.328757163688155,27.461691666411564,96.72256097560971,97959300.0,70.07543725164503,7.07306950497712,1.2368361112261481,0.0034098658786085867,3.1999999999999886,0.6496794088517885,0.0081036384440024,0.0197135376559371,15.839999999999977,15.539999999999964,71.48200234405124,79201520.0,0.0034098658786085,17,-0.2832581264546068,0.09967638239653809,2.852993919278731,1.5832340319681772,0.9035778360804584,73722500.0,0.328757163688155,394.53,67.65173747472609,6.065935588286835,7.680000000000007,109899400.0,0.10270581930764244,64653600.0,3,2,0,0
2021-03-18,-0.0145431214243704,0.737178588596823,0.1775206641942113,26.984295417858643,74.69512195121958,115349100.0,71.36872009766213,5.432648729877306,1.3566916648024507,-0.014549665206665563,-4.930000000000007,0.819758370272059,-0.0123955535907978,-0.0052092597768911,14.78000000000003,4.310000000000002,63.38081233875826,85022340.0,-0.0145496652066655,18,-0.00880711533078049,-0.40705666652387507,2.6595432335785745,2.3018970437407456,1.2368361112261481,97959300.0,0.1775206641942113,394.48,69.78965731868614,6.097654474837775,-2.0499999999999545,86245000.0,0.2221606927506503,73427200.0,3,3,0,1
2021-03-26,0.0161075648512833,0.6496794088517885,0.9195835640341604,26.446615186924895,91.84451219512201,114409100.0,70.66890885532783,88.02626553099572,1.2046431086417424,0.011494840094002257,0.06999999999999318,0.9035778360804584,0.0166525223170403,0.4217291397386185,122.88,-48.72999999999996,66.55847333346964,94973440.0,-0.1331436077057792,26,0.10270581930764244,-0.511341584351241,2.0229100506434747,2.2606569841491155,1.3566916648024507,115349100.0,-0.0148068606699813,390.93,70.07543725164503,6.099250583777935,1.920000000000016,64653600.0,0.15794470668219063,73722500.0,3,4,1,1
2021-04-19,-0.0049216094170175,0.819758370272059,-0.4981562483617845,27.917284496255174,96.58938921087822,78498500.0,71.48200234405124,143.15229953522316,0.8177974886365649,0.04856305874034028,17.94999999999999,1.2368361112261481,0.0091668982784488,0.746708173825249,166.01999999999998,-195.17,76.10204674119092,95987700.0,0.8450497689299681,19,0.2221606927506503,0.5832866163285644,6.593782016876503,9.231325473624018,1.2046431086417424,114409100.0,-0.0431364757250665,416.26,71.36872009766213,7.146446970650939,18.799999999999955,73427200.0,0.09967638239653809,97959300.0,4,0,1,1
2021-04-21,0.0094768472147315,0.9035778360804584,0.061429520367916,28.839532498689152,98.50646455639765,66793000.0,63.38081233875826,95.540615336562,0.70604364821811,0.0020712410587413466,24.589999999999975,1.3566916648024507,-0.002761711009139,0.4267539949249022,197.89,-40.73000000000002,76.42605864944998,94601800.0,0.9282139215868012,21,0.15794470668219063,1.1983282012988639,6.245650007239135,11.561221821242658,0.8177974886365649,78498500.0,-0.1839764061388997,411.51,70.66890885532783,6.988129329890159,20.159999999999968,73722500.0,-0.40705666652387507,115349100.0,4,2,1,1
2021-05-28,0.0017924766473111,1.2368361112261481,0.0319621497609672,30.054808867215588,97.51080024686283,58520200.0,66.55847333346964,3.240720941742332,0.674864652735349,0.009541663662364641,24.060000000000002,1.2046431086417424,0.0042970608104693,0.0122909336289585,3.4600000000000364,9.180000000000009,77.914668619827,86713980.0,0.0017887381048915,28,0.09967638239653809,1.6762743925924042,1.976764061788288,13.030384875358626,0.70604364821811,66793000.0,0.0319621497609672,420.97,71.48200234405124,6.858977234898005,22.78000000000003,97959300.0,-0.511341584351241,114409100.0,5,4,0,0
2021-06-01,-0.0008820342229278,1.3566916648024507,-0.0735404185221513,31.285337121188437,92.6150121065375,54216600.0,76.10204674119092,3.373527662390536,0.7278619171973599,-0.0008808684887153806,4.460000000000036,0.8177974886365649,0.0014408928020135,0.0011928334565927,4.150000000000034,4.390000000000043,77.42396413303092,74487480.0,-0.0008808684887153,1,-0.40705666652387507,1.7624478886073582,2.0267453312761745,9.965737805098593,0.674864652735349,58520200.0,-0.0735404185221513,422.57,63.38081233875826,6.620478860976722,28.189999999999998,115349100.0,0.5832866163285644,78498500.0,6,1,0,1
2021-06-02,0.0015638399838571,1.2046431086417424,-0.0944267991722092,32.42797049987751,93.61133386794964,49097100.0,76.42605864944998,3.0439245500984886,0.7993005462915148,0.001572664236185517,4.259999999999991,0.70604364821811,0.0024742824082404,0.0049971308339709,8.389999999999986,5.389999999999986,77.69383291378291,61425080.0,0.0015726642361855,2,-0.511341584351241,1.6602637105515807,2.0922663221139146,2.425897771953311,0.7278619171973599,54216600.0,-0.0944267991722092,420.37,66.55847333346964,6.286158942335527,24.349999999999966,114409100.0,1.1983282012988639,66793000.0,6,2,0,0
2021-06-03,-0.0037020247809005,0.8177974886365649,0.1841595532119004,32.86862431389738,88.56729377713445,58138800.0,77.914668619827,1.875745777617056,1.0136986396908696,-0.0037113696381414485,-1.2700000000000387,0.674864652735349,-0.0030202190199712,-0.0007158708568973,7.909999999999968,-0.4000000000000341,75.3995905532401,57353140.0,-0.0037113696381414,3,0.5832866163285644,1.2999179644393664,2.002491983629397,1.727304258075999,0.7993005462915148,49097100.0,0.1841595532119004,417.85,76.10204674119092,6.126433303597276,3.5600000000000023,78498500.0,1.6762743925924042,58520200.0,6,3,0,1
2021-06-04,0.0091504259245216,0.70604364821811,-0.0374381608720715,33.53314370623588,99.01930738584126,55938800.0,77.42396413303092,88.86023913364694,1.0137091059995686,0.00914583184086748,2.930000000000007,0.7278619171973599,0.0070122411274782,0.7218057366362451,-32.95999999999998,188.73,77.18116918203158,55182300.0,0.9385321100917432,4,1.1983282012988639,1.1376659003342802,2.198110470758309,1.422557555941628,1.0136986396908696,58138800.0,-0.0378404783036457,420.75,76.42605864944998,5.9852594961974726,6.53000000000003,66793000.0,1.7624478886073582,54216600.0,6,4,0,0
2021-06-07,-0.0009768804949529,0.674864652735349,-0.07836778765365,34.15019742769307,97.76279497395029,51555000.0,77.69383291378291,1.4300042735071952,0.9584627117011835,-0.000970184571699062,1.8600000000000136,0.7993005462915148,0.0044715206486681,0.0051185601371297,7.25,3.1200000000000045,76.54212200140094,53789260.0,-0.000970184571699,7,1.6762743925924042,0.8349007744083181,2.295212015138418,1.63951822190738,1.0137091059995686,55938800.0,-0.07836778765365,422.59,77.914668619827,5.671312389326223,2.1499999999999773,58520200.0,1.6602637105515807,49097100.0,6,0,0,1
2021-06-08,0.0002005816868921,0.7278619171973599,-0.0857472602075453,34.52358277391096,97.17496962332926,47134300.0,75.3995905532401,1.5754491423168095,0.8999767054654324,0.00021317416329136307,3.509999999999991,1.0136986396908696,0.0083741271164609,0.0062191722067337,3.109999999999957,2.9899999999999523,76.58794720475107,52372800.0,0.0002131741632913,8,1.7624478886073582,0.4899421558808683,2.351514227799328,1.6403139943212073,0.9584627117011835,51555000.0,-0.0857472602075453,423.11,77.42396413303092,5.472647218660064,2.609999999999957,54216600.0,1.2999179644393664,58138800.0,6,1,0,0
2021-06-09,-0.001478993281861,0.7993005462915148,0.0276231958467612,34.8755587882403,95.11677282377914,48436300.0,77.18116918203158,1.457131504789174,0.9271766195819959,-0.0014919011082693556,-0.9500000000000455,1.0137091059995686,-0.0022552920899218,0.003140389693812,3.409999999999968,1.6099999999999568,75.47644623880015,52240640.0,-0.0014919011082693,9,1.6602637105515807,0.08955537918784451,2.321762237971825,1.5628403629180465,0.8999767054654324,47134300.0,0.0276231958467612,423.18,77.69383291378291,5.213886703041486,1.3199999999999932,49097100.0,1.1376659003342802,55938800.0,6,2,0,1
2021-06-10,0.0046443903296262,1.0136986396908696,0.0533442893036832,35.352080065514606,97.02970297029708,51020100.0,76.54212200140094,1.6284624650347892,1.0039986697338878,0.004648405075299511,1.420000000000016,0.9584627117011835,0.0033659787346573,0.011557656947728,4.5400000000000205,3.9399999999999977,76.6135845235994,50816900.0,0.0046484050752995,10,1.2999179644393664,-0.1595001223161141,2.419571793087357,0.7251413655040763,0.9271766195819959,48436300.0,0.0533442893036832,422.96,75.3995905532401,5.061466224252807,4.840000000000032,58138800.0,0.8349007744083181,51555000.0,6,3,0,1
2021-06-11,0.0016492578339746,1.0137091059995686,-0.1068069251138277,35.79456410869789,99.0681421083285,45570800.0,76.58794720475107,1.793421621130556,0.9349141317883689,0.0016524633507235542,2.0300000000000296,0.8999767054654324,0.0048146548817398,0.0040463795551348,5.019999999999982,3.980000000000018,77.02335729721547,48743300.0,0.0016524633507235,11,1.1376659003342802,-0.3806949347398678,2.521279315834988,1.1068965624505664,1.0039986697338878,51020100.0,-0.1068069251138277,424.2,77.18116918203158,4.814932922520464,1.7099999999999795,55938800.0,0.4899421558808683,47134300.0,6,4,0,1
2021-06-14,0.0022452849017065,0.9584627117011835,-0.0704903139729826,36.3173504920716,99.68643101482323,42358500.0,75.47644623880015,2.0482678318859544,0.9030892887600205,0.002238929084867225,3.6100000000000136,0.9271766195819959,0.0085389330653073,0.0072716075700514,5.21999999999997,6.490000000000009,77.59707005546022,46904000.0,0.0022389290848672,14,0.8349007744083181,-0.5560097127077643,2.644027040884112,1.4702278734823648,0.9349141317883689,45570800.0,-0.0704903139729826,424.43,76.54212200140094,4.633151999483287,3.069999999999993,51555000.0,0.08955537918784451,48436300.0,6,0,0,0
2021-06-15,-0.0018419873550057,0.8999767054654324,-0.3525243611789905,36.81399359804606,93.04964539007118,51508500.0,76.6135845235994,83.06190981564444,1.0780609156689447,-0.0018341720359309477,0.8700000000000045,1.0039986697338878,0.0020525553806753,0.0412087912087912,158.55,94.18,75.92087399044681,47778840.0,0.5543024533138043,15,0.4899421558808683,-0.8025147833677373,2.6510342096162844,1.3687110724927247,0.9030892887600205,42358500.0,0.2160133149190835,425.42,76.58794720475107,4.439355428091621,2.2000000000000455,47134300.0,-0.1595001223161141,51020100.0,6,1,0,0
2021-06-16,-0.0055860349127182,0.9271766195819959,0.5606375646737918,36.18376051693391,76.24113475177323,80386100.0,77.02335729721547,1.8402125481178069,1.4839926304440934,-0.005583301922352013,-2.1999999999999886,0.9349141317883689,-0.0051827373660174,0.0010909522115498,1.7800000000000296,-0.079999999999984,70.90879372258804,54168800.0,-0.005583301922352,16,0.08955537918784451,-1.1803593391143963,2.4476234818752687,1.1861408010704617,1.0780609156689447,51508500.0,0.5606375646737918,424.63,75.47644623880015,4.47583004037079,0.4600000000000364,48436300.0,-0.3806949347398678,45570800.0,6,2,0,0
2021-06-17,-0.0003260106329622,1.0039986697338878,0.1314107787291583,35.427761143235685,61.98257080610077,90949700.0,77.59707005546022,1.2638143323664333,1.4632790558786204,-0.00033166710099263863,-3.2899999999999636,0.9030892887600205,-0.0077540329006862,-0.0038714855645523,3.200000000000045,-0.3099999999999454,70.61224149581389,62154720.0,-0.0003316671009926,17,-0.1595001223161141,-1.4757140356645966,2.249992587127963,1.4922901862453775,1.4839926304440934,80386100.0,0.1314107787291583,421.67,76.6135845235994,4.420413608915732,-1.6399999999999864,51020100.0,-0.5560097127077643,42358500.0,6,3,0,0
2021-06-18,-0.0134962245691493,0.9349141317883689,-0.3143764172335601,33.52243537716724,2.044609665427765,118676300.0,75.92087399044681,128.62637289624735,1.545750992955855,-0.01670734886366332,-9.560000000000002,1.0780609156689447,-0.0194082701148298,0.6768509537665697,-84.59999999999997,205.57,57.557977728211384,76775820.0,1.0253831885189886,18,-0.3806949347398678,-2.1414993115074843,1.6403388366891818,4.080437476541634,1.4632790558786204,90949700.0,0.3048564206369015,417.09,77.02335729721547,4.623955493993182,-9.389999999999986,45570800.0,-0.8025147833677373,51508500.0,6,4,0,1
2021-07-14,0.0015017924619706,0.9030892887600205,0.1266443669889814,34.26767998572568,92.76485788113692,64130400.0,70.90879372258804,96.35973776542892,0.7904627376735174,0.05138339920948609,14.129999999999995,1.4839926304440934,0.0016594385263898,0.4911639036062212,122.36,226.5,73.50819726446011,81130200.0,0.5624641833810888,14,-0.5560097127077643,-1.189173701081538,4.2444215277787976,7.748737316489954,1.545750992955855,118676300.0,0.2120359923116612,437.4,77.59707005546022,5.936530101565097,10.980000000000018,42358500.0,-1.1803593391143963,80386100.0,7,2,1,0
2021-07-15,-0.003410245247424,1.0780609156689447,-0.4665056304606177,34.51416892022781,86.34797588285956,55126400.0,70.61224149581389,93.37774231582168,0.67347409001759,-0.0034155510728040017,12.779999999999973,1.4632790558786204,-0.0053362517522858,0.5644116588700974,-110.01,-22.600000000000023,71.48621813071202,81853780.0,1.0728044245256032,15,-0.8025147833677373,-0.7255405615725152,4.101965414685594,9.15914133529788,0.7904627376735174,64130400.0,-0.1404014320821326,434.81,75.92087399044681,5.76392080859616,10.269999999999982,51508500.0,-1.4757140356645966,90949700.0,7,3,1,1
2021-07-27,-0.0045455632909878,1.4839926304440934,0.1476554637732243,35.1251521513172,96.31537242472263,67397100.0,57.557977728211384,98.69480150668744,0.8503724261563607,0.009798734905117845,24.089999999999975,1.545750992955855,0.008198194144082,0.0636478170276686,160.14,152.43,73.71258529408243,79255980.0,1.0286031144586665,27,-1.1803593391143963,-0.22390958992517795,3.495731351216648,10.399916826588537,0.67347409001759,55126400.0,0.5415904225145931,439.91,70.90879372258804,5.722926465125006,16.899999999999977,80386100.0,-2.1414993115074843,118676300.0,7,1,1,1
2021-08-30,0.0043820593335519,1.4632790558786204,-0.3738934758937322,36.570588864663186,97.81078967943712,48357400.0,73.50819726446011,4.292843657380232,0.6836174069998496,0.030113209266303897,15.990000000000009,0.7904627376735174,0.0074197162975085,0.0111121048159907,5.259999999999991,12.370000000000005,79.15260327874111,70737520.0,0.0043975569128262,30,-1.4757140356645966,0.8475579653804441,3.364628605833559,13.38688724087697,0.8503724261563607,67397100.0,-0.3738934758937322,450.97,70.61224149581389,6.318431717616077,30.25999999999999,90949700.0,-1.189173701081538,64130400.0,8,0,0,0
2021-08-31,-0.0014698677119059,1.545750992955855,0.2262900817661826,37.912780098484454,96.06463382851189,59300200.0,71.48621813071202,4.5740359032792846,1.0074393966936392,-0.0014815470004201359,16.810000000000002,0.67347409001759,0.0118492069422436,0.0080139295042078,7.519999999999982,8.199999999999989,78.26857145930715,58862300.0,-0.0014815470004201,31,-2.1414993115074843,1.331660845514829,3.4859480718627083,8.483128550243014,0.6836174069998496,48357400.0,0.2262900817661826,452.13,57.557977728211384,5.979258023500642,36.639999999999986,118676300.0,-0.7255405615725152,55126400.0,8,1,0,1
2021-09-01,0.0005374082901068,0.7904627376735174,-0.1783940020438379,39.19636434632189,96.58942983598021,48721400.0,73.71258529408243,3.975385935148633,0.8734486065919094,0.0005314908317832767,12.79000000000002,0.8503724261563607,0.0034495999117528,0.0064378160433049,12.620000000000005,4.5400000000000205,78.36179915800233,55780500.0,0.0005314908317832,1,-1.189173701081538,1.4772764031177381,3.55962060995546,8.347224089477,1.0074393966936392,59300200.0,-0.1783940020438379,452.56,73.50819726446011,5.663596736107739,15.560000000000002,64130400.0,-0.22390958992517795,67397100.0,9,2,0,1
2021-09-02,0.0030592466313257,0.67347409001759,-0.1276728501233544,40.447269647382846,97.81448538754762,42501000.0,79.15260327874111,3.101621260645712,0.7980596153405607,0.003076582558654284,0.9599999999999795,0.6836174069998496,0.0021267872095266,0.0155290637744811,13.329999999999984,5.21999999999997,78.92569411300454,53255420.0,0.0030765825586542,2,-0.7255405615725152,1.4731245580445336,3.681277206923255,5.929289164810694,0.8734486065919094,48721400.0,-0.1276728501233544,453.32,71.48621813071202,5.419768397814329,18.439999999999998,55126400.0,0.8475579653804441,48357400.0,9,3,0,0
2021-09-03,-0.000232818029428,0.8503724261563607,0.1098680031058092,41.523041918253746,97.53494282083857,47170500.0,78.26857145930715,2.5065622762042343,0.9585532238300674,-0.00024272380237877478,1.5199999999999818,1.0074393966936392,0.0033638368920044,0.0062853970016656,9.71999999999997,4.169999999999959,78.75079219938719,49210100.0,-0.0002427238023787,3,-0.22390958992517795,1.2762350084533178,3.7266631195684,0.7377465689101119,0.7980596153405607,42501000.0,0.1098680031058092,451.98,73.71258529408243,5.1812135122561624,14.069999999999993,67397100.0,1.331660845514829,59300200.0,9,4,0,0
2021-09-07,-0.0035862325927996,0.6836174069998496,0.0954198068708196,42.319468705048834,93.41804320203296,51671500.0,78.36179915800233,2.292434174516346,1.0360632583774922,-0.0035755275006621456,-0.34000000000003183,0.8734486065919094,-0.000759803990902,-0.0017026734183933,4.199999999999989,5.199999999999989,76.07694712287885,49872920.0,-0.0035755275006621,7,0.8475579653804441,0.869589005049356,3.596903784808092,0.8470655228131962,0.9585532238300674,47170500.0,0.0954198068708196,452.71,79.15260327874111,4.978269689952149,-0.7700000000000387,48357400.0,1.4772764031177381,48721400.0,9,1,0,0
2021-09-08,-0.0012152940076656,1.0074393966936392,0.087289898686897,42.583728305515095,92.02033036848796,56181900.0,78.92569411300454,2.086854357917044,1.140766379027827,-0.0012182696141407323,-2.2799999999999727,0.7980596153405607,-0.0050343446298933,-0.0014394543360792,2.9399999999999977,0.660000000000025,75.14410407694075,49249260.0,-0.0012182696141407,8,1.331660845514829,0.419091706545208,3.412768650339956,1.007903765217144,1.0360632583774922,51671500.0,0.087289898686897,450.89,78.26857145930715,4.823393283526996,-0.6499999999999773,59300200.0,1.4731245580445336,42501000.0,9,2,0,0
2021-09-09,-0.0042821040808687,0.8734486065919094,0.031834096034488,42.91384396080357,87.11562897077512,57970400.0,78.75079219938719,2.0792990271941894,1.1344709667849076,-0.0042802333059812625,-4.099999999999966,0.9585532238300674,-0.0090836306813339,-0.0062416998671979,0.0699999999999931,-3.25,71.81629940261591,51099060.0,-0.0042802333059812,9,1.4772764031177381,-0.124298492229169,3.0836283751829683,1.7356353303442948,1.140766379027827,56181900.0,0.031834096034488,450.7,78.36179915800233,4.753865191846494,-2.819999999999993,48721400.0,1.2762350084533178,47170500.0,9,3,0,0
2021-09-10,-0.0078725354264093,0.7980596153405607,0.5516228972027104,42.3551479946061,78.11944091486656,89948200.0,76.07694712287885,2.291147213865085,1.4845754557383002,-0.007884538286783371,-6.019999999999982,1.0360632583774922,-0.0133699335149436,-0.0171009951675897,-0.8199999999999932,-6.1200000000000045,66.03937716450847,60588500.0,-0.0078845382867833,10,1.4731245580445336,-0.7998898864684598,2.523377408889872,2.9273161769683584,1.1344709667849076,57970400.0,0.5516228972027104,451.04,78.92569411300454,4.855731963857459,-7.75,42501000.0,0.869589005049356,51671500.0,9,4,0,1
2021-09-13,0.0025581505518972,0.9585532238300674,-0.0690352891997838,41.54453973493576,81.01651842439638,83738600.0,75.14410407694075,2.667995710483248,1.2332251187444516,0.002559267241379226,-4.330000000000041,1.140766379027827,-0.0095964889553807,-0.0143462523174715,-3.670000000000016,-5.220000000000027,66.9610690372833,67902120.0,0.0025592672413792,13,1.2762350084533178,-1.2224370340955808,2.141831752575968,2.6314786717626726,1.4845754557383002,89948200.0,-0.0690352891997838,448.64,78.75079219938719,4.852465395010498,-6.5,47170500.0,0.419091706545208,56181900.0,9,0,0,0
2021-09-14,-0.0053867599111656,1.0360632583774922,-0.0661761720401343,40.57113075609925,53.680262541022024,78197100.0,71.81629940261591,3.249174425063951,1.0681607447569395,-0.005396569483631097,-4.810000000000002,1.1344709667849076,-0.0107011447856777,-0.0161476099765205,-8.060000000000002,-9.019999999999982,63.0644191519198,73207240.0,-0.005396569483631,14,0.869589005049356,-1.6879968558015932,1.6366112896226357,2.7200238969434167,1.2332251187444516,83738600.0,-0.0661761720401343,448.12,76.07694712287885,4.871575009652601,-7.289999999999964,51671500.0,-0.124298492229169,57970400.0,9,1,0,1
2021-09-15,0.0083376882512233,1.140766379027827,0.2080172450800621,39.677516288662844,71.07360525082035,78792200.0,66.03937716450847,74.16277131343546,1.0136743801886805,0.008352657766170557,2.4399999999999977,1.4845754557383002,0.0055090788919549,0.0191598780321304,117.57999999999998,120.99,66.31422285430352,77729300.0,0.0071282408760766,15,0.419091706545208,-1.761699384326171,1.5021324506748783,1.9074328297331495,1.0681607447569395,78197100.0,0.0076102566463462,444.62,75.14410407694075,4.8786053661059885,-3.0300000000000296,56181900.0,-0.7998898864684598,89948200.0,9,2,0,0
2021-09-16,-0.0015783646257863,1.1344709667849076,-0.0127614154700592,38.847731426043325,61.90476190476193,77786700.0,66.9610690372833,3.1664006905914293,0.9521883020926263,-0.0015852460480485497,0.5900000000000318,1.2332251187444516,0.0013725637142714,-0.0040313599714909,-4.629999999999996,-4.289999999999964,65.13313206918062,81692560.0,-0.0015852460480485,16,-0.124298492229169,-1.863988549511129,1.326205924995918,1.4658342334466474,1.0136743801886805,78792200.0,-0.0127614154700592,447.32,71.81629940261591,4.840133554241277,-1.8100000000000023,57970400.0,-1.2224370340955808,83738600.0,9,3,0,0
2021-09-17,-0.0097447029399273,1.4845754557383002,0.522432498100575,37.25249094657685,2.9163468917881397,118425000.0,63.0644191519198,3.556687128969452,1.3551644208947873,-0.01290337008296627,-2.7700000000000387,1.0681607447569395,-0.0029853793144902,-0.009069683908046,-11.79000000000002,-9.510000000000048,56.34959316208805,87387920.0,-0.0129033700829662,17,-0.7998898864684598,-2.2975020696426753,0.8437996051619621,2.654270144492598,0.9521883020926263,77786700.0,0.522432498100575,444.92,66.03937716450847,4.933695443224045,-4.0400000000000205,89948200.0,-1.6879968558015932,78197100.0,9,4,0,0
2021-10-08,-0.0018461243376728,1.2332251187444516,0.082259527801366,34.85331842686777,3.9739027283512183,74557400.0,66.31422285430352,102.04911194561626,0.8714896072175321,-0.008019936565473396,-10.019999999999982,1.0136743801886805,0.0109639667775993,0.1269077338823832,226.42,221.45,51.73957578407795,85551680.0,0.6465235212273908,8,-1.2224370340955808,-2.7683452412332255,-2.0896411688461853,4.1572142114577195,1.3551644208947873,118425000.0,0.029265228645384,439.48,66.9610690372833,4.882002911565183,-8.71999999999997,83738600.0,-1.761699384326171,78792200.0,10,4,1,0
2021-10-11,-0.0072300153727901,1.0681607447569395,-0.31644493903538,32.64865133056872,0.36026762738030443,65233300.0,65.13313206918062,120.4568907719457,0.7863325607421119,-0.007239756999954383,-12.480000000000018,0.9521883020926263,-0.0004185498093723,-0.163108141930267,-16.019999999999982,187.25,47.95605672131304,82958920.0,0.744411894538304,11,-1.6879968558015932,-3.2079813836806164,-2.061065598164191,5.745411212432708,0.8714896072175321,74557400.0,-0.1250593502455825,437.16,63.0644191519198,4.9361455607390985,-9.480000000000018,78197100.0,-1.863988549511129,77786700.0,10,0,1,1
2021-11-29,0.0122593950504126,1.0136743801886805,-0.2343205265661722,33.36367131400761,93.86349405134634,86268800.0,56.34959316208805,3.2513525390820504,1.0214857181830066,0.06880765603073469,23.200000000000045,1.3551644208947873,-0.0073593321739103,-0.0091492674187975,-2.669999999999959,-3.539999999999964,70.14193295597546,84454240.0,0.0122665969453341,29,-1.761699384326171,-1.486611154220622,3.2558715001208043,11.821600145494065,0.7863325607421119,65233300.0,-0.2343205265661722,464.07,66.31422285430352,6.859992306400592,16.720000000000027,78792200.0,-2.2975020696426753,118425000.0,11,0,0,0
2021-11-30,-0.0194680249009621,0.9521883020926263,0.8631129973048999,32.951235537543916,65.56042579837195,148559600.0,51.73957578407795,105.05703468962848,1.5065548903231982,-0.019457597933706494,17.69999999999999,0.8714896072175321,-0.0295005532290641,0.1680127169704894,36.329999999999984,97.78000000000004,61.5953758043805,98608820.0,1.0020215337288505,30,-1.863988549511129,-0.9833107865244166,2.242637210678481,12.740789614460482,1.0214857181830066,86268800.0,0.7220547868986238,462.0,65.13313206918062,7.034278570229121,8.389999999999986,77786700.0,-2.7683452412332255,74557400.0,11,1,0,0
2021-12-01,-0.0111046981415213,1.3551644208947873,-0.1118769840521918,31.826245667679768,49.718221665623034,131939200.0,47.95605672131304,6.77143419898399,1.3023101190919188,-0.011107208710158911,15.810000000000002,0.7863325607421119,-0.0183133279920708,-0.0377838057199,-18.779999999999973,-18.389999999999983,57.38086355121813,101311660.0,-0.0111072087101589,1,-2.2975020696426753,-1.013621381006013,1.039531858999453,12.418519235397701,1.5065548903231982,148559600.0,-0.1118769840521918,461.64,56.34959316208805,7.558972958069899,9.100000000000023,118425000.0,-3.2079813836806164,65233300.0,12,2,0,1
2021-12-02,0.0153149367325022,0.8714896072175321,-0.0326013800295893,30.78161221709163,71.32122730118965,127637800.0,70.14193295597546,6.919953837358227,1.1403589494436321,0.01531631520532728,-7.2000000000000455,1.0214857181830066,-0.0152577863099812,-0.0256475800954328,-10.740000000000007,-10.170000000000016,61.27225303508829,111927740.0,0.0153163152053272,2,-2.7683452412332255,-0.6112305499486714,0.6083862773820101,11.191148287818377,1.3023101190919188,131939200.0,-0.0326013800295893,450.73,51.73957578407795,7.644760603922049,19.539999999999964,74557400.0,-1.486611154220622,86268800.0,12,3,0,0
2021-12-03,-0.0086916532536214,0.7863325607421119,0.0759477208162471,29.597875663323496,58.86036318096435,137331600.0,61.5953758043805,7.099502642990824,1.086936494142341,-0.008701355487538143,-2.1399999999999864,1.5065548903231982,-0.0044814146626405,-0.0120922936139616,-16.310000000000002,-14.769999999999982,57.98355815545469,126347400.0,-0.0087013554875381,3,-3.2079813836806164,-0.6516679047401679,-0.0378774834566115,5.305231380433639,1.1403589494436321,127637800.0,0.0759477208162471,459.17,47.95605672131304,7.911563417927617,18.730000000000018,65233300.0,-0.9833107865244166,148559600.0,12,4,0,1
2021-12-06,0.0118528483948785,1.0214857181830066,-0.2792809520896866,28.5575123038933,75.67313713212279,98977500.0,57.38086355121813,6.626782695165407,0.7679273831759603,0.011843324070398342,8.29000000000002,1.3023101190919188,0.0184761318737594,-0.0125053809728798,-10.099999999999966,-10.649999999999975,61.023325929745084,128889140.0,0.0118433240703983,6,-1.486611154220622,-0.3693611547875122,-0.1361425099431699,3.282313208689652,1.086936494142341,137331600.0,-0.2792809520896866,456.13,70.14193295597546,7.872880316647074,-5.810000000000002,86268800.0,-1.013621381006013,131939200.0,12,0,0,1
2021-12-07,0.0206771657153335,1.5065548903231982,-0.035288828269051,28.476257412803342,98.2486865148861,95484700.0,61.27225303508829,6.714833083062319,0.8073166615598877,0.020684844918154255,10.879999999999995,1.1403589494436321,0.0238383608565906,0.0279216788128895,0.7099999999999795,9.309999999999944,65.74047005026836,118274160.0,0.0206848449181542,7,-0.9833107865244166,0.36420698481873526,0.5079648625809909,6.770717834907652,0.7679273831759603,98977500.0,-0.035288828269051,464.41,61.5953758043805,8.041246008315142,12.71999999999997,148559600.0,-0.6112305499486714,127637800.0,12,1,0,1
2021-12-08,0.0026501965188097,1.3023101190919188,-0.2434515686806367,28.511093634213506,98.64330130016954,72238800.0,57.98355815545469,6.894509570830777,0.6793569850794778,0.002647988383018829,16.099999999999966,1.086936494142341,0.0351802106290217,0.0422197558268591,1.329999999999984,4.919999999999959,66.31414008078761,106334080.0,0.0026479883830188,8,-1.013621381006013,0.8148363391464031,1.1009496716802687,7.0662521890980985,0.8073166615598877,95484700.0,-0.2434515686806367,468.7,57.38086355121813,7.693299864864061,19.019999999999982,131939200.0,-0.6516679047401679,137331600.0,12,2,0,0
2021-12-09,-0.0067647783527092,1.1403589494436321,-0.1518048472565989,28.415236511696246,89.68343697003964,61272600.0,61.023325929745084,6.515512173954058,0.6584130158012419,-0.006751576077696275,7.560000000000002,0.7679273831759603,0.0165625838814339,0.0195671184958461,-3.089999999999975,10.79000000000002,63.39176557560233,93061040.0,-0.0067515760776962,9,-0.6112305499486714,0.7812093346357125,1.3120807936618917,6.9054666750287215,0.6793569850794778,72238800.0,-0.1518048472565989,468.15,61.27225303508829,7.393064160230915,8.950000000000045,127637800.0,-0.3693611547875122,98977500.0,12,3,0,1
2021-12-10,0.009426941205656,1.086936494142341,0.2592871854629965,28.46588668966727,99.55898566703426,77159800.0,65.74047005026836,7.261163359503017,0.9522764600499489,0.009413530610056897,2.4600000000000364,0.8073166615598877,0.0053123593717564,0.0381985796832957,11.769999999999982,20.24000000000001,65.64940184459661,81026680.0,0.0094135306100568,10,-0.6516679047401679,0.9265036135177471,1.795991720642803,4.729019983033427,0.6584130158012419,61272600.0,0.2592871854629965,469.23,57.98355815545469,7.1899881487858455,17.319999999999993,137331600.0,0.36420698481873526,95484700.0,12,4,0,0
2021-12-13,-0.0088697245246764,0.7679273831759603,0.1369223352056381,28.462801264191516,88.0650496141125,87724700.0,66.31414008078761,7.379884145435887,1.113595084398673,-0.008858393168203249,-2.9499999999999886,0.6793569850794778,-0.0062075616717297,0.016957649469256,1.9699999999999704,9.170000000000016,61.753626755497066,78776120.0,-0.0088583931682032,13,-0.3693611547875122,0.6279348289358904,1.8379619144809567,1.886629269339438,0.9522764600499489,77159800.0,0.1369223352056381,470.19,61.023325929745084,6.99570328101543,7.779999999999973,98977500.0,0.8148363391464031,72238800.0,12,0,0,0
2021-12-14,-0.0068752535954195,0.8073166615598877,0.108742463639089,27.28581468242413,79.21719955898575,97264100.0,63.39176557560233,7.06268291798922,1.2291373906889753,-0.006879996570718139,-2.990000000000009,0.6584130158012419,-0.0063180369144399,-0.0105065345519773,7.800000000000011,9.939999999999998,58.858129104888555,79132000.0,-0.0068799965707181,14,0.36420698481873526,0.12664651105231783,1.6065942667531772,2.903475503586874,1.113595084398673,87724700.0,0.108742463639089,463.09,65.74047005026836,6.9474387609429,-4.919999999999959,95484700.0,0.7812093346357125,61272600.0,12,1,0,1
2021-12-15,0.0156161336450506,0.6793569850794778,0.2018751008851158,26.852591211345494,99.17309812568921,116899300.0,65.64940184459661,6.059187789359659,1.3274342212093238,0.015625,-0.13999999999998636,0.9522764600499489,-0.0001288444750453,0.0023002215028113,20.100000000000023,11.810000000000002,63.06463377173361,88064100.0,0.015625,15,0.8148363391464031,0.19118181286628655,1.955846459937959,3.139734065160442,1.2291373906889753,97264100.0,0.2018751008851158,463.42,66.31414008078761,7.174050278018407,1.080000000000041,72238800.0,0.9265036135177471,77159800.0,12,2,0,0
2021-12-16,-0.0088054531232539,0.6584130158012419,-0.0028289305410725,26.689344397688824,73.19415448851767,116568600.0,61.753626755497066,5.533451404368141,1.1759959565510834,-0.008818529536761655,-0.12000000000000455,1.113595084398673,-6.457307362284226e-05,0.0002144312211858,9.050000000000011,-1.829999999999984,59.32062165523388,99123300.0,-0.0088185295367616,16,0.7812093346357125,-0.12033758238592718,1.8928862527757813,3.1306916168682175,1.3274342212093238,116899300.0,-0.0028289305410725,472.57,63.39176557560233,7.238046686731377,0.0999999999999659,61272600.0,0.6279348289358904,87724700.0,12,3,0,0
2021-12-17,-0.0106423755946877,0.9522764600499489,0.1625051686303171,25.354398415463717,45.72025052192064,135511600.0,58.858129104888555,4.194822337656795,1.2230988668485183,-0.01410654946939649,-3.490000000000009,1.2291373906889753,-0.003831695072891,-0.0230913030547648,6.449999999999989,-9.649999999999975,53.860706504593715,110793660.0,-0.0141065494693964,17,0.9265036135177471,-0.806033064293409,1.4454628853093825,4.00778617193219,1.1759959565510834,116568600.0,0.1625051686303171,461.55,65.64940184459661,7.320329066250564,-10.870000000000005,77159800.0,0.12664651105231783,97264100.0,12,4,0,1
2022-01-07,-0.0039642545185781,1.113595084398673,-0.0296680457715368,24.683704213720283,71.69102296450926,85111600.0,63.06463377173361,80.80418193248298,0.7718400044109496,0.013525561571748446,-4.510000000000048,1.3274342212093238,-0.0241069555065391,1.240386464141511,192.58,109.41999999999996,57.81348954711522,110271040.0,0.5873918670390299,7,0.6279348289358904,-0.8716063688379734,2.343823522288858,3.9774904148132095,1.2230988668485183,135511600.0,-0.0201165338267005,467.95,61.753626755497066,7.463876990089808,-0.4800000000000182,87724700.0,0.19118181286628655,116899300.0,1,4,1,0
2022-02-02,0.0096948101529419,1.2291373906889753,0.0637674959075755,23.396801930464907,35.198329853862255,117361000.0,59.32062165523388,112.2237730013864,1.0268664687731484,-0.01875174322555717,-9.099999999999966,1.1759959565510834,0.0344726065571963,0.5576255023499763,74.92000000000002,117.59000000000005,51.17870179513339,114290420.0,1.1663035240621449,2,0.12664651105231783,-1.4977873288853294,-4.8543905596851005,5.366192318574864,0.7718400044109496,85111600.0,-0.0470495000625226,455.5,58.858129104888555,7.862171490797676,-6.009999999999991,97264100.0,-0.12033758238592718,116568600.0,2,2,1,0
2022-03-02,0.0184025154166769,1.3274342212093238,-0.1455838369528377,24.069494628230192,15.302663438256637,117726500.0,53.860706504593715,6.813105345175553,1.0285755574244952,-0.04254946977150986,-21.980000000000018,1.2230988668485183,0.0006226759832984,0.0377769877947624,-8.210000000000036,3.659999999999968,40.13455063607451,114455860.0,0.0183962044746266,2,0.19118181286628655,-3.1232324618176612,-5.044854606383296,11.662735528165644,1.0268664687731484,117361000.0,-0.1455838369528377,432.37,63.06463377173361,9.14201638431213,-32.710000000000036,116899300.0,-0.806033064293409,135511600.0,3,2,0,0
2022-03-03,-0.0049782202862476,1.1759959565510834,-0.1038406815797632,24.512469415742743,10.024213075060496,105501700.0,57.81348954711522,5.270287890092739,0.939944484476822,-0.004978419237708143,-30.379999999999995,0.7718400044109496,-0.0017937745270442,0.0173009572729394,-10.890000000000043,6.139999999999986,39.11619831609756,112242480.0,-0.0049784192377081,3,-0.12033758238592718,-4.179900790246561,-4.708691118058653,13.707972862533047,1.0285755574244952,117726500.0,-0.1038406815797632,440.47,59.32062165523388,9.011158071146978,-30.74000000000001,116568600.0,-0.8716063688379734,85111600.0,3,3,0,0
2022-03-04,-0.008130081300813,1.2230988668485183,0.0803446769104194,25.325942175306057,9.53545232273843,113978200.0,51.17870179513339,5.06499928704742,1.0559814259958233,-0.008124670078721974,-25.180000000000007,1.0268664687731484,0.0052942138296162,-0.0127470017133066,-4.889999999999986,10.220000000000027,37.454269437226614,107935800.0,-0.0081246700787219,4,-0.806033064293409,-4.901943720196639,-4.661284497655572,14.960204544054449,0.939944484476822,105501700.0,0.0803446769104194,431.75,53.860706504593715,8.926789637493622,-27.69999999999999,135511600.0,-1.4977873288853294,117361000.0,3,4,0,0
2022-03-07,-0.0294887961974974,0.7718400044109496,0.2098506556516948,26.590535705725905,0.13081666978133655,137896600.0,40.13455063607451,6.449709381911891,1.1637550973561264,-0.029479140153180428,-18.45999999999998,1.0285755574244952,-0.0425970977845581,-0.0393926207544145,-14.800000000000011,-8.870000000000005,32.158778920476394,118492800.0,-0.0294791401531804,7,-0.8716063688379734,-5.952349235467089,-5.541050997366426,13.669418422155225,1.0559814259958233,113978200.0,0.2098506556516948,431.55,57.81348954711522,9.213447520529792,-46.65999999999997,85111600.0,-3.1232324618176612,117726500.0,3,0,0,0
2022-03-08,-0.0075712143928035,1.0268664687731484,0.1949003818803363,27.993714003293054,1.9567099567099488,164772700.0,39.11619831609756,7.961800745504784,1.2875367825344828,-0.00758171804591945,-19.45999999999998,0.939944484476822,-0.045190091891114,-0.0319317177543142,-13.319999999999991,-21.5,30.98131636197914,127975140.0,-0.0075817180459194,8,-1.4977873288853294,-6.529838590911658,-6.408890266400704,9.820030549848818,1.1637550973561264,137896600.0,0.1949003818803363,419.62,51.17870179513339,9.41891555477766,-41.10000000000002,117361000.0,-4.179900790246561,105501700.0,3,1,0,1
2022-03-09,0.0268147141022734,1.0285755574244952,-0.289986751446083,28.964326135089184,21.281385281385315,116990800.0,37.454269437226614,7.55527306661521,0.9152204524830241,0.026810810810810937,-4.759999999999991,1.0559814259958233,-0.0102452964880275,-0.0239329511977892,5.460000000000036,-9.21999999999997,39.371070163454725,127828000.0,0.0268108108108109,9,-3.1232324618176612,-5.850612190873067,-6.166212881554031,8.251974309216314,1.2875367825344828,164772700.0,-0.289986751446083,425.14,40.13455063607451,9.693278729436399,-10.479999999999961,117726500.0,-4.901943720196639,113978200.0,3,2,0,0
2022-03-10,-0.0045363150409493,0.939944484476822,0.1971273336433179,30.008490568322195,17.939393939393963,93972700.0,32.158778920476394,142.6936026324315,0.7486540229537086,-0.00451557052946816,6.050000000000011,1.1637550973561264,0.0147071846685206,-0.2549033342673017,-9.20999999999998,30.03000000000003,38.499474336582956,125522200.0,0.024734471713109,10,-4.179900790246561,-5.24134536291905,-6.053389142639389,6.352268885994045,0.9152204524830241,116990800.0,-0.1967513684836757,422.52,39.11619831609756,9.498758820190943,-10.229999999999961,105501700.0,-5.952349235467089,137896600.0,3,3,0,0
2022-03-11,-0.012710298790551,1.0559814259958233,0.0177030137476097,30.619240425174176,8.571428571428552,95636300.0,30.98131636197914,7.703023648759032,0.7848444964630571,-0.01271505123625083,3.819999999999993,1.2875367825344828,0.009568100270773,-0.0279982414327695,-17.680000000000007,-17.819999999999993,36.08777757965152,121853820.0,-0.0127150512362508,11,-4.901943720196639,-4.918005997080855,-6.307633915368513,4.593497578095597,0.7486540229537086,93972700.0,0.0177030137476097,428.12,37.454269437226614,9.480276047320162,-12.100000000000023,113978200.0,-6.529838590911658,164772700.0,3,4,0,0
2022-03-14,-0.007310196851376,1.1637550973561264,0.0009713884790607,31.43564700086546,3.2554112554112473,95729200.0,39.371070163454725,7.789045655420666,0.8440214515315331,-0.007308305758564004,-10.410000000000025,0.9152204524830241,-0.0245568106828764,-0.0057935769973536,-19.629999999999995,-18.70999999999998,34.757205090183646,113420340.0,-0.007308305758564,14,-5.952349235467089,-4.630287945200553,-6.668678863627861,5.00732163935677,0.7848444964630571,95636300.0,0.0009713884790607,420.89,32.158778920476394,9.428827758225864,-2.430000000000007,137896600.0,-5.850612190873067,116990800.0,3,0,0,1
2022-03-15,0.0219915552427867,1.2875367825344828,0.1095788954676315,31.827428321279047,19.134199134199154,106219100.0,38.499474336582956,7.6726003125120785,1.0443368090452014,0.021990407673860846,0.6899999999999977,0.7486540229537086,0.0019710596008596,0.0238318318318317,-3.8100000000000014,-6.0,41.67473102849436,101709620.0,0.0219904076738608,15,-6.529838590911658,-3.588297730554441,-6.17754679900338,4.471490802849622,0.8440214515315331,95729200.0,0.1095788954676315,419.77,30.98131636197914,9.458197204066872,9.920000000000016,164772700.0,-5.24134536291905,93972700.0,3,1,0,1
2022-03-16,0.0221823279148118,0.9152204524830241,0.3646773508719241,30.91492988205356,37.906804733727824,144954800.0,36.08777757965152,7.298230302995398,1.3508996348824192,0.022174249712556104,15.550000000000011,0.7848444964630571,0.0368636863062226,0.0192087223041108,-2.269999999999982,16.189999999999998,47.81529965224108,107302420.0,0.0221742497125561,16,-5.850612190873067,-2.102119783590771,-5.002813166616647,7.116907333945488,1.0443368090452014,106219100.0,0.3646773508719241,429.89,39.371070163454725,9.559754546633524,8.20999999999998,116990800.0,-4.918005997080855,95636300.0,3,2,0,1
2022-03-17,0.0125105256826658,0.7486540229537086,-0.2916626424237072,29.396434529843244,47.9844674556213,102676900.0,34.757205090183646,8.262048508424584,0.9416161989287555,0.012510903998898204,24.069999999999993,0.8440214515315331,0.0566844088402644,0.0366409701983641,5.360000000000014,24.819999999999997,51.01814829167299,109043260.0,0.0125109039988982,17,-5.24134536291905,-0.6659209741980403,-3.610610882933429,10.19953577374794,1.3508996348824192,144954800.0,-0.2916626424237072,433.59,38.499474336582956,9.439772079016844,15.589999999999975,93972700.0,-4.630287945200553,95729200.0,3,3,0,1
2022-03-18,0.0109540216229058,0.7848444964630571,0.0357295555280692,27.544675236298513,68.37209302325576,106345500.0,41.67473102849436,10.013143362601305,0.9564725849057113,0.007821887682227358,18.349999999999966,1.0443368090452014,0.0456468752203835,0.0582045849501273,12.349999999999966,17.109999999999957,52.98528396702186,111185100.0,0.0078218876822273,18,-4.918005997080855,0.5375464061944211,-2.110958257450079,11.261346722304538,0.9416161989287555,102676900.0,0.0357295555280692,438.0,36.08777757965152,9.31121693051564,24.44999999999999,95636300.0,-3.588297730554441,106219100.0,3,4,0,1
2022-04-04,0.0085582468281428,0.8440214515315331,-0.5257219886238848,26.52540201261829,99.73677913376403,59601000.0,47.81529965224108,93.52063221557064,0.5733100191170674,0.02762530369837135,21.180000000000007,1.3508996348824192,-0.0039938903829312,0.0199160489416807,17.340000000000032,182.6,59.257371548605626,103959460.0,0.2046413502109705,4,-4.630287945200553,2.0943392814466497,5.530120383009319,11.30015619360863,0.9564725849057113,106345500.0,-0.3306928335923673,453.13,34.757205090183646,9.531130006907384,39.80000000000001,95729200.0,-2.102119783590771,144954800.0,4,0,1,0
2022-04-20,-0.0007512442482862,1.0443368090452014,-0.3499900840810135,24.66717439050325,70.80641301746819,65224400.0,51.01814829167299,69.81733598787964,0.6811199437931206,-0.02646672504378289,3.6399999999999864,0.9416161989287555,0.0158046587323545,0.5792819347277958,250.8,37.02999999999997,51.91429767760586,95760520.0,0.6218453683442742,20,-3.588297730554441,2.2309701867254708,0.1714819020830305,7.777276515590008,0.5733100191170674,59601000.0,-0.1618663342799501,446.92,41.67473102849436,9.80176357784257,18.539999999999964,106219100.0,-0.6659209741980403,102676900.0,4,2,1,0
2022-04-21,-0.0149422046800112,1.3508996348824192,0.4439378725332088,23.450578945890204,54.89351519502271,85417300.0,52.98528396702186,129.0456713682754,1.01865502280061,-0.01495356524476621,-6.4599999999999795,0.9564725849057113,0.0004567454942793,1.0924767136374491,-72.79000000000002,-38.5,48.364205732405274,83853020.0,-0.1566200111665158,21,-2.102119783590771,1.8123919233415555,-0.2961147482529327,7.126673136881429,0.6811199437931206,65224400.0,0.3095911959328103,448.54,47.81529965224108,10.023780465139525,2.4399999999999977,144954800.0,0.5375464061944211,106345500.0,4,3,1,0
2022-05-11,-0.0158908843394941,0.9416161989287555,1.2546844240031296,24.83946304593752,1.2163202463433718,142361000.0,59.257371548605626,91.0215152831706,1.5509450719164561,-0.10343331963657942,-64.05000000000001,0.5733100191170674,-0.0455858431258955,0.3450803109695537,188.08,165.2,32.20467761974899,91789840.0,0.6001874185136897,11,-0.6659209741980403,-1.4035598175302493,-10.240845266837027,24.768445046065303,1.01865502280061,85417300.0,0.074445346769592,398.07,51.01814829167299,12.600653289058132,-48.31999999999999,102676900.0,2.0943392814466497,59601000.0,5,2,1,1
2022-05-31,-0.0056107686501445,0.9564725849057113,0.1317502804690882,25.09192536618994,32.28637413394921,95937000.0,51.91429767760586,9.63791269472203,1.0694347246526346,0.05138128580521961,-31.779999999999973,0.6811199437931206,0.0389123878846222,0.0403355839967751,12.840000000000032,23.470000000000027,41.56869077111987,89708140.0,-0.0056109425420218,31,0.5375464061944211,-2.0216477554426415,-4.9037990963015545,25.85547620911213,1.5509450719164561,142361000.0,0.1317502804690882,413.55,52.98528396702186,13.394178054125407,-31.589999999999975,106345500.0,2.2309701867254708,65224400.0,5,1,0,0
2022-06-01,-0.0080714538737919,0.5733100191170674,-0.0974722995298997,25.46238768736389,27.143956889915295,86585800.0,48.364205732405274,9.765855256395207,0.9104222591638093,-0.008088538008863555,-28.470000000000027,1.01865502280061,0.0108582873618675,0.0398588438396505,1.2699999999999818,19.95999999999998,40.56989620794562,95105100.0,-0.0080885380088635,1,2.0943392814466497,-2.475427508417713,-4.092459871943504,21.429505827246064,1.0694347246526346,95937000.0,-0.0974722995298997,415.17,59.257371548605626,13.102451050259306,-47.210000000000036,59601000.0,1.8123919233415555,85417300.0,6,2,0,1
2022-06-02,0.0190291559319439,0.6811199437931206,-0.0805697931993467,25.704373757932128,39.15319476520399,79609600.0,32.20467761974899,10.635299974872872,0.812490929469391,0.01904343367757999,24.639999999999986,1.5509450719164561,0.0053469334080075,0.050381256763218,25.529999999999973,20.46999999999997,43.95652575228684,97982140.0,0.0190434336775799,2,2.2309701867254708,-2.0858634148182116,-2.8150578030368933,16.297450107301408,0.9104222591638093,86585800.0,-0.0805697931993467,409.42,51.91429767760586,12.90941883238364,-27.319999999999993,65224400.0,-1.4035598175302493,142361000.0,6,3,0,0
2022-06-03,-0.0163959047785927,1.01865502280061,-0.0971654172361122,25.92907510917406,28.606620477290267,71874300.0,41.56869077111987,9.75565824420654,0.7543993851808173,-0.016411509619300824,-2.3899999999999864,1.0694347246526346,-0.0054382027204407,0.0129037033381855,21.08000000000004,16.650000000000034,41.708671183710074,95273540.0,-0.0164115096193008,3,1.8123919233415555,-2.118304000261279,-2.30467090798993,9.380447750506603,0.812490929469391,79609600.0,-0.0971654172361122,412.4,48.364205732405274,12.550174630070524,-27.519999999999982,85417300.0,-2.0216477554426415,95937000.0,6,4,0,1
2022-06-06,0.0030284521809944,1.5509450719164561,-0.1998683813268442,25.89376053521389,30.53117782909935,57508900.0,40.56989620794562,8.316662591848123,0.7344394450693663,0.0030447703025284767,2.2000000000000455,0.9104222591638093,0.0056617033343456,-0.0083562105668737,22.160000000000025,14.420000000000016,42.28864745860094,78303120.0,0.0030447703025284,6,-1.4035598175302493,-1.8917972336160824,-1.783602304656938,3.0371565649436474,0.7543993851808173,71874300.0,-0.1998683813268442,414.78,32.20467761974899,12.087305013636916,19.04000000000002,142361000.0,-2.475427508417713,86585800.0,6,0,0,1
2022-06-07,0.0095907441707052,1.0694347246526346,0.0306648188367366,26.029400132082678,36.61277906081603,59272400.0,43.95652575228684,7.874977883565621,0.8351730726417567,0.00959226790354295,-1.6499999999999773,0.812490929469391,-0.003776708426893,0.006805027486499,18.819999999999997,10.430000000000009,44.17871729127351,70970200.0,0.0095922679035429,7,-2.0216477554426415,-1.3382416614437087,-1.0534932586876948,3.3883255451593906,0.7344394450693663,57508900.0,0.0306648188367366,408.1,41.56869077111987,11.838926084091424,2.8100000000000023,95937000.0,-2.0858634148182116,79609600.0,6,1,0,0
2022-06-08,-0.0108567263954161,0.9104222591638093,0.0856655036745601,26.15535118631798,29.65357967667442,64350000.0,41.708671183710074,5.825036385197214,0.9673340244222152,-0.01087217972771437,0.6800000000000068,0.7543993851808173,0.0017624699562835,0.003979589345443,17.33000000000004,-4.039999999999964,42.464868874387726,66523040.0,-0.0108721797277143,8,-2.475427508417713,-1.146202020846344,-0.8140802653079504,3.037240523893234,0.8351730726417567,59272400.0,0.0856655036745601,413.93,40.56989620794562,11.381859935227752,1.6300000000000523,86585800.0,-2.118304000261279,71874300.0,6,2,0,0
2022-06-09,-0.0237810919992884,0.812490929469391,0.340944832944833,26.789802940335935,14.59584295612011,86289800.0,42.28864745860094,4.849601243628709,1.2716028569794935,-0.023782889937259966,-10.350000000000023,0.7344394450693663,-0.0250470742239993,-0.0382136610843575,4.069999999999993,-11.490000000000007,38.94448239087363,67859080.0,-0.0237828899372599,9,-2.0858634148182116,-1.5238890831459893,-1.363895381431405,5.2701688777479365,0.9673340244222152,64350000.0,0.340944832944833,409.34,43.95652575228684,11.304584225568627,-15.949999999999989,79609600.0,-1.8917972336160824,57508900.0,6,3,0,0
2022-06-10,-0.0289930510371393,0.7543993851808173,0.5400881680105876,27.95338846126879,0.07444907683146419,132893900.0,44.17871729127351,8.222117867204512,1.6598666050485242,-0.02899561578318055,-25.939999999999998,0.8351730726417567,-0.0636308694318439,-0.0505188288595508,-15.509999999999993,-19.789999999999964,35.20381497897138,80063000.0,-0.0289956157831805,10,-2.118304000261279,-2.354098428706255,-2.6677802116542466,10.4746560802724,1.2716028569794935,86289800.0,0.5400881680105876,394.88,41.708671183710074,11.332113923742297,-20.74000000000001,71874300.0,-1.3382416614437087,59272400.0,6,4,0,0
2022-06-13,-0.0379801120373098,0.7344394450693663,0.2792528475723868,29.676132893666157,2.0332496112905014,170004900.0,42.464868874387726,13.370992816125014,1.6575785230816031,-0.037968188814776815,-36.22000000000003,0.9673340244222152,-0.0907542550737376,-0.089341654726924,-40.25999999999999,-42.38999999999999,31.111929049023217,102562200.0,-0.0379681888147768,13,-1.8917972336160824,-3.6207173800103565,-4.789310717251567,16.549181248629655,1.6598666050485242,132893900.0,0.2792528475723868,379.85,42.28864745860094,11.701248643474988,-36.79000000000002,57508900.0,-1.146202020846344,64350000.0,6,0,0,0
2022-06-14,-0.0030090270812438,0.8351730726417567,-0.3881835170633316,31.369155804939332,4.129942080080621,104011800.0,38.94448239087363,16.347517514560522,0.9327569310326026,-0.0030133333333333123,-27.569999999999993,1.2716028569794935,-0.069982190155693,-0.1007119834511954,-39.06,-36.670000000000016,30.817397944249734,111510080.0,-0.0030133333333333,14,-1.3382416614437087,-4.2138313474273055,-6.483053298933271,16.325020061243567,1.6575785230816031,170004900.0,-0.3881835170633316,376.85,44.17871729127351,11.390445168941062,-41.870000000000005,59272400.0,-1.5238890831459893,86289800.0,6,1,0,1
2022-06-15,0.0142521797451375,0.9673340244222152,0.2081975314339335,32.27675627659105,10.841097960211549,125666800.0,35.20381497897138,17.489826534937208,1.0152969813232953,0.01425629229411296,-10.600000000000023,1.6598666050485242,-0.0267369593734161,-0.0778658625553232,-30.389999999999983,-32.59000000000003,33.99161612907413,123773440.0,0.0142562922941129,15,-1.146202020846344,-3.9318471423839707,-7.329341039009421,11.665711294216578,0.9327569310326026,104011800.0,0.2081975314339335,377.36,42.464868874387726,11.418270514016697,-32.02000000000004,64350000.0,-2.354098428706255,132893900.0,6,2,0,0
2022-06-16,-0.0330908690141621,1.2716028569794935,0.0700781749833687,33.44300781814096,4.816341829085443,134473300.0,31.111929049023217,18.7475285778618,1.0079691093945333,-0.03309599156118148,-8.350000000000023,1.6575785230816031,-0.0218477163502683,-0.0866630131526504,-50.74000000000001,-49.09000000000003,30.449072911083903,133410140.0,-0.0330959915611814,16,-1.5238890831459893,-4.2482487883880005,-8.86692441326835,8.50813316774136,1.0152969813232953,125666800.0,0.0700781749833687,370.51,38.94448239087363,11.682679763015503,-34.79000000000002,86289800.0,-3.6207173800103565,170004900.0,6,3,0,1
2022-06-28,-0.0204267394854495,1.6598666050485242,-0.0821942358308288,32.4645097412426,31.053223388305828,86548900.0,30.817397944249734,93.84341440221937,0.6971814500817376,0.03818355379789984,6.779999999999973,0.9327569310326026,0.0075427548914692,0.5687850313221232,169.52999999999997,102.75,38.18806932981569,124141140.0,0.3011451034011279,28,-2.354098428706255,-3.219079203375557,-6.75360085679506,5.489410715188155,1.0079691093945333,134473300.0,0.3111562560597247,390.23,35.20381497897138,12.741774065657257,-9.150000000000034,132893900.0,-4.2138313474273055,104011800.0,6,1,1,1
2022-08-29,-0.0066220066220067,1.6575785230816031,-0.3658676651760163,30.643919058629844,72.24512743628186,65370800.0,33.99161612907413,9.392001325004866,0.6333501010324923,0.057743333771181016,23.430000000000007,1.0152969813232953,-0.0263377492326161,-0.0259344381274949,-26.230000000000015,-25.25999999999999,47.975600043851614,103214320.0,-0.0066122227430855,29,-3.6207173800103565,-0.8838805191548644,2.395478911500504,13.483126492027578,0.6971814500817376,86548900.0,-0.3658676651760163,402.2,31.111929049023217,13.630933060967452,27.629999999999995,170004900.0,-3.9318471423839707,125666800.0,8,0,0,0
2022-08-30,-0.0109810608996718,0.9327569310326026,0.3102547314703201,29.252192534109945,63.96176911544225,85652400.0,30.449072911083903,10.036892447366409,0.8604611259277952,-0.01097782082805554,31.560000000000002,1.0079691093945333,-0.0514521971154889,-0.0342912574269432,-31.49000000000001,-23.930000000000007,46.385011810887946,99542440.0,-0.0109778208280555,30,-4.2138313474273055,0.4647251464090303,1.0035148387494246,14.777608737546476,0.6333501010324923,65370800.0,0.3102547314703201,403.85,30.817397944249734,13.235866413755492,24.339999999999975,104011800.0,-4.2482487883880005,134473300.0,8,1,0,0
2022-08-31,-0.0076022780709544,1.0152969813232953,-0.1123459471071447,28.016111134743507,59.20426422996384,76029700.0,38.18806932981569,10.606860672853706,0.8484035377105311,-0.007609050500991921,14.53000000000003,0.6971814500817376,-0.0252053455926331,-0.0446974641622549,-31.46999999999997,-18.170000000000016,45.2768115994939,89615020.0,-0.0076090505009919,31,-3.9318471423839707,1.2119046340014457,-0.3306281223946143,14.811093139940958,0.8604611259277952,85652400.0,-0.1123459471071447,399.93,33.99161612907413,12.733304527058669,15.980000000000018,125666800.0,-3.219079203375557,86548900.0,8,2,0,1
2022-09-01,0.0031326506436413,1.0079691093945333,0.0356492265522552,27.166148635647556,61.56482010279843,78740100.0,47.975600043851614,9.674297045952589,1.0034627960969755,0.0031378106179462684,-6.2099999999999795,0.6333501010324923,-0.015450688326985,-0.0550404042811851,-31.46999999999997,-15.930000000000009,45.84701096560708,78468380.0,0.0031378106179462,1,-4.2482487883880005,1.8126927101049368,-1.2772002073662634,8.303051848567385,0.8484035377105311,76029700.0,0.0356492265522552,392.89,30.449072911083903,12.305211346554474,29.77000000000004,134473300.0,-0.8838805191548644,65370800.0,9,3,0,0
2022-09-02,-0.0105495197606675,0.6971814500817376,0.2653285936898735,25.99134394681753,54.00843881856541,99632100.0,46.385011810887946,9.392726559535973,1.2287362079950157,-0.01054437213056858,-5.96999999999997,0.8604611259277952,-0.0150191471879806,-0.0322469221090029,-29.899999999999977,-21.430000000000007,44.17599367387744,81085020.0,-0.0105443721305685,2,-3.219079203375557,1.9402079506073608,-2.3249452858212862,3.855091438603641,1.0034627960969755,78740100.0,0.2653285936898735,400.28,38.18806932981569,12.2284105360863,11.590000000000032,86548900.0,0.4647251464090303,85652400.0,9,4,0,0
2022-09-06,-0.0037661786547846,0.6333501010324923,-0.2307960988476605,25.025519686186392,51.565519907228456,76637400.0,45.2768115994939,9.837167388136171,0.9195935508194668,-0.0037732000815827726,-4.420000000000016,0.8484035377105311,-0.0111830477718108,-0.0294811613640314,-22.590000000000032,-28.75,43.57046841610229,83338340.0,-0.0037732000815827,6,-0.8838805191548644,1.932285952881866,-3.232609432350785,3.0409242016199625,1.2287362079950157,99632100.0,-0.2307960988476605,393.13,47.975600043851614,11.76209549779442,-11.870000000000005,65370800.0,1.2119046340014457,76029700.0,9,1,0,1
2022-09-07,0.017970289121985,0.8604611259277952,-0.0740265196888203,23.75030873325172,70.70919009651693,70964200.0,45.84701096560708,9.301649136935476,0.8826316188789401,0.01796499129900697,1.3599999999999568,1.0034627960969755,0.0036545907065328,-0.0010798322493157,-14.57000000000005,-7.53000000000003,47.262977897205275,80400700.0,0.0179649912990069,7,0.4647251464090303,2.377935874204125,-3.3684419182944225,2.9154553675194745,0.9195935508194668,76637400.0,-0.0740265196888203,390.43,46.385011810887946,11.521231533666244,-0.4300000000000068,85652400.0,1.8126927101049368,78740100.0,9,2,0,1
2022-09-08,0.0065381698354995,0.8484035377105311,0.1389080691390869,22.373951636694215,86.92528735632187,80821700.0,44.17599367387744,8.201790861349588,0.9933947155265975,0.006536276333651836,8.139999999999986,1.2287362079950157,0.0207422803026999,0.0131585606559037,-13.29000000000002,-2.25,48.60438969176315,81359100.0,0.0065362763336518,8,1.2119046340014457,2.7970203110215603,-3.237046379722585,3.967150110595372,0.8826316188789401,70964200.0,0.1389080691390869,395.39,45.2768115994939,11.179714995547227,5.199999999999989,76029700.0,1.9402079506073608,99632100.0,9,3,0,1
2022-09-09,0.0155377140333099,1.0034627960969755,-0.0509120694071022,21.00355567247198,97.90467418834913,76706900.0,43.57046841610229,5.245081187803438,0.9475548982699229,0.015535241520555632,15.840000000000032,0.9195935508194668,0.0400461729907946,0.0256798345189446,-12.909999999999968,8.390000000000043,51.76527026490106,80952460.0,0.0155352415205556,9,1.8126927101049368,3.4021298860801643,-2.6201747027250804,6.4082852620646165,0.9933947155265975,80821700.0,-0.0509120694071022,402.74,45.84701096560708,10.890449638722426,10.180000000000007,78740100.0,1.932285952881866,76637400.0,9,4,0,1
2022-09-12,0.0107458104132018,1.2287362079950157,-0.0971307665933572,20.06138219449291,98.40503672612805,69256300.0,47.262977897205275,6.26224853121067,0.9249305196635028,0.010747663551401887,13.190000000000055,0.8826316188789401,0.0328216942820114,0.0477513767081378,5.660000000000025,15.79000000000002,53.90996192175422,74877300.0,0.0107476635514018,12,1.9402079506073608,3.9662987498086792,-1.771968406470933,7.841034370540054,0.9475548982699229,76706900.0,-0.0971307665933572,408.78,44.17599367387744,10.478988950242252,18.730000000000018,99632100.0,2.377935874204125,70964200.0,9,0,0,0
2022-09-13,-0.0434881660549297,0.9195935508194668,0.7752478835860419,19.36256679255178,60.90241343126971,122947100.0,48.60438969176315,6.392033583556629,1.4612337834285167,-0.04348249263936543,-7.279999999999973,0.9933947155265975,-0.0172046416084179,0.0059883304330023,-9.529999999999973,-3.319999999999993,45.08241585648241,84139240.0,-0.0434824926393654,13,1.932285952881866,3.0468872642919402,-2.457710272294946,7.08854569005447,0.9249305196635028,69256300.0,0.7752478835860419,401.83,43.57046841610229,11.09120402522495,2.340000000000032,76637400.0,2.7970203110215603,80821700.0,9,1,0,1
2022-09-14,0.0038108344139518,0.8826316188789401,-0.3084529850643082,18.769196305561398,64.0503672612802,85023700.0,51.76527026490106,6.490331356032079,0.9778330680885841,0.0038158229458153947,-12.0,0.9475548982699229,-0.028931521227776,-0.0079943687465432,-3.609999999999957,2.3600000000000136,45.88345260162072,86951140.0,0.0038158229458153,14,2.377935874204125,2.4749971026729565,-2.852092528740627,7.655566602152351,1.4612337834285167,122947100.0,-0.3084529850643082,394.47,47.262977897205275,10.661832309137452,-3.17999999999995,70964200.0,3.4021298860801643,76706900.0,9,2,0,0
2022-09-15,-0.0113363739421581,0.9933947155265975,0.0306984993595902,18.387004770677574,30.737179487179546,87633800.0,53.90996192175422,6.901751871001335,0.992302880780709,-0.011353269133299593,-20.850000000000023,0.9249305196635028,-0.0510137055831361,-0.0256256556271541,-5.060000000000002,-0.6399999999999864,43.82729174372252,88313560.0,-0.0113532691332995,15,2.7970203110215603,1.763635352875018,-3.4715989401582874,9.138310565963108,0.9778330680885841,85023700.0,0.0306984993595902,392.96,48.60438969176315,10.413130001341921,-10.259999999999991,80821700.0,3.9662987498086792,69256300.0,9,3,0,0
2022-09-16,-0.0076531292498867,0.9475548982699229,0.1763132489975329,18.498461463485178,11.647535449020891,103084800.0,45.08241585648241,7.845038701128411,1.1014611310671303,-0.011688711165795174,-7.5400000000000205,1.4612337834285167,-0.015178668778093,-0.0517461878996556,-10.860000000000014,-12.21999999999997,41.775225787738734,93589140.0,-0.0116887111657951,16,3.4021298860801643,0.993021177192694,-4.146350699073423,9.639170088757544,0.992302880780709,87633800.0,0.1763132489975329,384.14,51.76527026490106,10.241477858388928,-21.04000000000002,76706900.0,3.0468872642919402,122947100.0,9,4,0,1
2022-09-19,0.0077658945558123,0.9249305196635028,0.0872648823168948,18.368574023552696,21.74206617150573,73278500.0,45.88345260162072,102.64224978048756,0.7763080921393171,0.007754953833385203,-6.050000000000011,0.9778330680885841,0.0001127653059256,0.8376371547483921,115.18,172.77,43.638680579784214,94393580.0,-0.1149404341586751,19,3.9662987498086792,0.705225663038112,-4.497491892925496,3.6005388485619343,1.1014611310671303,103084800.0,-0.2891435012727386,382.26,53.90996192175422,9.964943725646862,-22.420000000000016,69256300.0,2.4749971026729565,85023700.0,9,0,1,1
2022-11-16,-0.007617908585097,1.4612337834285167,-0.5495463804460319,17.370157698919513,45.03713706954751,68508500.0,43.82729174372252,85.31856450321284,0.8204035022212812,0.017758332260970233,5.329999999999984,0.992302880780709,-0.0075974566334088,0.8854295794793552,189.2,152.81,47.791250244975075,83505860.0,1.022244950140629,16,3.0468872642919402,0.9830579621773774,5.017122919445399,4.154194266040414,0.7763080921393171,73278500.0,-0.2648868763714597,396.78,45.08241585648241,9.912447745243512,2.349999999999966,122947100.0,1.763635352875018,87633800.0,11,2,1,1
2022-11-23,0.0062954998834166,0.9778330680885841,0.493261231463191,16.259624142828926,68.56853477380149,68261600.0,41.775225787738734,77.69543161173226,0.8516365610758565,0.01762548994816049,16.860000000000014,1.1014611310671303,0.0161286526047698,0.1282698292539321,-12.789999999999964,-52.50999999999999,51.66528331535678,80153440.0,0.1844242995055334,23,2.4749971026729565,1.6030770369597533,5.872589889128051,6.642804377670702,0.8204035022212812,68508500.0,0.1296165748233464,399.55,45.88345260162072,9.73870147772612,7.819999999999993,85023700.0,0.993021177192694,103084800.0,11,2,1,0
2022-11-28,-0.0159658022815646,0.992302880780709,1.2223182541397395,15.32934338909653,46.590141796083756,67881600.0,43.638680579784214,3.125165951147551,0.890799574819889,-0.016177128373341287,7.360000000000014,0.7763080921393171,-0.009902010343156,-0.000303007347928,-2.599999999999966,0.4600000000000364,48.07697264073891,76203000.0,-0.0159570501826857,28,1.763635352875018,1.5411538839242045,5.69534868667489,6.6462899425167645,0.8516365610758565,68261600.0,1.2223182541397395,399.09,43.82729174372252,9.565222800745683,5.7900000000000205,87633800.0,0.705225663038112,73278500.0,11,0,0,0
2022-11-29,-0.0017009918090701,1.1014611310671303,-0.2293935322679489,14.621275874869639,44.29439567859555,52310000.0,47.791250244975075,3.1162422170853987,0.7919992781012124,-0.0017175620721880946,-0.21999999999997044,0.8204035022212812,-0.0178985020356428,0.0016219366937835,0.1100000000000136,0.9900000000000092,47.70427118038743,66048040.0,-0.001717562072188,29,0.993021177192694,1.4235930465262259,5.269834185052048,4.90998167002657,0.890799574819889,67881600.0,-0.2293935322679489,396.05,41.775225787738734,9.167706886406705,9.670000000000016,103084800.0,0.9830579621773774,68508500.0,11,1,0,1
2022-11-30,0.0314826465345496,0.7763080921393171,3.066448014266788,14.109979676317767,86.32680621201887,144566700.0,51.66528331535678,87.21544374580577,1.800205166060483,0.03150064519393769,5.259999999999991,0.8516365610758565,0.0138158524439149,0.5330350092129508,-31.329999999999984,-28.33999999999997,54.63792308167845,80305680.0,0.0446636771300448,30,0.705225663038112,2.112003589217026,5.834461465147456,5.541459194110541,0.7919992781012124,52310000.0,1.7636532211814189,395.49,43.638680579784214,9.527156394520512,19.129999999999995,73278500.0,1.6030770369597533,68261600.0,11,2,0,0
2022-12-01,-0.0007115809804569,0.8204035022212812,-0.4715366678495116,13.82403257471564,85.31397704253875,76398200.0,48.07697264073891,5.1703136590854495,0.9330095567343016,-0.0007358712715855864,11.46999999999997,0.890799574819889,0.0290700737450225,0.0123254311415932,11.930000000000009,12.79000000000002,54.450581181555506,81883620.0,-0.0007358712715855,1,0.9830579621773774,2.451004863425363,6.188007494109456,5.998402287275274,1.800205166060483,144566700.0,-0.4715366678495116,408.77,47.791250244975075,9.221645223483332,11.930000000000007,68508500.0,1.5411538839242045,67881600.0,12,3,0,0
2022-12-02,-0.0011698583454133,0.8516365610758565,0.1170773656970975,13.295407568453628,83.72721134368672,85342700.0,47.70427118038743,5.270228331548879,1.0005024628416654,-0.0011537139771220506,11.680000000000007,0.7919992781012124,0.0296012072086793,0.0113836900057167,12.670000000000016,7.010000000000048,54.137397303283834,85299840.0,-0.001153713977122,2,1.6030770369597533,2.5367968316441156,6.357788485528545,6.447896556241277,0.9330095567343016,76398200.0,0.1170773656970975,402.25,51.66528331535678,8.97152770752024,4.490000000000009,68261600.0,1.4235930465262259,52310000.0,12,4,0,0
2022-12-05,-0.0179758115849777,0.890799574819889,-0.0943595644384347,12.409617955180481,59.01417960837258,77289800.0,54.63792308167845,5.023843592752333,0.8865392053449884,-0.017989235948981497,-8.090000000000032,1.800205166060483,-0.0198572509108481,0.0092950418024297,3.5600000000000023,-2.830000000000041,49.374237157575394,87181480.0,-0.0179892359489814,5,1.5411538839242045,2.016451885337999,5.855163467574528,5.650997257120845,1.0005024628416654,85342700.0,-0.0943595644384347,403.95,48.07697264073891,8.954990014125938,3.67999999999995,67881600.0,2.112003589217026,144566700.0,12,0,0,0
2022-12-06,-0.0144157224714148,0.7919992781012124,0.0088291081099964,12.066654204941756,42.02223019003218,77972200.0,54.450581181555506,5.139271024830352,0.8446418481633106,-0.014414775144523162,-13.550000000000011,0.9330095567343016,-0.033561392401806,-0.0035422412266276,-0.7599999999999909,-8.5,45.94841780967336,92313920.0,-0.0144147751445231,6,1.4235930465262259,1.2384290595683285,4.95111066470372,6.165660548553409,0.8865392053449884,77289800.0,0.0088291081099964,399.42,47.70427118038743,8.911776441688373,-1.400000000000034,52310000.0,2.451004863425363,76398200.0,12,1,0,0
2022-12-07,-0.0017099413358587,1.800205166060483,-0.1544691569559406,11.74818786543437,39.619935460738674,65927900.0,54.137397303283834,5.725308725299742,0.860833080023858,-0.0017012416524895269,-13.75,1.0005024628416654,-0.0341014753922513,-0.0356161695447408,-6.739999999999952,-2.75,45.55249255250308,76586160.0,-0.0017012416524895,7,2.112003589217026,0.6616932516462921,4.134532421261326,6.8389275475027365,0.8446418481633106,77972200.0,-0.1544691569559406,392.94,54.63792308167845,8.537363838710629,-14.519999999999982,144566700.0,2.5367968316441156,85342700.0,12,2,0,1
2022-12-08,0.0078264994202592,0.9330095567343016,-0.0787223618528726,11.259564924910663,50.66332018644676,60737900.0,49.374237157575394,5.821056032484656,0.8268823659945462,0.007833960728456546,-3.349999999999966,0.8865392053449884,-0.0082991643870143,-0.0273454759683833,-6.180000000000007,1.009999999999991,47.7801030393823,73454100.0,0.0078339607284565,8,2.451004863425363,0.4791617975446183,3.684569040544261,5.608335760276381,0.860833080023858,65927900.0,-0.0787223618528726,395.14,54.450581181555506,8.227552135945583,-11.139999999999986,76398200.0,2.016451885337999,77289800.0,12,3,0,0
2022-12-09,-0.0074519545038566,1.0005024628416654,0.3409699709736424,10.775353311440808,40.050197203298545,81447700.0,45.94841780967336,6.085977416249823,1.1207098442245005,-0.0074702200686453946,-0.5500000000000114,0.8446418481633106,-0.0013353964194561,-0.0334963505443465,-9.050000000000011,-14.400000000000034,45.839113740516375,72675100.0,-0.0074702200686453,9,2.5367968316441156,0.16672779973322216,3.062693810175688,2.742106854226946,0.8268823659945462,60737900.0,0.3409699709736424,394.94,54.137397303283834,7.959155554806615,-13.630000000000052,85342700.0,1.2384290595683285,77972200.0,12,4,0,1
2022-12-12,0.0144099051633297,0.8865392053449884,-0.0741813458206922,10.16211188264773,60.28037383177565,75405800.0,45.55249255250308,5.994095706053201,1.0429816468713649,0.014417209113100071,5.789999999999964,0.860833080023858,0.0147844500797323,-0.0016016416827248,3.039999999999964,-8.430000000000007,50.02693446473881,72298300.0,0.0144172091131,12,2.016451885337999,0.33961814295839643,2.9769204096284625,2.4905160107894493,1.1207098442245005,81447700.0,-0.0741813458206922,394.11,49.374237157575394,7.7956444437490005,-0.6399999999999864,77289800.0,0.6616932516462921,65927900.0,12,0,0,1
2022-12-13,0.0075570675461604,0.8446418481633106,0.6415514456447646,10.520904936393565,54.80106100795771,123782500.0,47.7801030393823,5.872675805040152,1.5195427567469626,0.007569870911141807,5.730000000000018,0.8268823659945462,0.0145150182056336,0.0206688164944266,6.740000000000009,-4.939999999999998,52.14920172438966,81460360.0,0.0075698709111418,13,1.2384290595683285,0.6377463158083256,3.107930760656928,3.7839463526847616,1.0429816468713649,75405800.0,0.6415514456447646,410.22,45.94841780967336,8.063098412052645,8.140000000000043,77972200.0,0.4791617975446183,60737900.0,12,1,0,0
2022-12-14,-0.0063920820660858,0.860833080023858,-0.126602710399289,10.508875854861722,41.16710875331555,108111300.0,45.839113740516375,5.198761497809169,1.2026124553155477,-0.006393511953628472,6.1200000000000045,1.1207098442245005,0.0155748906434043,0.0158714009563534,-8.28000000000003,-0.1899999999999977,50.19558022843702,89897040.0,-0.0063935119536284,14,0.6616932516462921,0.6405484689556464,2.977321425871196,3.316409202736369,1.5195427567469626,123782500.0,-0.126602710399289,401.61,45.55249255250308,8.143591382620313,6.239999999999952,65927900.0,0.16672779973322216,81447700.0,12,2,0,0
2022-12-15,-0.0244617380025941,0.8268823659945462,0.0887474297321371,9.973670030633231,7.6991150442478204,117705900.0,50.02693446473881,5.075330750031169,1.1620609762165586,-0.024461692538808144,-9.319999999999993,1.0429816468713649,-0.0232967525225195,-0.0166818090046436,-17.75,-4.199999999999989,43.520816213388436,101290640.0,-0.0244616925388081,15,0.4791617975446183,-0.0028480181466621346,2.088811873821101,5.044604047890817,1.2026124553155477,108111300.0,0.0887474297321371,394.3,47.7801030393823,8.384049141004576,-6.610000000000014,60737900.0,0.33961814295839643,75405800.0,12,3,0,0
2022-12-30,-0.0026358257127487,1.1207098442245005,0.432628007297652,10.362283953879333,12.476606363069244,84022200.0,52.14920172438966,86.88771645699484,0.8253205080980858,-0.01847906988681569,-19.54000000000002,1.5195427567469626,0.0029422286777511,-0.1011798439409608,-188.61,157.39,39.36632429004907,101805540.0,0.0722236240782796,30,0.16672779973322216,-0.8535234997725161,-2.6852029610445243,8.200797522192563,1.1620609762165586,117705900.0,0.2546075982254978,380.64,45.839113740516375,8.585188488075676,-10.849999999999966,81447700.0,0.6377463158083256,123782500.0,12,4,1,1
2023-03-01,-0.0038518595632824,1.0429816468713649,0.0338889199967646,9.925538292636562,50.87336244541485,99706800.0,50.19558022843702,6.353665258905322,0.9347593707220332,0.03218889731454122,-4.659999999999968,1.2026124553155477,-0.0041255142839338,-0.0095348020274,-17.899999999999977,-12.519999999999982,48.4304242387644,106665740.0,-0.0038358653409377,1,0.33961814295839643,-0.5424956512941734,-0.9944413783258028,7.834547210911491,0.8253205080980858,84022200.0,0.0338889199967646,395.41,50.02693446473881,8.990532167498841,-4.2099999999999795,75405800.0,0.6405484689556464,108111300.0,3,2,0,1
2023-03-02,0.0077857609405618,1.5195427567469626,-0.1462187132672997,9.693340926352429,60.44915782907047,85127800.0,43.520816213388436,4.574247357640898,0.8604434435608097,0.0077772711151644636,8.180000000000007,1.1620609762165586,0.0002518062132705,-0.0071132631158589,-16.170000000000016,-1.2799999999999727,50.4209772908135,98934800.0,0.0077772711151644,2,0.6377463158083256,-0.10807801155664132,-1.1596050019783206,6.892196311771895,0.9347593707220332,99706800.0,-0.1462187132672997,392.68,52.14920172438966,8.802637012677497,-4.160000000000025,123782500.0,-0.0028480181466621346,117705900.0,3,3,0,1
2023-03-03,0.0160474943613408,1.2026124553155477,0.0586435923399877,9.963567577535335,80.3493449781659,90120000.0,39.36632429004907,3.8438990621497,0.9452828894356771,0.016037806993288273,21.75999999999999,0.8253205080980858,0.0199813957386202,0.0197033150007568,-4.089999999999975,5.649999999999977,54.363377257895394,95336540.0,0.0160378069932882,3,0.6405484689556464,0.592387867255094,-0.7820026558145514,8.239745141689815,0.8604434435608097,85127800.0,0.0586435923399877,399.71,50.19558022843702,8.648162940343388,4.7900000000000205,108111300.0,-0.8535234997725161,84022200.0,3,4,0,1
2023-03-06,0.0006889161053276,1.1620609762165586,0.251659660072731,10.457214765488557,81.22270742358084,72795900.0,48.4304242387644,98.56425020146914,0.842988683629141,0.0006927435117147773,9.730000000000018,0.9347593707220332,0.0245221714072303,0.1304991894460283,-97.53999999999996,112.14000000000004,54.53424856043603,86354540.0,0.8631443180247824,6,-0.0028480181466621346,1.0322501282105543,-0.4557101890957824,9.016314102780404,0.9452828894356771,90120000.0,-0.192233688415446,405.05,43.520816213388436,8.276151301747431,14.840000000000032,117705900.0,-0.5424956512941734,99706800.0,3,0,0,0
2023-03-07,-0.0153242051046685,0.8253205080980858,0.4878667617269654,10.226671947580893,61.88396756082337,108310600.0,50.4209772908135,3.2628455542832584,1.1874571192324888,-0.015328701757856056,0.45999999999997954,0.8604434435608097,0.0014122053619999,0.0050724271942663,-0.8199999999999932,1.8899999999999864,50.064303810663546,91212220.0,-0.015328701757856,7,-0.8535234997725161,0.8698216152840514,-0.6743048640130382,4.27023184382211,0.842988683629141,72795900.0,0.4878667617269654,404.42,39.36632429004907,8.187854780194044,15.839999999999975,84022200.0,-0.10807801155664132,85127800.0,3,1,0,1
2023-03-08,0.0016313636128231,0.9347593707220332,-0.3098865669657448,9.90322095665144,63.91141609482223,74746600.0,54.363377257895394,3.2603341682845723,0.8669269769559748,0.0016320586536773263,-5.269999999999982,0.9452828894356771,-0.0130039253865178,0.0105892486193444,0.3799999999999954,1.1899999999999975,50.522181743395436,86220180.0,0.0016320586536773,8,-0.5424956512941734,0.7735721823906021,-0.7876277020363887,3.309580033779405,1.1874571192324888,108310600.0,-0.3098865669657448,398.39,48.4304242387644,7.825865153037327,4.180000000000007,99706800.0,0.592387867255094,90120000.0,3,2,0,0
2023-03-09,-0.0184586748015821,0.8604434435608097,0.4976641077988832,9.409729269292583,40.95446038677478,111945300.0,54.53424856043603,3.929201360750952,1.222328039231444,-0.018449814499147732,-12.910000000000025,0.842988683629141,-0.0321515162934276,-0.0157110178225786,-9.100000000000025,-4.699999999999989,45.441306252720516,91583680.0,-0.0184498144991477,9,-0.10807801155664132,0.21090545441617814,-1.43701023664687,5.28176769651911,0.8669269769559748,74746600.0,0.4976641077988832,399.74,50.4209772908135,8.049017642106092,-6.25,85127800.0,1.0322501282105543,72795900.0,3,3,0,0
2023-03-10,-0.014433587062449,0.9452828894356771,0.6905845980134941,9.528027874944119,23.331253898939543,189253000.0,50.064303810663546,5.499699385723354,1.6987032076393669,-0.01442946164061698,-12.359999999999957,1.1874571192324888,-0.031260898251208,-0.0452262549790939,-10.46999999999997,-8.829999999999984,41.95329521491554,111410280.0,-0.0144294616406169,10,0.592387867255094,-0.5059591695314565,-2.3665605388442827,7.190106396987275,1.222328039231444,111945300.0,0.6905845980134941,390.99,54.363377257895394,8.105516381955658,-18.279999999999973,90120000.0,0.8698216152840514,108310600.0,3,4,0,0
2023-03-13,-0.0014163927416552,0.842988683629141,-0.1662483553761367,9.957361204861225,21.615720524017487,157790000.0,50.522181743395436,6.595696324118553,1.2288069926508325,-0.0014252027674847012,-13.560000000000002,0.8669269769559748,-0.0343086546056864,-0.0472470146117141,-12.370000000000005,-12.449999999999989,41.618398159291374,128409100.0,-0.0014252027674847,13,1.0322501282105543,-0.9552695504530035,-3.110150541547739,6.491735515253387,1.6987032076393669,189253000.0,-0.1662483553761367,381.81,54.53424856043603,8.22226521181597,-19.110000000000014,72795900.0,0.7735721823906021,74746600.0,3,0,0,1
2023-03-14,0.0165390997163195,1.1874571192324888,-0.0509385892642119,9.999439973055404,41.48471615720527,149752400.0,45.441306252720516,6.7112512494559295,1.0955024328908525,0.016529997924019213,0.17000000000001592,1.222328039231444,0.0006891199122152,-0.0164210209154592,-4.529999999999973,-12.45999999999998,46.90481954923257,136697460.0,0.0165299979240192,14,0.8698216152840514,-0.7695330364598645,-3.1643005374943414,5.496101345499734,1.2288069926508325,157790000.0,-0.0509385892642119,390.5,50.064303810663546,8.212817696686255,-6.539999999999964,108310600.0,0.21090545441617814,111945300.0,3,1,0,0
2023-03-15,-0.006265796124684,0.8669269769559748,0.1552195490689965,10.347350956999652,37.388008270158416,172996900.0,41.95329521491554,6.978299697394524,1.1064895688783551,-0.006254307814055671,3.3699999999999477,1.6987032076393669,0.0088569108499801,-0.0241652461646446,-5.460000000000036,-15.190000000000056,45.20921688059397,156347520.0,-0.0062543078140556,15,0.7735721823906021,-0.7566159200367699,-3.3605228928656743,3.0254536849878386,1.0955024328908525,149752400.0,0.1552195490689965,385.89,50.522181743395436,8.19904500406581,-9.640000000000043,74746600.0,-0.5059591695314565,189253000.0,3,2,0,1
2023-03-16,0.0175382822020877,1.222328039231444,-0.1719262021458187,9.865425661755527,60.923501033769874,143254200.0,41.618398159291374,6.915899555853621,0.880971752538139,0.017545211672832073,10.75,1.2288069926508325,0.0278115857937232,0.0116201859229747,-1.6999999999999886,-2.159999999999968,50.57343416597515,162609300.0,0.017545211672832,16,0.21090545441617814,-0.2587433895725022,-2.9478706312008853,4.432343623863707,1.1064895688783551,172996900.0,-0.1719262021458187,386.82,45.441306252720516,8.340541789489683,4.550000000000011,111945300.0,-0.9552695504530035,157790000.0,3,3,0,0
2023-03-17,-0.0116902728598209,1.6987032076393669,-0.0188531994175389,9.417923601885985,39.8345968297726,140553400.0,46.90481954923257,6.1374895338212925,0.9194346179725462,-0.015450253717401718,-1.740000000000009,1.0955024328908525,-0.0004177867824172,0.0105724132569768,-14.199999999999989,-8.930000000000007,46.20796341283415,152869380.0,-0.0154502537174017,17,-0.5059591695314565,-0.30885851939266384,-2.949150248059482,3.9100166240061136,0.880971752538139,143254200.0,-0.0188531994175389,393.22,41.95329521491554,8.284788804526134,4.079999999999984,189253000.0,-0.7695330364598645,149752400.0,3,4,0,1
2023-05-03,-0.0068768911450648,1.2288069926508325,-0.1322330268288589,10.270868767071208,82.39012642986148,91531800.0,45.20921688059397,91.75880255079382,0.6555886092985032,0.046231954665504116,18.74000000000001,1.1064895688783551,-0.0191153125634357,0.879496982818186,-92.53000000000004,17.99000000000001,57.772599540320904,139617740.0,0.3973766224870714,3,-0.9552695504530035,0.8420859517605275,2.198397796375957,7.734024178912173,0.9194346179725462,140553400.0,-0.1198738443342932,411.36,41.618398159291374,9.398732461345693,22.659999999999968,157790000.0,-0.7566159200367699,172996900.0,5,2,1,1
2023-05-08,0.0002738839230138,1.0955024328908525,-0.204689848937029,11.062889277600345,96.59843467790489,50046800.0,50.57343416597515,111.81945286934656,0.4181836017761865,0.011568060389196777,16.629999999999995,0.880971752538139,0.0117107069119469,0.4800444651629791,-141.03999999999996,-148.81999999999994,60.18574517423731,119676620.0,0.912781536750394,8,-0.7695330364598645,1.834164511755549,1.7318173209102952,10.652449014193532,0.6555886092985032,91531800.0,-0.4302763990710805,412.97,46.90481954923257,9.100251571249574,21.00999999999999,149752400.0,-0.2587433895725022,143254200.0,5,0,1,1
2023-05-15,0.0034446607757974,1.1064895688783551,-0.4207895017603755,11.66965504821585,97.4111980734497,54289400.0,46.20796341283415,85.30716392998778,0.5658970354131,0.0006541648495419494,23.019999999999982,0.9194346179725462,0.0004063683861138,-0.0866247954354461,138.81,134.49,60.32541674205188,95935120.0,0.4162608874562787,15,-0.7566159200367699,2.386493563009574,1.5373146721527746,10.395394653402361,0.4181836017761865,50046800.0,-0.2292750932006803,412.22,45.20921688059397,8.678805030446032,23.730000000000018,172996900.0,-0.30885851939266384,140553400.0,5,0,1,1
2023-05-18,0.0096249010292952,0.880971752538139,0.063595379936016,12.731612392367948,98.87237314197849,97177200.0,57.772599540320904,111.0788473512798,1.1205894114971773,0.01506016803467225,11.210000000000036,0.6555886092985032,0.0150793105075359,-0.0389922978177149,126.68,23.78000000000003,63.50192964840588,86719720.0,-0.0203075341185268,18,-0.2587433895725022,3.0085179381481177,1.9730728049494808,11.138369270228957,0.5658970354131,54289400.0,0.1133066779703735,414.9,50.57343416597515,8.53460467112846,23.120000000000005,143254200.0,0.8420859517605275,91531800.0,5,3,1,1
2023-05-30,0.0003913702852111,0.9194346179725462,-0.2303527656399872,13.936817538396548,94.27617457667546,72216000.0,60.18574517423731,3.6740236798378394,0.9885528493034573,0.0022660592037784255,7.439999999999998,0.4181836017761865,0.0219972556546088,0.0033190859380596,7.170000000000016,0.9499999999999886,63.97632903820383,73052240.0,0.0003809342412266,30,-0.30885851939266384,3.2984423372227645,2.289709635404222,5.046060839900044,1.1205894114971773,97177200.0,-0.2303527656399872,422.03,46.20796341283415,8.199275766047853,30.189999999999998,140553400.0,1.834164511755549,50046800.0,5,1,0,0
2023-05-31,-0.0055503936622818,0.6555886092985032,0.5344494294893098,14.708960520951564,88.71929406153122,110811800.0,60.32541674205188,3.033187725444599,1.440831307542599,-0.0055452425151125695,4.840000000000032,0.5658970354131,0.0077996723289677,0.0090801516578522,7.600000000000023,-0.7699999999999818,61.85283603532742,76908240.0,-0.0055452425151125,31,0.8420859517605275,3.148174834454549,2.2764310011532416,3.502980159802521,0.9885528493034573,72216000.0,0.5344494294893098,418.28,57.772599540320904,7.896470354187291,9.830000000000041,91531800.0,2.386493563009574,54289400.0,5,2,0,1
2023-06-01,0.0094907919647906,0.4181836017761865,-0.1980547198042085,15.726686757517156,97.39768157085399,88865000.0,63.50192964840588,3.314752211287137,1.049521990063289,0.009501017111403609,2.589999999999975,1.1205894114971773,0.0043317685877199,0.0261013403390986,6.589999999999975,3.0299999999999727,64.04279849693633,84671880.0,0.0095010171114036,1,1.834164511755549,3.124756801139209,2.548005507068808,3.3506223302496605,1.440831307542599,110811800.0,-0.1980547198042085,418.09,60.18574517423731,7.77029390031677,9.079999999999984,50046800.0,3.0085179381481177,97177200.0,6,3,0,1
2023-06-02,0.0144676912584942,0.5658970354131,0.4812298364217044,17.111019579559393,98.29486379704721,91366700.0,63.97632903820383,109.01677905513252,0.9921743857516137,0.014461144564032136,7.740000000000009,0.9885528493034573,0.018408089561003,0.5326647564469915,-6.829999999999984,232.37,67.16220788824036,92087340.0,-0.1475867014601302,2,2.386493563009574,3.3108828409057045,3.205586609913553,3.920669585665659,1.049521990063289,88865000.0,0.0281516907668935,424.5,60.32541674205188,7.709558621722716,14.910000000000025,54289400.0,3.2984423372227645,72216000.0,6,4,0,0
2023-06-05,-0.001920722191544,1.1205894114971773,-0.2835442234424576,18.460903628188625,94.85399224014706,65460200.0,61.85283603532742,5.3882061537740125,0.763438209160904,-0.0019162460272947879,9.25,1.440831307542599,0.0220377610317408,0.0168563401742776,8.480000000000018,16.010000000000048,66.32917947056171,85743940.0,-0.0019162460272947,5,3.0085179381481177,3.1694256062379615,3.620436914308584,4.384071167301193,0.9921743857516137,91366700.0,-0.2835442234424576,428.28,63.50192964840588,7.391018720171094,7.8700000000000045,97177200.0,3.148174834454549,110811800.0,6,0,0,1
2023-06-06,0.0021890260037045,0.9885528493034573,-0.021967546692494,19.65197046244518,96.53670224351985,64022200.0,64.04279849693633,6.034782975018155,0.7612158965714121,0.00217747600093654,6.2099999999999795,1.049521990063289,0.0147359950706547,0.0186824694178684,9.239999999999952,13.379999999999995,66.83165217066474,84105180.0,0.0021774760009365,6,3.2984423372227645,2.9345180931011408,3.976796133828259,4.536312379010007,0.763438209160904,65460200.0,-0.021967546692494,426.67,63.97632903820383,7.0480888115874425,7.849999999999966,72216000.0,3.124756801139209,88865000.0,6,1,0,0
2023-06-07,-0.0034563871153568,1.440831307542599,0.3334952563329594,20.84403847475289,93.313003702897,85373300.0,67.16220788824036,5.900693838676285,1.0804356200678635,-0.0034577015629744245,-1.3700000000000045,0.9921743857516137,-0.0031880833031964,0.0208208687327988,12.460000000000036,6.53000000000003,65.16503124966152,79017480.0,-0.0034577015629744,7,3.148174834454549,2.4928630657308144,4.095803543607701,2.568507348628222,0.7612158965714121,64022200.0,0.3334952563329594,428.44,61.85283603532742,6.795368182188339,8.699999999999989,110811800.0,3.3108828409057045,91366700.0,6,2,0,1
2023-06-08,0.0060455705958861,1.049521990063289,-0.2743304991138916,21.896927699748776,98.86914378029077,61952800.0,66.32917947056171,5.054268273231428,0.8413494445035951,0.006048528894619487,2.0299999999999727,0.763438209160904,0.0047782094842337,0.0173296666824711,18.04000000000002,8.949999999999989,66.72294081782363,73635040.0,0.0060485288946194,8,3.124756801139209,2.198192964057476,4.342595063593194,0.984139217771172,1.0804356200678635,85373300.0,-0.2743304991138916,426.62,64.04279849693633,6.579984740603459,7.310000000000002,88865000.0,3.1694256062379615,65460200.0,6,3,0,1
2023-06-09,0.0017955900308841,0.9921743857516137,0.384002014436797,23.09054255286978,95.1887661141804,85742800.0,66.83165217066474,4.404913922732658,1.182491967343656,0.001794328059096184,1.8700000000000045,0.7612158965714121,0.0043847735114134,0.0046270330902971,15.25,12.049999999999956,67.19449248300782,72510260.0,0.0017943280590961,9,3.3108828409057045,1.8905771619650915,4.546291040065171,1.3873968429958015,0.8413494445035951,61952800.0,0.384002014436797,429.96,67.16220788824036,6.332842973417498,1.9799999999999613,91366700.0,2.9345180931011408,64022200.0,6,4,0,1
2023-06-12,0.0090574514864736,0.763438209160904,-0.1124117710175082,24.36742662407467,99.69360398314826,76104300.0,65.16503124966152,4.85814505067026,1.0196307349983413,0.009071877180739873,7.25,1.0804356200678635,0.0168986121132439,0.0156871926949191,13.78000000000003,11.980000000000018,69.54821702113225,74639080.0,0.0090718771807398,12,3.1694256062379615,1.7864132542792905,4.956408502656473,2.7225300732871873,1.182491967343656,85742800.0,-0.1124117710175082,430.92,66.32917947056171,6.164782761030535,6.699999999999989,65460200.0,2.4928630657308144,85373300.0,6,0,0,1
2023-06-13,0.0066077730147076,0.7612158965714121,0.2601088243371268,25.84928961806477,97.52767527675293,95899700.0,66.72294081782363,5.348971240654915,1.183733841488779,0.006592899953895781,7.53000000000003,0.8413494445035951,0.0174608145320653,0.0201621381678855,16.480000000000018,8.740000000000009,71.18116163560393,81014580.0,0.0065928999538957,13,2.9345180931011408,1.744787529121818,5.443806417761721,4.005267781303908,1.0196307349983413,76104300.0,0.2601088243371268,435.32,66.83165217066474,5.976583992385494,8.630000000000052,64022200.0,2.198192964057476,61952800.0,6,1,0,1
2023-06-14,0.0011764152275186,1.0804356200678635,0.0491388398503853,27.368582002693703,93.47901491501909,100612100.0,67.19449248300782,4.786349687742737,1.196874843122378,0.0011908578756927302,7.28000000000003,1.182491967343656,0.0168416397286998,0.0249208768022506,19.329999999999984,10.079999999999984,71.48060932413784,84062340.0,0.0011908578756927,14,2.4928630657308144,1.5912315574567817,5.803519241074866,3.726161563854755,1.183733841488779,95899700.0,0.0491388398503853,437.01,65.16503124966152,5.9403994215008185,10.629999999999995,85373300.0,1.8905771619650915,85742800.0,6,2,0,1
2023-06-15,0.0124083474337282,0.8413494445035951,0.0963204226926979,29.15400298333708,95.55251453985647,110303100.0,69.54821702113225,5.4035688823859775,1.1767873222066223,0.012397639416258821,8.800000000000011,1.0196307349983413,0.0201925356759544,0.0313890895532822,20.78000000000003,14.57000000000005,74.45949969387132,93732400.0,0.0123976394162588,15,2.198192964057476,1.6846493476179845,6.440405136934714,4.675309615409979,1.196874843122378,100612100.0,0.0963204226926979,436.33,66.72294081782363,6.063942319965043,13.470000000000027,61952800.0,1.7864132542792905,76104300.0,6,3,0,0
2023-06-16,-0.0034122562674094,1.182491967343656,0.0346155275781006,30.811893893934496,83.95953757225432,114121300.0,71.18116163560393,5.687052448815625,1.1480080597053963,-0.007094441934026308,2.7999999999999545,1.183733841488779,0.0101725063938373,0.0222377297045823,11.539999999999964,12.909999999999968,69.90404600364158,99408100.0,-0.0070944419340263,16,1.8905771619650915,1.3778495331771694,6.748729925577777,3.2932354911154342,1.1767873222066223,110303100.0,0.0346155275781006,443.02,67.19449248300782,5.962232154253253,9.560000000000002,85742800.0,1.744787529121818,95899700.0,6,4,0,1
2023-07-20,-0.0066335364619639,1.0196307349983413,-0.0180909750988285,33.08123415932344,92.48971193415635,70591600.0,71.48060932413784,95.01404855189703,0.7180834939549706,0.0289446138442635,15.0,1.196874843122378,0.0030218255151458,0.6490882567469001,125.29000000000002,179.07999999999998,76.24447106178246,98305560.0,1.0725089375744798,20,1.7864132542792905,1.8452917812626985,6.253420957802916,6.353241692233755,1.1480080597053963,114121300.0,0.0713276482470477,454.17,69.54821702113225,6.653501286092309,18.379999999999995,76104300.0,1.5912315574567817,100612100.0,7,3,1,0
2023-08-07,0.0087283223752032,1.183733841488779,-0.1330117396071346,34.43521410262625,88.54085095275374,58357500.0,74.45949969387132,63.76005946776928,0.6427241304570013,-0.0032509177761068653,8.109999999999957,1.1767873222066223,0.001324924771991,-0.2414588171934431,-149.23000000000008,-143.82999999999998,74.29645183132683,90797120.0,-0.0542429075037771,7,1.744787529121818,1.8637314167157548,3.151914966704624,6.710311468175924,0.7180834939549706,70591600.0,-0.4167300501837538,448.71,71.18116163560393,6.4775369085142875,14.049999999999955,95899700.0,1.6846493476179845,110303100.0,8,0,1,0
2023-08-23,0.0111435579955612,1.196874843122378,-0.2120856286011961,34.035916460354514,61.25200642054563,68441000.0,69.90404600364158,113.95014760362926,0.811268934567209,-0.017039781677797294,3.569999999999993,1.1480080597053963,0.0149365565699484,0.8793161958089419,-28.980000000000015,164.15999999999997,64.9585411507728,84362900.0,1.0952989027620128,23,1.5912315574567817,1.1992227638358859,-1.834947963508,5.538793189850274,0.6427241304570013,58357500.0,0.051920526137015,439.25,71.48060932413784,6.844141415048979,5.849999999999966,100612100.0,1.3778495331771694,114121300.0,8,2,1,1
2023-08-29,0.0144488625855372,1.1767873222066223,0.3488328673894478,34.15559987394365,79.71311475409838,83081900.0,76.24447106178246,3.945174408203581,1.0527535566366686,0.013836534771911824,-3.019999999999982,0.7180834939549706,0.0278523639254362,0.0251283806915441,6.270000000000039,12.660000000000023,68.37514142696166,78918660.0,0.0144547836299575,29,1.6846493476179845,1.0200786624337823,-1.0976052986877676,5.427528903647586,0.811268934567209,68441000.0,0.3488328673894478,442.65,74.45949969387132,6.854559885402623,6.560000000000002,110303100.0,1.8452917812626985,70591600.0,8,1,0,1
2023-08-30,0.0041247920512295,1.1480080597053963,-0.1688454404629649,34.44299036819103,86.03142076502724,69053900.0,74.29645183132683,5.210122625986098,0.9878223616618969,0.004118799536913187,0.30000000000001137,0.6427241304570013,0.0249250028441976,0.0180123242218359,11.370000000000005,11.670000000000016,69.34651825878036,69905180.0,0.0041187995369131,30,1.3778495331771694,0.8790781218890125,-0.3691521850411732,3.623033259566701,1.0527535566366686,83081900.0,-0.1688454404629649,449.51,69.90404600364158,6.571377036445297,11.550000000000011,114121300.0,1.8637314167157548,58357500.0,8,2,0,0
2023-08-31,-0.001475194044755,0.7180834939549706,-0.0429997436784888,34.803211750352055,83.77732240437159,66084600.0,64.9585411507728,5.5882937169320845,0.9576953610367432,-0.0014633821866476548,7.32000000000005,0.811268934567209,0.0170984605920117,0.0308086703746939,14.060000000000002,12.200000000000044,68.5377099046147,69003780.0,-0.0014633821866476,31,1.8452917812626985,0.6071907746125031,0.1539281995541728,3.3295525224761153,0.9878223616618969,69053900.0,-0.0429997436784888,451.65,76.24447106178246,6.292707248127772,-1.829999999999984,70591600.0,1.1992227638358859,68441000.0,8,3,0,1
2023-09-01,0.0018637634384162,0.6427241304570013,-0.1090859292482666,35.20781284325371,86.64617486338791,58875700.0,68.37514142696166,5.702354776759983,0.851944697110672,0.0018652159431553628,2.0299999999999727,1.0527535566366686,0.0045133614448906,0.025501738754915,14.689999999999998,8.160000000000025,69.0327536641064,69107420.0,0.0018652159431553,1,1.8637314167157548,0.36186148172119914,0.6274079515926019,3.402634273607279,0.9576953610367432,66084600.0,-0.1090859292482666,453.17,74.29645183132683,6.128228158975788,0.4800000000000182,58357500.0,1.0200786624337823,83081900.0,9,4,0,0
2023-09-05,-0.0043104426143969,0.811268934567209,-0.0630056203153422,35.47822224644203,77.65916889058326,55166200.0,69.34651825878036,5.626619766790569,0.8301603883437875,-0.004321904297524326,-1.7699999999999818,0.9878223616618969,-0.0039218732207357,0.014635468425332,9.900000000000034,12.350000000000025,66.42003661981585,66452460.0,-0.0043219042975243,5,1.1992227638358859,-0.03283720784086874,0.8396509715475986,0.9567392538852887,0.851944697110672,58875700.0,-0.0630056203153422,450.73,64.9585411507728,5.8347832904775165,6.210000000000036,68441000.0,0.8790781218890125,69053900.0,9,1,0,0
2023-09-06,-0.006721501970881,1.0527535566366686,0.2826422700856683,34.67529701105814,64.3802647412756,70758500.0,68.5377099046147,5.056992518619386,1.105812703613096,-0.006722464606891632,-4.1299999999999955,0.9576953610367432,-0.0091681811468617,-0.0065455516965001,8.07000000000005,6.25,62.47628638030984,63987780.0,-0.0067224646068916,6,1.0200786624337823,-0.5686770416005285,0.7610419305260621,2.0391591404120226,0.8301603883437875,55166200.0,0.2826422700856683,448.4,68.37514142696166,5.805870198300552,-2.9399999999999977,83081900.0,0.6071907746125031,66084600.0,9,2,0,0
2023-09-07,-0.0030738174978207,0.9878223616618969,-0.0056968420755103,33.73351339290345,52.34774523477463,70355400.0,69.0327536641064,4.97096503039124,1.0950584048581686,-0.003070234413518058,-6.339999999999975,0.851944697110672,-0.0141057620830987,-0.0136582337420455,1.82000000000005,2.090000000000032,60.71510001502514,64248080.0,-0.003070234413518,7,0.8790781218890125,-1.0582965253573366,0.5838862211157902,2.7222509068650935,1.105812703613096,70758500.0,-0.0056968420755103,443.11,69.34651825878036,5.639022326993371,-6.159999999999968,69053900.0,0.36186148172119914,58875700.0,9,3,0,1
2023-09-08,0.0014956281638287,0.9576953610367432,-0.1235967672701739,33.048861946811435,55.46257554625746,61659700.0,66.42003661981585,3.791136006827271,0.9731168456088796,0.0015061256603348117,-3.7200000000000273,0.8301603883437875,-0.008299691304873,-0.0107249916731432,8.629999999999995,-3.640000000000043,61.2898172851224,63363100.0,0.0015061256603348,8,0.6071907746125031,-1.3606792207323117,0.4902868907103084,2.700875783876286,1.0950584048581686,70355400.0,-0.1235967672701739,444.9,68.5377099046147,5.420520732208133,-4.830000000000041,66084600.0,-0.03283720784086874,55166200.0,9,4,0,1
2023-09-11,0.0065709362435382,0.851944697110672,-0.0239962244383283,32.615470357805954,64.75887652358223,60180100.0,62.47628638030984,2.8749309170515,0.9458713522794393,0.006576584665110463,2.2299999999999613,1.105812703613096,0.0049927469095462,-0.0060728296283162,8.479999999999961,-2.5600000000000023,63.7849582539134,63623980.0,0.0065765846651104,11,0.36186148172119914,-1.3825249405645454,0.6395149151424562,1.8998499940601072,0.9731168456088796,61659700.0,-0.0239962244383283,448.24,69.0327536641064,5.265483537050409,-2.740000000000009,58875700.0,-0.5686770416005285,70758500.0,9,0,0,0
2023-09-12,-0.0054780762822123,0.8301603883437875,0.1227199688933717,31.98173651415369,43.521388716676896,67565400.0,60.71510001502514,2.374254502888331,1.0221103712311936,-0.005485561378079984,1.1399999999999864,1.0950584048581686,0.0025884881251546,-0.0072344403882111,3.230000000000018,-4.360000000000014,60.2722701841905,66103820.0,-0.0054855613780799,12,-0.03283720784086874,-1.5682164842806596,0.5576905477870469,1.3593858907356633,0.9458713522794393,60180100.0,0.1227199688933717,446.95,66.42003661981585,5.11366328440395,-3.25,55166200.0,-1.0582965253573366,70355400.0,9,1,0,1
2023-09-13,0.0011705033164262,1.105812703613096,-0.1090217774186196,31.324139267564266,46.3124999999998,60199300.0,61.2898172851224,2.402670042551444,0.9407319479722303,0.0011659454247852086,0.9900000000000091,0.9731168456088796,0.0022633632777521,0.000649903634978,-2.650000000000034,-4.680000000000007,60.76414809149004,63991980.0,0.0011659454247852,13,-0.5686770416005285,-1.6531182378618894,0.527911450311592,1.3663015772263092,1.0221103712311936,67565400.0,-0.1090217774186196,446.22,62.47628638030984,4.936258764089382,0.2899999999999636,70758500.0,-1.3606792207323117,61659700.0,9,2,0,1
2023-09-14,0.0086195039200402,1.0950584048581686,0.385909802937908,31.176219340776708,77.28208647906655,83430800.0,63.7849582539134,2.3174593368209413,1.2525819335067483,0.008622427269266097,1.910000000000025,0.9458713522794393,0.0043119309542541,0.0123861975946948,-0.6499999999999773,1.1200000000000043,64.28949329561736,66607060.0,0.008622427269266,14,-1.0582965253573366,-1.4541156020246717,0.7985071836250199,2.0107784562028086,0.9407319479722303,60199300.0,0.385909802937908,449.07,60.71510001502514,4.910097423797282,5.509999999999991,70355400.0,-1.3825249405645454,60180100.0,9,3,0,0
2023-09-18,0.0005751357320327,0.9731168456088796,-0.1083043577005876,29.917023882136714,31.09128345916249,55752200.0,60.2722701841905,124.28876530975052,0.8521470813547488,-0.014943600675015545,-2.3600000000000136,1.0221103712311936,-0.0114708663589714,0.5883637665592552,-13.170000000000016,30.620000000000005,54.988497749131334,65425560.0,0.5899007275203385,18,-1.3606792207323117,-1.7594759016454198,0.3865813717733886,2.5499254890937477,1.2525819335067483,83430800.0,-0.5011497708511168,443.05,61.2898172851224,5.116519036383191,-1.8899999999999864,61659700.0,-1.5682164842806596,67565400.0,9,0,1,0
2023-09-28,0.005793631793153,0.9458713522794393,-0.5708772572848951,29.324158609551187,12.673611111111027,92258300.0,60.76414809149004,98.19866210901256,1.284197647032622,-0.034059914793859725,-17.99000000000001,0.9407319479722303,-0.0085009297884084,0.9656880733944952,50.06,10.96999999999997,40.73816561824731,71841200.0,0.7054843588314892,28,-1.3825249405645454,-2.8957354478940864,-4.124356464120922,8.448329420656902,0.8521470813547488,55752200.0,-0.1188807114792113,425.48,63.7849582539134,6.091053390927248,-19.930000000000007,60180100.0,-1.6531182378618894,60199300.0,9,3,1,1
2023-10-17,-4.678472011032664e-05,1.0221103712311936,0.2516546167254623,27.648778069835206,38.715277777777686,75324700.0,64.28949329561736,112.46119686856944,1.0263191097359887,0.01750210025203014,-14.340000000000032,1.2525819335067483,0.0054859570516445,1.102314368370299,149.44,224.58,47.948681660263205,73393060.0,-0.0277176942802988,17,-1.5682164842806596,-3.043704595991315,-1.175895071608636,8.73837914031775,1.284197647032622,92258300.0,-0.0014383587067763,432.81,60.2722701841905,6.343121005861017,-9.970000000000027,67565400.0,-1.4541156020246717,83430800.0,10,1,1,0
2023-10-25,-0.0143500349119976,0.9407319479722303,-0.3381389565962588,27.53379513360939,1.4461118690314572,94223200.0,54.988497749131334,86.44733852339125,1.1748845106052732,-0.04236044218155122,-26.079999999999984,0.8521470813547488,-0.0085249396036016,0.0233566982010686,200.46,-38.00999999999999,36.250964051028696,80197840.0,0.0631444939528962,25,-1.6531182378618894,-4.214883192535593,-3.644725186645303,12.822894758982862,1.0263191097359887,75324700.0,0.1993147005888178,421.89,60.76414809149004,7.247183791156658,-28.95999999999998,60199300.0,-1.7594759016454198,55752200.0,10,2,1,1
2023-11-24,0.0006276619592018,1.2525819335067483,-0.4993273833275248,26.716880769725947,99.4802494802495,29737400.0,40.73816561824731,5.462628183092744,0.42812783799861676,0.09040833433121787,26.78000000000003,1.284197647032622,0.0022976200430782,0.0112609110898873,21.46000000000004,6.569999999999993,58.523221012987804,69459160.0,0.0006153575667005,24,-1.4541156020246717,-2.3685588999856106,6.854690825660725,14.377518214210284,1.1748845106052732,94223200.0,-0.4993273833275248,455.07,64.28949329561736,9.440242091788324,4.939999999999998,83430800.0,-2.8957354478940864,92258300.0,11,4,0,0
2023-11-27,-0.0018145974282002,0.8521470813547488,0.69839999461957,25.90092658527109,97.3492723492724,50506000.0,47.948681660263205,4.552770218967911,0.7382847399909253,-0.0018010103228640606,18.460000000000036,1.0263191097359887,0.0026610359074952,0.008185629672353,13.870000000000005,4.800000000000011,58.048798356624005,68409920.0,-0.001801010322864,27,-1.7594759016454198,-1.1837584942224648,6.874794295542756,16.448209021043745,0.42812783799861676,29737400.0,0.69839999461957,454.65,54.988497749131334,8.866653370946302,10.850000000000023,55752200.0,-3.043704595991315,75324700.0,11,0,0,1
2023-11-28,0.0009874991583813,1.284197647032622,0.2298538787470796,25.196888484738444,96.58598726114657,62115000.0,36.250964051028696,2.531202832219161,0.9957317309717694,0.00099014258053165,37.379999999999995,1.1748845106052732,-0.000199436310617,0.0014749262536872,14.740000000000007,4.699999999999989,58.24882564167746,62381260.0,0.0009901425805316,28,-2.8957354478940864,-0.3919511818033854,6.847299358321607,16.730783902732576,0.7382847399909253,50506000.0,0.2298538787470796,454.08,40.73816561824731,8.431178130164422,26.410000000000025,92258300.0,-4.214883192535593,94223200.0,11,1,0,0
2023-11-29,-0.0006950516804555,1.0263191097359887,0.0165982451903727,24.689913963107465,91.01694915254242,63146000.0,58.523221012987804,2.1719732451932194,1.0533898112819773,-0.0007034049194380998,-0.6899999999999977,0.42812783799861676,-0.0015221499502744,0.0029562953647936,5.879999999999996,3.819999999999993,58.03690598839927,59945520.0,-0.000703404919438,29,-3.043704595991315,0.06378156041974403,6.722996494591996,16.675135081909502,0.9957317309717694,62115000.0,0.0165982451903727,457.15,47.948681660263205,8.123236835152678,18.590000000000032,75324700.0,-2.3685588999856106,29737400.0,11,2,0,1
2023-11-30,0.003926407897689,1.1748845106052732,0.262988946251544,24.12689406075137,95.35108958837769,79752700.0,58.048798356624005,1.972727666076274,1.397909114269198,0.0039374408833945385,1.919999999999959,0.7382847399909253,0.0042188553756148,0.0030328337215945,6.71999999999997,2.1399999999999864,58.93686737180042,57051420.0,0.0039374408833945,30,-4.214883192535593,0.41948890905779557,6.68859400597654,0.7703440789123945,1.0533898112819773,63146000.0,0.262988946251544,455.48,36.250964051028696,7.787291346927488,38.849999999999966,94223200.0,-1.1837584942224648,50506000.0,11,3,0,1
2023-12-01,0.0059224494356913,0.42812783799861676,0.1171772240939805,23.83032815310144,98.70982875908994,89097900.0,58.24882564167746,2.1138127742314228,1.292706756706564,0.005915863277826672,4.170000000000016,0.9957317309717694,0.0091538056529247,0.0083461453986382,8.870000000000005,5.830000000000041,60.319260438715595,68923520.0,0.0059158632778266,1,-2.3685588999856106,0.7509734858130663,6.796813207135699,1.9436640656024176,1.397909114269198,79752700.0,0.1171772240939805,455.77,58.523221012987804,7.551770536432664,3.8000000000000114,29737400.0,-0.3919511818033854,62115000.0,12,4,0,0
2023-12-04,-0.0052432792712731,0.7382847399909253,-0.1870638926394449,23.456396854012617,93.05653295801085,72430900.0,58.03690598839927,1.634218807617692,0.9880286733462014,-0.005249401001960363,2.079999999999984,1.0533898112819773,0.0046055780621072,0.0048627002288328,5.899999999999977,1.670000000000016,58.42847612512284,73308500.0,-0.0052494010019603,4,-1.1837584942224648,0.7220788465705965,6.615881661523758,1.783572258113863,1.292706756706564,89097900.0,-0.1870638926394449,455.6,58.048798356624005,7.353786926687476,2.2099999999999795,50506000.0,0.06378156041974403,63146000.0,12,0,0,0
2023-12-05,-0.0002010095144504,0.9957317309717694,-0.0364126360434565,23.109174933430143,92.84541402768015,69793500.0,58.93686737180042,1.6193551528839112,0.9325171489574342,-0.00019707022268933283,0.20000000000004547,1.397909114269198,0.0004781606499677,0.0036708944233179,2.340000000000032,1.3000000000000114,58.35491073509918,74844200.0,-0.0001970702226893,5,-0.3919511818033854,0.6152314174858127,6.391552027081048,1.5989215114923,0.9880286733462014,72430900.0,-0.0364126360434565,455.26,58.24882564167746,7.022802146209797,1.670000000000016,62115000.0,0.41948890905779557,79752700.0,12,1,0,0
2023-12-06,-0.0040209985479726,1.0533898112819773,-0.0095825542493211,22.902614757623308,88.52920478536245,69124700.0,60.319260438715595,1.4351263978613558,0.909057792523245,-0.004029785370127104,-4.340000000000032,1.292706756706564,-0.0094652873336962,0.0003299531466531,1.490000000000009,0.2799999999999727,56.78088744151854,76039940.0,-0.0040297853701271,6,0.06378156041974403,0.3520426601840052,5.999367247650696,1.551064150805111,0.9325171489574342,69793500.0,-0.0095825542493211,458.81,58.03690598839927,6.844744850051952,0.14999999999997726,63146000.0,0.7509734858130663,89097900.0,12,2,0,1
2023-12-07,0.0076258831445552,1.397909114269198,-0.0308037503236904,22.716672584109812,96.66901243255933,66995400.0,58.42847612512284,1.5941908431883467,0.911644927204917,0.007630398451930809,1.5400000000000205,0.9880286733462014,0.0034038750821321,0.0040096406660825,3.2100000000000364,3.300000000000012,59.025511541662866,73488480.0,0.0076303984519308,7,0.41948890905779557,0.34272839518558307,5.8949561840212255,1.6709069393333045,0.909057792523245,69124700.0,-0.0308037503236904,456.91,58.93686737180042,6.651548789333954,1.830000000000041,79752700.0,0.7220788465705965,72430900.0,12,3,0,1
2023-12-08,0.0042960489705063,1.292706756706564,0.2400985739319416,22.73209076088026,98.74228218614222,83080900.0,58.35491073509918,2.015054451995324,1.149350599044782,0.004299151081334607,3.599999999999966,0.9325171489574342,0.0079009335670889,0.002395992158571,4.899999999999977,5.589999999999975,60.286545768811656,72285080.0,0.0042991510813346,8,0.7509734858130663,0.39651836969296284,5.899933770248538,2.0364503430999297,0.911644927204917,66995400.0,0.2400985739319416,457.46,60.319260438715595,6.42929530438153,1.099999999999966,89097900.0,0.6152314174858127,69793500.0,12,4,0,1
2023-12-11,0.0038787180282813,0.9880286733462014,-0.2176035647182445,22.892743102126463,99.60132890365448,65002200.0,56.78088744151854,2.4824201900690936,0.9181187282254326,0.003889613211647047,7.230000000000018,0.909057792523245,0.0158006501433429,0.0116052464472617,7.509999999999991,5.590000000000032,61.44755779151388,70799340.0,0.003889613211647,11,0.7220788465705965,0.4746501745838536,5.976199015637519,2.8564365912636998,1.149350599044782,83080900.0,-0.2176035647182445,459.69,58.42847612512284,6.162917068354277,5.300000000000011,72430900.0,0.3520426601840052,69124700.0,12,0,0,1
2023-12-12,0.0045702426423508,0.9325171489574342,0.0511582684893741,23.252599146251153,99.78804578211113,68327600.0,59.025511541662866,3.1044870751967766,0.9691011395316381,0.004567198424208385,5.8700000000000045,0.911644927204917,0.0127450096411385,0.0164257555847568,9.170000000000016,5.0,62.82711412675629,70506160.0,0.0045671984242083,12,0.6152314174858127,0.5832829975222777,6.132974361561821,3.5810934084310015,0.9181187282254326,65002200.0,0.0511582684893741,461.63,58.35491073509918,5.979851563471827,7.5,69793500.0,0.34272839518558307,66995400.0,12,1,0,1
2023-12-13,0.0138021978021978,0.909057792523245,0.36515844256201,24.20633388256862,98.50746268656722,93278000.0,60.286545768811656,4.687242852212941,1.2381462344707408,0.013790131437190212,10.300000000000011,1.149350599044782,0.0222511584728299,0.0346116632949247,15.889999999999986,13.810000000000002,66.71744392381444,75336820.0,0.0137901314371902,13,0.3520426601840052,0.9777869134247581,6.686881263792316,4.718922546503911,0.9691011395316381,68327600.0,0.36515844256201,464.49,56.78088744151854,6.028433594652408,15.740000000000009,69124700.0,0.39651836969296284,83080900.0,12,2,0,1
2023-12-14,0.0032084634061742,0.911644927204917,0.4958671557963501,25.3429461229402,91.56449239823431,119026000.0,61.44755779151388,140.9022997249435,1.3881726005662973,0.0032093517534537153,10.019999999999982,0.9181187282254326,0.0215809038507228,1.246276114786085,261.94,43.49000000000001,67.57955025230385,85742940.0,0.6492889339250147,14,0.34272839518558307,1.2164917947653349,7.162712810966752,5.230014340314819,1.2381462344707408,93278000.0,0.2760350779390639,472.5,59.025511541662866,5.91783119503438,13.779999999999973,66995400.0,0.4746501745838536,65002200.0,12,3,0,0
2023-12-15,-0.0016423199930849,1.149350599044782,0.1872977332683616,26.045177417710953,78.42079450711121,141319300.0,62.82711412675629,6.288180181902305,1.4510565801922197,-0.0056778458083515115,5.229999999999961,0.9691011395316381,0.015368341215287,0.0198392003476748,10.22999999999996,14.569999999999991,64.39156942267971,97390620.0,-0.0056778458083515,15,0.39651836969296284,1.0748629129830665,7.393262167744808,4.317757519812312,1.3881726005662973,119026000.0,0.1872977332683616,469.49,60.286545768811656,5.822271823960494,9.129999999999995,83080900.0,0.5832829975222777,68327600.0,12,4,0,1
2024-01-10,0.0056379694735035,0.9181187282254326,-0.0970849693016991,27.269275417112063,96.30858564910831,67310600.0,66.71744392381444,59.06721609977848,0.6878795899534298,0.01540493895553241,6.060000000000002,1.2381462344707408,0.0184033114578536,-0.1854371421246047,-133.82,-117.68,68.68357927010746,97852300.0,-0.045964125560538,10,0.4746501745838536,1.332255835210436,4.799234033504092,4.50922942418005,1.4510565801922197,141319300.0,0.0209187124799412,474.16,61.44755779151388,5.986395265106173,14.569999999999993,65002200.0,0.9777869134247581,93278000.0,1,2,1,1
2024-02-15,0.0069073719385468,0.9691011395316381,-0.1586165316717455,29.73656934788247,99.61113385182153,61683000.0,67.57955025230385,109.69380910820216,0.639047244304955,0.05340355883834147,30.0,1.3881726005662973,0.0022266601186815,0.269465166266279,292.27,121.36,78.5050804581324,96523380.0,1.3140499677330135,15,0.5832829975222777,2.985976285771075,6.5387910905078,13.654844195371819,0.6878795899534298,67310600.0,-0.098040878636248,499.29,62.82711412675629,7.390224174741446,37.90999999999997,68327600.0,1.2164917947653349,119026000.0,2,3,1,1
2024-02-29,0.0035918531152803,1.2381462344707408,0.4852211954001832,32.29255129612223,97.00523182392202,83924800.0,64.39156942267971,4.517280401119214,0.8866600163925524,0.012091392601740969,38.75,1.4510565801922197,0.0041364042626267,0.0011428571428571,9.509999999999993,11.319999999999991,80.107515285015,94652740.0,0.0035949907162327,29,0.9777869134247581,4.184605052327061,6.2246312296665565,18.06765812162351,0.639047244304955,61683000.0,0.4852211954001832,508.07,66.71744392381444,7.414493876545629,37.579999999999984,93278000.0,1.0748629129830665,141319300.0,2,3,0,1
2024-03-01,0.0093973687367536,1.3881726005662973,-0.0848247478695213,34.78155160983013,99.25398440149213,76805900.0,68.68357927010746,5.274503030839644,0.8909295950572054,0.00938828530940028,36.29000000000002,0.6878795899534298,0.0116666030668394,0.0098454267992518,10.840000000000032,15.640000000000043,81.28804797621771,86208720.0,0.0093882853094002,1,1.2164917947653349,4.942656543021249,6.519210015530348,19.55899869624864,0.8866600163925524,83924800.0,-0.0848247478695213,508.98,67.57955025230385,7.25703002822094,40.84000000000003,119026000.0,1.332255835210436,67310600.0,3,4,0,0
2024-03-04,-0.0010894540844622,1.4510565801922197,0.2018423681936876,37.1227885646462,96.82751711471016,49799300.0,78.5050804581324,149.85584547231468,0.7333702281667607,-0.0010724383347958666,10.289999999999964,0.639047244304955,0.0118997677675717,-0.1557210896685839,99.28999999999996,296.52,80.69340537102569,67904720.0,-0.1167393665626455,4,1.0748629129830665,5.034049135274419,6.631837725075741,15.060914646854716,0.8909295950572054,76805900.0,-0.3516214249165754,512.03,64.39156942267971,6.895813597633733,42.96999999999997,141319300.0,2.985976285771075,61683000.0,3,0,0,0
2024-03-05,-0.0099942493406571,0.6878795899534298,0.4629844194597112,38.136835164511865,88.27851060277169,72855600.0,80.107515285015,4.23527842454889,1.0556683511626384,-0.009994144056217014,-0.8999999999999773,0.8866600163925524,-0.0016863346883657,0.0004931647367487,10.420000000000016,-0.6700000000000159,75.17995648514015,69013720.0,-0.009994144056217,5,1.332255835210436,4.3996815546993755,6.24245102771016,4.398866899536055,0.7333702281667607,49799300.0,0.4629844194597112,510.24,68.68357927010746,6.931112626374175,30.620000000000005,67310600.0,4.184605052327061,83924800.0,3,1,0,1
2024-03-06,0.0050676014021031,0.639047244304955,-0.0613981629414897,39.14719123041283,92.31566223450174,68382400.0,81.28804797621771,2.4046087693116123,0.9719815332833004,0.005067234512401875,-3.1000000000000227,0.8909295950572054,-0.0060161020230162,0.0068936909888199,12.54000000000002,3.759999999999991,76.06402176749377,70353600.0,0.0050672345124018,6,2.985976285771075,3.824406225453723,6.068060298689147,2.5054281070969826,1.0556683511626384,72855600.0,-0.0613981629414897,510.55,78.5050804581324,6.785318867347451,7.740000000000009,61683000.0,4.942656543021249,76805900.0,3,2,0,1
2024-03-07,0.0099445972338474,0.8866600163925524,-0.1422924612180912,40.27637709520102,98.15950920245392,58652100.0,80.69340537102569,3.090577076661275,0.8982074167683272,0.0099264345267287,2.509999999999991,0.7333702281667607,0.0050179492952934,0.0132459455203903,7.309999999999945,7.879999999999939,77.74481785093177,65299060.0,0.0099264345267287,7,4.184605052327061,3.4665150454109437,6.260340379385639,2.960957615338216,0.9719815332833004,68382400.0,-0.1422924612180912,513.14,80.107515285015,6.739224662536918,6.729999999999961,83924800.0,5.034049135274419,49799300.0,3,3,0,0
2024-03-08,-0.0060185093829546,0.8909295950572054,0.4735278020735831,41.439132231448426,88.93617021276596,86425500.0,75.17995648514015,3.144575753068205,1.285654102213261,-0.006002214409199347,4.5400000000000205,1.0556683511626384,0.0089936892529959,-0.0022033733060349,3.870000000000005,5.460000000000036,74.31302222732776,67222980.0,-0.0060022144091993,8,4.942656543021249,2.735622436596417,6.096339412644852,2.8619870719186897,0.8982074167683272,58652100.0,0.4735278020735831,515.46,81.28804797621771,6.764280043784283,-1.1299999999999955,76805900.0,4.3996815546993755,72855600.0,3,4,0,0
2024-03-11,-0.0008536488525371,0.7333702281667607,-0.27617196313588,42.05621171240029,87.95557098229771,62557200.0,76.06402176749377,2.90831451762899,0.8965617267955541,-0.0008598452278590907,1.5299999999999727,0.9719815332833004,0.0030724389983556,-0.0019910208861994,5.289999999999964,3.1999999999999886,73.81337451137532,69774560.0,-0.000859845227859,11,5.034049135274419,1.9721361289873478,5.864072679014384,2.7952763727098713,1.285654102213261,86425500.0,-0.27617196313588,510.48,80.69340537102569,6.5225457549425485,-1.0199999999999818,49799300.0,3.824406225453723,68382400.0,3,0,0,1
2024-03-12,0.0107492698046851,1.0556683511626384,0.1687607501614523,42.93312951236493,97.33826247689453,73114400.0,77.74481785093177,3.344658926326011,1.0470894069743328,0.01075731497418242,1.9700000000000273,0.8982074167683272,0.0038771115691933,0.0189281911747307,9.849999999999966,3.92999999999995,75.98679523195769,69826320.0,0.0107573149741824,12,4.3996815546993755,1.6028259621817504,6.046837230397784,2.8564260886336377,0.8965617267955541,62557200.0,0.1687607501614523,513.45,75.17995648514015,6.522363915303793,9.599999999999966,72855600.0,3.4665150454109437,58652100.0,3,1,0,0
2024-03-13,-0.0015529781796735,0.9719815332833004,-0.2463304082369547,43.74741032661781,95.56999409332545,55104100.0,74.31302222732776,3.1889420049964508,0.8203596629838087,-0.0015673981191220987,4.25,1.285654102213261,0.0083426427724744,0.0122020598332517,9.710000000000036,3.6700000000000728,74.9995390250743,67170660.0,-0.001567398119122,13,3.824406225453723,1.0935949898953101,6.058099061477094,2.4899538147975924,1.0470894069743328,73114400.0,-0.2463304082369547,517.11,76.06402176749377,6.256480778496376,6.220000000000027,68382400.0,2.735622436596417,86425500.0,3,2,0,0
2024-03-14,-0.0019885412769979,0.8982074167683272,0.9993394320930749,43.99876862840335,93.56172474896637,110171800.0,73.81337451137532,2.9655670246848125,1.4220376742829264,-0.0019768591197162344,3.6700000000000728,0.8965617267955541,0.0072077503480135,0.0002719449894137,6.870000000000061,7.770000000000039,73.70097074899721,77474600.0,-0.0019768591197162,14,3.4665150454109437,0.5074648628862857,5.917314466892776,2.5005299437969306,0.8203596629838087,55104100.0,0.9993394320930749,516.97,77.74481785093177,6.188875008603778,0.14000000000010004,58652100.0,1.9721361289873478,62557200.0,3,3,0,0
2024-03-15,-0.0068652594200038,1.285654102213261,-0.02347243123921,43.55935418794753,81.08229988726035,107585800.0,75.98679523195769,3.1057296512714347,1.3167323202294647,-0.009942712884746241,-6.949999999999989,1.0470894069743328,-0.0104067788766754,-0.0036934260923943,-3.0200000000000387,0.079999999999984,67.39318877983878,81706660.0,-0.0099427128847462,15,2.735622436596417,-0.35894729145117843,5.461972525644114,3.0420338590859934,1.4220376742829264,110171800.0,-0.02347243123921,510.21,74.31302222732776,6.234669650846368,-1.8900000000000432,86425500.0,1.6028259621817504,73114400.0,3,4,0,1
2024-04-03,0.0010930668332291,0.8965617267955541,-0.8833780882308584,43.803521550384126,93.04740406320506,59155800.0,74.9995390250743,134.8807003573489,0.7300807465420521,0.01879057725124067,3.439999999999941,0.8203596629838087,-0.0070109513052077,0.1524261720396706,-74.76999999999998,19.889999999999983,72.18936001150666,81026380.0,1.7409498680738786,3,1.9721361289873478,-0.4166782621399463,4.969483687526804,3.5190936332844993,1.3167323202294647,107585800.0,-0.2030774495051212,517.72,73.81337451137532,6.583621818643061,8.129999999999995,62557200.0,1.0935949898953101,55104100.0,4,2,1,0
2024-04-17,-0.0059131134352373,1.0470894069743328,0.416982442255067,41.501658371799174,6.550618415025213,75910300.0,73.70097074899721,110.17043079802431,0.9304379353405186,-0.03631042914075577,-14.400000000000034,1.4220376742829264,-0.0202690122597452,1.3073199963123443,305.0,64.31,55.02862531858979,81585560.0,0.7122772209489276,17,1.6028259621817504,-1.778541845725881,-1.1155973349090686,7.3328384681395775,0.7300807465420521,59155800.0,0.0330180719612431,506.05,75.98679523195769,7.562648831597125,-16.22999999999996,73114400.0,0.5074648628862857,110171800.0,4,2,1,1
2024-05-28,0.0006886130186116,0.8203596629838087,-0.1209159831694879,40.96550079193515,97.76999044281604,36269600.0,67.39318877983878,2.364838730729016,0.4660784444245121,0.058455698731395334,19.97999999999996,1.3167323202294647,1.0635300522476854e-05,-0.0004716447194657,8.899999999999977,1.1199999999998909,67.81259994757491,77818660.0,0.0006988516168024,28,1.0935949898953101,-0.8114597068696519,5.217358422893767,10.888957709524977,0.9304379353405186,75910300.0,-0.1209159831694879,530.27,74.9995390250743,9.162459629340187,13.839999999999918,55104100.0,-0.35894729145117843,107585800.0,5,1,0,0
2024-05-29,-0.0069960814298002,1.4220376742829264,0.245955290380925,40.28403275017172,85.95093978974205,45190300.0,72.18936001150666,1.7245727329530405,0.6971406162935135,-0.007002510333893097,6.690000000000055,0.7300807465420521,0.0003161957844404,-0.0098991267690454,2.800000000000068,-3.3500000000000227,65.27872222715186,64822360.0,-0.007002510333893,29,0.5074648628862857,-0.5375544473643998,4.816626099762061,11.985695641047313,0.4660784444245121,36269600.0,0.245955290380925,525.68,73.70097074899721,8.825141084387313,11.149999999999977,110171800.0,-0.4166782621399463,59155800.0,5,2,0,0
2024-05-30,-0.0066411287993994,1.3167323202294647,0.0282848310367489,39.22155906559605,74.83274928321127,46468500.0,55.02862531858979,2.63604269905564,0.8834500341261889,-0.006633719825128281,22.060000000000002,0.9304379353405186,-0.012948597210588,-0.0136270124379518,-7.169999999999959,-7.449999999999932,62.89779099977766,52598900.0,-0.0066337198251282,30,-0.35894729145117843,-0.6972125117173498,4.172558027795617,11.384712556749825,0.6971406162935135,45190300.0,0.0282848310367489,524.52,67.39318877983878,8.535488149788218,12.78000000000003,107585800.0,-1.778541845725881,75910300.0,5,3,0,1
2024-05-31,0.0091078210991397,0.7300807465420521,0.9537062741426988,37.92172001511218,89.9968142720612,90785800.0,67.81259994757491,2.649085586495416,1.5407035056487155,0.00910813034576452,-2.439999999999941,0.4660784444245121,-0.0045293891300599,0.0026808122290666,-1.32000000000005,-3.990000000000009,64.78437775817412,58924900.0,0.0091081303457645,31,-0.4166782621399463,-0.592165313549831,3.995324546593338,11.880476421415736,0.8834500341261889,46468500.0,0.9537062741426988,523.59,72.18936001150666,8.578667567660487,7.960000000000036,59155800.0,-0.8114597068696519,36269600.0,5,4,0,1
2024-06-03,0.0008257479740367,0.9304379353405186,-0.4841076467905774,36.841292844484094,91.36667728575968,46835700.0,65.27872222715186,2.613657292870972,0.8818625049378667,0.0008153668202588449,1.6999999999999318,0.6971406162935135,0.003292440273777,-0.0030976125717741,-1.650000000000091,-2.0300000000000864,64.9577244273527,53109980.0,0.0008153668202588,3,-1.778541845725881,-0.6016935525360427,3.845237636288516,2.6651397711582163,1.5407035056487155,90785800.0,-0.4841076467905774,529.02,55.02862531858979,8.445191312827589,27.249999999999943,75910300.0,-0.5375544473643998,45190300.0,6,0,0,1
2024-06-04,0.0011128806339582,0.4660784444245121,-0.2605491110413638,35.83803904318658,93.24625676967186,34632700.0,62.89779099977766,2.5215517709272595,0.6561385759701114,0.001117847669571903,5.779999999999973,0.8834500341261889,0.0110464497071347,-0.0026802061116248,-1.669999999999959,2.42999999999995,65.21076678809933,52782600.0,0.0011178476695719,4,-0.8114597068696519,-0.6709537622756514,3.7300956109922936,2.3076243194700528,0.8818625049378667,46835700.0,-0.2605491110413638,526.46,67.81259994757491,8.141249076197044,-1.419999999999959,36269600.0,-0.6972125117173498,46468500.0,6,1,0,1
2024-06-05,0.0118830857690466,0.6971406162935135,0.3747238881172996,35.31324828735818,99.94377284228256,47610400.0,64.78437775817412,3.165932546505383,0.8938130483969134,0.011885160582145726,7.2999999999999545,1.5407035056487155,0.0138217143770416,0.0162896787682949,3.309999999999945,5.2299999999999045,67.87026888230659,53266620.0,0.0118851605821457,5,-0.5375544473643998,-0.4093703329745111,4.091963305008221,4.300839452921711,0.6561385759701114,34632700.0,0.3747238881172996,530.77,65.27872222715186,8.009731285040116,8.569999999999936,45190300.0,-0.592165313549831,90785800.0,6,2,0,0
2024-06-06,-1.894118761247565e-05,0.8834500341261889,-0.3529039873641053,34.87885748136879,97.90633608815429,30808500.0,64.9577244273527,3.7560216837795553,0.6145154785256176,-1.8703125292174327e-05,6.860000000000014,0.8818625049378667,0.0129770252153923,0.0230573467786685,4.829999999999927,4.850000000000023,67.86137271053141,50134620.0,-1.8703125292174327e-05,6,-0.6972125117173498,-0.354613223456278,4.328048098838281,3.7484356736918634,0.8938130483969134,47610400.0,-0.3529039873641053,534.98,62.89779099977766,7.633321907537251,12.049999999999955,46468500.0,-0.6016935525360427,46835700.0,6,3,0,0
2024-06-07,-0.0012122589688223,1.5407035056487155,0.4030056640212929,34.58656174719438,92.37490071485307,43224500.0,65.21076678809933,3.964893721445244,1.0640568396321632,-0.001215725881868801,5.6200000000000045,0.6561385759701114,0.0106518856126117,0.0125907806663252,8.049999999999955,7.909999999999968,67.24438339136071,40622360.0,-0.0012157258818688,7,-0.592165313549831,-0.4723963720252833,4.412638201139998,3.4954441777554996,0.6145154785256176,30808500.0,0.4030056640212929,533.66,64.78437775817412,7.398798914141735,6.639999999999986,90785800.0,-0.6709537622756514,34632700.0,6,4,0,1
2024-06-10,0.0030912194196852,0.8818625049378667,-0.173401658781478,34.31514427974671,96.74344718030177,35729300.0,67.87026888230659,4.418782637801277,0.930424352648415,0.0030898297784685003,0.9900000000000091,0.8938130483969134,0.0018600192632504,0.0148920045471769,6.219999999999914,13.049999999999956,68.0387732955636,38401080.0,0.0030898297784685,10,-0.6016935525360427,-0.544292710759235,4.558654512616954,2.904732345639364,1.0640568396321632,43224500.0,-0.173401658781478,533.18,64.9577244273527,7.114598991703036,7.860000000000014,46835700.0,-0.4093703329745111,47610400.0,6,0,0,1
2024-06-11,0.0024010738661073,0.6561385759701114,0.0183071036936071,34.14901057524973,99.84164687252587,36383400.0,67.86137271053141,4.914343632009038,0.9388968915043191,0.0024082440353956347,2.2900000000000773,0.6145154785256176,0.0042800343169702,0.0162001551884025,7.1400000000001,9.58000000000004,68.67833611901352,38751220.0,0.0024082440353956,11,-0.6709537622756514,-0.6053929669718858,4.7224148191859285,1.1469742803578298,0.930424352648415,35729300.0,0.0183071036936071,534.07,65.21076678809933,6.96069906372425,8.56000000000006,34632700.0,-0.354613223456278,30808500.0,6,1,0,1
2024-06-12,0.0082233119577515,0.8938130483969134,0.738465893786727,34.55524444656154,93.86666666666669,63251300.0,67.24438339136071,5.605774403844823,1.5103201096481802,0.008213055219294052,7.350000000000023,1.0640568396321632,0.013715605243544,0.0125123908205062,15.259999999999993,13.56000000000006,70.82748824395834,41879400.0,0.008213055219294,12,-0.4093703329745111,-0.45603254727959275,5.1447066283873255,2.9201660911327068,0.9388968915043191,36383400.0,0.738465893786727,541.63,67.87026888230659,6.975649130601086,6.690000000000055,47610400.0,-0.4723963720252833,43224500.0,6,2,0,1
2024-06-13,0.0020016462137084,0.6145154785256176,-0.2923323315093918,34.81004604887501,96.28888888888898,44760900.0,68.0387732955636,5.277642150316989,1.0020376146074268,0.002013447613418151,6.790000000000077,0.930424352648415,0.0126260320375672,0.0145700071073207,19.840000000000032,14.06000000000006,71.35073720631684,44669880.0,0.0020134476134181,13,-0.354613223456278,-0.3934244266911051,5.502289024446668,3.6590066957850653,1.5103201096481802,63251300.0,-0.2923323315093918,543.15,67.86137271053141,6.744531335558152,7.790000000000077,30808500.0,-0.544292710759235,35729300.0,6,3,0,1
2024-06-14,0.0006160969325841,1.0640568396321632,-0.1043544700843817,35.04664753673752,94.79813664596261,40089900.0,68.67833611901352,5.268712788203661,0.9102453604389895,0.0006083510000920445,5.829999999999927,0.9388968915043191,0.010841055104044,0.0164229134285873,15.409999999999968,8.110000000000014,71.51730375072654,44042960.0,0.000608351000092,14,-0.4723963720252833,-0.4360777182972768,5.746066810254547,3.301158887390647,1.0020376146074268,44760900.0,-0.1043544700843817,540.88,67.24438339136071,6.474207668732565,8.769999999999982,43224500.0,-0.6053929669718858,36383400.0,6,4,0,1
2024-06-17,0.0079483543548026,0.930424352648415,0.3928570537716482,35.720470313166096,95.26019224395111,55839500.0,70.82748824395834,5.5121805526108885,1.1617497139290545,0.007959025756291815,5.740000000000009,1.5103201096481802,0.0105660975010952,0.0213568308255238,19.300000000000068,12.440000000000056,73.67503163093673,48065000.0,0.0079590257562918,17,-0.544292710759235,-0.2868444798254206,6.2114076189614025,3.6280531969358085,0.9102453604389895,40089900.0,0.3928570537716482,542.08,68.0387732955636,6.506049978108807,11.440000000000055,35729300.0,-0.45603254727959275,63251300.0,6,0,0,1
2024-06-18,0.0025545148272925,0.9388968915043191,-0.2590119897205383,36.35305517018269,99.57038995373432,41376400.0,71.35073720631684,5.361007471665136,0.8433217293472146,0.002540668981904526,6.039999999999964,1.0020376146074268,0.0111189661146793,0.0214917590092187,20.100000000000023,14.480000000000018,74.3483895130787,49063600.0,0.0025406689819045,18,-0.6053929669718858,-0.21149551311111914,6.615291071720776,3.149607912073202,1.1617497139290545,55839500.0,-0.2590119897205383,547.16,68.67833611901352,6.176332122529606,11.539999999999964,36383400.0,-0.3934244266911051,44760900.0,6,1,0,0
2024-06-20,-0.0027141802067947,1.5103201096481802,0.6997177134791814,36.617971145460004,90.176322418136,70328200.0,71.51730375072654,5.463649980667691,1.3932175333178285,-0.002716549071086094,4.220000000000027,0.9102453604389895,0.0077886889753004,0.0104182059997044,12.33000000000004,11.340000000000032,72.21599459584527,50478980.0,-0.002716549071086,20,-0.45603254727959275,-0.3697185246409411,6.739071086598074,2.758193249174725,0.8433217293472146,41376400.0,0.6997177134791814,549.44,70.82748824395834,6.0880226852060675,5.639999999999986,63251300.0,-0.4360777182972768,40089900.0,6,3,0,0
2024-06-21,-0.0013515264843648,1.0020376146074268,-0.0826738065242677,36.41610020849922,79.61482558139528,64513900.0,73.67503163093673,5.057220250968529,1.185272787333652,-0.004552102376599643,-2.590000000000032,1.1617497139290545,-0.001511191863867,0.0037975850308782,9.850000000000025,7.559999999999945,68.67137543142603,54429580.0,-0.0045521023765996,21,-0.3934244266911051,-0.7290206158911339,6.701017581597739,2.2910543423918805,1.3932175333178285,70328200.0,-0.0826738065242677,544.4,71.35073720631684,5.937449636262778,2.0599999999999454,44760900.0,-0.2868444798254206,55839500.0,6,4,0,1
2024-07-23,-0.0015834015834016,0.9102453604389895,-0.49447126570071,37.16697102593444,90.68596601636237,34439600.0,74.3483895130787,143.18851421969737,0.6461521604697378,0.017024480725790214,5.289999999999964,0.8433217293472146,0.0021016320957945,0.2923084103425744,335.78,269.1,73.8227712666005,53299520.0,0.96990608992601,23,-0.4360777182972768,-0.4433626574739513,4.445205595547236,3.445421599716097,1.185272787333652,64513900.0,-0.2054850772953881,554.54,71.51730375072654,6.386917519386867,11.0,40089900.0,-0.21149551311111914,41376400.0,7,1,1,0
2024-07-29,0.0005933287597572,1.1617497139290545,-0.5357178104982165,36.08989643999076,57.22956087111738,39515800.0,72.21599459584527,96.22712062268812,0.7897666383263802,-0.016288056628986247,-2.240000000000009,1.3932175333178285,0.0065827514978902,0.3537100541722577,89.82999999999998,162.32999999999998,62.97238449115187,50034780.0,0.1687871441137978,29,-0.2868444798254206,-0.9346454551310881,0.6936982194238226,3.7716004560121097,0.6461521604697378,34439600.0,-0.2650110297263214,546.02,73.67503163093673,6.7207091251449445,-2.340000000000032,55839500.0,-0.3697185246409411,70328200.0,7,0,1,1
2024-08-27,0.0013680629308947,0.8433217293472146,-0.725321358358678,36.233887671087324,98.33388870376541,32693900.0,68.67137543142603,152.07273963103623,0.6769164450576708,0.030839268668771513,17.049999999999955,1.185272787333652,0.0096148795868747,1.6758791575335934,276.87999999999994,-21.760000000000105,71.40305239722011,48298280.0,0.189720556767865,27,-0.21149551311111914,-0.23724348496871173,5.041163174652752,7.314391293866359,0.7897666383263802,39515800.0,-0.086471669749585,559.49,74.3483895130787,7.4763727590631595,13.069999999999936,41376400.0,-0.7290206158911339,64513900.0,8,1,1,0
2024-09-03,-0.0205770160640412,1.3932175333178285,-0.0334927695490119,35.233096414727505,66.74441852715792,60600100.0,73.8227712666005,3.3351363457285297,1.30737049394792,-0.0168815442695347,-1.6999999999999318,0.6461521604697378,-0.0109405883727951,-0.0155316606929508,-7.529999999999973,-4.139999999999986,62.72432631565365,46352660.0,-0.0205790519443654,3,-0.3697185246409411,-0.5079433739024886,4.403891119181026,7.086869548664432,0.6769164450576708,32693900.0,-0.0334927695490119,560.47,72.21599459584527,7.803060419130074,5.080000000000041,70328200.0,-0.4433626574739513,34439600.0,9,1,0,0
2024-09-04,-0.0020479063814226,1.185272787333652,-0.2207125070750708,34.29765803058747,62.97900699766777,47224900.0,62.97238449115187,4.250241300357572,1.1009454279603663,-0.0020468048108969183,6.190000000000055,0.7897666383263802,-0.0130789008584378,-0.0188937958544054,-7.75,-11.17999999999995,61.76070535005387,42894860.0,-0.0020468048108969,4,-0.7290206158911339,-0.8372050188065696,3.674736611074536,6.044193908188759,1.30737049394792,60600100.0,-0.2207125070750708,550.2,68.67137543142603,7.600698960620777,6.440000000000055,64513900.0,-0.9346454551310881,39515800.0,9,2,0,0
2024-09-05,-0.002436879328667,0.6461521604697378,-0.0626915038464878,33.128288284425416,58.51382872375896,44264300.0,71.40305239722011,4.992127246434866,0.9867253086282151,-0.002432162628187684,-11.949999999999932,0.6769164450576708,-0.0250618017741309,-0.0155651083646783,-11.009999999999993,-11.17999999999995,60.572324852566325,44859800.0,-0.0024321626281876,5,-0.4433626574739513,-1.1974051481330203,2.955487505166843,6.132207595946735,1.1009454279603663,47224900.0,-0.0626915038464878,550.89,73.8227712666005,7.536363320576432,-4.169999999999959,34439600.0,-0.23724348496871173,32693900.0,9,3,0,0
2024-09-06,-0.016824318119203,0.7897666383263802,0.5473824278255841,31.13659287350281,4.067197170645286,68493800.0,62.72432631565365,7.356482326654041,1.3521519916928897,-0.01683011590036576,-11.720000000000027,1.30737049394792,-0.0213091038292927,-0.0322199337333214,-15.860000000000014,-21.19999999999993,52.99219271155418,50655400.0,-0.0168301159003657,6,-0.9346454551310881,-2.060183226390455,1.6275802283996654,7.546281865911682,0.9867253086282151,44264300.0,0.5473824278255841,549.94,62.97238449115187,7.8666230833923985,-4.399999999999977,39515800.0,-0.5079433739024886,60600100.0,9,4,0,1
2024-09-09,0.0111901959685405,0.6769164450576708,-0.4094969179692176,29.28716142050325,30.813439434128856,40445800.0,61.76070535005387,7.5266525686415315,0.7747379696271179,0.011196239544007724,-4.540000000000077,1.1009454279603663,-0.0080710014793295,-0.0306379506102753,-15.720000000000027,-11.889999999999986,56.80007771624638,52205780.0,0.0111962395440077,9,-0.23724348496871173,-2.2116333432342863,1.0464838693553702,4.710867223748794,1.3521519916928897,68493800.0,-0.4094969179692176,544.65,71.40305239722011,7.829721434578658,-15.149999999999977,32693900.0,-0.8372050188065696,47224900.0,9,0,0,1
2024-09-10,0.004360035471475,1.30737049394792,-0.1001636758328429,27.724888042375635,41.33510167992906,36394600.0,60.572324852566325,7.314449094477555,0.7683911302683772,0.004355703592540339,-0.82000000000005,0.9867253086282151,-0.0012740866791874,-0.0059592812635851,-12.0,-9.56000000000006,58.23341712478361,47364680.0,0.0043557035925403,10,-0.5079433739024886,-2.1384676756462486,0.7675453103393011,4.177484889235528,0.7747379696271179,40445800.0,-0.1001636758328429,548.36,62.72432631565365,7.682598474965895,-3.2900000000000773,60600100.0,-1.1974051481330203,44264300.0,9,1,0,1
2024-09-11,0.0102641453903318,1.1009454279603663,1.0675759590708511,26.910160236700705,66.22458001768337,75248600.0,52.99219271155418,6.710554290744995,1.420604567692076,0.010258933289600813,14.059999999999945,1.3521519916928897,0.0258143768303473,0.0062982121789634,-7.139999999999986,-9.259999999999993,61.48857312877099,52969420.0,0.0102589332896008,11,-0.8372050188065696,-1.7160712432950582,0.985384954297274,5.130708528048572,0.7683911302683772,36394600.0,1.0675759590708511,548.7,61.76070535005387,8.233841441039758,3.4699999999999136,47224900.0,-2.060183226390455,68493800.0,9,2,0,1
2024-09-12,0.0084119296456792,0.9867253086282151,-0.3103831832087241,26.530915706960958,86.87002652519926,51892700.0,56.80007771624638,6.793243702396325,0.95224524773787,0.008423217055661958,12.680000000000064,0.7747379696271179,0.0230361105074861,0.0172485944578884,0.7900000000000773,7.009999999999991,63.99523638554065,54495100.0,0.0084232170556619,12,-1.1974051481330203,-1.1542801360512822,1.5133745903978024,7.233141088060469,1.420604567692076,75248600.0,-0.3103831832087241,555.01,60.572324852566325,8.121424195251201,9.480000000000018,44264300.0,-2.2116333432342863,40445800.0,9,3,0,1
2024-09-13,0.0052361692907698,1.3521519916928897,-0.2424657032684751,26.50110421353946,95.67613395506577,39310500.0,58.23341712478361,7.235205594877568,0.8078865660304769,0.005222772719955637,13.220000000000027,0.7683911302683772,0.0239122443267809,0.0400658820045893,3.659999999999968,11.059999999999944,65.50701373796198,48658440.0,0.0052227727199556,13,-2.060183226390455,-0.6436192390299755,2.141134281469135,6.612358127006169,0.95224524773787,51892700.0,-0.2424657032684751,559.71,52.99219271155418,7.82275103844754,21.649999999999977,68493800.0,-2.1384676756462486,36394600.0,9,4,0,1
2024-09-16,0.0014728598627724,0.7747379696271179,-0.0675239439844316,26.480622364628935,98.85931558935368,36656100.0,61.48857312877099,7.097649376153666,0.7652550599680588,0.0014768420490738343,8.420000000000073,1.420604567692076,0.0151209587992215,0.0300689958090079,-0.8399999999999181,13.230000000000018,65.94472944410269,47900500.0,0.0014768420490738,16,-2.2116333432342863,-0.32368743421078605,2.673981512006776,5.846148304634557,0.8078865660304769,39310500.0,-0.0675239439844316,561.74,56.80007771624638,7.493268821415575,16.430000000000064,40445800.0,-1.7160712432950582,75248600.0,9,0,0,1
2024-09-17,0.000412511657938,0.7683911302683772,0.3455059321640872,26.777356936756863,87.06705969049376,49321000.0,63.99523638554065,7.813316623996227,0.9769285529509497,0.0004086418875701714,3.980000000000018,0.95224524773787,0.0071215408114804,0.0260208823047067,10.990000000000007,22.71000000000004,66.07321033169328,50485780.0,0.0004086418875701,17,-2.1384676756462486,-0.17762513237093103,3.079329267989124,3.6430111171637374,0.7652550599680588,36656100.0,0.3455059321640872,565.1,58.23341712478361,7.37160676274304,14.280000000000086,36394600.0,-1.1542801360512822,51892700.0,9,1,0,0
2024-09-18,-0.0029760304057081,1.420604567692076,0.1971553699235619,27.239939542149134,75.07692307692281,59044900.0,65.50701373796198,8.090385240115799,1.2497587048291208,-0.002965883460315899,-0.6100000000000136,0.8078865660304769,-0.0010906588849975,0.0125897334151003,10.449999999999932,14.990000000000007,64.17987991514414,47245040.0,-0.0029658834603158,18,-1.7160712432950582,-0.26904641145253905,3.229395694835944,1.5947633052516093,0.9769285529509497,49321000.0,0.1971553699235619,563.74,61.48857312877099,7.40649199397568,6.980000000000018,75248600.0,-0.6436192390299755,39310500.0,9,2,0,1
2024-09-19,0.017064355456458,0.95224524773787,0.2755631731106327,28.02562645540371,94.31818181818187,75315500.0,65.94472944410269,9.299209106163428,1.45033853524772,0.017064481653010333,8.139999999999986,0.7652550599680588,0.0145008367086879,0.0212667012466687,21.370000000000005,22.19000000000005,69.56724064765655,51929600.0,0.0170644816530103,19,-1.1542801360512822,0.21403658542478432,4.067203913079538,3.925334380632475,1.2497587048291208,59044900.0,0.2755631731106327,571.01,63.99523638554065,7.697456851548847,11.889999999999986,51892700.0,-0.32368743421078605,36656100.0,9,3,0,0
2024-09-20,-0.0017149322866942,0.8078865660304769,0.029045813942681,28.232695117472673,86.15430622009568,77503100.0,66.07321033169328,7.843464653960916,1.3010835326009953,-0.004781253283827835,5.17999999999995,0.9769285529509497,0.0123733927640555,0.0111030052846035,27.889999999999983,13.83000000000004,66.49794269498611,59568120.0,-0.0047812532838278,20,-0.6436192390299755,0.2458004492537995,4.599877543748221,4.098752249133208,1.45033853524772,75315500.0,0.029045813942681,567.84,65.50701373796198,7.562638505009649,6.240000000000009,39310500.0,-0.17762513237093103,49321000.0,9,4,0,1
2024-10-22,-0.0005345472729466,0.7652550599680588,-0.6294772394462069,29.556150873218765,97.38126941855316,34183800.0,64.17987991514414,120.6092539475219,0.5786639933940101,0.026520017597888357,21.920000000000073,1.2497587048291208,0.0016664527931559,0.3803123521060105,337.88000000000005,132.41000000000005,73.45914772679876,59073660.0,0.3612433492019045,22,-0.32368743421078605,1.1284152967737953,6.053619517674406,8.684096383606795,1.3010835326009953,77503100.0,-0.0618897335272647,581.05,65.94472944410269,8.183164326080389,20.480000000000018,36656100.0,-0.26904641145253905,59044900.0,10,1,1,0
2024-10-30,-0.0030272626626072,0.9769285529509497,-0.2054984162045665,30.602581733779505,90.03550821127382,41435800.0,69.56724064765655,143.43571997782,0.7206649712626586,-0.005674415415209633,9.029999999999973,1.45033853524772,0.0016777650033664,0.3940202369793544,288.39,300.71,70.01785833430121,57496620.0,0.9989316239316236,30,-0.17762513237093103,1.3225183807046736,3.930081502878125,8.897037147262607,0.5786639933940101,34183800.0,-0.0341237817513875,581.29,66.07321033169328,7.886509731360368,16.93999999999994,49321000.0,0.21403658542478432,75315500.0,10,2,1,0
2024-11-01,0.0042298639010318,1.2497587048291208,-0.1755504003321809,30.23758237842979,70.12871726586762,45667500.0,66.49794269498611,140.14357387653894,0.8330271862277946,-0.015465250599127622,2.7899999999999636,1.3010835326009953,-0.0184042212417517,0.3136718120959763,51.63,156.11999999999995,61.59652846281676,54821140.0,1.402254848344621,1,-0.26904641145253905,0.7106781613920425,1.968354365778964,6.5447498042147805,0.7206649712626586,41435800.0,-0.2411830681676566,571.32,64.17987991514414,7.993901893406055,9.639999999999986,59044900.0,0.2458004492537995,77503100.0,11,4,1,1
2024-12-02,0.0017871160623317,1.45033853524772,0.0519792957643798,31.58476047463865,98.92790553138587,31746000.0,73.45914772679876,5.405233677769874,0.6885252728204941,0.057071308489773154,20.309999999999945,0.5786639933940101,0.0049726513728188,0.0136353713623615,17.879999999999995,13.129999999999995,73.88578158858022,46107240.0,0.0017923823749066,2,0.21403658542478432,2.2764042976139667,5.630667512234709,13.963622381021532,0.8330271862277946,45667500.0,0.0519792957643798,602.97,69.56724064765655,9.80005175816277,32.64999999999998,75315500.0,1.1284152967737953,34183800.0,12,0,0,1
2024-12-03,0.0004668222740915,1.3010835326009953,-0.1524412524412524,32.81931787835341,99.3629583592292,26906600.0,70.01785833430121,5.108774151743327,0.7476560203223636,0.0004638603117803619,23.899999999999977,0.7206649712626586,0.0084721122100095,0.0106772881696315,15.759999999999993,10.240000000000007,73.96287307495416,35987940.0,0.0004638603117803,3,0.2458004492537995,3.0577717839015808,5.786685992401999,14.748554844450412,0.6885252728204941,31746000.0,-0.1524412524412524,603.39,66.49794269498611,9.230048061151138,35.65999999999997,77503100.0,1.3225183807046736,41435800.0,12,1,0,1
2024-12-04,0.0062158378882815,0.5786639933940101,0.5902269331688137,34.13237075884171,99.63208241353937,42787600.0,61.59652846281676,5.259098359580647,1.1346877511025306,0.0062095345332913165,36.620000000000005,0.8330271862277946,0.0084697762247047,0.0116706900857403,17.360000000000014,12.149999999999975,75.02621203631458,37708700.0,0.0062095345332913,4,1.1284152967737953,3.5210359022109685,6.140527411423022,16.565097343503872,0.7476560203223636,26906600.0,0.5902269331688137,605.63,73.45914772679876,8.856473199640343,24.339999999999918,34183800.0,0.7106781613920425,45667500.0,12,2,0,0
2024-12-05,-0.0016561501134463,0.7206649712626586,-0.3277912292346381,35.37747983818321,96.73484033010398,28762200.0,73.88578158858022,4.653361986560581,0.8177124112767449,-0.0016456571108843798,3.0299999999999727,0.6885252728204941,0.0050265100489267,0.0130754972195781,16.159999999999968,9.129999999999995,74.15648846820507,35173980.0,-0.0016456571108843,5,1.3225183807046736,3.4494748653810117,6.268003994286573,15.492706348464612,1.1346877511025306,42787600.0,-0.3277912292346381,607.66,70.01785833430121,8.379582256808893,26.649999999999977,41435800.0,2.2764042976139667,31746000.0,12,3,0,1
2024-12-06,0.0018911431462651,0.8330271862277946,0.0861999429807176,36.56201493590545,97.46070133010862,31241500.0,73.96287307495416,4.292635036401943,0.9675652037642797,0.0018956252266508766,3.8999999999999773,0.7476560203223636,0.0064508309211003,0.0087295660111192,14.139999999999986,7.159999999999968,74.5222614470405,32288780.0,0.0018956252266508,6,0.7106781613920425,3.175793056627189,6.387388735911486,2.026728891526889,0.8177124112767449,28762200.0,0.0861999429807176,607.44,61.59652846281676,7.953183524179693,36.76999999999998,45667500.0,3.0577717839015808,26906600.0,12,4,0,0
2024-12-09,-0.0051494329000745,0.6885252728204941,0.1120688827361042,37.204548909453834,91.07179174293249,34742700.0,75.02621203631458,3.555913541032978,1.0563905750769578,-0.0051496355769072855,-2.980000000000018,1.1346877511025306,-0.0049144398672557,0.0017394761691764,9.16999999999996,5.849999999999909,71.55384878955374,32888120.0,-0.0051496355769072,9,2.2764042976139667,2.5093948405016846,6.160041866974666,1.7659360123599297,0.9675652037642797,31241500.0,0.1120688827361042,607.69,73.88578158858022,7.655098986738284,1.0499999999999545,31746000.0,3.5210359022109685,42787600.0,12,0,0,0
2024-12-10,-0.0030956660675055,0.7476560203223636,0.0717215415036827,37.49739062215288,87.01325600662783,37234500.0,74.15648846820507,2.925393800683917,1.065252033404189,-0.0031090824899120406,-3.8600000000000136,0.8177124112767449,-0.0063539558213149,-0.0018380222218542,5.269999999999982,0.25,69.75654533696422,34953700.0,-0.003109082489912,10,3.0577717839015808,1.705835945409092,5.763345125021601,2.1458844329902633,1.0563905750769578,34742700.0,0.0717215415036827,605.37,73.96287307495416,7.370449059114117,-1.1100000000000136,26906600.0,3.4494748653810117,28762200.0,12,1,0,1
2024-12-11,0.0077298073391431,1.1346877511025306,-0.2298083766399441,37.94000558291386,96.66252072968489,28677700.0,74.5222614470405,2.872275327287982,0.8925043539530408,0.0077305905773059624,-0.34999999999990905,0.9675652037642797,-0.0005152916284368,-0.0003291314221767,6.810000000000059,3.830000000000041,71.65695679130377,32131720.0,0.0077305905773059,11,3.5210359022109685,1.2719108552754257,5.756208416938421,2.1068981939690583,1.065252033404189,37234500.0,-0.2298083766399441,605.78,75.02621203631458,7.246131269177394,-0.1999999999999318,42787600.0,3.175793056627189,31241500.0,12,2,0,0
2024-12-12,-0.0051523334603469,0.8177124112767449,0.0999417665991344,38.15463868532913,89.20273348519362,31543800.0,71.55384878955374,2.055228832940013,0.9649951480725061,-0.005152602640503101,-0.34999999999990905,1.0563905750769578,-0.0005181921887092,-0.0038407015461706,5.5,0.4200000000000727,68.54156026349013,32688040.0,-0.0051526026405031,12,3.4494748653810117,0.5923736000853559,5.436927994173175,2.1490532798770703,0.8925043539530408,28677700.0,0.0999417665991344,606.58,74.15648846820507,6.952121892807581,-2.3299999999999272,28762200.0,2.5093948405016846,34742700.0,12,3,0,0
2024-12-13,-0.0001998334721066,0.9675652037642797,0.138249037845789,38.091489651151996,88.92938496583143,35904700.0,69.75654533696422,1.8816969292438877,1.0679349733556847,-0.0001985670080916213,1.4100000000000819,1.065252033404189,0.0023776404066896,-0.0059229035389347,1.660000000000082,-3.449999999999932,68.41874519119898,33620680.0,-0.0001985670080916,13,3.175793056627189,-0.014745107232826626,5.115247571845089,1.7032997386693125,0.9649951480725061,31543800.0,0.138249037845789,606.4,74.5222614470405,6.764113186178471,-3.599999999999909,31241500.0,1.705835945409092,37234500.0,12,4,0,1
2024-12-16,0.0042639661547687,1.0563905750769578,0.216977164549488,38.08600604156614,94.07022106631968,43695200.0,71.65695679130377,1.831965853688808,1.233937982298246,0.0042700385627512105,-0.6700000000000728,0.8925043539530408,-0.0010882007776847,0.0034894489647416,3.159999999999968,0.1299999999999954,69.67678969041971,35411180.0,0.0042700385627512,16,2.5093948405016846,-0.3723058064818723,5.0091418555272185,1.9428767330303565,1.0679349733556847,35904700.0,0.216977164549488,606.0,71.55384878955374,6.535962244308576,2.1100000000000136,34742700.0,1.2719108552754257,28677700.0,12,0,0,0
2024-12-17,-0.004113178757422,1.065252033404189,0.2764216664530659,37.65099150672001,87.56827048114414,55773500.0,68.54156026349013,1.795886967543591,1.4257401394412637,-0.004120041530018659,-0.04000000000007731,0.9649951480725061,-4.9046074759862e-05,0.0024717982747179,0.3799999999999954,-3.519999999999982,66.8959777888192,39118980.0,-0.0041200415300186,17,1.705835945409092,-0.8780496302706275,4.671091600799286,1.5785689721233434,1.233937982298246,43695200.0,0.2764216664530659,604.19,69.75654533696422,6.347679226857962,1.490000000000009,37234500.0,0.5923736000853559,31543800.0,12,1,0,0
2024-12-18,-0.0298104786330482,0.8925043539530408,0.9408625960357516,35.09015371881381,40.728218465539534,108248700.0,68.41874519119898,6.283007860727888,1.9669715615197958,-0.0298035711330652,-17.930000000000064,1.0679349733556847,-0.0296596912357014,-0.0348664932670464,-21.379999999999995,-18.399999999999977,51.0800914707429,55033180.0,-0.0298035711330652,18,1.2719108552754257,-2.437970551885046,2.925085371587329,8.400261900664319,1.4257401394412637,55773500.0,0.9408625960357516,603.98,71.65695679130377,7.3599878535109635,-21.180000000000064,28677700.0,-0.014745107232826626,35904700.0,12,2,0,0
2024-12-19,-0.0003089810491622,0.9649951480725061,-0.2062768421237391,32.71678063837999,1.076658053402238,85919500.0,69.67678969041971,8.2128858779745,1.3036214547723262,-0.00030702053626241455,-20.68999999999994,1.233937982298246,-0.0342326384396324,-0.0301656379792497,-20.559999999999945,-16.699999999999932,50.95043776800439,65908320.0,-0.0003070205362624,19,0.5923736000853559,-3.4334300493469208,1.509438492613981,10.407628452234132,1.9669715615197958,108248700.0,-0.2062768421237391,591.36,68.54156026349013,7.344988721117322,-18.230000000000018,31543800.0,-0.3723058064818723,43695200.0,12,3,0,1
2025-02-20,-0.0041565072247952,1.0679349733556847,-0.7721357859769443,32.03588635769203,94.9670925280683,36554000.0,66.8959777888192,144.68087742799105,0.553528277126959,0.04142637775123692,6.090000000000032,1.4257401394412637,0.0011337710095401,1.9794981938885088,334.43,90.97000000000004,64.16386066921191,66038180.0,1.234923657134488,20,-0.014745107232826626,-2.4541068912351633,3.723545891385356,11.684518389722053,1.3036214547723262,85919500.0,0.1787392256321123,611.54,68.41874519119898,8.647489526751794,6.169999999999959,35904700.0,-0.8780496302706275,55773500.0,2,3,1,0
