Date,Open,High,Low,Close,Adj Close,Volume
2025-02-28,500.13,508.78,496.93,508.17,507.41,47654000
2025-02-27,518.13,519.07,500.05,500.27,499.53,52448000
2025-02-26,515.53,519.66,511.37,514.56,513.79,34457600
2025-02-25,519.24,519.32,509.44,513.32,512.56,48940000
2025-02-24,527.88,529.07,519.53,519.87,519.1,39268400
2025-02-21,538.38,538.4,525.71,526.08,525.3,47093800
2025-02-20,538.73,539.1,532.46,537.23,536.43,26550800
2025-02-19,538.57,540.81,536.46,539.52,538.72,19666900
2025-02-18,539.73,540,536.04,539.37,538.57,20565000
2025-02-14,536.01,538.84,535.67,538.15,537.35,17862600
2025-02-13,529.98,536.22,529.19,535.9,535.1,28714800
2025-02-12,522.3,529.19,521.95,528.3,527.51,25009400
2025-02-11,525.96,529.92,525.83,527.99,527.2,19325500
2025-02-10,527.22,530.36,526.75,529.25,528.46,20852800
2025-02-07,530.14,532.1,522.19,522.92,522.14,29605500
2025-02-06,527.36,529.81,525.74,529.6,528.81,19434500
2025-02-05,521.82,527.01,520.62,526.85,526.07,21134100
2025-02-04,518.63,525.11,518.23,524.47,523.69,26046800
2025-02-03,513.47,520.85,511.05,518.11,517.34,40580800
2025-01-31,526.92,531.52,521.19,522.29,521.51,38845500
2025-01-30,523.71,526.1,518.21,523.05,522.27,27431300
2025-01-29,522.46,522.59,516.9,520.83,520.05,26649000
2025-01-28,515.22,523,511.78,521.81,521.03,33194200
2025-01-27,511,517.99,510.15,514.21,513.44,60771700
2025-01-24,533.02,533.79,528.15,529.63,528.84,19878300
2025-01-23,529.04,532.76,528.45,532.64,531.85,23096600
2025-01-22,529.57,533.82,529.26,531.51,530.72,33593000
2025-01-21,524.48,525.97,520.06,524.8,524.02,23628000
2025-01-17,522.85,524.07,513.11,521.74,520.96,51837900
2025-01-16,518.98,519.06,512.95,513.08,512.32,28229000
2025-01-15,513.03,517.85,511.46,516.7,515.93,34957600
2025-01-14,508.74,510.16,501.59,505.08,504.33,33737200
2025-01-13,501.2,506.02,499.7,505.56,504.81,31694200
2025-01-10,511.48,511.58,503.92,507.19,506.43,40532500
2025-01-08,515.08,516.92,510.57,515.27,514.5,30777800
2025-01-07,525.59,525.99,513.28,515.18,514.41,36690300
2025-01-06,524.02,527.92,522.03,524.54,523.76,36109700
2025-01-03,513.35,519.65,512.53,518.58,517.81,29059500
2025-01-02,514.3,516.64,505.71,510.23,509.47,36389800
2024-12-31,516.9,517.66,510.26,511.23,510.47,29117000
2024-12-30,515.51,519.36,511.83,515.61,514.84,34584000
2024-12-27,526.01,526.45,517.86,522.56,521.78,33839600
2024-12-26,528.32,531.24,526.31,529.6,528.81,19090500
2024-12-24,524.83,530.05,524.19,529.96,529.17,17558200
2024-12-23,0.84 Dividend,,,,,
2024-12-23,519.55,523.25,516.13,522.87,522.09,29672800
2024-12-20,510.44,524.82,509.29,518.66,517.05,60530000
2024-12-19,521.19,521.76,513.83,514.17,512.58,46441800
2024-12-18,535.15,536.88,515.01,516.47,514.87,54703200
2024-12-17,536.36,537.48,534.13,535.8,534.14,28579100
2024-12-16,533.08,539.15,533,538.17,536.5,31979900
2024-12-13,530.46,533.17,527.3,530.53,528.89,28780400
2024-12-12,527.68,528.96,526.02,526.5,524.87,23577500
2024-12-11,525,530.61,524.59,529.92,528.28,32168600
2024-12-10,523.62,525.38,519.16,520.6,518.99,24350000
2024-12-09,525.55,526.35,521.22,522.38,520.76,20674400
2024-12-06,522.48,526.72,522.35,526.48,524.85,23762600
2024-12-05,523.31,524.04,521.42,521.81,520.19,18169600
2024-12-04,520.32,523.52,519.6,523.26,521.64,26086200
2024-12-03,513.95,517.15,513.37,516.87,515.27,18597900
2024-12-02,511.01,516.26,510.62,515.29,513.69,25147200
2024-11-29,505.93,510.34,505.31,509.74,508.16,15334000
2024-11-27,508.17,508.24,501.93,505.3,503.74,24957400
2024-11-26,508.08,510.14,507.23,509.31,507.73,26557100
2024-11-25,509.9,511.45,504.26,506.59,505.02,26375200
2024-11-22,504.42,506.53,502.78,505.79,504.22,23826600
2024-11-21,506.24,506.96,497.56,504.98,503.42,34526700
2024-11-20,503.16,503.48,496.56,503.17,501.61,29565500
2024-11-19,497.42,503.95,497.08,503.46,501.9,24523000
2024-11-18,498.13,502.14,496.73,500.02,498.47,27192700
2024-11-15,502.94,503.33,494.49,496.57,495.03,51461100
2024-11-14,511.91,512.79,507.77,508.69,507.11,28679500
2024-11-13,512.4,514.98,509.95,512.25,510.66,24567400
2024-11-12,513.77,514.66,509.83,512.91,511.32,25835300
2024-11-11,515.37,515.58,510.92,513.84,512.25,24167500
2024-11-08,513.04,514.92,512.41,514.14,512.55,22924500
2024-11-07,508.4,514.33,508.34,513.54,511.95,32853100
2024-11-06,500.56,506.41,499.6,505.58,504.01,43082200
2024-11-05,487.61,492.88,487.52,492.21,490.69,24353600
2024-11-04,486.82,489.38,484.25,486.01,484.51,23291600
2024-11-01,485.5,490.75,485.2,487.43,485.92,33655800
2024-10-31,492.38,492.43,483.75,483.85,482.35,41245200
2024-10-30,499.39,500.35,495.89,496.38,494.84,29756000
2024-10-29,495.72,501.35,493.85,500.16,498.61,28014100
2024-10-28,498.46,498.52,495.1,495.4,493.87,20477800
2024-10-25,495.14,500.28,494.43,495.32,493.79,38762100
2024-10-24,492.11,493,489.44,492.32,490.8,22024900
2024-10-23,493.59,494.25,485.05,488.36,486.85,39346600
2024-10-22,492.73,497.45,491.97,495.96,494.42,26685800
2024-10-21,493.25,496.23,491.31,495.42,493.89,30336500
2024-10-18,494.06,495.57,493.3,494.47,492.94,25335000
2024-10-17,496.44,496.49,491.19,491.25,489.73,27210700
2024-10-16,491.18,491.69,487.57,490.91,489.39,22996800
2024-10-15,497.83,498.5,488.68,490.85,489.33,34784500
2024-10-14,495.77,498.83,495.26,497.5,495.96,26060100
2024-10-11,490.74,494.39,490.17,493.36,491.83,20644500
2024-10-10,490.85,494.47,489.53,492.59,491.06,25750400
2024-10-09,489,493.73,487.95,493.15,491.62,24995000
2024-10-08,484.66,489.99,483.85,489.3,487.78,28272000
2024-10-07,485.39,486.57,480.87,482.1,480.61,24975100
2024-10-04,487.45,487.88,482.39,487.32,485.81,30686600
2024-10-03,479.74,484.55,478.99,481.59,480.1,25337200
2024-10-02,480.36,483.88,477.72,481.95,480.46,23744000
2024-10-01,487.7,488,477.4,481.27,479.78,42735400
2024-09-30,485.78,488.41,482.92,488.07,486.56,30281100
2024-09-27,490.5,490.64,485.56,486.75,485.24,22851100
2024-09-26,493.37,493.7,485.8,489.47,487.95,32020200
2024-09-25,484.74,487.79,484.56,485.82,484.32,26549900
2024-09-24,484.46,486.33,480.17,485.37,483.87,25952600
2024-09-23,0.68 Dividend,,,,,
2024-09-23,482.95,484.14,481.6,483.04,481.54,24843000
2024-09-20,482.49,483.69,478.3,482.44,480.27,34577700
2024-09-19,482.61,486.23,480.49,483.36,481.19,52782500
2024-09-18,474.7,478.83,470.83,471.44,469.32,39909200
2024-09-17,476.29,477.6,470.97,473.49,471.36,30084400
2024-09-16,473.19,473.86,469.89,473.24,471.11,22585600
2024-09-13,472.48,476.53,472.25,475.34,473.2,29111800
2024-09-12,468.65,474.04,466.85,473.22,471.09,40175500
2024-09-11,459.91,469.37,451.28,468.62,466.51,57843000
2024-09-10,456.24,459.17,452.23,458.66,456.6,29680300
2024-09-09,453.06,455.46,449.82,454.46,452.42,32981200
2024-09-06,460.33,461.22,448.19,448.69,446.67,50624400
2024-09-05,458.97,465.36,457.94,461.04,458.97,34452400
2024-09-04,458.67,464.45,457.73,460.61,458.54,32505100
2024-09-03,473.2,473.33,459.41,461.81,459.73,44985200
2024-08-30,475.04,476.9,470.51,476.27,474.13,33466500
2024-08-29,473.28,477.93,469.37,470.66,468.54,41081500
2024-08-28,476.29,477.02,467.89,471.35,469.23,37372400
2024-08-27,473.69,477.84,471.71,476.76,474.62,27510000
2024-08-26,479.45,480.38,473.24,475.34,473.2,27452600
2024-08-23,479.24,482.74,475.28,480,477.84,36061500
2024-08-22,484.84,485.54,473.81,474.85,472.72,37739600
2024-08-21,481.05,484.37,479.32,482.5,480.33,25658800
2024-08-20,480.35,482.94,478.55,480.26,478.1,29209300
2024-08-19,475.17,481.31,473.37,481.27,479.11,23737700
2024-08-16,472.62,476.41,471.65,475.03,472.89,38383600
2024-08-15,468.76,474.82,468.38,474.42,472.29,38280600
2024-08-14,463.51,465.11,458.4,462.73,460.65,34733700
2024-08-13,455.82,462.85,455.68,462.58,460.5,40084500
2024-08-12,451.39,454.37,448.55,451.38,449.35,27795000
2024-08-09,446.74,452.06,445.61,450.41,448.39,33574000
2024-08-08,441.06,448.99,437.15,448.07,446.06,47890100
2024-08-07,446.49,449,434.37,434.77,432.82,54929200
2024-08-06,437.23,447.07,434.56,439.53,437.55,63164400
2024-08-05,424.71,442.29,423.45,435.37,433.41,87483500
2024-08-02,450.89,453.57,444.47,448.75,446.73,66323200
2024-08-01,471.76,475.55,455.98,459.66,457.59,56653900
2024-07-31,467.87,472.79,466.41,471.07,468.95,44552100
2024-07-30,465.85,466.56,454.15,457.53,455.47,41317200
2024-07-29,465.71,467.91,461.62,463.9,461.81,28218500
2024-07-26,462.65,465.93,459.77,462.97,460.89,39992100
2024-07-25,463.72,467.94,455.63,458.27,456.21,59256800
2024-07-24,473.82,474.19,462.51,463.38,461.3,58818600
2024-07-23,481.41,484.43,480.14,480.62,478.46,23282500
2024-07-22,481.16,483.35,477.71,482.32,480.15,40300000
2024-07-19,479.15,481.69,473.94,475.24,473.1,42042900
2024-07-18,485.53,485.71,476.27,479.49,477.33,49347400
2024-07-17,488.28,488.8,481.7,481.77,479.6,56268800
2024-07-16,497.62,498.44,493.15,496.34,494.11,25950600
2024-07-15,496.61,501.01,494.09,496.15,493.92,31151400
2024-07-12,492.51,499.62,492.04,494.82,492.6,37109400
2024-07-11,503.07,503.28,490.73,491.93,489.72,49966600
2024-07-10,499.71,503.52,498.39,502.96,500.7,28046900
2024-07-09,498.87,500,496.24,497.77,495.53,25614500
2024-07-08,496.53,497.9,495.5,497.34,495.1,22109400
2024-07-05,491.89,496.6,491.59,496.16,493.93,28495900
2024-07-03,486.22,491.17,486.22,491.04,488.83,18064900
2024-07-02,480.41,487.04,480.28,486.98,484.79,26723600
2024-07-01,480.04,482.49,476.26,481.92,479.75,24898300
2024-06-28,482.41,487.2,478.46,479.11,476.96,34881600
2024-06-27,480.12,483.1,479.3,481.61,479.44,26222100
2024-06-26,478.55,480.92,478.13,480.37,478.21,22737100
2024-06-25,476.07,479.68,475.12,479.38,477.22,29250200
2024-06-24,0.76 Dividend,,,,,
2024-06-24,478.18,479.93,473.82,473.96,471.83,37751000
2024-06-21,481.19,482.54,478.67,480.18,477.26,39432900
2024-06-20,486.42,486.84,479.62,481.47,478.54,33918700
2024-06-18,485.01,485.9,483.43,485.21,482.26,24438600
2024-06-17,479.46,486.86,478.14,485.06,482.11,37054500
2024-06-14,476.52,479.26,476.05,479.19,476.28,23372600
2024-06-13,477.72,478.39,474.42,476.72,473.82,25859000
2024-06-12,471.99,476.5,471.29,474.15,471.27,34532600
2024-06-11,463.54,468.14,462.03,468.02,465.18,22053300
2024-06-10,461.82,465.19,461.53,464.83,462.01,20719800
2024-06-07,463,465.74,461.84,462.96,460.15,25829700
2024-06-06,464.22,464.54,462.19,463.37,460.55,21966800
2024-06-05,457.98,463.61,454.41,463.53,460.71,33817400
2024-06-04,452.87,455.58,451.13,454.37,451.61,23767400
2024-06-03,454.57,455.58,447.9,453.13,450.38,32997500
2024-05-31,451.78,452.48,443.06,450.71,447.97,55941300
2024-05-30,455.5,455.64,450.21,451.55,448.81,30714100
2024-05-29,455.48,458.24,455.34,456.44,453.67,29739200
2024-05-28,459.18,459.74,456.69,459.68,456.89,26216800
2024-05-24,455.29,459.23,453.57,457.95,455.17,29651000
2024-05-23,460.55,460.58,451.85,453.66,450.9,40899200
2024-05-22,456.06,456.82,453.08,455.71,452.94,25120000
2024-05-21,453.04,455.99,452.84,455.8,453.03,23167700
2024-05-20,451.98,455.58,451.79,454.91,452.15,24474200
2024-05-17,452.11,452.72,449.54,451.76,449.02,35803700
2024-05-16,452.71,454.69,451.81,451.98,449.23,34780400
2024-05-15,448.43,453.15,446.9,452.9,450.15,41464700
2024-05-14,442.65,446.47,442.46,445.93,443.22,34478300
2024-05-13,443.99,444.09,441.65,443.08,440.39,22994200
2024-05-10,442.54,444.31,440.5,442.06,439.37,27116600
2024-05-09,440.33,441.6,438.46,441.02,438.34,24580100
2024-05-08,437.67,441.48,437.55,440.06,437.39,24896700
2024-05-07,440.7,441.97,439.58,440.32,437.64,30996100
2024-05-06,437.3,440.34,436.52,440.25,437.58,30227200
2024-05-03,434.44,436.48,432.62,435.48,432.83,48515300
2024-05-02,425.3,427.81,420.63,426.9,424.31,36559000
2024-05-01,423.15,430.14,420.66,421.52,418.96,52251700
2024-04-30,431.15,432.56,424.51,424.59,422.01,43665900
2024-04-29,433.13,433.76,429.98,432.75,430.12,30022200
2024-04-26,427.62,432.55,426.92,431,428.38,41874900
2024-04-25,419.24,425.32,418.14,424.45,421.87,57392200
2024-04-24,428.2,429.73,424.2,426.51,423.92,48440300
2024-04-23,420.77,426.28,418.87,425.07,422.49,44384700
2024-04-22,417.31,421.18,413.94,418.82,416.28,47807700
2024-04-19,422.22,422.75,413.07,414.65,412.13,75136600
2024-04-18,426.49,428.24,422.83,423.41,420.84,46549400
2024-04-17,433.1,433.12,424.9,425.84,423.25,56880500
2024-04-16,430.9,433.76,429.7,431.1,428.48,47619000
2024-04-15,442.06,442.15,430.21,431.06,428.44,63453600
2024-04-12,441.1,442.24,436.88,438.27,435.61,53602600
2024-04-11,440.26,446.33,437.96,445.37,442.66,45474600
2024-04-10,437,439.24,436.28,438.37,435.71,61502200
2024-04-09,442.96,443.24,437.44,442.23,439.54,39521600
2024-04-08,441.41,442.5,439.2,440.6,437.92,28144900
2024-04-05,436.78,443.17,435.96,440.47,437.79,54723000
2024-04-04,446.33,446.95,435.11,435.34,432.7,57267700
2024-04-03,438.96,444,438.95,442.1,439.41,39949800
2024-04-02,440.08,441.43,438.03,441.11,438.43,44259700
2024-04-01,444.97,447.53,443.02,444.95,442.25,38729000
2024-03-28,444.78,445.64,443.65,444.01,441.31,36839600
2024-03-27,446.44,446.54,441.93,444.83,442.13,41359200
2024-03-26,446.3,447.23,443.09,443.32,440.63,34142000
2024-03-25,443.55,446.26,442.54,444.76,442.06,27789200
2024-03-22,445.35,447.49,444.49,446.38,443.67,28229300
2024-03-21,448.88,449.34,445.67,445.87,443.16,39345700
2024-03-20,439.78,444.11,438.06,443.77,441.07,43653500
2024-03-19,435.45,438.98,433.33,438.57,435.91,43004100
2024-03-18,0.57 Dividend,,,,,
2024-03-18,438.73,441.04,437.24,437.48,434.82,47323800
2024-03-15,436.07,438.87,432.74,433.92,430.71,73038800
2024-03-14,441.5,442.03,436.39,439.14,435.9,52195200
2024-03-13,442.65,442.67,439.12,440.25,437,37928700
2024-03-12,439.73,444.02,436.46,443.66,440.38,55300900
2024-03-11,437.51,438.66,435.44,437.39,434.16,45860000
2024-03-08,445.81,448.64,438.34,439.02,435.78,71954300
2024-03-07,442.42,446.72,440.86,445.45,442.16,44526700
2024-03-06,440.32,441.99,436.89,438.79,435.55,46234500
2024-03-05,440.94,440.95,433.65,436.05,432.83,57917100
2024-03-04,445.61,446.04,443.77,444.02,440.74,34325700
2024-03-01,439.9,446.58,439.84,445.61,442.32,43809200
2024-02-29,438.23,440.09,435.02,439,435.76,42495200
2024-02-28,435.43,436.67,434.3,435.27,432.05,32938800
2024-02-27,437.67,437.99,435.03,437.6,434.37,33713200
2024-02-26,437.6,438.6,436.36,436.55,433.32,33043200
2024-02-23,439.65,440.59,435.79,436.78,433.55,39853900
2024-02-22,434.49,439.12,433.71,438.07,434.83,53887800
2024-02-21,424.55,425.7,421.63,425.61,422.47,50179700
2024-02-20,428.55,430.08,423.5,427.32,424.16,53999500
2024-02-16,434.89,434.99,429.85,430.57,427.39,53661500
2024-02-15,433.92,434.98,431.33,434.51,431.3,38796100
2024-02-14,431.26,433.65,428.88,433.22,430.02,45092700
2024-02-13,427.28,431.27,425.33,428.55,425.38,64491700
2024-02-12,436.94,439.14,434.65,435.34,432.12,33203300
2024-02-09,433.94,437.85,433.14,437.05,433.82,36943900
2024-02-08,432.11,433.56,431.42,432.79,429.59,29889900
2024-02-07,430.41,432.83,429.09,431.99,428.8,37712700
2024-02-06,429.61,430.22,425.22,427.59,424.43,35846100
2024-02-05,429.07,429.61,425,428.45,425.28,39889200
2024-02-02,423.8,430.24,422.79,429.01,425.84,59582300
2024-02-01,418.79,422.38,417.81,421.88,418.76,51008600
2024-01-31,420.85,422.87,416.79,416.97,413.89,64010600
2024-01-30,427.1,427.68,424.38,425.3,422.16,36739000
2024-01-29,424.27,428.35,423.61,428.15,424.99,38694700
2024-01-26,424.44,426.21,423.15,423.81,420.68,37137000
2024-01-25,428.36,429.04,423.98,426.35,423.2,44367200
2024-01-24,427.44,429.85,425.33,425.83,422.68,46948000
2024-01-23,422.43,423.7,420.57,423.48,420.35,33003800
2024-01-22,423.41,424.73,421.12,421.73,418.61,44880600
2024-01-19,415.22,421.34,414.63,421.18,418.07,70268500
2024-01-18,410.52,413.58,409.16,412.99,409.94,59562500
2024-01-17,406.17,407.59,402.92,407.21,404.2,54386000
2024-01-16,408.31,411.12,406.83,409.52,406.49,43903000
2024-01-12,410.4,411.25,408.15,409.56,406.53,39581400
2024-01-11,409.79,411.2,404.24,409.35,406.33,54536200
2024-01-10,406.07,409.52,405.17,408.5,405.48,33962800
2024-01-09,401.91,406.69,401.71,405.75,402.75,39132900
2024-01-08,397.99,405.24,397.84,404.95,401.96,42473800
2024-01-05,396.45,399.56,395.34,396.75,393.82,44867900
2024-01-04,396.44,399.59,396.06,396.28,393.35,39432800
2024-01-03,399.93,401,397.89,398.33,395.39,47002800
2024-01-02,405.84,406.09,400.24,402.59,399.62,58026900
2023-12-29,411.28,411.64,407.58,409.52,406.49,42633400
2023-12-28,412.67,412.92,410.94,411.3,408.26,27029200
2023-12-27,0.22 Dividend,,,,,
2023-12-27,410.95,411.79,410.08,411.5,408.46,31980500
2023-12-26,409.25,411.56,409.15,410.88,407.63,22722500
2023-12-22,409,409.97,406.48,408.38,405.15,34292400
2023-12-21,407.06,408.14,404.47,407.77,404.54,45568900
2023-12-20,408.35,410.47,402.9,403.08,399.89,54042400
2023-12-19,407.54,409.28,407.35,409.16,405.92,35711900
2023-12-18,0.81 Dividend,,,,,
2023-12-18,404.93,407.99,404.6,407.08,403.86,46610000
2023-12-15,404.18,406.54,403.57,405.34,401.33,62598000
2023-12-14,404.98,406.3,400.34,403.39,399.4,55447800
2023-12-13,399.62,404.36,398.84,403.74,399.75,55408100
2023-12-12,395.56,398.79,394.41,398.67,394.73,39221200
2023-12-11,391.74,395.79,391.53,395.52,391.61,41198000
2023-12-08,388.67,392.62,388.48,392.17,388.29,46623600
2023-12-07,388.07,391.27,386.96,390.43,386.57,49593500
2023-12-06,390.27,390.37,384.7,385.05,381.24,41994100
2023-12-05,384.39,388.5,384.21,387.29,383.46,42933000
2023-12-04,386.09,386.6,382.66,386.32,382.5,51186900
2023-12-01,387.75,390.54,386.07,389.94,386.08,40440500
2023-11-30,390.08,390.55,385.82,388.83,384.99,52834400
2023-11-29,392.69,394.14,389.46,389.81,385.96,38811700
2023-11-28,388.41,390.78,388.05,390.19,386.33,35491100
2023-11-27,389.01,391.15,388.28,389.17,385.32,34139700
2023-11-24,389.65,390.25,388.5,389.51,385.66,15718800
2023-11-22,390.57,393.07,389.04,390.06,386.2,44121000
2023-11-21,389.01,389.23,386.7,388.47,384.63,43337000
2023-11-20,386.05,391.41,386.05,390.74,386.88,44429600
2023-11-17,385.21,387.07,384.29,386.04,382.22,46571900
2023-11-16,384.84,386.19,383.56,385.95,382.13,45343500
2023-11-15,387.25,387.75,384.24,385.62,381.81,54141400
2023-11-14,383.71,386.26,383.18,385.33,381.52,67792600
2023-11-13,376.79,378.28,375.24,377.21,373.48,40733500
2023-11-10,371.82,378.54,371.28,378.39,374.65,58309800
2023-11-09,373.64,374.8,369.57,370.07,366.41,53859400
2023-11-08,373.08,373.79,370.62,372.94,369.25,35663400
2023-11-07,370.27,373.58,369.05,372.7,369.02,50777400
2023-11-06,368.49,369.78,366.91,369.21,365.56,38848700
2023-11-03,364.75,369.02,364.52,367.71,364.07,53239100
2023-11-02,361.54,363.68,360.3,363.44,359.85,58162400
2023-11-01,351.72,357.53,351.62,356.96,353.43,58992700
2023-10-31,349.23,351.25,346.62,350.87,347.4,47671900
2023-10-30,347.83,350.54,346.45,349.2,345.75,55298500
2023-10-27,346.43,348.84,344.08,345.31,341.9,63476700
2023-10-26,349.12,350.07,342.35,343.66,340.26,78621400
2023-10-25,356.7,356.88,349.75,350.34,346.88,71190500
2023-10-24,357.51,359.91,355.79,359.13,355.58,47082100
2023-10-23,353.26,359.26,351.12,355.67,352.15,60665200
2023-10-20,359.46,360.04,354.37,354.6,351.09,72369800
2023-10-19,364.81,366.02,359.16,359.97,356.41,72274200
2023-10-18,365.67,367.91,362.02,363.37,359.78,54280500
2023-10-17,365.81,369.92,363.66,368.2,364.56,50999100
2023-10-16,366.62,370.48,366.47,369.41,365.76,44201100
2023-10-13,370.57,371.16,363.86,365.28,361.67,52469900
2023-10-12,371.73,373.74,367.5,369.93,366.27,49587900
2023-10-11,369.94,371.41,368.19,371.22,367.55,38215100
2023-10-10,366.9,371.28,366.39,368.59,364.95,46968800
2023-10-09,362.3,367.11,360.78,366.56,362.94,45304800
2023-10-06,355.65,365.91,354.85,364.7,361.09,74959200
2023-10-05,359.74,360.15,355.14,358.69,355.14,45897400
2023-10-04,355.77,360.61,355.3,359.75,356.19,54786700
2023-10-03,358.78,361.01,353.28,354.92,351.41,60478500
2023-10-02,358.54,362.68,357.92,361.26,357.69,51625100
2023-09-29,361.54,362.95,357.02,358.27,354.73,64754300
2023-09-28,354.11,360.17,353.24,358.01,354.47,56453300
2023-09-27,355.38,356.98,351.36,355.04,351.53,56066000
2023-09-26,356.99,357.54,353.21,354.21,350.71,53657700
2023-09-25,356.93,359.7,355.93,359.61,356.05,39168000
2023-09-22,359.63,361.8,357.59,357.91,354.37,51589700
2023-09-21,360.8,361.6,357.69,357.86,354.32,69584700
2023-09-20,370.95,371.31,364.46,364.54,360.94,45514200
2023-09-19,369.32,370.68,366.8,369.87,366.21,37621700
2023-09-18,0.54 Dividend,,,,,
2023-09-18,369.32,371.79,369.03,370.66,367,36903500
2023-09-15,375.91,376.32,369.86,370.81,366.61,69757700
2023-09-14,375.99,378.27,373.89,377.27,373,48039400
2023-09-13,373.03,375.84,371.88,374.21,369.97,46300700
2023-09-12,375.27,376.95,372.5,372.79,368.57,41391000
2023-09-11,375.66,377.49,373.66,376.97,372.7,39936600
2023-09-08,372.01,374.85,371.6,372.58,368.36,35800100
2023-09-07,370.21,372.85,369.15,372.06,367.85,52060700
2023-09-06,377.28,377.63,372.7,374.74,370.5,42998700
2023-09-05,376.77,379.31,375.83,378.07,373.79,32344200
2023-09-01,380.4,380.83,376.08,377.59,373.32,39772400
2023-08-31,376.94,379.72,376.87,377.99,373.71,35730700
2023-08-30,374.88,377.45,373.86,376.86,372.59,41731500
2023-08-29,366.56,375.13,366.23,374.77,370.53,58492400
2023-08-28,366.99,367.71,364.25,366.76,362.61,40910000
2023-08-25,362.07,365.74,358.58,364.02,359.9,69960500
2023-08-24,372.64,372.74,361.01,361.22,357.13,66842500
2023-08-23,364.58,370.22,364.36,369.11,364.93,51770600
2023-08-22,366.55,366.56,362.68,363.38,359.27,44613500
2023-08-21,359.62,364.59,359.15,363.9,359.78,50696500
2023-08-18,355.26,359.41,354.71,358.13,354.08,61119500
2023-08-17,363.96,364.31,358.16,358.58,354.52,62604300
2023-08-16,365.87,367.43,362.44,362.54,358.44,53190500
2023-08-15,369.36,370.17,365.74,366.42,362.27,45539900
2023-08-14,365.43,370.47,364.7,370.35,366.16,42130800
2023-08-11,365.99,368,364.69,366.24,362.09,48683800
2023-08-10,370.97,374.36,367.04,368.59,364.42,72035300
2023-08-09,372.29,372.45,367.14,367.91,363.75,51150900
2023-08-08,372.64,372.66,368.82,372,367.79,44726500
2023-08-07,373.88,375.29,371.51,375.19,370.94,37230400
2023-08-04,375.75,378.1,371.53,372.04,367.83,61646200
2023-08-03,371.94,375.95,371.77,373.79,369.56,47666400
2023-08-02,379.26,379.26,373.13,374.39,370.15,72687100
2023-08-01,382.31,383.56,380.69,382.79,378.46,41060600
2023-07-31,383.79,384.88,382.34,383.68,379.34,44019900
2023-07-28,380.74,384.52,380.22,383.48,379.14,56902900
2023-07-27,383.07,384.71,375.31,376.62,372.36,63940200
2023-07-26,377.72,379.24,375.18,377.52,373.25,47075700
2023-07-25,376.95,380.47,376.93,378.78,374.49,38894400
2023-07-24,376.62,377.58,374.34,376.23,371.97,40380100
2023-07-21,379.18,379.92,375.19,375.63,371.38,60439400
2023-07-20,382.61,384.1,375.72,376.76,372.5,71941700
2023-07-19,386.82,387.98,384.3,385.65,381.29,54093000
2023-07-18,381.96,387.13,380,385.74,381.37,55343400
2023-07-17,379.8,383.5,379.31,382.61,378.28,40868900
2023-07-14,379.59,382.86,378.18,379.07,374.78,55097800
2023-07-13,376.05,379.99,375.46,379.15,374.86,46960000
2023-07-12,372.34,374.19,370.3,372.82,368.6,61975400
2023-07-11,366.79,368.63,364.62,368.17,364,38214100
2023-07-10,365.96,367.05,363.41,366.36,362.21,48498800
2023-07-07,367.23,370.48,366.01,366.24,362.09,47083200
2023-07-06,366.51,367.91,364.52,367.46,363.3,49374700
2023-07-05,368.7,372.01,368.66,370.28,366.09,34460900
2023-07-03,370.07,370.93,368.97,370.29,366.1,19432900
2023-06-30,367.55,370.49,367.23,369.42,365.24,58668800
2023-06-29,364.24,364.89,362.14,363.81,359.69,46151000
2023-06-28,361.98,366.52,361.9,364.54,360.41,46498000
2023-06-27,359.25,364.57,358.51,363.83,359.71,49428100
2023-06-26,362,364.84,357.59,357.68,353.63,52685500
2023-06-23,362.21,364.88,360.82,362.54,358.44,48873900
2023-06-22,360.63,366.33,360.22,366.17,362.03,47603000
2023-06-21,365.74,366.18,360.96,361.9,357.8,53378300
2023-06-20,0.50 Dividend,,,,,
2023-06-20,365.95,368.32,363.89,366.9,362.75,49204700
2023-06-16,372.72,372.85,367.48,367.93,363.27,80875900
2023-06-15,364.61,371.77,363.98,370.26,365.57,71138800
2023-06-14,363.27,366.19,360.42,365.9,361.26,69525600
2023-06-13,363.29,364.11,360.03,363.26,358.66,57097800
2023-06-12,356.19,360.59,355.2,360.49,355.92,44606500
2023-06-09,354.63,357.66,353.03,354.5,350.01,53155900
2023-06-08,349.12,353.62,348.89,353.15,348.67,47153900
2023-06-07,355.13,357.12,348.18,348.82,344.4,69225900
2023-06-06,354.28,355.82,352.93,354.84,350.34,41390400
2023-06-05,354.43,357.5,353.85,354.9,350.4,47266200
2023-06-02,353.8,355.83,352.01,354.65,350.16,53293500
2023-06-01,347.73,353.36,346.66,352.01,347.55,50488600
2023-05-31,348.37,350.6,346.51,347.99,343.58,65105400
2023-05-30,352.71,353.93,348.53,349.98,345.54,72652200
2023-05-26,340.76,349.25,340.66,348.4,343.98,63007000
2023-05-25,339.14,341.01,336.67,339.72,335.41,66862800
2023-05-24,331.37,332.91,329.56,331.65,327.45,62891200
2023-05-23,335.89,337.06,333,333.36,329.14,48216700
2023-05-22,336.25,338.67,336.24,337.64,333.36,43015900
2023-05-19,337.49,338.21,335.43,336.51,332.25,61462400
2023-05-18,331.52,337.49,331.5,337.27,333,64213500
2023-05-17,328.24,331.71,327.04,331.12,326.92,47486100
2023-05-16,326.06,328.9,326.02,327.16,323.01,40019200
2023-05-15,325.51,327.03,323.96,326.79,322.65,33375600
2023-05-12,326.74,327.17,322.94,325.03,320.91,48396200
2023-05-11,325.7,326.75,324.12,326.2,322.07,44278500
2023-05-10,324.12,326.01,321.6,325.14,321.02,60446600
2023-05-09,322,322.88,321.32,321.64,317.56,31768800
2023-05-08,322.42,324.04,321.32,323.69,319.59,36465800
2023-05-05,318.47,323.76,316.21,322.89,318.8,51776000
2023-05-04,317.06,318.23,315.12,316.17,312.16,50224500
2023-05-03,319.75,322.47,317.18,317.29,313.27,59882100
2023-05-02,322.12,322.45,317.61,319.38,315.33,56519400
2023-05-01,322.09,323.63,321.09,322.19,318.11,41013400
2023-04-28,320.11,322.65,318.96,322.56,318.47,59652500
2023-04-27,315.7,320.86,315.05,320.35,316.29,65430400
2023-04-26,313.44,314.94,311.34,311.87,307.92,55400500
2023-04-25,314.29,314.97,309.89,309.99,306.06,57121600
2023-04-24,316.38,317.74,313.74,315.95,311.95,44043100
2023-04-21,315.91,317.4,314.1,316.61,312.6,59002300
2023-04-20,315.69,319.27,314.97,316.28,312.27,62462100
2023-04-19,316.41,319.79,316.28,318.71,314.67,38960100
2023-04-18,320.99,321.42,317.64,318.86,314.82,46746900
2023-04-17,318.15,319.2,316.04,318.84,314.8,43007000
2023-04-14,317.59,320.36,315.61,318.57,314.53,56278300
2023-04-13,314.83,319.65,313.63,319.17,315.13,54613800
2023-04-12,317.82,318.42,312.57,313.04,309.07,62813300
2023-04-11,317.83,317.89,315.31,315.83,311.83,40113600
2023-04-10,315.07,317.92,313.25,317.87,313.84,45134700
2023-04-06,314.24,318.55,312.82,318.05,314.02,46916500
2023-04-05,318.1,319.06,314.07,315.92,311.92,62795700
2023-04-04,320.6,321.63,317.83,319.07,315.03,45875400
2023-04-03,318.77,320.42,317.42,320.15,316.09,47126800
2023-03-31,315.91,321.17,315.6,320.93,316.86,62138100
2023-03-30,315.24,316.32,312.81,315.68,311.68,58354800
2023-03-29,310.88,313.35,310.05,312.72,308.76,53274300
2023-03-28,308.17,308.2,304.77,307.12,303.23,48585900
2023-03-27,311.6,312.7,307.89,308.76,304.85,50287400
2023-03-24,309.32,310.99,306.95,310.89,306.95,57195200
2023-03-23,309.92,314.15,307.01,309.75,305.82,74576000
2023-03-22,310.27,315.25,305.95,306.12,302.24,75791900
2023-03-21,307.94,310.8,306.4,310.34,306.41,49757000
2023-03-20,0.47 Dividend,,,,,
2023-03-20,304.26,306.3,302.01,305.97,302.09,56359500
2023-03-17,306.72,309.15,303.37,305.36,301.02,89923700
2023-03-16,298,307.18,297.19,306.81,302.45,98198100
2023-03-15,294.71,299.27,293.24,298.93,294.69,83631500
2023-03-14,294.31,297.93,293.45,297.37,293.15,73602500
2023-03-13,286.73,294.47,285.19,290.69,286.56,97123600
2023-03-10,292.83,294.35,287.38,288.55,284.45,98593600
2023-03-09,298.33,300.98,291.83,292.66,288.5,71456700
2023-03-08,296.77,298.43,294.88,297.82,293.59,50876300
2023-03-07,300.07,301.01,295.72,296.34,292.13,65955800
2023-03-06,300.94,304,299.82,300.02,295.76,56736300
2023-03-03,295.39,299.92,294.87,299.68,295.42,60511500
2023-03-02,288.66,294.43,288.37,293.61,289.44,53565900
2023-03-01,293.26,293.93,290.2,291.2,287.07,58287000
2023-02-28,293.3,296.12,292.96,293.56,289.39,48243100
2023-02-27,295.07,296.49,293.34,293.94,289.77,48995000
2023-02-24,291.76,292.97,290.05,291.85,287.71,74332000
2023-02-23,297.97,298.13,292.55,296.82,292.61,69294400
2023-02-22,294.62,296.36,292.56,294.25,290.07,51389200
2023-02-21,297.26,298.73,293.89,294.03,289.86,46526700
2023-02-17,301.07,301.93,298.1,301.16,296.88,58230700
2023-02-16,304.38,308.43,303.15,303.3,298.99,59498600
2023-02-15,304.9,309.27,304.2,309.1,304.71,43100600
2023-02-14,302.89,307.72,300.91,306.75,302.39,64079100
2023-02-13,301.13,305.1,299.93,304.5,300.18,39636700
2023-02-10,299.48,301.57,297.25,299.7,295.44,50050100
2023-02-09,308.84,308.99,300.2,301.68,297.4,49137800
2023-02-08,308.54,309.5,303.67,304.37,300.05,56720900
2023-02-07,303.46,311.03,302.32,309.88,305.48,67584000
2023-02-06,303.51,305.91,302.22,303.59,299.28,40802300
2023-02-03,304.94,312.39,304.54,306.18,301.83,76170800
2023-02-02,307.57,313.68,306.73,311.72,307.29,83070600
2023-02-01,294.41,303.43,292.3,300.92,296.65,67562200
2023-01-31,290.31,294.72,290.2,294.62,290.44,46705100
2023-01-30,292.93,294.38,289.89,290.27,286.15,49405800
2023-01-27,292,298.26,291.88,296.26,292.05,56441900
2023-01-26,291.22,293.52,288.52,293.34,289.17,51596300
2023-01-25,283.77,288.36,281.18,287.73,283.64,50872000
2023-01-24,287.31,289.55,286.78,288.37,284.28,44875100
2023-01-23,283.54,290.21,282.73,288.96,284.86,52799900
2023-01-20,276.79,283.02,275.71,282.68,278.67,60613600
2023-01-19,276.22,277.38,273.89,275.15,271.24,44150400
2023-01-18,283.11,284.69,277.67,277.88,273.93,47754500
2023-01-17,280.77,282.85,279.58,281.54,277.54,36269700
2023-01-13,276.5,281.22,276.16,280.97,276.98,44802900
2023-01-12,278.12,280.1,273.74,279.05,275.09,60600000
2023-01-11,273.92,277.66,273.12,277.55,273.61,44077000
2023-01-10,269.49,272.94,268.97,272.83,268.96,35247800
2023-01-09,270.83,275.29,269.92,270.54,266.7,45568700
2023-01-06,263.35,269.94,260.34,268.8,264.98,54659700
2023-01-05,264.04,264.21,261.26,261.58,257.87,45396700
2023-01-04,266.64,267.45,262.53,265.74,261.97,47754900
2023-01-03,268.65,270.15,262.13,264.48,260.72,42335300
2022-12-30,263.62,266.41,262.29,266.28,262.5,37858300
2022-12-29,262.96,267.4,262.25,266.44,262.66,45893600
2022-12-28,263.17,265.47,259.73,260.1,256.41,47139000
2022-12-27,266.74,266.85,263.03,263.58,259.84,38009000
2022-12-23,265.47,268.04,263.53,267.36,263.56,39373600
2022-12-22,270.38,270.51,262.46,266.76,262.97,60278400
2022-12-21,270.6,274.78,269.74,273.45,269.57,46394700
2022-12-20,268.56,271.32,266.95,269.54,265.71,51064200
2022-12-19,0.66 Dividend,,,,,
2022-12-19,273.87,273.96,268.49,269.75,265.92,44167900
2022-12-16,276.2,277.77,272.61,274.25,269.71,68300400
2022-12-15,282.33,283.01,275.67,276.89,272.31,60554100
2022-12-14,288.05,291.41,283.19,286.51,281.77,64984400
2022-12-13,296.65,296.88,285.91,288.65,283.87,80667700
2022-12-12,282.22,285.64,281.16,285.58,280.85,35732500
2022-12-09,282.81,285.64,281.59,282.04,277.37,47860500
2022-12-08,281.91,284.84,279.79,283.85,279.15,42594900
2022-12-07,280.47,282.57,278.78,280.53,275.89,45614300
2022-12-06,287.48,287.62,280.26,281.68,277.02,53937600
2022-12-05,290.38,291.68,286.15,287.64,282.88,41482100
2022-12-02,288.54,293.45,288.36,292.55,287.71,53583200
2022-12-01,293.69,295.75,290.88,293.72,288.86,51547300
2022-11-30,280.84,293.47,279.97,293.36,288.5,74718100
2022-11-29,282.94,283.35,279.17,280.57,275.93,35618900
2022-11-28,284.9,286.96,281.76,282.71,278.03,38714200
2022-11-25,287.19,287.91,286.42,286.92,282.17,15498800
2022-11-23,285.97,289.46,285.79,288.82,284.04,46390000
2022-11-22,282.64,286.11,280.46,285.95,281.22,41873400
2022-11-21,283.4,284.58,281.04,281.89,277.22,40083500
2022-11-18,287.89,287.99,282.32,284.82,280.11,53588600
2022-11-17,280.88,286.32,280.72,284.81,280.1,55462100
2022-11-16,287.39,289.48,284.6,285.44,280.71,48859800
2022-11-15,292.21,293.26,285.97,289.39,284.6,73985400
2022-11-14,285.86,289.21,284.44,285.44,280.71,55290700
2022-11-11,282.56,288.64,281.19,287.96,283.19,66961800
2022-11-10,276.01,283.05,273.85,282.75,278.07,99256700
2022-11-09,267.76,268.56,263.03,263.32,258.96,64862100
2022-11-08,269.14,272.85,265.52,269.54,265.08,63213800
2022-11-07,265.75,268.14,263.57,267.59,263.16,47333800
2022-11-04,265.53,266.61,259.08,264.68,260.3,78313200
2022-11-03,263.01,264.5,260.1,260.49,256.18,70038900
2022-11-02,275.08,278.21,265.61,265.68,261.28,79803100
2022-11-01,281.5,282.07,274.74,275.11,270.56,45895900
2022-10-31,278.92,279.76,275.99,277.95,273.35,47742000
2022-10-28,272.23,281.7,272.06,281.22,276.56,62651300
2022-10-27,276.79,278.28,272.34,272.87,268.35,57760300
2022-10-26,278.46,283.98,277.43,277.93,273.33,63492400
2022-10-25,279.41,284.6,277.9,284.21,279.51,59014500
2022-10-24,275.69,279.4,271.97,278.45,273.84,63963600
2022-10-21,267.98,275.97,266.82,275.42,270.86,77897700
2022-10-20,269.58,274.84,267.92,269.11,264.66,60605500
2022-10-19,269.93,273.68,268.07,270.49,266.01,53115400
2022-10-18,276.53,277.21,268.74,271.48,266.99,69781000
2022-10-17,266.84,270.24,266.74,269.35,264.89,64576500
2022-10-14,271.2,271.81,260.14,260.74,256.42,77244300
2022-10-13,255.16,270.17,254.26,268.82,264.37,112894100
2022-10-12,263.4,265.36,261.95,262.66,258.31,50580200
2022-10-11,264.7,267.63,261.03,262.75,258.4,66522500
2022-10-10,269.3,269.7,263.64,266.41,262,60393000
2022-10-07,275.02,275.15,267.74,269.1,264.65,71354700
2022-10-06,280.96,284.18,279.43,279.76,275.13,53489400
2022-10-05,278.28,283.81,275.42,281.98,277.31,55766300
2022-10-04,278.99,282.85,278.99,282.13,277.46,66696900
2022-10-03,269.07,275.16,267.53,273.53,269,61267400
2022-09-30,271.03,275.19,267.1,267.26,262.84,78482400
2022-09-29,275.86,276.25,268.84,271.87,267.37,81216000
2022-09-28,274.46,281.25,272.95,279.94,275.31,79652100
2022-09-27,277.81,280.21,272.11,274.48,269.94,69780100
2022-09-26,275.03,279.49,273.56,274.37,269.83,71176700
2022-09-23,277.55,277.85,272.02,275.51,270.95,74815200
2022-09-22,282,283.03,278.82,280.07,275.43,62757100
2022-09-21,289.59,293.95,283.42,283.56,278.87,82931000
2022-09-20,288.49,291.07,286.38,288.73,283.95,51271100
2022-09-19,0.52 Dividend,,,,,
2022-09-19,286.1,291.21,286.04,291.05,286.23,52613800
2022-09-16,287.72,289.72,285.62,289.32,284.02,79920400
2022-09-15,294.07,296.53,289.46,291.1,285.77,65299400
2022-09-14,294.87,296.93,293.06,296.03,290.61,54907200
2022-09-13,301.8,303.02,292.79,293.7,288.32,79562200
2022-09-12,308.5,311.08,308.18,310.74,305.05,45905700
2022-09-09,302.83,307.6,300.52,307.09,301.46,56125200
2022-09-08,296.85,301.87,295.45,300.52,295.02,55649800
2022-09-07,293.54,299.99,293.27,298.97,293.49,49260400
2022-09-06,295.66,296.6,290.87,293.05,287.68,57005400
2022-09-02,302.34,303.75,293.52,295.17,289.76,64666800
2022-09-01,296.72,299.78,292.95,299.4,293.92,57990700
2022-08-31,303.99,304.91,299.16,299.27,293.79,50044000
2022-08-30,306.1,306.73,298.44,301.02,295.51,51184500
2022-08-29,304.62,307.22,303.28,304.41,298.83,48321900
2022-08-26,320.28,321.51,307.35,307.44,301.81,69047700
2022-08-25,316.83,320.6,315.76,320.58,314.71,38098300
2022-08-24,313.61,316.87,312.99,315.01,309.24,38057100
2022-08-23,314.12,317,313.33,314.1,308.35,39497100
2022-08-22,318.5,318.74,313.53,314.36,308.6,51098900
2022-08-19,326.17,326.84,322.08,322.86,316.95,51770600
2022-08-18,328.44,330.49,326.79,329.28,323.25,41937200
2022-08-17,329.07,331.43,326.36,328.49,322.47,47842200
2022-08-16,332.06,334.42,329.16,332.28,326.19,41186900
2022-08-15,329.42,333.57,329.4,333.06,326.96,38266600
2022-08-12,326.18,330.59,325.1,330.39,324.34,40928400
2022-08-11,328.31,330.36,323.36,324.08,318.14,45897700
2022-08-10,324.59,326.23,322.06,325.93,319.96,51459600
2022-08-09,318.77,319.03,315.42,317.08,311.27,39764200
2022-08-08,322.69,326.47,319.21,320.71,314.84,43878500
2022-08-05,319.19,323.83,318.39,321.75,315.86,53894000
2022-08-04,322.97,324.72,320.77,324.4,318.46,38973700
2022-08-03,316.05,323.73,315.99,322.89,316.98,53735700
2022-08-02,312.92,318.55,311.84,314.33,308.57,48676500
2022-08-01,313.65,318.81,312.53,315.27,309.49,46358800
2022-07-29,311.39,316.39,309.93,315.46,309.68,57501000
2022-07-28,306.59,310.4,302.75,309.81,304.14,55139900
2022-07-27,299.04,308.54,298.46,306.81,301.19,69304400
2022-07-26,298.53,298.79,293.54,294.37,288.98,50074100
2022-07-25,302.02,302.5,298.22,300.27,294.77,40582400
2022-07-22,306.43,308.55,300.12,301.99,296.46,57127700
2022-07-21,303.5,307.44,300.78,307.38,301.75,55049400
2022-07-20,298.73,304.24,297.93,303.03,297.48,67769400
2022-07-19,293.11,298.6,291.47,298.3,292.84,55172600
2022-07-18,294.72,296.16,288.2,289.4,284.1,59519600
2022-07-15,289.73,291.98,288.08,291.87,286.52,63818100
2022-07-14,282.99,287.56,279.8,286.67,281.42,63741800
2022-07-13,280.6,288.05,280.02,285.65,280.42,73939400
2022-07-12,290.32,292.28,284.61,286.24,281,55797100
2022-07-11,292.88,293.11,288.14,289.04,283.75,55273900
2022-07-08,292.08,296.75,291.12,295.35,289.94,59895500
2022-07-07,289.63,295.7,289.63,294.98,289.58,56620100
2022-07-06,287.35,290.95,285.59,288.8,283.51,63194700
2022-07-05,278.31,287.08,276.75,286.96,281.7,61829300
2022-07-01,278.95,282.53,277.03,282.13,276.96,56675100
2022-06-30,280.75,283.94,275.78,280.28,275.15,79313600
2022-06-29,283.4,285.34,280.84,283.8,278.6,57302700
2022-06-28,293,295.65,283.35,283.54,278.35,61609800
2022-06-27,296,296.58,291.29,292.45,287.09,54151500
2022-06-24,287.74,295.04,287.5,294.61,289.21,58422300
2022-06-23,283.21,285.72,280.31,284.85,279.63,57457800
2022-06-22,278.52,285.18,277.91,280.67,275.53,67472900
2022-06-21,0.53 Dividend,,,,,
2022-06-21,278.75,283.45,278.64,281.08,275.93,51633700
2022-06-17,272.18,277.19,270.51,274.69,269.14,82703400
2022-06-16,275.59,276.06,269.28,271.39,265.91,81910300
2022-06-15,279.42,286.83,276.61,282.8,277.09,86051400
2022-06-14,277.66,278.66,273.34,275.91,270.34,64697500
2022-06-13,279.75,282.34,274.53,275.41,269.85,94442000
2022-06-10,293.65,294.87,288.38,288.84,283.01,85963500
2022-06-09,305.91,309.05,299.23,299.4,293.35,55900500
2022-06-08,309.05,311.72,306.77,307.64,301.43,38342100
2022-06-07,303.81,310.67,302.69,309.87,303.61,44900300
2022-06-06,310.75,312.35,305.62,307.22,301.01,51785000
2022-06-03,309.03,310.47,304.92,306.2,300.01,60914700
2022-06-02,304.85,314.56,303.4,314.38,308.03,59291300
2022-06-01,310.47,312.65,303.73,306,299.82,65341700
2022-05-31,309.07,311.33,304.33,308.28,302.05,60968300
2022-05-27,302.54,309.25,302.42,309.1,302.86,66985600
2022-05-26,290.44,300.92,290.15,299.33,293.28,59462200
2022-05-25,285.71,293.39,285.5,291.26,285.38,67144500
2022-05-24,288.13,288.86,282.25,287.24,281.44,73491100
2022-05-23,289.75,293.87,287.29,293.48,287.55,63648400
2022-05-20,293.13,293.8,280.21,288.68,282.85,91764200
2022-05-19,289.29,294.39,287.58,289.58,283.73,79920700
2022-05-18,301.54,302.25,289.85,291.14,285.26,79477100
2022-05-17,304.45,306.56,300.55,306.17,299.99,62715300
2022-05-16,300.15,302.26,297.13,298.44,292.41,59190400
2022-05-13,295.72,303,294.08,301.94,295.84,83684900
2022-05-12,287.45,295.75,284.94,291.15,285.27,120910900
2022-05-11,298.44,304.09,290.95,291.84,285.94,140326100
2022-05-10,304.51,305.76,296.57,300.76,294.68,124124600
2022-05-09,303.48,309.35,295.72,297.15,291.15,113387300
2022-05-06,310.95,315.09,305.11,309.25,303,139572800
2022-05-05,325.17,325.25,309.62,313,306.68,154607400
2022-05-04,319.31,330.29,313.89,329.6,322.94,116083400
2022-05-03,318.5,321.17,315.98,318.82,312.38,78185500
2022-05-02,312.83,318.72,309.65,318.48,312.05,115511800
2022-04-29,323.7,327.23,312.6,313.25,306.92,91977900
2022-04-28,321.85,329.89,317.52,328.01,321.38,99450000
2022-04-27,317.24,322.88,315,316.76,310.36,111204200
2022-04-26,327.47,327.66,316.86,317.14,310.73,105819600
2022-04-25,323.73,329.9,322.43,329.58,322.92,101755900
2022-04-22,334.31,335.56,324.96,325.4,318.83,82562100
2022-04-21,345.19,347.87,333.2,334.15,327.4,75801000
2022-04-20,347.09,347.56,339.96,341.21,334.32,65500000
2022-04-19,338.03,346.85,336.98,346.26,339.27,56515700
2022-04-18,337.35,341.04,335.79,338.69,331.85,58560600
2022-04-14,346.44,346.97,338.21,338.43,331.59,73519400
2022-04-13,339.8,347.43,339.06,346.35,339.35,61367800
2022-04-12,345.76,347.69,338.04,339.45,332.59,72790200
2022-04-11,344.81,345.75,340.54,340.89,334,66107400
2022-04-08,352.32,353.09,348.5,349.15,342.1,61956100
2022-04-07,352.24,356.35,348.69,354.1,346.95,63777400
2022-04-06,355.65,356.78,350.56,353.26,346.12,90077100
2022-04-05,367.81,368.54,359.93,361.1,353.81,62738700
2022-04-04,362.71,369.31,362.44,369.3,361.84,45950200
2022-04-01,362.81,363.61,358.59,361.85,354.54,54527800
2022-03-31,367.24,367.6,361.68,362.54,355.22,67011400
2022-03-30,369.28,370.98,365.57,367.09,359.67,68757700
2022-03-29,368.9,371.83,366.06,371.19,363.69,68073000
2022-03-28,359.34,365.01,358.07,364.91,357.54,56833900
2022-03-25,359.59,360.67,354.94,359.35,352.09,57584200
2022-03-24,353.8,359.7,351.59,359.65,352.38,53555300
2022-03-23,354.01,357.66,351.77,351.83,344.72,70615500
2022-03-22,350.59,357.85,350.2,356.96,349.75,63345900
2022-03-21,0.43 Dividend,,,,,
2022-03-21,350.2,352.48,345.58,350.08,343.01,73799100
2022-03-18,342.74,351.79,341.55,351.49,343.96,85446300
2022-03-17,338.37,344.5,337.04,344.44,337.07,67810000
2022-03-16,332.17,340.44,328.4,340.32,333.03,105243000
2022-03-15,320.88,328.95,319.23,328.15,321.12,76471000
2022-03-14,323.13,326.59,317.45,318.17,311.36,79802600
2022-03-11,334.32,334.64,323.9,324.4,317.45,66228400
2022-03-10,330.82,332.51,326.71,331.27,324.18,69362700
2022-03-09,331.75,336.38,329.09,334.99,327.82,64723400
2022-03-08,324.05,333.21,319.94,323.35,316.43,116153900
2022-03-07,337.29,338.48,324.65,324.86,317.9,89933800
2022-03-04,339.84,341.31,334.92,337.3,330.08,76936300
2022-03-03,349.93,350.04,340.35,342.26,334.93,71089400
2022-03-02,343.08,348.59,340.24,347.22,339.79,70609000
2022-03-01,345.75,348.08,338.9,341.49,334.18,67407000
2022-02-28,342.51,348.54,341.32,346.8,339.37,77515500
2022-02-25,341.31,345.98,337.39,345.77,338.37,78842100
2022-02-24,318.84,341.04,318.26,340.49,333.2,130614100
2022-02-23,341.32,342.18,329.1,329.42,322.37,86215400
2022-02-22,338.49,344.04,334.35,338.08,330.84,85967100
2022-02-18,346.41,346.81,339.14,341.51,334.2,80001500
2022-02-17,352.74,353.46,345.02,345.45,338.05,61801400
2022-02-16,353.82,357.09,350.71,356.04,348.42,58947100
2022-02-15,352.91,356.37,351.82,356.13,348.5,55128800
2022-02-14,346.49,350.98,343.89,347.49,340.05,80254400
2022-02-11,358.43,360.07,345.8,347.06,339.63,101569100
2022-02-10,359.52,366.49,356.54,358.43,350.76,112468500
2022-02-09,363.76,366.81,362.12,366.73,358.88,55766400
2022-02-08,353.96,360.24,352.8,359.12,351.43,64720900
2022-02-07,358.62,361.05,353.84,355.13,347.53,58198100
2022-02-04,354.08,361.4,351.97,358.01,350.34,86318300
2022-02-03,358.53,361.93,352.46,353.55,345.98,95384800
2022-02-02,369.76,370.1,364.29,368.49,360.6,78777100
2022-02-01,364.43,366.19,359.14,365.52,357.69,74433000
2022-01-31,353.2,363.65,351.52,363.05,355.28,94326400
2022-01-28,343.03,352.02,337.95,351.8,344.27,108167900
2022-01-27,349.4,351.27,340.05,341.1,333.8,95255700
2022-01-26,352.91,356.88,340.78,344.57,337.19,146559500
2022-01-25,346.67,351.03,341.68,345.11,337.72,124398400
2022-01-24,345.91,353.98,334.15,353.3,345.74,198685800
2022-01-21,359.47,362.18,351.4,351.69,344.16,143388900
2022-01-20,369.79,373.87,361.17,361.72,353.98,88610700
2022-01-19,372.15,374.69,366.21,366.48,358.63,81791500
2022-01-18,374.04,376.22,369.77,370.55,362.62,75450900
2022-01-14,375.07,380.35,374.86,380.01,371.87,80121200
2022-01-13,388.77,389.47,376.7,377.66,369.57,77994000
2022-01-12,388.46,390.2,385.01,387.35,379.06,54576400
2022-01-11,379.36,385.99,377.22,385.82,377.56,68295700
2022-01-10,374.82,380.64,369.31,380.11,371.97,91770500
2022-01-07,384.03,385.76,378.04,379.86,371.73,72652300
2022-01-06,382.42,387.35,380.13,384.02,375.8,70814300
2022-01-05,394.74,395.89,384.03,384.29,376.06,75739800
2022-01-04,402.24,402.28,393.29,396.47,387.98,58027200
2022-01-03,399.05,401.94,396.88,401.68,393.08,40575900
2021-12-31,399.66,401.06,397.34,397.85,389.33,34752900
2021-12-30,401.33,403.57,399.75,400.35,391.78,23850100
2021-12-29,401.75,403.05,399.11,401.55,392.95,32248500
2021-12-28,404.4,404.58,400.71,401.61,393.01,33113700
2021-12-27,398.25,403.48,398.22,403.48,394.84,32820700
2021-12-23,394.31,398.43,394.14,396.92,388.42,29595500
2021-12-22,388.91,394.16,388.23,393.95,385.52,37042200
2021-12-21,384.05,389.53,380.2,389.21,380.88,48899500
2021-12-20,0.49 Dividend,,,,,
2021-12-20,379.57,381.5,377.47,380.69,372.54,65336800
2021-12-17,383.33,389.19,381.77,384.91,376.19,80492500
2021-12-16,398.04,398.48,385.21,386.84,378.07,82591400
2021-12-15,387.94,397.42,383.88,397.05,388.05,73858000
2021-12-14,387.3,390.09,383.63,388.2,379.4,75199200
2021-12-13,398,398.33,391.88,392.26,383.37,50166400
2021-12-10,396.62,398.28,393.36,398.01,388.99,52545800
2021-12-09,398.35,400.2,393.53,393.73,384.81,49973700
2021-12-08,398.17,399.82,396.22,399.61,390.56,39204000
2021-12-07,393.03,398.46,392.99,397.83,388.82,56005300
2021-12-06,383.63,387.6,379.3,386.2,377.45,67588800
2021-12-03,391.31,392.34,378.9,383.13,374.45,105349100
2021-12-02,385.8,391.74,384.34,389.91,381.08,84416600
2021-12-01,398.28,400.48,386.64,387.12,378.35,77766500
2021-11-30,398.78,401.19,391.75,393.82,384.9,81332700
2021-11-29,395.89,400.73,395.14,399.69,390.63,54447100
2021-11-26,396.11,397.54,389.77,391.2,382.34,51533300
2021-11-24,394.93,399.05,392.54,398.76,389.72,46954400
2021-11-23,398.11,400.23,392.92,397.48,388.47,70098700
2021-11-22,405.57,408.71,399.19,399.3,390.25,61715400
2021-11-19,403.43,405.3,402.58,403.99,394.84,45191700
2021-11-18,399.73,402.27,397.45,401.75,392.65,45721500
2021-11-17,397.75,399.72,396.64,397.63,388.62,28703300
2021-11-16,393.86,397.93,393.66,397.42,388.41,27872900
2021-11-15,395.91,396.24,392.1,394.61,385.67,33716900
2021-11-12,391.77,395.25,390.13,394.7,385.76,34730600
2021-11-11,392.57,392.75,390.24,390.59,381.74,32243000
2021-11-10,392.47,395.36,387.53,389.51,380.68,54937400
2021-11-09,399.16,399.57,393.92,395.32,386.36,50490700
2021-11-08,398.57,399.62,397.4,398.06,389.04,29256300
2021-11-05,400.04,400.99,397.16,398.6,389.57,43383800
2021-11-04,394.48,399.2,393.92,398.22,389.2,40265300
2021-11-03,389.55,393.61,388.48,393.18,384.27,33748900
2021-11-02,386.8,389.54,386.75,389.05,380.23,25135300
2021-11-01,386.56,387.56,384.42,387.43,378.65,30765300
2021-10-29,381.06,386.28,380.7,386.11,377.36,37310100
2021-10-28,381.95,384.48,381.16,384.22,375.51,38007000
2021-10-27,379.58,383.15,379.31,380,371.39,45760500
2021-10-26,380.23,382.71,377.91,379.12,370.53,47191300
2021-10-25,375.56,378.87,373.56,377.93,369.37,32597800
2021-10-22,375.98,376.97,372.39,374.1,365.62,36275800
2021-10-21,374.16,377.47,373.85,377.27,368.72,25469300
2021-10-20,375.94,376.57,373.46,374.98,366.48,31390300
2021-10-19,373.75,375.52,372.7,375.47,366.96,29091000
2021-10-18,367.61,372.87,366.99,372.65,364.21,34513500
2021-10-15,367.88,369.06,366.82,368.94,360.58,40419900
2021-10-14,363.69,366.85,363.01,366.63,358.32,43433900
2021-10-13,359.51,360.69,357.43,360,351.84,40120800
2021-10-12,359.88,360.33,356.48,357.14,349.05,43905100
2021-10-11,359.58,363.2,358.3,358.39,350.27,34847200
2021-10-08,364.08,364.32,360.61,361.16,352.98,41822300
2021-10-07,362.8,365.69,362.25,362.97,354.75,39411200
2021-10-06,354.08,359.95,353.15,359.67,351.52,56806500
2021-10-05,353.71,359.69,353.48,357.38,349.28,47232900
2021-10-04,358.52,358.86,350.32,352.62,344.63,76766000
2021-10-01,358.6,361.25,354.38,360.18,352.02,56375500
2021-09-30,360.97,362.68,357.1,357.96,349.85,61384600
2021-09-29,361.17,363.37,358.64,359.28,351.14,58076600
2021-09-28,365.67,370.3,359.35,359.87,351.72,97701600
2021-09-27,370.2,371.25,367.73,370.35,361.96,43338100
2021-09-24,370.65,373.76,370.27,373.33,364.87,36056800
2021-09-23,370.76,374.04,370.1,372.98,364.53,44652000
2021-09-22,367.09,371.07,365.96,369.57,361.2,46972900
2021-09-21,367.58,368.81,364.99,366.15,357.85,41927500
2021-09-20,0.41 Dividend,,,,,
2021-09-20,367.46,369.25,360.93,365.7,357.41,76203200
2021-09-17,377.82,377.87,372.76,373.83,364.95,60912300
2021-09-16,376.68,378.9,374.7,378.31,369.33,35193100
2021-09-15,375.73,378.41,373.37,378.05,369.07,34097900
2021-09-14,377.86,378.61,374.28,375.26,366.35,41826600
2021-09-13,378.99,379.43,374.22,376.33,367.4,48741800
2021-09-10,381.23,381.97,376.25,376.59,367.65,40249400
2021-09-09,381.01,382.15,379.22,379.47,370.46,29399000
2021-09-08,381.93,381.93,378.45,380.78,371.74,32949200
2021-09-07,381.68,382.78,380.49,382.11,373.04,23970200
2021-09-03,379.22,381.98,379.2,381.57,372.51,24605400
2021-09-02,381.97,382.31,379.15,380.4,371.37,25453400
2021-09-01,381.04,382.71,380.37,380.58,371.54,28138300
2021-08-31,380.51,380.58,378.36,379.95,370.93,29628200
2021-08-30,376.85,380.76,376.83,380.26,371.23,27295700
2021-08-27,373.07,376.56,372.57,376.04,367.11,27104700
2021-08-26,373.92,374.62,371.97,372.42,363.58,29133300
2021-08-25,374.63,375.39,373.86,374.8,365.9,20441900
2021-08-24,373.84,374.99,373.36,374.37,365.48,21732900
2021-08-23,368.8,373.94,368.79,373.23,364.37,34034700
2021-08-20,365.06,368.14,364.74,367.73,359,39486000
2021-08-19,360.22,365.68,359.96,363.96,355.32,48499400
2021-08-18,365.18,366.62,361.87,362.21,353.61,38541900
2021-08-17,366.15,367.15,363.23,365.73,357.05,44793900
2021-08-16,367.67,369.02,363.7,368.98,360.22,34856900
2021-08-13,367.89,369.16,367.38,368.82,360.06,19336200
2021-08-12,365.69,367.9,364.3,367.53,358.8,25969200
2021-08-11,368.14,368.65,364.84,366.21,357.52,34249800
2021-08-10,369.26,369.56,365.62,366.84,358.13,35130800
2021-08-09,368.52,369.27,367.39,368.73,359.98,25960200
2021-08-06,368.37,369.37,366.91,368.05,359.31,33332100
2021-08-05,368.18,369.91,367.45,369.67,360.89,21443900
2021-08-04,366.77,368.32,365.63,367.34,358.62,29602200
2021-08-03,365.28,366.93,362,366.81,358.1,35558500
2021-08-02,366.28,366.88,363.87,364.6,355.94,27334100
2021-07-30,362.44,365.17,362.41,364.57,355.91,36484600
2021-07-29,365.25,367.68,365.25,366.48,357.78,25672500
2021-07-28,365.6,367.45,363.24,365.83,357.14,42066200
2021-07-27,368.22,368.22,360.16,364.43,355.78,57933100
2021-07-26,367.49,368.89,366.6,368.49,359.74,28438100
2021-07-23,365.31,368.49,363.92,368.2,359.46,31960800
2021-07-22,361.77,363.96,361.77,363.95,355.31,30252200
2021-07-21,358.35,361.56,358.12,361.56,352.98,30259900
2021-07-20,355.63,360.28,353.8,358.79,350.27,42183700
2021-07-19,354.05,355.18,352.04,354.67,346.25,64404600
2021-07-16,361.4,362.41,357.24,357.6,349.11,47262000
2021-07-15,362.98,363.19,358.46,360.52,351.96,53391600
2021-07-14,364.83,365.49,362.22,363.07,354.45,35336400
2021-07-13,362.03,365.47,361.54,362.42,353.82,39723000
2021-07-12,362.45,362.89,360.83,362.42,353.82,25717700
2021-07-09,358.17,361.5,357.57,361.01,352.44,35184500
2021-07-08,355.74,359.65,354.42,358.77,350.25,50890000
2021-07-07,362.45,362.76,358.94,360.95,352.38,35265200
2021-07-06,359.26,360.48,356.49,360.19,351.64,38842400
2021-07-02,356.52,358.97,356.28,358.64,350.13,32727200
2021-07-01,354.07,355.09,352.68,354.57,346.15,29290000
2021-06-30,354.83,355.23,353.83,354.43,346.02,32724000
2021-06-29,353.53,355.02,352.67,354.99,346.56,29426000
2021-06-28,350.78,353.85,350.72,353.71,345.31,39130300
2021-06-25,350.47,350.72,348.84,349.46,341.16,28682800
2021-06-24,349.73,351.46,349.17,349.89,341.58,32581600
2021-06-23,347.51,348.92,346.88,347.74,339.48,27188500
2021-06-22,344.15,348.03,343.84,347.57,339.32,28941600
2021-06-21,0.40 Dividend,,,,,
2021-06-21,342.43,344.69,340.15,344.36,336.18,32992600
2021-06-18,343.63,344.81,341.86,342.63,334.11,55414900
2021-06-17,339.97,346.38,339.92,345.34,336.75,59722700
2021-06-16,342.74,343.84,337.45,341.01,332.53,55399500
2021-06-15,344.15,344.47,341.52,342.26,333.75,35963800
2021-06-14,341.68,344.52,340.46,344.51,335.94,27827700
2021-06-11,340.36,341.25,339.69,341.24,332.75,21222800
2021-06-10,337.19,340.46,336.73,340.35,331.88,33702100
2021-06-09,338.17,338.97,336.65,336.84,328.46,21485300
2021-06-08,338.4,339.29,335.03,336.76,328.38,27282800
2021-06-07,335.05,336.66,334.34,336.6,328.23,32611900
2021-06-04,331.85,336.06,331.78,335.6,327.25,38736500
2021-06-03,330.55,331.86,328.28,330,321.79,37057800
2021-06-02,333.25,334.34,331.7,333.47,325.18,22047900
2021-06-01,335.3,335.79,331.43,332.82,324.54,31145400
2021-05-28,334.12,335.57,333.6,333.93,325.62,29927400
2021-05-27,333.67,334.54,332.67,332.88,324.6,27931700
2021-05-26,333.66,334.61,332.95,334.13,325.82,25444900
2021-05-25,334.07,334.81,331.76,332.97,324.69,31280300
2021-05-24,329.37,333.67,326.9,332.51,324.24,32475800
2021-05-21,330.43,330.86,326.64,327.01,318.88,50330400
2021-05-20,324.12,329.71,323.89,328.83,320.65,46466100
2021-05-19,316.66,322.9,316.3,322.59,314.57,66319100
2021-05-18,325.39,326.65,321.94,322.22,314.21,36528500
2021-05-17,324.63,326.37,321.45,324.41,316.34,39395000
2021-05-14,322.6,327.33,322.08,326.39,318.27,44370000
2021-05-13,319.92,322.4,316.9,319.34,311.4,69877800
2021-05-12,320.23,322.62,316,316.89,309.01,91164900
2021-05-11,319.7,326.13,319.02,325.31,317.22,71963600
2021-05-10,332.78,332.96,325.55,325.76,317.66,60700500
2021-05-07,334.37,336.65,331.69,334.2,325.89,53324500
2021-05-06,328.76,331.67,326.45,331.51,323.26,46814300
2021-05-05,332.25,333.14,328.23,329.03,320.85,46219300
2021-05-04,333.56,333.89,326.21,330.14,321.93,65147000
2021-05-03,339.23,340,335.73,336.19,327.83,29729700
2021-04-30,337.7,340.26,337.05,337.99,329.58,38263400
2021-04-29,342.37,342.8,336.9,340.22,331.76,37708900
2021-04-28,339.81,340.85,338.33,339,330.57,33615700
2021-04-27,341.93,342.15,339.17,340.15,331.69,33187200
2021-04-26,339.67,341.92,338.9,341.63,333.13,30812000
2021-04-23,335.85,340.77,335.85,339.42,330.98,36381900
2021-04-22,338.89,339.9,334.01,335.2,326.86,45936100
2021-04-21,335.09,339.48,333.97,339.29,330.85,36598100
2021-04-20,338.2,339.52,334.38,336.41,328.04,38081800
2021-04-19,340.39,341.58,336.9,338.88,330.45,34533100
2021-04-16,342.15,342.23,340.08,342.01,333.5,40860100
2021-04-15,339.47,342.01,336.22,341.61,333.11,36342800
2021-04-14,340.85,340.98,335.67,336.51,328.14,42564300
2021-04-13,338.24,341.08,338.02,340.6,332.13,30374000
2021-04-12,336.04,337.1,334.73,336.67,328.3,25833000
2021-04-09,333.68,337.32,332.92,337.11,328.73,36664900
2021-04-08,334.56,335.27,333.74,335.08,326.75,29940800
2021-04-07,330.33,332.48,329.37,331.62,323.37,32046400
2021-04-06,330.73,332.83,330.02,330.82,322.59,33537200
2021-04-05,327.13,331.84,326.88,331.05,322.82,42172500
2021-04-01,323.07,324.71,322.81,324.57,316.5,55685600
2021-03-31,316.16,320.74,315.81,319.13,311.19,55032500
2021-03-30,313.89,314.91,311.54,314.32,306.5,44635700
2021-03-29,315.45,316.99,312.47,315.91,308.05,54608000
2021-03-26,311.11,316.33,309.67,316,308.14,63519600
2021-03-25,309.97,312.89,307.39,311.33,303.59,78729000
2021-03-24,318.63,318.67,311.72,311.87,304.11,64803700
2021-03-23,319.73,321.09,316.38,317.22,309.33,53455400
2021-03-22,0.40 Dividend,,,,,
2021-03-22,315.21,320.74,315.21,318.61,310.69,56194800
2021-03-19,311.87,314.73,309.66,313.14,304.97,78446200
2021-03-18,316.87,317.88,311.57,312.04,303.89,82718100
2021-03-17,317.45,323.85,315.68,321.9,313.5,78258700
2021-03-16,321.09,324.2,319.1,320.58,312.21,54925900
2021-03-15,315.79,319,314.1,318.83,310.51,42955700
2021-03-12,313.86,318.23,311.39,315.46,307.23,69315600
2021-03-11,315.77,319.86,314.85,318.04,309.74,53484800
2021-03-10,316.16,316.47,310.17,310.88,302.77,76798100
2021-03-09,307.47,313.73,306.92,311.77,303.63,80391100
2021-03-08,308.12,310.06,299.51,299.94,292.11,88409800
2021-03-05,306.8,309.61,297.45,308.68,300.62,121523700
2021-03-04,308.78,312.04,300.11,304.1,296.16,139131600
2021-03-03,317.27,318.24,309.1,309.16,301.09,86301100
2021-03-02,324.25,324.33,318.14,318.4,310.09,48370000
2021-03-01,319.27,323.94,317.94,323.59,315.14,49164500
2021-02-26,315.85,319.11,310.88,314.14,305.94,104739800
2021-02-25,321.39,324.03,311.24,312.83,304.66,110182600
2021-02-24,318.74,324.45,315.96,324.13,315.67,58206300
2021-02-23,317,323.2,311,321.48,313.09,97241900
2021-02-22,326.5,327.8,322.23,322.44,314.02,47256900
2021-02-19,333.86,333.99,329.97,331.02,322.38,39157700
2021-02-18,330.23,333.87,328.36,332.47,323.79,32236200
2021-02-17,332.47,335.66,330.17,333.93,325.21,31360300
2021-02-16,337.27,338.19,334.34,335.54,326.78,27080800
2021-02-12,333.71,336.62,332.63,336.45,327.67,20346800
2021-02-11,334.33,335,332.12,334.58,325.85,22046100
2021-02-10,334.99,335.46,329.5,332.75,324.06,28068700
2021-02-09,332.62,334.81,332.61,333.51,324.8,17597500
2021-02-08,333.1,333.74,331.41,333.58,324.87,20462800
2021-02-05,331.22,332.4,329.53,331.36,322.71,22732000
2021-02-04,327.82,330.33,326.46,330.24,321.62,22350900
2021-02-03,329.82,330.2,326.32,326.38,317.86,24824500
2021-02-02,325.48,328.87,325.31,327.68,319.13,33930800
2021-02-01,318.11,323.54,316.02,322.42,314,35646000
2021-01-29,319.58,320.72,312.76,314.56,306.35,55259000
2021-01-28,320.67,326.42,320.03,321.32,312.93,42836300
2021-01-27,326.26,326.27,317.36,319.43,311.09,55264000
2021-01-26,328.85,329.76,327.22,328.59,320.01,25498100
2021-01-25,328.91,330.32,321.41,328.11,319.55,39080600
2021-01-22,325.29,326.46,324.71,325.42,316.93,21609400
2021-01-21,325.15,327.13,323.73,326.36,317.84,25130600
2021-01-20,320.14,324.74,316.51,323.77,315.32,30728100
2021-01-19,314.25,316.93,313.12,316.41,308.15,24537000
2021-01-15,314.13,315.12,310.58,311.86,303.72,35118700
2021-01-14,316.5,317.53,313.86,314.35,306.14,23500100
2021-01-13,314.19,316.86,313.57,316.04,307.79,22898400
2021-01-12,314.46,315.58,311.2,313.92,305.73,29266800
2021-01-11,315.98,317.19,313.75,314.42,306.21,32746400
2021-01-08,317.34,319.39,315.08,319.03,310.7,33955800
2021-01-07,310.28,315.84,310.25,314.98,306.76,30394800
2021-01-06,307,311.88,305.98,307.54,299.51,52809600
2021-01-05,308.29,312.14,308.29,311.86,303.72,29323400
2021-01-04,315.11,315.29,305.18,309.31,301.24,45305900
2020-12-31,312.87,314.24,311.76,313.74,305.55,21611400
2020-12-30,314.16,314.49,312.33,312.97,304.8,18138100
2020-12-29,314.05,314.69,312.03,312.96,304.79,25871900
2020-12-28,312.25,313.17,310.36,312.68,304.52,22497700
2020-12-24,308.47,310.02,308.39,309.56,301.48,16785000
2020-12-23,309.81,310.18,308.04,308.2,300.16,21201300
2020-12-22,309.85,310.71,306.85,309.76,301.67,26176300
2020-12-21,0.56 Dividend,,,,,
2020-12-21,306.46,309.47,303.6,308.92,300.86,37095500
2020-12-18,311.66,311.98,307.61,310.06,301.42,41173400
2020-12-17,310.63,311.24,309.39,311,302.33,23730500
2020-12-16,307.7,309.79,306.62,308.98,300.37,25461900
2020-12-15,306.37,307.29,304.11,307.29,298.73,25709000
2020-12-14,303.08,306.05,303.01,304.04,295.57,28804800
2020-12-11,300.81,301.98,298.47,301.85,293.44,26760400
2020-12-10,299.21,303.68,298.09,302.52,294.09,27519500
2020-12-09,308.07,308.36,300.21,301.31,292.91,48839300
2020-12-08,306.76,308.6,304.95,308.29,299.7,18341500
2020-12-07,305.71,307.63,305.52,307.25,298.69,20851000
2020-12-04,304.33,305.67,303.63,305.52,297.01,19332100
2020-12-03,304.17,305.88,303.53,304.28,295.8,22828700
2020-12-02,302.25,304.2,300.35,303.85,295.38,23620000
2020-12-01,301.97,305.14,300.83,303.46,295,27521300
2020-11-30,299.34,299.97,294.78,299.62,291.27,27836200
2020-11-27,298.31,300.17,297.9,299.01,290.68,17163100
2020-11-25,295.57,296.94,294.59,296.28,288.02,23326800
2020-11-24,291.49,294.98,289.63,294.47,286.26,24516800
2020-11-23,291.41,292.75,288.07,290.39,282.3,26875600
2020-11-20,292.3,293.07,290.29,290.38,282.29,25907300
2020-11-19,289.54,292.7,288.85,292.38,284.23,22718400
2020-11-18,291.7,293.37,290.02,290.11,282.03,28069600
2020-11-17,293.4,293.74,291.61,292.27,284.13,21843500
2020-11-16,290.62,293.51,289.99,293.2,285.03,30168400
2020-11-13,290.17,291.57,287.87,290.93,282.82,24806900
2020-11-12,290.76,292.07,287.25,288.4,280.36,34414600
2020-11-11,286.03,290.25,283.38,289.76,281.69,36102900
2020-11-10,285.17,286.66,280.62,283.42,275.52,69024900
2020-11-09,297.65,299.14,288.12,288.59,280.55,86537100
2020-11-06,293.71,295.36,289.83,294.61,286.4,40959800
2020-11-05,293.53,295.39,292,294.39,286.19,52054200
2020-11-04,283.59,288.77,281.87,286.91,278.92,75728200
2020-11-03,271.96,276.82,270.84,274.65,267,43604100
2020-11-02,271.85,273.52,266.97,269.98,262.46,39987400
2020-10-30,274.34,275.24,267.07,269.38,261.87,65838300
2020-10-29,273,279.49,272.52,276.39,268.69,43246300
2020-10-28,278.01,278.64,271.38,271.64,264.07,53413500
2020-10-27,281.5,283.51,280.2,282.66,274.78,30559100
2020-10-26,282.38,285.3,276.76,280.47,272.65,38421100
2020-10-23,284.77,284.91,281.78,284.74,276.81,24658500
2020-10-22,285.05,285.98,280.82,284.18,276.26,32196200
2020-10-21,284.67,287.32,283.69,284.19,276.27,29306100
2020-10-20,284.56,287.62,282.95,284.41,276.49,32195400
2020-10-19,290.49,291.48,282.79,283.8,275.89,36756800
2020-10-16,291.8,293.27,288.15,288.51,280.47,40570700
2020-10-15,287.2,290.71,286.54,290.1,282.02,42514200
2020-10-14,295.35,296.35,290.26,292.06,283.92,36949100
2020-10-13,296.39,297.05,293.11,294.52,286.31,64240000
2020-10-12,290.55,297.46,289.47,294.53,286.32,79370700
2020-10-09,283.11,285.79,282.71,285.71,277.75,30201100
2020-10-08,282.4,282.47,280.31,281.41,273.57,25443300
2020-10-07,277.89,280.74,277.28,279.92,272.12,27539700
2020-10-06,279.45,281.19,274.25,275.16,267.49,49704200
2020-10-05,276.34,280.49,276.23,280.16,272.35,28184600
2020-10-02,276.02,282.24,273.44,274.31,266.67,75497400
2020-10-01,281.79,282.88,279.84,282.25,274.39,50020200
2020-09-30,276.15,281.09,275.87,277.84,270.1,49380800
2020-09-29,276.62,277.71,275.37,275.95,268.26,27050000
2020-09-28,276.58,277.2,271.67,277.2,269.48,58438300
2020-09-25,265.91,272.4,264.3,271.56,263.99,55242400
2020-09-24,261.39,268.7,261.22,265.39,257.99,70631700
2020-09-23,272.15,272.34,263.25,264.16,256.8,48837300
2020-09-22,269.99,273.08,266.54,272.48,264.89,41128900
2020-09-21,262.47,267.65,260.11,267.51,260.06,57168600
2020-09-18,271.79,272.09,262.63,266.87,259.43,86251100
2020-09-17,267.55,274.4,266.68,270.32,262.79,81570800
2020-09-16,279.88,280.36,274.25,274.61,266.96,42321000
2020-09-15,279.03,280.45,275.13,279.06,271.28,41849900
2020-09-14,274.36,277.22,272.96,275.16,267.49,38525200
2020-09-11,274.15,275.22,266.9,270.45,262.91,71809000
2020-09-10,280.94,282.2,270.56,272.34,264.75,69667500
2020-09-09,275.64,280.05,273,277.88,270.14,64837900
2020-09-08,272.22,278.22,269.66,269.95,262.43,99568600
2020-09-04,285.56,288.93,271.8,283.58,275.68,123959000
2020-09-03,298.1,298.62,284.41,287.41,279.4,110083300
2020-09-02,303.28,303.5,296.89,302.76,294.32,50836800
2020-09-01,297.62,300.04,295.79,299.92,291.56,36216200
2020-08-31,293.07,296.75,292.62,294.88,286.66,36321000
2020-08-28,292.33,293.18,290.93,292.53,284.38,28021000
2020-08-27,292.97,293.85,288.71,291.05,282.94,49482700
2020-08-26,287.15,292.22,285.83,291.96,283.82,42216700
2020-08-25,282.83,286.06,282.37,285.86,277.89,34866600
2020-08-24,285.25,286,281.27,283.63,275.73,36418500
2020-08-21,280.13,282.34,279.46,281.87,274.02,34748900
2020-08-20,275.28,280.43,274.86,279.93,272.13,27723400
2020-08-19,277.93,279.02,275.57,276.1,268.41,31999400
2020-08-18,276.42,278.46,274.91,277.97,270.22,23529500
2020-08-17,273.93,275.84,272.2,275.32,267.65,24803000
2020-08-14,273.12,273.4,270.72,272.16,264.58,30799500
2020-08-13,272.66,274.83,271.51,272.48,264.89,31895700
2020-08-12,267.42,272.84,267.37,271.86,264.28,38773400
2020-08-11,269.11,270.44,264.63,265.19,257.8,43104300
2020-08-10,271.77,271.98,266.67,270.31,262.78,35088400
2020-08-07,274.08,274.88,269.25,271.47,263.91,44969400
2020-08-06,270.85,274.98,270.19,274.64,266.99,28048200
2020-08-05,270.88,271.52,269.96,271.05,263.5,21612100
2020-08-04,268.86,270.48,268.09,270.38,262.85,24911300
2020-08-03,268,270.15,267.87,269.38,261.87,32081600
2020-07-31,265.91,265.95,260.85,265.79,258.38,53686300
2020-07-30,257.74,261.71,256.55,261.13,253.85,41774500
2020-07-29,258.4,260.66,257.91,259.77,252.53,27556900
2020-07-28,259.31,259.85,256.51,256.81,249.65,31302400
2020-07-27,257.26,260.52,256.45,260.12,252.87,36445700
2020-07-24,254.04,256.93,251.32,255.56,248.44,54054500
2020-07-23,264.51,265.24,256.55,258.01,250.82,51363500
2020-07-22,264.51,265.89,262.55,264.93,257.55,29865500
2020-07-21,268.4,268.41,263.13,264,256.64,43243800
2020-07-20,260.08,267.43,258.79,266.78,259.35,40610100
2020-07-17,259.59,260.31,257.17,259.42,252.19,35137900
2020-07-16,258.02,259.78,255.62,259.12,251.9,47594100
2020-07-15,261.83,262.69,257.49,260.9,253.63,54523900
2020-07-14,255.93,260.79,252.76,260.37,253.11,72230500
2020-07-13,266.91,269.79,257.69,258.54,251.34,64108100
2020-07-10,262.03,264.23,259.26,263.97,256.61,32885300
2020-07-09,261.97,262.87,257.63,262.18,254.87,40312900
2020-07-08,257.98,260.02,256.5,259.99,252.75,30426300
2020-07-07,258.13,260.88,256.3,256.61,249.46,36578200
2020-07-06,255.45,258.93,255.43,258.39,251.19,34589000
2020-07-02,253.02,254.27,251.71,252.19,245.16,31956500
2020-07-01,247.64,251.52,247.08,250.49,243.51,34689200
2020-06-30,242.77,248.16,242.58,247.6,240.7,38909200
2020-06-29,239.97,242.85,237.35,242.84,236.07,34377800
2020-06-26,245.78,245.96,239.68,240.22,233.53,52824600
2020-06-25,243.8,246.34,241.14,246.03,239.17,36940800
2020-06-24,248.06,249.33,242.16,243.71,236.92,46032400
2020-06-23,248.39,251.15,247.82,248.84,241.91,32767400
2020-06-22,0.42 Dividend,,,,,
2020-06-22,243.68,246.87,243.38,246.74,239.86,24068700
2020-06-19,246.73,247,242.45,244.24,237.02,49422100
2020-06-18,243.29,244.53,242.49,244.28,237.06,30578600
2020-06-17,244.4,245.5,242.73,243.62,236.42,34749300
2020-06-16,243.78,244.39,239.1,242.85,235.67,48890100
2020-06-15,232.44,239.45,231.47,238.75,231.69,45307400
2020-06-12,239.09,240.4,231.74,235.88,228.91,72034800
2020-06-11,242.16,243.59,233.96,234.02,227.1,72919400
2020-06-10,245.05,247.82,244.51,246.22,238.94,58084400
2020-06-09,240.66,244.18,240.47,243.3,236.11,35046300
2020-06-08,239.54,241.68,237.91,241.55,234.41,32937300
2020-06-05,236.22,240.3,235.63,239.69,232.61,47365600
2020-06-04,236.33,237.79,233.68,235.03,228.08,38716100
2020-06-03,236.26,237.47,235.35,236.69,229.7,37228700
2020-06-02,234.5,235.69,232.01,235.63,228.67,33383400
2020-06-01,232.46,234.45,232,234.06,227.14,25776000
2020-05-29,230.38,233.6,228.76,233.36,226.46,50691800
2020-05-28,229.11,233.47,229.05,229.99,223.19,42784300
2020-05-27,228.69,230.41,223.94,230.29,223.48,55665600
2020-05-26,233.36,233.57,228.79,229.04,222.27,33055300
2020-05-22,228.45,229.87,227.5,229.66,222.87,28762400
2020-05-21,231.44,232.14,228.34,228.87,222.11,43642900
2020-05-20,229.5,231.76,229.48,231.39,224.55,37417000
2020-05-19,227.7,229.85,226.71,226.86,220.16,36237300
2020-05-18,226.28,228.68,225.47,227.43,220.71,42398100
2020-05-15,218.78,223.33,218.33,223.27,216.67,55747200
2020-05-14,217.97,221.87,215.99,221.83,215.27,51549300
2020-05-13,222.66,224.61,216.71,219.34,212.86,65521200
2020-05-12,227.49,228.1,222.09,222.12,215.56,41054100
2020-05-11,223.49,227.93,223.25,226.87,220.17,35714100
2020-05-08,223.55,225,222.48,224.86,218.21,31852300
2020-05-07,221.82,222.73,220.42,221.82,215.26,38624800
2020-05-06,219.4,221.04,218.11,219,212.53,36455200
2020-05-05,217.44,220.14,216.85,217.66,211.23,37783100
2020-05-04,211.46,215.45,211.12,215.22,208.86,32841000
2020-05-01,214.5,216.67,211.68,212.74,206.45,48795000
2020-04-30,219.95,220.04,217.35,218.91,212.44,43359500
2020-04-29,216.19,219.97,215.14,219,212.53,48716400
2020-04-28,217.32,217.32,211.21,211.5,205.25,46862800
2020-04-27,216.19,216.63,214.5,215.56,209.19,36451700
2020-04-24,210.97,214.3,209.5,213.84,207.52,34231900
2020-04-23,211.79,214.44,210.1,210.52,204.3,43278500
2020-04-22,209.1,212.35,208.33,210.97,204.74,40089100
2020-04-21,210.6,211.16,203.63,204.89,198.84,72932800
2020-04-20,213.36,215.88,212.57,212.74,206.45,38249100
2020-04-17,216.17,216.51,212.08,215.29,208.93,62863200
2020-04-16,211.69,214.37,209.69,213.25,206.95,64657400
2020-04-15,208.48,211.83,207.12,209.43,203.24,47036000
2020-04-14,207.23,212.5,206.42,211.86,205.6,63959600
2020-04-13,200,203.42,198.75,203.03,197.03,42853900
2020-04-09,202.35,203.22,199.03,200.86,194.92,68252600
2020-04-08,198.15,201.17,196.17,200.57,194.64,45940400
2020-04-07,202.37,202.66,196,196.4,190.6,69904500
2020-04-06,190.48,197.65,189.19,196.48,190.67,64763500
2020-04-03,185.55,187.07,181.29,183.37,177.95,47487600
2020-04-02,181.24,190.1,180.97,186.01,180.51,56465300
2020-04-01,184.77,187.66,180.86,182.31,176.92,53715400
2020-03-31,191.72,195.25,189.2,190.4,184.77,62659300
2020-03-30,187.06,192.49,186.34,192.04,186.36,49356900
2020-03-27,186.93,190.51,184.66,185.3,179.82,58845000
2020-03-26,183.87,192.72,183.61,191.9,186.23,79887600
2020-03-25,184.42,189.51,179.98,182.3,176.91,88754900
2020-03-24,179.91,183.83,177.95,183.66,178.23,94881800
2020-03-23,0.36 Dividend,,,,,
2020-03-23,170.92,174.21,164.93,170.46,165.42,124639800
2020-03-20,181.74,182.87,170.1,170.7,165.3,118983900
2020-03-19,175.69,183.49,171.63,177.66,172.04,120896500
2020-03-18,171.61,179.22,166.8,176.6,171.02,114156300
2020-03-17,175.47,184.39,169.78,182.14,176.38,121257100
2020-03-16,174.15,184.68,169.16,169.3,163.95,92054400
2020-03-13,187.07,194.48,178.13,192.34,186.26,134882000
2020-03-12,182.09,190.78,176.94,177.32,171.71,137820700
2020-03-11,199.35,200.75,192.73,195.22,189.05,89168800
2020-03-10,201.11,204.3,193.68,204.11,197.66,100599200
2020-03-09,193.48,201.16,192.11,193.57,187.45,116424000
2020-03-06,204.67,209.15,202.91,208.02,201.44,89828400
2020-03-05,212.69,216.36,210.1,211.59,204.9,78705500
2020-03-04,213.32,218.33,211.37,218.22,211.32,73086200
2020-03-03,217.11,219.61,207.62,209.48,202.86,131953500
2020-03-02,208.88,216.57,205.94,216.42,209.58,112933900
2020-02-28,198.64,207.17,198.17,205.8,199.29,148173700
2020-02-27,210.9,216.42,205.5,205.64,199.14,121822600
2020-02-26,216.71,220.28,214.9,216.48,209.64,79537700
2020-02-25,223.25,223.99,214.74,215.37,208.56,97743000
2020-02-24,221.68,224.25,220.26,221.39,214.39,84522600
2020-02-21,233.61,234.01,229.32,230.27,222.99,66017200
2020-02-20,236.46,236.95,231.88,234.78,227.36,42604000
2020-02-19,236.13,237.47,235.85,236.98,229.49,22230500
2020-02-18,233.5,235.17,233.25,234.73,227.31,24394500
2020-02-14,234.34,234.86,233.55,234.64,227.22,23438500
2020-02-13,232.64,234.93,232.36,233.97,226.57,22773200
2020-02-12,233.38,234.38,232.8,234.27,226.86,24471300
2020-02-11,233.25,234.02,231.4,232.01,224.67,30198000
2020-02-10,228.44,231.98,228.38,231.97,224.64,21478900
2020-02-07,229.16,230.44,228.54,229.2,221.95,25884900
2020-02-06,228.79,230.25,227.98,230.19,222.91,22467100
2020-02-05,230.21,230.25,226.85,228.22,221,38534800
2020-02-04,225.42,227.86,224.65,227.47,220.28,30691200
2020-02-03,220.14,222.89,219.99,222.38,215.35,25408600
2020-01-31,223.53,223.56,218.29,219.07,212.14,52015800
2020-01-30,220.38,222.7,219.69,222.6,215.56,39568100
2020-01-29,222.68,222.93,220.83,221.81,214.8,28924500
2020-01-28,219.64,221.96,219.06,221.45,214.45,26731900
2020-01-27,217.67,219.28,217.18,218.1,211.2,42264400
2020-01-24,225.64,225.88,221.67,222.7,215.66,37436500
2020-01-23,223.74,224.69,222.7,224.59,217.49,26496100
2020-01-22,224.41,225.15,223.59,223.87,216.79,20736400
2020-01-21,222.76,223.84,222.66,223.28,216.22,21146300
2020-01-17,223.28,223.56,222.12,223.38,216.32,24325200
2020-01-16,221.27,222.32,220.8,222.28,215.25,18805000
2020-01-15,220.2,221.2,219.45,220.17,213.21,25742100
2020-01-14,220.84,221.21,219.74,220.08,213.12,24418100
2020-01-13,219.33,220.98,218.98,220.95,213.96,22756900
2020-01-10,219.85,219.87,218.04,218.43,211.52,21898500
2020-01-09,218.94,219.41,217.71,218.99,212.07,23547000
2020-01-08,215.5,218.14,215.16,217.15,210.28,26397300
2020-01-07,215.64,216.14,214.85,215.53,208.72,22139300
2020-01-06,212.5,215.59,212.24,215.56,208.74,21655300
2020-01-03,213.3,215.47,213.28,214.18,207.41,27518900
2020-01-02,214.4,216.16,213.98,216.16,209.33,30969400
2019-12-31,211.53,212.76,211.2,212.61,205.89,18170900
2019-12-30,213.5,213.63,211.16,212.21,205.5,21815500
2019-12-27,214.54,214.56,213.04,213.61,206.86,18134100
2019-12-26,212.26,213.81,212.23,213.79,207.03,17067500
2019-12-24,212,212.09,211.44,211.92,205.22,7089000
2019-12-23,0.46 Dividend,,,,,
2019-12-23,212,212.15,211.63,211.81,205.11,23774700
2019-12-20,211.86,212.52,211.27,211.71,204.57,27672600
2019-12-19,209.64,210.93,209.62,210.86,203.75,17865900
2019-12-18,209.57,210.13,209.33,209.55,202.49,15443300
2019-12-17,209.54,209.71,209.04,209.39,202.33,15996100
2019-12-16,208.55,209.53,208.48,209.27,202.22,21296600
2019-12-13,206.4,207.91,205.96,207.19,200.21,32519400
2019-12-12,204.77,207.32,204.49,206.51,199.55,32612000
2019-12-11,204.36,205.19,204.04,204.98,198.07,18780800
2019-12-10,204.17,204.88,203.44,203.9,197.03,21799800
2019-12-09,204.63,205.59,203.98,204.07,197.19,13984100
2019-12-06,204.31,205.15,204.15,205,198.09,16555300
2019-12-05,203.15,203.15,201.84,202.83,195.99,14962300
2019-12-04,202.44,202.91,202.14,202.43,195.61,15300100
2019-12-03,200.21,201.49,199.23,201.41,194.62,31104100
2019-12-02,205.11,205.18,201.78,203,196.16,28007000
2019-11-29,205.52,205.83,205,205.1,198.19,9854600
2019-11-27,205.14,206.05,204.89,206.04,199.09,16963100
2019-11-26,204.35,204.87,204.05,204.61,197.71,14780600
2019-11-25,202.7,204.26,202.67,204.22,197.34,17752800
2019-11-22,202.2,202.32,200.74,201.83,195.03,17189600
2019-11-21,201.93,202.07,201.07,201.7,194.9,17883600
2019-11-20,202.84,203.45,200.62,202.15,195.34,36629000
2019-11-19,203.84,203.84,202.59,203.37,196.51,16923300
2019-11-18,202.59,203.39,201.77,203.07,196.22,18365900
2019-11-15,202.65,202.91,202,202.91,196.07,18427900
2019-11-14,200.83,201.56,200.22,201.43,194.64,16945400
2019-11-13,200.84,201.78,200.71,201.59,194.79,15774600
2019-11-12,201.13,202.21,200.82,201.54,194.75,14778300
2019-11-11,200.21,201.04,199.94,200.96,194.19,10147600
2019-11-08,200.07,201.25,199.54,201.23,194.45,15258800
2019-11-07,200.76,201.72,199.85,200.43,193.67,17832400
2019-11-06,199.98,200,198.79,199.76,193.03,19725500
2019-11-05,200.35,200.55,199.55,200.21,193.46,15048900
2019-11-04,200.19,200.53,198.87,200.1,193.35,19015900
2019-11-01,197.93,198.88,197.63,198.87,192.17,22131900
2019-10-31,197.56,197.65,195.94,197.08,190.44,26801800
2019-10-30,196.42,197.32,195.29,196.99,190.35,21764300
2019-10-29,197.24,197.54,196.01,196.04,189.43,18569700
2019-10-28,196.55,197.83,196.55,197.57,190.91,18818700
2019-10-25,193.09,195.74,193.05,195.64,189.04,21507100
2019-10-24,193.59,194.21,192.74,194.09,187.55,18998500
2019-10-23,191.46,192.26,191.15,192.22,185.74,14828400
2019-10-22,194.15,194.42,191.79,191.85,185.38,22392300
2019-10-21,192.71,193.52,192.14,193.39,186.87,15801200
2019-10-18,193.2,193.67,190.71,191.69,185.23,27700800
2019-10-17,194.2,194.5,192.81,193.55,187.03,19045200
2019-10-16,192.86,193.53,192.43,193.04,186.53,20457100
2019-10-15,191.68,193.97,191.56,193.52,187,23234200
2019-10-14,190.84,191.7,190.65,191.09,184.65,14975000
2019-10-11,190.83,192.63,190.72,191.11,184.67,40976700
2019-10-10,187.28,189.43,187.12,188.68,182.32,25177700
2019-10-09,186.99,188.08,186.43,187.23,180.92,20147400
2019-10-08,187.06,187.86,185.27,185.42,179.17,32379300
2019-10-07,188.27,189.74,187.91,188.24,181.89,21216000
2019-10-04,187.08,189.08,186.88,188.81,182.45,31887600
2019-10-03,184.03,186.21,181.82,186.07,179.8,39392500
2019-10-02,186,186.03,183.02,184.05,177.85,48544300
2019-10-01,189.5,190.59,186.96,187.27,180.96,32367600
2019-09-30,187.79,189.11,187.4,188.81,182.45,26307700
2019-09-27,189.73,189.83,185.75,187.03,180.73,40773500
2019-09-26,189.83,190,187.98,189.38,183,26826000
2019-09-25,187.78,190.58,186.21,190.08,183.67,34704900
2019-09-24,191.37,191.79,187.15,187.97,181.63,40820700
2019-09-23,0.38 Dividend,,,,,
2019-09-23,190.36,191.07,189.72,190.5,184.08,22485900
2019-09-20,193.11,193.31,190.16,190.8,184,29086100
2019-09-19,192.86,194.04,192.47,192.84,185.96,26039400
2019-09-18,192.2,192.6,190.11,192.52,185.66,29781300
2019-09-17,191.7,192.6,191.29,192.6,185.73,20953400
2019-09-16,191.3,192.08,191.11,191.68,184.85,20319000
2019-09-13,192.95,193.4,192.29,192.54,185.67,27669800
2019-09-12,193.61,194.71,192.97,193.23,186.34,28689900
2019-09-11,191,192.53,190.56,192.43,185.57,25063600
2019-09-10,190.16,190.74,188.91,190.64,183.84,23744700
2019-09-09,192.19,192.27,190.22,191.19,184.37,24407600
2019-09-06,192.1,192.17,191.17,191.59,184.76,19487800
2019-09-05,190.41,192.33,190.34,191.78,184.94,33932600
2019-09-04,187.44,188.49,186.9,188.33,181.61,21592100
2019-09-03,186.22,187.18,185.03,185.65,179.03,27964200
2019-08-30,188.93,188.97,186.41,187.47,180.79,26319800
2019-08-29,187.39,188.46,186.68,187.92,181.22,25358900
2019-08-28,183.83,185.4,182.91,185.09,178.49,21792400
2019-08-27,186.11,186.42,183.71,184.43,177.85,28012800
2019-08-26,184.14,184.87,183.08,184.82,178.23,27598900
2019-08-23,186.74,188.45,181.56,182.07,175.58,55372400
2019-08-22,188.98,189.46,186.54,188.02,181.32,24243700
2019-08-21,188.61,189.23,187.96,188.63,181.9,20418500
2019-08-20,187.96,188.64,186.92,186.97,180.3,19902900
2019-08-19,188.16,188.83,187.5,188.43,181.71,22494100
2019-08-16,184.21,185.95,184.1,185.48,178.87,32781400
2019-08-15,183,183.59,181.16,182.55,176.04,36685000
2019-08-14,185.36,185.95,182.42,182.76,176.24,51000500
2019-08-13,184.19,189.68,184.02,188.39,181.67,40241900
2019-08-12,185.34,185.9,183.5,184.35,177.78,24642900
2019-08-09,187.36,188,185.03,186.49,179.84,33608900
2019-08-08,185.08,188.32,184.57,188.26,181.55,38418100
2019-08-07,181.27,184.51,179.89,184.25,177.68,49990600
2019-08-06,182.4,183.8,181.07,183.26,176.73,41897200
2019-08-05,183.43,183.51,179.2,180.73,174.29,75040000
2019-08-02,188.72,188.99,186.21,187.35,180.67,55214000
2019-08-01,191.43,194.98,189.23,190.15,183.37,63251600
2019-07-31,194.3,194.43,189.32,191.1,184.29,41627500
2019-07-30,193.13,194.54,192.99,193.78,186.87,18705000
2019-07-29,195.11,195.18,193.39,194.62,187.68,20451700
2019-07-26,194.53,195.55,194.43,195.29,188.33,20431200
2019-07-25,194.49,194.52,192.93,193.3,186.41,23434700
2019-07-24,193.05,195.16,193.03,195.15,188.19,20422900
2019-07-23,193.58,193.81,192.29,193.79,186.88,23786700
2019-07-22,191.44,192.94,191.44,192.53,185.67,18954900
2019-07-19,193.74,193.83,190.81,191.01,184.2,29387900
2019-07-18,191.29,192.79,190.69,192.42,185.56,28877000
2019-07-17,193.15,193.49,192.18,192.2,185.35,16765100
2019-07-16,193.91,194.09,192.56,193.15,186.26,20190900
2019-07-15,193.98,194.19,193.44,194.15,187.23,15606100
2019-07-12,192.63,193.54,192.45,193.53,186.63,20211900
2019-07-11,192.85,193.34,191.81,192.42,185.56,23736100
2019-07-10,191.82,193.09,191.47,192.56,185.69,28374500
2019-07-09,188.81,190.9,188.65,190.66,183.86,19193500
2019-07-08,189.81,189.87,188.93,189.71,182.95,17598800
2019-07-05,190.13,191.4,189.39,191.05,184.24,21415600
2019-07-03,190.49,191.44,190.29,191.44,184.61,15792100
2019-07-02,189.2,190.03,188.66,190.01,183.24,18035800
2019-07-01,190.32,190.57,188.38,189.26,182.51,31025600
2019-06-28,186.95,187.15,186.07,186.74,180.08,21179200
2019-06-27,186.46,186.94,185.99,186.5,179.85,19709200
2019-06-26,186.16,187.33,185.49,185.79,179.17,22595700
2019-06-25,188.03,188.14,184.65,184.93,178.34,33921100
2019-06-24,0.42 Dividend,,,,,
2019-06-24,188.53,188.72,188.06,188.16,181.45,19375200
2019-06-21,188.63,189.77,188.17,188.57,181.45,39980400
2019-06-20,189.72,189.76,187.16,188.85,181.71,40922000
2019-06-19,186.66,187.53,185.57,187.11,180.04,31672900
2019-06-18,185.91,187.72,185.43,186.41,179.37,48177300
2019-06-17,183.04,184.25,182.84,183.74,176.8,20379500
2019-06-14,182.48,183.11,181.94,182.64,175.74,22844100
2019-06-13,183.1,183.87,182.74,183.42,176.49,23715800
2019-06-12,182.9,183.28,182,182.34,175.45,27758100
2019-06-11,185.06,185.4,182.78,183.4,176.47,41260300
2019-06-10,182.25,184.85,182.21,183.15,176.23,41385300
2019-06-07,178.56,181.77,178.33,181.04,174.2,45888300
2019-06-06,176.51,178.04,175.73,177.61,170.9,29913200
2019-06-05,176.58,176.61,174.38,176.21,169.55,34412700
2019-06-04,172.03,174.97,171.37,174.91,168.3,47797800
2019-06-03,173.48,173.95,169.27,170.12,163.69,75842300
2019-05-31,174.69,175.29,173.87,173.95,167.38,45446200
2019-05-30,176.5,177.27,175.77,176.77,170.09,30354800
2019-05-29,176.39,177,175.09,176.03,169.38,42178800
2019-05-28,178.66,179.66,177.47,177.49,170.78,24763800
2019-05-24,179.21,179.85,177.94,178.16,171.43,25903300
2019-05-23,178.94,179.02,177.14,178.25,171.52,45351300
2019-05-22,180.82,182.07,180.75,181.02,174.18,24332600
2019-05-21,181.5,182.33,180.92,181.83,174.96,31613800
2019-05-20,180.49,181.18,179.34,179.95,173.15,38608300
2019-05-17,183.1,185.58,182.88,183.04,176.12,44702300
2019-05-16,183.17,186.07,182.95,184.93,177.94,39281200
2019-05-15,179.35,183.55,179.31,183.09,176.17,40944500
2019-05-14,179.52,181.63,178.86,180.54,173.72,43360600
2019-05-13,180.29,181.26,178.06,178.58,171.83,67185800
2019-05-10,184.11,185.89,181.03,185,178.01,58526400
2019-05-09,183.7,185.41,182.09,184.77,177.79,55351700
2019-05-08,185.63,187.17,184.96,185.77,178.75,37165300
2019-05-07,187.87,188.67,184.51,186.24,179.2,58818100
2019-05-06,187.05,190.2,186.76,189.94,182.76,38371800
2019-05-03,189.67,191.25,189.33,191.11,183.89,30386200
2019-05-02,188.87,189.85,186.87,188.11,181,44110100
2019-05-01,190.78,191.32,188.8,188.93,181.79,34797100
2019-04-30,189.48,189.85,188.21,189.54,182.38,31495300
2019-04-29,190.65,191.32,190.34,191.02,183.8,21716200
2019-04-26,190.18,190.69,188.59,190.65,183.45,26359500
2019-04-25,191.13,191.22,189.45,190.48,183.28,29517500
2019-04-24,190.47,190.71,189.65,189.71,182.54,24977100
2019-04-23,188.4,190.54,188.13,190.31,183.12,33665600
2019-04-22,186.57,187.99,186.43,187.92,180.82,17936000
2019-04-18,187.46,187.79,186.29,187.39,180.31,28580900
2019-04-17,187.75,187.93,186.6,187.15,180.08,29651600
2019-04-16,186.54,186.91,185.93,186.5,179.45,27195700
2019-04-15,185.84,186.07,184.62,185.86,178.84,21073000
2019-04-12,185.85,185.95,185.06,185.83,178.81,24989100
2019-04-11,185.78,185.78,184.69,185.03,178.04,20654100
2019-04-10,184.72,185.53,184.52,185.47,178.46,24563000
2019-04-09,184.5,185.11,184.09,184.48,177.51,25631900
2019-04-08,184.36,185.28,183.63,185.13,178.14,22697500
2019-04-05,184.24,184.77,184.02,184.66,177.68,25674700
2019-04-04,183.83,184.5,182.65,183.71,176.77,28530800
2019-04-03,183.76,184.92,183.21,183.78,176.84,31633500
2019-04-02,182.24,182.91,181.78,182.73,175.83,22645200
2019-04-01,181.51,182.26,180.77,182.04,175.16,30969500
2019-03-29,179.69,179.83,178.59,179.66,172.87,35205500
2019-03-28,178.36,178.98,177.24,178.31,171.57,30368200
2019-03-27,179.32,179.72,176.6,177.9,171.18,37096700
2019-03-26,179.6,180.69,178.14,179.05,172.28,33248100
2019-03-25,177.91,178.84,176.93,178.22,171.49,46336500
2019-03-22,181.78,182.27,178.37,178.56,171.81,70794500
2019-03-21,179.22,182.83,179.2,182.57,175.67,42428500
2019-03-20,179.06,180.86,178.24,179.76,172.97,50105000
2019-03-19,179.18,180,178.29,179.05,172.28,36893300
2019-03-18,0.32 Dividend,,,,,
2019-03-18,177.95,178.99,177.59,178.45,171.71,32935100
2019-03-15,177.4,178.88,177.28,178.35,171.3,38192000
2019-03-14,177.13,177.34,176.66,176.71,169.72,23751500
2019-03-13,176.6,177.93,176.35,177.01,170.01,42426100
2019-03-12,175.19,176.14,174.77,175.69,168.74,33953500
2019-03-11,171.88,174.85,171.85,174.73,167.82,30518400
2019-03-08,169.51,171.26,169.34,171.17,164.4,39303200
2019-03-07,173.12,173.18,170.79,171.43,164.65,39407400
2019-03-06,174.72,174.75,173.28,173.56,166.7,27194600
2019-03-05,174.55,175.09,173.69,174.55,167.65,22319900
2019-03-04,175.54,175.79,172.47,174.42,167.52,38063500
2019-03-01,174.44,174.65,173.18,174.39,167.5,31431200
2019-02-28,173.05,173.81,172.7,173.19,166.34,25085500
2019-02-27,172.9,173.8,171.76,173.59,166.73,25162000
2019-02-26,173.1,174.25,172.81,173.7,166.83,21939700
2019-02-25,174.21,174.66,173.4,173.52,166.66,32608800
2019-02-22,171.99,173.01,171.9,172.89,166.06,27735400
2019-02-21,171.79,172.26,170.71,171.62,164.84,25207400
2019-02-20,172.4,173.08,171.32,172.25,165.44,32593000
2019-02-19,171.41,172.8,171.38,172.28,165.47,19487700
2019-02-15,172.52,172.56,171.14,171.94,165.14,32521700
2019-02-14,170.4,171.83,169.83,171.22,164.45,30326800
2019-02-13,171.65,172.16,170.82,171.01,164.25,26094100
2019-02-12,169.63,171.14,169.33,170.89,164.13,29722100
2019-02-11,169.17,169.58,167.98,168.4,161.74,21434100
2019-02-08,166.76,168.59,166.57,168.56,161.9,29020700
2019-02-07,169.03,169.45,166.95,168.23,161.58,42036200
2019-02-06,171.07,171.37,169.75,170.52,163.78,27970000
2019-02-05,169.76,171.23,169.69,171.03,164.27,28156400
2019-02-04,167.48,169.53,167.33,169.53,162.83,26718800
2019-02-01,167.33,168.6,166.99,167.45,160.83,32143700
2019-01-31,166.7,168.99,166.47,168.16,161.51,37258400
2019-01-30,163.4,166.28,162.89,165.68,159.13,41346500
2019-01-29,163.2,163.24,160.99,161.57,155.18,30784200
2019-01-28,163.02,163.12,161.75,163.11,156.66,33491200
2019-01-25,164.51,165.65,163.95,165.15,158.62,36515900
2019-01-24,162.68,163.44,162.06,163.2,156.75,32417800
2019-01-23,162.77,163.51,160.32,162.15,155.74,38106100
2019-01-22,164.06,164.14,160.76,161.94,155.54,56711700
2019-01-18,164.78,166.02,163.82,165.25,158.72,57183200
2019-01-17,161.83,164.36,161.57,163.63,157.16,39329000
2019-01-16,162.65,163.78,162.29,162.35,155.93,33812200
2019-01-15,160,162.6,159.91,162.38,155.96,40874200
2019-01-14,159.33,159.96,158.59,159.27,152.97,30710200
2019-01-11,160.33,160.86,159.79,160.69,154.34,30176600
2019-01-10,159.6,161.37,158.7,161.28,154.9,38943400
2019-01-09,160.14,161.52,159.47,160.82,154.46,46491700
2019-01-08,159.54,160.11,157.2,159.52,153.21,49388700
2019-01-07,156.62,158.86,156.11,158.09,151.84,52059300
2019-01-04,152.34,157,151.74,156.23,150.05,74709300
2019-01-03,152.6,153.26,149.49,149.82,143.9,74820200
2019-01-02,150.99,155.75,150.88,154.88,148.76,58576700
2018-12-31,154.47,154.98,152.71,154.26,148.16,53015300
2018-12-28,154.15,155.59,151.72,152.97,146.92,77856600
2018-12-27,150.37,153.18,147.08,153.05,147,85824300
2018-12-26,145.08,152.54,144.09,152.46,146.43,98982100
2018-12-24,0.42 Dividend,,,,,
2018-12-24,146.08,147.98,143.46,143.5,137.83,56163300
2018-12-21,153.05,154.09,146.72,147.57,141.33,141129400
2018-12-20,154.15,155.87,150.39,152.29,145.85,99002100
2018-12-19,158.18,160.72,153.34,154.53,148,81856500
2018-12-18,158.65,159.95,157.04,158.42,151.72,63642100
2018-12-17,160.39,161.67,156.17,157.43,150.78,74834100
2018-12-14,163.21,163.81,160.7,161.08,154.27,56547400
2018-12-13,166.13,166.82,164.03,165.1,158.12,46378500
2018-12-12,166,167.6,164.96,165.05,158.07,53780000
2018-12-11,165.73,165.77,162.23,163.61,156.69,59058300
2018-12-10,161.08,163.78,159.41,163.07,156.18,73960800
2018-12-07,166.16,167.12,160.86,161.38,154.56,80432200
2018-12-06,162.38,166.91,161.77,166.89,159.84,71715500
2018-12-04,171.43,171.91,165.52,165.72,158.71,70594700
2018-12-03,173.11,173.31,169.51,172.33,165.05,50771700
2018-11-30,168.38,169.47,167.54,169.37,162.21,36722800
2018-11-29,167.99,169.26,166.82,168.15,161.04,44885700
2018-11-28,164.62,168.7,163.47,168.7,161.57,70141000
2018-11-27,162,163.85,161.18,163.44,156.53,36608100
2018-11-26,161.44,162.97,160.76,162.89,156,42012600
2018-11-23,159.09,160.84,159.09,159.21,152.48,23503700
2018-11-21,161.35,161.97,159.23,160.37,153.59,42965800
2018-11-20,158.37,161.38,157.13,159.16,152.43,102652800
2018-11-19,166.7,166.9,161.54,162.06,155.21,67280500
2018-11-16,166.45,168.31,165.78,167.5,160.42,65390700
2018-11-15,164.9,168.54,163.46,168.09,160.98,73254300
2018-11-14,168.12,168.7,164.25,165.2,158.22,75270700
2018-11-13,167.11,169.48,166,166.47,159.43,64128100
2018-11-12,170.32,170.64,166.18,166.33,159.3,62578400
2018-11-09,172.83,173.25,170.16,171.52,164.27,50602700
2018-11-08,174.76,175.3,173.63,174.46,167.09,40296500
2018-11-07,172.28,175.58,171.87,175.58,168.16,51169600
2018-11-06,168.97,171.19,168.72,170.24,163.04,34410400
2018-11-05,169.6,169.66,167.08,168.96,161.82,39573500
2018-11-02,171.53,172.55,168.22,169.38,162.22,75966800
2018-11-01,170.07,172.24,168.78,172.06,164.79,52706800
2018-10-31,168.62,171.25,168.54,169.82,162.64,73828600
2018-10-30,162.75,166.04,162.01,165.92,158.91,92584000
2018-10-29,169.21,169.86,160.09,163.23,156.33,111871900
2018-10-26,165.2,169.96,164.23,166.66,159.62,130970900
2018-10-25,167.91,172.08,167.16,171.06,163.83,83481100
2018-10-24,173.07,173.36,165.04,165.34,158.35,102997400
2018-10-23,170.64,174.13,168.82,173.27,165.95,77567000
2018-10-22,174.06,175.25,172.59,173.91,166.56,52909300
2018-10-19,174.58,176.07,172.39,173.02,165.71,82923700
2018-10-18,176.62,176.68,172.44,173.18,165.86,82486200
2018-10-17,178.08,178.26,175.47,177.29,169.8,66987600
2018-10-16,174.02,177.65,173.7,177.22,169.73,71979700
2018-10-15,173.71,174.04,171.56,172.21,164.93,64885300
2018-10-12,174.17,174.86,170.93,174.32,166.95,102078400
2018-10-11,171.02,173.4,167.81,169.6,162.43,143084500
2018-10-10,178.51,178.62,171.5,171.73,164.47,114471100
2018-10-09,179.18,181.02,178.75,179.63,172.04,49097900
2018-10-08,179.52,180.64,176.93,179.05,171.48,66864500
2018-10-05,182.36,182.97,178.43,180.15,172.53,83325600
2018-10-04,185.2,185.32,181.06,182.38,174.67,80557300
2018-10-03,186.53,186.97,185.66,185.95,178.09,29128700
2018-10-02,186.01,187.18,185.32,185.75,177.9,25618600
2018-10-01,186.87,187.53,185.7,186.17,178.3,27371300
2018-09-28,185.31,186.28,184.97,185.79,177.94,28076800
2018-09-27,185.02,186.49,184.92,185.83,177.97,33113300
2018-09-26,184.3,185.99,183.91,184.27,176.48,36210600
2018-09-25,183.81,184.28,183.18,184.14,176.36,25277500
2018-09-24,0.33 Dividend,,,,,
2018-09-24,182.05,183.96,181.3,183.89,176.12,34945600
2018-09-21,185.22,185.48,183.48,183.71,175.63,38605400
2018-09-20,183.96,184.97,183.52,184.72,176.59,33295800
2018-09-19,182.87,183.3,181.51,182.7,174.66,31843400
2018-09-18,181.49,183.73,181.4,182.84,174.8,31877300
2018-09-17,183.68,183.81,181.17,181.34,173.36,33071200
2018-09-14,184.66,184.95,183.26,183.99,175.9,31224100
2018-09-13,183.72,184.88,183.64,184.53,176.41,31133200
2018-09-12,182.85,182.98,181.01,182.58,174.55,36204000
2018-09-11,180.99,183.42,180.52,183.12,175.06,30116500
2018-09-10,182.15,182.25,180.73,181.72,173.73,26132000
2018-09-07,180.5,182.67,180.44,181.11,173.14,46629500
2018-09-06,183.53,183.75,180.58,181.81,173.81,46091400
2018-09-05,185.52,185.55,182.82,183.45,175.38,42623300
2018-09-04,186.08,186.4,184.85,185.85,177.67,29063500
2018-08-31,186.18,187.18,185.98,186.65,178.44,28653200
2018-08-30,186.38,187.52,185.79,186.41,178.21,29315500
2018-08-29,184.93,186.84,184.86,186.74,178.53,29175600
2018-08-28,184.83,185.02,184.22,184.61,176.49,20277000
2018-08-27,183.4,184.34,183.11,184.34,176.23,29343600
2018-08-24,181.4,182.63,181.36,182.48,174.45,23136100
2018-08-23,180.74,182.05,180.5,180.8,172.85,25776200
2018-08-22,179.98,181.27,179.75,181.06,173.09,18042400
2018-08-21,180.24,181.44,180.13,180.36,172.43,26258700
2018-08-20,180.26,180.33,179,179.7,171.79,24939000
2018-08-17,179.35,180.31,178.27,179.86,171.95,36092600
2018-08-16,180.61,180.99,179.47,179.82,171.91,27711800
2018-08-15,180.01,180.58,178.12,179.23,171.35,58528000
2018-08-14,181.01,181.66,180.04,181.45,173.47,20913000
2018-08-13,180.85,182.01,180.24,180.32,172.39,26089200
2018-08-10,180.68,181.22,179.84,180.52,172.58,33818500
2018-08-09,181.91,182.63,181.64,181.91,173.91,18852900
2018-08-08,181.55,182.35,181.06,182.02,174.01,22680700
2018-08-07,181.65,182.14,181.26,181.8,173.8,29895700
2018-08-06,179.96,181.19,179.74,181.14,173.17,24808800
2018-08-03,179.87,180.09,179.08,180.08,172.16,28934400
2018-08-02,175.87,179.74,175.79,179.53,171.63,47178200
2018-08-01,176.86,177.65,176.1,177.12,169.33,37101900
2018-07-31,175.8,177.13,174.82,176.45,168.69,47285100
2018-07-30,177.63,177.73,174.27,175.11,167.41,60193000
2018-07-27,181.19,181.31,176.6,177.62,169.81,59456100
2018-07-26,180.34,180.92,179.81,180.05,172.13,40873500
2018-07-25,180.38,182.93,180.29,182.82,174.78,35026600
2018-07-24,181.41,182.05,179.56,180.3,172.37,36900300
2018-07-23,178.46,179.64,177.74,179.56,171.66,22184700
2018-07-20,179.57,180.17,178.79,178.99,171.12,35897300
2018-07-19,179.28,179.88,178.82,179.03,171.15,31094100
2018-07-18,180.29,180.44,179.38,179.93,172.01,23220800
2018-07-17,177.28,180.65,177.28,180.27,172.34,31034100
2018-07-16,179.65,179.95,178.88,179.18,171.3,21405300
2018-07-13,179.45,179.9,178.95,179.61,171.71,28049800
2018-07-12,177.2,179.46,177.08,179.46,171.57,27930100
2018-07-11,175.93,177.07,175.8,176.42,168.66,30280600
2018-07-10,177.52,177.72,176.71,177.32,169.52,23902500
2018-07-09,176.52,177.23,175.82,177.19,169.4,27362100
2018-07-06,173.32,175.74,173,175.61,167.88,37005600
2018-07-05,171.91,173.06,171.03,172.92,165.31,31626200
2018-07-03,173.45,173.45,170.63,170.8,163.29,25512700
2018-07-02,170.04,172.85,169.67,172.8,165.2,31770000
2018-06-29,172.01,172.92,171.4,171.65,164.1,36408500
2018-06-28,169.52,171.77,169.17,171.19,163.66,46407700
2018-06-27,172.8,173.58,169.61,169.73,162.26,52843500
2018-06-26,172,173.06,171.37,172.07,164.5,39008100
2018-06-25,173.73,173.99,169.81,171.37,163.83,77799700
2018-06-22,176.3,176.37,174.69,175.32,167.61,30073200
2018-06-21,177.7,177.88,175.37,175.71,167.98,43469400
2018-06-20,176.81,177.98,176.65,177.25,169.45,33038000
2018-06-19,174.27,176.04,173.71,176,168.26,38236000
2018-06-18,0.38 Dividend,,,,,
2018-06-18,175.49,176.65,174.94,176.5,168.74,31633200
2018-06-15,176.93,177.33,176.11,176.98,168.83,49615700
2018-06-14,176.63,177.89,176.5,177.6,169.42,35916000
2018-06-13,176.1,177.14,175.43,175.82,167.73,37858600
2018-06-12,175.15,176,174.96,175.83,167.74,22511800
2018-06-11,174.31,175.34,174.28,174.91,166.86,22319700
2018-06-08,173.61,174.88,173.18,174.44,166.41,31780300
2018-06-07,175.89,175.93,173.55,174.43,166.4,39600300
2018-06-06,175.02,175.89,174.14,175.86,167.76,25036600
2018-06-05,174.71,175.13,174.07,174.84,166.79,24779300
2018-06-04,173.18,174.34,173.07,174.3,166.28,20459600
2018-06-01,170.92,172.84,170.87,172.74,164.79,45543300
2018-05-31,170.18,171.2,169.63,170.07,162.24,35670900
2018-05-30,169.58,170.48,169.22,170.18,162.35,22665800
2018-05-29,168.95,169.92,167.96,168.97,161.19,41220500
2018-05-25,169.53,170.33,169.21,169.72,161.91,27460500
2018-05-24,169.55,169.85,167.84,169.55,161.75,27696500
2018-05-23,166.9,169.62,166.88,169.6,161.79,26557800
2018-05-22,169.17,169.45,167.88,168.18,160.44,19477700
2018-05-21,168.76,169.5,167.68,168.4,160.65,22954600
2018-05-18,167.68,168.26,167.21,167.46,159.75,26217900
2018-05-17,168.39,169.61,167.51,168.33,160.58,27480200
2018-05-16,168.09,169.37,168.01,168.98,161.2,22941200
2018-05-15,168.41,168.5,166.98,167.87,160.14,49361600
2018-05-14,169.85,170.82,169.47,169.75,161.94,21821700
2018-05-11,169.42,169.86,168.72,169.46,161.66,24688800
2018-05-10,168.42,169.74,168.29,169.62,161.81,27067600
2018-05-09,166.37,168,165.78,167.88,160.15,29122700
2018-05-08,165.89,166.43,164.86,166.07,158.43,26040200
2018-05-07,165.64,166.78,165.51,166.24,158.59,32500200
2018-05-04,161.1,165.25,160.98,164.87,157.28,41543200
2018-05-03,161,162.4,159.22,161.8,154.35,60337100
2018-05-02,163.06,163.57,161.63,161.82,154.37,38646800
2018-05-01,160.52,162.8,160.14,162.78,155.29,36513500
2018-04-30,162.47,163.48,160.54,160.94,153.53,35615300
2018-04-27,164.37,164.41,161.17,162.09,154.63,51043400
2018-04-26,160.7,162.53,160.18,161.99,154.53,43005500
2018-04-25,158.74,159.31,156.47,158.65,151.35,52089300
2018-04-24,162.66,162.91,157.39,158.46,151.17,70256800
2018-04-23,163.09,163.73,161.02,161.89,154.44,33040600
2018-04-20,164.49,164.61,161.73,162.3,154.83,49197100
2018-04-19,165.6,165.99,164.34,164.91,157.32,34705700
2018-04-18,166.1,167,165.31,166.44,158.78,29573900
2018-04-17,164.24,166.46,163.91,166.1,158.45,35536100
2018-04-16,162.5,163.19,161.48,162.6,155.11,28180800
2018-04-13,163.02,163.26,160.67,161.37,153.94,44604900
2018-04-12,161.25,162.77,161.16,162.21,154.74,30467900
2018-04-11,160.2,162,160.1,160.28,152.9,41622100
2018-04-10,160.21,161.73,159.07,161.21,153.79,48296800
2018-04-09,157.98,160.88,157.46,157.73,150.47,41810400
2018-04-06,158.88,160.46,155.88,156.63,149.42,59870900
2018-04-05,161.33,161.58,159.48,160.65,153.25,43054900
2018-04-04,154.22,160.23,154.04,159.74,152.39,65768700
2018-04-03,156.87,157.92,154.44,157.26,150.02,64090000
2018-04-02,158.99,159.74,153.88,155.51,148.35,85549400
2018-03-29,158.1,161.71,156.63,160.13,152.76,68692600
2018-03-28,158.17,159.78,156.04,157.25,150.01,89369700
2018-03-27,165.62,165.62,157.68,159.08,151.76,78889100
2018-03-26,161.72,164.6,159.16,164.4,156.83,57481500
2018-03-23,162.61,163.3,158.43,158.51,151.21,80110400
2018-03-22,164.61,165.77,162.59,162.8,155.31,66607300
2018-03-21,167.21,168.76,166.19,166.92,159.24,43863500
2018-03-20,167.17,168.04,166.61,167.65,159.93,34075700
2018-03-19,0.28 Dividend,,,,,
2018-03-19,169.1,169.22,165.64,167.1,159.41,71395100
2018-03-16,171.82,172.2,170.94,171.02,162.88,31176700
2018-03-15,171.8,172.53,170.9,171.53,163.37,28810400
2018-03-14,172.61,172.74,170.93,171.68,163.51,40536400
2018-03-13,174.48,175.21,171.27,171.71,163.54,55638900
2018-03-12,173.67,174.48,173.28,174.08,165.8,37635000
2018-03-09,171.07,173.16,170.82,173.16,164.92,38310500
2018-03-08,169.63,169.98,168.95,169.86,161.78,25828400
2018-03-07,167.25,169.07,166.96,168.93,160.89,34609400
2018-03-06,168.65,169.11,167.48,168.54,160.52,29480900
2018-03-05,165.21,168.26,164.59,167.83,159.84,38540200
2018-03-02,162.5,166.28,161.96,165.99,158.09,57445100
2018-03-01,167.3,168.07,163,164.48,156.65,76809900
2018-02-28,169.25,169.8,167.1,167.21,159.25,42936300
2018-02-27,170.45,170.73,168.21,168.29,160.28,42209900
2018-02-26,168.96,170.4,168.82,170.4,162.29,39266700
2018-02-23,166.13,168.17,165.45,168.17,160.17,50096900
2018-02-22,165.54,166.42,164.38,164.8,156.96,37074400
2018-02-21,166.1,167.72,164.72,164.82,156.98,41161800
2018-02-20,164.38,166.68,164.31,165.29,157.43,36785600
2018-02-16,165.16,166.76,164.68,164.96,157.11,62256300
2018-02-15,164.14,165.7,162.44,165.7,157.82,51633900
2018-02-14,158.75,162.93,158,162.68,154.94,52107400
2018-02-13,157.96,160.01,157.72,159.69,152.09,31785600
2018-02-12,157.7,159.95,156.46,158.87,151.31,63050600
2018-02-09,155.62,157.24,150.13,156.1,148.67,113836600
2018-02-08,160.62,160.8,153.45,153.45,146.15,94184800
2018-02-07,161.79,163.55,160.2,160.21,152.59,91028300
2018-02-06,155.81,162.51,155.1,162.31,154.59,118537900
2018-02-05,163.07,165.75,158,158.12,150.6,105372200
2018-02-02,167.3,167.7,164.47,164.61,156.78,68478100
2018-02-01,168.1,169.73,167.42,167.96,159.97,38037900
2018-01-31,169.65,169.99,168.34,169.4,161.34,42449200
2018-01-30,168.55,169.42,167.82,168.7,160.67,44987700
2018-01-29,170.57,170.91,169.74,170.1,162.01,37277800
2018-01-26,169.29,170.95,168.96,170.93,162.8,32038200
2018-01-25,169.57,169.63,167.81,168.35,160.34,28925000
2018-01-24,169.87,170.24,167.44,168.41,160.4,54287400
2018-01-23,168.64,169.66,168.56,169.51,161.44,37989700
2018-01-22,166.28,168.12,166.09,168.12,160.12,26081400
2018-01-19,166.31,166.61,165.54,166.34,158.43,38937600
2018-01-18,165.53,166.2,165.14,165.82,157.93,26432200
2018-01-17,164.8,166.04,164,165.79,157.9,33849900
2018-01-16,165.58,166.42,163.53,164.02,156.22,41231800
2018-01-12,163.15,164.66,162.94,164.49,156.66,37762700
2018-01-11,162.46,163.3,162.21,163.29,155.52,20473500
2018-01-10,161.84,162.21,161.12,162.18,154.46,34004000
2018-01-09,162.87,163.04,162.07,162.56,154.83,24782400
2018-01-08,161.92,162.63,161.86,162.55,154.82,23159100
2018-01-05,161.07,162.03,160.77,161.92,154.22,26992300
2018-01-04,160.58,160.79,160.08,160.31,152.68,24776100
2018-01-03,158.64,160.17,158.61,160.03,152.42,29383600
2018-01-02,156.56,158.53,156.17,158.49,150.95,32573300
2017-12-29,156.87,156.9,155.7,155.76,148.35,33186000
2017-12-28,157.04,157.07,156.54,156.73,149.27,25393800
2017-12-27,156.53,156.96,156.39,156.54,149.09,22388200
2017-12-26,156.49,156.72,155.95,156.52,149.07,21918700
2017-12-22,157.31,157.43,156.95,157.37,149.88,23330400
2017-12-21,157.75,158.25,157.37,157.55,150.05,18638700
2017-12-20,158.25,158.28,156.91,157.53,150.03,38972600
2017-12-19,158.34,158.5,157.26,157.7,150.2,31415000
2017-12-18,0.33 Dividend,,,,,
2017-12-18,158.36,158.77,158.07,158.64,151.09,26844500
2017-12-15,156.49,157.82,156.23,157.65,149.84,49816200
2017-12-14,156.26,156.66,155.71,155.88,148.15,24594700
2017-12-13,156.32,156.49,155.76,155.99,148.26,24418500
2017-12-12,155.83,156.15,155.36,155.69,147.97,20310300
2017-12-11,154.77,155.95,154.76,155.9,148.17,20821500
2017-12-08,155.15,155.53,154.46,154.7,147.03,28081700
2017-12-07,153.49,154.46,153.33,154.02,146.39,32666200
2017-12-06,152.24,153.74,152.06,153.5,145.89,28647800
2017-12-05,152.68,154.55,152.1,152.81,145.24,40604200
2017-12-04,155.46,155.63,152.56,152.71,145.14,51319100
2017-12-01,154.2,155.24,152.26,154.49,146.83,59015800
2017-11-30,154.51,155.45,154.15,155.15,147.46,56595500
2017-11-29,156.41,156.45,153.12,153.86,146.23,71986300
2017-11-28,156.54,156.69,155.7,156.59,148.83,25227300
2017-11-27,156.21,156.56,155.83,156.19,148.45,22653400
2017-11-24,155.85,156.31,155.76,156.26,148.51,8280600
2017-11-22,155.64,155.84,155.34,155.69,147.97,17299000
2017-11-21,154.56,155.57,154.49,155.5,147.79,20147800
2017-11-20,154.06,154.2,153.61,153.83,146.21,21143900
2017-11-17,154.58,154.69,153.8,153.95,146.32,28725800
2017-11-16,153.36,154.89,153.33,154.54,146.88,34790600
2017-11-15,152.65,153,151.78,152.59,145.03,24808000
2017-11-14,153.33,153.5,152.57,153.31,145.71,25173800
2017-11-13,153.1,154.07,153.1,153.87,146.24,12522400
2017-11-10,153.33,153.8,153.06,153.68,146.06,20150800
2017-11-09,153.23,153.77,152.11,153.69,146.07,40594500
2017-11-08,153.8,154.54,153.62,154.5,146.84,17373500
2017-11-07,153.67,154.08,153.34,153.88,146.25,21333100
2017-11-06,153.15,153.85,153.1,153.79,146.17,28693900
2017-11-03,152.36,153.29,151.84,153.27,145.67,26199200
2017-11-02,151.93,151.99,150.77,151.81,144.29,31017400
2017-11-01,152.76,152.83,151.5,152.1,144.56,29481600
2017-10-31,152.07,152.37,151.63,152.15,144.61,26319300
2017-10-30,151.13,152.19,150.99,151.58,144.07,31733400
2017-10-27,149.43,151.52,149.2,151.24,143.74,60165100
2017-10-26,147.34,147.71,146.92,146.96,139.68,28230200
2017-10-25,147.7,148.18,146.33,147.43,140.12,36179100
2017-10-24,148.03,148.3,147.44,147.99,140.65,20289500
2017-10-23,149.02,149.03,147.53,147.74,140.42,29297100
2017-10-20,148.91,149.04,148.53,148.71,141.34,30173300
2017-10-19,147.99,148.33,147.27,148.31,140.96,27680300
2017-10-18,149.19,149.21,148.64,148.86,141.48,17218200
2017-10-17,148.8,149.06,148.57,149.04,141.65,13138200
2017-10-16,148.71,148.89,148.39,148.85,141.47,21809400
2017-10-13,148.37,148.51,147.78,148.34,140.99,18409900
2017-10-12,147.82,148.35,147.62,147.77,140.45,14513500
2017-10-11,147.53,148.07,147.34,148.04,140.7,12439100
2017-10-10,147.99,148.14,146.95,147.6,140.28,19223100
2017-10-09,147.85,148.01,147.3,147.49,140.18,13704800
2017-10-06,146.96,147.66,146.96,147.66,140.34,23561100
2017-10-05,146.56,147.54,146.41,147.46,140.15,31562400
2017-10-04,145.61,146.34,145.47,146.03,138.79,26381100
2017-10-03,145.77,146.06,145.45,145.89,138.66,19715200
2017-10-02,145.67,146.17,144.93,145.58,138.36,27351300
2017-09-29,144.7,145.56,144.32,145.45,138.24,43102400
2017-09-28,144.11,144.56,143.78,144.41,137.25,24149400
2017-09-27,143.93,145,143.57,144.46,137.3,33249400
2017-09-26,143.53,143.8,142.67,143.17,136.07,29628800
2017-09-25,143.75,143.83,142.1,142.8,135.72,54947700
2017-09-22,144,144.53,143.85,144.32,137.17,21702400
2017-09-21,145.25,145.26,143.95,144.46,137.3,28841800
2017-09-20,145.75,145.91,144.23,145.35,138.15,34236200
2017-09-19,145.81,146.01,145.31,145.8,138.57,20871200
2017-09-18,0.32 Dividend,,,,,
2017-09-18,145.91,146.37,145.11,145.55,138.34,24858200
2017-09-15,145.53,146.59,145.29,146.06,138.52,46422400
2017-09-14,145.85,146.29,145.47,145.56,138.04,35296400
2017-09-13,145.97,146.44,145.73,146.42,138.86,28450900
2017-09-12,146.28,146.41,145.53,146.22,138.67,30256700
2017-09-11,145.34,146.12,145.3,145.87,138.34,27126300
2017-09-08,145.28,145.35,144.06,144.21,136.76,27890100
2017-09-07,145.4,145.84,144.94,145.47,137.96,22721100
2017-09-06,145.06,145.46,144.08,145.13,137.64,30722700
2017-09-05,145.57,145.88,143.6,144.69,137.22,44794300
2017-09-01,146.39,146.59,145.61,146,138.46,22293600
2017-08-31,145.06,146.21,144.98,146.2,138.65,38480700
2017-08-30,143.09,144.89,143,144.65,137.18,33642700
2017-08-29,141.19,143.21,141.06,142.97,135.59,24498300
2017-08-28,142.4,142.74,141.95,142.41,135.06,15362100
2017-08-25,142.82,143.18,141.78,141.97,134.64,26380400
2017-08-24,143.01,143.17,141.47,142.27,134.92,38160800
2017-08-23,142.48,143.01,142.38,142.69,135.32,25702300
2017-08-22,141.81,143.35,141.76,143.2,135.8,36294200
2017-08-21,141.22,141.53,140.18,141.05,133.77,37111500
2017-08-18,141.41,142.2,140.65,141.23,133.94,60751900
2017-08-17,143.72,143.94,141.33,141.33,134.03,70191000
2017-08-16,144.39,144.96,143.8,144.28,136.83,31913000
2017-08-15,144.29,144.3,143.64,144.03,136.59,25509200
2017-08-14,143.23,144.15,143.19,143.93,136.5,34161000
2017-08-11,141.22,142.41,140.9,142.1,134.76,45862500
2017-08-10,143.3,143.4,140.89,141.03,133.75,63331700
2017-08-09,143.12,144.19,142.79,144.12,136.68,36169500
2017-08-08,144.28,145.47,143.9,144.31,136.86,30810400
2017-08-07,143.91,144.56,143.71,144.56,137.09,17933900
2017-08-04,143.71,143.97,143.06,143.65,136.23,29472900
2017-08-03,144.09,144.17,143.13,143.39,135.99,27112800
2017-08-02,144.49,144.52,142.61,143.95,136.52,41769700
2017-08-01,143.72,143.76,143.12,143.56,136.15,20149400
2017-07-31,144.25,144.43,142.92,143.23,135.83,33848600
2017-07-28,143.1,144.08,142.87,143.84,136.41,38013200
2017-07-27,145.82,145.96,142.3,143.96,136.53,80665900
2017-07-26,144.76,144.95,144.53,144.87,137.39,18610600
2017-07-25,144.29,144.74,144.01,144.4,136.94,28120900
2017-07-24,144.09,144.87,143.92,144.77,137.29,26712700
2017-07-21,143.64,144.11,143.35,144.11,136.67,39697100
2017-07-20,144.35,144.44,143.52,144.17,136.72,36139400
2017-07-19,143.56,144.19,143.5,143.98,136.54,33752300
2017-07-18,142.09,143.17,141.64,143.14,135.75,25748500
2017-07-17,142.27,142.69,141.92,142.19,134.85,25343200
2017-07-14,141.64,142.3,141.19,142.12,134.78,34544800
2017-07-13,140.87,141.35,140.6,141.01,133.73,31073600
2017-07-12,140.24,140.86,139.96,140.7,133.43,36045800
2017-07-11,138.46,139.22,137.94,139.05,131.87,31517700
2017-07-10,137.85,138.99,137.5,138.66,131.5,24853500
2017-07-07,136.75,138.13,136.74,137.76,130.65,36970400
2017-07-06,136.48,137.06,135.8,136.29,129.25,48430500
2017-07-05,136.62,137.9,136.16,137.53,130.43,42116600
2017-07-03,138.27,138.43,136.1,136.19,129.16,32797000
2017-06-30,137.98,138.67,137.19,137.64,130.53,68898300
2017-06-29,139.44,139.44,136.25,137.59,130.48,88769400
2017-06-28,138.54,140.14,137.74,140.02,132.79,57427200
2017-06-27,140.05,140.22,138.02,138.03,130.9,65957800
2017-06-26,142.05,142.29,140.27,140.58,133.32,34411100
2017-06-23,140.54,141.42,140.15,141.24,133.95,21654300
2017-06-22,140.96,141.22,140.34,140.7,133.43,24099100
2017-06-21,139.68,140.81,139.59,140.74,133.47,35743400
2017-06-20,140.32,140.5,139.31,139.36,132.16,40935100
2017-06-19,139.49,140.59,139.28,140.46,133.21,39626500
2017-06-16,0.38 Dividend,,,,,
2017-06-16,138.68,138.78,137.64,138.15,131.02,48087400
2017-06-15,138.34,139.28,137.49,139.13,131.59,55145200
2017-06-14,140.93,140.93,138.62,139.75,132.17,60093800
2017-06-13,140.01,140.56,139.28,140.36,132.75,51193000
2017-06-12,138.8,139.48,137.47,139.23,131.68,104454000
2017-06-09,143.74,143.9,138.11,139.98,132.39,109783700
2017-06-08,143.74,143.8,142.79,143.57,135.79,25417400
2017-06-07,143.26,143.54,142.6,143.42,135.64,18842400
2017-06-06,143.26,143.73,142.65,142.86,135.11,22393000
2017-06-05,143.45,143.68,143.23,143.43,135.65,15727500
2017-06-02,142.34,143.49,142.11,143.46,135.68,37222900
2017-06-01,141.58,141.9,140.98,141.84,134.15,20120700
2017-05-31,141.84,141.84,140.57,141.29,133.63,33229400
2017-05-30,141.15,141.51,141.06,141.34,133.68,20306400
2017-05-26,141,141.28,140.81,141.22,133.56,13851600
2017-05-25,140.31,141.33,140.01,140.97,133.33,23928600
2017-05-24,139.56,139.85,139.17,139.78,132.2,15891900
2017-05-23,139.41,139.42,138.78,139.14,131.6,19687500
2017-05-22,138.15,139.07,138.1,139,131.46,19509700
2017-05-19,137.75,138.42,137.66,137.84,130.37,36730100
2017-05-18,136.02,137.72,135.87,137.26,129.82,41319900
2017-05-17,138.51,138.77,136.05,136.07,128.69,55642200
2017-05-16,139.4,139.64,138.99,139.62,132.05,21786000
2017-05-15,138.66,139.12,138.53,139.04,131.5,20481300
2017-05-12,138.35,138.63,138.23,138.6,131.09,19738600
2017-05-11,138.02,138.33,137.38,138.29,130.79,27232100
2017-05-10,138.4,138.45,137.91,138.4,130.9,20499400
2017-05-09,138.05,138.63,137.93,138.32,130.82,28426100
2017-05-08,137.61,137.84,137.33,137.84,130.37,13279900
2017-05-05,137.39,137.54,136.88,137.54,130.08,19330700
2017-05-04,136.97,137.43,136.56,137.04,129.61,14630100
2017-05-03,137.12,137.17,136.62,136.99,129.56,23827600
2017-05-02,137.37,137.49,137.02,137.43,129.98,18345100
2017-05-01,136.44,137.38,136.38,137.2,129.76,24815500
2017-04-28,136.29,136.34,135.77,135.99,128.62,22771900
2017-04-27,135.27,135.75,135.19,135.75,128.39,16136500
2017-04-26,135.18,135.51,134.86,134.94,127.62,25398500
2017-04-25,134.6,135.37,134.48,135.13,127.8,19384400
2017-04-24,134.03,134.29,133.8,134.16,126.89,22469900
2017-04-21,132.71,132.76,132.22,132.56,125.37,22454900
2017-04-20,132.02,132.88,131.82,132.59,125.4,21977900
2017-04-19,131.85,132.29,131.31,131.49,124.36,17764800
2017-04-18,131.04,131.66,130.95,131.28,124.16,12841100
2017-04-17,130.77,131.5,130.72,131.48,124.35,13325500
2017-04-13,130.74,131.51,130.38,130.4,123.33,23683000
2017-04-12,131.43,131.54,130.78,130.92,123.82,15955200
2017-04-11,131.9,132.1,130.5,131.45,124.32,33778400
2017-04-10,132.1,132.57,131.66,132.02,124.86,15619300
2017-04-07,132,132.37,131.5,131.97,124.81,16743100
2017-04-06,132.1,132.39,131.7,132.04,124.88,18832200
2017-04-05,132.7,133.48,131.72,131.97,124.81,32011200
2017-04-04,131.92,132.53,131.87,132.51,125.33,13400000
2017-04-03,132.49,132.81,131.56,132.3,125.13,23700300
2017-03-31,132.28,132.74,132.13,132.38,125.2,19841400
2017-03-30,132.2,132.61,132.08,132.47,125.29,16092400
2017-03-29,131.73,132.3,131.59,132.25,125.08,13710000
2017-03-28,130.84,132.03,130.55,131.64,124.5,23721900
2017-03-27,129.7,131.07,129.4,130.84,123.75,18472400
2017-03-24,130.78,131.29,130.13,130.63,123.55,22967600
2017-03-23,130.52,130.88,130.14,130.36,123.29,20311700
2017-03-22,129.85,130.82,129.68,130.69,123.6,29177900
2017-03-21,132.31,132.43,129.73,129.81,122.77,35841900
2017-03-20,131.65,132.11,131.46,131.81,124.66,10105200
2017-03-17,0.27 Dividend,,,,,
2017-03-17,131.9,132.04,131.62,131.69,124.55,21234500
2017-03-16,132.35,132.35,131.71,132.01,124.59,18457300
2017-03-15,131.56,132.41,131.14,132.1,124.68,22709100
2017-03-14,131.31,131.36,130.76,131.29,123.91,14019700
2017-03-13,131.34,131.64,131.27,131.61,124.22,10731600
2017-03-10,131.44,131.6,130.82,131.39,124.01,21922600
2017-03-09,130.71,131.02,130.14,130.84,123.49,20855300
2017-03-08,130.59,131.15,130.46,130.74,123.39,15776000
2017-03-07,130.47,131.08,130.28,130.51,123.18,15500900
2017-03-06,130.59,130.95,130.21,130.73,123.39,12026200
2017-03-03,130.69,131.06,130.34,131.02,123.66,13722700
2017-03-02,131.41,131.43,130.62,130.78,123.43,19951400
2017-03-01,130.85,131.68,130.6,131.44,124.06,25813800
2017-02-28,130.39,130.45,129.66,130.02,122.72,16598600
2017-02-27,130.02,130.43,129.8,130.42,123.09,12008700
2017-02-24,129.42,130.26,129.38,130.26,122.94,18624500
2017-02-23,130.7,130.7,129.49,130.01,122.71,17489000
2017-02-22,130.33,130.59,130.11,130.5,123.17,12110900
2017-02-21,130.06,130.53,129.99,130.45,123.12,18479600
2017-02-17,129.06,129.82,129.04,129.81,122.52,15563700
2017-02-16,129.37,129.63,128.92,129.25,121.99,15098300
2017-02-15,128.44,129.35,128.37,129.29,122.03,17891400
2017-02-14,128.15,128.54,127.74,128.53,121.31,16333500
2017-02-13,127.77,128.26,127.72,128.1,120.9,19120200
2017-02-10,127.24,127.56,127.02,127.38,120.22,13915700
2017-02-09,126.63,127.24,126.56,126.96,119.83,17542700
2017-02-08,126.12,126.68,125.88,126.5,119.39,12569100
2017-02-07,126.09,126.55,125.97,126.29,119.19,17541100
2017-02-06,125.47,125.85,125.35,125.83,118.76,11630100
2017-02-03,125.45,125.81,125.33,125.68,118.62,16957200
2017-02-02,125.21,125.7,124.86,125.32,118.28,15101400
2017-02-01,125.45,125.68,124.86,125.43,118.38,22861900
2017-01-31,124.38,124.6,123.85,124.57,117.57,19091100
2017-01-30,125.38,125.38,124.13,124.82,117.81,25006700
2017-01-27,125.83,125.92,125.39,125.8,118.73,15053000
2017-01-26,125.6,125.82,125.34,125.56,118.51,16052200
2017-01-25,124.96,125.46,124.85,125.43,118.38,15036200
2017-01-24,123.59,124.37,123.38,124.18,117.2,17640900
2017-01-23,123.17,123.53,122.57,123.35,116.42,17434200
2017-01-20,123.52,123.83,122.92,123.25,116.33,22091000
2017-01-19,123.22,123.65,122.72,122.98,116.07,12710700
2017-01-18,122.97,123.16,122.66,123.04,116.13,12499700
2017-01-17,122.84,123.03,122.43,122.79,115.89,14538500
2017-01-13,122.8,123.37,122.8,123.16,116.24,16930800
2017-01-12,122.49,122.82,121.6,122.74,115.84,19622500
2017-01-11,122.65,122.93,122.02,122.93,116.02,20686000
2017-01-10,122.38,122.97,122.1,122.6,115.71,16176600
2017-01-09,122.03,122.55,121.95,122.33,115.46,18909200
2017-01-06,121,122.25,120.69,121.93,115.08,24074300
2017-01-05,120.1,120.95,120.1,120.87,114.08,20644300
2017-01-04,119.67,120.41,119.66,120.19,113.44,19749100
2017-01-03,119.27,119.99,118.89,119.54,112.82,22307600
2016-12-30,119.94,119.95,118.14,118.48,111.82,41749000
2016-12-29,119.85,120.13,119.33,119.71,112.98,13267500
2016-12-28,121.08,121.19,119.8,119.88,113.14,17975200
2016-12-27,120.46,121.52,120.41,120.82,114.03,16110600
2016-12-23,119.92,120.25,119.81,120.2,113.45,9007500
2016-12-22,120.47,120.5,119.65,120.12,113.37,16645000
2016-12-21,120.6,120.68,120.19,120.46,113.69,7079300
2016-12-20,120.47,120.77,120.33,120.55,113.78,11461800
2016-12-19,119.72,120.83,119.55,120.09,113.34,21138700
2016-12-16,0.36 Dividend,,,,,
2016-12-16,120.34,120.58,119.36,119.6,112.88,26283900
2016-12-15,120.37,121.11,120.08,120.4,113.3,22762300
2016-12-14,120.61,121,119.86,120.21,113.12,28746000
2016-12-13,119.32,121.11,119.32,120.46,113.36,54477900
2016-12-12,118.97,119.21,118.47,118.96,111.95,23259300
2016-12-09,119.01,119.54,119,119.5,112.45,21863100
2016-12-08,118.41,118.87,118.18,118.57,111.58,18578400
2016-12-07,116.64,118.51,116.29,118.36,111.38,26622400
2016-12-06,116.93,117.08,116.39,116.88,109.99,27293300
2016-12-05,116.3,117.06,115.77,116.6,109.72,21419700
2016-12-02,115.54,116.16,115.22,115.7,108.88,32876800
2016-12-01,117.46,117.47,115.29,115.47,108.66,39796600
2016-11-30,119.09,119.13,117.46,117.5,110.57,30405300
2016-11-29,118.64,119.51,118.3,118.94,111.93,18553000
2016-11-28,118.65,119.08,118.41,118.53,111.54,13479000
2016-11-25,118.56,118.85,118.42,118.8,111.8,7162800
2016-11-23,118.51,118.64,117.9,118.42,111.44,22926000
2016-11-22,119.01,119.19,118.61,118.9,111.89,18850600
2016-11-21,117.61,118.65,117.57,118.54,111.55,20268500
2016-11-18,117.9,118.1,117.21,117.32,110.4,16428700
2016-11-17,116.85,117.78,116.61,117.76,110.82,20598600
2016-11-16,115.67,116.99,115.67,116.91,110.02,16538100
2016-11-15,115.5,116.62,115.33,116.22,109.37,31796600
2016-11-14,115.83,115.94,114.03,114.63,107.87,35906000
2016-11-11,115.25,116.05,114.84,115.8,108.97,41115200
2016-11-10,118.22,118.38,114.2,115.75,108.92,72825400
2016-11-09,115.74,117.84,115.6,117.65,110.71,70234400
2016-11-08,116.23,117.64,115.96,117.11,110.2,20777900
2016-11-07,115.49,116.47,115.3,116.35,109.49,26591200
2016-11-04,113.77,114.54,113.45,113.65,106.95,26997500
2016-11-03,114.99,115.37,113.92,114.05,107.33,36205200
2016-11-02,116.03,116.3,114.89,115.18,108.39,26960100
2016-11-01,117.19,117.21,115.1,116.11,109.26,23498700
2016-10-31,117.53,117.53,116.93,116.99,110.09,18749400
2016-10-28,117.5,118.11,116.74,117.1,110.2,35369300
2016-10-27,118.89,118.99,117.67,117.84,110.89,19099800
2016-10-26,118.42,119.03,118.03,118.38,111.4,20463700
2016-10-25,119.64,119.66,119.01,119.19,112.16,20341800
2016-10-24,118.91,119.65,118.89,119.57,112.52,19143000
2016-10-21,117.8,118.22,117.41,118.15,111.18,15707800
2016-10-20,117.73,117.97,117.03,117.71,110.77,18132200
2016-10-19,117.77,118.02,117.64,117.85,110.9,13702900
2016-10-18,118.21,118.41,117.8,117.86,110.91,19276700
2016-10-17,117.04,117.3,116.67,116.82,109.93,14182700
2016-10-14,117.58,118.05,117.07,117.14,110.23,21313300
2016-10-13,116.62,117.32,115.94,117,110.1,22821000
2016-10-12,117.63,117.82,117.06,117.42,110.5,14267800
2016-10-11,119.12,119.14,117,117.52,110.59,27774400
2016-10-10,119.08,119.48,119.03,119.22,112.19,19687300
2016-10-07,118.84,119.01,117.89,118.47,111.48,19984200
2016-10-06,118.64,118.98,118.15,118.73,111.73,11987100
2016-10-05,118.72,119.17,118.67,118.79,111.79,14481300
2016-10-04,118.9,119.16,117.92,118.37,111.39,21239700
2016-10-03,118.57,118.7,118.09,118.55,111.56,19216400
2016-09-30,118.15,119.07,118.03,118.72,111.72,25543200
2016-09-29,118.5,118.72,117.33,117.84,110.89,27207500
2016-09-28,118.65,118.77,118.09,118.7,111.7,14794300
2016-09-27,117.26,118.56,117.15,118.5,111.51,20238400
2016-09-26,117.66,117.8,117.17,117.34,110.42,16403900
2016-09-23,119,119,118.16,118.33,111.35,22213400
2016-09-22,118.84,119.22,118.72,119.09,112.07,22614400
2016-09-21,117.5,118.32,116.81,118.15,111.18,31546800
2016-09-20,117.2,117.48,116.8,117,110.1,18078600
2016-09-19,117.59,117.95,116.55,116.78,109.89,16222900
2016-09-16,0.29 Dividend,,,,,
2016-09-16,117.22,117.41,116.71,117.29,110.37,27596500
2016-09-15,115.87,117.82,115.86,117.64,110.43,38521400
2016-09-14,115.41,116.47,115.38,115.84,108.74,28221800
2016-09-13,115.75,116.09,114.73,115.29,108.22,45863900
2016-09-12,113.64,116.49,113.63,116.33,109.2,39646000
2016-09-09,116.25,116.51,114.26,114.28,107.27,50813300
2016-09-08,117.57,117.6,116.92,117.23,110.04,20125300
2016-09-07,117.96,118.12,117.47,117.92,110.69,17546900
2016-09-06,117.32,117.85,117.06,117.85,110.62,18525200
2016-09-02,117.32,117.56,116.68,117.12,109.94,18088200
2016-09-01,116.48,116.88,115.91,116.74,109.58,20944700
2016-08-31,116.38,116.56,115.95,116.44,109.3,16169800
2016-08-30,116.75,117.09,116.16,116.56,109.41,19843300
2016-08-29,116.81,117.25,116.79,116.94,109.77,11184900
2016-08-26,116.65,117.54,116.08,116.78,109.62,23896000
2016-08-25,116.5,116.97,116.36,116.61,109.46,24266300
2016-08-24,117.48,117.64,116.41,116.8,109.64,17728700
2016-08-23,117.81,118.01,117.51,117.56,110.35,11997900
2016-08-22,117.09,117.55,116.87,117.35,110.15,14500600
2016-08-19,117.08,117.52,116.76,117.26,110.07,18743000
2016-08-18,117.15,117.46,116.95,117.29,110.1,10036300
2016-08-17,117.08,117.3,116.43,117.26,110.07,15980300
2016-08-16,117.48,117.49,117.03,117.05,109.87,14161400
2016-08-15,117.35,117.97,117.31,117.7,110.48,11777800
2016-08-12,116.92,117.21,116.79,117.2,110.01,19379000
2016-08-11,117.02,117.37,116.78,117.12,109.94,12969800
2016-08-10,116.99,117.02,116.31,116.62,109.47,14688400
2016-08-09,116.74,117.29,116.67,116.92,109.75,13276500
2016-08-08,116.84,116.87,116.28,116.65,109.5,12358200
2016-08-05,116.26,117.04,116.13,116.78,109.62,23196600
2016-08-04,115.3,115.78,115.03,115.67,108.58,12835300
2016-08-03,114.87,115.35,114.8,115.34,108.27,15011300
2016-08-02,115.67,115.77,114.22,114.96,107.91,21278400
2016-08-01,115.31,116.13,115.17,115.84,108.74,13990100
2016-07-29,115.24,115.54,114.87,115.23,108.16,22385300
2016-07-28,114.76,115.11,114.4,114.98,107.93,16939700
2016-07-27,114.75,114.88,114.1,114.58,107.55,27646100
2016-07-26,113.62,114.2,113.22,113.79,106.81,21223800
2016-07-25,113.56,113.69,113.28,113.66,106.69,12968100
2016-07-22,113.26,113.78,112.91,113.65,106.68,20003400
2016-07-21,113.52,113.74,112.87,113.18,106.24,18885400
2016-07-20,112.74,113.65,112.6,113.44,106.48,24997900
2016-07-19,112.15,112.48,111.93,112.13,105.25,18936700
2016-07-18,111.87,112.74,111.85,112.54,105.64,20713900
2016-07-15,112.24,112.3,111.55,111.8,104.94,17999300
2016-07-14,111.96,112.19,111.7,111.98,105.11,20871000
2016-07-13,111.75,111.82,111.21,111.22,104.4,21107800
2016-07-12,111.61,111.79,111.34,111.49,104.65,21906100
2016-07-11,110.67,111.34,110.66,110.93,104.13,20218500
2016-07-08,109.2,110.36,109.02,110.3,103.54,29457900
2016-07-07,108.4,108.86,108.11,108.62,101.96,19161700
2016-07-06,106.91,108.35,106.57,108.3,101.66,24579300
2016-07-05,107.51,107.66,106.84,107.42,100.83,21167900
2016-07-01,107.49,108.48,107.45,108.08,101.45,19902800
2016-06-30,106.49,107.61,106.13,107.54,100.95,36300800
2016-06-29,105.28,106.53,105.23,106.31,99.79,31356700
2016-06-28,103.35,104.51,103.3,104.46,98.05,28260600
2016-06-27,103.6,103.6,101.75,102.22,95.95,48222600
2016-06-24,104.9,106.5,104.06,104.29,97.9,68012700
2016-06-23,108.07,108.79,107.62,108.77,102.1,18714200
2016-06-22,107.56,108.19,107.15,107.24,100.66,22724200
2016-06-21,107.3,107.72,107.1,107.5,100.91,22804100
2016-06-20,107.73,108.24,107.08,107.16,100.59,20562800
2016-06-17,0.29 Dividend,,,,,
2016-06-17,107.53,107.68,106.24,106.49,99.96,29208800
2016-06-16,107.19,108.14,106.5,108.04,101.15,32079900
2016-06-15,108.29,108.44,107.54,107.72,100.85,24605700
2016-06-14,107.74,108.42,107.24,108.03,101.14,24588500
2016-06-13,108.32,108.93,107.89,108.03,101.14,25154700
2016-06-10,109.19,109.4,108.56,108.94,101.99,32965000
2016-06-09,109.92,110.31,109.71,110.19,103.16,17571600
2016-06-08,110.37,110.6,109.96,110.37,103.33,14568700
2016-06-07,110.52,110.63,110.13,110.18,103.15,12184300
2016-06-06,110.26,110.75,110.07,110.46,103.41,12502400
2016-06-03,110.37,110.42,109.34,110.06,103.04,20269900
2016-06-02,110.13,110.59,109.53,110.58,103.52,15696600
2016-06-01,110,110.6,109.91,110.35,103.31,19571500
2016-05-31,110.28,110.51,109.78,110.34,103.3,24366100
2016-05-27,109.63,110.14,109.61,110.13,103.1,19870000
2016-05-26,109.35,109.7,109.09,109.56,102.57,21885900
2016-05-25,108.87,109.57,108.68,109.24,102.27,37951700
2016-05-24,106.92,108.59,106.89,108.46,101.54,29931300
2016-05-23,106.59,106.97,106.23,106.33,99.55,15729800
2016-05-20,105.73,106.9,105.67,106.47,99.68,29549600
2016-05-19,105.45,105.71,104.54,105.31,98.59,27334600
2016-05-18,105.24,106.43,105.04,105.86,99.11,27524400
2016-05-17,106.73,107.04,105.2,105.48,98.75,29932700
2016-05-16,105.66,107.21,105.56,106.82,100,18311900
2016-05-13,105.8,106.45,105.29,105.5,98.77,21059300
2016-05-12,106.61,106.74,105.14,105.89,99.13,29196300
2016-05-11,107.17,107.49,106.33,106.36,99.57,20966300
2016-05-10,106.26,107.38,106.07,107.33,100.48,21178900
2016-05-09,105.59,106.37,105.54,105.88,99.12,19289600
2016-05-06,104.5,105.6,104.4,105.58,98.84,30758500
2016-05-05,105.43,105.66,104.81,105.02,98.32,20788100
2016-05-04,105.09,105.48,104.79,105.05,98.35,27474500
2016-05-03,105.96,106.44,105.45,105.73,98.98,38569400
2016-05-02,105.99,106.87,105.55,106.72,99.91,24813800
2016-04-29,106.28,106.5,104.88,105.72,98.97,67502800
2016-04-28,107.7,108.33,106.07,106.28,99.5,29818200
2016-04-27,107.34,107.83,106.69,107.58,100.72,33059800
2016-04-26,109.21,109.39,108.12,108.45,101.53,19118300
2016-04-25,108.65,108.99,108.45,108.98,102.03,14351900
2016-04-22,109.21,109.72,108.12,108.98,102.03,39074000
2016-04-21,110.58,111.05,110.15,110.65,103.59,20216000
2016-04-20,110.55,111.15,110.17,110.64,103.58,18078300
2016-04-19,111.44,111.44,109.88,110.55,103.5,42481400
2016-04-18,110.32,111.27,110.25,111.23,104.13,17126100
2016-04-15,110.83,111.06,110.36,110.64,103.58,21353300
2016-04-14,110.93,111.33,110,110.92,103.84,17199700
2016-04-13,110.35,111.08,110.21,110.91,103.83,25356700
2016-04-12,108.68,109.72,108.02,109.51,102.52,28564100
2016-04-11,109.47,110.02,108.59,108.6,101.67,25772100
2016-04-08,109.76,110.02,108.62,109,102.04,22898000
2016-04-07,110.03,110.23,108.61,109.08,102.12,28567200
2016-04-06,108.99,110.71,108.99,110.67,103.61,25056000
2016-04-05,109.09,109.5,108.74,108.88,101.93,20107900
2016-04-04,110.36,110.44,109.68,109.94,102.92,17163000
2016-04-01,108.54,110.4,108.39,110.36,103.32,26389000
2016-03-31,109.28,109.69,109.03,109.2,102.23,21447200
2016-03-30,109.48,110.04,109.13,109.36,102.38,23807200
2016-03-29,106.91,108.9,106.73,108.83,101.89,29963900
2016-03-28,107.56,107.58,106.92,107.11,100.28,13892300
2016-03-24,106.71,107.29,106.53,107.26,100.42,19017300
2016-03-23,107.91,107.99,106.99,107.23,100.39,20912900
2016-03-22,107.18,108.37,107.16,108.12,101.22,18840300
2016-03-21,107.18,107.89,107.12,107.79,100.91,17288600
2016-03-18,0.32 Dividend,,,,,
2016-03-18,107.46,107.64,106.8,107.37,100.52,37682300
2016-03-17,107.27,107.77,106.87,107.52,100.36,29623700
2016-03-16,106.37,107.86,106.34,107.58,100.42,31693100
2016-03-15,106.29,106.75,105.95,106.63,99.53,26524600
2016-03-14,106.09,106.92,106.06,106.67,99.57,25374900
2016-03-11,105.79,106.49,105.46,106.49,99.4,31454000
2016-03-10,105.26,105.86,103.31,104.66,97.69,44236100
2016-03-09,104.54,104.84,103.96,104.82,97.84,31047400
2016-03-08,104.3,105.21,103.97,104.15,97.22,28898500
2016-03-07,105.13,105.74,104.27,105.02,98.03,25861200
2016-03-04,105.75,106.35,104.97,105.67,98.63,31655400
2016-03-03,105.72,105.75,104.87,105.63,98.6,25474600
2016-03-02,105.66,105.85,105.01,105.83,98.78,29209800
2016-03-01,103.48,105.79,103.16,105.79,98.75,37699800
2016-02-29,103.33,104.1,102.5,102.5,95.68,27553900
2016-02-26,104.35,104.37,103.18,103.43,96.54,30925000
2016-02-25,102.76,103.56,101.84,103.56,96.67,29389300
2016-02-24,100.39,102.68,99.77,102.55,95.72,40739100
2016-02-23,102.68,102.96,101.51,101.58,94.82,29869700
2016-02-22,102.58,103.38,102.48,103.28,96.4,23979100
2016-02-19,100.84,101.94,100.62,101.63,94.86,28257900
2016-02-18,102.82,102.84,101.2,101.33,94.58,38991500
2016-02-17,100.96,102.64,100.7,102.5,95.68,41766500
2016-02-16,99.47,100.23,98.85,100.23,93.56,40565900
2016-02-12,97.64,98.12,96.73,98.02,91.49,49186500
2016-02-11,95.46,97.32,95.19,96.55,90.12,76839200
2016-02-10,97.43,98.69,96.62,96.69,90.25,59421700
2016-02-09,95.33,97.78,95.18,96.32,89.91,73778400
2016-02-08,96.29,97.05,94.84,96.62,90.19,91673100
2016-02-05,101.29,101.33,97.72,98.12,91.59,70749900
2016-02-04,101.39,102.46,100.44,101.65,94.88,49321600
2016-02-03,102.83,102.83,99.88,101.66,94.89,61572900
2016-02-02,103.93,103.97,101.84,102.15,95.35,44928100
2016-02-01,103.63,104.8,103.23,104.41,97.46,32750300
2016-01-29,101.97,104.17,101.94,104.13,97.2,54245100
2016-01-28,102.25,102.29,100.26,102,95.21,47641500
2016-01-27,102.55,102.99,100.15,100.58,93.88,54524700
2016-01-26,102.66,103.59,101.76,103.15,96.28,36143900
2016-01-25,103.4,103.99,102.14,102.23,95.42,38881500
2016-01-22,102.88,103.81,102.53,103.77,96.86,42229800
2016-01-21,101.18,102.35,99.82,100.85,94.14,61660100
2016-01-20,99.47,101.83,97.25,100.75,94.04,86675000
2016-01-19,102.21,102.37,99.88,101.06,94.33,56563800
2016-01-15,100.62,101.94,99.51,100.84,94.13,91443900
2016-01-14,102.3,104.98,100.67,104.07,97.14,78445700
2016-01-13,105.97,106.23,101.74,101.9,95.12,69870700
2016-01-12,105.33,106.08,104.08,105.54,98.51,46734200
2016-01-11,104.75,105.06,102.73,104.33,97.38,50024100
2016-01-08,105.63,106.29,103.9,104.01,97.09,69344000
2016-01-07,105.95,107.29,104.81,104.87,97.89,61386300
2016-01-06,107.41,108.89,107.41,108.26,101.05,41891100
2016-01-05,110.04,110.18,108.8,109.31,102.03,38795200
2016-01-04,109.45,109.6,108.12,109.5,102.21,50807600
2015-12-31,112.87,113.08,111.84,111.86,104.41,29886800
2015-12-30,114.2,114.24,113.25,113.27,105.73,19520100
2015-12-29,113.2,114.55,113.13,114.3,106.69,27725700
2015-12-28,112.32,112.55,111.51,112.53,105.04,19183600
2015-12-24,112.61,112.9,112.54,112.59,105.09,11468600
2015-12-23,112.36,112.69,112.16,112.61,105.11,25656900
2015-12-22,111.64,111.94,111.05,111.78,104.34,26540300
2015-12-21,110.87,111.07,110.05,111.05,103.66,26432800
2015-12-18,0.34 Dividend,,,,,
2015-12-18,111.63,111.88,109.83,109.83,102.52,53746100
2015-12-17,114.48,114.48,112.3,112.32,104.52,45668800
2015-12-16,113.07,114.17,111.89,113.98,106.07,44944100
2015-12-15,112.66,113.28,112.17,112.31,104.51,48428000
2015-12-14,110.94,111.68,109.38,111.63,103.88,53098500
2015-12-11,112.09,112.39,110.72,110.79,103.1,56022200
2015-12-10,113.15,114.16,112.81,113.4,105.53,30154600
2015-12-09,114.13,114.76,112.2,112.89,105.05,48509200
2015-12-08,113.42,115,113.38,114.63,106.67,30792600
2015-12-07,115.22,115.29,114.07,114.62,106.66,25892100
2015-12-04,112.85,115.33,112.62,115.14,107.15,40037300
2015-12-03,114.76,114.96,111.84,112.51,104.7,42754300
2015-12-02,115.25,115.75,114.28,114.45,106.5,22395500
2015-12-01,114.48,115.16,114.34,115.16,107.17,28639400
2015-11-30,114.65,114.65,113.65,114.02,106.1,25041600
2015-11-27,114.4,114.54,113.92,114.31,106.37,8828000
2015-11-25,114.22,114.36,113.91,114.15,106.23,14159900
2015-11-24,113.41,114.32,112.84,114.05,106.13,26374400
2015-11-23,114.52,114.94,113.66,114.15,106.23,20696200
2015-11-20,114.25,114.57,114.14,114.48,106.53,22727600
2015-11-19,113.69,114.23,113.49,113.71,105.82,26188100
2015-11-18,111.94,113.74,111.83,113.63,105.74,32966500
2015-11-17,111.61,112.29,111.21,111.49,103.75,30579500
2015-11-16,109.73,111.44,109.48,111.42,103.69,33980600
2015-11-13,111.57,111.69,109.78,109.84,102.21,52836000
2015-11-12,112.68,113.23,111.96,112.04,104.26,31196900
2015-11-11,113.59,114.14,112.95,113.14,105.29,22748800
2015-11-10,112.97,113.39,112.63,113.28,105.42,35452100
2015-11-09,114.36,114.51,112.87,113.57,105.69,33479800
2015-11-06,114.49,114.92,113.76,114.79,106.82,29924900
2015-11-05,115.12,115.4,114.11,114.71,106.75,25004100
2015-11-04,115.39,115.47,114.54,115.02,107.04,28633000
2015-11-03,114.38,115.42,114.21,115.01,107.03,20418400
2015-11-02,113.63,114.75,113.39,114.61,106.65,22176900
2015-10-30,113.89,114.08,113.3,113.33,105.46,27199200
2015-10-29,113.5,114.03,113.38,113.84,105.94,24913300
2015-10-28,113.25,114.02,112.34,114.02,106.1,42221900
2015-10-27,112.55,113.24,112.52,113.08,105.23,31390500
2015-10-26,112.7,113.07,112.27,112.85,105.02,25918000
2015-10-23,112.66,113.24,112.07,112.78,104.95,53170900
2015-10-22,108.48,109.8,108.17,109.71,102.09,42778700
2015-10-21,108.73,108.84,107.48,107.52,100.06,30195200
2015-10-20,108.55,108.78,107.81,108.18,100.67,23404700
2015-10-19,107.98,108.81,107.74,108.74,101.19,23776300
2015-10-16,107.9,108.18,107.38,108.12,100.61,27091100
2015-10-15,106.32,107.68,106.18,107.67,100.2,38393800
2015-10-14,106.1,106.63,105.49,105.93,98.58,30902600
2015-10-13,106.18,107.26,106,106.1,98.73,26999600
2015-10-12,106.73,106.99,106.35,106.79,99.38,16162000
2015-10-09,106.1,106.73,105.81,106.53,99.13,23916200
2015-10-08,105.23,106.23,104.21,106.05,98.69,50188900
2015-10-07,105.66,105.86,104.29,105.63,98.3,37389300
2015-10-06,105.25,105.6,104.18,105,97.71,33051500
2015-10-05,104.78,105.78,104.55,105.5,98.18,32853500
2015-10-02,100.8,104.01,100.48,104.01,96.79,59370900
2015-10-01,101.94,102.23,100.59,102.22,95.12,39339100
2015-09-30,100.89,101.87,100.5,101.76,94.7,41411400
2015-09-29,100.24,101.26,98.75,99.47,92.56,49315500
2015-09-28,102.48,102.55,99.69,99.99,93.05,44077500
2015-09-25,104.91,105.01,102.28,102.92,95.78,44700000
2015-09-24,103.17,104.19,102.27,103.8,96.59,38284300
2015-09-23,104.38,104.66,103.64,104.18,96.95,21775100
2015-09-22,104.06,104.42,103.13,104.1,96.87,47359700
2015-09-21,105.93,106.55,104.73,105.68,98.34,35772600
2015-09-18,0.26 Dividend,,,,,
2015-09-18,105.23,106.6,105.17,105.35,98.04,48384000
2015-09-17,106.98,108.73,106.64,107.13,99.45,56139800
2015-09-16,106.51,107.19,106.14,107.09,99.41,31329100
2015-09-15,105.5,106.82,105.11,106.49,98.86,30020200
2015-09-14,105.96,105.98,104.85,105.25,97.71,19718800
2015-09-11,104.51,105.57,104.21,105.57,98,29106100
2015-09-10,103.74,105.68,103.62,104.99,97.46,47686700
2015-09-09,106.28,106.31,103.59,103.86,96.42,47146700
2015-09-08,104.12,105.17,103.69,105.04,97.51,37343500
2015-09-04,101.97,102.85,101.59,102.16,94.84,49379600
2015-09-03,104.31,105.02,103.1,103.39,95.98,45131800
2015-09-02,102.88,103.92,101.7,103.9,96.45,43963600
2015-09-01,101.71,103.29,100.63,101.05,93.81,73155500
2015-08-31,105.03,105.61,104.05,104.31,96.83,39549400
2015-08-28,105.08,106,104.85,105.62,98.05,49919600
2015-08-27,104.52,105.71,103.28,105.64,98.07,69377700
2015-08-26,100.96,103.23,98.93,103.03,95.64,104103800
2015-08-25,102.07,102.74,98.01,98.09,91.06,75088300
2015-08-24,94.23,102.53,84.74,98.46,91.4,150829900
2015-08-21,105.57,106.47,102.4,102.4,95.06,97763400
2015-08-20,109.11,109.46,107.07,107.08,99.4,57747300
2015-08-19,110.52,111.11,109.49,110.13,102.24,42511400
2015-08-18,111.28,111.37,110.71,110.86,102.91,13984400
2015-08-17,110.24,111.46,109.96,111.43,103.44,21224900
2015-08-14,110.08,110.67,109.86,110.51,102.59,17924900
2015-08-13,110.63,111.16,110.1,110.34,102.43,22510500
2015-08-12,109.38,110.74,108.22,110.52,102.6,41889000
2015-08-11,110.98,111.41,109.53,110.14,102.25,36123300
2015-08-10,111.01,111.81,111,111.57,103.57,21500800
2015-08-07,110.18,110.57,109.4,110.31,102.4,30006800
2015-08-06,112.35,112.5,109.95,110.45,102.53,42125400
2015-08-05,112.01,113,111.88,112.25,104.2,28989900
2015-08-04,111.55,111.75,110.93,111.39,103.41,22132300
2015-08-03,111.97,112.28,110.86,111.6,103.6,25001800
2015-07-31,112.43,112.49,111.72,111.95,103.93,22081700
2015-07-30,111.29,112.27,110.62,112.08,104.05,25438100
2015-07-29,111.37,111.79,110.94,111.55,103.55,26714100
2015-07-28,110.67,111.35,109.79,111.13,103.16,33553500
2015-07-27,110.47,110.95,109.94,110.18,102.28,35994800
2015-07-24,112.8,113,110.93,111.1,103.14,30844700
2015-07-23,112.73,113.1,111.91,112.2,104.16,25698300
2015-07-22,112.17,113.17,112.17,112.62,104.55,35575000
2015-07-21,114.02,114.2,113.58,113.91,105.75,35468900
2015-07-20,113.83,114.39,113.48,113.98,105.81,26539000
2015-07-17,112.84,113.59,112.65,113.59,105.45,35926800
2015-07-16,111.29,111.96,111.07,111.94,103.92,29838900
2015-07-15,110.47,110.81,110.07,110.38,102.47,28631500
2015-07-14,109.69,110.56,109.63,110.26,102.36,21977200
2015-07-13,108.58,109.63,108.57,109.54,101.69,25780700
2015-07-10,107.44,108.05,107.05,107.65,99.93,26415800
2015-07-09,107.5,107.6,106.02,106.03,98.43,28381000
2015-07-08,107.2,107.33,105.89,106.09,98.49,39691500
2015-07-07,107.82,108.07,105.83,107.97,100.23,44230800
2015-07-06,107.27,108.32,107.04,107.7,99.98,24311000
2015-07-02,108.23,108.32,107.62,107.95,100.21,20499400
2015-07-01,108.13,108.35,107.42,107.92,100.18,21293000
2015-06-30,107.49,107.72,106.74,107.07,99.4,34809900
2015-06-29,108.06,108.66,106.64,106.69,99.04,50874900
2015-06-26,109.98,110.23,108.86,109.27,101.44,32311700
2015-06-25,110.65,110.76,109.82,110,102.12,18326700
2015-06-24,110.66,111.13,110.19,110.22,102.32,15815900
2015-06-23,110.82,110.89,110.33,110.79,102.85,18127900
2015-06-22,110.7,111.03,110.45,110.7,102.77,19120900
2015-06-19,0.25 Dividend,,,,,
2015-06-19,110.49,110.58,109.81,109.89,102.01,27877600
2015-06-18,109.5,110.88,109.44,110.69,102.52,43032400
2015-06-17,108.98,109.45,108.43,109.1,101.05,23296700
2015-06-16,108.1,108.98,108.05,108.8,100.77,16456900
2015-06-15,107.94,108.38,107.31,108.21,100.22,31238800
2015-06-12,109.07,109.3,108.6,108.75,100.72,27201800
2015-06-11,109.86,110.15,109.46,109.65,101.56,17593500
2015-06-10,108.38,109.81,108.26,109.49,101.41,30297900
2015-06-09,107.93,108.4,107.2,108.01,100.04,27554600
2015-06-08,109.25,109.33,107.97,108.19,100.2,24549200
2015-06-05,109.43,109.69,108.63,109.3,101.23,22641700
2015-06-04,109.78,110.48,109.21,109.56,101.47,31374600
2015-06-03,110.57,110.81,110.13,110.4,102.25,20507200
2015-06-02,110.01,110.61,109.47,110.07,101.95,19449600
2015-06-01,110.64,110.72,109.52,110.42,102.27,24570200
2015-05-29,110.64,110.79,109.79,110.05,101.93,30383000
2015-05-28,110.75,111.01,110.37,110.71,102.54,17302400
2015-05-27,109.53,111.08,109.29,110.96,102.77,30572700
2015-05-26,110.23,110.38,108.76,109.2,101.14,25488400
2015-05-22,110.45,110.87,110.38,110.47,102.32,13543800
2015-05-21,109.82,110.73,109.66,110.58,102.42,16771800
2015-05-20,110.02,110.67,109.43,110.01,101.89,21131900
2015-05-19,110.18,110.35,109.76,109.94,101.83,14212900
2015-05-18,109.4,110.28,109.32,110.06,101.94,17631100
2015-05-15,109.86,110.01,109.31,109.58,101.49,23937400
2015-05-14,108.88,109.67,108.48,109.58,101.49,23904200
2015-05-13,108.25,108.81,107.84,108,100.03,20738400
2015-05-12,107.63,108.33,106.8,107.78,99.82,33665000
2015-05-11,108.76,108.98,108.19,108.27,100.28,19679300
2015-05-08,108.46,108.92,108.3,108.69,100.67,33023300
2015-05-07,106.68,107.65,106.6,107.35,99.43,29335800
2015-05-06,107.64,107.95,106,106.71,98.83,42687200
2015-05-05,108.8,109,107.4,107.45,99.52,47843300
2015-05-04,109.4,109.91,109.17,109.23,101.17,23507300
2015-05-01,108.05,109.12,108.03,109.05,101,32874300
2015-04-30,108.73,109.17,107.06,107.63,99.69,44080500
2015-04-29,109.43,110.07,108.75,109.35,101.28,34043900
2015-04-28,110.34,110.55,109.11,110.04,101.92,36849200
2015-04-27,110.95,111.16,110.02,110.26,102.12,31121300
2015-04-24,110.21,110.69,110.03,110.54,102.38,32508100
2015-04-23,108.28,109.55,108.26,109.06,101.01,29473200
2015-04-22,108.34,108.83,107.64,108.65,100.63,21429200
2015-04-21,108.22,108.41,107.93,108.06,100.08,22759800
2015-04-20,106.54,107.79,106.5,107.6,99.66,28945900
2015-04-17,106.66,106.95,105.55,106.01,98.19,46514000
2015-04-16,107.55,107.88,107.4,107.69,99.74,16195300
2015-04-15,107.45,108.07,107.32,107.84,99.88,21128600
2015-04-14,107.37,107.68,106.56,107.17,99.26,23755700
2015-04-13,107.83,108.38,107.36,107.48,99.55,17783500
2015-04-10,107.27,107.76,107.03,107.75,99.8,17164300
2015-04-09,106.59,107.35,106.23,107.31,99.39,23114700
2015-04-08,105.84,106.79,105.83,106.64,98.77,25866900
2015-04-07,105.92,106.7,105.8,105.8,97.99,19379400
2015-04-06,104.5,106.27,104.34,105.98,98.16,24451100
2015-04-02,105.15,105.46,104.78,105.12,97.36,19164200
2015-04-01,105.6,105.62,104.37,105.05,97.3,32970500
2015-03-31,106.43,106.65,105.57,105.6,97.81,30488100
2015-03-30,106.16,106.82,106.16,106.73,98.85,30570200
2015-03-27,105.08,105.77,104.92,105.52,97.73,33878400
2015-03-26,104.59,105.7,104.24,105.1,97.34,47846300
2015-03-25,108.1,108.2,105.42,105.46,97.68,41581400
2015-03-24,108.31,108.81,107.91,107.93,99.96,22445300
2015-03-23,108.47,108.77,108.28,108.32,100.32,17268500
2015-03-20,0.25 Dividend,,,,,
2015-03-20,108.72,109.07,108.51,108.53,100.52,31761400
2015-03-19,108.03,108.38,107.87,108.08,99.87,31314000
2015-03-18,106.58,108.41,106.03,107.92,99.73,40622200
2015-03-17,106.41,107.04,106.16,106.87,98.75,19603800
2015-03-16,105.73,106.74,105.62,106.7,98.6,25674100
2015-03-13,105.7,106.12,104.68,105.34,97.34,42021100
2015-03-12,105.03,105.92,104.96,105.8,97.77,21473200
2015-03-11,105.88,106.01,105.07,105.11,97.13,25459700
2015-03-10,106.95,106.98,105.72,105.72,97.69,34234500
2015-03-09,107.63,107.99,107.19,107.72,99.54,26237100
2015-03-06,108.5,108.71,107.14,107.41,99.25,30990400
2015-03-05,108.73,108.97,108.19,108.64,100.39,15381000
2015-03-04,108.51,108.67,107.86,108.45,100.21,21007400
2015-03-03,109.05,109.16,108.18,108.87,100.6,20788900
2015-03-02,108.61,109.42,108.59,109.38,101.07,22988600
2015-02-27,108.84,108.91,108.23,108.4,100.17,27757600
2015-02-26,108.44,108.94,108.14,108.88,100.61,22255500
2015-02-25,108.44,108.86,108.09,108.33,100.1,19472300
2015-02-24,108.38,108.73,108.05,108.6,100.35,19745000
2015-02-23,108.35,108.55,108.11,108.52,100.28,17868000
2015-02-20,107.62,108.47,107.28,108.41,100.18,28336700
2015-02-19,107.09,107.76,107.06,107.69,99.51,19828100
2015-02-18,106.88,107.22,106.74,107.16,99.02,15149600
2015-02-17,106.91,107.08,106.64,107.01,98.88,17675300
2015-02-13,106.3,106.93,106.1,106.91,98.79,29030200
2015-02-12,105.46,106.04,105.3,106,97.95,22520300
2015-02-11,104.52,105.02,104.32,104.78,96.82,20303600
2015-02-10,103.37,104.54,103.21,104.4,96.47,23686500
2015-02-09,102.73,103.29,102.55,102.8,94.99,22604700
2015-02-06,103.92,104.17,102.76,103.13,95.3,34169300
2015-02-05,103.13,103.83,102.87,103.76,95.88,23605500
2015-02-04,102.54,103.55,102.31,102.87,95.06,34073200
2015-02-03,102.35,103.03,101.68,102.96,95.14,30750400
2015-02-02,101.33,102.07,99.75,101.98,94.24,43624700
2015-01-30,101.8,102.58,100.96,101.1,93.42,42927600
2015-01-29,100.84,102.08,99.96,101.89,94.15,46539700
2015-01-28,103.07,103.18,100.9,100.92,93.26,43591700
2015-01-27,102.5,102.56,101.1,101.44,93.74,45253200
2015-01-26,104.14,104.33,103.61,104.14,96.23,19960900
2015-01-23,104.02,104.58,103.72,104.26,96.34,34783000
2015-01-22,102.54,104.14,101.64,104.03,96.13,40887200
2015-01-21,101.32,102.62,100.96,102.14,94.38,40128800
2015-01-20,101.43,101.88,100.29,101.62,93.9,30964100
2015-01-16,99.52,100.95,99.36,100.82,93.16,35362200
2015-01-15,101.43,101.59,99.53,99.65,92.08,51005400
2015-01-14,100.5,101.48,100.07,100.96,93.29,51354200
2015-01-13,102.54,103.62,100.7,101.52,93.81,56162300
2015-01-12,102.82,102.93,101.29,101.55,93.84,34129800
2015-01-09,103.62,103.65,102.02,102.62,94.83,41410100
2015-01-08,102.22,103.5,102.11,103.3,95.46,40212600
2015-01-07,100.73,101.6,100.49,101.36,93.66,37577400
2015-01-06,101.58,101.75,99.62,100.07,92.47,66205500
2015-01-05,102.49,102.61,101.14,101.43,93.73,36521300
2015-01-02,103.76,104.2,102.44,102.94,95.12,31314600
